pitch_angle, pitch_current
-14.65, -698.59
-14.66, -671.30
-14.66, -707.21
-14.65, -703.77
-14.65, -690.57
-14.66, -688.65
-14.65, -702.68
-14.65, -726.51
-14.65, -685.97
-14.65, -664.07
-14.65, -681.37
-14.65, -677.39
-14.65, -677.01
-14.65, -714.53
-14.65, -678.36
-14.65, -695.44
-14.65, -726.42
-14.65, -694.72
-14.65, -676.71
-14.65, -671.91
-14.65, -713.32
-14.65, -703.44
-14.65, -705.59
-14.65, -692.94
-14.65, -657.15
-14.65, -686.58
-14.65, -712.71
-14.65, -717.41
-14.65, -692.34
-14.65, -709.66
-14.65, -680.63
-14.64, -708.56
-14.65, -703.06
-14.65, -665.73
-14.65, -702.17
-14.65, -726.13
-14.65, -692.97
-14.65, -690.50
-14.65, -708.78
-14.64, -690.41
-14.65, -712.25
-14.65, -721.80
-14.65, -696.61
-14.65, -698.89
-14.65, -680.54
-14.65, -686.33
-14.65, -736.20
-14.65, -712.18
-14.65, -708.75
-14.65, -702.13
-14.64, -751.96
-14.65, -706.48
-14.65, -718.20
-14.64, -729.16
-14.64, -681.76
-14.64, -741.45
-14.64, -733.17
-14.64, -709.70
-14.65, -702.64
-14.65, -710.29
-14.64, -717.16
-14.64, -693.94
-14.65, -696.23
-14.64, -715.68
-14.64, -707.22
-14.64, -719.28
-14.64, -702.71
-14.64, -717.06
-14.64, -707.14
-14.64, -719.77
-14.64, -728.03
-14.64, -734.36
-14.64, -702.56
-14.63, -742.33
-14.63, -717.92
-14.63, -735.54
-14.63, -740.01
-14.63, -712.09
-14.63, -753.07
-14.63, -747.56
-14.63, -732.61
-14.63, -737.86
-14.63, -719.88
-14.64, -717.18
-14.63, -707.62
-14.63, -749.60
-14.63, -710.41
-14.63, -709.77
-14.63, -710.27
-14.63, -728.82
-14.63, -735.46
-14.63, -763.51
-14.63, -734.17
-14.63, -720.20
-14.63, -717.88
-14.63, -721.63
-14.64, -738.57
-14.64, -717.47
-14.63, -743.75
-14.63, -752.94
-14.63, -740.22
-14.63, -734.84
-14.63, -743.84
-14.63, -714.81
-14.64, -693.60
-14.63, -749.03
-14.63, -709.07
-14.63, -760.20
-14.63, -688.55
-14.63, -704.87
-14.64, -695.05
-14.63, -744.51
-14.64, -698.25
-14.63, -723.24
-14.64, -723.48
-14.64, -729.90
-14.63, -732.85
-14.63, -734.82
-14.63, -714.38
-14.63, -714.32
-14.63, -737.15
-14.63, -741.04
-14.64, -732.33
-14.64, -742.64
-14.64, -716.00
-14.63, -745.48
-14.64, -723.37
-14.64, -731.42
-14.64, -722.11
-14.64, -725.11
-14.64, -734.17
-14.64, -731.30
-14.64, -731.67
-14.64, -733.28
-14.64, -735.60
-14.64, -731.77
-14.64, -711.60
-14.64, -730.46
-14.64, -727.75
-14.64, -715.50
-14.64, -698.02
-14.64, -729.53
-14.64, -736.01
-14.64, -706.39
-14.64, -744.95
-14.64, -723.49
-14.64, -708.36
-14.64, -721.85
-14.64, -728.95
-14.64, -740.15
-14.64, -732.05
-14.64, -742.04
-14.64, -742.01
-14.64, -751.99
-14.64, -737.11
-14.64, -736.50
-14.64, -730.08
-14.64, -736.28
-14.64, -735.64
-14.64, -732.65
-14.64, -726.58
-14.64, -726.34
-14.64, -726.86
-14.64, -745.29
-14.64, -715.88
-14.64, -710.83
-14.64, -719.81
-14.64, -714.09
-14.65, -718.50
-14.64, -726.36
-14.64, -718.61
-14.64, -711.94
-14.64, -711.12
-14.64, -747.97
-14.64, -740.44
-14.64, -720.48
-14.64, -746.17
-14.64, -751.04
-14.64, -733.65
-14.65, -698.68
-14.64, -738.17
-14.64, -748.07
-14.64, -749.78
-14.64, -741.07
-14.64, -742.60
-14.64, -749.87
-14.64, -726.16
-14.64, -708.43
-14.65, -715.75
-14.64, -760.45
-14.65, -733.33
-14.65, -743.53
-14.64, -748.02
-14.64, -740.18
-14.65, -715.53
-14.64, -722.92
-14.64, -741.65
-14.64, -747.21
-14.64, -721.43
-14.64, -747.63
-14.64, -741.25
-14.64, -745.77
-14.64, -706.80
-14.64, -712.49
-14.64, -742.92
-14.65, -725.78
-14.64, -740.73
-14.65, -729.63
-14.65, -743.24
-14.64, -735.12
-14.65, -726.39
-14.65, -711.12
-14.65, -702.78
-14.65, -716.45
-14.65, -743.71
-14.65, -693.82
-14.65, -716.67
-14.65, -706.31
-14.65, -743.58
-14.65, -725.65
-14.65, -728.93
-14.65, -737.87
-14.65, -760.82
-14.65, -729.23
-14.65, -734.41
-14.65, -718.88
-14.65, -721.55
-14.65, -733.25
-14.65, -718.63
-14.65, -753.23
-14.65, -725.36
-14.65, -732.62
-14.65, -739.64
-14.65, -740.58
-14.65, -728.99
-14.65, -740.69
-14.65, -748.43
-14.65, -748.35
-14.65, -748.06
-14.65, -726.76
-14.65, -728.19
-14.65, -733.73
-14.65, -729.83
-14.65, -735.14
-14.65, -741.60
-14.65, -777.79
-14.65, -701.10
-14.65, -693.29
-14.65, -724.57
-14.65, -708.41
-14.65, -713.24
-14.65, -738.42
-14.65, -727.84
-14.65, -742.25
-14.65, -721.38
-14.65, -718.62
-14.65, -740.88
-14.65, -735.73
-14.65, -733.89
-14.65, -753.91
-14.65, -749.65
-14.65, -735.34
-14.65, -741.41
-14.65, -701.54
-14.65, -732.05
-14.65, -734.80
-14.65, -705.88
-14.65, -701.32
-14.65, -723.26
-14.65, -730.65
-14.65, -719.47
-14.65, -760.10
-14.65, -713.29
-14.65, -728.16
-14.65, -734.75
-14.65, -725.47
-14.65, -718.74
-14.65, -770.60
-14.65, -740.48
-14.65, -729.40
-14.65, -753.54
-14.65, -731.64
-14.65, -715.19
-14.65, -752.08
-14.65, -749.07
-14.65, -751.11
-14.65, -753.22
-14.65, -750.30
-14.65, -738.59
-14.65, -737.87
-14.64, -758.41
-14.64, -740.26
-14.65, -711.94
-14.65, -728.70
-14.65, -745.52
-14.65, -710.54
-14.65, -722.62
-14.65, -706.28
-14.65, -756.41
-14.65, -753.05
-14.65, -743.58
-14.65, -730.05
-14.66, -742.93
-14.65, -745.58
-14.66, -739.81
-14.66, -706.52
-14.66, -714.06
-14.66, -749.80
-14.66, -746.06
-14.66, -729.89
-14.66, -737.82
-14.66, -742.99
-14.66, -717.17
-14.66, -735.70
-14.65, -768.54
-14.66, -722.00
-14.66, -751.75
-14.65, -752.15
-14.65, -743.92
-14.66, -725.98
-14.66, -745.32
-14.66, -725.91
-14.66, -727.26
-14.66, -736.58
-14.66, -726.61
-14.66, -716.34
-14.66, -699.76
-14.67, -685.69
-14.67, -716.56
-14.67, -703.97
-14.67, -713.02
-14.67, -735.19
-14.66, -739.51
-14.67, -697.75
-14.66, -702.80
-14.66, -732.95
-14.66, -735.28
-14.66, -752.03
-14.66, -722.05
-14.66, -707.67
-14.66, -746.63
-14.66, -725.92
-14.66, -726.46
-14.66, -747.62
-14.66, -745.75
-14.67, -712.36
-14.67, -706.37
-14.67, -702.99
-14.67, -729.34
-14.67, -690.91
-14.67, -700.93
-14.67, -709.16
-14.68, -703.48
-14.67, -716.72
-14.67, -715.91
-14.67, -747.49
-14.68, -696.12
-14.68, -708.25
-14.68, -735.03
-14.67, -739.44
-14.68, -701.07
-14.68, -741.27
-14.68, -723.96
-14.67, -748.50
-14.68, -717.44
-14.67, -732.11
-14.67, -723.03
-14.68, -701.31
-14.68, -714.91
-14.68, -736.24
-14.68, -735.24
-14.68, -701.73
-14.68, -711.37
-14.68, -706.25
-14.68, -710.94
-14.68, -729.26
-14.68, -708.52
-14.68, -717.58
-14.68, -696.43
-14.68, -692.84
-14.68, -712.15
-14.69, -712.22
-14.68, -718.23
-14.68, -719.62
-14.68, -716.88
-14.69, -691.46
-14.68, -705.05
-14.68, -716.72
-14.68, -711.09
-14.68, -689.13
-14.68, -737.47
-14.69, -673.81
-14.68, -731.66
-14.68, -709.40
-14.68, -716.21
-14.68, -725.36
-14.68, -700.54
-14.68, -696.18
-14.68, -706.82
-14.68, -712.19
-14.68, -692.90
-14.68, -696.00
-14.68, -724.43
-14.68, -713.08
-14.68, -697.10
-14.68, -706.21
-14.68, -722.58
-14.68, -747.50
-14.68, -720.87
-14.69, -685.53
-14.69, -700.77
-14.68, -716.13
-14.68, -711.10
-14.68, -691.98
-14.69, -685.87
-14.68, -724.82
-14.69, -682.30
-14.69, -712.29
-14.68, -733.48
-14.69, -705.17
-14.69, -700.48
-14.68, -723.36
-14.69, -694.24
-14.69, -691.70
-14.69, -702.12
-14.69, -702.90
-14.69, -712.66
-14.69, -715.65
-14.69, -701.23
-14.69, -693.08
-14.69, -696.27
-14.69, -704.53
-14.69, -680.46
-14.69, -723.25
-14.69, -716.50
-14.69, -696.55
-14.69, -706.13
-14.69, -707.47
-14.69, -696.49
-14.69, -669.81
-14.69, -704.19
-14.70, -690.21
-14.70, -695.92
-14.70, -685.61
-14.70, -657.67
-14.69, -715.24
-14.70, -696.80
-14.69, -699.28
-14.69, -677.24
-14.70, -691.11
-14.69, -716.85
-14.69, -723.01
-14.70, -678.71
-14.70, -709.62
-14.69, -703.18
-14.69, -700.49
-14.70, -691.24
-14.69, -689.37
-14.70, -663.86
-14.70, -691.08
-14.69, -738.34
-14.70, -680.12
-14.70, -674.59
-14.70, -666.51
-14.70, -703.59
-14.70, -670.11
-14.70, -701.23
-14.70, -695.70
-14.70, -690.03
-14.71, -697.82
-14.70, -712.64
-14.70, -681.78
-14.71, -675.89
-14.71, -679.38
-14.71, -696.36
-14.71, -671.83
-14.71, -699.18
-14.71, -709.42
-14.71, -663.79
-14.71, -662.27
-14.71, -652.81
-14.71, -676.20
-14.71, -696.33
-14.71, -682.19
-14.71, -676.02
-14.71, -690.89
-14.71, -655.90
-14.72, -670.40
-14.72, -679.05
-14.72, -702.74
-14.72, -663.81
-14.72, -703.57
-14.71, -717.52
-14.71, -673.52
-14.71, -705.92
-14.71, -689.11
-14.71, -675.09
-14.71, -706.27
-14.71, -725.56
-14.71, -676.68
-14.71, -696.93
-14.71, -652.05
-14.72, -647.33
-14.72, -669.97
-14.72, -693.75
-14.72, -680.32
-14.72, -649.51
-14.72, -716.29
-14.71, -700.05
-14.72, -677.15
-14.72, -671.61
-14.71, -693.27
-14.71, -698.03
-14.71, -682.33
-14.71, -699.94
-14.71, -693.33
-14.71, -674.10
-14.71, -730.18
-14.71, -713.57
-14.71, -697.04
-14.71, -694.63
-14.72, -705.92
-14.71, -682.58
-14.72, -676.65
-14.71, -696.18
-14.72, -681.23
-14.72, -690.45
-14.72, -677.73
-14.72, -694.06
-14.72, -668.42
-14.71, -695.63
-14.71, -695.27
-14.72, -684.22
-14.71, -679.78
-14.71, -680.73
-14.71, -699.75
-14.71, -690.90
-14.71, -687.96
-14.72, -677.11
-14.72, -651.05
-14.72, -707.24
-14.72, -702.40
-14.72, -672.04
-14.72, -675.39
-14.72, -665.04
-14.72, -656.99
-14.72, -694.61
-14.72, -684.94
-14.72, -685.15
-14.71, -727.73
-14.71, -705.40
-14.71, -685.12
-14.72, -680.24
-14.72, -699.45
-14.71, -702.46
-14.71, -700.40
-14.71, -703.48
-14.71, -670.62
-14.72, -700.91
-14.72, -676.71
-14.71, -708.47
-14.71, -694.78
-14.71, -707.67
-14.71, -699.59
-14.72, -648.24
-14.72, -660.86
-14.72, -689.41
-14.71, -682.18
-14.72, -698.09
-14.72, -674.66
-14.72, -688.69
-14.71, 636.37
-14.59, 53.96
-14.36, -309.96
-14.12, -804.60
-13.96, -711.47
-13.92, -281.97
-13.97, -105.72
-13.99, -168.05
-13.96, -335.55
-13.93, -418.07
-13.92, -298.34
-13.95, -171.97
-13.96, -225.80
-13.93, -401.09
-13.91, -370.62
-13.92, -238.22
-13.95, -198.42
-13.95, -293.71
-13.92, -413.20
-13.91, -355.23
-13.92, -254.53
-13.94, -230.35
-13.94, -312.41
-13.92, -341.57
-13.92, -314.58
-13.92, -266.66
-13.93, -270.45
-13.93, -321.46
-13.92, -340.29
-13.93, -282.66
-13.94, -281.02
-13.94, -291.83
-13.92, -339.84
-13.92, -319.49
-13.93, -250.70
-13.94, -229.65
-13.94, -311.96
-13.92, -346.90
-13.92, -289.84
-13.92, -297.27
-13.93, -267.03
-13.93, -289.72
-13.93, -288.10
-13.93, -294.38
-13.93, -304.77
-13.93, -301.27
-13.92, -337.85
-13.93, -277.43
-13.93, -294.86
-13.93, -280.75
-13.93, -341.49
-13.93, -327.16
-13.93, -313.28
-13.93, -289.55
-13.93, -287.01
-13.93, -317.73
-13.93, -315.29
-13.93, -351.17
-13.93, -292.24
-13.93, -301.70
-13.93, -312.35
-13.93, -257.81
-13.94, -286.07
-13.93, -307.04
-13.93, -286.76
-13.93, -309.46
-13.93, -310.36
-13.93, -286.43
-13.93, -297.81
-13.93, -338.05
-13.93, -300.95
-13.93, -305.57
-13.93, -302.43
-13.93, -301.05
-13.93, -287.99
-13.93, -295.60
-13.93, -304.99
-13.93, -313.45
-13.92, -329.30
-13.92, -311.75
-13.92, -306.22
-13.92, -314.82
-13.92, -302.89
-13.92, -377.60
-13.92, -319.40
-13.92, -342.35
-13.92, -319.96
-13.92, -317.08
-13.92, -333.00
-13.92, -313.13
-13.92, -301.40
-13.92, -312.45
-13.92, -325.03
-13.92, -325.75
-13.92, -312.31
-13.93, -304.82
-13.92, -323.80
-13.92, -299.99
-13.92, -314.64
-13.93, -303.38
-13.93, -316.43
-13.92, -349.80
-13.92, -319.17
-13.92, -324.53
-13.92, -322.37
-13.92, -324.69
-13.92, -306.07
-13.92, -310.46
-13.92, -301.20
-13.92, -317.89
-13.92, -326.83
-13.92, -302.24
-13.92, -295.93
-13.92, -285.27
-13.92, -347.67
-13.91, -327.59
-13.92, -351.53
-13.92, -296.70
-13.92, -313.47
-13.92, -330.44
-13.92, -320.31
-13.92, -321.74
-13.92, -322.55
-13.92, -265.50
-13.92, -316.55
-13.91, -333.63
-13.92, -314.79
-13.92, -370.73
-13.91, -361.79
-13.92, -310.78
-13.92, -328.25
-13.92, -289.00
-13.92, -326.07
-13.91, -350.49
-13.92, -304.57
-13.92, -324.53
-13.92, -334.34
-13.92, -298.18
-13.91, -367.93
-13.92, -330.55
-13.92, -339.12
-13.91, -348.59
-13.91, -311.05
-13.91, -313.62
-13.91, -334.77
-13.91, -336.65
-13.91, -328.70
-13.91, -285.75
-13.92, -303.70
-13.91, -320.27
-13.91, -356.89
-13.91, -321.24
-13.91, -347.82
-13.91, -311.95
-13.91, -327.00
-13.91, -321.02
-13.92, -297.99
-13.91, -341.49
-13.91, -334.88
-13.92, -309.48
-13.92, -327.94
-13.92, -314.92
-13.91, -335.33
-13.91, -323.52
-13.92, -328.81
-13.92, -341.51
-13.91, -326.98
-13.92, -315.70
-13.92, -336.79
-13.91, -340.04
-13.91, -331.40
-13.91, -346.83
-13.91, -337.96
-13.92, -276.07
-13.92, -319.95
-13.91, -357.17
-13.91, -306.08
-13.91, -341.19
-13.91, -372.24
-13.91, -364.80
-13.91, -322.27
-13.91, -344.94
-13.91, -355.10
-13.91, -333.74
-13.91, -327.15
-13.91, -357.63
-13.91, -337.19
-13.91, -317.50
-13.91, -354.74
-13.91, -327.80
-13.91, -332.34
-13.91, -337.72
-13.91, -322.47
-13.91, -312.40
-13.91, -322.76
-13.91, -338.00
-13.92, -348.00
-13.91, -326.00
-13.91, -339.65
-13.91, -305.23
-13.92, -295.25
-13.92, -314.90
-13.91, -347.93
-13.91, -299.79
-13.91, -333.65
-13.91, -310.91
-13.92, -303.26
-13.91, -327.38
-13.91, -349.41
-13.91, -307.63
-13.91, -372.30
-13.91, -336.19
-13.91, -339.25
-13.91, -302.46
-13.91, -319.99
-13.91, -368.23
-13.91, -343.50
-13.91, -344.43
-13.91, -328.71
-13.91, -354.70
-13.91, -356.83
-13.91, -309.22
-13.91, -349.01
-13.91, -331.41
-13.91, -329.35
-13.91, -327.64
-13.91, -336.50
-13.90, -350.80
-13.90, -345.85
-13.90, -342.02
-13.90, -348.86
-13.90, -347.39
-13.91, -311.42
-13.91, -325.56
-13.91, -342.26
-13.91, -306.78
-13.90, -334.70
-13.91, -321.20
-13.91, -367.14
-13.90, -382.59
-13.91, -322.46
-13.91, -356.33
-13.91, -355.83
-13.90, -358.56
-13.91, -328.53
-13.90, -349.12
-13.91, -321.51
-13.91, -341.01
-13.91, -353.50
-13.91, -342.67
-13.90, 1011.33
-13.74, 245.97
-13.53, -289.45
-13.14, -965.62
-12.96, -658.24
-12.91, -309.22
-12.98, 80.90
-13.03, 12.23
-13.01, -157.16
-12.96, -293.92
-12.93, -249.17
-12.96, -93.28
-12.99, -31.65
-12.97, -241.25
-12.93, -304.36
-12.95, -122.97
-12.98, -52.58
-12.99, -147.69
-12.97, -213.04
-12.94, -274.30
-12.95, 294.87
-12.97, 293.24
-12.96, -217.50
-12.93, -303.82
-12.93, -204.39
-12.94, -161.95
-12.95, -134.05
-12.95, -206.99
-12.94, -255.00
-12.93, -209.96
-12.95, -123.96
-12.96, -133.18
-12.94, -243.64
-12.93, -232.11
-12.94, -153.71
-12.95, -134.64
-12.96, -178.81
-12.95, -216.45
-12.93, -255.53
-12.93, -155.30
-12.94, -142.63
-12.95, -179.71
-12.94, -201.21
-12.94, -220.06
-12.94, -165.40
-12.94, -185.68
-12.94, -205.16
-12.94, -185.07
-12.94, -183.06
-12.94, -176.20
-12.95, -185.77
-12.94, -230.18
-12.93, -236.00
-12.94, -172.25
-12.95, -153.95
-12.95, -163.65
-12.95, -195.23
-12.94, -182.82
-12.95, -167.70
-12.95, -187.53
-12.95, -160.90
-12.95, -166.21
-12.95, -197.85
-12.95, -159.67
-12.95, -209.12
-12.95, -204.19
-12.95, -178.52
-12.95, -184.71
-12.95, -173.65
-12.95, -198.28
-12.95, -211.16
-12.95, -210.33
-12.95, -168.99
-12.95, -165.12
-12.96, -181.69
-12.95, -201.51
-12.95, -173.74
-12.95, -173.18
-12.95, -161.31
-12.95, -172.50
-12.95, -184.96
-12.95, -174.50
-12.95, -220.55
-12.96, -159.62
-12.96, -161.63
-12.96, -164.17
-12.96, -180.68
-12.96, -139.48
-12.96, -184.63
-12.96, -184.64
-12.96, -197.92
-12.95, -197.91
-12.96, -172.52
-12.96, -167.06
-12.96, -129.90
-12.96, -207.46
-12.95, -205.77
-12.96, -160.83
-12.96, -164.17
-12.96, -165.61
-12.96, -165.97
-12.96, -162.18
-12.96, -160.38
-12.96, -142.72
-12.96, -178.13
-12.95, -196.83
-12.96, -208.40
-12.96, -169.32
-12.96, -166.11
-12.96, -187.18
-12.95, -189.86
-12.95, -177.10
-12.96, -189.08
-12.96, -166.40
-12.96, -160.01
-12.96, -168.78
-12.95, -188.50
-12.95, -188.16
-12.95, -212.40
-12.95, -181.45
-12.95, -164.08
-12.95, -190.75
-12.95, -196.66
-12.95, -176.29
-12.95, -173.23
-12.95, -182.36
-12.95, -194.55
-12.95, -166.61
-12.95, -157.24
-12.95, -191.08
-12.95, -174.01
-12.95, -198.64
-12.95, -194.08
-12.95, -174.14
-12.95, -197.75
-12.94, -207.00
-12.95, -193.98
-12.95, -217.63
-12.94, -212.99
-12.95, -188.39
-12.95, -172.70
-12.95, -181.77
-12.95, -189.89
-12.95, -168.83
-12.96, -154.91
-12.95, -207.43
-12.96, -157.29
-12.96, -179.51
-12.95, -184.53
-12.95, -175.16
-12.95, -204.43
-12.95, -192.13
-12.96, -140.76
-12.96, -148.95
-12.95, -187.32
-12.95, -167.88
-12.96, -164.19
-12.95, -207.87
-12.95, -214.18
-12.96, -159.26
-12.96, -175.70
-12.96, -155.67
-12.95, -218.74
-12.95, -171.45
-12.95, -175.87
-12.95, -183.82
-12.95, -172.98
-12.95, -172.59
-12.95, -219.42
-12.95, -161.92
-12.95, -161.60
-12.95, -218.19
-12.96, -175.88
-12.95, -198.85
-12.95, -204.95
-12.96, -148.21
-12.96, -172.19
-12.95, -191.44
-12.95, -175.22
-12.95, -170.15
-12.95, -151.63
-12.95, -186.06
-12.95, -176.85
-12.95, -169.70
-12.95, -223.84
-12.95, -157.16
-12.95, -214.55
-12.95, -180.64
-12.95, -198.91
-12.95, -205.07
-12.95, -164.83
-12.95, -204.27
-12.94, -193.84
-12.94, -182.68
-12.94, -214.43
-12.94, -189.40
-12.94, -165.30
-12.94, -226.31
-12.93, -214.31
-12.93, -218.39
-12.94, -214.64
-12.94, -200.37
-12.94, -167.83
-12.94, -183.63
-12.94, -180.62
-12.94, -180.08
-12.94, -183.86
-12.94, -177.83
-12.93, -231.13
-12.94, -195.38
-12.94, -178.85
-12.94, -227.04
-12.94, -183.80
-12.94, -214.36
-12.94, -256.25
-12.94, -219.24
-12.94, -210.65
-12.94, -208.64
-12.94, -205.59
-12.94, -195.28
-12.94, -212.21
-12.94, -201.18
-12.93, -219.23
-12.93, -195.89
-12.93, -205.00
-12.93, -212.27
-12.93, -197.67
-12.94, -223.71
-12.94, -181.24
-12.93, -206.02
-12.93, -212.78
-12.94, -194.79
-12.94, -186.60
-12.94, -175.89
-12.93, -209.17
-12.93, -235.38
-12.94, -204.29
-12.93, 1108.42
-12.70, 96.17
-12.44, -208.74
-12.03, -1046.48
-11.85, -747.98
-11.85, -88.86
-11.93, 100.78
-11.99, 67.20
-11.99, -100.54
-11.92, -366.04
-11.86, -299.60
-11.89, -44.11
-11.93, -60.21
-11.91, -620.56
-11.89, -218.66
-11.91, -34.83
-11.93, -32.56
-11.93, -140.65
-11.91, -159.71
-11.89, -217.65
-11.89, -154.05
-11.92, -70.80
-11.93, -84.80
-11.92, -209.40
-11.89, -249.48
-11.89, -178.00
-11.91, -93.25
-11.92, -118.69
-11.91, -183.29
-11.90, -135.40
-11.91, -143.83
-11.91, -121.42
-11.90, -188.08
-11.90, -181.35
-11.90, -125.24
-11.91, -130.81
-11.92, -168.22
-11.91, -171.39
-11.90, -210.96
-11.90, -132.92
-11.91, -148.37
-11.92, -123.05
-11.91, -165.47
-11.90, -195.80
-11.90, -149.89
-11.90, -137.46
-11.90, -168.60
-11.91, -149.36
-11.90, -154.17
-11.90, -158.73
-11.90, -150.98
-11.90, -199.01
-11.89, -161.15
-11.90, -137.31
-11.90, -128.68
-11.90, -192.58
-11.90, -205.31
-11.90, -190.59
-11.90, -169.09
-11.90, -171.93
-11.90, -134.85
-11.90, -176.67
-11.89, -200.97
-11.89, -155.44
-11.89, -177.93
-11.90, -179.57
-11.90, -157.59
-11.90, -152.61
-11.90, -132.20
-11.90, -173.46
-11.90, -165.42
-11.90, -179.92
-11.89, -188.45
-11.90, -169.85
-11.90, -114.83
-11.90, -187.91
-11.89, -200.41
-11.90, -153.62
-11.90, -152.75
-11.90, -138.05
-11.90, -129.04
-11.90, -200.09
-11.90, -186.15
-11.90, -160.06
-11.90, -174.96
-11.90, -170.84
-11.90, -147.56
-11.90, -167.31
-11.90, -163.92
-11.90, -175.17
-11.90, -194.91
-11.90, -178.60
-11.90, -152.97
-11.90, -143.68
-11.90, -174.87
-11.89, -207.09
-11.90, -167.48
-11.90, -166.96
-11.90, -138.15
-11.90, -177.64
-11.90, -179.02
-11.90, -149.42
-11.90, -157.19
-11.90, -183.10
-11.90, -142.85
-11.90, -112.17
-11.90, -165.99
-11.90, -169.65
-11.90, -169.39
-11.90, -172.47
-11.90, -126.37
-11.90, -165.85
-11.90, -147.22
-11.90, -191.91
-11.89, -176.53
-11.90, -153.53
-11.89, -194.86
-11.89, -170.22
-11.90, -132.30
-11.89, -195.72
-11.89, -170.45
-11.89, -174.35
-11.89, -177.06
-11.89, -163.36
-11.89, -151.89
-11.90, -166.92
-11.89, -184.62
-11.89, -164.15
-11.89, -189.71
-11.90, -166.06
-11.89, -168.89
-11.90, -179.06
-11.90, -146.46
-11.90, -153.81
-11.90, -170.59
-11.89, -151.55
-11.90, -158.09
-11.90, -158.03
-11.90, -169.33
-11.90, -165.44
-11.89, -189.48
-11.89, -188.24
-11.89, -207.00
-11.89, -184.31
-11.89, -157.92
-11.89, -173.41
-11.89, -167.51
-11.90, -126.37
-11.89, -202.97
-11.90, -149.07
-11.89, -191.96
-11.89, -169.67
-11.89, -211.57
-11.89, -163.94
-11.90, -162.63
-11.90, -151.35
-11.89, -174.95
-11.89, -169.54
-11.89, -173.97
-11.90, -123.61
-11.89, -160.39
-11.89, -159.71
-11.89, -186.40
-11.89, -170.88
-11.90, -164.44
-11.90, -162.96
-11.89, -172.33
-11.90, -156.29
-11.89, -180.21
-11.89, -180.02
-11.89, -196.66
-11.89, -182.03
-11.89, -193.28
-11.89, -172.66
-11.89, -166.73
-11.89, -178.32
-11.89, -179.45
-11.89, -166.82
-11.89, -184.34
-11.89, -175.17
-11.89, -154.03
-11.89, -158.35
-11.89, -141.63
-11.89, -183.63
-11.89, -185.27
-11.89, -187.34
-11.89, -170.74
-11.89, -196.71
-11.89, -166.88
-11.89, -156.46
-11.89, -185.89
-11.89, -180.00
-11.89, -164.93
-11.89, -194.93
-11.89, -184.16
-11.89, -153.44
-11.89, -201.27
-11.89, -178.43
-11.89, -155.32
-11.89, -176.40
-11.89, -190.04
-11.89, -172.38
-11.89, -206.19
-11.89, -192.84
-11.89, -141.47
-11.89, -175.19
-11.89, -183.77
-11.89, -182.25
-11.89, -142.99
-11.89, -182.23
-11.88, -197.28
-11.89, -153.30
-11.89, -181.01
-11.89, -167.65
-11.89, -187.53
-11.89, -189.12
-11.88, -221.33
-11.89, -158.73
-11.89, -164.02
-11.88, -207.96
-11.89, -167.26
-11.89, -175.51
-11.89, -173.85
-11.89, -183.11
-11.89, -176.92
-11.89, -194.47
-11.89, -192.93
-11.90, -133.89
-11.90, -177.60
-11.89, -200.15
-11.89, -168.20
-11.89, -186.00
-11.89, -200.64
-11.89, -157.21
-11.89, -165.12
-11.89, -187.45
-11.89, -147.96
-11.90, -148.16
-11.90, -163.39
-11.89, -166.50
-11.90, -184.77
-11.90, -166.24
-11.90, -138.98
-11.89, -204.43
-11.90, -167.79
-11.89, -185.80
-11.90, -166.51
-11.89, -172.18
-11.89, -194.31
-11.89, -181.63
-11.90, -144.35
-11.90, -177.51
-11.89, -194.81
-11.90, -150.96
-11.90, -124.79
-11.90, -172.75
-11.89, -203.69
-11.90, -151.96
-11.89, -192.05
-11.90, -179.21
-11.89, -188.70
-11.90, -187.96
-11.89, -204.40
-11.90, -160.06
-11.89, -177.48
-11.89, -189.40
-11.89, -172.16
-11.90, -160.93
-11.90, -174.35
-11.89, -207.03
-11.89, -188.03
-11.89, -178.06
-11.89, -163.78
-11.89, -213.47
-11.89, -176.78
-11.89, -169.71
-11.89, -199.92
-11.89, -190.01
-11.89, -190.54
-11.89, -196.68
-11.89, -210.02
-11.89, -190.27
-11.89, -190.55
-11.89, -195.97
-11.89, -156.74
-11.89, -213.39
-11.89, -175.37
-11.89, -174.71
-11.89, -186.87
-11.89, -200.49
-11.89, -169.53
-11.90, -170.39
-11.90, -148.13
-11.89, -180.37
-11.90, -137.53
-11.90, -161.12
-11.90, -168.45
-11.89, -215.54
-11.90, -160.74
-11.90, -201.21
-11.89, -202.89
-11.89, -165.33
-11.89, -189.64
-11.89, -198.85
-11.89, -198.71
-11.89, -178.44
-11.89, -202.45
-11.89, -177.17
-11.89, -183.94
-11.90, -175.06
-11.90, -153.89
-11.90, -183.01
-11.90, -151.81
-11.90, -178.66
-11.90, -189.56
-11.89, -224.16
-11.90, -169.51
-11.90, -166.62
-11.90, -183.47
-11.90, -175.35
-11.90, -164.41
-11.90, -124.11
-11.90, -177.18
-11.90, -146.30
-11.90, -202.82
-11.90, 1228.55
-11.81, 594.79
-11.60, 208.73
-11.22, -796.44
-10.92, -849.18
-10.83, -372.02
-10.89, 154.00
-10.95, 187.31
-10.98, 24.06
-10.94, -194.34
-10.87, -317.71
-10.84, -234.78
-10.86, -61.50
-10.89, -59.85
-10.87, -213.08
-10.85, -198.98
-10.87, -43.73
-10.88, -85.01
-10.87, -155.48
-10.86, -187.38
-10.85, -160.99
-10.86, -72.74
-10.88, -35.81
-10.89, -101.15
-10.87, -193.98
-10.85, -190.92
-10.86, -103.64
-10.87, -42.70
-10.87, -122.91
-10.87, -117.76
-10.86, -138.31
-10.86, -156.60
-10.86, -145.91
-10.86, -143.98
-10.86, -146.44
-10.86, -129.73
-10.87, -104.29
-10.87, -138.11
-10.86, -156.60
-10.86, -179.52
-10.86, -160.60
-10.86, -149.86
-10.87, -105.25
-10.87, -136.81
-10.86, -170.90
-10.86, -128.15
-10.87, -69.80
-10.87, -94.28
-10.87, -103.15
-10.87, -100.62
-10.87, -147.39
-10.86, -149.08
-10.87, -134.95
-10.87, -142.82
-10.87, -141.76
-10.88, -110.15
-10.88, -132.22
-10.87, -171.54
-10.87, -114.90
-10.87, -100.03
-10.87, -117.48
-10.87, -122.24
-10.88, -126.81
-10.87, -156.98
-10.87, -147.97
-10.87, -133.39
-10.88, -117.83
-10.88, -81.03
-10.88, -106.49
-10.88, -112.45
-10.88, -128.58
-10.88, -97.70
-10.88, -99.87
-10.88, -151.25
-10.88, -111.43
-10.88, -63.93
-10.88, -125.58
-10.88, -140.74
-10.88, -73.83
-10.88, -119.28
-10.88, -80.84
-10.88, -114.68
-10.89, -112.04
-10.88, -156.02
-10.88, -154.38
-10.88, -83.75
-10.88, -110.24
-10.88, -139.13
-10.88, -131.39
-10.87, -147.25
-10.88, -74.50
-10.88, -140.39
-10.88, -119.86
-10.88, -129.55
-10.88, -110.12
-10.88, -107.56
-10.88, -117.58
-10.88, -113.20
-10.88, -120.46
-10.88, -137.01
-10.88, -146.30
-10.88, -123.04
-10.88, -137.39
-10.88, -105.83
-10.88, -91.58
-10.88, -82.94
-10.88, -121.25
-10.88, -130.98
-10.88, -110.45
-10.88, -149.60
-10.88, -106.65
-10.88, -129.35
-10.88, -124.37
-10.88, -112.10
-10.88, -104.34
-10.88, -128.22
-10.88, -129.57
-10.88, -114.16
-10.88, -144.56
-10.88, -113.22
-10.88, -125.82
-10.87, -127.65
-10.88, -111.08
-10.88, -75.08
-10.88, -80.38
-10.88, -130.30
-10.88, -100.41
-10.88, -130.33
-10.89, -111.50
-10.88, -106.98
-10.88, -116.38
-10.88, -144.00
-10.88, -97.17
-10.88, -139.40
-10.88, -120.49
-10.88, -128.89
-10.87, -167.20
-10.88, -103.92
-10.88, -122.30
-10.88, -153.53
-10.88, -123.55
-10.88, -83.24
-10.88, -98.81
-10.87, -136.78
-10.87, -121.73
-10.87, -119.48
-10.88, -89.11
-10.87, -154.50
-10.87, -142.78
-10.87, -133.80
-10.88, -121.63
-10.88, -94.76
-10.88, -122.50
-10.88, -133.34
-10.88, -128.82
-10.88, -114.94
-10.88, -97.01
-10.88, -118.98
-10.88, -127.33
-10.88, -108.09
-10.88, -88.10
-10.88, -122.53
-10.88, -143.43
-10.87, -141.98
-10.88, -129.16
-10.88, -124.22
-10.88, -106.03
-10.88, -85.24
-10.88, -146.07
-10.87, -140.31
-10.88, -103.20
-10.88, -121.42
-10.88, -138.84
-10.88, -103.70
-10.88, -105.80
-10.88, -144.66
-10.88, -135.88
-10.88, -126.14
-10.89, -92.80
-10.88, -133.01
-10.88, -108.17
-10.88, -104.21
-10.88, -126.09
-10.89, -67.94
-10.89, -134.44
-10.88, -152.25
-10.88, -139.33
-10.89, -102.02
-10.89, -125.15
-10.89, -87.56
-10.89, -103.17
-10.89, -126.39
-10.89, -104.29
-10.89, -142.88
-10.89, -138.61
-10.89, -118.79
-10.89, -109.75
-10.89, -98.31
-10.88, -161.40
-10.89, -133.26
-10.89, -121.76
-10.89, -107.84
-10.88, -135.98
-10.89, -100.86
-10.89, -141.20
-10.89, -138.48
-10.89, -76.36
-10.89, -116.75
-10.89, -133.87
-10.89, -94.98
-10.89, -80.42
-10.89, -109.04
-10.89, -99.37
-10.88, -138.67
-10.89, -85.82
-10.88, -141.50
-10.89, -121.49
-10.89, -139.03
-10.88, -146.73
-10.88, -100.18
-10.88, -149.19
-10.88, -133.98
-10.88, -125.13
-10.88, -101.06
-10.89, -86.42
-10.89, -80.49
-10.88, -145.66
-10.88, -123.83
-10.88, -113.86
-10.88, -129.50
-10.89, -111.14
-10.88, -129.72
-10.88, -146.25
-10.88, -138.99
-10.89, -94.04
-10.89, -123.54
-10.88, -123.06
-10.88, -150.49
-10.88, -129.64
-10.88, -115.51
-10.88, -149.36
-10.88, -93.66
-10.88, -102.41
-10.89, -75.09
-10.89, -84.69
-10.88, -81.84
-10.88, -135.90
-10.87, -163.14
-10.88, -122.67
-10.88, -114.84
-10.88, -146.63
-10.88, -129.36
-10.88, -126.13
-10.88, -123.85
-10.87, -162.74
-10.87, -131.65
-10.87, -157.16
-10.88, -129.67
-10.88, -94.18
-10.88, -115.44
-10.88, -121.41
-10.88, -91.64
-10.88, -130.17
-10.88, -124.77
-10.88, -148.15
-10.88, -126.59
-10.89, -121.34
-10.88, -126.46
-10.89, -95.66
-10.89, -111.27
-10.88, -117.14
-10.89, -111.72
-10.89, 1273.31
-10.69, 337.70
-10.48, -199.97
-10.09, -770.99
-9.89, -485.76
-9.89, 49.95
-9.97, 313.66
-10.03, 191.28
-10.02, 58.51
-9.92, -335.48
-9.85, -287.10
-9.84, -111.51
-9.88, 70.47
-9.90, -12.89
-9.88, -158.20
-9.86, -102.08
-9.87, 20.62
-9.89, -7.33
-9.88, -83.66
-9.86, -137.70
-9.85, -150.54
-9.86, -60.02
-9.88, 27.59
-9.89, -49.26
-9.87, -130.56
-9.85, -155.25
-9.85, -78.03
-9.87, -13.94
-9.88, -61.87
-9.87, -71.76
-9.86, -106.21
-9.86, -83.53
-9.87, -37.42
-9.87, -31.52
-9.86, -96.93
-9.86, -82.38
-9.87, -80.98
-9.87, -48.80
-9.87, -100.80
-9.86, -102.90
-9.86, -52.92
-9.87, -57.00
-9.88, -26.17
-9.87, -97.06
-9.86, -104.20
-9.86, -115.86
-9.87, -42.59
-9.87, -59.48
-9.87, -58.73
-9.87, -85.80
-9.86, -102.31
-9.87, -47.70
-9.87, -60.99
-9.87, -56.72
-9.86, -77.50
-9.87, -104.41
-9.87, -51.51
-9.86, -104.38
-9.86, -94.03
-9.86, -67.05
-9.87, -40.59
-9.87, -67.94
-9.86, -100.13
-9.86, -78.29
-9.86, -78.79
-9.86, -80.26
-9.86, -60.35
-9.86, -107.38
-9.86, -82.97
-9.87, -70.56
-9.87, -78.33
-9.86, -134.72
-9.86, -81.18
-9.86, -73.95
-9.86, -64.85
-9.86, -96.69
-9.86, -84.87
-9.86, -92.01
-9.86, -69.99
-9.86, -92.62
-9.87, -66.70
-9.86, -75.93
-9.86, -74.68
-9.86, -60.87
-9.86, -103.47
-9.86, -114.88
-9.86, -94.84
-9.86, -104.19
-9.86, -70.51
-9.86, -74.29
-9.86, -46.42
-9.86, -121.80
-9.86, -67.14
-9.86, -74.44
-9.86, -59.81
-9.86, -30.34
-9.86, -90.21
-9.86, -81.94
-9.86, -77.89
-9.86, -77.32
-9.86, -95.08
-9.86, -100.56
-9.86, -71.34
-9.86, -105.14
-9.86, -44.03
-9.86, -74.41
-9.86, -81.37
-9.86, -91.26
-9.86, -78.79
-9.86, -72.01
-9.86, -92.07
-9.86, -80.23
-9.86, -112.10
-9.86, -105.57
-9.86, -91.35
-9.85, -104.71
-9.86, -94.25
-9.85, -125.27
-9.85, -99.30
-9.86, -82.29
-9.86, -94.45
-9.86, -54.84
-9.86, -61.40
-9.86, -85.59
-9.85, -115.76
-9.86, -77.10
-9.86, -72.61
-9.86, -108.37
-9.86, -100.37
-9.86, -91.33
-9.86, -93.70
-9.86, -65.89
-9.87, -38.72
-9.87, -63.88
-9.86, -112.63
-9.86, -88.89
-9.86, -70.22
-9.86, -70.71
-9.86, -84.37
-9.87, -86.55
-9.86, -59.84
-9.86, -126.00
-9.87, -75.14
-9.86, -81.26
-9.86, -109.34
-9.86, -58.64
-9.86, -92.21
-9.87, -84.43
-9.86, -71.56
-9.87, -73.74
-9.86, -98.90
-9.86, -101.05
-9.87, -48.75
-9.86, -121.53
-9.86, -113.43
-9.86, -75.20
-9.86, -119.29
-9.86, -91.05
-9.87, -55.01
-9.87, -55.08
-9.87, -74.94
-9.87, -81.05
-9.87, -74.49
-9.87, -102.23
-9.87, -98.52
-9.87, -56.51
-9.88, -50.80
-9.87, -91.49
-9.87, -84.85
-9.87, -58.04
-9.87, -95.08
-9.87, -82.91
-9.87, -86.90
-9.87, -77.70
-9.87, -102.68
-9.86, -103.20
-9.86, -133.44
-9.87, -83.96
-9.87, -80.46
-9.87, -65.63
-9.87, -91.34
-9.86, -102.94
-9.87, -63.44
-9.87, -87.60
-9.87, -78.08
-9.87, -71.73
-9.87, -102.35
-9.87, -55.71
-9.87, -72.78
-9.87, -58.05
-9.87, -89.44
-9.87, -124.33
-9.87, -94.08
-9.87, -87.51
-9.87, -85.08
-9.87, -70.41
-9.87, -85.18
-9.87, -86.18
-9.87, -79.41
-9.87, -79.07
-9.87, -69.53
-9.88, -66.81
-9.87, -84.99
-9.87, -55.07
-9.87, -81.07
-9.87, -86.49
-9.87, -72.09
-9.87, -80.43
-9.87, -102.91
-9.87, -64.16
-9.87, -76.98
-9.87, -85.92
-9.87, -93.43
-9.87, -62.59
-9.87, -85.74
-9.87, -77.38
-9.87, -58.50
-9.88, -67.22
-9.87, -121.53
-9.88, -54.38
-9.87, -88.80
-9.88, -73.09
-9.88, -75.89
-9.88, -59.02
-9.87, -59.07
-9.87, -60.51
-9.88, -50.66
-9.87, -88.89
-9.87, -85.39
-9.87, -74.62
-9.87, -87.42
-9.87, -106.93
-9.88, -66.39
-9.87, -70.22
-9.87, -63.97
-9.88, -27.80
-9.88, -69.68
-9.87, -80.46
-9.88, -96.68
-9.88, -31.49
-9.88, -36.07
-9.88, -74.57
-9.88, -53.54
-9.88, -88.88
-9.87, -78.53
-9.88, -76.62
-9.88, -58.81
-9.88, -92.01
-9.87, -56.10
-9.87, -98.25
-9.87, -80.80
-9.87, -69.37
-9.87, -69.58
-9.87, -101.96
-9.87, -79.43
-9.87, -101.87
-9.88, -33.48
-9.88, -86.05
-9.87, -91.19
-9.88, -21.51
-9.88, -52.68
-9.88, -70.59
-9.87, -87.27
-9.87, -53.86
-9.88, -53.52
-9.88, -54.08
-9.87, -84.53
-9.87, -103.90
-9.87, -87.54
-9.87, -92.26
-9.87, -82.15
-9.87, -57.92
-9.87, -87.94
-9.87, -70.78
-9.87, -67.28
-9.87, -61.59
-9.87, -26.58
-9.87, -63.49
-9.87, -49.95
-9.87, -72.77
-9.87, -111.09
-9.87, -82.20
-9.87, -66.23
-9.87, -86.70
-9.87, -101.68
-9.87, -98.97
-9.87, -108.22
-9.87, -86.49
-9.87, -70.76
-9.87, -71.43
-9.87, -99.60
-9.87, -98.51
-9.87, -69.52
-9.87, -100.43
-9.87, -90.07
-9.86, -89.43
-9.87, -80.88
-9.86, -111.90
-9.86, -91.09
-9.86, -70.14
-9.86, -86.41
-9.86, -50.90
-9.86, -132.89
-9.86, -94.49
-9.86, -111.07
-9.86, -65.85
-9.86, -103.79
-9.86, -107.84
-9.86, -86.36
-9.86, -84.93
-9.86, -118.96
-9.85, -138.76
-9.85, -110.19
-9.86, -122.40
-9.86, -127.53
-9.86, -104.46
-9.86, -84.42
-9.86, -90.01
-9.85, 1272.31
-9.77, 630.39
-9.52, 142.61
-9.16, -842.35
-8.90, -768.07
-8.78, -429.17
-8.86, 255.86
-8.98, 571.49
-9.04, 298.38
-9.03, 187.27
-8.92, -261.05
-8.85, -233.73
-8.84, -34.30
-8.88, 142.76
-8.91, 136.81
-8.89, -45.26
-8.86, -68.37
-8.86, -59.68
-8.87, 31.28
-8.89, 30.65
-8.89, 31.08
-8.87, -62.71
-8.86, -73.00
-8.87, 18.86
-8.89, 68.92
-8.90, 21.09
-8.89, -14.83
-8.86, -128.20
-8.86, -28.51
-8.88, 58.60
-8.90, 62.02
-8.90, 19.41
-8.89, -60.11
-8.86, -106.13
-8.86, -33.49
-8.88, 81.53
-8.89, 34.36
-8.89, -25.80
-8.87, -63.27
-8.86, -89.31
-8.86, -30.11
-8.87, 19.37
-8.87, -4.18
-8.88, -19.22
-8.87, -21.00
-8.87, -21.79
-8.87, -1.22
-8.87, -27.81
-8.87, 2.44
-8.87, -13.51
-8.88, 9.57
-8.88, 4.39
-8.87, -36.08
-8.87, -50.24
-8.87, 6.28
-8.87, -11.35
-8.87, -21.79
-8.88, -10.82
-8.87, -63.13
-8.87, 6.81
-8.87, -44.39
-8.87, 15.02
-8.87, -46.84
-8.88, -8.24
-8.87, -25.53
-8.86, -40.97
-8.86, -46.94
-8.86, -67.62
-8.86, -49.20
-8.86, -18.48
-8.87, -18.79
-8.86, -27.84
-8.86, -52.74
-8.86, -38.63
-8.86, 5.98
-8.86, -40.29
-8.86, -38.51
-8.86, 9.25
-8.86, -66.06
-8.85, -93.82
-8.85, -72.68
-8.86, -68.33
-8.86, -82.20
-8.86, -31.60
-8.86, -59.95
-8.86, -57.79
-8.85, -72.96
-8.86, -33.67
-8.87, -29.93
-8.86, -23.61
-8.86, -44.88
-8.86, -31.55
-8.86, -52.63
-8.86, -44.39
-8.86, -1.47
-8.86, -38.11
-8.86, -64.38
-8.86, 0.37
-8.86, -9.50
-8.86, -63.37
-8.85, -61.94
-8.86, -23.61
-8.86, -30.06
-8.86, -43.63
-8.85, -61.68
-8.86, -34.61
-8.86, -10.10
-8.85, -70.76
-8.85, -15.31
-8.86, -54.18
-8.85, -62.72
-8.85, -34.76
-8.86, -37.72
-8.85, -64.26
-8.85, -21.00
-8.85, -17.17
-8.85, -59.11
-8.85, -68.81
-8.85, -60.03
-8.85, -27.32
-8.86, -31.74
-8.85, -62.85
-8.86, 0.87
-8.85, -2.32
-8.85, -16.92
-8.85, -54.71
-8.85, -46.47
-8.85, -63.58
-8.85, -43.81
-8.85, -67.79
-8.86, -68.28
-8.85, -66.82
-8.86, -33.51
-8.86, -25.49
-8.86, -30.24
-8.86, -53.77
-8.86, -49.93
-8.86, -45.23
-8.86, -42.63
-8.86, -57.34
-8.86, -34.58
-8.86, -37.42
-8.86, -45.43
-8.86, -26.85
-8.86, -46.32
-8.86, -59.27
-8.86, -25.19
-8.86, -60.49
-8.86, -79.59
-8.86, -32.46
-8.86, -47.29
-8.85, -64.75
-8.85, -1.94
-8.86, 29.25
-8.86, 19.41
-8.86, -39.43
-8.86, -38.06
-8.86, -23.78
-8.85, -74.64
-8.85, -48.33
-8.85, -52.94
-8.86, -29.59
-8.85, -41.85
-8.85, -27.82
-8.86, -19.63
-8.85, -40.33
-8.85, -44.92
-8.86, -47.32
-8.86, -27.40
-8.85, -65.19
-8.85, -56.70
-8.86, -35.71
-8.85, -59.17
-8.85, -62.10
-8.86, 6.11
-8.86, -37.54
-8.85, -54.35
-8.85, -41.80
-8.86, -9.70
-8.86, -30.66
-8.86, -33.59
-8.86, -25.56
-8.86, 3.70
-8.85, -71.29
-8.86, -39.98
-8.86, -57.04
-8.86, -65.59
-8.86, 6.65
-8.86, -13.14
-8.86, -36.93
-8.86, -33.96
-8.86, 6.72
-8.86, -21.85
-8.85, -115.50
-8.85, -73.96
-8.85, -11.97
-8.86, -58.54
-8.85, -46.68
-8.86, -57.09
-8.86, 6.34
-8.85, -38.66
-8.85, -59.64
-8.85, -41.00
-8.85, -30.48
-8.85, -37.73
-8.85, -91.00
-8.85, -110.89
-8.85, -74.18
-8.85, -80.63
-8.84, -90.51
-8.84, -72.92
-8.85, -78.47
-8.85, -83.30
-8.85, -64.46
-8.85, -38.88
-8.85, -50.21
-8.85, -52.47
-8.85, -44.71
-8.85, -83.99
-8.85, -76.45
-8.85, -86.17
-8.85, -73.41
-8.85, -46.38
-8.84, -64.43
-8.84, -58.05
-8.84, -77.03
-8.84, -59.50
-8.84, -87.51
-8.84, -51.14
-8.84, -78.71
-8.83, -85.65
-8.84, -48.91
-8.84, -61.37
-8.84, -69.68
-8.84, -82.47
-8.84, -101.67
-8.84, -76.30
-8.84, -47.37
-8.84, -56.88
-8.83, -112.00
-8.83, -85.64
-8.84, -71.73
-8.84, -27.57
-8.84, -35.35
-8.84, -67.14
-8.85, -45.08
-8.84, -70.26
-8.84, -61.94
-8.84, -58.19
-8.84, -92.50
-8.84, -43.08
-8.85, -30.43
-8.84, -96.83
-8.84, -86.83
-8.84, -67.83
-8.84, -76.16
-8.84, -61.29
-8.85, 1.66
-8.85, -57.38
-8.84, -108.69
-8.85, -54.13
-8.84, -91.86
-8.84, -61.80
-8.85, -64.76
-8.85, -35.63
-8.85, -35.24
-8.84, -54.25
-8.84, -107.80
-8.84, -101.78
-8.84, -86.06
-8.84, -47.04
-8.85, -53.62
-8.85, -52.12
-8.83, 1272.64
-8.60, 467.22
-8.26, -581.80
-7.95, -599.85
-7.82, -439.53
-7.84, 135.30
-7.94, 459.85
-7.98, 245.44
-7.95, -37.97
-7.88, -215.65
-7.82, -215.91
-7.83, 11.42
-7.87, 217.54
-7.90, 173.84
-7.89, 29.39
-7.86, -108.22
-7.86, -22.86
-7.86, 32.80
-7.87, 67.64
-7.87, 29.43
-7.86, -24.96
-7.85, 3.91
-7.87, 67.39
-7.88, 79.45
-7.88, 21.09
-7.86, -92.72
-7.84, -81.68
-7.85, 38.82
-7.87, 93.16
-7.88, 49.92
-7.88, 35.20
-7.86, -53.80
-7.85, -69.99
-7.86, 54.30
-7.87, 75.14
-7.88, 26.24
-7.88, 26.15
-7.87, 13.89
-7.86, 2.68
-7.86, 33.22
-7.87, 39.77
-7.88, 50.42
-7.87, 12.42
-7.87, 47.16
-7.87, 0.01
-7.87, 47.37
-7.86, -5.68
-7.86, -15.71
-7.87, 44.94
-7.88, 41.02
-7.87, 5.32
-7.86, -63.45
-7.86, -17.77
-7.86, -1.72
-7.87, 27.75
-7.87, 34.09
-7.87, 13.70
-7.87, -1.18
-7.86, -2.01
-7.86, 44.42
-7.87, 26.41
-7.87, -5.99
-7.87, 3.11
-7.87, 3.94
-7.87, 2.92
-7.87, 19.64
-7.87, 64.18
-7.87, -3.61
-7.88, 57.03
-7.87, 36.13
-7.87, 19.47
-7.87, 24.95
-7.87, 42.09
-7.87, -7.03
-7.87, -0.69
-7.87, 41.13
-7.87, -3.03
-7.87, 10.37
-7.87, 16.37
-7.87, 45.34
-7.87, 13.01
-7.87, 25.69
-7.88, 45.07
-7.87, -4.05
-7.86, 7.52
-7.87, 52.05
-7.87, 24.64
-7.87, 10.20
-7.87, -1.38
-7.87, 50.30
-7.86, 9.27
-7.87, 19.59
-7.87, 21.51
-7.87, 34.79
-7.87, 10.42
-7.87, 53.16
-7.87, 60.46
-7.87, 12.70
-7.86, 28.96
-7.86, -20.23
-7.87, -5.53
-7.87, 30.15
-7.87, 19.21
-7.86, -6.92
-7.86, 10.51
-7.87, 27.26
-7.87, 27.22
-7.87, 14.44
-7.87, 6.97
-7.86, 15.81
-7.87, 31.31
-7.86, 11.26
-7.87, 59.95
-7.87, -3.25
-7.87, 23.60
-7.87, 36.78
-7.87, 18.45
-7.87, 33.08
-7.87, 8.66
-7.87, 42.91
-7.87, 19.12
-7.87, 29.15
-7.87, 25.47
-7.87, 9.76
-7.87, 23.58
-7.88, 27.83
-7.87, -16.86
-7.88, 50.43
-7.87, 8.77
-7.88, 22.34
-7.87, -16.60
-7.88, 55.96
-7.87, 9.94
-7.88, 40.25
-7.87, 25.27
-7.88, 40.18
-7.87, 7.74
-7.87, 45.44
-7.87, 9.38
-7.87, 47.55
-7.87, 3.68
-7.87, 63.37
-7.87, -8.98
-7.87, 38.46
-7.87, 9.74
-7.87, 14.10
-7.87, -5.26
-7.87, 15.23
-7.87, 27.85
-7.87, 39.37
-7.87, 14.67
-7.88, 29.68
-7.88, 46.47
-7.88, 26.81
-7.88, 10.26
-7.88, 11.24
-7.88, 41.25
-7.88, -67.17
-7.88, 22.33
-7.87, -12.76
-7.87, -15.37
-7.87, -1.63
-7.87, -7.96
-7.87, 24.94
-7.86, -3.83
-7.87, 15.47
-7.87, 28.72
-7.87, -5.04
-7.87, 18.87
-7.87, 15.99
-7.87, 19.38
-7.87, 36.06
-7.87, 10.87
-7.87, 9.89
-7.87, 3.52
-7.87, 15.09
-7.87, 29.80
-7.87, 15.04
-7.88, 20.71
-7.88, 27.63
-7.87, -33.70
-7.88, 46.78
-7.87, 18.03
-7.87, 12.58
-7.87, 8.73
-7.87, 41.63
-7.87, 16.07
-7.87, 55.67
-7.87, 28.10
-7.87, 0.99
-7.87, 21.93
-7.87, 16.54
-7.88, 10.47
-7.88, 49.33
-7.87, 15.22
-7.88, 4.53
-7.87, 13.67
-7.88, 37.55
-7.88, 31.59
-7.88, 14.53
-7.87, 48.82
-7.88, 35.74
-7.88, 24.28
-7.88, 20.80
-7.87, 2.89
-7.88, 24.66
-7.88, 37.75
-7.88, 34.31
-7.87, 9.74
-7.88, -1.18
-7.88, 30.93
-7.88, 91.36
-7.88, 30.06
-7.88, 25.62
-7.87, 46.21
-7.88, 67.38
-7.88, 58.74
-7.87, 1.40
-7.87, -9.97
-7.87, 37.23
-7.87, 31.60
-7.87, 20.19
-7.87, 11.74
-7.87, 12.02
-7.87, -35.61
-7.87, 5.31
-7.87, 6.45
-7.87, -8.83
-7.87, 31.27
-7.87, 15.51
-7.87, 16.03
-7.88, 4.55
-7.88, 66.12
-7.87, -24.60
-7.88, 57.36
-7.87, -14.93
-7.87, 3.03
-7.87, 39.16
-7.87, -21.92
-7.88, 15.38
-7.87, 20.17
-7.87, -14.50
-7.88, 53.78
-7.87, 13.45
-7.87, 15.32
-7.87, 9.09
-7.87, 47.06
-7.87, 28.94
-7.87, -1.07
-7.87, -4.59
-7.87, 37.35
-7.87, -2.71
-7.87, -21.03
-7.87, 8.53
-7.87, 9.20
-7.87, 10.99
-7.87, 29.30
-7.87, 25.67
-7.87, 9.70
-7.87, -11.57
-7.88, 18.14
-7.87, -2.28
-7.88, 72.62
-7.88, 28.45
-7.87, 24.84
-7.88, 30.23
-7.88, 26.03
-7.88, 26.89
-7.88, 70.94
-7.88, 2.42
-7.88, 1441.20
-7.76, 647.77
-7.53, 349.59
-7.23, -448.14
-6.97, -441.92
-6.89, -106.78
-6.95, 416.71
-7.05, 628.29
-7.06, 391.18
-6.99, -42.07
-6.92, -97.69
-6.89, 13.61
-6.91, 214.42
-6.95, 257.30
-6.94, 162.18
-6.92, 35.74
-6.91, 116.90
-6.93, 214.64
-6.94, 193.00
-6.93, 91.37
-6.91, 77.26
-6.91, 146.09
-6.93, 221.72
-6.95, 199.57
-6.94, 103.09
-6.91, 25.28
-6.91, 65.62
-6.93, 203.06
-6.94, 208.55
-6.94, 151.33
-6.92, 38.32
-6.92, 100.83
-6.92, 177.84
-6.93, 136.97
-6.93, 152.40
-6.93, 122.29
-6.93, 151.69
-6.93, 163.72
-6.93, 129.56
-6.92, 84.25
-6.92, 154.96
-6.93, 126.00
-6.94, 193.50
-6.93, 130.43
-6.93, 113.03
-6.92, 77.78
-6.92, 136.49
-6.93, 207.47
-6.94, 184.52
-6.94, 150.85
-6.93, 139.83
-6.93, 128.63
-6.93, 145.68
-6.93, 138.41
-6.94, 174.13
-6.93, 144.05
-6.93, 160.32
-6.93, 103.13
-6.93, 115.72
-6.92, 112.72
-6.93, 175.88
-6.93, 141.66
-6.93, 125.36
-6.93, 154.53
-6.93, 131.79
-6.93, 120.30
-6.93, 134.82
-6.93, 181.44
-6.93, 126.69
-6.93, 128.12
-6.93, 100.55
-6.93, 124.51
-6.93, 167.30
-6.93, 132.00
-6.93, 126.80
-6.93, 162.09
-6.93, 125.19
-6.93, 143.55
-6.93, 134.31
-6.92, 123.89
-6.93, 151.21
-6.93, 124.69
-6.93, 152.38
-6.93, 140.62
-6.92, 153.33
-6.93, 141.79
-6.92, 160.89
-6.92, 133.11
-6.93, 164.17
-6.92, 127.13
-6.92, 126.51
-6.92, 148.42
-6.92, 75.64
-6.92, 109.21
-6.92, 157.77
-6.92, 129.76
-6.92, 124.56
-6.91, 127.87
-6.91, 149.23
-6.91, 110.76
-6.91, 129.93
-6.91, 118.63
-6.91, 138.48
-6.91, 125.02
-6.92, 134.71
-6.92, 118.03
-6.91, 112.93
-6.91, 138.66
-6.91, 131.20
-6.91, 125.25
-6.91, 101.50
-6.92, 109.12
-6.92, 132.29
-6.92, 116.23
-6.92, 129.83
-6.92, 141.70
-6.91, 147.02
-6.92, 134.34
-6.92, 166.27
-6.92, 131.01
-6.91, 134.47
-6.91, 127.04
-6.92, 136.05
-6.91, 114.28
-6.92, 168.70
-6.92, 121.41
-6.91, 115.75
-6.92, 153.94
-6.92, 136.41
-6.91, 48.79
-6.91, 162.08
-6.92, 132.02
-6.92, 109.70
-6.92, 141.67
-6.92, 99.85
-6.92, 90.06
-6.91, 101.41
-6.92, 140.89
-6.92, 168.80
-6.92, 162.78
-6.92, 135.46
-6.92, 120.26
-6.92, 154.83
-6.92, 142.90
-6.92, 120.32
-6.91, 75.85
-6.92, 143.77
-6.93, 142.91
-6.92, 124.42
-6.92, 75.12
-6.92, 126.40
-6.93, 140.70
-6.92, 115.61
-6.92, 139.01
-6.92, 128.57
-6.92, 132.11
-6.92, 161.50
-6.92, 147.60
-6.92, 128.37
-6.92, 115.35
-6.91, 87.84
-6.92, 125.47
-6.91, 80.06
-6.92, 132.23
-6.92, 115.47
-6.91, 115.98
-6.91, 126.10
-6.92, 119.11
-6.91, 101.40
-6.91, 115.66
-6.91, 134.11
-6.91, 126.53
-6.91, 127.31
-6.91, 112.65
-6.91, 112.45
-6.91, 116.15
-6.92, 128.21
-6.91, 97.21
-6.91, 125.08
-6.91, 104.99
-6.92, 124.29
-6.92, 125.71
-6.91, 98.32
-6.92, 135.01
-6.92, 164.03
-6.92, 118.53
-6.91, 72.79
-6.92, 155.80
-6.92, 105.09
-6.92, 101.77
-6.92, 118.50
-6.93, 174.74
-6.92, 120.79
-6.92, 127.37
-6.92, 152.77
-6.92, 109.45
-6.92, 143.90
-6.92, 124.92
-6.92, 130.86
-6.92, 154.75
-6.92, 122.95
-6.92, 118.47
-6.92, 134.67
-6.92, 130.58
-6.92, 122.75
-6.91, 112.42
-6.91, 95.24
-6.91, 113.75
-6.91, 123.66
-6.92, 113.34
-6.92, 138.86
-6.91, 106.75
-6.91, 129.05
-6.92, 164.27
-6.91, 120.53
-6.91, 107.05
-6.91, 127.99
-6.91, 117.92
-6.91, 84.52
-6.91, 73.72
-6.91, 138.43
-6.91, 115.01
-6.91, 116.31
-6.91, 113.59
-6.91, 125.30
-6.91, 61.23
-6.91, 142.21
-6.91, 100.86
-6.91, 99.44
-6.90, 105.58
-6.91, 146.84
-6.91, 102.25
-6.90, 87.10
-6.91, 147.39
-6.91, 103.08
-6.90, 87.94
-6.91, 166.58
-6.91, 92.23
-6.91, 105.53
-6.91, 107.10
-6.92, 138.35
-6.92, 98.13
-6.92, 130.41
-6.92, 94.10
-6.91, 83.35
-6.91, 116.94
-6.92, 136.10
-6.92, 123.37
-6.91, 108.40
-6.92, 113.40
-6.92, 133.64
-6.92, 87.63
-6.92, 123.40
-6.91, 109.90
-6.91, 101.12
-6.91, 132.69
-6.91, 138.80
-6.91, 117.90
-6.91, 76.75
-6.92, 152.36
-6.92, 133.98
-6.91, 108.51
-6.91, 137.39
-6.92, 140.03
-6.92, 133.56
-6.92, 116.81
-6.92, 143.22
-6.92, 123.46
-6.92, 115.47
-6.92, 178.95
-6.92, 106.40
-6.91, 115.33
-6.92, 112.58
-6.92, 109.83
-6.92, 100.62
-6.92, 145.50
-6.92, 114.18
-6.92, 143.63
-6.92, 152.39
-6.92, 121.52
-6.92, 124.95
-6.92, 107.24
-6.92, 133.58
-6.92, 163.82
-6.92, 134.05
-6.92, 140.19
-6.92, 126.13
-6.92, 103.61
-6.92, 120.50
-6.92, 135.66
-6.92, 104.22
-6.92, 154.15
-6.92, 108.68
-6.92, 78.58
-6.91, 114.22
-6.92, 124.51
-6.92, 103.54
-6.92, 123.16
-6.92, 149.26
-6.92, 121.57
-6.92, 102.55
-6.92, 120.32
-6.92, 146.36
-6.92, 113.97
-6.92, 110.15
-6.92, 132.06
-6.92, 114.24
-6.92, 119.29
-6.92, 132.08
-6.92, 144.75
-6.92, 96.70
-6.91, 88.58
-6.92, 122.62
-6.92, 103.55
-6.91, 92.64
-6.91, 112.67
-6.91, 104.95
-6.91, 115.54
-6.91, 91.36
-6.91, 100.78
-6.91, 115.68
-6.91, 115.62
-6.91, 99.17
-6.91, 88.06
-6.91, 115.42
-6.91, 141.47
-6.91, 125.98
-6.91, 107.51
-6.91, 131.03
-6.91, 140.81
-6.92, 130.12
-6.92, 174.60
-6.92, 129.24
-6.91, 85.76
-6.91, 126.11
-6.92, 144.24
-6.92, 132.53
-6.91, 38.57
-6.92, 109.24
-6.92, 97.86
-6.91, 103.84
-6.92, 131.83
-6.92, 108.97
-6.91, 76.16
-6.92, 113.07
-6.92, 163.84
-6.92, 130.09
-6.92, 132.95
-6.91, 97.71
-6.91, 65.00
-6.92, 144.91
-6.92, 108.38
-6.92, 112.58
-6.91, 85.50
-6.92, 120.04
-6.92, 122.88
-6.92, 101.83
-6.91, 109.37
-6.91, 112.08
-6.91, 127.02
-6.91, 128.66
-6.92, 118.61
-6.91, 95.46
-6.91, 108.07
-6.91, 112.25
-6.91, 104.15
-6.91, 81.63
-6.91, 152.53
-6.91, 94.22
-6.91, 69.95
-6.91, 103.48
-6.91, 103.26
-6.91, 76.62
-6.91, 131.35
-6.91, 100.58
-6.91, 1458.54
-6.69, 558.40
-6.38, -325.82
-6.10, -559.65
-5.92, -229.33
-5.90, 243.19
-6.01, 594.64
-6.06, 441.04
-6.06, 353.58
-5.99, 73.48
-5.95, 91.05
-5.97, 333.05
-6.00, 361.99
-6.00, 215.98
-5.97, 139.64
-5.97, 240.35
-5.99, 340.15
-6.01, 311.22
-5.99, 158.98
-5.97, 199.40
-5.96, 214.92
-5.99, 352.98
-6.01, 331.77
-6.00, 217.22
-5.97, 153.17
-5.97, 233.55
-5.97, 242.74
-5.99, 268.85
-6.00, 296.26
-5.99, 194.01
-5.99, 226.71
-5.99, 312.75
-5.98, 231.90
-5.98, 198.72
-5.97, 232.83
-5.98, 272.33
-5.99, 781.37
-5.97, 215.58
-5.96, 175.32
-5.96, 205.61
-5.96, 211.76
-5.99, 781.57
-5.98, 214.83
-5.96, 164.50
-5.95, 209.52
-5.97, 308.75
-5.97, 229.97
-5.97, 235.34
-5.96, 199.15
-5.96, 191.26
-5.97, 270.00
-5.97, 210.32
-5.96, 172.26
-5.95, 182.63
-5.97, 292.98
-5.97, 281.88
-5.96, 185.93
-5.95, 184.49
-5.95, 213.67
-5.96, 214.50
-5.96, 243.73
-5.96, 188.61
-5.95, 187.14
-5.95, 200.18
-5.96, 243.89
-5.96, 209.89
-5.95, 175.65
-5.95, 199.69
-5.96, 210.51
-5.95, 152.12
-5.96, 207.32
-5.96, 234.81
-5.95, 244.93
-5.95, 215.91
-5.96, 256.22
-5.96, 214.97
-5.96, 257.23
-5.96, 227.07
-5.95, 216.13
-5.96, 240.89
-5.96, 244.48
-5.96, 217.39
-5.95, 194.99
-5.96, 244.31
-5.95, 202.32
-5.95, 226.43
-5.96, 204.92
-5.96, 205.62
-5.95, 210.87
-5.95, 181.75
-5.95, 212.62
-5.95, 209.23
-5.96, 268.60
-5.96, 225.07
-5.95, 191.60
-5.95, 185.81
-5.95, 170.89
-5.94, 146.02
-5.95, 221.48
-5.95, 220.91
-5.95, 194.75
-5.95, 227.31
-5.95, 187.91
-5.95, 199.18
-5.95, 205.87
-5.95, 227.57
-5.95, 208.92
-5.95, 204.37
-5.95, 173.48
-5.95, 221.05
-5.94, 172.80
-5.95, 204.22
-5.95, 177.48
-5.95, 246.00
-5.95, 183.53
-5.95, 176.27
-5.94, 192.33
-5.94, 232.78
-5.95, 232.80
-5.95, 248.31
-5.94, 205.06
-5.95, 253.06
-5.94, 196.14
-5.94, 200.41
-5.94, 184.02
-5.95, 232.85
-5.95, 238.64
-5.94, 195.89
-5.94, 193.01
-5.94, 174.37
-5.94, 226.36
-5.94, 196.07
-5.94, 213.45
-5.94, 184.91
-5.94, 205.50
-5.94, 154.51
-5.94, 189.94
-5.94, 199.07
-5.94, 227.04
-5.94, 178.47
-5.94, 181.36
-5.94, 207.85
-5.94, 222.67
-5.94, 212.25
-5.94, 191.54
-5.94, 169.96
-5.94, 204.79
-5.94, 155.97
-5.94, 197.34
-5.94, 190.73
-5.94, 208.25
-5.94, 149.58
-5.94, 140.39
-5.94, 171.89
-5.94, 180.03
-5.94, 205.51
-5.94, 192.12
-5.94, 196.17
-5.94, 175.41
-5.95, 202.12
-5.94, 190.80
-5.94, 190.92
-5.94, 190.81
-5.94, 206.68
-5.95, 235.42
-5.95, 200.74
-5.94, 183.71
-5.94, 202.43
-5.95, 225.49
-5.95, 202.83
-5.94, 178.81
-5.95, 214.55
-5.94, 217.16
-5.94, 205.18
-5.94, 209.63
-5.94, 214.40
-5.94, 150.92
-5.94, 177.45
-5.94, 193.81
-5.94, 185.98
-5.94, 180.17
-5.94, 176.92
-5.94, 155.36
-5.94, 183.43
-5.94, 216.55
-5.94, 197.24
-5.94, 187.93
-5.94, 240.68
-5.94, 251.75
-5.94, 200.09
-5.94, 203.82
-5.94, 205.49
-5.94, 222.23
-5.94, 188.55
-5.94, 166.51
-5.94, 188.85
-5.95, 199.72
-5.94, 229.43
-5.94, 210.59
-5.94, 191.97
-5.94, 183.82
-5.94, 198.09
-5.94, 210.06
-5.94, 187.80
-5.94, 192.63
-5.94, 199.39
-5.94, 199.60
-5.94, 181.71
-5.94, 161.35
-5.94, 214.98
-5.94, 187.57
-5.94, 194.13
-5.95, 196.04
-5.94, 228.80
-5.94, 214.45
-5.95, 224.02
-5.95, 213.49
-5.94, 181.56
-5.95, 211.63
-5.95, 229.55
-5.95, 214.09
-5.95, 240.38
-5.95, 196.30
-5.95, 206.44
-5.95, 229.97
-5.95, 169.41
-5.95, 181.70
-5.94, 189.65
-5.95, 205.36
-5.94, 173.52
-5.94, 178.70
-5.95, 192.49
-5.95, 232.15
-5.95, 207.09
-5.95, 191.36
-5.95, 172.90
-5.95, 218.41
-5.95, 225.87
-5.95, 218.26
-5.95, 178.07
-5.94, 177.43
-5.95, 234.00
-5.95, 197.33
-5.95, 187.76
-5.95, 219.40
-5.95, 198.19
-5.95, 249.30
-5.95, 196.29
-5.95, 191.30
-5.95, 225.55
-5.95, 1625.45
-5.85, 948.41
-5.62, 409.38
-5.23, -415.64
-4.98, -510.13
-4.88, -240.36
-4.89, 327.82
-5.00, 670.21
-5.03, 491.52
-5.00, 205.31
-4.94, 75.26
-4.92, 180.38
-4.96, 358.31
-4.97, 321.88
-4.95, 181.16
-4.93, 147.15
-4.93, 238.99
-4.96, 337.45
-4.96, 250.50
-4.95, 225.55
-4.92, 154.65
-4.92, 226.94
-4.95, 343.31
-4.97, 321.64
-4.95, 151.33
-4.92, 117.61
-4.91, 216.46
-4.94, 280.78
-4.95, 254.69
-4.94, 202.61
-4.93, 234.65
-4.92, 188.21
-4.94, 246.39
-4.94, 247.25
-4.93, 172.54
-4.92, 251.73
-4.94, 270.43
-4.94, 228.71
-4.93, 195.43
-4.92, 153.76
-4.91, 194.26
-4.93, 265.87
-4.95, 286.69
-4.93, 228.18
-4.93, 167.30
-4.92, 206.24
-4.93, 255.88
-4.94, 237.35
-4.94, 226.82
-4.93, 213.35
-4.93, 239.86
-4.93, 217.83
-4.93, 194.78
-4.93, 179.96
-4.93, 197.19
-4.93, 226.84
-4.94, 241.72
-4.94, 264.89
-4.93, 212.27
-4.93, 193.97
-4.93, 214.00
-4.95, 286.06
-4.94, 227.43
-4.93, 186.89
-4.93, 218.60
-4.93, 227.11
-4.93, 193.57
-4.93, 183.93
-4.93, 200.65
-4.93, 209.27
-4.93, 226.80
-4.93, 226.02
-4.93, 193.19
-4.93, 216.68
-4.93, 233.11
-4.93, 232.36
-4.93, 201.50
-4.94, 260.61
-4.93, 232.36
-4.93, 215.22
-4.93, 227.21
-4.93, 214.71
-4.93, 184.54
-4.93, 208.69
-4.93, 201.27
-4.93, 225.05
-4.93, 249.97
-4.93, 231.67
-4.93, 220.68
-4.93, 219.20
-4.93, 213.86
-4.93, 201.53
-4.93, 245.40
-4.93, 227.53
-4.93, 226.54
-4.93, 225.61
-4.93, 210.06
-4.93, 205.12
-4.93, 218.26
-4.93, 225.27
-4.94, 227.51
-4.93, 219.36
-4.93, 209.51
-4.94, 233.48
-4.94, 221.20
-4.93, 205.58
-4.93, 210.23
-4.94, 256.34
-4.93, 225.44
-4.93, 226.51
-4.94, 214.32
-4.93, 208.36
-4.93, 215.43
-4.94, 295.47
-4.94, 248.37
-4.93, 205.72
-4.93, 230.29
-4.94, 278.44
-4.93, 234.65
-4.93, 258.34
-4.94, 251.66
-4.93, 193.82
-4.93, 249.62
-4.93, 228.22
-4.93, 183.86
-4.93, 219.02
-4.93, 218.10
-4.94, 233.48
-4.93, 212.10
-4.93, 260.90
-4.93, 211.00
-4.93, 173.94
-4.94, 250.12
-4.94, 220.51
-4.94, 200.14
-4.93, 197.37
-4.94, 270.10
-4.94, 207.06
-4.93, 224.33
-4.94, 236.87
-4.93, 211.37
-4.93, 197.94
-4.93, 221.57
-4.93, 170.24
-4.93, 191.74
-4.93, 221.08
-4.94, 266.79
-4.93, 243.82
-4.93, 204.73
-4.93, 211.52
-4.93, 189.57
-4.93, 233.24
-4.94, 232.85
-4.93, 209.69
-4.93, 218.05
-4.93, 203.08
-4.94, 203.97
-4.93, 186.83
-4.93, 210.66
-4.94, 281.60
-4.93, 197.02
-4.94, 259.79
-4.94, 211.33
-4.94, 200.18
-4.94, 219.23
-4.94, 250.47
-4.94, 226.09
-4.94, 226.73
-4.94, 232.48
-4.95, 275.96
-4.94, 210.91
-4.95, 272.53
-4.94, 259.25
-4.94, 264.66
-4.95, 228.96
-4.95, 203.25
-4.95, 244.52
-4.95, 246.17
-4.95, 224.19
-4.94, 218.36
-4.95, 244.43
-4.95, 258.80
-4.95, 210.81
-4.95, 245.90
-4.94, 227.72
-4.95, 274.85
-4.94, 204.01
-4.95, 250.17
-4.94, 199.93
-4.94, 242.10
-4.94, 234.34
-4.95, 241.87
-4.94, 233.54
-4.94, 216.17
-4.95, 248.41
-4.95, 216.14
-4.95, 261.86
-4.95, 256.31
-4.95, 240.46
-4.95, 253.77
-4.95, 233.88
-4.95, 249.43
-4.95, 225.07
-4.95, 244.83
-4.95, 241.60
-4.94, 214.21
-4.95, 237.98
-4.95, 244.20
-4.95, 279.91
-4.95, 269.08
-4.95, 241.59
-4.95, 276.11
-4.95, 239.12
-4.95, 246.06
-4.95, 265.43
-4.95, 221.21
-4.95, 209.16
-4.95, 272.90
-4.95, 245.03
-4.95, 218.76
-4.95, 217.67
-4.95, 259.26
-4.95, 263.64
-4.95, 254.14
-4.96, 253.91
-4.96, 253.35
-4.95, 232.86
-4.95, 231.36
-4.95, 244.22
-4.95, 221.23
-4.95, 265.28
-4.96, 295.48
-4.96, 229.78
-4.95, 202.77
-4.95, 252.45
-4.95, 233.01
-4.95, 224.32
-4.95, 219.63
-4.95, 223.53
-4.95, 210.73
-4.95, 249.64
-4.96, 284.74
-4.95, 229.77
-4.96, 251.31
-4.96, 265.24
-4.96, 231.15
-4.95, 258.11
-4.94, 199.46
-4.95, 246.45
-4.95, 1618.48
-4.76, 835.95
-4.53, 115.82
-4.19, -252.35
-3.99, -287.65
-3.92, 76.48
-4.01, 704.01
-4.09, 605.89
-4.09, 294.22
-4.00, 109.08
-3.95, 166.01
-3.96, 357.54
-4.00, 452.01
-4.01, 410.41
-3.98, 185.65
-3.95, 216.25
-3.96, 863.68
-3.99, 432.14
-3.99, 291.15
-3.96, 167.96
-3.94, 230.45
-3.96, 374.76
-3.99, 429.86
-4.00, 350.69
-3.98, 272.99
-3.96, 220.73
-3.96, 343.09
-3.98, 402.83
-4.00, 379.73
-3.99, 287.34
-3.97, 240.34
-3.97, 321.80
-3.98, 354.60
-3.99, 332.86
-3.98, 287.02
-3.97, 320.70
-3.98, 331.63
-3.99, 862.61
-3.99, 308.94
-3.97, 289.67
-3.97, 295.41
-3.98, 862.93
-3.99, 354.04
-3.98, 307.88
-3.97, 286.45
-3.98, 314.34
-3.98, 326.09
-3.99, 364.54
-3.99, 320.28
-3.98, 309.47
-3.98, 315.22
-3.98, 268.83
-3.98, 292.73
-3.98, 305.04
-3.99, 326.77
-3.98, 324.49
-3.99, 374.07
-3.99, 356.84
-3.98, 862.70
-3.98, 319.37
-3.97, 245.75
-3.98, 339.63
-3.98, 339.30
-3.99, 385.90
-3.98, 337.10
-3.97, 262.36
-3.97, 309.91
-3.98, 368.54
-3.99, 312.98
-3.98, 323.98
-3.97, 248.34
-3.98, 320.99
-3.98, 311.15
-3.98, 324.73
-3.97, 278.99
-3.97, 325.73
-3.97, 312.78
-3.98, 361.40
-3.98, 259.93
-3.96, 261.37
-3.97, 300.71
-3.98, 350.30
-3.99, 329.47
-3.98, 311.66
-3.97, 313.72
-3.97, 335.59
-3.98, 366.06
-3.99, 340.99
-3.99, 334.73
-3.97, 316.75
-3.97, 323.86
-3.98, 341.24
-3.98, 294.54
-3.97, 295.24
-3.98, 330.55
-3.98, 335.45
-3.98, 315.52
-3.98, 374.79
-3.98, 349.78
-3.97, 293.12
-3.99, 862.87
-3.98, 325.74
-3.98, 301.27
-3.98, 341.18
-3.98, 311.85
-3.98, 322.98
-3.98, 307.74
-3.97, 259.16
-3.97, 281.76
-3.97, 293.39
-3.98, 298.87
-3.98, 299.71
-3.97, 311.14
-3.98, 322.69
-3.98, 339.52
-3.98, 327.46
-3.98, 331.30
-3.98, 862.82
-3.97, 293.05
-3.97, 297.47
-3.98, 379.68
-3.98, 362.99
-3.97, 301.98
-3.97, 302.74
-3.97, 327.91
-3.97, 282.70
-3.97, 317.67
-3.97, 294.65
-3.97, 334.22
-3.97, 282.02
-3.97, 310.31
-3.97, 275.59
-3.97, 325.33
-3.96, 259.74
-3.96, 286.06
-3.96, 288.25
-3.96, 292.67
-3.96, 269.76
-3.96, 323.53
-3.96, 309.31
-3.96, 280.25
-3.96, 286.39
-3.96, 264.51
-3.97, 313.51
-3.96, 270.48
-3.97, 298.46
-3.97, 292.87
-3.96, 289.94
-3.97, 305.96
-3.97, 341.98
-3.97, 307.19
-3.97, 293.50
-3.97, 321.16
-3.97, 324.76
-3.96, 282.90
-3.95, 249.82
-3.96, 310.80
-3.97, 286.01
-3.97, 284.18
-3.96, 272.77
-3.97, 280.89
-3.96, 272.68
-3.96, 311.72
-3.97, 291.87
-3.97, 297.97
-3.96, 298.75
-3.97, 341.58
-3.97, 301.45
-3.96, 293.91
-3.97, 317.71
-3.97, 299.16
-3.96, 263.46
-3.96, 274.02
-3.96, 263.12
-3.96, 271.30
-3.96, 276.98
-3.96, 295.91
-3.96, 286.87
-3.97, 318.72
-3.96, 298.35
-3.97, 303.28
-3.97, 295.51
-3.97, 303.65
-3.97, 319.92
-3.96, 300.86
-3.96, 308.74
-3.97, 260.59
-3.97, 285.21
-3.97, 300.20
-3.97, 289.41
-3.97, 335.78
-3.97, 272.90
-3.97, 298.43
-3.97, 316.37
-3.97, 309.50
-3.97, 328.39
-3.97, 863.09
-3.97, 320.90
-3.97, 263.90
-3.97, 291.85
-3.97, 302.96
-3.97, 304.11
-3.97, 319.52
-3.97, 317.34
-3.97, 297.10
-3.97, 297.19
-3.98, 363.29
-3.97, 298.49
-3.98, 319.68
-3.98, 295.42
-3.98, 321.07
-3.98, 307.83
-3.98, 367.47
-3.98, 319.42
-3.98, 301.51
-3.98, 311.72
-3.98, 335.69
-3.98, 296.84
-3.98, 354.13
-3.97, 301.31
-3.97, 289.16
-3.97, 305.30
-3.97, 360.83
-3.98, 327.41
-3.97, 289.22
-3.97, 863.07
-3.97, 286.28
-3.96, 302.41
-3.97, 289.95
-3.97, 265.99
-3.96, 229.81
-3.97, 337.63
-3.97, 277.68
-3.97, 291.27
-3.97, 863.26
-3.97, 1689.12
-3.79, 785.31
-3.58, 322.83
-3.22, -247.43
-3.00, -112.94
-2.95, 187.75
-3.04, 786.51
-3.10, 684.46
-3.12, 414.90
-3.05, 257.15
-3.00, 229.58
-3.01, 465.28
-3.04, 515.64
-3.05, 395.67
-3.02, 348.30
-3.01, 368.78
-3.03, 494.01
-3.05, 497.42
-3.04, 894.18
-3.01, 257.83
-2.99, 281.88
-3.01, 487.10
-3.04, 466.71
-3.04, 894.37
-3.01, 336.32
-2.99, 328.92
-3.00, 403.15
-3.03, 504.51
-3.04, 442.56
-3.03, 365.89
-3.00, 319.53
-3.00, 369.06
-3.01, 433.63
-3.02, 390.79
-3.01, 338.18
-3.01, 370.38
-3.02, 414.28
-3.02, 442.38
-3.02, 393.67
-3.01, 370.56
-3.00, 372.87
-3.01, 441.94
-3.02, 449.19
-3.02, 383.22
-3.01, 367.25
-3.00, 355.88
-3.00, 895.81
-3.00, 341.51
-3.00, 356.86
-3.01, 895.50
-2.99, 286.48
-2.98, 291.70
-2.99, 397.03
-3.00, 431.21
-3.01, 350.13
-3.00, 366.33
-2.99, 341.26
-2.99, 342.06
-3.00, 438.37
-3.00, 391.63
-3.00, 318.68
-2.99, 301.23
-2.99, 357.67
-2.99, 308.63
-2.99, 374.11
-2.99, 391.29
-2.98, 291.95
-2.99, 404.69
-2.99, 398.29
-3.00, 384.73
-3.00, 327.19
-2.99, 367.43
-2.99, 371.19
-2.99, 354.44
-2.99, 390.87
-2.99, 348.82
-2.98, 230.56
-2.98, 896.44
-2.97, 340.86
-2.98, 337.56
-3.00, 433.34
-2.99, 362.79
-2.98, 318.37
-2.98, 359.50
-2.99, 896.17
-2.99, 349.51
-2.98, 324.76
-2.98, 362.98
-2.99, 388.79
-2.98, 287.70
-2.98, 348.24
-2.98, 337.49
-2.98, 353.64
-2.98, 373.73
-2.99, 371.18
-2.98, 298.53
-2.98, 334.20
-2.99, 394.68
-2.98, 354.22
-2.98, 333.76
-2.99, 417.55
-2.98, 896.43
-2.97, 293.12
-2.98, 359.60
-2.99, 372.46
-2.99, 344.19
-2.98, 294.77
-2.98, 372.73
-2.98, 362.33
-2.98, 896.30
-2.98, 351.72
-2.98, 343.81
-2.98, 350.58
-2.98, 356.01
-2.99, 896.22
-2.99, 366.54
-2.98, 312.13
-2.98, 366.47
-2.99, 372.03
-3.00, 392.84
-2.99, 372.57
-2.99, 365.93
-2.99, 372.25
-2.99, 355.17
-2.99, 399.08
-2.99, 382.31
-2.99, 355.76
-2.99, 896.08
-2.99, 383.51
-2.99, 345.53
-2.99, 364.69
-2.99, 896.07
-2.98, 311.91
-2.98, 320.99
-2.99, 393.06
-2.99, 368.55
-2.99, 304.17
-2.99, 327.86
-2.97, 307.86
-2.98, 396.27
-3.00, 409.06
-3.00, 895.83
-2.97, 287.70
-2.97, 315.04
-2.99, 452.27
-2.99, 354.49
-2.99, 306.38
-2.98, 325.00
-2.98, 350.31
-3.00, 423.37
-3.00, 399.58
-2.99, 293.62
-2.98, 306.56
-2.98, 363.35
-2.99, 406.50
-2.99, 351.89
-2.99, 382.97
-2.99, 309.67
-2.99, 367.01
-3.00, 414.60
-3.00, 388.44
-2.99, 343.02
-2.99, 896.07
-2.98, 323.07
-2.97, 270.83
-2.99, 409.62
-3.00, 452.90
-3.00, 895.76
-2.98, 261.59
-2.97, 294.70
-2.99, 442.07
-3.00, 383.81
-3.00, 345.19
-2.99, 312.98
-2.98, 356.29
-2.98, 386.30
-2.99, 353.10
-2.99, 373.25
-2.99, 334.54
-2.98, 319.81
-2.98, 341.09
-2.99, 400.95
-2.99, 895.99
-2.98, 339.06
-2.97, 340.14
-2.99, 385.50
-3.00, 364.92
-2.99, 339.00
-2.99, 354.55
-2.97, 300.28
-2.98, 367.62
-3.00, 393.28
-2.99, 287.18
-2.98, 318.18
-2.98, 896.51
-2.98, 896.42
-2.98, 288.04
-2.99, 333.45
-2.99, 338.75
-2.98, 332.43
-2.99, 384.41
-2.99, 327.67
-2.97, 282.30
-2.97, 342.41
-2.98, 388.94
-2.98, 293.38
-2.98, 363.29
-2.98, 355.11
-2.98, 385.60
-2.98, 315.70
-2.98, 285.60
-2.98, 1740.10
-2.87, 1253.18
-2.70, 786.63
-2.35, -198.44
-2.07, -257.72
-1.96, 65.90
-1.99, 635.33
-2.08, 719.23
-2.12, 617.21
-2.06, 335.32
-2.01, 251.39
-1.99, 391.16
-2.03, 575.12
-2.05, 511.97
-2.03, 343.59
-2.00, 340.83
-2.01, 459.90
-2.04, 536.41
-2.04, 437.45
-2.02, 381.64
-2.00, 353.68
-2.00, 426.44
-2.03, 549.18
-2.05, 550.04
-2.04, 392.32
-2.01, 306.76
-2.00, 374.68
-2.00, 444.12
-2.00, 384.14
-2.01, 430.36
-2.00, 413.86
-2.00, 925.42
-1.99, 358.59
-1.98, 378.86
-1.99, 382.55
-1.98, 338.19
-2.00, 419.56
-2.00, 415.30
-1.99, 345.50
-1.98, 361.82
-1.99, 400.30
-1.99, 440.39
-2.00, 429.19
-2.00, 925.31
-1.99, 298.21
-1.98, 374.02
-1.99, 433.06
-1.99, 397.99
-1.99, 411.99
-1.99, 459.66
-2.00, 413.89
-1.99, 417.59
-1.99, 377.63
-1.99, 400.09
-1.98, 388.00
-1.99, 417.85
-1.99, 925.59
-1.98, 348.17
-1.98, 349.99
-1.98, 341.17
-1.98, 384.15
-1.99, 394.78
-1.99, 398.04
-1.99, 343.32
-1.99, 384.00
-1.98, 394.55
-1.98, 368.72
-1.99, 427.65
-1.99, 357.25
-1.99, 416.14
-1.99, 925.71
-1.98, 389.56
-1.98, 386.74
-2.00, 441.61
-1.99, 399.62
-1.99, 925.61
-1.99, 379.92
-1.98, 292.57
-1.98, 354.50
-1.99, 413.98
-2.00, 427.48
-1.99, 342.26
-1.98, 382.63
-1.97, 926.18
-1.97, 330.53
-1.97, 362.64
-1.98, 466.49
-1.96, 276.89
-1.97, 348.59
-1.97, 400.96
-1.98, 926.07
-1.96, 311.10
-1.96, 336.15
-1.97, 398.45
-1.98, 379.49
-1.97, 357.14
-1.97, 364.43
-1.96, 314.36
-1.97, 373.49
-1.97, 926.21
-1.96, 309.72
-1.95, 299.60
-1.96, 378.17
-1.97, 359.01
-1.97, 331.02
-1.97, 402.64
-1.96, 325.52
-1.96, 324.14
-1.97, 372.29
-1.97, 360.47
-1.97, 342.55
-1.96, 325.54
-1.96, 347.10
-1.97, 381.99
-1.97, 389.34
-1.97, 346.31
-1.96, 327.03
-1.96, 327.15
-1.96, 313.74
-1.96, 293.73
-1.96, 356.05
-1.96, 345.80
-1.96, 365.50
-1.96, 342.41
-1.96, 342.76
-1.96, 351.07
-1.95, 310.36
-1.96, 351.10
-1.96, 371.92
-1.96, 355.12
-1.96, 341.98
-1.96, 343.16
-1.96, 342.01
-1.96, 317.87
-1.96, 340.66
-1.96, 338.62
-1.96, 330.86
-1.96, 354.39
-1.96, 351.44
-1.96, 341.10
-1.95, 347.63
-1.96, 347.74
-1.96, 379.34
-1.96, 344.92
-1.96, 330.51
-1.95, 391.84
-1.96, 394.84
-1.96, 367.76
-1.96, 351.00
-1.96, 339.15
-1.96, 346.13
-1.96, 355.99
-1.96, 329.48
-1.96, 355.22
-1.95, 314.16
-1.96, 350.89
-1.96, 372.59
-1.95, 318.87
-1.96, 374.50
-1.96, 364.38
-1.97, 377.85
-1.96, 359.65
-1.96, 363.12
-1.96, 338.91
-1.95, 343.65
-1.96, 357.85
-1.96, 371.17
-1.96, 392.01
-1.96, 334.93
-1.96, 374.44
-1.97, 373.87
-1.96, 351.27
-1.96, 361.07
-1.96, 348.06
-1.97, 359.91
-1.97, 333.62
-1.96, 340.18
-1.96, 331.87
-1.96, 363.78
-1.97, 369.72
-1.97, 359.64
-1.96, 330.23
-1.96, 309.25
-1.96, 353.31
-1.97, 355.35
-1.96, 379.24
-1.97, 391.05
-1.96, 364.09
-1.96, 365.65
-1.96, 330.31
-1.97, 343.24
-1.96, 351.15
-1.96, 359.19
-1.96, 338.19
-1.97, 383.36
-1.97, 347.70
-1.96, 361.87
-1.97, 926.39
-1.96, 350.53
-1.96, 374.03
-1.97, 348.42
-1.97, 336.20
-1.96, 362.26
-1.96, 349.42
-1.96, 354.10
-1.96, 340.35
-1.96, 348.37
-1.96, 351.18
-1.96, 327.40
-1.96, 379.92
-1.97, 355.34
-1.96, 333.13
-1.96, 370.74
-1.96, 355.54
-1.96, 378.36
-1.96, 285.59
-1.96, 283.07
-1.95, 294.50
-1.96, 394.77
-1.96, 361.52
-1.96, 327.49
-1.95, 340.77
-1.96, 363.47
-1.96, 344.88
-1.96, 333.51
-1.96, 334.01
-1.96, 332.41
-1.96, 339.80
-1.96, 1783.52
-1.84, 1015.34
-1.67, 710.13
-1.35, 22.11
-1.12, -38.87
-1.07, 340.40
-1.11, 742.85
-1.15, 770.96
-1.13, 465.40
-1.09, 372.34
-1.04, 404.66
-1.06, 589.62
-1.09, 654.46
-1.08, 485.32
-1.05, 394.57
-1.04, 496.09
-1.07, 599.37
-1.09, 569.44
-1.07, 432.84
-1.03, 357.36
-1.02, 422.67
-1.04, 553.62
-1.06, 531.18
-1.06, 438.43
-1.04, 414.58
-1.03, 473.72
-1.04, 518.84
-1.05, 513.97
-1.06, 508.26
-1.04, 448.36
-1.04, 505.48
-1.04, 472.13
-1.04, 448.49
-1.04, 494.16
-1.04, 498.39
-1.04, 516.73
-1.05, 528.40
-1.05, 501.15
-1.03, 372.34
-1.02, 393.12
-1.03, 482.21
-1.04, 555.96
-1.05, 502.70
-1.05, 467.25
-1.04, 414.34
-1.03, 461.12
-1.03, 498.90
-1.04, 523.59
-1.05, 497.79
-1.04, 456.19
-1.03, 464.84
-1.03, 471.25
-1.04, 528.41
-1.04, 494.50
-1.04, 480.46
-1.04, 459.99
-1.04, 472.42
-1.04, 500.87
-1.04, 507.37
-1.04, 470.91
-1.04, 477.21
-1.04, 500.52
-1.05, 552.25
-1.05, 529.02
-1.04, 508.44
-1.04, 500.30
-1.05, 528.57
-1.05, 562.74
-1.05, 508.95
-1.05, 504.63
-1.04, 469.03
-1.04, 500.71
-1.04, 492.98
-1.05, 497.27
-1.04, 417.38
-1.04, 495.24
-1.04, 490.79
-1.04, 496.89
-1.04, 513.15
-1.04, 511.13
-1.05, 531.49
-1.04, 486.79
-1.04, 497.41
-1.04, 494.30
-1.04, 467.52
-1.04, 478.36
-1.04, 478.43
-1.04, 526.17
-1.04, 471.63
-1.04, 454.89
-1.04, 469.64
-1.04, 514.92
-1.04, 445.28
-1.04, 494.29
-1.05, 514.09
-1.04, 481.53
-1.04, 495.40
-1.04, 499.92
-1.05, 500.24
-1.04, 489.33
-1.04, 485.17
-1.04, 476.59
-1.04, 502.54
-1.05, 498.00
-1.05, 459.36
-1.04, 472.21
-1.05, 555.92
-1.05, 495.18
-1.05, 485.50
-1.05, 506.24
-1.05, 509.45
-1.04, 481.57
-1.05, 530.43
-1.05, 496.46
-1.05, 541.65
-1.05, 476.57
-1.05, 514.21
-1.05, 514.13
-1.05, 520.59
-1.05, 503.32
-1.05, 562.90
-1.05, 522.65
-1.05, 541.80
-1.04, 465.04
-1.05, 487.16
-1.05, 531.19
-1.05, 508.53
-1.05, 514.38
-1.05, 479.20
-1.05, 535.43
-1.05, 529.09
-1.05, 515.70
-1.04, 483.36
-1.04, 517.24
-1.04, 471.45
-1.04, 477.72
-1.04, 467.20
-1.04, 484.79
-1.04, 487.98
-1.05, 537.47
-1.04, 490.63
-1.04, 502.14
-1.04, 455.26
-1.05, 553.20
-1.05, 518.36
-1.04, 474.40
-1.05, 499.02
-1.04, 548.49
-1.04, 484.48
-1.04, 496.93
-1.05, 511.84
-1.05, 526.01
-1.04, 492.18
-1.05, 537.71
-1.05, 501.61
-1.04, 471.63
-1.04, 517.13
-1.04, 461.81
-1.04, 501.76
-1.04, 484.87
-1.04, 482.45
-1.04, 499.06
-1.04, 501.81
-1.04, 488.24
-1.04, 546.96
-1.04, 491.34
-1.04, 466.37
-1.04, 491.10
-1.05, 487.18
-1.05, 508.95
-1.05, 477.05
-1.05, 489.95
-1.05, 524.25
-1.05, 493.43
-1.05, 529.41
-1.04, 451.60
-1.04, 477.34
-1.04, 542.94
-1.04, 514.36
-1.04, 490.82
-1.04, 510.92
-1.05, 520.37
-1.04, 483.53
-1.04, 507.61
-1.04, 514.22
-1.04, 502.98
-1.04, 508.03
-1.04, 497.57
-1.04, 484.77
-1.04, 485.36
-1.04, 492.41
-1.04, 503.09
-1.04, 493.90
-1.04, 488.96
-1.04, 499.05
-1.04, 469.55
-1.04, 511.01
-1.04, 479.90
-1.04, 531.50
-1.04, 518.50
-1.05, 493.13
-1.05, 507.93
-1.04, 472.56
-1.04, 485.88
-1.04, 493.61
-1.04, 505.73
-1.04, 452.91
-1.04, 513.98
-1.04, 495.91
-1.04, 454.34
-1.04, 521.68
-1.04, 491.92
-1.04, 488.98
-1.04, 545.29
-1.04, 514.52
-1.04, 461.18
-1.03, 484.96
-1.04, 540.31
-1.04, 502.92
-1.03, 461.57
-1.03, 488.50
-1.04, 464.91
-1.04, 505.78
-1.04, 498.41
-1.04, 521.37
-1.03, 474.64
-1.04, 520.98
-1.04, 477.91
-1.04, 465.35
-1.04, 475.55
-1.04, 506.99
-1.04, 445.97
-1.04, 503.86
-1.04, 500.47
-1.04, 472.26
-1.04, 493.93
-1.04, 500.06
-1.05, 509.28
-1.04, 461.94
-1.04, 500.04
-1.04, 476.21
-1.04, 469.64
-1.05, 493.02
-1.05, 490.64
-1.04, 492.94
-1.05, 480.77
-1.05, 486.21
-1.04, 489.11
-1.05, 548.26
-1.05, 515.41
-1.04, 494.10
-1.04, 492.23
-1.05, 499.79
-1.04, 468.39
-1.04, 542.96
-1.05, 528.76
-1.04, 481.55
-1.04, 498.27
-1.04, 514.37
-1.04, 481.42
-1.04, 491.51
-1.04, 493.60
-1.05, 523.43
-1.05, 502.93
-1.04, 489.66
-1.04, 500.99
-1.04, 511.23
-1.04, 502.16
-1.05, 501.46
-1.05, 507.04
-1.05, 493.44
-1.04, 502.42
-1.04, 502.94
-1.04, 507.93
-1.04, 499.28
-1.04, 471.08
-1.04, 505.23
-1.04, 508.34
-1.04, 485.62
-1.04, 456.84
-1.04, 488.29
-1.04, 515.05
-1.04, 494.96
-1.04, 484.97
-1.04, 524.04
-1.04, 461.48
-1.04, 496.66
-1.04, 483.86
-1.04, 470.95
-1.04, 487.40
-1.01, 1634.75
-0.79, 912.95
-0.46, 0.30
-0.16, -67.04
-0.03, 175.47
-0.05, 773.77
-0.13, 864.92
-0.17, 716.08
-0.13, 487.48
-0.08, 416.18
-0.07, 580.50
-0.10, 681.69
-0.12, 618.06
-0.09, 499.65
-0.07, 509.31
-0.08, 658.10
-0.10, 661.59
-0.11, 618.26
-0.09, 568.51
-0.06, 449.78
-0.07, 611.40
-0.10, 682.07
-0.11, 632.30
-0.10, 517.05
-0.07, 475.06
-0.07, 582.14
-0.08, 614.27
-0.10, 655.84
-0.10, 606.55
-0.08, 521.14
-0.07, 539.04
-0.08, 598.80
-0.09, 618.76
-0.08, 527.05
-0.08, 564.78
-0.08, 576.36
-0.09, 575.72
-0.09, 565.45
-0.08, 553.11
-0.07, 589.25
-0.08, 584.46
-0.09, 612.41
-0.09, 598.27
-0.08, 586.61
-0.07, 519.83
-0.07, 588.35
-0.08, 605.19
-0.08, 586.01
-0.08, 587.25
-0.08, 578.84
-0.08, 562.66
-0.08, 546.34
-0.08, 586.14
-0.08, 577.11
-0.08, 549.30
-0.09, 651.35
-0.08, 602.80
-0.09, 562.88
-0.08, 543.80
-0.08, 633.36
-0.08, 581.04
-0.08, 577.97
-0.08, 557.99
-0.09, 602.68
-0.08, 518.56
-0.07, 548.33
-0.08, 592.50
-0.08, 595.69
-0.08, 611.88
-0.08, 618.72
-0.07, 558.31
-0.08, 606.03
-0.08, 556.74
-0.08, 577.59
-0.08, 581.95
-0.08, 560.83
-0.08, 570.94
-0.08, 592.54
-0.08, 585.63
-0.08, 556.10
-0.08, 588.54
-0.09, 603.92
-0.08, 562.07
-0.07, 507.22
-0.08, 590.40
-0.08, 549.26
-0.07, 555.80
-0.08, 608.68
-0.08, 584.49
-0.07, 514.03
-0.07, 622.17
-0.08, 598.16
-0.07, 551.77
-0.07, 575.26
-0.07, 544.89
-0.07, 545.35
-0.07, 533.75
-0.08, 596.00
-0.07, 558.36
-0.07, 565.71
-0.07, 627.98
-0.07, 571.85
-0.07, 541.58
-0.07, 583.43
-0.07, 540.54
-0.07, 552.67
-0.07, 562.99
-0.07, 578.45
-0.08, 596.29
-0.07, 548.21
-0.07, 544.19
-0.07, 558.13
-0.07, 532.99
-0.07, 561.60
-0.08, 578.65
-0.07, 534.33
-0.06, 507.74
-0.07, 567.52
-0.07, 560.72
-0.06, 523.40
-0.07, 523.24
-0.06, 509.96
-0.06, 544.54
-0.06, 581.17
-0.07, 539.60
-0.06, 553.95
-0.06, 527.93
-0.07, 562.35
-0.06, 542.45
-0.06, 530.55
-0.05, 505.46
-0.06, 528.52
-0.06, 537.42
-0.06, 560.38
-0.07, 554.19
-0.07, 551.55
-0.06, 540.29
-0.06, 581.93
-0.07, 534.01
-0.06, 518.16
-0.06, 598.79
-0.06, 527.88
-0.05, 519.62
-0.06, 565.21
-0.06, 550.99
-0.06, 569.60
-0.05, 509.00
-0.06, 586.44
-0.06, 513.59
-0.06, 563.48
-0.06, 526.52
-0.05, 502.69
-0.06, 552.19
-0.06, 559.31
-0.06, 537.03
-0.05, 503.89
-0.05, 551.01
-0.06, 574.23
-0.06, 547.19
-0.06, 527.41
-0.07, 563.94
-0.06, 521.76
-0.06, 557.22
-0.06, 547.64
-0.06, 557.06
-0.06, 558.49
-0.07, 566.97
-0.07, 556.22
-0.06, 545.36
-0.06, 578.91
-0.07, 563.29
-0.06, 556.28
-0.06, 575.15
-0.06, 587.21
-0.06, 544.63
-0.06, 542.18
-0.06, 551.54
-0.06, 558.75
-0.06, 513.21
-0.06, 574.17
-0.07, 566.08
-0.06, 521.26
-0.06, 566.18
-0.07, 544.54
-0.06, 548.02
-0.06, 535.77
-0.06, 571.05
-0.06, 531.68
-0.05, 554.18
-0.05, 530.78
-0.06, 547.26
-0.06, 591.18
-0.05, 510.95
-0.06, 558.81
-0.06, 546.94
-0.06, 547.95
-0.06, 565.17
-0.06, 572.87
-0.06, 581.04
-0.05, 516.60
-0.06, 547.48
-0.06, 539.79
-0.06, 571.06
-0.06, 548.64
-0.06, 541.21
-0.06, 545.02
-0.06, 553.38
-0.06, 562.24
-0.06, 511.36
-0.06, 529.80
-0.06, 537.67
-0.06, 527.20
-0.06, 525.38
-0.06, 532.06
-0.06, 559.47
-0.06, 547.05
-0.06, 563.49
-0.07, 564.47
-0.07, 559.22
-0.06, 611.40
-0.06, 556.15
-0.06, 543.26
-0.06, 560.71
-0.06, 563.61
-0.06, 512.54
-0.06, 548.92
-0.06, 524.53
-0.06, 539.38
-0.07, 555.74
-0.07, 552.06
-0.07, 565.13
-0.07, 554.61
-0.07, 543.94
-0.07, 540.70
-0.06, 1934.20
-0.02, 1577.15
0.22, 930.49
0.59, -1.70
0.83, -52.19
0.99, 230.59
0.95, 693.06
0.90, 794.89
0.86, 738.88
0.92, 474.74
0.98, 368.79
0.98, 540.92
0.95, 639.99
0.93, 575.37
0.95, 514.60
0.99, 422.20
0.98, 545.13
0.96, 632.36
0.95, 595.97
0.96, 463.68
0.99, 435.97
0.98, 582.57
0.96, 639.14
0.95, 582.91
0.96, 499.57
0.98, 422.30
0.99, 473.09
0.99, 454.13
0.97, 576.00
0.97, 515.56
0.98, 494.04
0.98, 533.14
0.97, 549.43
0.97, 510.77
0.97, 530.08
0.97, 545.44
0.97, 536.59
0.96, 567.65
0.97, 526.86
0.97, 504.41
0.97, 539.33
0.96, 572.09
0.96, 539.66
0.96, 560.57
0.96, 514.22
0.97, 501.41
0.98, 572.98
0.97, 556.90
0.96, 566.88
0.96, 557.49
0.96, 530.39
0.97, 481.04
0.97, 537.80
0.97, 497.72
0.96, 533.47
0.97, 498.47
0.97, 512.11
0.98, 493.04
0.99, 458.48
0.97, 558.71
0.97, 549.73
0.97, 549.29
0.96, 523.35
0.97, 549.43
0.98, 464.27
0.99, 462.79
0.97, 580.66
0.96, 571.07
0.96, 545.83
0.97, 508.02
0.97, 517.54
0.98, 506.28
0.97, 537.26
0.97, 994.22
0.97, 507.55
0.98, 435.32
0.98, 539.89
0.97, 574.62
0.96, 515.44
0.96, 543.26
0.97, 521.40
0.97, 508.18
0.97, 544.96
0.97, 518.10
0.97, 550.79
0.97, 515.82
0.98, 494.25
0.98, 519.77
0.99, 559.71
0.98, 534.59
0.98, 571.16
0.98, 503.61
0.97, 501.19
0.98, 516.80
0.98, 518.38
0.97, 553.12
0.97, 508.99
0.97, 523.77
0.97, 511.78
0.97, 527.03
0.97, 531.67
0.97, 528.80
0.97, 483.00
0.97, 517.19
0.97, 523.23
0.97, 543.36
0.97, 521.64
0.97, 549.90
0.97, 534.77
0.97, 525.15
0.97, 520.25
0.97, 518.17
0.97, 531.94
0.98, 470.72
0.97, 539.05
0.97, 561.63
0.97, 509.09
0.97, 549.51
0.97, 529.65
0.97, 548.79
0.97, 499.89
0.97, 529.87
0.98, 507.70
0.98, 499.54
0.98, 535.34
0.97, 588.42
0.97, 525.47
0.97, 497.14
0.97, 536.05
0.98, 517.60
0.97, 601.58
0.97, 538.77
0.98, 474.70
0.98, 516.58
0.97, 561.55
0.97, 542.31
0.97, 557.12
0.97, 539.94
0.97, 529.01
0.97, 540.09
0.96, 570.84
0.97, 516.89
0.98, 480.63
0.99, 492.76
0.98, 559.89
0.98, 560.64
0.97, 565.98
0.98, 514.28
0.98, 994.42
1.00, 472.00
0.99, 994.56
0.98, 505.66
0.99, 464.25
0.99, 496.60
0.98, 559.58
0.98, 519.03
0.98, 452.10
0.98, 542.78
0.98, 994.44
1.00, 494.99
1.00, 994.72
0.99, 530.31
1.00, 459.40
1.00, 510.95
0.99, 554.14
0.99, 471.54
0.99, 510.38
0.99, 504.29
0.99, 479.95
1.00, 516.76
0.99, 524.95
0.99, 505.91
1.00, 994.72
1.00, 502.00
1.00, 471.01
0.99, 513.47
1.00, 456.98
0.99, 501.78
0.99, 501.53
1.01, 380.08
1.00, 511.58
1.00, 498.40
0.99, 475.82
1.00, 501.06
0.99, 485.19
1.00, 467.48
0.99, 526.27
0.99, 511.39
1.00, 477.26
0.99, 994.65
1.00, 994.77
1.01, 476.26
0.99, 559.43
1.00, 466.21
1.00, 458.33
1.00, 501.23
0.99, 495.82
0.99, 1947.82
1.15, 1133.45
1.34, 621.24
1.62, 140.91
1.86, 230.12
1.88, 637.42
1.84, 855.94
1.80, 860.93
1.83, 632.03
1.88, 496.95
1.89, 675.34
1.86, 847.65
1.85, 786.23
1.87, 601.40
1.90, 651.53
1.88, 739.25
1.86, 783.24
1.85, 705.28
1.88, 587.50
1.90, 591.03
1.89, 681.40
1.86, 763.32
1.85, 774.98
1.87, 632.24
1.89, 593.65
1.89, 684.91
1.87, 769.91
1.86, 721.16
1.87, 663.88
1.88, 601.02
1.88, 671.16
1.88, 696.25
1.88, 690.75
1.88, 653.12
1.89, 651.33
1.89, 662.75
1.88, 682.82
1.88, 660.66
1.89, 609.45
1.89, 617.15
1.89, 700.54
1.88, 704.66
1.87, 693.28
1.88, 648.23
1.89, 626.94
1.89, 689.07
1.88, 685.59
1.88, 725.58
1.88, 678.03
1.89, 673.05
1.89, 668.10
1.88, 662.83
1.88, 653.16
1.89, 660.68
1.89, 668.42
1.88, 678.87
1.88, 670.37
1.88, 643.74
1.89, 649.77
1.89, 672.80
1.88, 705.85
1.88, 675.19
1.88, 646.98
1.89, 683.28
1.89, 634.50
1.89, 709.61
1.89, 647.84
1.89, 638.25
1.89, 660.70
1.89, 652.06
1.89, 670.65
1.89, 716.59
1.89, 683.05
1.89, 653.53
1.89, 681.12
1.89, 655.61
1.88, 710.64
1.89, 654.44
1.89, 659.51
1.89, 648.15
1.89, 672.52
1.89, 700.77
1.89, 663.78
1.89, 687.81
1.89, 679.90
1.89, 707.83
1.89, 650.16
1.89, 596.66
1.89, 664.09
1.89, 628.79
1.89, 657.25
1.89, 656.10
1.89, 682.37
1.89, 671.61
1.89, 621.66
1.88, 703.42
1.89, 665.79
1.89, 657.18
1.89, 650.92
1.89, 694.40
1.89, 663.82
1.89, 698.78
1.89, 659.83
1.89, 674.84
1.89, 629.87
1.89, 657.23
1.89, 643.79
1.89, 675.73
1.89, 629.12
1.89, 645.70
1.89, 680.25
1.89, 645.01
1.90, 644.44
1.89, 667.73
1.89, 659.03
1.90, 623.80
1.90, 653.91
1.89, 664.81
1.90, 660.50
1.90, 657.86
1.89, 653.89
1.90, 627.20
1.90, 677.32
1.90, 652.15
1.90, 611.02
1.90, 627.12
1.90, 650.27
1.90, 654.83
1.90, 639.90
1.90, 630.74
1.90, 630.98
1.90, 654.96
1.90, 620.32
1.90, 685.49
1.90, 623.59
1.90, 650.85
1.90, 668.62
1.90, 669.81
1.90, 651.86
1.90, 645.68
1.90, 616.65
1.90, 642.12
1.90, 633.46
1.90, 649.05
1.90, 654.68
1.90, 638.31
1.91, 633.04
1.90, 691.30
1.90, 609.24
1.90, 607.70
1.91, 607.13
1.90, 669.76
1.89, 730.03
1.89, 660.05
1.89, 685.44
1.90, 680.85
1.90, 671.00
1.89, 684.16
1.89, 674.50
1.90, 632.46
1.90, 684.76
1.90, 635.19
1.90, 626.65
1.90, 657.64
1.90, 651.12
1.89, 655.93
1.89, 669.59
1.89, 654.42
1.89, 673.77
1.90, 652.30
1.89, 689.31
1.89, 655.34
1.89, 645.85
1.92, 1992.92
2.14, 1173.55
2.42, 263.18
2.73, 82.26
2.87, 327.64
2.89, 646.59
2.82, 1035.42
2.77, 979.45
2.78, 757.02
2.83, 553.32
2.87, 668.67
2.84, 849.34
2.81, 898.79
2.82, 694.05
2.85, 662.86
2.84, 752.25
2.82, 859.93
2.80, 838.50
2.83, 690.27
2.86, 661.76
2.85, 720.44
2.83, 852.06
2.81, 844.72
2.81, 826.83
2.84, 683.06
2.85, 698.71
2.84, 825.62
2.82, 794.00
2.82, 749.42
2.84, 786.57
2.84, 733.90
2.83, 814.33
2.83, 793.93
2.83, 737.35
2.83, 796.87
2.84, 753.09
2.83, 795.78
2.82, 772.79
2.83, 807.94
2.84, 739.55
2.84, 764.38
2.83, 803.17
2.82, 790.03
2.82, 767.26
2.85, 662.75
2.84, 732.22
2.84, 765.17
2.83, 754.01
2.83, 794.74
2.84, 742.34
2.84, 730.79
2.84, 758.11
2.84, 767.61
2.84, 759.97
2.84, 745.72
2.84, 752.59
2.84, 757.49
2.84, 756.23
2.84, 739.22
2.85, 725.77
2.84, 741.91
2.85, 723.86
2.84, 755.78
2.84, 751.66
2.85, 685.24
2.85, 722.04
2.84, 770.94
2.85, 715.69
2.84, 744.36
2.85, 733.11
2.86, 673.98
2.86, 707.53
2.85, 775.38
2.85, 756.40
2.85, 738.52
2.85, 753.92
2.85, 801.10
2.85, 747.29
2.85, 770.86
2.85, 756.78
2.85, 746.62
2.86, 714.77
2.85, 756.37
2.85, 726.86
2.85, 740.83
2.85, 738.84
2.85, 753.12
2.85, 770.68
2.85, 758.67
2.84, 793.07
2.85, 699.09
2.85, 784.62
2.85, 732.08
2.86, 724.84
2.85, 745.24
2.85, 727.78
2.86, 729.87
2.86, 743.66
2.85, 771.83
2.85, 740.23
2.84, 816.05
2.85, 735.70
2.85, 757.20
2.85, 752.04
2.85, 744.70
2.85, 759.35
2.84, 776.24
2.84, 773.71
2.85, 750.82
2.84, 757.03
2.84, 738.34
2.85, 730.99
2.85, 759.83
2.85, 735.49
2.85, 741.52
2.85, 802.16
2.85, 770.98
2.85, 754.59
2.85, 777.64
2.85, 721.71
2.85, 693.04
2.85, 797.98
2.86, 738.20
2.86, 695.10
2.86, 747.31
2.85, 746.59
2.86, 764.89
2.86, 735.44
2.87, 693.44
2.86, 771.91
2.87, 695.02
2.87, 743.34
2.86, 729.50
2.86, 709.18
2.87, 691.06
2.86, 741.81
2.87, 732.54
2.87, 713.91
2.86, 749.45
2.86, 696.31
2.86, 723.79
2.86, 734.70
2.86, 722.50
2.86, 745.80
2.86, 736.83
2.86, 734.99
2.87, 714.79
2.87, 714.58
2.86, 751.10
2.87, 702.37
2.87, 791.11
2.87, 667.39
2.87, 772.97
2.87, 706.91
2.87, 752.55
2.88, 698.37
2.88, 658.78
2.87, 752.75
2.86, 762.35
2.87, 695.20
2.87, 712.38
2.87, 752.50
2.86, 746.23
2.86, 748.75
2.87, 749.30
2.86, 755.70
2.86, 736.62
2.87, 703.03
2.86, 766.17
2.86, 726.38
2.87, 721.56
2.86, 761.21
2.86, 728.40
2.86, 710.98
2.86, 784.30
2.86, 703.69
2.86, 698.22
2.86, 724.57
2.86, 773.36
2.86, 710.73
2.86, 722.98
2.85, 753.09
2.86, 755.69
2.86, 757.11
2.86, 716.61
2.86, 715.46
2.86, 748.37
2.86, 736.56
2.86, 736.08
2.86, 732.39
2.86, 749.02
2.86, 712.12
2.86, 734.27
2.86, 742.39
2.86, 816.42
2.86, 736.48
2.86, 726.85
2.86, 735.38
2.86, 739.32
2.86, 775.82
2.85, 828.98
2.86, 743.00
2.85, 768.05
2.85, 749.38
2.86, 726.94
2.86, 805.90
2.85, 822.26
2.85, 742.04
2.86, 739.14
2.86, 779.67
2.85, 759.99
2.85, 723.69
2.86, 732.21
2.86, 751.41
2.85, 751.39
2.86, 730.08
2.85, 756.60
2.85, 753.42
2.85, 729.01
2.86, 742.41
2.85, 762.69
2.85, 731.72
2.86, 727.76
2.85, 781.89
2.85, 748.68
2.85, 713.37
2.86, 697.85
2.85, 749.64
2.85, 729.04
2.85, 790.13
2.85, 785.60
2.84, 808.98
2.85, 759.83
2.85, 779.97
2.85, 774.50
2.85, 748.06
2.85, 769.47
2.84, 787.43
2.85, 744.83
2.85, 766.67
2.84, 750.77
2.84, 798.09
2.85, 736.10
2.84, 783.48
2.84, 746.11
2.85, 735.75
2.85, 759.69
2.84, 752.13
2.84, 724.81
2.85, 751.44
2.85, 723.76
2.84, 764.97
2.84, 738.16
2.84, 725.06
2.84, 827.93
2.84, 781.37
2.84, 753.72
2.84, 816.92
2.84, 767.65
2.84, 755.86
2.84, 765.98
2.84, 797.10
2.84, 775.65
2.84, 757.31
2.84, 786.56
2.84, 748.53
2.84, 794.23
2.84, 777.77
2.84, 790.48
2.84, 707.71
2.84, 733.85
2.85, 737.09
2.85, 768.33
2.84, 757.28
2.84, 751.45
2.85, 722.83
2.84, 789.89
2.84, 770.94
2.85, 728.70
2.85, 775.54
2.85, 766.70
2.85, 729.29
2.85, 781.29
2.84, 804.97
2.85, 711.39
2.85, 736.43
2.85, 769.82
2.85, 748.72
2.85, 751.50
2.84, 821.66
2.85, 753.02
2.85, 738.45
2.85, 778.45
2.85, 761.13
2.85, 784.34
2.85, 774.24
2.84, 828.64
2.85, 761.07
2.86, 704.46
2.86, 756.72
2.85, 764.82
2.85, 797.59
2.85, 776.08
2.85, 789.44
2.85, 734.91
2.85, 749.85
2.85, 770.97
2.84, 758.27
2.85, 750.47
2.85, 749.37
2.84, 782.56
2.84, 763.71
2.85, 737.70
2.84, 773.61
2.85, 726.93
2.85, 758.01
2.85, 746.49
2.85, 782.43
2.85, 738.78
2.86, 2047.15
3.07, 1197.66
3.31, 487.19
3.62, 92.98
3.86, 128.08
3.92, 534.40
3.88, 913.68
3.83, 939.46
3.83, 794.63
3.87, 627.99
3.89, 653.73
3.87, 817.29
3.85, 865.40
3.86, 712.98
3.88, 660.37
3.88, 754.46
3.86, 839.44
3.84, 827.60
3.86, 751.29
3.89, 616.96
3.89, 728.25
3.88, 791.72
3.85, 893.85
3.86, 709.77
3.87, 676.67
3.89, 678.46
3.89, 726.73
3.86, 873.86
3.86, 752.37
3.86, 756.66
3.88, 663.97
3.88, 760.52
3.87, 811.74
3.87, 759.40
3.87, 707.34
3.87, 785.30
3.87, 753.31
3.86, 774.57
3.86, 773.51
3.87, 716.64
3.88, 720.13
3.87, 754.18
3.86, 846.56
3.86, 746.07
3.88, 672.41
3.88, 773.86
3.88, 763.51
3.87, 758.30
3.87, 756.20
3.87, 747.09
3.87, 739.58
3.88, 719.91
3.88, 754.74
3.88, 731.65
3.88, 703.27
3.88, 736.93
3.88, 743.39
3.88, 739.14
3.88, 737.30
3.89, 720.07
3.89, 699.41
3.88, 789.66
3.88, 708.03
3.89, 721.00
3.89, 718.48
3.89, 753.18
3.88, 751.29
3.88, 752.48
3.87, 751.38
3.87, 746.91
3.88, 701.59
3.88, 749.45
3.88, 745.47
3.88, 749.76
3.88, 690.17
3.88, 681.20
3.88, 729.19
3.88, 739.97
3.88, 724.61
3.88, 758.73
3.88, 747.21
3.88, 765.27
3.88, 748.90
3.89, 699.88
3.88, 760.72
3.89, 696.26
3.88, 776.68
3.88, 703.04
3.89, 694.97
3.89, 689.82
3.89, 718.04
3.89, 712.61
3.88, 737.45
3.89, 704.47
3.89, 682.98
3.89, 754.08
3.89, 694.57
3.88, 767.98
3.89, 678.55
3.89, 695.70
3.89, 765.76
3.89, 696.01
3.89, 756.92
3.89, 713.37
3.89, 731.25
3.89, 753.93
3.88, 750.11
3.88, 737.67
3.89, 721.91
3.89, 688.49
3.89, 726.94
3.88, 764.51
3.89, 699.76
3.89, 737.08
3.89, 751.55
3.89, 741.67
3.89, 688.86
3.89, 724.61
3.89, 704.01
3.89, 696.75
3.88, 732.68
3.89, 717.16
3.89, 722.64
3.89, 733.12
3.89, 745.90
3.89, 746.31
3.89, 708.05
3.88, 718.05
3.89, 743.35
3.89, 708.18
3.88, 744.02
3.89, 705.85
3.88, 782.04
3.89, 726.74
3.88, 754.06
3.89, 721.39
3.88, 747.41
3.88, 685.44
3.88, 727.89
3.88, 800.96
3.88, 731.53
3.89, 713.05
3.89, 729.64
3.88, 812.90
3.89, 724.79
3.89, 712.23
3.88, 798.47
3.89, 755.32
3.89, 706.33
3.89, 742.88
3.89, 774.46
3.89, 731.63
3.89, 728.49
3.89, 721.83
3.89, 707.36
3.90, 732.82
3.90, 726.71
3.89, 740.39
3.89, 735.87
3.90, 718.26
3.90, 733.98
3.90, 696.66
3.90, 727.35
3.89, 723.56
3.89, 722.49
3.89, 716.55
3.89, 734.76
3.89, 737.20
3.90, 676.08
3.89, 758.77
3.89, 726.32
3.90, 709.74
3.90, 720.63
3.89, 749.24
3.90, 693.18
3.89, 730.13
3.90, 738.60
3.89, 735.85
3.89, 704.36
3.89, 722.62
3.89, 728.08
3.89, 726.67
3.90, 709.77
3.90, 728.46
3.89, 781.48
3.89, 764.18
3.90, 722.75
3.90, 723.80
3.90, 686.30
3.90, 706.13
3.90, 717.36
3.90, 731.04
3.90, 702.95
3.90, 721.06
3.90, 719.34
3.90, 721.32
3.90, 722.00
3.90, 701.30
3.90, 742.07
3.90, 728.77
3.90, 721.24
3.90, 694.03
3.90, 759.55
3.90, 761.66
3.90, 702.47
3.90, 715.37
3.90, 742.76
3.90, 695.13
3.90, 2096.49
4.05, 1264.93
4.29, 913.13
4.58, 221.85
4.79, 369.17
4.84, 777.85
4.79, 969.19
4.75, 1027.40
4.77, 832.49
4.81, 766.15
4.84, 785.74
4.81, 921.04
4.79, 945.00
4.81, 775.18
4.84, 716.05
4.83, 936.54
4.80, 941.73
4.80, 878.01
4.82, 776.26
4.84, 769.47
4.84, 841.58
4.81, 932.28
4.80, 919.95
4.80, 888.39
4.83, 799.94
4.83, 811.46
4.82, 906.22
4.81, 927.05
4.81, 805.19
4.82, 799.12
4.83, 761.73
4.82, 819.02
4.82, 846.73
4.82, 847.51
4.82, 836.71
4.82, 855.32
4.82, 838.13
4.82, 859.38
4.83, 790.85
4.83, 793.11
4.83, 899.89
4.82, 847.46
4.81, 876.06
4.82, 848.09
4.82, 834.77
4.83, 807.28
4.82, 873.70
4.81, 924.46
4.81, 909.66
4.83, 790.90
4.82, 869.72
4.83, 817.62
4.83, 858.66
4.82, 871.29
4.82, 834.12
4.83, 826.10
4.82, 877.01
4.82, 819.08
4.83, 795.42
4.83, 826.08
4.83, 833.71
4.83, 831.40
4.83, 827.17
4.82, 851.12
4.83, 841.24
4.83, 816.91
4.83, 879.61
4.82, 861.32
4.83, 825.23
4.83, 798.22
4.82, 859.01
4.83, 823.64
4.83, 834.53
4.82, 854.10
4.82, 845.01
4.82, 837.95
4.82, 849.91
4.82, 840.04
4.82, 829.91
4.82, 867.36
4.82, 863.37
4.81, 913.68
4.82, 869.59
4.82, 855.72
4.81, 899.60
4.82, 849.10
4.82, 840.27
4.82, 814.93
4.82, 823.81
4.82, 833.62
4.82, 857.09
4.82, 841.33
4.82, 857.31
4.82, 842.78
4.82, 808.90
4.81, 903.28
4.82, 822.93
4.82, 847.19
4.82, 827.82
4.82, 808.06
4.82, 763.70
4.82, 883.42
4.82, 812.24
4.83, 788.14
4.83, 855.52
4.82, 903.01
4.82, 838.55
4.83, 832.11
4.82, 864.06
4.82, 836.11
4.83, 818.55
4.83, 822.18
4.82, 864.89
4.82, 828.57
4.82, 846.16
4.82, 857.22
4.82, 846.20
4.82, 820.90
4.82, 883.39
4.82, 861.68
4.82, 834.13
4.82, 862.33
4.81, 905.52
4.82, 842.54
4.82, 846.50
4.81, 873.42
4.81, 891.37
4.81, 866.06
4.82, 845.93
4.82, 858.67
4.81, 844.65
4.82, 852.49
4.81, 883.32
4.81, 848.59
4.82, 845.83
4.82, 804.28
4.82, 851.73
4.81, 890.51
4.82, 825.34
4.82, 897.08
4.82, 859.80
4.82, 840.94
4.81, 907.70
4.82, 870.32
4.82, 849.51
4.82, 894.47
4.81, 858.18
4.81, 885.25
4.82, 861.54
4.82, 869.46
4.81, 857.68
4.82, 869.56
4.81, 882.31
4.81, 881.93
4.82, 858.72
4.81, 894.32
4.81, 877.32
4.82, 855.46
4.82, 869.79
4.81, 891.97
4.82, 846.33
4.82, 836.34
4.81, 833.37
4.82, 848.13
4.82, 849.75
4.81, 867.19
4.82, 821.40
4.83, 772.75
4.82, 847.45
4.82, 847.63
4.82, 844.71
4.82, 868.66
4.81, 898.69
4.82, 833.27
4.82, 895.23
4.81, 898.39
4.82, 855.43
4.82, 852.75
4.81, 925.97
4.81, 857.22
4.82, 861.32
4.82, 842.34
4.81, 902.84
4.81, 833.68
4.81, 898.10
4.82, 836.65
4.82, 810.04
4.82, 891.90
4.82, 877.69
4.82, 832.71
4.82, 851.64
4.82, 858.80
4.82, 820.06
4.83, 795.32
4.82, 885.47
4.82, 826.05
4.82, 865.92
4.82, 846.71
4.82, 886.62
4.81, 898.19
4.82, 838.17
4.82, 854.87
4.82, 859.31
4.82, 845.98
4.82, 869.93
4.82, 881.93
4.82, 861.82
4.83, 836.26
4.82, 866.33
4.82, 907.77
4.82, 882.35
4.88, 1965.19
5.08, 1239.21
5.43, 302.85
5.69, 247.71
5.85, 487.35
5.84, 986.60
5.76, 1182.64
5.72, 1103.28
5.76, 830.36
5.81, 775.01
5.81, 901.60
5.78, 1032.32
5.76, 998.20
5.78, 840.92
5.81, 881.91
5.79, 971.97
5.77, 989.22
5.78, 881.58
5.80, 795.99
5.82, 813.05
5.81, 915.10
5.78, 1063.98
5.76, 952.21
5.79, 837.13
5.81, 818.42
5.81, 913.12
5.79, 980.84
5.78, 992.57
5.78, 939.57
5.79, 864.71
5.80, 867.96
5.80, 896.56
5.80, 894.26
5.79, 928.20
5.79, 971.16
5.79, 920.94
5.79, 948.66
5.79, 917.74
5.80, 896.25
5.80, 879.98
5.80, 940.08
5.78, 945.18
5.78, 921.24
5.79, 877.03
5.80, 882.15
5.80, 931.60
5.79, 945.80
5.79, 950.36
5.79, 914.99
5.79, 905.01
5.79, 917.70
5.79, 946.43
5.79, 902.44
5.79, 942.52
5.79, 893.02
5.80, 862.90
5.80, 900.86
5.80, 865.61
5.81, 894.77
5.81, 899.71
5.80, 948.15
5.80, 881.80
5.81, 904.75
5.80, 890.95
5.80, 870.25
5.81, 887.68
5.80, 911.70
5.80, 907.96
5.80, 896.20
5.81, 871.77
5.81, 918.19
5.80, 892.91
5.80, 891.61
5.79, 962.94
5.79, 944.04
5.80, 908.30
5.80, 874.75
5.80, 956.94
5.80, 928.21
5.80, 893.70
5.80, 923.03
5.79, 939.88
5.80, 927.62
5.80, 924.27
5.81, 878.79
5.81, 903.68
5.80, 901.04
5.80, 895.93
5.81, 904.90
5.81, 881.16
5.80, 912.03
5.80, 909.97
5.80, 916.98
5.80, 924.41
5.80, 869.33
5.81, 849.26
5.80, 945.19
5.80, 904.53
5.80, 908.51
5.80, 862.15
5.80, 873.63
5.81, 884.14
5.81, 884.25
5.80, 910.99
5.81, 909.70
5.80, 892.76
5.81, 885.39
5.81, 896.57
5.81, 900.11
5.81, 880.61
5.81, 909.84
5.80, 912.34
5.80, 941.20
5.80, 869.90
5.81, 890.60
5.81, 899.13
5.81, 912.23
5.80, 927.93
5.80, 901.11
5.81, 906.93
5.81, 898.93
5.81, 944.11
5.81, 869.48
5.81, 917.75
5.81, 881.69
5.81, 888.94
5.81, 877.15
5.81, 903.12
5.81, 892.68
5.81, 884.23
5.82, 897.37
5.81, 881.54
5.82, 864.82
5.81, 891.38
5.82, 906.19
5.82, 854.66
5.82, 880.48
5.82, 897.39
5.81, 896.05
5.81, 900.76
5.82, 874.37
5.81, 918.94
5.81, 896.12
5.81, 879.41
5.81, 897.17
5.81, 910.11
5.81, 900.73
5.81, 904.63
5.81, 887.27
5.81, 906.64
5.81, 885.07
5.81, 886.64
5.81, 911.54
5.81, 886.87
5.81, 925.02
5.81, 923.23
5.81, 909.06
5.81, 898.13
5.81, 863.78
5.80, 946.59
5.81, 904.21
5.81, 887.50
5.81, 908.51
5.81, 920.56
5.81, 882.81
5.81, 860.15
5.81, 910.76
5.81, 888.32
5.81, 899.11
5.81, 902.49
5.81, 907.53
5.81, 885.30
5.81, 891.65
5.81, 908.50
5.81, 904.19
5.81, 886.78
5.81, 908.37
5.81, 917.38
5.81, 895.69
5.81, 920.77
5.81, 913.02
5.81, 904.96
5.81, 921.38
5.81, 922.05
5.80, 934.19
5.80, 892.89
5.81, 870.81
5.80, 916.55
5.80, 911.07
5.80, 962.04
5.80, 910.81
5.81, 876.26
5.80, 942.29
5.80, 913.66
5.80, 931.41
5.81, 926.74
5.81, 908.11
5.81, 882.46
5.81, 922.52
5.81, 914.12
5.81, 909.24
5.81, 890.25
5.81, 888.45
5.81, 895.26
5.80, 942.30
5.80, 943.00
5.81, 900.27
5.81, 896.44
5.80, 930.28
5.80, 908.08
5.80, 917.54
5.80, 933.00
5.80, 910.48
5.80, 907.77
5.80, 924.21
5.80, 902.41
5.80, 915.17
5.80, 931.74
5.80, 930.18
5.80, 899.81
5.80, 919.20
5.80, 910.90
5.81, 867.75
5.81, 891.44
5.80, 914.78
5.81, 899.49
5.80, 932.30
5.81, 879.28
5.81, 964.47
5.80, 929.04
5.80, 908.81
5.81, 908.04
5.80, 917.04
5.80, 909.14
5.81, 859.27
5.81, 912.80
5.81, 2305.68
5.87, 1833.20
6.11, 1198.62
6.41, 331.08
6.72, 256.62
6.88, 468.84
6.88, 839.34
6.82, 1118.34
6.78, 1066.63
6.81, 821.00
6.86, 716.53
6.87, 832.81
6.83, 947.84
6.82, 927.21
6.85, 777.40
6.86, 838.74
6.86, 856.38
6.84, 913.56
6.83, 892.27
6.84, 815.94
6.87, 737.31
6.87, 848.13
6.85, 932.01
6.82, 968.34
6.83, 864.60
6.85, 812.54
6.87, 789.89
6.86, 913.26
6.84, 953.58
6.83, 869.57
6.84, 829.75
6.86, 836.67
6.86, 862.98
6.85, 910.68
6.85, 848.25
6.85, 838.50
6.85, 894.33
6.84, 920.96
6.84, 876.33
6.85, 856.67
6.85, 853.08
6.85, 897.84
6.84, 925.07
6.83, 891.00
6.84, 838.28
6.85, 844.26
6.85, 851.84
6.84, 877.31
6.84, 889.38
6.83, 898.51
6.85, 808.86
6.85, 885.69
6.85, 867.76
6.85, 840.73
6.85, 870.42
6.84, 858.42
6.84, 849.23
6.84, 885.60
6.84, 877.80
6.85, 850.03
6.84, 911.18
6.83, 947.12
6.83, 886.16
6.84, 859.18
6.84, 871.20
6.84, 870.34
6.84, 853.13
6.83, 921.62
6.82, 919.15
6.83, 882.09
6.84, 872.81
6.84, 857.74
6.84, 840.13
6.83, 943.54
6.83, 896.10
6.84, 866.38
6.84, 891.24
6.84, 878.31
6.84, 872.67
6.84, 873.69
6.84, 920.66
6.83, 942.27
6.84, 875.07
6.84, 876.68
6.84, 873.85
6.84, 856.04
6.84, 869.38
6.83, 902.29
6.84, 855.23
6.84, 897.86
6.84, 913.32
6.84, 880.34
6.84, 862.16
6.84, 880.98
6.84, 879.58
6.84, 842.65
6.84, 874.78
6.84, 880.38
6.84, 877.60
6.84, 879.60
6.84, 897.13
6.84, 861.92
6.84, 875.37
6.84, 834.99
6.84, 935.40
6.83, 895.52
6.84, 869.22
6.84, 899.74
6.84, 893.00
6.84, 886.51
6.84, 904.90
6.84, 867.67
6.84, 873.25
6.84, 873.98
6.84, 853.00
6.84, 852.61
6.84, 851.30
6.84, 892.22
6.84, 865.32
6.84, 860.43
6.84, 832.64
6.85, 811.10
6.85, 858.32
6.84, 872.42
6.84, 840.74
6.84, 851.30
6.84, 872.38
6.84, 913.47
6.85, 830.83
6.85, 868.07
6.84, 911.60
6.84, 863.02
6.85, 874.30
6.84, 872.17
6.85, 852.67
6.85, 874.52
6.85, 891.30
6.85, 881.10
6.85, 857.16
6.85, 879.96
6.84, 957.86
6.85, 843.68
6.85, 899.52
6.85, 874.89
6.85, 903.26
6.85, 867.80
6.85, 844.22
6.85, 882.65
6.84, 894.32
6.85, 855.22
6.85, 875.67
6.85, 855.88
6.84, 928.19
6.85, 854.97
6.85, 891.37
6.84, 893.72
6.85, 869.91
6.84, 891.33
6.84, 928.02
6.84, 894.78
6.84, 883.93
6.84, 892.69
6.84, 941.42
6.84, 895.81
6.84, 889.63
6.83, 901.62
6.84, 889.51
6.84, 896.73
6.84, 889.85
6.84, 908.33
6.84, 937.83
6.83, 940.95
6.83, 929.14
6.83, 920.99
6.83, 904.17
6.83, 954.86
6.83, 878.32
6.83, 898.06
6.83, 908.29
6.83, 866.45
6.83, 950.08
6.83, 891.99
6.82, 961.80
6.83, 889.17
6.83, 900.06
6.83, 926.75
6.82, 947.69
6.82, 974.41
6.83, 909.75
6.82, 939.49
6.82, 903.49
6.83, 906.67
6.82, 935.72
6.81, 987.97
6.82, 893.26
6.82, 910.67
6.82, 964.71
6.82, 945.30
6.82, 897.30
6.82, 900.74
6.82, 954.73
6.82, 919.39
6.82, 897.45
6.82, 930.01
6.81, 922.40
6.82, 905.08
6.82, 929.09
6.81, 993.93
6.82, 899.77
6.82, 925.98
6.81, 930.30
6.81, 950.72
6.81, 931.37
6.81, 968.82
6.82, 900.56
6.82, 904.52
6.82, 942.64
6.81, 945.75
6.82, 878.26
6.83, 876.46
6.82, 905.38
6.82, 907.05
6.82, 904.83
6.82, 931.52
6.82, 961.97
6.82, 942.69
6.82, 920.67
6.81, 980.49
6.82, 918.56
6.82, 947.13
6.82, 916.82
6.82, 926.73
6.81, 891.49
6.81, 913.46
6.81, 949.77
6.81, 941.11
6.81, 921.69
6.81, 947.11
6.81, 921.36
6.81, 950.14
6.81, 942.11
6.81, 946.77
6.81, 950.05
6.81, 937.04
6.81, 943.98
6.81, 957.79
6.82, 898.65
6.82, 955.12
6.81, 931.19
6.81, 926.36
6.82, 915.78
6.82, 941.73
6.81, 932.27
6.82, 916.31
6.82, 948.53
6.81, 949.77
6.81, 935.92
6.82, 872.90
6.82, 925.53
6.81, 932.14
6.82, 909.35
6.82, 937.79
6.81, 934.81
6.81, 942.95
6.82, 915.47
6.81, 947.18
6.81, 945.92
6.81, 945.04
6.81, 950.39
6.81, 967.83
6.81, 938.36
6.81, 944.64
6.81, 922.91
6.81, 920.09
6.81, 861.61
6.81, 2349.74
6.97, 1441.99
7.24, 964.63
7.56, 254.13
7.80, 375.50
7.87, 673.94
7.83, 1118.95
7.76, 1224.24
7.75, 1020.11
7.81, 759.31
7.85, 785.45
7.84, 990.78
7.80, 1052.00
7.80, 928.61
7.83, 850.17
7.85, 828.12
7.82, 1000.55
7.81, 1008.16
7.81, 954.17
7.84, 814.78
7.85, 812.66
7.85, 941.06
7.82, 1029.73
7.80, 970.01
7.82, 868.93
7.85, 841.87
7.85, 913.14
7.83, 998.45
7.81, 950.59
7.82, 894.33
7.83, 869.24
7.84, 840.18
7.84, 931.83
7.82, 1021.46
7.83, 872.33
7.83, 890.74
7.83, 940.94
7.82, 951.84
7.82, 934.69
7.83, 894.85
7.84, 904.47
7.83, 960.17
7.83, 937.18
7.82, 946.16
7.83, 865.24
7.84, 900.58
7.84, 880.58
7.83, 964.90
7.83, 913.24
7.83, 901.08
7.83, 874.47
7.84, 949.37
7.83, 960.38
7.83, 954.83
7.83, 917.24
7.83, 933.87
7.83, 964.25
7.83, 926.55
7.83, 900.48
7.83, 915.35
7.83, 933.70
7.83, 918.08
7.83, 954.89
7.83, 933.98
7.83, 916.96
7.83, 902.82
7.83, 895.43
7.83, 954.11
7.83, 922.74
7.82, 940.31
7.82, 944.53
7.83, 931.52
7.83, 915.66
7.83, 932.67
7.83, 934.27
7.83, 922.11
7.82, 942.49
7.83, 917.09
7.83, 892.90
7.83, 939.37
7.83, 925.01
7.83, 921.70
7.83, 940.80
7.83, 911.85
7.83, 904.49
7.83, 958.14
7.83, 950.01
7.83, 899.79
7.83, 901.95
7.83, 921.54
7.83, 904.50
7.83, 907.54
7.83, 953.56
7.83, 933.93
7.83, 931.96
7.83, 954.49
7.82, 954.75
7.82, 953.13
7.83, 935.59
7.83, 945.66
7.82, 971.13
7.82, 969.42
7.82, 949.09
7.83, 907.62
7.83, 937.28
7.83, 944.40
7.83, 938.00
7.83, 909.41
7.83, 941.08
7.83, 907.71
7.83, 914.14
7.83, 949.74
7.83, 957.43
7.83, 900.32
7.83, 979.87
7.83, 961.26
7.83, 926.94
7.83, 936.32
7.83, 926.95
7.84, 882.20
7.83, 919.52
7.83, 910.66
7.83, 914.56
7.83, 914.10
7.83, 924.92
7.83, 912.07
7.83, 988.50
7.83, 949.05
7.83, 927.92
7.83, 922.18
7.83, 953.39
7.83, 887.70
7.83, 955.52
7.84, 903.84
7.83, 923.68
7.83, 912.68
7.83, 937.29
7.83, 920.48
7.83, 929.89
7.83, 961.04
7.83, 917.64
7.83, 944.09
7.83, 952.67
7.83, 913.74
7.83, 956.76
7.83, 944.34
7.83, 909.26
7.82, 932.26
7.83, 919.33
7.83, 904.52
7.82, 941.27
7.82, 928.21
7.83, 939.00
7.82, 919.78
7.82, 995.24
7.82, 978.93
7.83, 927.95
7.83, 935.82
7.83, 939.35
7.83, 958.24
7.82, 968.50
7.83, 934.06
7.83, 930.37
7.83, 942.66
7.82, 964.10
7.83, 938.87
7.83, 943.43
7.83, 945.36
7.83, 929.27
7.83, 924.60
7.82, 943.13
7.83, 895.21
7.83, 922.30
7.83, 955.34
7.82, 973.95
7.83, 929.93
7.82, 951.83
7.83, 933.64
7.83, 952.91
7.83, 917.47
7.83, 949.24
7.83, 931.42
7.83, 911.92
7.83, 956.78
7.83, 966.59
7.83, 909.15
7.83, 926.41
7.83, 910.66
7.83, 970.21
7.83, 967.99
7.83, 969.52
7.83, 909.41
7.83, 934.37
7.83, 948.44
7.83, 922.24
7.83, 917.76
7.83, 942.27
7.82, 955.49
7.83, 935.62
7.82, 975.65
7.83, 930.28
7.83, 914.69
7.83, 903.38
7.82, 924.13
7.83, 913.28
7.83, 929.59
7.83, 919.08
7.83, 938.05
7.83, 937.76
7.82, 968.74
7.83, 921.27
7.82, 937.58
7.82, 958.98
7.82, 949.39
7.82, 938.30
7.83, 938.04
7.82, 962.61
7.82, 972.54
7.83, 919.48
7.83, 914.93
7.83, 929.56
7.83, 915.14
7.82, 955.03
7.83, 929.64
7.82, 958.29
7.82, 982.18
7.83, 917.20
7.82, 945.26
7.82, 981.36
7.82, 948.69
7.82, 946.91
7.82, 966.32
7.81, 989.73
7.81, 969.74
7.81, 973.77
7.82, 932.80
7.82, 950.37
7.81, 977.44
7.81, 961.79
7.81, 941.15
7.82, 954.23
7.82, 929.44
7.82, 982.99
7.81, 968.11
7.81, 961.32
7.82, 957.33
7.81, 974.11
7.81, 954.11
7.81, 999.75
7.81, 965.43
7.81, 967.37
7.81, 950.75
7.80, 1015.62
7.81, 1000.87
7.81, 961.24
7.81, 968.04
7.81, 957.07
7.82, 977.36
7.81, 965.63
7.81, 977.11
7.82, 933.78
7.82, 1023.46
7.82, 974.76
7.82, 955.74
7.82, 960.18
7.82, 962.20
7.82, 951.57
7.83, 937.49
7.82, 995.26
7.82, 951.29
7.83, 926.89
7.83, 948.28
7.82, 987.52
7.82, 949.73
7.82, 929.41
7.82, 966.28
7.82, 956.27
7.82, 967.66
7.81, 969.69
7.82, 943.82
7.82, 949.02
7.82, 947.02
7.82, 989.61
7.82, 958.82
7.82, 983.11
7.81, 952.87
7.81, 955.51
7.82, 977.87
7.81, 977.71
7.82, 952.64
7.82, 971.00
7.82, 970.21
7.81, 978.11
7.82, 894.19
7.82, 978.00
7.82, 936.45
7.82, 981.51
7.82, 958.17
7.82, 930.82
7.82, 942.90
7.82, 956.92
7.83, 910.86
7.83, 931.42
7.82, 963.09
7.82, 937.44
7.82, 957.13
7.82, 968.08
7.82, 966.33
7.82, 954.60
7.82, 932.35
7.82, 967.95
7.82, 956.57
7.82, 950.50
7.82, 960.70
7.82, 989.90
7.82, 935.92
7.82, 984.07
7.82, 953.35
7.82, 944.24
7.82, 964.53
7.82, 976.94
7.81, 1005.54
7.81, 1002.64
7.81, 945.53
7.82, 955.84
7.81, 985.87
7.81, 992.06
7.81, 966.50
7.82, 964.05
7.82, 938.16
7.82, 919.29
7.81, 987.96
7.81, 977.36
7.82, 956.22
7.82, 912.25
7.82, 992.88
7.81, 972.77
7.82, 949.66
7.82, 967.54
7.81, 1025.65
7.80, 1011.13
7.81, 968.16
7.81, 987.96
7.81, 967.49
7.81, 1004.31
7.80, 1032.91
7.80, 1059.40
7.80, 1056.91
7.81, 969.29
7.81, 975.04
7.81, 987.58
7.80, 978.84
7.84, 2106.16
8.08, 1424.26
8.38, 423.21
8.70, 318.85
8.86, 444.94
8.88, 942.57
8.80, 1239.27
8.75, 1188.61
8.76, 931.49
8.83, 796.46
8.85, 901.90
8.82, 1094.55
8.80, 1042.35
8.81, 943.23
8.83, 888.38
8.82, 1027.59
8.80, 1037.00
8.80, 1031.05
8.80, 935.43
8.83, 866.33
8.84, 992.97
8.81, 1121.94
8.79, 1038.21
8.80, 939.12
8.83, 888.93
8.84, 919.88
8.83, 987.56
8.80, 1085.87
8.80, 1003.23
8.82, 927.93
8.83, 954.73
8.82, 978.96
8.82, 986.97
8.81, 976.92
8.81, 1005.07
8.81, 974.08
8.81, 981.25
8.80, 1025.50
8.80, 992.16
8.82, 940.84
8.82, 1042.71
8.80, 1011.82
8.80, 971.20
8.80, 974.18
8.81, 939.57
8.82, 984.83
8.82, 972.63
8.81, 1001.30
8.80, 1003.15
8.81, 957.81
8.82, 943.93
8.81, 1012.99
8.81, 1025.43
8.81, 1007.75
8.81, 1026.72
8.81, 998.31
8.81, 993.90
8.81, 1008.07
8.81, 998.50
8.81, 952.94
8.82, 961.40
8.81, 1018.02
8.81, 1006.62
8.81, 957.83
8.81, 982.63
8.82, 952.86
8.82, 969.66
8.82, 1036.53
8.81, 970.45
8.82, 903.42
8.82, 953.51
8.82, 977.18
8.83, 963.96
8.82, 1003.01
8.82, 1020.00
8.82, 1008.83
8.83, 909.73
8.82, 995.04
8.82, 940.73
8.82, 1006.57
8.82, 1014.56
8.82, 993.88
8.83, 963.25
8.82, 991.65
8.82, 982.44
8.82, 979.88
8.82, 1032.58
8.82, 949.10
8.82, 997.12
8.82, 996.85
8.82, 962.69
8.82, 989.49
8.81, 1022.35
8.82, 969.29
8.82, 969.86
8.82, 970.42
8.82, 948.59
8.82, 999.36
8.82, 1003.86
8.82, 983.23
8.82, 982.78
8.82, 993.39
8.82, 963.14
8.82, 980.59
8.82, 975.12
8.82, 992.63
8.82, 959.06
8.82, 958.01
8.82, 983.79
8.82, 952.59
8.82, 992.45
8.82, 975.41
8.82, 985.27
8.82, 996.58
8.82, 991.54
8.81, 1018.63
8.82, 988.00
8.81, 1073.46
8.81, 1010.66
8.81, 1002.57
8.81, 1027.87
8.81, 1003.02
8.81, 985.49
8.81, 1016.22
8.81, 1005.66
8.81, 986.89
8.82, 987.12
8.81, 1056.01
8.81, 968.31
8.81, 998.75
8.82, 952.71
8.82, 964.39
8.82, 976.45
8.82, 983.46
8.81, 984.80
8.81, 1024.26
8.81, 1053.26
8.82, 986.89
8.82, 986.39
8.82, 974.45
8.82, 1013.79
8.82, 1008.71
8.82, 976.80
8.82, 970.11
8.82, 1036.14
8.82, 1035.58
8.82, 984.25
8.82, 955.54
8.81, 1022.54
8.82, 1002.18
8.82, 962.93
8.82, 1000.26
8.82, 996.73
8.82, 1002.03
8.82, 979.15
8.82, 952.84
8.82, 1016.37
8.82, 938.40
8.82, 986.57
8.82, 983.49
8.82, 980.91
8.82, 975.08
8.82, 1012.83
8.83, 930.23
8.83, 937.76
8.83, 974.73
8.82, 981.11
8.82, 967.55
8.82, 957.54
8.82, 972.04
8.82, 972.11
8.82, 998.19
8.82, 1006.66
8.82, 958.49
8.82, 1028.72
8.82, 985.55
8.82, 993.23
8.82, 986.01
8.82, 964.50
8.83, 945.16
8.82, 1010.38
8.82, 982.38
8.82, 975.02
8.83, 934.60
8.82, 992.49
8.82, 993.74
8.83, 962.90
8.82, 1020.34
8.83, 959.47
8.82, 1010.94
8.83, 963.57
8.83, 943.01
8.83, 949.38
8.83, 988.83
8.83, 984.94
8.83, 966.58
8.83, 998.60
8.84, 933.36
8.83, 952.86
8.83, 985.23
8.83, 995.92
8.83, 973.27
8.83, 979.89
8.83, 993.86
8.84, 953.69
8.84, 980.21
8.84, 972.03
8.84, 983.32
8.84, 1000.09
8.84, 962.64
8.84, 971.18
8.84, 944.40
8.84, 946.89
8.84, 1003.77
8.83, 1016.40
8.83, 965.27
8.83, 1008.81
8.84, 970.44
8.84, 961.43
8.83, 990.86
8.84, 941.11
8.83, 952.34
8.84, 947.31
8.84, 969.09
8.83, 1025.22
8.83, 990.17
8.83, 982.23
8.84, 964.41
8.83, 1014.35
8.83, 1005.81
8.83, 953.19
8.83, 990.42
8.83, 967.75
8.83, 968.95
8.83, 1008.71
8.82, 1009.16
8.83, 1022.07
8.83, 993.28
8.83, 988.39
8.83, 976.68
8.84, 953.20
8.83, 979.75
8.83, 971.99
8.84, 968.85
8.83, 985.09
8.83, 994.74
8.84, 967.36
8.84, 984.34
8.83, 1014.34
8.83, 954.28
8.84, 960.15
8.84, 979.69
8.83, 1035.01
8.83, 981.69
8.83, 980.18
8.83, 978.84
8.83, 984.84
8.84, 957.64
8.83, 958.43
8.83, 973.57
8.83, 957.68
8.83, 1012.49
8.83, 981.59
8.83, 1002.76
8.83, 980.52
8.83, 975.02
8.83, 973.86
8.83, 979.60
8.83, 944.92
8.83, 995.90
8.83, 965.75
8.83, 971.99
8.83, 978.10
8.83, 996.11
8.83, 977.11
8.83, 967.87
8.83, 982.42
8.83, 979.56
8.83, 1004.52
8.83, 955.18
8.82, 995.03
8.83, 954.88
8.83, 975.36
8.83, 996.53
8.83, 984.13
8.83, 1006.60
8.83, 980.76
8.83, 978.31
8.83, 987.17
8.83, 970.85
8.82, 1005.28
8.83, 990.87
8.83, 979.40
8.82, 1023.88
8.82, 1019.25
8.82, 985.11
8.82, 996.75
8.82, 1003.22
8.82, 1024.00
8.82, 994.31
8.82, 1027.70
8.82, 983.49
8.83, 985.70
8.82, 1029.51
8.81, 1029.71
8.82, 965.91
8.82, 1053.97
8.82, 1016.43
8.82, 990.65
8.82, 1020.13
8.81, 1059.10
8.82, 955.21
8.83, 956.78
8.82, 987.19
8.82, 999.18
8.82, 984.07
8.82, 962.91
8.83, 967.89
8.82, 986.40
8.83, 986.47
8.82, 987.10
8.82, 991.12
8.82, 1012.63
8.83, 1022.74
8.83, 1012.82
8.83, 1001.62
8.83, 977.41
8.82, 992.32
8.82, 1047.20
8.82, 969.36
8.83, 969.65
8.83, 997.36
8.82, 995.89
8.82, 976.24
8.82, 968.40
8.83, 983.75
8.82, 1027.39
8.83, 976.28
8.82, 1004.26
8.82, 971.93
8.82, 1031.81
8.82, 1000.21
8.82, 990.73
8.82, 998.00
8.83, 935.29
8.83, 988.67
8.82, 1003.27
8.82, 979.33
8.82, 968.37
8.81, 1041.75
8.81, 1043.98
8.82, 997.00
8.82, 1002.93
8.81, 1037.70
8.81, 1029.19
8.82, 994.35
8.81, 1074.49
8.82, 991.00
8.82, 970.23
8.82, 1000.56
8.82, 1037.86
8.82, 954.57
8.82, 1024.14
8.81, 1021.15
8.82, 987.38
8.81, 1034.53
8.81, 1009.64
8.81, 975.96
8.82, 995.66
8.82, 989.08
8.81, 1020.96
8.81, 991.57
8.81, 1011.31
8.81, 1025.96
8.81, 980.23
8.82, 974.08
8.81, 1009.37
8.82, 972.76
8.82, 1008.51
8.82, 1057.76
8.81, 1054.43
8.81, 1057.74
8.82, 1016.22
8.82, 1018.32
8.82, 1058.44
8.82, 1022.35
8.82, 1009.20
8.82, 987.49
8.82, 1006.55
8.82, 1054.95
8.82, 1001.72
8.82, 1002.21
8.82, 1034.35
8.83, 948.86
8.82, 1006.84
8.82, 2395.54
8.97, 1532.42
9.24, 894.86
9.62, 312.22
9.83, 329.45
9.93, 685.79
9.89, 1087.63
9.84, 1158.26
9.82, 996.11
9.87, 792.94
9.90, 855.43
9.88, 1027.08
9.85, 1037.68
9.86, 952.91
9.89, 820.37
9.88, 933.77
9.86, 1013.04
9.85, 1006.59
9.86, 903.77
9.89, 843.63
9.90, 906.38
9.87, 1012.56
9.85, 1059.97
9.85, 960.24
9.87, 854.85
9.90, 843.00
9.89, 945.20
9.86, 1035.08
9.86, 957.68
9.87, 890.90
9.88, 886.98
9.88, 929.15
9.87, 959.90
9.87, 929.23
9.87, 903.26
9.88, 918.21
9.87, 981.19
9.87, 946.00
9.87, 954.92
9.87, 915.48
9.88, 920.77
9.87, 938.76
9.85, 1047.38
9.85, 971.82
9.87, 914.73
9.87, 956.65
9.87, 968.38
9.86, 992.59
9.86, 960.93
9.86, 991.91
9.87, 926.98
9.87, 916.17
9.86, 1018.24
9.87, 943.33
9.87, 911.28
9.87, 947.52
9.87, 959.21
9.87, 941.07
9.87, 919.39
9.88, 952.06
9.87, 944.12
9.87, 950.63
9.87, 933.75
9.87, 998.64
9.87, 945.49
9.88, 928.19
9.87, 981.09
9.87, 968.24
9.87, 958.21
9.87, 913.20
9.87, 921.31
9.87, 955.96
9.87, 949.82
9.87, 964.57
9.87, 923.67
9.87, 912.10
9.87, 962.51
9.87, 929.63
9.87, 944.84
9.87, 991.52
9.87, 1006.57
9.87, 958.64
9.87, 928.54
9.87, 996.45
9.87, 956.32
9.87, 942.51
9.87, 954.61
9.86, 986.10
9.87, 950.52
9.87, 923.67
9.87, 991.71
9.87, 964.62
9.88, 912.76
9.87, 967.17
9.86, 975.70
9.87, 929.57
9.87, 1010.24
9.87, 951.02
9.87, 933.50
9.87, 1012.01
9.87, 938.65
9.87, 969.52
9.87, 951.63
9.87, 970.01
9.87, 885.34
9.87, 940.04
9.87, 977.72
9.87, 961.14
9.87, 942.81
9.87, 960.55
9.87, 950.47
9.87, 938.66
9.86, 1004.14
9.87, 969.05
9.87, 955.49
9.87, 968.62
9.87, 974.93
9.87, 964.58
9.87, 962.20
9.87, 958.80
9.87, 955.95
9.87, 920.81
9.87, 980.77
9.87, 962.84
9.87, 959.78
9.87, 935.05
9.87, 959.25
9.87, 948.27
9.87, 959.25
9.87, 947.68
9.88, 939.10
9.87, 1021.91
9.87, 970.54
9.87, 943.83
9.88, 947.36
9.87, 999.04
9.88, 957.74
9.88, 932.27
9.88, 940.21
9.88, 931.00
9.88, 955.87
9.88, 925.53
9.88, 897.40
9.88, 986.79
9.88, 949.15
9.88, 929.59
9.88, 920.26
9.88, 944.93
9.88, 908.10
9.89, 934.70
9.89, 906.85
9.88, 952.77
9.88, 906.62
9.88, 935.45
9.89, 916.20
9.88, 948.46
9.88, 932.25
9.89, 921.36
9.88, 961.17
9.88, 916.22
9.89, 922.43
9.88, 965.26
9.88, 953.42
9.88, 915.06
9.88, 930.41
9.89, 932.88
9.88, 934.38
9.88, 948.90
9.88, 950.36
9.89, 900.34
9.88, 959.78
9.88, 938.18
9.88, 963.79
9.88, 971.98
9.88, 935.51
9.89, 921.25
9.88, 942.87
9.88, 962.67
9.88, 935.14
9.88, 935.41
9.88, 916.88
9.89, 884.33
9.88, 979.30
9.88, 936.46
9.88, 928.50
9.88, 947.89
9.88, 960.23
9.88, 927.51
9.88, 950.77
9.88, 943.49
9.88, 938.17
9.88, 960.93
9.88, 982.33
9.88, 926.88
9.88, 948.51
9.89, 952.03
9.88, 971.29
9.88, 919.90
9.88, 939.21
9.88, 901.03
9.89, 950.78
9.88, 921.16
9.88, 950.03
9.88, 918.17
9.88, 920.40
9.91, 2118.81
10.13, 1343.92
10.45, 487.44
10.72, 450.08
10.87, 516.84
10.89, 909.35
10.85, 1120.50
10.82, 1079.46
10.85, 904.87
10.89, 834.52
10.91, 894.45
10.88, 1007.31
10.87, 915.43
10.88, 847.76
10.91, 857.68
10.91, 918.65
10.88, 1026.85
10.87, 986.69
10.89, 896.23
10.91, 812.46
10.92, 900.34
10.89, 1038.41
10.87, 1030.55
10.87, 944.59
10.90, 843.22
10.91, 853.33
10.90, 1002.11
10.88, 1014.50
10.88, 953.52
10.89, 893.85
10.90, 914.38
10.90, 947.53
10.89, 973.90
10.89, 914.67
10.90, 838.17
10.90, 933.31
10.89, 964.70
10.90, 912.08
10.90, 915.43
10.90, 901.37
10.91, 884.38
10.90, 968.71
10.89, 992.74
10.89, 924.51
10.91, 898.05
10.92, 856.39
10.91, 970.48
10.90, 956.57
10.90, 919.74
10.90, 915.82
10.90, 897.84
10.91, 899.85
10.90, 962.05
10.89, 924.49
10.90, 882.41
10.91, 908.29
10.90, 944.72
10.90, 927.57
10.91, 905.92
10.91, 902.35
10.91, 933.78
10.91, 896.83
10.91, 920.36
10.90, 939.14
10.91, 908.98
10.91, 918.69
10.90, 951.05
10.90, 975.45
10.90, 948.31
10.90, 916.33
10.91, 873.99
10.91, 952.24
10.91, 899.87
10.91, 958.74
10.91, 930.25
10.91, 885.30
10.92, 910.90
10.91, 934.07
10.91, 915.13
10.91, 915.16
10.92, 847.20
10.92, 907.40
10.91, 920.72
10.91, 926.19
10.92, 909.19
10.91, 958.06
10.91, 902.69
10.92, 906.20
10.92, 884.22
10.92, 906.47
10.92, 909.14
10.91, 960.32
10.92, 906.18
10.92, 890.22
10.92, 906.77
10.92, 908.19
10.92, 878.82
10.92, 914.82
10.92, 908.07
10.92, 882.28
10.92, 925.20
10.92, 861.15
10.92, 924.28
10.92, 919.83
10.92, 892.78
10.92, 905.81
10.92, 903.03
10.92, 876.37
10.91, 913.31
10.91, 919.69
10.91, 917.70
10.91, 938.83
10.92, 912.68
10.92, 898.33
10.92, 912.92
10.92, 939.68
10.91, 931.25
10.91, 928.11
10.92, 925.77
10.92, 914.84
10.92, 887.22
10.92, 898.25
10.91, 934.58
10.91, 951.02
10.91, 952.13
10.91, 997.50
10.92, 942.78
10.92, 906.92
10.91, 934.72
10.91, 885.55
10.92, 893.24
10.92, 929.18
10.92, 888.63
10.91, 904.93
10.92, 894.23
10.91, 943.32
10.91, 899.95
10.92, 900.13
10.91, 948.46
10.92, 912.49
10.92, 919.12
10.92, 907.21
10.91, 881.47
10.92, 880.66
10.92, 918.46
10.92, 873.91
10.92, 906.06
10.92, 905.34
10.92, 902.13
10.92, 910.76
10.92, 894.05
10.92, 895.83
10.92, 924.02
10.92, 910.24
10.91, 953.93
10.92, 903.87
10.91, 916.81
10.92, 890.93
10.91, 970.20
10.91, 927.44
10.91, 897.72
10.91, 933.64
10.91, 928.02
10.91, 918.51
10.90, 985.65
10.91, 910.68
10.91, 922.61
10.91, 942.43
10.91, 920.44
10.91, 928.91
10.91, 893.66
10.91, 900.29
10.91, 922.59
10.91, 929.68
10.90, 965.57
10.91, 895.22
10.91, 924.69
10.91, 922.95
10.91, 903.52
10.92, 881.85
10.91, 902.54
10.91, 914.51
10.92, 912.18
10.91, 908.74
10.91, 898.05
10.91, 898.13
10.91, 921.53
10.91, 930.82
10.91, 902.41
10.91, 934.10
10.91, 903.63
10.91, 910.09
10.91, 909.22
10.91, 903.28
10.92, 902.41
10.92, 900.89
10.91, 928.51
10.91, 925.55
10.92, 890.08
10.92, 894.47
10.92, 913.67
10.91, 920.74
10.91, 957.01
10.91, 895.90
10.92, 898.60
10.91, 1004.43
10.91, 952.47
10.91, 921.28
10.91, 909.27
10.91, 942.65
10.91, 925.75
10.91, 920.05
10.91, 890.96
10.91, 905.88
10.91, 887.04
10.91, 929.25
10.91, 916.67
10.91, 914.52
10.91, 898.45
10.91, 933.91
10.91, 909.10
10.91, 913.37
10.91, 922.06
10.91, 943.89
10.91, 930.79
10.92, 871.18
10.91, 928.11
10.91, 975.01
10.91, 928.82
10.91, 930.24
10.91, 914.72
10.91, 924.61
10.92, 881.12
10.91, 922.03
10.91, 949.03
10.91, 908.17
10.91, 941.90
10.91, 923.06
10.91, 927.80
10.90, 992.38
10.91, 907.27
10.91, 927.33
10.91, 894.65
10.91, 943.20
10.91, 895.19
10.91, 878.00
10.91, 966.96
10.91, 2284.49
11.09, 1390.02
11.37, 888.50
11.63, 492.62
11.82, 586.48
11.85, 1006.90
11.80, 1258.11
11.73, 1340.71
11.74, 1125.69
11.80, 904.05
11.82, 999.52
11.80, 1109.00
11.78, 1192.59
11.78, 1047.43
11.80, 1019.10
11.81, 1069.12
11.80, 1158.81
11.78, 1180.11
11.78, 1069.68
11.81, 954.26
11.83, 1015.60
11.81, 1180.77
11.77, 1207.10
11.77, 1123.08
11.80, 1031.86
11.82, 1012.97
11.82, 1097.16
11.79, 1170.16
11.77, 1199.02
11.79, 1071.29
11.81, 1040.99
11.81, 1100.77
11.80, 1125.01
11.79, 1140.69
11.79, 1086.92
11.80, 1077.29
11.80, 1102.20
11.79, 1097.67
11.79, 1085.83
11.79, 1127.02
11.80, 1064.48
11.80, 1080.40
11.78, 1165.26
11.79, 1056.26
11.80, 1077.73
11.81, 1057.48
11.80, 1111.94
11.80, 1152.22
11.79, 1121.46
11.79, 1148.91
11.80, 1075.40
11.81, 1127.23
11.80, 1129.44
11.79, 1187.26
11.79, 1080.10
11.80, 1089.50
11.80, 1093.34
11.80, 1105.84
11.80, 1087.00
11.80, 1068.75
11.81, 1059.37
11.80, 1076.59
11.80, 1097.51
11.79, 1130.37
11.80, 1068.19
11.80, 1103.27
11.80, 1103.50
11.80, 1161.10
11.79, 1129.01
11.79, 1124.47
11.80, 1091.15
11.80, 1076.21
11.80, 1162.79
11.79, 1126.33
11.79, 1128.84
11.79, 1103.88
11.80, 1073.47
11.80, 1126.28
11.79, 1100.93
11.80, 1087.68
11.80, 1089.51
11.79, 1095.02
11.79, 1099.63
11.80, 1081.81
11.80, 1149.10
11.80, 1099.99
11.80, 1088.99
11.79, 1146.21
11.79, 1079.49
11.79, 1118.96
11.80, 1059.62
11.80, -70.23
11.80, 1109.35
11.80, 1110.11
11.80, 1060.07
11.80, 1112.86
11.80, 1078.66
11.80, 1075.61
11.80, 1089.03
11.81, 1045.12
11.80, 1094.58
11.80, 1086.03
11.80, 1076.11
11.80, 1113.03
11.80, 1072.78
11.81, 1110.95
11.80, 1121.95
11.80, 1170.93
11.80, 1093.76
11.80, 1109.68
11.81, 1025.29
11.81, 1052.51
11.81, 1100.66
11.80, 1101.92
11.80, 1071.05
11.81, 1067.84
11.81, 1082.97
11.80, 1120.07
11.81, 1085.58
11.80, 1117.48
11.81, 1080.92
11.81, 1130.52
11.81, 1097.47
11.81, 1072.55
11.81, 1085.03
11.81, 1149.18
11.81, 1041.05
11.81, 1078.89
11.81, 1080.75
11.81, 1093.01
11.82, 1024.51
11.82, 1069.04
11.82, 1078.03
11.81, 1115.95
11.82, 1055.66
11.81, 1075.91
11.81, 1084.86
11.82, 1048.79
11.81, 1112.25
11.80, 1172.49
11.81, 1081.47
11.81, 1084.10
11.81, 1162.88
11.81, 1067.73
11.81, 1109.85
11.81, 1080.49
11.81, 1101.54
11.81, 1060.70
11.81, 1069.25
11.82, 1071.55
11.81, 1076.57
11.81, 1066.24
11.81, 1084.95
11.81, 1101.83
11.81, 1066.74
11.82, 1043.66
11.80, 1097.46
11.81, 1085.66
11.81, 1051.26
11.81, 1113.13
11.81, 1102.58
11.81, 1080.44
11.81, 1096.10
11.81, 1068.96
11.81, 1075.38
11.82, 1059.12
11.81, 1084.04
11.81, 1075.58
11.81, 1056.91
11.81, 1073.58
11.81, 1080.28
11.80, 1093.40
11.81, 1041.64
11.81, 1066.30
11.81, 1059.19
11.81, 1093.66
11.80, 1127.27
11.81, 1067.65
11.81, 1069.71
11.81, 1086.48
11.81, 1095.15
11.80, 1140.41
11.80, 1108.31
11.81, 1029.05
11.81, 1071.96
11.81, 1064.14
11.80, 1105.20
11.81, 1069.30
11.81, 1070.50
11.81, 1109.98
11.81, 1108.39
11.80, 1109.34
11.81, 1039.67
11.81, 1096.94
11.81, 1103.53
11.80, 1132.87
11.80, 1096.37
11.80, 1060.33
11.81, 1094.18
11.81, 1064.91
11.81, 1084.91
11.81, 1081.15
11.81, 1090.09
11.81, 1099.21
11.81, 1111.53
11.81, 1098.97
11.81, 1132.66
11.80, 1111.47
11.80, 1131.43
11.81, 1110.53
11.80, 1132.64
11.80, 1116.86
11.80, 1116.92
11.80, 1111.35
11.80, 1156.46
11.80, 1150.35
11.80, 1141.27
11.80, 1102.32
11.81, 1103.21
11.80, 1157.20
11.80, 1111.33
11.80, 1102.98
11.81, 1121.13
11.80, 1098.15
11.81, 1090.39
11.81, 1061.27
11.81, 1146.07
11.81, 1107.10
11.80, 1104.60
11.80, 1163.36
11.81, 1081.59
11.81, 1077.73
11.81, 2512.85
11.99, 1567.47
12.22, 989.12
12.59, 428.16
12.84, 414.06
12.93, 723.61
12.89, 1078.02
12.83, 1243.40
12.79, 1177.41
12.84, 929.49
12.87, 949.57
12.87, 1072.20
12.84, 1136.53
12.83, 1066.22
12.86, 994.40
12.86, 1025.18
12.85, 1150.33
12.83, 1124.62
12.83, 1031.35
12.85, 992.49
12.88, 961.96
12.87, 1029.85
12.84, 1184.87
12.83, 1099.26
12.84, 1005.55
12.88, 947.62
12.87, 991.26
12.87, 1040.03
12.85, 1109.29
12.84, 1090.81
12.85, 1009.86
12.86, 992.63
12.86, 1035.02
12.86, 1048.63
12.85, 1058.81
12.85, 1076.77
12.85, 1062.08
12.85, 1041.02
12.85, 1034.89
12.86, 1011.65
12.86, 1050.19
12.86, 1083.60
12.85, 1073.80
12.85, 1071.55
12.85, 1109.20
12.86, 1017.64
12.87, 1023.20
12.86, 1064.66
12.85, 1113.28
12.85, 1029.70
12.86, 1041.16
12.86, 1032.83
12.86, 1037.64
12.86, 1051.03
12.85, 1046.85
12.85, 1083.04
12.86, 1017.48
12.86, 1042.30
12.86, 1031.44
12.86, 1038.92
12.86, 1064.08
12.86, 1031.72
12.86, 1048.73
12.85, 1049.26
12.86, 1005.40
12.87, 1025.11
12.86, 1069.52
12.86, 1060.37
12.86, 1096.73
12.86, 1031.86
12.86, 1022.29
12.87, 1026.41
12.86, 1054.75
12.86, 1037.36
12.86, 1005.53
12.85, 1032.00
12.86, 1031.03
12.86, 1014.35
12.86, 1009.84
12.86, 1057.84
12.86, 1056.40
12.86, 1003.84
12.85, 1068.60
12.86, 1046.26
12.86, 1021.90
12.86, 1031.33
12.85, 1056.48
12.85, 1048.59
12.86, 1056.72
12.85, 1047.95
12.86, 1039.51
12.86, 1003.88
12.86, 1016.75
12.86, 1027.68
12.86, 1035.30
12.86, 1020.49
12.85, 1134.54
12.85, 1034.98
12.86, 1009.57
12.86, 1036.33
12.85, 1082.27
12.86, 1034.57
12.86, 1066.45
12.86, 1080.45
12.86, 1004.44
12.86, 1060.86
12.86, 1048.48
12.86, 1049.03
12.86, 1014.98
12.86, 1037.23
12.87, 990.91
12.87, 1014.73
12.87, 1023.81
12.86, 1087.98
12.86, 1048.85
12.87, 1002.11
12.87, 1076.61
12.87, 1003.21
12.87, 1035.43
12.87, 1046.57
12.87, 1053.26
12.86, 1037.11
12.87, 1001.42
12.87, 997.14
12.87, 1054.75
12.87, 1032.95
12.87, 1028.62
12.86, 1003.49
12.87, 997.38
12.87, 1000.15
12.87, 1004.44
12.87, 1038.71
12.87, 1021.54
12.87, 1008.53
12.87, 1030.74
12.87, 1069.86
12.87, 1044.38
12.87, 1037.99
12.87, 1031.71
12.87, 1035.44
12.86, 1046.32
12.87, 1014.31
12.87, 1067.21
12.87, 1037.48
12.87, 1025.97
12.87, 1032.60
12.87, 1049.52
12.87, 1041.50
12.87, 1041.77
12.87, 1039.67
12.88, 1057.74
12.88, 1037.91
12.87, 1033.03
12.88, 1022.89
12.87, 1036.43
12.88, 1004.63
12.87, 1037.55
12.87, 1026.41
12.87, 1047.95
12.87, 1025.20
12.87, 1020.16
12.87, 1012.33
12.87, 1017.68
12.87, 1062.92
12.87, 1005.53
12.87, 1049.79
12.87, 1042.49
12.87, 1042.83
12.87, 1036.28
12.87, 1015.60
12.87, 1018.22
12.87, 1047.91
12.87, 1022.64
12.88, 967.01
12.87, 1030.85
12.87, 1024.87
12.87, 1020.13
12.87, 1014.72
12.87, 1053.21
12.87, 1030.77
12.87, 1041.08
12.87, 1031.47
12.87, 1051.38
12.87, 1017.12
12.88, 1032.04
12.88, 1015.68
12.88, 992.60
12.88, 999.66
12.88, 1008.91
12.88, 1009.36
12.88, 1072.35
12.88, 1010.19
12.88, 1017.72
12.88, 1033.69
12.88, 1002.40
12.87, 1045.72
12.88, 1029.86
12.88, 1017.28
12.88, 1018.46
12.88, 981.03
12.87, 1033.84
12.87, 1031.45
12.88, 986.17
12.88, 1003.87
12.88, 1008.56
12.88, 983.57
12.87, 1019.15
12.87, 1052.51
12.88, 990.36
12.88, 1010.36
12.88, 1016.05
12.87, 1041.15
12.88, 1012.67
12.88, 1021.25
12.88, 1009.63
12.87, 1039.14
12.87, 1036.69
12.87, 1020.89
12.88, 1026.71
12.87, 1009.72
12.87, 1037.23
12.87, 1039.10
12.87, 1044.42
12.87, 1049.68
12.87, 1009.56
12.87, 1093.06
12.87, 1038.38
12.87, 1033.52
12.87, 1009.49
12.87, 1050.78
12.87, 1011.55
12.87, 1023.08
12.87, 1018.58
12.87, 1039.85
12.87, 1057.14
12.87, 1037.52
12.87, 1045.54
12.87, 1003.66
12.87, 1022.85
12.87, 1073.14
12.87, 1048.74
12.87, 1004.07
12.87, 1025.29
12.87, 1046.98
12.87, 1016.31
12.87, 1024.05
12.87, 1047.41
12.87, 1020.90
12.87, 1022.48
12.87, 1014.09
12.87, 1011.96
12.87, 1052.81
12.87, 1056.60
12.87, 987.96
12.87, 1073.58
12.87, 1063.29
12.87, 1017.64
12.87, 1058.10
12.87, 1034.41
12.87, 1012.90
12.88, 1031.03
12.88, 1006.12
12.86, 1073.02
12.87, 1017.52
12.87, 1029.68
12.87, 1007.67
12.87, 980.39
12.86, 1068.86
12.87, 997.20
12.87, 1059.88
12.88, 980.39
12.87, 1073.86
12.87, 1050.81
12.87, 1015.61
12.87, 985.14
12.88, 1047.97
12.87, 1018.81
12.87, 1058.63
12.87, 1028.25
12.87, 1030.27
12.87, 2430.00
12.96, 1784.03
13.20, 1380.79
13.52, 547.83
13.74, 506.31
13.91, 604.88
13.93, 1023.70
13.87, 1208.57
13.86, 1080.68
13.88, 924.89
13.92, 910.28
13.91, 1021.28
13.89, 1063.37
13.89, 1053.09
13.90, 933.56
13.92, 932.08
13.91, 1008.31
13.90, 1047.22
13.89, 1036.60
13.91, 915.95
13.93, 895.33
13.92, 1004.14
13.91, 1069.64
13.89, 1049.22
13.90, 961.22
13.92, 886.65
13.93, 919.63
13.93, 993.67
13.91, 1024.35
13.90, 1011.04
13.91, 1019.22
13.93, 888.84
13.93, 994.08
13.92, 1007.13
13.92, 977.48
13.92, 980.82
13.91, 1048.30
13.92, 976.38
13.92, 1004.63
13.92, 968.13
13.93, 980.79
13.93, 976.25
13.92, 1009.61
13.92, 962.00
13.92, 967.81
13.93, 946.06
13.93, 945.13
13.93, 958.21
13.93, 965.94
13.92, 974.44
13.92, 966.84
13.92, 976.34
13.93, 937.94
13.93, 946.68
13.92, 1018.71
13.92, 1009.65
13.92, 905.14
13.92, 1005.46
13.91, 1039.21
13.93, 944.17
13.92, 987.56
13.92, 990.05
13.92, 966.01
13.92, 952.87
13.92, 996.29
13.92, 956.28
13.92, 958.45
13.93, 989.00
13.92, 1032.74
13.92, 985.97
13.92, 1008.23
13.91, 1005.78
13.92, 993.40
13.92, 1034.91
13.92, 1010.48
13.92, 998.58
13.92, 964.92
13.92, 1005.32
13.92, 979.60
13.93, 978.21
13.92, 995.57
13.92, 995.77
13.91, 1020.02
13.92, 962.52
13.92, 1031.14
13.92, 1007.32
13.92, 957.52
13.92, 996.76
13.92, 986.16
13.92, 953.63
13.92, 1039.28
13.92, 956.67
13.92, 967.96
13.92, 1009.44
13.91, 1015.13
13.91, 993.23
13.92, 980.79
13.92, 950.57
13.92, 961.24
13.92, 979.00
13.92, 1069.51
13.92, 963.09
13.92, 943.19
13.92, 979.32
13.92, 980.74
13.92, 963.38
13.93, 958.13
13.92, 1000.02
13.91, 991.25
13.92, 976.34
13.92, 1019.68
13.91, 991.05
13.92, 963.47
13.92, 1022.95
13.91, 1027.05
13.92, 985.88
13.92, 988.10
13.91, 982.92
13.92, 951.77
13.92, 961.66
13.92, 995.57
13.92, 986.24
13.92, 958.51
13.92, 1004.08
13.92, 978.43
13.92, 936.83
13.92, 1008.07
13.91, 992.53
13.92, 984.68
13.91, 1000.84
13.92, 1026.62
13.92, 945.02
13.91, 1029.10
13.92, 993.41
13.92, 971.67
13.92, 982.19
13.92, 947.33
13.92, 918.52
13.92, 1013.40
13.92, 956.99
13.92, 973.74
13.92, 1008.48
13.91, 993.77
13.91, 983.12
13.92, 1016.01
13.91, 991.70
13.91, 988.86
13.91, 999.14
13.91, 989.94
13.91, 1002.13
13.91, 1016.45
13.92, 930.13
13.91, 1006.52
13.91, 1017.66
13.91, 1006.07
13.91, 1000.99
13.91, 970.84
13.91, 1016.35
13.91, 1000.41
13.91, 960.42
13.91, 1006.37
13.91, 977.59
13.91, 991.78
13.91, 1025.42
13.91, 979.36
13.91, 1022.11
13.91, 975.59
13.91, 1004.87
13.91, 978.96
13.91, 1003.31
13.91, 993.76
13.91, 980.78
13.91, 1008.56
13.91, 994.53
13.91, 995.19
13.91, 1032.96
13.91, 1004.09
13.91, 977.59
13.91, 1056.27
13.91, 1021.59
13.91, 978.34
13.91, 999.42
13.91, 1009.66
13.91, 997.58
13.91, 973.67
13.91, 977.24
13.91, 954.34
13.91, 1030.18
13.91, 995.01
13.91, 964.34
13.91, 1022.23
13.91, 1001.11
13.91, 1007.94
13.91, 1031.37
13.91, 1000.70
13.91, 1002.05
13.91, 968.83
13.91, 1027.91
13.91, 1033.23
13.90, 1028.99
13.91, 1025.67
13.91, 1026.45
13.90, 1062.40
13.90, 988.91
13.90, 1034.69
13.90, 1026.99
13.91, 1024.90
13.91, 1039.54
13.90, 990.51
13.90, 1063.95
13.91, 1013.08
13.91, 1022.94
13.91, 992.18
13.91, 996.46
13.91, 1027.17
13.91, 974.81
13.91, 1022.01
13.91, 1010.17
13.91, 981.36
13.92, 963.78
13.91, 993.56
13.91, 1012.54
13.91, 1008.02
13.91, 976.11
13.90, 1014.14
13.91, 982.55
13.91, 1015.47
13.90, 1017.67
13.91, 1020.14
13.91, 985.28
13.91, 1022.04
13.90, 1022.33
13.91, 971.88
13.91, 1011.27
13.90, 1051.19
13.91, 995.47
13.90, 1014.68
13.90, 1036.33
13.91, 984.08
13.90, 1020.23
13.90, 1010.48
13.91, 998.85
13.91, 997.82
13.91, 995.75
13.91, 994.94
13.90, 1015.28
13.90, 1015.82
13.91, 998.18
13.90, 1026.49
13.90, 1020.21
13.90, 1029.45
13.90, 1028.41
13.90, 1005.49
13.90, 993.01
13.90, 1019.83
13.90, 1008.56
13.91, 953.64
13.90, 1036.09
13.90, 983.40
13.91, 1005.03
13.91, 1007.09
13.91, 988.15
13.91, 1007.00
13.91, 1008.56
13.90, 1028.12
13.90, 1055.53
13.91, 1008.22
13.91, 1065.51
13.91, 963.75
13.92, 987.88
13.91, 1009.97
13.91, 995.15
13.91, 997.82
13.91, 974.95
13.91, 983.20
13.91, 999.46
13.91, 1014.50
13.91, 1017.82
13.90, 1043.44
13.91, 1015.85
13.91, 987.53
13.91, 1024.60
13.91, 1013.49
13.91, 989.81
13.91, 993.71
13.91, 986.93
13.91, 1023.00
13.91, 1041.77
13.91, 946.69
13.91, 1042.12
13.91, 1010.44
13.91, 995.37
13.91, 1031.46
13.91, 1006.38
13.91, 955.04
13.92, 985.36
13.93, 2200.49
14.17, 1419.24
14.45, 606.60
14.73, 554.84
14.87, 710.11
14.89, 1040.38
14.84, 1230.10
14.81, 1178.90
14.84, 996.40
14.89, 927.21
14.89, 1049.60
14.86, 1185.77
14.85, 1096.62
14.88, 962.33
14.89, 1019.91
14.88, 1122.19
14.86, 1127.19
14.86, 1062.82
14.88, 958.67
14.90, 974.51
14.90, 1106.66
14.88, 1140.39
14.85, 1143.53
14.86, 1037.04
14.88, 1010.18
14.90, 981.67
14.90, 1061.84
14.87, 1166.64
14.86, 1153.11
14.87, 1003.78
14.89, 1019.80
14.89, 1053.56
14.88, 1089.49
14.88, 1047.92
14.88, 1011.88
14.88, 1002.98
14.88, 1084.26
14.87, 1071.61
14.87, 1067.33
14.87, 1109.22
14.88, 1018.13
14.88, 1109.30
14.87, 1091.38
14.86, 1093.05
14.87, 1050.28
14.89, 992.20
14.89, 1078.25
14.87, 1098.50
14.87, 1087.33
14.87, 1067.58
14.87, 1058.18
14.88, 1027.94
14.89, 1020.33
14.87, 1128.39
14.86, 1074.97
14.87, 1054.49
14.87, 1020.98
14.87, 1026.87
14.88, 1046.27
14.87, 1066.25
14.87, 1065.55
14.87, 1064.53
14.87, 1083.89
14.87, 1121.48
14.88, 1065.31
14.89, 1016.98
14.88, 1091.81
14.87, 1064.31
14.87, 1108.09
14.87, 1057.82
14.88, 1043.09
14.88, 1047.46
14.88, 1057.90
14.88, 1076.88
14.87, 1036.72
14.88, 1092.21
14.88, 1034.70
14.88, 1054.51
14.88, 1056.94
14.88, 1074.95
14.88, 1077.55
14.88, 1051.52
14.88, 1056.64
14.88, 1078.98
14.88, 1042.11
14.88, 1076.40
14.88, 1053.43
14.88, 1078.73
14.88, 1054.61
14.88, 1040.90
14.88, 1072.59
14.88, 1042.47
14.87, 1081.90
14.88, 1087.73
14.87, 1121.92
14.88, 1074.91
14.88, 1076.71
14.88, 1041.89
14.88, 1078.21
14.88, 1073.31
14.88, 1058.22
14.88, 1027.26
14.88, 1057.11
14.88, 1048.62
14.88, 1034.53
14.88, 1139.18
14.88, 1100.54
14.88, 1055.46
14.88, 1091.93
14.87, -47.94
14.88, 1058.31
14.88, 1072.69
14.87, 1085.42
14.87, 1062.50
14.88, 1079.62
14.87, 1059.24
14.87, 1074.84
14.87, 1067.71
14.87, 1038.02
14.87, 1055.75
14.87, 1062.51
14.87, 1030.78
14.88, 1071.00
14.88, 1065.42
14.88, 1070.17
14.88, 1031.23
14.88, 1058.59
14.88, 1012.03
14.88, 1065.02
14.88, 1062.39
14.88, 1018.15
14.87, 1115.06
14.87, 1111.47
14.88, 1051.94
14.88, 1061.04
14.87, 1099.72
14.87, 1068.88
14.88, 1051.72
14.87, 1098.56
14.87, 1079.47
14.87, 1085.63
14.87, 1084.27
14.87, 1068.42
14.87, 1072.70
14.87, 1097.26
14.87, 1108.34
14.87, 1071.59
14.87, 1069.44
14.87, 1088.78
14.87, 1085.46
14.87, 1071.88
14.87, 1097.06
14.87, 1084.39
14.87, 1086.84
14.87, 1037.42
14.87, 1104.91
14.87, 1061.94
14.87, 1059.90
14.87, 1059.58
14.88, 1059.42
14.87, 1099.83
14.87, 1091.26
14.87, 1062.18
14.87, 1080.45
14.87, 1116.60
14.87, 1056.85
14.87, 1097.46
14.88, 1052.16
14.88, 1081.83
14.87, 1092.30
14.87, 1089.10
14.87, 1067.04
14.87, 1075.47
14.88, 1095.12
14.88, 1090.86
14.88, 1064.71
14.88, 1077.55
14.87, 1082.21
14.88, 1026.43
14.88, 1086.92
14.87, 1097.78
14.88, 1110.64
14.87, 1129.35
14.88, 1086.56
14.87, 1105.68
14.88, 1097.37
14.87, 1088.72
14.88, 1052.49
14.88, 1094.83
14.88, 1057.29
14.88, 1059.10
14.87, 1074.36
14.87, 1060.41
14.88, 990.87
14.88, 1098.42
14.87, 1097.66
14.87, 1071.67
14.87, 1063.45
14.88, 1031.01
14.88, 1071.45
14.88, 1049.25
14.88, 1024.37
14.88, 1032.91
14.87, 1065.91
14.88, 1046.01
14.87, 1111.06
14.87, 1102.07
14.88, 1076.24
14.88, 1034.60
14.88, 1100.04
14.88, 1057.27
14.87, 1089.95
14.87, 1087.88
14.87, 1079.47
14.88, 1064.88
14.88, 1079.07
14.88, 1071.60
14.88, 1026.30
14.88, 1048.66
14.88, 1068.01
14.88, 1053.99
14.88, 1074.81
14.88, 1078.80
14.88, 1041.83
14.88, 1080.92
14.89, 1049.77
14.88, 1093.17
14.88, 1047.16
14.89, 1045.57
14.89, 1071.58
14.88, 1067.67
14.91, 2250.09
15.14, 1411.77
15.46, 707.50
15.75, 509.11
15.90, 566.08
15.92, 1100.45
15.86, 1322.95
15.82, 1244.34
15.84, 1056.26
15.88, 978.37
15.90, 1047.55
15.87, 1137.07
15.85, 1140.14
15.86, 1055.17
15.89, 1067.86
15.88, 1084.17
15.86, 1174.75
15.86, 1123.37
15.86, 1140.87
15.88, 1031.08
15.90, 1014.82
15.88, 1125.65
15.86, 1159.82
15.85, 1127.05
15.86, 1020.15
15.88, 1033.42
15.89, 1053.67
15.87, 1140.94
15.85, 1157.31
15.85, 1132.30
15.86, 1029.65
15.88, 1010.54
15.88, 1076.76
15.87, 1124.41
15.86, 1050.60
15.87, 1051.34
15.87, 1071.88
15.87, 1141.02
15.87, 1104.96
15.87, 1079.81
15.88, 1063.32
15.88, 1107.97
15.87, 1112.32
15.87, 1128.83
15.87, 1099.74
15.87, 1049.81
15.89, 1028.00
15.88, 1103.09
15.87, 1131.41
15.87, 1110.32
15.87, 1115.23
15.88, 1026.71
15.88, 1061.56
15.89, 1047.66
15.87, 1126.11
15.87, 1128.83
15.88, 1053.07
15.88, 1116.49
15.88, 1061.73
15.87, 1176.03
15.88, 1073.39
15.87, 1119.84
15.88, 1071.53
15.88, 1111.90
15.87, 1023.19
15.88, 1062.53
15.88, 1091.21
15.87, 1169.68
15.87, 1109.63
15.87, 1137.68
15.87, 1075.46
15.88, 1051.97
15.88, 1078.10
15.87, 1107.16
15.87, 1099.81
15.87, 1115.99
15.86, 1116.28
15.86, 1158.41
15.87, 1094.83
15.86, 1097.27
15.86, 1122.44
15.87, 1068.53
15.86, 1135.15
15.87, 1095.66
15.87, 1024.82
15.87, 1023.05
15.87, 1089.27
15.87, 1099.38
15.87, 1084.38
15.87, 1095.08
15.87, 1128.16
15.88, 1075.64
15.88, 1098.95
15.87, 1107.32
15.87, 1084.76
15.88, 1072.54
15.86, 1190.90
15.87, 1097.26
15.88, 1059.44
15.88, 1112.32
15.87, 1091.51
15.87, 1103.66
15.88, 1093.60
15.87, 1123.46
15.87, 1063.86
15.87, 1146.76
15.87, 1080.90
15.87, 1088.14
15.87, 1042.34
15.87, 1117.65
15.88, 1085.04
15.88, 1108.11
15.88, 1094.60
15.88, 1082.57
15.88, 1060.78
15.87, 1163.01
15.88, 1081.48
15.88, 1088.34
15.88, 1121.57
15.88, 1065.41
15.88, 1050.78
15.88, 1102.49
15.88, 1103.73
15.88, 1091.50
15.88, 1100.53
15.87, 1094.29
15.87, 1100.85
15.87, 1115.03
15.87, 1088.51
15.88, 1050.61
15.87, 1088.79
15.87, 1089.77
15.87, 1157.02
15.87, 1111.68
15.87, 1088.09
15.87, 1097.08
15.87, 1164.94
15.87, 1122.37
15.87, 1116.22
15.87, 1129.64
15.87, 1090.68
15.87, 1115.33
15.87, 1099.40
15.87, 1121.24
15.87, 1051.41
15.87, 1107.77
15.87, 1121.84
15.87, 1110.10
15.87, 1078.49
15.87, 1119.63
15.88, 1081.83
15.88, 1066.34
15.88, 1096.36
15.87, 1115.05
15.88, 1099.79
15.88, 1073.67
15.87, 1149.57
15.88, 1096.52
15.87, 1146.62
15.87, 1120.55
15.87, 1105.68
15.88, 1106.21
15.88, 1097.33
15.88, 1088.43
15.88, 1091.45
15.88, 1114.63
15.88, 1081.91
15.88, 1068.67
15.88, 1090.79
15.88, 1056.62
15.88, 1102.01
15.88, 1069.76
15.88, 1094.80
15.88, 1087.82
15.87, 1167.19
15.87, 1178.16
15.88, 1075.18
15.88, 1088.23
15.88, 1074.97
15.88, 1088.51
15.88, 1100.72
15.88, 1146.79
15.89, 1090.48
15.88, 1100.90
15.88, 1114.17
15.88, 1087.05
15.89, 1052.66
15.88, 1079.08
15.88, 1087.35
15.88, 1075.71
15.88, 1072.95
15.88, 1104.40
15.89, 1067.25
15.89, 1092.29
15.88, 1115.30
15.88, 1072.23
15.88, 1079.08
15.88, 1084.19
15.88, 1126.47
15.87, 1174.91
15.87, 1102.28
15.87, 1102.86
15.87, 1125.82
15.87, 1108.10
15.87, 1114.92
15.87, 1128.24
15.88, 1073.21
15.88, 1120.56
15.87, 1144.00
15.87, 1086.98
15.87, 1133.31
15.88, 1077.33
15.88, 1085.21
15.88, 1133.29
15.87, 1133.36
15.87, 1125.17
15.88, 1123.78
15.88, 1079.19
15.88, 1117.31
15.88, 1130.18
15.88, 1105.05
15.88, 1087.53
15.88, 1108.04
15.88, 1079.66
15.88, 1092.05
15.88, 1118.35
15.88, 1105.43
15.88, 1082.39
15.88, 1060.38
15.87, 1104.43
15.88, 1103.88
15.88, 1076.25
15.89, 1090.30
15.88, 1096.34
15.88, 1095.08
15.88, 1124.73
15.88, 1109.86
15.88, 1052.35
15.89, 1080.88
15.88, 1110.51
15.88, 1094.84
15.88, 1079.83
15.88, 1118.24
15.88, 1112.34
15.88, 1089.59
15.89, 1042.80
15.89, 1107.02
15.88, 1080.96
15.88, 1092.50
15.88, 1102.40
15.88, 1094.71
15.88, 1063.18
15.88, 1094.81
15.89, 1068.37
15.88, 1114.59
15.88, 1085.04
15.88, 1093.17
15.88, 1127.79
15.88, 1123.65
15.88, 1078.29
15.88, 1059.92
15.88, 1103.06
15.88, 1060.23
15.88, 1116.13
15.88, 1074.50
15.88, 1132.44
15.88, 1099.93
15.88, 1081.41
15.88, 1113.12
15.88, 1092.34
15.88, 1085.60
15.88, 1049.49
15.88, 1124.51
15.88, 1096.60
15.88, 1106.92
15.88, 1115.32
15.88, 1084.74
15.88, 1099.96
15.89, 1061.51
15.88, 1086.24
15.88, 1094.38
15.89, 1090.85
15.88, 1115.47
15.88, 1150.94
15.88, 1128.76
15.88, 1124.71
15.88, 1074.81
15.88, 1061.16
15.87, 1116.14
15.88, 1075.98
15.88, 1057.12
15.88, 1104.51
15.88, 1115.95
15.88, 1090.72
15.87, 1176.46
15.88, 1075.72
15.88, 1073.48
15.88, 1099.45
15.88, 1102.85
15.88, 1109.95
15.88, 1109.86
15.88, 1097.34
15.88, 1092.77
15.88, 1094.46
15.88, 1064.80
15.88, 1120.47
15.87, 1137.81
15.89, 2451.31
16.07, 1582.10
16.35, 996.60
16.64, 499.07
16.87, 549.29
16.95, 799.34
16.93, 1177.81
16.87, 1300.43
16.88, 1065.35
16.92, 952.11
16.95, 1187.01
16.94, 1069.07
16.93, 1044.99
16.93, 1022.71
16.95, 972.94
16.95, 1024.43
16.94, 1089.50
16.93, 1062.53
16.94, 986.43
16.96, 968.87
16.97, 977.05
16.95, 1051.88
16.94, 1042.33
16.93, 1056.13
16.94, 991.11
16.96, 1187.24
16.97, 987.68
16.95, 1052.14
16.94, 1056.38
16.94, 970.80
16.95, 975.05
16.95, 1024.73
16.96, 986.24
16.95, 1047.80
16.95, 1014.18
16.95, 1016.99
16.95, 999.63
16.95, 1032.28
16.96, 1016.59
16.95, 1009.39
16.96, 1002.98
16.95, 1047.71
16.94, 1081.16
16.94, 1005.86
16.95, 995.64
16.95, 1043.30
16.96, 1015.59
16.95, 1014.88
16.94, 1048.37
16.94, 1042.39
16.95, 964.64
16.96, 995.30
16.96, 1005.58
16.96, 1004.53
16.95, 1010.35
16.96, 987.22
16.96, 985.86
16.96, 1007.47
16.96, 978.46
16.96, 1015.34
16.96, 985.68
16.96, 992.88
16.96, 977.89
16.96, 1002.22
16.96, 1005.82
16.96, 984.68
16.96, 1000.24
16.96, 976.67
16.95, 1055.77
16.95, 1000.18
16.96, 986.62
16.96, 995.85
16.97, 1002.32
16.96, 1016.31
16.96, 1008.02
16.95, 1044.73
16.96, 970.01
16.97, 1005.57
16.96, 1028.77
16.95, 1062.07
16.95, 1019.61
16.96, 1032.74
16.96, 987.28
16.96, 996.89
16.96, 991.63
16.95, 1010.59
16.96, 1007.94
16.96, 1002.15
16.96, 995.72
16.95, 1021.10
16.96, 997.38
16.96, 1012.23
16.96, 1002.80
16.96, 1019.31
16.95, 1026.91
16.96, 1018.91
16.96, 1013.41
16.96, 973.84
16.96, 1034.30
16.95, 1047.10
16.95, 1023.14
16.95, 1029.86
16.95, 1013.35
16.95, 1014.47
16.96, 1021.58
16.95, 1024.33
16.95, 1007.17
16.95, 1006.00
16.95, 998.91
16.95, 1019.49
16.95, 1031.43
16.95, 1020.97
16.95, 1013.78
16.95, 1001.27
16.95, 1001.35
16.95, 996.95
16.95, 1033.09
16.95, 1056.88
16.94, 1018.60
16.95, 1024.08
16.95, 1021.73
16.94, 1050.89
16.95, 1014.08
16.95, 992.34
16.94, 1036.84
16.95, 975.41
16.95, 1029.93
16.94, 1033.92
16.95, 1005.10
16.95, 978.75
16.95, 1096.28
16.95, 1002.88
16.95, 1012.62
16.94, 1054.13
16.94, 1036.37
16.95, 1025.99
16.95, 1039.80
16.94, 1040.38
16.95, 1000.58
16.95, 1001.97
16.94, 1079.02
16.95, 985.16
16.95, 998.72
16.95, 1013.89
16.95, 1006.96
16.95, 1040.80
16.94, 1041.26
16.95, 1012.29
16.95, 1027.01
16.95, 1023.32
16.95, 1022.30
16.95, 979.81
16.94, 1084.33
16.94, 1026.45
16.95, 1006.77
16.94, 1044.61
16.95, 1026.06
16.95, 1030.88
16.95, 995.29
16.94, 1080.69
16.95, 997.68
16.95, 1017.58
16.95, 1005.08
16.95, 1020.09
16.95, 1016.78
16.95, 992.39
16.95, 952.52
16.95, 1011.83
16.95, 1030.90
16.95, 1010.53
16.94, 1012.76
16.94, 1021.16
16.94, 1046.15
16.94, 1042.29
16.94, 994.44
16.94, 1011.65
16.94, 1087.89
16.94, 1029.79
16.94, 1051.61
16.93, 1074.22
16.94, 1014.59
16.94, 1029.02
16.94, 1020.18
16.94, 1072.58
16.93, 1050.63
16.94, 1036.34
16.93, 1049.92
16.93, 1048.98
16.94, 1034.78
16.94, 1061.55
16.93, 1022.08
16.94, 1051.33
16.94, 1017.63
16.93, 1075.75
16.94, 1021.24
16.94, 1030.00
16.94, 1042.07
16.93, 1038.02
16.93, 1050.76
16.93, 1051.31
16.94, 1030.04
16.94, 1017.25
16.94, 1000.83
16.94, 1049.43
16.94, 1013.45
16.93, 1091.92
16.94, 1025.56
16.93, 1032.55
16.93, 1018.25
16.94, 1048.60
16.93, 1055.39
16.93, 1044.84
16.93, 1042.27
16.93, 1035.26
16.93, 1076.13
16.93, 1063.77
16.93, 1076.28
16.93, 1026.43
16.93, 1028.68
16.93, 1038.17
16.94, 1014.27
16.94, 1018.07
16.93, 1040.36
16.94, 1044.76
16.93, 2455.09
17.03, 1988.58
17.23, 1420.07
17.56, 661.33
17.76, 672.38
17.90, 788.34
17.90, 1171.22
17.83, 1407.33
17.79, 1338.38
17.82, 1122.36
17.86, 1039.50
17.87, 1163.74
17.84, 1292.58
17.82, 1227.30
17.84, 1115.99
17.85, 1148.06
17.84, 1210.94
17.82, 1271.35
17.83, 1184.06
17.84, 1149.28
17.86, 1105.68
17.85, 1271.96
17.83, 1292.90
17.81, 1251.53
17.83, 1148.16
17.85, 1090.54
17.86, 1146.22
17.85, 1226.14
17.83, 1254.97
17.83, 1199.51
17.84, 1126.48
17.86, 1139.02
17.85, 1218.97
17.84, 1186.61
17.84, 1225.38
17.85, 1200.59
17.85, 1178.05
17.85, 1180.09
17.85, 1197.49
17.85, 1187.64
17.85, 1170.12
17.85, 1189.17
17.84, 1232.11
17.84, 1181.44
17.84, 1167.63
17.85, 1136.27
17.86, 1142.27
17.85, 1218.87
17.84, 1217.65
17.84, 1204.79
17.85, 1163.49
17.86, 1127.40
17.86, 1169.19
17.85, 1215.88
17.85, 1197.07
17.85, 1180.33
17.85, 1158.53
17.85, 1176.75
17.85, 1170.72
17.86, 1125.49
17.85, 1188.14
17.84, 1212.05
17.85, 1182.33
17.84, 1194.25
17.84, 1172.96
17.85, 1149.50
17.85, 1183.67
17.84, 1209.49
17.83, 1237.26
17.84, 1146.68
17.84, 1152.32
17.84, 1177.63
17.85, 1169.53
17.84, 1226.38
17.84, 1181.68
17.84, 1159.54
17.84, 1200.59
17.85, 1143.12
17.84, 1188.57
17.84, 1196.56
17.84, 1197.04
17.84, 1204.42
17.84, 1158.05
17.85, 1117.87
17.84, 1214.90
17.85, 1184.14
17.85, 1162.46
17.85, 1198.77
17.84, 1185.22
17.85, 1175.51
17.85, 1225.30
17.85, 1177.11
17.86, 1139.15
17.85, 1200.06
17.85, 1213.44
17.85, 1169.08
17.85, 1155.81
17.86, 1142.51
17.86, 1161.93
17.85, 1172.80
17.85, 1180.87
17.85, 1176.64
17.85, 1181.92
17.85, 1203.10
17.85, 1131.16
17.84, 1259.81
17.85, 1202.03
17.85, 1158.95
17.85, 1176.51
17.85, 1191.26
17.85, 1173.05
17.86, 1142.27
17.85, 1165.55
17.86, 1154.38
17.86, 1166.05
17.85, 1177.58
17.85, 1174.64
17.85, 1186.59
17.86, 1164.64
17.85, 1204.24
17.85, 1170.47
17.85, 1177.93
17.85, 1199.56
17.85, 1170.30
17.85, 1169.34
17.85, 1183.25
17.85, 1160.08
17.85, 1151.77
17.85, 1170.04
17.84, 1190.36
17.84, 1188.26
17.85, 1176.45
17.85, 1192.89
17.84, 1231.12
17.85, 1159.98
17.85, 1206.52
17.85, 1189.39
17.85, 1182.69
17.85, 1186.59
17.85, 1177.09
17.85, 1189.89
17.85, 1167.16
17.85, 1227.24
17.85, 1210.16
17.84, 1205.07
17.85, 1172.34
17.85, 1205.21
17.85, 1187.24
17.85, 1189.02
17.85, 1186.15
17.85, 1175.25
17.85, 1171.25
17.85, 1168.46
17.84, 1200.09
17.85, 1157.74
17.85, 1217.63
17.85, 1211.56
17.84, 1204.44
17.85, 1181.20
17.85, 1193.75
17.84, 1196.24
17.84, 1175.56
17.85, 1190.50
17.85, 1195.58
17.85, 1182.79
17.85, 1174.41
17.85, 1182.07
17.85, 1182.80
17.85, 1186.43
17.85, 1192.12
17.85, 1187.39
17.84, 1206.99
17.85, 1170.28
17.85, 1202.83
17.85, 1199.30
17.85, 1189.53
17.85, 1168.62
17.85, 1238.45
17.85, 1172.63
17.85, 1179.60
17.85, 1180.22
17.85, 1181.37
17.84, 1246.81
17.85, 1255.67
17.85, 1185.23
17.85, 1181.80
17.85, 1192.76
17.85, 1187.70
17.85, 1146.07
17.86, 1155.50
17.86, 1170.97
17.86, 1167.28
17.86, 1148.80
17.85, 1186.65
17.86, 1176.54
17.86, 1172.98
17.85, 1142.99
17.85, 1143.41
17.85, 1155.15
17.85, 1173.80
17.86, 1136.97
17.85, 1181.54
17.85, 1172.20
17.85, 1175.81
17.85, 1179.53
17.85, 1174.54
17.85, 1197.34
17.86, 1142.91
17.86, 1130.30
17.85, 1192.24
17.85, 1167.74
17.85, 1190.08
17.85, 1208.62
17.85, 1178.07
17.85, 1136.73
17.85, 1187.23
17.85, 1163.51
17.85, 1173.11
17.85, 1218.83
17.85, 1189.77
17.85, 1187.20
17.85, 1188.90
17.85, 1218.91
17.85, 2586.49
17.96, 2131.34
18.16, 1456.93
18.54, 577.00
18.77, 587.46
18.94, 705.85
18.94, 1203.23
18.87, 1400.05
18.84, 1282.02
18.86, 1083.71
18.90, 1012.59
18.91, 1113.81
18.89, 1233.84
18.87, 1188.05
18.89, 1087.54
18.91, 1107.26
18.90, 1188.56
18.88, 1206.34
18.87, 1161.78
18.89, 1078.79
18.92, 1030.19
18.92, 1122.64
18.90, 1191.13
18.87, 1230.31
18.88, 1120.96
18.91, 1069.99
18.92, 1144.72
18.92, 1118.06
18.89, 1200.90
18.87, 1221.31
18.89, 1129.31
18.91, 1065.24
18.91, 1129.07
18.89, 1194.83
18.90, 1172.59
18.89, 1178.54
18.90, 1113.74
18.90, 1133.01
18.89, 1182.90
18.89, 1132.87
18.90, 1097.26
18.90, 1123.27
18.90, 1164.92
18.89, 1182.28
18.88, 1172.73
18.89, 1151.09
18.90, 1104.08
18.90, 1141.57
18.90, 1151.57
18.88, 1193.95
18.88, 1200.34
18.89, 1103.88
18.89, 1146.81
18.90, 1115.53
18.89, 1166.94
18.89, 1142.03
18.88, 1163.82
18.89, 1123.17
18.89, 1123.01
18.89, 1175.67
18.88, 1153.52
18.88, 1151.39
18.88, 1236.87
18.88, 1164.37
18.88, 1168.89
18.88, 1144.46
18.88, 1148.17
18.88, 1178.29
18.89, 1145.47
18.88, 1192.76
18.88, 1178.65
18.88, 1169.37
18.89, 1141.38
18.89, 1119.02
18.88, 1217.93
18.88, 1173.78
18.88, 1145.56
18.89, 1141.00
18.89, 1113.47
18.89, 1119.48
18.88, 1200.45
18.88, 1150.27
18.89, 1145.01
18.89, 1138.77
18.89, 1145.04
18.88, 1157.49
18.88, 1138.52
18.88, 1172.89
18.88, 1161.48
18.88, 1148.51
18.89, 1127.71
18.88, 1161.60
18.89, 1118.41
18.88, 1172.50
18.88, 1128.94
18.88, 1173.71
18.88, 1157.23
18.88, 1156.03
18.88, 1171.00
18.88, 1152.00
18.87, 1181.14
18.87, 1168.43
18.87, 1152.78
18.88, 1156.97
18.87, 1197.10
18.87, 1202.30
18.87, 1180.74
18.88, 1124.39
18.87, 1175.90
18.87, 1185.74
18.87, 1155.45
18.87, 1185.44
18.87, 1161.72
18.87, 1217.65
18.87, 1203.10
18.87, 1189.26
18.88, 1142.78
18.87, 1179.16
18.87, 1193.79
18.87, 1195.18
18.87, 1171.09
18.87, 1157.07
18.88, 1187.25
18.87, 1162.68
18.88, 1170.59
18.87, 1208.18
18.88, 1167.17
18.88, 1185.80
18.89, 1133.58
18.88, 1185.66
18.89, 1111.93
18.89, 1136.53
18.89, 1154.43
18.89, 1157.24
18.88, 1167.00
18.88, 1200.99
18.88, 1132.06
18.88, 1177.86
18.89, 1144.77
18.88, 1183.04
18.88, 1168.17
18.88, 1224.78
18.88, 1172.36
18.89, 1152.65
18.88, 1182.05
18.88, 1209.27
18.88, 1150.62
18.88, 1190.60
18.88, 1180.49
18.88, 1182.14
18.88, 1188.29
18.88, 1163.09
18.88, 1191.25
18.87, 1183.42
18.88, 1171.57
18.88, 1175.60
18.87, 1140.45
18.87, 1176.64
18.88, 1129.01
18.88, 1189.58
18.88, 1169.71
18.88, 1171.41
18.88, 1135.94
18.89, 1144.86
18.88, 1177.14
18.88, 1137.41
18.88, 1159.69
18.88, 1184.17
18.88, 1160.54
18.88, 1142.24
18.88, 1142.35
18.88, 1163.54
18.88, 1148.43
18.89, 1104.99
18.89, 1131.50
18.89, 1171.59
18.89, 1179.30
18.88, 1172.08
18.88, 1170.38
18.89, 1135.62
18.89, 1134.18
18.89, 1149.55
18.89, 1142.27
18.88, 1172.07
18.89, 1145.55
18.89, 1153.19
18.89, 1214.04
18.89, 1160.95
18.89, 1150.08
18.89, 1152.98
18.89, 1159.31
18.89, 1230.69
18.88, 1171.86
18.89, 1160.36
18.89, 1164.16
18.89, 1168.19
18.89, 1143.36
18.89, 1180.79
18.88, 1160.78
18.89, 1122.78
18.89, 1167.97
18.89, 1109.10
18.89, 1147.12
18.89, 1151.99
18.88, 1197.14
18.89, 1182.33
18.89, 1155.29
18.89, 1161.18
18.89, 1116.58
18.89, 1143.34
18.89, 1158.94
18.89, 1190.26
18.89, 1157.67
18.89, 1151.89
18.89, 1142.66
18.89, 1144.19
18.89, 1140.56
18.89, 1112.69
18.89, 1130.47
18.89, 1137.45
18.89, 1162.45
18.89, 1147.93
18.90, 1113.23
18.89, 1145.53
18.90, 1132.48
18.89, 1154.32
18.89, 1136.72
18.89, 1207.79
18.89, 1233.22
18.89, 1165.86
18.90, 1133.00
18.90, 1138.83
18.89, 1148.56
18.90, 1160.44
18.90, 1148.27
18.89, 1165.15
18.90, 1146.04
18.90, 1183.99
18.89, 1176.60
18.90, 1144.50
18.89, 1165.42
18.96, 2054.20
19.16, 1518.29
19.50, 644.53
19.78, 589.01
19.94, 591.39
19.99, 1008.28
19.94, 1297.42
19.89, 1278.04
19.89, 1161.16
19.93, 1010.85
19.95, 1049.05
19.94, 1160.01
19.93, 1154.79
19.94, 1052.71
19.94, 1114.07
19.94, 1129.31
19.93, 1114.07
19.92, 1152.52
19.93, 1124.72
19.94, 1035.54
19.95, 1072.13
19.94, 1167.71
19.92, 1197.99
19.91, 1176.30
19.93, 1042.10
19.95, 1020.91
19.95, 1103.91
19.94, 1171.66
19.92, 1133.17
19.92, 1146.07
19.93, 1060.89
19.95, 988.06
19.95, 1107.19
19.94, 1118.90
19.93, 1187.61
19.94, 1061.84
19.94, 1037.34
19.94, 1131.55
19.94, 1113.12
19.94, 1148.26
19.95, 1088.68
19.94, 1115.22
19.94, 1095.66
19.94, 1118.48
19.94, 1040.99
19.95, 1025.15
19.96, 1035.63
19.95, 1113.64
19.94, 1117.91
19.94, 1083.09
19.94, 1121.67
19.95, 1068.69
19.96, 1080.18
19.95, 1135.33
19.94, 1113.07
19.94, 1090.48
19.94, 1082.22
19.95, 1043.24
19.95, 1111.34
19.95, 1108.22
19.95, 1097.08
19.94, 1097.90
19.95, 1087.01
19.95, 1105.66
19.95, 1088.41
19.94, 1064.49
19.95, 1083.60
19.95, 1093.53
19.95, 1074.14
19.95, 1120.19
19.94, 1061.43
19.95, 1067.02
19.95, 1060.13
19.94, 1123.94
19.94, 1089.90
19.94, 1099.42
19.94, 1097.26
19.95, 1064.42
19.95, 1145.02
19.94, 1120.08
19.95, 1039.36
19.95, 1112.93
19.95, 1060.70
19.94, 1094.71
19.94, 1078.67
19.94, 1092.33
19.95, 1052.57
19.94, 1095.03
19.94, 1083.74
19.94, 1091.82
19.94, 1115.87
19.94, 1003.53
19.94, 1138.61
19.94, 1116.33
19.94, 1094.49
19.94, 1124.75
19.94, 1095.94
19.94, 1109.08
19.93, 1152.56
19.94, 1099.93
19.94, 1124.39
19.94, 1106.87
19.94, 1123.63
19.94, 1143.77
19.94, 1080.87
19.94, 1102.47
19.94, 1111.88
19.94, 1093.74
19.94, 1089.58
19.94, 1103.11
19.94, 1132.29
19.94, 1102.34
19.95, 1083.45
19.95, 1096.90
19.94, 1097.77
19.94, 1107.89
19.94, 1088.59
19.95, 1058.30
19.95, 1096.04
19.95, 1110.54
19.95, 1079.86
19.95, 1078.26
19.95, 1090.35
19.96, 1068.25
19.95, 1134.91
19.95, 1155.07
19.96, 1076.38
19.95, 1115.10
19.96, 1083.44
19.96, 1099.58
19.96, 1093.67
19.96, 1080.22
19.96, 1043.23
19.96, 1081.15
19.96, 1066.05
19.96, 1087.89
19.96, 1060.34
19.96, 1027.36
19.96, 1079.44
19.96, 1087.46
19.96, 1078.85
19.96, 1092.77
19.96, 1045.72
19.97, 1041.17
19.96, 1060.30
19.96, 1086.75
19.96, 1058.39
19.96, 1085.01
19.97, 1056.57
19.97, 1047.39
19.97, 1075.09
19.97, 1104.51
19.96, 1126.45
19.97, 1075.03
19.97, 1076.60
19.97, 1039.92
19.96, 1065.97
19.97, 1051.42
19.97, 1058.56
19.97, 1071.30
19.97, 1033.05
19.97, 1103.17
19.97, 1055.06
19.97, 1024.27
19.97, 1080.43
19.96, 1072.95
19.96, 1060.27
19.96, 1074.85
19.97, 995.55
19.97, 1076.52
19.97, 1117.86
19.96, 1131.25
19.97, 1070.09
19.97, 1113.35
19.97, 1054.65
19.98, 1033.52
19.97, 1063.99
19.97, 1035.20
19.97, 1034.70
19.98, 1055.33
19.97, 1044.46
19.98, 1034.32
19.98, 1225.44
19.97, 1050.51
19.98, 1052.55
19.98, 1026.50
19.98, 1044.16
19.97, 1069.68
19.99, 971.11
19.98, 1090.44
19.98, 1058.48
19.98, 1051.28
19.98, 1030.12
19.97, 1102.32
19.97, 1065.27
19.98, 1006.93
19.98, 1044.45
19.97, 1097.79
19.97, 1092.85
19.97, 1086.37
19.97, 1094.96
19.98, 1066.84
19.98, 1034.62
19.98, 1053.14
19.98, 1047.31
19.98, 1030.73
19.98, 1057.91
19.98, 1073.47
19.97, 1112.82
19.98, 1063.54
19.98, 1017.59
19.98, 1075.21
19.98, 1054.65
19.98, 1064.46
19.99, 995.60
19.98, 1030.66
20.04, 2011.30
20.28, 1424.34
20.55, 720.04
20.79, 702.08
20.93, 838.80
20.92, 1193.73
20.86, 1391.14
20.85, 1273.92
20.87, 1106.52
20.91, 1012.10
20.91, 1159.43
20.89, 1268.94
20.88, 1191.97
20.90, 1092.09
20.91, 1157.07
20.89, 1272.33
20.89, 1212.06
20.88, 1199.73
20.90, 1167.08
20.92, 1044.23
20.93, 1144.48
20.90, 1278.04
20.88, 1249.42
20.88, 1156.91
20.91, 1094.36
20.93, 1094.87
20.93, 1201.28
20.91, 1232.80
20.89, 1270.30
20.90, 1125.60
20.92, 1133.52
20.92, 1167.01
20.92, 1229.69
20.91, 1193.08
20.91, 1167.87
20.92, 1075.69
20.92, 1190.77
20.92, 1157.12
20.92, 1149.10
20.92, 1153.40
20.92, 1134.91
20.92, 1166.13
20.91, 1234.28
20.91, 1162.00
20.92, 1140.47
20.92, 1143.39
20.92, 1212.91
20.92, 1151.64
20.91, 1212.12
20.91, 1165.41
20.91, 1168.59
20.91, 1185.17
20.91, 1162.51
20.91, 1180.28
20.90, 1174.31
20.91, 1179.57
20.90, 1168.29
20.91, 1148.34
20.92, 1148.38
20.91, 1180.28
20.91, 1169.20
20.91, 1181.61
20.90, 1192.50
20.90, 1159.40
20.91, 1156.15
20.91, 1181.92
20.91, 1153.18
20.90, 1176.11
20.90, 1188.26
20.91, 1153.06
20.91, 1147.13
20.91, 1149.51
20.91, 1170.83
20.91, 1177.97
20.91, 1168.35
20.91, 1187.52
20.91, 1156.32
20.91, 1159.76
20.91, 1198.03
20.91, 1165.77
20.90, 1206.38
20.91, 1172.64
20.91, 1132.61
20.91, 1168.97
20.91, 1149.57
20.91, 1166.94
20.91, 1170.44
20.91, 1166.08
20.91, 1115.74
20.91, 1190.56
20.91, 1153.94
20.92, 1144.08
20.92, 1143.88
20.91, 1154.96
20.91, 1166.93
20.91, 1145.98
20.92, 1128.59
20.92, 1140.83
20.92, 1151.58
20.91, 1182.34
20.91, 1158.62
20.92, 1126.98
20.92, 1163.95
20.92, 1166.87
20.92, 1141.21
20.92, 1150.58
20.92, 1166.89
20.92, 1152.76
20.91, 1172.33
20.92, 1143.32
20.91, 1156.79
20.91, 1168.06
20.91, 1132.09
20.91, 1185.80
20.91, 1129.41
20.91, 1188.97
20.91, 1160.14
20.91, 1166.17
20.91, 1164.72
20.90, 1191.43
20.91, 1168.56
20.91, 1109.20
20.91, 1156.53
20.91, 1160.49
20.91, 1173.58
20.90, 1170.01
20.90, 1163.25
20.91, 1124.56
20.91, 1201.81
20.91, 1163.88
20.91, 1160.20
20.91, 1180.57
20.90, 1183.85
20.91, 1152.42
20.90, 1233.50
20.91, 1157.70
20.91, 1153.86
20.91, 1182.86
20.91, 1181.31
20.91, 1155.91
20.91, 1147.49
20.91, 1225.84
20.91, 1158.71
20.91, 1138.71
20.91, 1180.65
20.91, 1154.23
20.91, 1155.07
20.92, 1126.14
20.91, 1213.75
20.91, 1162.46
20.91, 1145.92
20.92, 1177.77
20.91, 1172.56
20.91, 1132.22
20.92, 1131.65
20.92, 1133.38
20.92, 1140.34
20.92, 1174.33
20.91, 1190.22
20.92, 1162.56
20.93, 1090.82
20.92, 1163.48
20.92, 1183.99
20.92, 1153.66
20.92, 1173.39
20.92, 1150.19
20.92, 1161.45
20.92, 1173.03
20.91, 1196.79
20.92, 1155.67
20.92, 1148.88
20.92, 1163.68
20.92, 1143.84
20.92, 1171.93
20.92, 1175.44
20.91, 1206.15
20.92, 1153.36
20.92, 1159.70
20.92, 1140.95
20.92, 1137.45
20.92, 1188.64
20.92, 1142.92
20.92, 1146.09
20.92, 1143.45
20.92, 1165.70
20.92, 1133.89
20.92, 1142.36
20.91, 1175.26
20.91, 1180.30
20.92, 1112.30
20.92, 1155.33
20.92, 1161.37
20.92, 1167.20
20.91, 1176.15
20.91, 1162.73
20.91, 1171.68
20.92, 1122.21
20.91, 1189.38
20.91, 1153.16
20.91, 1176.94
20.91, 1175.36
20.91, 1151.21
20.91, 1232.82
20.91, 1178.37
20.92, 1133.68
20.91, 1175.17
20.91, 1147.51
20.91, 1152.21
20.91, 1170.47
20.91, 1176.81
20.91, 1171.56
20.91, 1160.82
20.91, 1150.73
20.91, 1178.99
20.91, 1153.61
20.91, 1167.23
20.91, 1173.01
20.91, 1163.55
20.91, 1176.75
20.91, 1178.80
20.91, 1159.37
20.91, 1159.28
20.91, 1173.36
20.90, 1145.58
20.92, 1127.36
20.91, 1175.79
20.91, 1173.46
20.91, 1183.01
20.91, 1187.37
20.91, 1178.65
20.91, 1144.55
20.91, 1141.86
20.91, 1173.17
20.91, 1172.74
20.91, 1174.35
20.91, 1162.15
20.91, 1158.28
20.92, 1145.85
20.91, 1171.69
20.91, 1165.76
20.91, 1156.03
20.91, 1185.59
20.91, 1183.30
20.91, 1204.34
20.91, 1171.92
20.91, 1173.61
20.92, 1138.85
20.91, 1249.35
20.92, 1172.92
20.91, 1185.82
20.91, 1156.84
20.92, 1136.84
20.91, 1164.67
20.91, 1230.24
20.91, 1119.12
20.91, 1130.42
20.91, 1155.63
20.91, 1178.43
20.91, 1197.75
20.91, 1136.98
20.91, 1151.83
20.91, 1137.63
20.90, 1203.32
20.90, 1168.43
20.91, 1180.09
20.91, 1169.90
20.91, 1172.78
20.90, 1197.09
20.90, 1188.94
20.90, 1175.00
20.91, 1157.50
20.91, 1156.71
20.91, 1141.40
20.91, 1148.06
20.91, 1139.30
20.91, 2569.13
21.07, 1631.85
21.35, 989.24
21.69, 605.23
21.91, 623.13
21.98, 914.96
21.93, 1314.75
21.86, 1471.17
21.84, 1291.01
21.87, 1112.12
21.91, 1063.76
21.91, 1225.41
21.89, 1325.65
21.87, 1235.69
21.89, 1169.51
21.90, 1190.09
21.90, 1221.12
21.88, 1287.44
21.87, 1238.47
21.89, 1179.25
21.92, 1250.54
21.92, 1203.78
21.90, 1280.45
21.88, 1297.20
21.88, 1153.62
21.90, 1160.38
21.92, 1135.88
21.92, 1189.03
21.89, 1291.03
21.88, 1244.07
21.89, 1124.47
21.91, 1133.81
21.92, 1170.87
21.91, 1210.47
21.90, 1207.02
21.90, 1188.40
21.91, 1145.29
21.91, 1177.71
21.90, 1208.34
21.90, 1234.66
21.90, 1279.23
21.90, 1193.98
21.91, 1197.25
21.90, 1229.58
21.90, 1168.04
21.90, 1220.07
21.91, 1139.77
21.92, 1112.73
21.91, 1231.69
21.90, 1240.10
21.90, 1191.43
21.90, 1173.27
21.91, 1193.93
21.91, 1201.74
21.90, 1210.45
21.90, 1211.85
21.90, 1199.96
21.90, 1181.14
21.90, 1225.69
21.90, 1190.16
21.90, 1207.53
21.90, 1206.32
21.90, 1213.50
21.90, 1203.60
21.89, 1200.90
21.89, 1170.90
21.90, 1246.64
21.90, 1195.38
21.90, 1189.75
21.90, 1211.40
21.89, 1248.30
21.90, 1202.23
21.90, 1163.90
21.91, 1193.13
21.91, 1189.11
21.91, 1198.70
21.90, 1218.21
21.90, 1199.53
21.90, 1161.55
21.90, 1193.58
21.90, 1189.33
21.90, 1176.35
21.90, 1220.42
21.90, 1204.80
21.90, 1245.77
21.89, 1242.70
21.90, 1152.03
21.90, 1179.58
21.90, 1217.53
21.90, 1175.85
21.90, 1200.97
21.90, 1253.60
21.89, 1226.59
21.90, 1165.19
21.90, 1188.63
21.90, 1188.94
21.90, 1182.42
21.89, 1236.80
21.89, 1266.12
21.88, 1287.19
21.89, 1156.09
21.90, 1182.60
21.90, 1183.05
21.89, 1227.47
21.89, 1218.31
21.89, 1211.95
21.89, 1213.54
21.89, 1199.77
21.90, 1240.79
21.89, 1176.61
21.89, 1202.82
21.89, 1197.41
21.89, 1250.30
21.89, 1231.41
21.89, 1205.66
21.90, 1278.50
21.90, 1166.46
21.91, 1126.08
21.90, 1203.22
21.89, 1217.25
21.90, 1150.21
21.90, 1193.23
21.90, 1168.99
21.90, 1200.11
21.90, 1211.18
21.90, 1192.75
21.90, 1219.79
21.90, 1166.64
21.90, 1206.75
21.90, 1217.63
21.90, 1187.11
21.90, 1206.03
21.90, 1201.29
21.89, 1224.30
21.89, 1239.91
21.90, 1215.65
21.90, 1212.00
21.90, 1204.52
21.90, 1214.71
21.90, 1211.18
21.90, 1201.60
21.89, 1244.47
21.89, 1232.85
21.90, 1239.40
21.90, 1231.85
21.90, 1148.14
21.90, 1223.15
21.90, 1196.19
21.90, 1200.18
21.89, 1221.11
21.89, 1213.48
21.90, 1190.97
21.90, 1191.78
21.90, 1198.31
21.90, 1193.92
21.90, 1212.21
21.90, 1193.00
21.91, 1163.88
21.90, 1258.49
21.90, 1214.58
21.91, 1193.46
21.91, 1163.80
21.91, 1182.77
21.91, 1189.39
21.91, 1197.98
21.91, 1191.83
21.91, 1203.29
21.91, 1193.26
21.91, 1200.47
21.92, 1140.64
21.91, 1181.10
21.91, 1177.99
21.91, 1134.77
21.91, 1182.32
21.91, 1163.80
21.92, 1168.16
21.91, 1211.54
21.91, 1185.18
21.91, 1158.14
21.91, 1199.45
21.91, 1134.02
21.92, 1126.56
21.91, 1252.52
21.91, 1194.81
21.91, 1193.34
21.91, 1198.83
21.91, 1172.93
21.91, 1230.93
21.92, 1141.55
21.91, 1192.53
21.92, 1199.58
21.91, 1209.81
21.91, 1195.85
21.90, 1217.73
21.92, 1139.93
21.92, 1215.08
21.92, 1183.52
21.92, 1178.59
21.92, 1146.24
21.91, 1243.28
21.92, 1157.70
21.93, 1167.00
21.92, 1184.55
21.92, 1160.89
21.93, 1147.39
21.91, 1257.70
21.92, 1140.22
21.92, 1177.76
21.92, 1194.16
21.92, 1191.36
21.92, 1156.97
21.92, 1220.05
21.91, 1213.66
21.91, 1180.71
21.92, 1155.42
21.92, 1199.35
21.92, 1164.00
21.92, 1188.95
21.91, 1200.19
21.91, 1188.66
21.92, 1211.31
21.92, 1192.87
21.92, 1181.36
21.92, 1186.51
21.92, 1197.42
21.92, 1141.11
21.93, 1116.27
21.92, 1179.20
21.92, 1198.62
21.92, 1211.17
21.92, 1187.49
21.92, 1186.22
21.92, 1169.95
21.92, 1200.82
21.91, 1186.60
21.92, 1167.79
21.92, 1165.95
21.92, 1180.42
21.92, 1194.84
21.92, 1196.57
21.92, 1172.58
21.91, 1239.67
21.92, 1183.20
21.91, 1203.54
21.91, 1153.34
21.91, 1213.52
21.91, 1163.57
21.92, 1139.67
21.91, 1191.58
21.91, 1206.42
21.91, 2572.63
22.10, 1807.39
22.35, 1049.71
22.69, 610.79
22.92, 590.22
23.01, 836.11
22.97, 1282.74
22.90, 1387.87
22.89, 1213.32
22.92, 1120.95
22.95, 1034.32
22.95, 1207.27
22.92, 1244.60
22.92, 1227.97
22.94, 1128.70
22.93, 1191.59
22.94, 1135.44
22.92, 1223.57
22.92, 1212.67
22.93, 1125.36
22.96, 1043.56
22.96, 1178.50
22.94, 1233.40
22.92, 1234.39
22.93, 1102.12
22.94, 1122.64
22.96, 1065.55
22.96, 1152.31
22.94, 1229.06
22.92, 1218.94
22.92, 1186.76
22.94, 1096.79
22.96, 1264.00
22.95, 1233.68
22.94, 1174.10
22.93, 1200.43
22.93, 1173.10
22.94, 1204.49
22.94, 1150.21
22.94, 1164.45
22.94, 1174.64
22.94, 1133.12
22.93, 1199.76
22.94, 1146.48
22.94, 1150.90
22.94, 1165.55
22.94, 1123.89
22.94, 1178.34
22.94, 1169.65
22.94, 1120.88
22.93, 1159.63
22.93, 1208.21
22.94, 1113.52
22.94, 1181.85
22.94, 1177.42
22.94, 1146.37
22.93, 1158.22
22.93, 1224.60
22.94, 1155.18
22.93, 1228.80
22.94, 1163.58
22.93, 1192.12
22.93, 1171.56
22.93, 1189.34
22.93, 1146.25
22.94, 1156.64
22.94, 1181.93
22.93, 1167.83
22.93, 1196.30
22.93, 1170.14
22.92, 1241.99
22.93, 1214.27
22.92, 1208.14
22.93, 1157.03
22.93, 1186.71
22.93, 1167.45
22.93, 1200.76
22.92, 1208.94
22.93, 1129.65
22.93, 1153.88
22.93, 1211.98
22.94, 1168.29
22.93, 1208.15
22.92, 1244.86
22.93, 1150.02
22.94, 1121.06
22.93, 1191.85
22.93, 1192.71
22.93, 1140.20
22.93, 1163.38
22.93, 1221.89
22.93, 1189.67
22.93, 1178.74
22.93, 1211.41
22.93, 1200.16
22.93, 1187.98
22.92, 1205.01
22.92, 1149.35
22.93, 1159.55
22.92, 1178.85
22.92, 1150.07
22.93, 1198.76
22.92, 1228.51
22.92, 1191.31
22.93, 1147.83
22.93, 1177.56
22.93, 1174.49
22.93, 1188.52
22.92, 1171.99
22.93, 1127.26
22.93, 1181.78
22.93, 1192.10
22.93, 1186.58
22.93, 1204.28
22.93, 1218.40
22.93, 1212.87
22.93, 1171.71
22.93, 1167.31
22.93, 1204.09
22.93, 1205.98
22.93, 1235.93
22.93, 1148.20
22.93, 1190.02
22.93, 1160.07
22.93, 1179.49
22.94, 1126.78
22.94, 1121.20
22.93, 1177.47
22.93, 1134.22
22.93, 1170.72
22.94, 1156.56
22.94, 1143.68
22.93, 1204.03
22.93, 1178.10
22.94, 1150.99
22.93, 1196.95
22.93, 1225.00
22.93, 1181.66
22.93, 1181.40
22.93, 1231.03
22.93, 1181.10
22.93, 1174.66
22.93, 1204.70
22.93, 1232.25
22.93, 1185.00
22.93, 1191.02
22.93, 1170.51
22.93, 1207.44
22.93, 1174.83
22.93, 1152.97
22.93, 1217.18
22.93, 1192.15
22.93, 1185.02
22.93, 1186.45
22.93, 1152.26
22.93, 1184.49
22.93, 1164.28
22.93, 1191.89
22.93, 1204.12
22.92, 1219.71
22.93, 1177.04
22.93, 1175.93
22.93, 1196.82
22.93, 1184.45
22.93, 1161.18
22.93, 1147.41
22.93, 1235.14
22.93, 1194.13
22.93, 1208.56
22.93, 1179.77
22.93, 1183.60
22.93, 1206.41
22.93, 1168.35
22.93, 1179.14
22.93, 1163.99
22.93, 1172.53
22.93, 1188.85
22.93, 1191.52
22.93, 1213.48
22.93, 1196.18
22.93, 1168.36
22.94, 1134.83
22.93, 1199.50
22.93, 1176.19
22.93, 1179.15
22.93, 1228.38
22.94, 1169.11
22.94, 1175.91
22.94, 1185.50
22.93, 1185.29
22.93, 1169.37
22.93, 1206.14
22.93, 1197.54
22.93, 1194.59
22.93, 1217.66
22.93, 1188.34
22.93, 1159.12
22.93, 1198.16
22.93, 1175.33
22.94, 1195.90
22.93, 1222.34
22.93, 1213.28
22.93, 1187.72
22.93, 1242.14
22.93, 1215.66
22.93, 1183.11
22.93, 1228.98
22.93, 1182.69
22.93, 1201.81
22.93, 1206.64
22.93, 1186.03
22.93, 1224.66
22.93, 2625.45
23.05, 1806.13
23.31, 1227.84
23.66, 631.43
23.86, 619.16
23.99, 827.80
23.98, 1256.11
23.92, 1353.91
23.90, 1251.22
23.92, 1070.01
23.97, 1020.84
23.98, 1151.51
23.95, 1256.66
23.95, 1276.55
23.98, 1017.62
23.99, 1024.41
23.98, 1144.97
23.96, 1206.95
23.96, 1165.87
23.97, 1077.92
24.00, 1022.88
24.00, 1121.46
23.97, 1230.57
23.95, 1211.71
23.96, 1095.26
23.99, 1126.43
24.00, 1042.77
23.99, 1126.54
23.97, 1225.72
23.96, 1204.29
23.97, 1116.24
23.99, 1038.86
24.00, 1092.10
23.99, 1156.11
23.98, 1165.60
23.97, 1120.45
23.98, 1095.97
23.99, 1057.58
23.99, 1150.62
23.98, 1152.02
23.98, 1120.31
23.98, 1196.36
23.99, 1089.30
23.98, 1105.89
23.98, 1277.00
23.99, 1115.28
24.00, 1062.96
24.00, 1062.12
23.99, 1169.61
23.98, 1152.41
23.98, 1118.26
23.99, 1277.03
23.99, 1114.82
23.99, 1109.32
23.99, 1161.76
23.98, 1163.08
23.98, 1126.87
23.99, 1106.08
24.00, 1090.77
23.99, 1134.94
23.98, 1176.46
23.98, 1137.67
23.98, 1277.02
23.99, 1073.94
24.00, 1077.54
23.99, 1137.93
23.99, 1123.55
23.99, 1123.85
23.99, 1164.29
23.99, 1163.21
23.99, 1150.07
23.99, 1129.56
23.99, 1120.65
23.99, 1122.42
23.99, 1153.33
23.99, 1139.84
23.99, 1112.85
23.98, 1140.60
24.00, 1034.61
24.00, 1078.73
23.99, 1124.37
23.99, 1277.12
23.99, 1106.95
23.99, 1109.58
24.00, 1065.43
24.00, 1113.12
24.00, 1115.36
23.99, 1135.06
23.99, 1093.09
24.00, 1136.64
24.00, 1092.18
24.01, 1073.72
24.00, 1136.78
24.00, 1184.45
24.00, 1083.18
24.01, 1078.70
24.01, 1092.75
24.01, 1086.90
24.00, 1140.81
24.00, 1277.28
24.01, 1090.76
24.01, 1098.48
24.00, 1138.54
24.01, 1277.31
24.00, 1093.77
24.01, 1063.42
24.01, 1086.71
24.00, 1180.69
24.00, 1132.82
24.01, 1098.06
24.01, 1277.31
24.02, 1097.86
24.02, 1072.65
24.01, 1123.14
24.01, 1277.33
24.01, 1076.32
24.02, 1057.98
24.01, 1160.42
24.01, 1059.08
24.01, 1125.79
24.01, 1080.43
24.00, 1149.94
24.00, 1086.17
24.01, 1110.73
24.00, 1098.08
24.00, 1277.24
24.00, 1139.94
24.01, 1039.71
24.01, 1116.94
24.00, 1094.02
24.01, 1072.63
24.01, 1066.55
24.01, 1277.28
24.02, 1093.04
24.01, 1080.11
24.01, 1096.76
24.01, 1072.69
24.02, 1053.86
24.01, 1069.99
24.01, 1277.35
24.02, 993.66
24.01, 1093.52
24.01, 1092.55
24.01, 1067.02
24.01, 1277.36
24.01, 1121.87
24.01, 1115.78
24.01, 1082.64
24.01, 1058.71
24.01, 1085.00
24.01, 1062.56
24.01, 1072.37
24.01, 1093.97
24.02, 1079.87
24.02, 1079.16
24.01, 1091.14
24.02, 1095.75
24.02, 1068.34
24.02, 1058.09
24.02, 1089.44
24.02, 1085.65
24.01, 1097.38
24.01, 1277.37
24.02, 1060.77
24.02, 1037.93
24.02, 1277.41
24.02, 1030.64
24.01, 1062.70
24.02, 1062.99
24.02, 1053.04
24.01, 1109.65
24.02, 1009.01
24.02, 1116.94
24.02, 1054.72
24.02, 1067.71
24.02, 1094.08
24.01, 1098.67
24.01, 1111.15
24.02, 1108.38
24.02, 1053.49
24.02, 1059.96
24.01, 1118.69
24.01, 1064.27
24.01, 1084.48
24.02, 1060.60
24.02, 1074.53
24.01, 1111.77
24.01, 1084.06
24.02, 1091.76
24.01, 1277.35
24.02, 1033.45
24.02, 1089.95
24.02, 1067.82
24.02, 1089.82
24.01, 1111.95
24.01, 1040.65
24.02, 1097.36
24.01, 1109.66
24.01, 1277.36
24.02, 1069.00
24.02, 1063.63
24.02, 1064.65
24.02, 1090.52
24.01, 1277.39
24.01, 1094.46
24.02, 1066.25
24.01, 1157.17
24.01, 1093.48
24.02, 1063.44
24.01, 1145.53
24.02, 1053.96
24.02, 1045.44
24.02, 1095.99
24.01, 1091.45
24.01, 1083.53
24.02, 1057.43
24.02, 1043.96
24.02, 1077.45
24.01, 2493.50
24.17, 1629.19
24.43, 1037.68
24.72, 770.63
24.89, 709.05
24.97, 1109.86
24.94, 1336.51
24.89, 1372.88
24.89, 1331.02
24.91, 1133.32
24.95, 1096.08
24.95, 1236.42
24.92, 1342.33
24.92, 1189.01
24.94, 1147.16
24.95, 1161.87
24.94, 1226.71
24.93, 1265.17
24.92, 1231.89
24.94, 1138.48
24.96, 1110.67
24.96, 1176.78
24.93, 1365.89
24.91, 1288.66
24.92, 1164.52
24.95, 1085.75
24.96, 1148.10
24.96, 1187.07
24.94, 1289.31
24.92, 1247.02
24.93, 1179.78
24.95, 1145.04
24.95, 1135.31
24.95, 1258.28
24.94, 1223.47
24.94, 1269.40
24.94, 1224.76
24.95, 1149.11
24.95, 1164.05
24.95, 1192.92
24.94, 1206.40
24.95, 1152.39
24.95, 1162.54
24.94, 1225.62
24.94, 1180.19
24.95, 1179.69
24.95, 1224.19
24.95, 1167.38
24.95, 1192.28
24.94, 1233.56
24.93, 1290.19
24.93, 1211.25
24.95, 1192.99
24.95, 1196.87
24.95, 1166.19
24.94, 1239.04
24.94, 1185.94
24.94, 1154.19
24.95, 1180.24
24.95, 1180.97
24.95, 1224.93
24.94, 1223.20
24.94, 1192.40
24.95, 1133.43
24.95, 1220.26
24.95, 1168.10
24.95, 1181.95
24.95, 1212.93
24.94, 1184.76
24.94, 1198.68
24.94, 1186.92
24.94, 1184.73
24.94, 1181.52
24.94, 1236.18
24.94, 1266.85
24.94, 1202.72
24.95, 1168.68
24.95, 1195.48
24.94, 1208.83
24.94, 1180.45
24.96, 1288.65
24.95, 1187.63
24.94, 1216.42
24.94, 1197.14
24.95, 1191.96
24.94, 1185.11
24.95, 1186.21
24.95, 1207.23
24.94, 1233.21
24.94, 1204.20
24.95, 1155.39
24.94, 1190.60
24.94, 1196.97
24.94, 1166.32
24.95, 1127.41
24.95, 1155.31
24.95, 1148.99
24.95, 1184.81
24.94, 1201.03
24.95, 1189.81
24.95, 1198.43
24.95, 1137.02
24.95, 1198.40
24.95, 1161.14
24.95, 1223.08
24.95, 1212.84
24.94, 1197.83
24.95, 1179.80
24.95, 1183.98
24.95, 1178.41
24.94, 1212.04
24.94, 1188.07
24.95, 1176.05
24.95, 1202.20
24.95, 1199.56
24.95, 1189.93
24.94, 1205.88
24.94, 1180.20
24.95, 1149.44
24.95, 1185.38
24.95, 1159.03
24.95, 1228.49
24.94, 1193.44
24.95, 1178.54
24.95, 1188.50
24.95, 1205.02
24.94, 1200.84
24.95, 1161.26
24.95, 1161.48
24.95, 1198.73
24.94, 1198.19
24.94, 1204.74
24.94, 1219.10
24.94, 1150.17
24.94, 1173.83
24.94, 1191.78
24.94, 1214.51
24.94, 1267.83
24.94, 1190.82
24.95, 1170.13
24.94, 1227.95
24.94, 1211.55
24.94, 1190.33
24.94, 1197.31
24.94, 1197.20
24.95, 1189.65
24.94, 1225.73
24.94, 1195.02
24.94, 1185.49
24.94, 1183.61
24.95, 1141.25
24.94, 1249.60
24.94, 1207.29
24.94, 1190.87
24.94, 1202.89
24.94, 1223.95
24.94, 1191.15
24.94, 1219.70
24.94, 1187.50
24.94, 1194.15
24.94, 1199.42
24.94, 1201.45
24.95, 1150.93
24.94, 1174.72
24.94, 1172.03
24.94, 1206.92
24.94, 1237.68
24.93, 1250.47
24.93, 1271.16
24.94, 1204.35
24.94, 1216.74
24.94, 1203.47
24.93, 1208.25
24.93, 1295.26
24.93, 1192.77
24.94, 1146.44
24.94, 1216.76
24.93, 1191.36
24.93, 1217.52
24.92, 1307.94
24.93, 1211.01
24.93, 1195.17
24.93, 1233.84
24.93, 1197.82
24.93, 1193.28
24.92, 1232.15
24.92, 1207.01
24.93, 1213.13
24.92, 1223.86
24.92, 1268.97
24.93, 1216.47
24.92, 1267.39
24.93, 1168.52
24.93, 1211.24
24.93, 1229.85
24.93, 1230.41
24.93, 1214.21
24.93, 1214.40
24.94, 1194.10
24.93, 1209.72
24.93, 1232.65
24.93, 1229.85
24.93, 1213.29
24.93, 1211.48
24.93, 1214.81
24.93, 1254.28
24.94, 1191.51
24.94, 1212.24
24.93, 1247.85
24.93, 1211.39
24.93, 1209.86
24.93, 1225.07
24.93, 1182.15
24.93, 1229.28
24.93, 1277.93
24.93, 1172.63
24.94, 1167.63
24.93, 1216.22
24.93, 1192.02
24.93, 1205.00
24.93, 1227.50
24.93, 1208.33
24.93, 1225.54
24.93, 1239.76
24.93, 1226.20
24.93, 1247.96
24.93, 1225.90
24.93, 1215.16
24.94, 1203.66
24.94, 1225.88
24.94, 1201.31
24.93, 1236.39
24.93, 1212.66
24.93, 1209.06
24.93, 1262.89
24.93, 1241.60
24.93, 1208.67
24.93, 1210.59
24.93, 1202.16
24.93, 1227.25
24.93, 1238.68
24.92, 1286.02
24.93, 1156.38
24.99, 2162.80
25.25, 1486.40
25.59, 736.96
25.81, 669.15
26.00, 689.40
26.01, 1121.50
25.96, 1338.86
25.94, 1254.03
25.95, 1122.74
25.99, 1028.83
26.01, 1040.57
26.00, 1185.22
25.99, 1159.58
26.00, 1086.07
26.01, 1111.47
26.01, 1122.36
26.00, 1193.25
26.00, 1148.01
26.00, 1300.46
26.03, 1010.12
26.03, 1106.03
26.03, 1094.33
26.00, 1150.18
25.98, 1178.23
26.00, 1086.64
26.03, 1026.54
26.03, 1093.20
26.01, 1154.32
26.00, 1165.74
25.99, 1230.80
26.00, 1095.52
26.02, 1049.46
26.02, 1091.04
26.02, 1143.26
26.01, 1162.25
26.00, 1142.91
26.01, 1086.01
26.01, 1117.55
26.01, 1103.82
26.01, 1084.08
26.01, 1300.66
26.01, 1094.74
26.01, 1112.31
26.00, 1156.02
26.00, 1119.34
26.01, 1061.93
26.02, 1054.67
26.02, 1113.53
26.01, 1145.11
26.00, 1171.17
26.01, 1068.10
26.01, 1141.40
26.02, 1079.94
26.02, 1103.17
26.01, 1141.63
26.00, 1147.83
26.00, 1300.52
26.00, 1094.90
26.02, 1058.16
26.02, 1110.86
26.00, 1178.28
26.00, 1152.96
26.01, 1108.43
26.01, 1094.03
26.02, 1120.53
26.02, 1120.85
26.01, 1122.86
26.01, 1110.52
26.02, 1101.33
26.02, 1118.60
26.01, 1149.49
26.01, 1118.20
26.01, 1111.04
26.02, 1086.60
26.01, 1116.87
26.01, 1138.12
26.00, 1146.79
26.01, 1078.31
26.02, 1086.13
26.02, 1104.72
26.01, 1123.20
26.00, 1163.26
26.01, 1107.95
26.01, 1083.28
26.02, 1071.42
26.02, 1110.38
26.01, 1143.05
26.01, 1300.59
26.01, 1111.79
26.02, 1068.92
26.02, 1077.42
26.01, 1158.71
26.01, 1096.99
26.01, 1102.04
26.02, 1089.46
26.01, 1112.95
26.01, 1147.17
26.02, 1098.33
26.02, 1111.62
26.02, 1107.67
26.01, 1135.88
26.01, 1119.98
26.01, 1100.30
26.02, 1088.74
26.02, 1089.89
26.01, 1124.71
26.01, 1110.86
26.01, 1179.20
26.01, 1113.80
26.01, 1119.39
26.02, 1092.16
26.01, 1300.59
26.01, 1106.53
26.01, 1107.21
26.01, 1120.74
25.99, 1217.25
26.00, 1114.09
26.01, 1084.74
26.01, 1147.86
26.01, 1109.09
26.01, 1118.74
26.00, 1142.50
26.01, 1097.23
26.01, 1116.47
26.01, 1300.62
26.00, 1300.55
26.00, 1151.44
26.01, 1081.66
26.01, 1151.20
26.00, 1115.92
26.00, 1163.41
26.00, 1169.78
26.01, 1128.49
26.01, 1127.97
26.01, 1136.52
26.01, 1105.94
26.01, 1103.15
26.01, 1124.71
26.02, 1074.39
26.01, 1121.79
26.01, 1095.82
26.02, 1095.13
26.01, 1107.19
26.01, 1152.75
26.02, 1137.81
26.02, 1124.78
26.02, 1103.43
26.02, 1112.73
26.02, 1080.95
26.02, 1080.69
26.02, 1085.42
26.03, 1075.12
26.03, 1076.71
26.02, 1103.03
26.02, 1093.09
26.02, 1095.65
26.02, 1127.07
26.02, 1105.56
26.03, 1090.42
26.02, 1114.33
26.02, 1104.16
26.02, 1108.75
26.02, 1110.49
26.02, 1100.61
26.03, 1072.58
26.02, 1115.71
26.02, 1124.80
26.02, 1086.33
26.03, 1076.09
26.03, 1087.70
26.03, 1083.71
26.03, 1074.99
26.02, 1104.41
26.02, 1081.54
26.02, 1123.80
26.02, 1077.56
26.03, 1090.22
26.02, 1118.31
26.02, 1300.74
26.03, 1081.38
26.03, 1116.49
26.02, 1092.20
26.03, 1102.54
26.02, 1106.32
26.02, 1101.48
26.02, 1120.64
26.03, 1080.94
26.02, 1153.54
26.01, 1196.26
26.02, 1300.73
26.03, 1100.84
26.03, 1045.34
26.03, 1059.34
26.02, 1110.99
26.02, 1104.74
26.02, 1068.50
26.02, 1114.25
26.02, 1108.07
26.01, 1127.27
26.01, 1105.75
26.02, 1083.66
26.02, 1115.66
26.02, 1084.55
26.01, 1118.36
26.02, 1106.93
26.01, 1096.04
26.02, 1085.89
26.02, 1099.26
26.01, 1166.33
26.02, 1107.08
26.02, 1104.94
26.02, 1095.92
26.02, 1079.10
26.02, 1118.82
26.01, 1126.10
26.02, 1115.90
26.02, 1117.34
26.02, 1146.58
26.01, 1300.68
26.02, 1099.94
26.02, 1099.77
26.02, 1123.41
26.02, 1092.94
26.02, 1099.72
26.02, 1105.68
26.02, 1103.83
26.02, 1300.76
26.03, 1063.00
26.02, 1125.71
26.02, 1076.51
26.02, 1078.98
26.02, 1113.40
26.02, 1097.56
26.02, 1114.29
26.02, 1101.63
26.02, 1100.93
26.02, 1125.81
26.02, 1101.26
26.02, 1180.73
26.02, 1107.04
26.03, 1061.24
26.03, 1081.89
26.02, 1097.86
26.02, 1081.00
26.02, 1103.91
26.02, 1101.63
26.02, 1079.79
26.02, 1110.71
26.02, 1097.04
26.02, 1111.99
26.02, 1109.20
26.02, 1113.46
26.01, 1112.92
26.01, 1115.45
26.02, 1096.65
26.01, 1120.43
26.02, 1092.79
26.02, 1098.60
26.01, 1121.08
26.01, 1115.57
26.01, 1114.48
26.01, 1120.51
26.01, 1107.37
26.01, 1108.81
26.01, 1118.35
26.02, 1082.88
26.02, 1101.69
26.01, 1124.73
26.01, 1106.45
26.02, 1061.52
26.01, 1088.20
26.01, 1109.26
26.02, 1109.19
26.01, 1300.62
26.01, 1114.72
26.01, 1123.89
26.01, 1105.50
26.01, 1101.78
26.01, 1137.16
26.00, 1118.89
26.01, 1101.61
26.01, 1099.00
26.00, 1148.17
26.00, 1161.39
26.00, 1121.62
26.01, 1156.00
26.00, 1210.73
26.00, 1148.74
26.01, 1100.54
26.00, 1110.73
26.00, 1137.08
26.00, 1070.08
26.00, 1119.47
26.00, 1106.44
26.00, 1114.51
26.00, 1210.87
26.00, 1157.34
26.00, 1101.00
26.00, 1115.93
25.99, 1199.04
26.00, 1150.91
26.00, 1111.28
26.00, 1117.78
26.00, 1123.87
26.00, 1135.34
26.00, 1124.63
26.00, 1160.42
26.00, 1152.35
25.99, 1145.66
25.99, 1126.11
25.99, 1113.33
25.99, 1175.45
25.99, 1149.50
25.99, 1166.22
25.99, 1179.69
25.99, 1135.37
26.00, 1088.34
25.99, 1205.97
25.98, 1220.80
25.98, 1140.13
25.99, 1136.87
25.99, 1135.61
25.99, 1138.33
25.99, 2524.86
26.17, 1587.20
26.46, 905.43
26.76, 730.52
26.95, 705.09
27.02, 961.47
26.99, 1253.48
26.96, 1275.23
26.96, 1147.46
26.99, 1052.35
27.02, 1030.32
27.01, 1166.89
26.99, 1261.38
27.00, 1105.87
27.02, 1080.81
27.02, 1147.91
27.00, 1215.66
26.99, 1231.03
26.99, 1136.25
27.02, 1042.66
27.04, 1041.80
27.03, 1145.60
27.00, 1207.51
26.98, 1205.65
26.99, 1112.21
27.02, 1040.34
27.03, 1071.25
27.01, 1231.65
26.99, 1216.50
26.99, 1128.44
27.01, 1100.15
27.02, 1085.82
27.02, 1123.09
27.01, 1145.25
27.00, 1147.49
27.01, 1089.82
27.01, 1094.12
27.01, 1181.78
27.01, 1145.49
27.01, 1118.19
27.02, 1108.85
27.01, 1180.47
27.01, 1193.82
27.00, 1188.13
27.01, 1099.28
27.01, 1091.21
27.02, 1101.11
27.02, 1129.47
27.00, 1193.39
27.00, 1129.18
27.01, 1101.66
27.02, 1078.10
27.02, 1099.14
27.01, 1134.64
27.01, 1149.94
27.01, 1109.54
27.01, 1131.27
27.01, 1119.15
27.01, 1134.43
27.01, 1111.50
27.01, 1160.39
27.01, 1137.20
27.01, 1087.69
27.01, 1166.89
27.01, 1116.83
27.01, 1116.10
27.01, 1127.55
27.01, 1126.19
27.01, 1310.83
27.01, 1135.02
27.01, 1125.08
27.01, 1124.41
27.01, 1119.77
27.01, 1170.59
27.01, 1122.92
27.01, 1127.90
27.01, 1132.44
27.01, 1123.49
27.02, 1082.05
27.01, 1109.94
27.01, 1116.61
27.01, 1109.05
27.00, 1157.72
27.01, 1127.66
27.01, 1128.91
27.01, 1125.72
27.01, 1145.78
27.01, 1117.03
27.01, 1106.84
27.01, 1310.84
27.01, 1107.56
27.01, 1153.22
27.01, 1136.40
27.01, 1150.98
27.01, 1121.40
27.01, 1151.36
27.01, 1135.04
27.01, 1144.60
27.01, 1127.93
27.01, 1101.63
27.01, 1123.76
27.01, 1110.81
27.01, 1121.29
27.01, 1118.84
27.01, 1123.25
27.01, 1115.57
27.01, 1115.41
27.01, 1123.79
27.00, 1224.67
27.01, 1131.52
27.02, 1128.83
27.01, 1310.85
27.01, 1132.00
27.01, 1118.27
27.01, 1120.21
27.01, 1096.14
27.00, 1150.35
27.00, 1119.72
27.01, 1109.62
27.01, 1110.38
27.01, 1106.68
27.01, 1122.76
27.01, 1137.06
27.01, 1156.73
27.01, 1105.68
27.01, 1111.67
27.01, 1112.69
27.01, 1310.86
27.01, 1135.01
27.01, 1124.14
27.01, 1129.79
27.02, 1106.50
27.01, 1110.70
27.01, 1186.60
27.00, 1191.38
27.01, 1127.57
27.01, 1103.45
27.01, 1133.02
27.01, 1136.98
27.01, 1134.73
27.01, 1310.84
27.01, 1134.24
27.01, 1177.50
27.01, 1154.54
27.01, 1310.82
27.01, 1119.81
27.01, 1150.22
27.01, 1122.50
27.01, 1132.94
27.01, 1127.59
27.01, 1108.68
27.01, 1120.31
27.01, 1122.40
27.01, 1087.71
27.01, 1154.78
27.02, 1104.04
27.02, 1099.54
27.02, 1098.15
27.02, 1112.32
27.01, 1113.81
27.01, 1150.45
27.01, 1124.29
27.01, 1119.74
27.01, 1150.87
27.01, 1310.83
27.01, 1120.71
27.01, 1122.67
27.01, 1128.55
27.01, 1130.47
27.01, 1106.23
27.01, 1126.46
27.01, 1130.56
27.01, 1131.46
27.01, 1136.81
27.01, 1125.48
27.01, 1118.39
27.01, 1310.86
27.01, 1145.24
27.01, 1146.86
27.01, 1156.55
27.01, 1127.98
27.01, 1122.67
27.01, 1124.84
27.01, 1107.64
27.01, 1119.85
27.01, 1118.31
27.02, 1116.01
27.01, 1148.02
27.01, 1104.74
27.01, 1105.58
27.01, 1082.45
27.01, 1129.64
27.01, 1126.66
27.01, 1310.84
27.01, 1165.19
27.01, 1118.68
27.01, 1128.84
27.01, 1106.77
27.01, 1136.22
27.01, 1073.05
27.02, 1095.72
27.01, 1127.05
27.02, 1082.46
27.01, 1147.18
27.01, 1310.82
27.01, 1131.49
27.01, 1134.85
27.01, 1184.42
27.01, 1148.24
27.00, 1131.80
27.01, 1110.66
27.01, 1135.51
27.01, 1151.29
27.01, 1108.87
27.01, 1113.17
27.01, 1108.93
27.02, 1089.87
27.02, 1135.94
27.01, 1116.44
27.01, 1111.33
27.02, 1114.55
27.02, 1132.70
27.01, 1129.61
27.02, 1115.54
27.01, 1144.85
27.02, 1106.00
27.02, 1081.88
27.02, 1097.25
27.02, 1117.94
27.02, 1120.30
27.02, 1115.05
27.02, 1075.26
27.02, 1099.33
27.02, 1310.91
27.02, 1095.63
27.05, 2260.87
27.28, 1493.24
27.59, 774.38
27.80, 751.68
27.97, 756.19
27.97, 1235.71
27.91, 1499.15
27.86, 1453.91
27.86, 1319.68
27.90, 1137.18
27.94, 1133.05
27.92, 1323.74
27.90, 1351.45
27.90, 1253.20
27.91, 1286.32
27.91, 1291.62
27.90, 1281.83
27.89, 1317.99
27.90, 1223.76
27.92, 1172.22
27.93, 1224.88
27.92, 1301.14
27.89, 1406.01
27.88, 1324.86
27.90, 1218.23
27.92, 1188.04
27.93, 1242.77
27.91, 1337.94
27.89, 1380.32
27.89, 1256.47
27.91, 1318.85
27.93, 1206.86
27.92, 1256.41
27.91, 1342.07
27.90, 1310.39
27.90, 1287.61
27.91, 1244.31
27.91, 1280.54
27.91, 1280.12
27.91, 1293.16
27.91, 1262.52
27.91, 1235.36
27.91, 1239.41
27.90, 1323.34
27.90, 1265.66
27.91, 1215.97
27.91, 1254.84
27.91, 1257.70
27.91, 1305.93
27.89, 1329.82
27.89, 1266.17
27.91, 1256.48
27.91, 1257.26
27.91, 1295.03
27.90, 1316.93
27.89, 1310.97
27.90, 1231.13
27.91, 1239.89
27.91, 1303.58
27.90, 1318.26
27.90, 1283.71
27.90, 1285.17
27.90, 1283.48
27.90, 1272.30
27.90, 1299.99
27.90, 1354.19
27.90, 1240.18
27.90, 1314.94
27.90, 1308.39
27.90, 1313.88
27.90, 1305.73
27.90, 1293.47
27.90, 1257.78
27.90, 1310.65
27.90, 1257.08
27.90, 1309.76
27.90, 1264.02
27.90, 1249.46
27.91, 1259.74
27.91, 1337.29
27.90, 1339.28
27.90, 1293.68
27.90, 1300.42
27.91, 1249.17
27.91, 1330.66
27.90, 1329.81
27.90, 1302.41
27.91, 1288.69
27.91, 1271.94
27.91, 1250.43
27.91, 1283.35
27.90, 1305.36
27.91, 1283.03
27.91, 1271.56
27.91, 1271.84
27.91, 1292.90
27.90, 1307.26
27.91, 1266.49
27.91, 1258.27
27.90, 1280.49
27.91, 1280.05
27.90, 1284.40
27.90, 1292.71
27.90, 1279.50
27.91, 1265.11
27.90, 1314.56
27.89, 1350.77
27.89, 1370.57
27.89, 1311.19
27.90, 1286.06
27.90, 1313.72
27.89, 1306.59
27.89, 1323.40
27.90, 1299.61
27.90, 1263.49
27.90, 1293.45
27.89, 1319.04
27.90, 1285.08
27.90, 1300.83
27.90, 1283.64
27.90, 1294.55
27.89, 1385.52
27.90, 1238.52
27.90, 1284.60
27.90, 1283.72
27.90, 1307.29
27.90, 1298.65
27.89, 1310.06
27.90, 1267.84
27.90, 1294.99
27.90, 1311.70
27.89, 1301.51
27.90, 1290.60
27.90, 1283.39
27.90, 1335.79
27.90, 1283.29
27.90, 1303.44
27.90, 1287.03
27.90, 1245.57
27.90, 1274.90
27.90, 1268.59
27.90, 1303.55
27.90, 1289.47
27.90, 1259.60
27.90, 1297.44
27.91, 1275.64
27.90, 1309.12
27.90, 1341.08
27.90, 1313.91
27.91, 1268.17
27.90, 1269.04
27.90, 1252.43
27.90, 1282.05
27.90, 1288.43
27.90, 1277.10
27.90, 1299.55
27.90, 1284.26
27.90, 1253.11
27.90, 1298.68
27.90, 1279.46
27.90, 1261.61
27.90, 1285.05
27.90, 1285.60
27.90, 1290.71
27.90, 1331.34
27.90, 1281.82
27.90, 1279.76
27.90, 1299.49
27.90, 1263.12
27.90, 1307.64
27.90, 1291.56
27.90, 1284.25
27.90, 1308.72
27.90, 1271.91
27.90, 1318.97
27.90, 1322.74
27.90, 1278.98
27.90, 1255.75
27.90, 1276.59
27.90, 1327.26
27.89, 1319.75
27.90, 1278.54
27.90, 1312.42
27.91, 1293.32
27.90, 1297.22
27.90, 1304.67
27.90, 1340.16
27.90, 1290.79
27.90, 1304.40
27.90, 1281.50
27.90, 1295.41
27.89, 1313.29
27.89, 1286.80
27.89, 1308.38
27.89, 1347.57
27.89, 1312.52
27.89, 1336.83
27.90, 1291.84
27.89, 1333.05
27.90, 1257.42
27.90, 1334.63
27.89, 1306.28
27.89, 1291.31
27.90, 1262.47
27.90, 1269.31
27.90, 1264.63
27.90, 1289.04
27.90, 1294.38
27.91, 1284.73
27.90, 1285.83
27.90, 1301.85
27.90, 1276.29
27.90, 1285.66
27.90, 1289.80
27.90, 1320.03
27.90, 1285.76
27.90, 1328.81
27.90, 1350.32
27.90, 1317.08
27.90, 1308.97
27.90, 1272.98
27.89, 1302.99
27.90, 1310.56
27.90, 1313.52
27.90, 1236.61
27.89, 1349.39
27.89, 1320.50
27.90, 1274.77
27.90, 1299.38
27.90, 1277.72
27.89, 1327.66
27.89, 1330.47
27.90, 1293.53
27.90, 1308.70
27.90, 1316.90
27.90, 1304.30
27.91, 2645.69
28.15, 1623.44
28.43, 880.70
28.77, 629.30
28.97, 565.57
29.07, 946.61
29.01, 1349.79
28.94, 1445.63
28.92, 1283.37
28.97, 1055.55
29.00, 1046.95
29.00, 1203.19
28.98, 1253.06
28.98, 1201.50
28.99, 1136.34
28.99, 1172.90
29.00, 1159.28
28.97, 1289.26
28.98, 1326.89
29.01, 1065.24
29.02, 1152.38
29.01, 1173.62
28.99, 1265.54
28.96, 1291.62
28.98, 1119.69
29.01, 1088.40
29.02, 1100.38
29.01, 1201.01
28.98, 1291.40
28.97, 1188.47
28.99, 1094.11
29.00, 1127.86
29.02, 1130.66
29.00, 1263.03
28.99, 1253.07
28.99, 1176.82
29.00, 1133.74
29.00, 1138.14
29.01, 1143.93
28.99, 1215.04
29.00, 1138.93
29.00, 1117.12
29.00, 1327.03
29.00, 1327.02
28.99, 1206.63
28.99, 1181.75
29.01, 1111.94
29.00, 1214.81
29.00, 1185.39
28.99, 1202.32
28.99, 1224.15
28.99, 1111.17
29.01, 1132.04
29.00, 1162.90
29.01, 1117.58
28.99, 1198.89
28.99, 1196.39
29.00, 1130.77
29.00, 1137.82
29.01, 1136.60
29.00, 1149.00
29.00, 1199.71
29.00, 1131.36
29.00, 1178.28
28.99, 1246.33
29.00, 1153.19
29.00, 1136.16
29.00, 1183.19
29.00, 1327.07
29.01, 1327.08
29.00, 1172.01
29.00, 1176.22
29.00, 1149.01
29.00, 1327.03
29.00, 1107.72
29.00, 1159.08
29.00, 1327.04
29.00, 1327.05
29.00, 1137.86
29.00, 1162.78
29.01, 1086.56
29.00, 1327.04
29.00, 1211.56
29.00, 1205.26
28.99, 1201.39
28.99, 1155.23
29.00, 1116.80
28.99, 1225.05
29.00, 1147.05
28.99, 1222.66
28.99, 1213.04
29.00, 1151.23
29.00, 1173.82
28.99, 1215.76
29.00, 1182.49
28.99, 1195.58
29.00, 1188.18
29.00, 1327.03
29.00, 1099.46
29.00, 1144.10
29.00, 1154.21
29.00, 1177.09
29.00, 1183.10
29.00, 1197.08
29.00, 1200.40
29.00, 1133.25
29.00, 1163.92
29.00, 1327.04
29.00, 1156.56
29.00, 1327.07
29.00, 1180.70
29.00, 1184.28
29.00, 1194.92
29.00, 1327.03
29.00, 1157.70
29.00, 1186.23
28.99, 1228.74
29.00, 1327.00
28.99, 1234.93
28.99, 1175.44
29.00, 1134.31
29.00, 1180.46
28.98, 1209.68
28.99, 1141.77
29.00, 1120.97
29.00, 1136.39
28.99, 1189.52
28.98, 1250.10
28.99, 1184.16
28.99, 1177.51
28.99, 1176.94
28.99, 1172.84
28.99, 1236.16
28.98, 1196.09
28.99, 1188.35
28.99, 1124.49
28.99, 1182.14
28.99, 1195.78
28.99, 1180.11
28.98, 1186.59
28.98, 1195.00
28.99, 1180.49
28.99, 1229.46
28.99, 1156.83
28.99, 1187.04
28.98, 1189.17
28.98, 1183.94
28.99, 1156.26
28.98, 1208.14
28.98, 1189.27
28.98, 1177.59
28.98, 1235.69
28.98, 1197.83
28.98, 1179.50
28.98, 1216.42
28.98, 1213.10
28.98, 1198.13
28.98, 1216.93
28.98, 1175.84
28.98, 1137.42
28.99, 1147.03
28.99, 1172.04
28.99, 1160.39
28.98, 1206.05
28.98, 1198.12
28.99, 1179.24
28.99, 1326.99
28.99, 1191.65
28.99, 1191.13
28.99, 1326.98
28.99, 1326.98
28.99, 1126.69
28.99, 1177.94
28.98, 1198.08
28.98, 1203.60
28.99, 1179.07
28.99, 1145.10
28.99, 1326.95
28.98, 1198.64
28.98, 1326.93
28.99, 1154.10
28.99, 1142.71
28.99, 1163.89
28.98, 1184.84
28.98, 1199.66
28.98, 1196.24
28.99, 1178.34
28.98, 1269.17
28.98, 1210.11
28.99, 1183.71
28.98, 1201.44
28.98, 1194.59
28.99, 1181.92
28.98, 1199.52
28.98, 1230.58
28.99, 1177.68
28.98, 1272.15
28.99, 1195.19
28.98, 1202.85
28.98, 1200.97
28.99, 1108.05
28.99, 1163.22
28.98, 1256.07
28.98, 1182.00
28.98, 1224.48
28.99, 1159.14
28.99, 1154.97
28.99, 1159.37
29.00, 1175.61
28.98, 1198.17
28.98, 1186.63
28.99, 1141.93
28.99, 1326.97
28.99, 1148.39
28.99, 1204.66
28.98, 1177.93
28.99, 1176.66
28.99, 1326.98
28.99, 1190.75
28.99, 1189.94
28.99, 1202.22
28.98, 1326.96
28.99, 1176.05
29.00, 1226.34
28.99, 1189.35
28.99, 2589.81
29.13, 1771.07
29.40, 1196.93
29.70, 782.26
29.89, 703.93
30.03, 749.45
30.01, 1227.88
29.97, 1349.90
29.95, 1247.88
29.97, 1193.57
29.99, 1087.72
30.00, 1178.70
29.98, 1276.53
29.98, 1158.66
29.99, 1217.12
29.99, 1201.57
29.99, 1218.35
29.99, 1186.24
29.97, 1255.19
30.00, 1099.03
30.01, 1139.49
30.01, 1140.40
30.00, -99.09
29.98, 1253.73
29.98, 1205.94
29.99, 1111.42
30.01, 1113.63
30.01, 1142.83
29.99, 1237.02
29.98, 1228.11
29.97, 1269.65
29.99, 1149.09
30.01, 1116.95
30.00, 1177.55
29.99, 1244.40
29.98, 1149.01
29.98, 1187.44
29.99, 1160.23
30.00, 1153.51
30.00, 1332.44
29.99, 1197.57
30.00, 1212.99
29.99, 1188.52
29.99, 1208.11
29.99, 1185.18
29.99, 1202.47
29.99, 1187.15
30.00, 1332.45
30.00, 1158.97
29.99, 1275.39
29.98, 1223.25
29.99, 1190.22
30.00, 1116.01
30.00, 1134.21
30.00, 1149.22
29.99, 1203.73
29.99, 1188.45
29.99, 1139.74
30.00, 1123.93
30.00, 1136.94
30.00, 1332.46
30.00, 1183.13
30.00, 1149.74
29.99, 1188.05
30.01, 1153.95
30.00, 1166.58
30.00, 1180.77
30.00, 1164.72
30.00, 1191.40
30.00, 1179.10
30.00, 1231.09
30.00, 1132.61
30.00, 1205.38
30.00, 1191.50
29.99, 1224.84
29.99, 1190.59
29.99, 1332.43
30.00, 1138.04
30.00, 1227.58
30.00, 1133.25
30.00, 1162.81
29.99, 1207.05
30.00, 1192.02
29.99, 1188.59
30.00, 1332.44
30.00, 1184.21
30.00, 1187.71
30.00, 1155.62
29.99, 1228.46
29.99, 1194.44
30.00, 1332.44
30.00, 1332.45
30.00, 1183.14
30.00, 1142.53
30.00, 1236.48
30.00, 1187.15
30.00, 1189.85
30.00, 1153.27
30.00, 1332.45
30.00, 1177.74
30.00, 1180.58
29.99, 1179.71
29.99, 1197.98
30.00, 1149.16
29.99, 1204.43
29.99, 1146.10
30.00, 1156.52
29.99, 1189.59
29.99, 1189.85
29.99, 1189.35
29.99, 1168.59
30.00, 1182.20
30.00, 1158.08
29.99, 1192.22
29.99, 1240.62
29.99, 1200.90
29.99, 1198.68
29.99, 1237.72
29.99, 1157.00
29.98, 1199.70
29.99, 1183.20
30.00, 1152.09
30.00, 1188.89
29.98, 1221.23
29.99, 1158.33
29.99, 1187.41
29.99, 1332.42
30.00, 1178.94
29.99, 1211.81
29.98, 1254.34
29.99, 1163.91
29.99, 1192.81
29.99, 1332.42
29.99, 1205.80
29.99, 1178.29
29.99, 1197.23
29.99, 1179.69
30.00, 1162.03
29.99, 1214.53
30.00, 1168.29
30.00, 1332.46
30.00, 1206.54
29.99, 1177.96
29.99, 1236.24
29.99, 1179.64
30.00, 1095.67
30.00, 1148.45
30.00, 1332.46
30.00, 1178.37
30.00, 1185.98
30.00, 1332.44
30.01, 1143.62
30.01, 1101.78
30.01, 1191.41
30.01, 1202.13
30.00, 1205.73
30.00, 1144.28
30.00, 1201.70
30.00, 1149.52
30.00, 1332.48
30.00, 1167.62
29.99, 1193.74
30.00, 1187.43
30.00, 1332.45
30.00, 1184.90
30.01, 1140.08
30.00, 1156.17
30.00, 1164.62
30.00, 1185.76
30.00, 1332.46
30.00, 1332.48
30.01, 1146.11
30.01, 1155.28
30.01, 1192.67
30.00, 1141.49
30.00, 1186.54
30.00, 1189.23
30.00, 1180.75
30.01, 1169.54
30.01, 1163.99
30.01, 1332.49
30.01, 1149.11
30.01, 1139.04
30.01, 1137.05
30.01, 1332.50
30.01, 1130.08
30.01, 1158.16
30.01, 1127.95
30.01, 1167.83
30.01, 1161.44
30.01, 1187.55
30.00, 1332.48
30.01, 1144.30
30.01, 1160.86
30.01, 1142.84
30.01, 1143.05
30.01, 1188.67
30.01, 1148.78
30.01, 1126.97
30.01, 1140.64
30.02, 1133.34
30.01, 1190.28
30.01, 1143.70
30.02, 1139.61
30.02, 1170.15
30.02, 1131.47
30.01, 1178.57
30.01, 1179.90
30.02, 1147.40
30.02, 1163.07
30.02, 1139.80
30.02, 1153.06
30.01, 1149.34
30.02, 1125.17
30.02, 1132.79
30.02, 1155.14
30.01, 1159.77
30.02, 1142.10
30.02, 1132.94
30.01, 1224.79
30.01, 1143.94
30.01, 1166.26
30.01, 1181.99
30.02, 1137.27
30.02, 1165.77
30.01, 1183.55
30.01, 1164.36
30.01, 1147.29
30.01, 1158.24
30.01, 1145.03
30.01, 1147.38
30.01, 1148.49
30.01, 1167.72
30.01, 1153.40
30.01, 1220.74
30.01, 1163.00
30.01, 1159.27
30.02, 1158.23
30.01, 1161.91
30.01, 1168.98
30.01, 1148.22
30.01, 1163.70
30.02, 1137.36
30.02, 1126.19
30.01, 1165.30
30.01, 1332.50
30.02, 1115.53
30.01, 1166.69
30.00, 1219.46
30.01, 1332.50
30.01, 1155.81
30.02, 1115.28
30.01, 1140.71
30.01, 1212.44
30.01, 1162.25
30.04, 2293.98
30.28, 1508.92
30.59, 881.01
30.80, 744.17
30.95, 829.43
30.97, 1226.20
30.92, 1450.68
30.90, 1368.23
30.91, 1236.88
30.96, 1163.31
30.97, 1207.42
30.95, 1351.37
30.94, 1231.00
30.95, 1201.99
30.96, 1244.98
30.95, 1256.04
30.94, 1343.75
30.93, 1282.89
30.95, 1252.33
30.96, 1189.52
30.98, 1335.52
30.97, 1239.28
30.94, 1392.95
30.94, 1199.60
30.96, 1167.55
30.98, 1131.21
30.98, 1196.15
30.97, 1257.44
30.95, 1290.94
30.95, 1253.47
30.95, 1209.50
30.97, 1149.60
30.98, 1182.55
30.96, 1283.90
30.95, 1266.91
30.95, 1251.97
30.95, 1215.55
30.96, 1224.65
30.97, 1153.61
30.96, 1234.85
30.95, 1258.08
30.96, 1235.69
30.95, 1214.68
30.95, 1247.98
30.95, 1234.22
30.97, 1185.39
30.96, 1218.24
30.96, 1224.72
30.96, 1182.27
30.95, 1273.02
30.94, 1259.59
30.96, 1193.85
30.96, 1238.10
30.97, 1248.35
30.97, 1202.90
30.95, 1275.44
30.95, 1249.94
30.96, 1212.91
30.96, 1195.58
30.96, 1233.67
30.96, 1254.44
30.95, 1284.43
30.95, 1240.06
30.96, 1238.53
30.96, 1195.14
30.97, 1193.71
30.97, 1203.96
30.96, 1268.16
30.96, 1253.22
30.96, 1232.00
30.96, 1319.76
30.96, 1244.82
30.97, 1215.14
30.96, 1219.45
30.96, 1227.66
30.96, 1265.45
30.96, 1245.11
30.96, 1256.08
30.96, 1248.27
30.96, 1242.07
30.96, 1237.81
30.96, 1228.36
30.97, 1211.37
30.96, 1250.09
30.96, 1215.23
30.96, 1205.36
30.96, 1231.05
30.96, 1236.08
30.96, 1238.80
30.95, 1255.69
30.96, 1215.20
30.96, 1279.01
30.96, 1230.27
30.96, 1290.91
30.95, 1290.97
30.95, 1255.23
30.96, 1207.14
30.96, 1255.52
30.96, 1281.97
30.96, 1258.51
30.96, 1229.39
30.96, 1250.28
30.96, 1253.15
30.96, 1248.67
30.96, 1219.65
30.96, 1223.01
30.96, 1210.40
30.96, 1192.84
30.96, 1257.41
30.96, 1215.72
30.96, 1207.29
30.97, 1218.05
30.96, 1268.77
30.96, 1224.17
30.96, 1251.51
30.96, 1246.48
30.96, 1265.76
30.96, 1250.91
30.96, 1258.33
30.96, 1221.84
30.96, 1269.38
30.96, 1234.61
30.96, 1236.08
30.96, 1234.81
30.96, 1261.19
30.96, 1247.75
30.96, 1227.93
30.96, 1224.15
30.96, 1241.40
30.96, 1217.76
30.95, 1254.83
30.97, 1143.81
30.96, 1212.43
30.96, 1213.96
30.95, 1313.61
30.95, 1310.85
30.95, 1279.88
30.96, 1276.50
30.97, 1335.51
30.97, 1221.32
30.96, 1235.01
30.96, 1229.33
30.97, 1222.10
30.97, 1240.85
30.97, 1189.91
30.97, 1224.51
30.97, 1335.52
30.97, 1191.17
30.97, 1335.52
30.97, 1192.52
30.96, 1249.62
30.97, 1173.78
30.97, 1213.25
30.97, 1228.18
30.97, 1238.36
30.97, 1241.74
30.96, 1249.88
30.97, 1216.49
30.97, 1220.09
30.97, 1170.57
30.96, 1221.43
30.96, 1211.84
30.97, 1194.72
30.97, 1226.28
30.98, 1165.43
30.97, 1237.39
30.97, 1231.78
30.97, 1203.04
30.97, 1230.95
30.97, 1219.07
30.97, 1241.08
30.96, 1218.11
30.98, 1223.24
30.97, 1212.81
30.97, 1232.94
30.97, 1231.17
30.97, 1279.54
30.97, 1299.84
30.97, 1240.39
30.97, 1209.54
30.97, 1251.14
30.96, 1246.81
30.97, 1235.96
30.97, 1335.52
30.97, 1220.96
30.97, 1214.44
30.97, 1249.30
30.96, 1228.46
30.97, 1215.77
30.97, 1228.45
30.96, 1248.39
30.96, 1275.09
30.96, 1234.27
30.97, 1173.57
30.97, 1211.07
30.97, 1203.16
30.97, 1232.21
30.96, 1249.85
30.96, 1202.53
30.97, 1223.30
30.97, 1225.15
30.96, 1222.71
30.97, 1222.92
30.97, 1240.81
30.96, 1232.74
30.97, 1291.95
30.96, 1238.27
30.96, 1286.54
30.97, 1211.61
30.97, 1219.29
30.97, 1221.25
30.96, 1257.22
30.96, 1251.54
30.96, 1236.34
30.96, 1209.78
30.97, 1229.64
30.96, 1255.27
30.96, 1227.18
30.96, 1245.48
30.96, 1192.76
30.97, 1217.86
30.97, 1228.73
30.97, 1226.40
30.96, 1247.95
30.97, 1198.81
30.96, 1217.11
30.97, 1225.06
30.97, 1262.69
30.97, 1203.98
30.96, 1226.33
30.96, 1233.81
30.96, 1229.96
30.96, 1217.53
30.96, 1282.35
30.96, 1210.79
30.96, 1239.25
30.97, 1235.01
30.96, 1230.12
30.96, 1251.01
30.96, 1231.69
30.97, 1193.11
30.97, 1228.17
30.97, 1217.23
30.97, 1166.91
30.97, 1227.79
30.97, 1193.96
30.97, 1227.80
30.97, 1226.16
30.96, 1289.71
30.97, 1223.01
30.97, 1208.78
30.97, 1229.54
30.97, 1235.14
30.97, 1224.04
30.96, 1287.54
30.97, 1229.01
30.97, 1212.18
30.97, 1265.58
30.96, 1226.91
30.96, 1214.25
30.97, 1223.02
30.97, 1221.87
30.97, 1244.87
30.97, 1259.12
30.96, 1240.00
30.96, 1232.70
30.97, 1232.39
30.96, 1247.75
30.97, 1220.08
30.97, 1185.48
30.96, 1245.69
30.97, 1262.00
30.98, 1195.66
30.97, 1247.41
30.97, 1189.17
30.98, 1163.48
30.97, 1225.21
30.97, 1233.99
30.97, 1229.20
30.97, 1221.79
30.96, 1285.58
30.97, 1243.38
30.96, 1268.76
30.97, 1235.89
30.96, 1245.06
30.97, 1204.52
30.97, 1218.01
30.97, 1217.31
30.97, 1194.81
30.97, 1219.46
30.96, 1252.20
30.97, 1219.23
30.97, 1220.99
30.96, 1270.32
30.96, 1298.66
30.96, 1255.17
30.96, 1222.72
30.98, 1202.67
30.97, 1289.28
30.97, 1242.54
30.97, 1212.57
30.97, 1238.88
30.97, 1194.85
30.97, 1176.96
30.96, 1292.93
30.96, 1261.00
30.97, 1245.11
30.97, 1236.57
30.96, 1295.97
30.96, 1221.59
30.97, 1335.52
30.97, 1218.59
30.96, 1223.57
30.97, 2603.22
31.11, 1812.23
31.40, 1101.83
31.71, 788.98
31.90, 679.62
32.03, 890.71
32.01, 1310.34
31.94, 1406.58
31.93, 1297.00
31.94, 1221.26
31.98, 1097.80
31.99, 1201.94
31.96, 1362.27
31.97, 1245.80
31.97, 1233.89
31.97, 1224.74
31.97, 1248.21
31.96, 1251.83
31.95, 1222.53
31.97, 1161.64
31.99, 1137.64
31.99, 1260.27
31.97, 1346.55
31.94, 1324.22
31.94, 1276.22
31.97, 1143.64
31.99, 1141.94
31.98, 1238.03
31.97, 1234.92
31.95, 1293.28
31.94, 1279.62
31.96, 1212.40
31.97, 1336.05
31.98, 1200.72
31.97, 1246.34
31.96, 1268.32
31.95, 1264.72
31.96, 1239.89
31.96, 1237.82
31.96, 1234.33
31.97, 1199.28
31.97, 1226.80
31.96, 1239.85
31.96, 1268.67
31.96, 1259.50
31.96, 1238.93
31.97, 1208.17
31.97, 1245.11
31.97, 1287.54
31.96, 1335.45
31.96, 1226.26
31.97, 1193.11
31.97, 1203.93
31.98, 1194.29
31.98, 1208.98
31.97, 1214.11
31.97, 1232.70
31.97, 1202.74
31.97, 1231.02
31.98, 1222.14
31.98, 1203.81
31.97, 1247.71
31.97, 1240.43
31.97, 1223.07
31.97, 1199.24
31.98, 1271.51
31.98, 1217.74
31.98, 1219.69
31.97, 1231.33
31.97, 1229.85
31.97, 1221.34
31.97, 1210.73
31.97, 1201.29
31.98, 1217.63
31.98, 1173.93
31.97, 1214.76
31.97, 1207.23
31.98, 1206.39
31.98, 1217.45
31.98, 1192.80
31.98, 1233.63
31.98, 1218.19
31.98, 1193.19
31.98, 1212.88
31.98, 1238.61
31.99, 1153.65
31.99, 1153.04
31.98, 1260.87
31.98, 1225.09
31.98, 1229.77
31.97, 1223.28
31.98, 1197.32
31.98, 1217.36
31.97, 1235.76
31.98, 1205.15
31.97, 1231.12
31.98, 1247.36
31.98, 1222.36
31.97, 1293.20
31.97, 1238.22
31.97, 1251.33
31.97, 1217.24
31.98, 1229.85
31.98, 1198.89
31.98, 1197.74
31.98, 1205.71
31.99, 1176.54
31.98, 1214.78
31.99, 1336.04
31.99, 1177.66
31.99, 1211.74
31.99, 1197.96
31.99, 1197.72
31.99, 1215.22
31.98, 1233.36
31.98, 1264.24
31.98, 1213.84
31.99, 1171.51
31.98, 1192.92
31.98, 1179.95
31.98, 1175.55
31.98, 1280.98
31.98, 1257.29
31.98, 1198.75
31.99, 1176.23
31.99, 1198.04
31.98, 1200.71
31.99, 1196.45
31.98, 1232.35
31.98, 1212.99
31.98, 1228.04
31.98, 1197.63
31.98, 1205.29
31.98, 1276.63
31.98, 1200.71
31.98, 1217.96
31.98, 1229.51
31.98, 1192.02
31.98, 1244.89
31.98, 1336.04
31.99, 1142.03
31.99, 1173.67
31.99, 1191.53
31.98, 1228.31
31.98, 1234.09
31.98, 1217.99
31.98, 1208.20
31.98, 1218.64
31.98, 1211.18
31.98, 1194.42
31.99, 1336.04
31.99, 1170.48
31.99, 1201.93
31.98, 1203.34
31.98, 1237.31
31.98, 1194.37
31.99, 1158.27
31.99, 1179.59
31.99, 1200.52
31.98, 1231.99
31.98, 1248.00
31.98, 1202.48
31.98, 1225.84
31.99, 1169.80
31.98, 1232.45
31.98, 1176.42
31.98, 1181.10
31.99, 1171.17
31.98, 1266.87
31.98, 1235.04
31.98, 1197.96
31.98, 1200.86
31.99, 1336.04
31.99, 1259.23
31.98, 1233.30
31.97, 1234.30
31.98, 1212.82
31.98, 1171.30
31.98, 1227.45
31.98, 1200.56
31.98, 1164.08
31.98, 1201.75
31.98, 1226.47
31.98, 1336.04
31.99, 1180.58
31.98, 1226.17
31.98, 1336.04
31.98, 1208.53
31.98, 1218.05
31.99, 1138.57
31.97, 1221.10
31.98, 1177.29
31.98, 1159.06
31.97, 1164.92
31.97, 1270.00
31.97, 1321.62
31.97, 1255.93
31.97, 1242.23
31.98, 1336.04
31.98, 1168.19
31.97, 1222.88
31.97, 1253.59
31.98, 1231.88
31.98, 1265.27
31.97, 1226.24
31.97, 1235.42
31.97, 1226.54
31.97, 1271.70
31.97, 1218.96
31.97, 1214.51
31.97, 1240.64
31.97, 1238.37
31.97, 1199.68
31.97, 1169.35
31.97, 1191.35
31.97, 1246.84
31.96, 1265.09
31.96, 1244.23
31.96, 1237.77
31.96, 1227.73
31.97, 1214.47
31.97, 1259.01
31.96, 1234.73
31.96, 1228.40
31.97, 1199.35
31.96, 1243.43
31.96, 1240.26
31.96, 1268.26
31.96, 1257.84
31.96, 1246.21
31.96, 1177.99
31.96, 1227.79
31.96, 1240.79
31.96, 1232.57
31.96, 1235.53
31.96, 1224.32
31.96, 1233.56
31.96, 1270.30
31.96, 1238.36
31.96, 1175.62
31.96, 1237.85
31.96, 1207.60
31.96, 1251.45
31.96, 2654.22
32.11, 1681.57
32.38, 1217.66
32.70, 798.23
32.91, 616.20
33.05, 877.02
33.03, 1260.92
32.98, 1329.30
32.96, 1283.17
32.98, 1115.99
33.03, 1000.80
33.03, 1220.08
33.01, 1225.84
33.01, 1147.08
33.01, 1174.07
33.02, 1113.18
33.03, 1129.43
33.01, 1237.41
33.00, 1176.88
33.02, 1094.02
33.03, 1149.56
33.04, 1119.09
33.02, 1232.54
33.00, 1229.24
33.00, 1187.77
33.02, 1079.10
33.04, 1029.52
33.05, 1123.80
33.02, 1214.25
33.00, 1233.26
33.00, 1159.31
33.02, 1105.96
33.03, 1097.84
33.03, 1158.35
33.01, 1221.76
33.01, 1200.14
33.01, 1149.07
33.02, 1140.57
33.02, 1174.14
33.02, 1165.83
33.01, 1161.75
33.01, 1164.25
33.02, 1146.00
33.01, 1221.29
33.01, 1333.33
33.01, 1148.36
33.02, 1158.73
33.02, 1153.29
33.02, 1164.01
33.02, 1333.29
33.02, 1127.52
33.01, 1141.52
33.03, 1071.96
33.03, 1333.25
33.02, 1214.64
33.02, 1168.36
33.01, 1187.76
33.02, 1150.00
33.03, 1120.29
33.03, 1127.31
33.03, 1116.14
33.03, 1147.51
33.03, 1153.06
33.03, 1132.77
33.03, 1137.76
33.03, 1164.31
33.03, 1145.83
33.03, 1150.81
33.03, 1154.94
33.02, 1174.53
33.02, 1168.41
33.02, 1153.37
33.03, 1107.20
33.03, 1117.29
33.02, 1200.80
33.02, 1144.54
33.02, 1173.38
33.02, 1139.32
33.03, 1113.09
33.03, 1144.62
33.03, 1158.80
33.03, 1161.99
33.03, 1146.67
33.03, 1144.42
33.03, 1137.11
33.03, 1142.81
33.03, 1161.78
33.02, 1148.78
33.02, 1168.64
33.02, 1196.58
33.02, 1176.33
33.02, 1143.68
33.02, 1165.45
33.02, 1149.04
33.02, 1174.80
33.01, 1173.53
33.01, 1161.02
33.02, 1117.37
33.01, 1129.45
33.02, 1102.49
33.01, 1199.45
33.01, 1155.98
33.01, 1155.65
33.01, 1333.32
33.01, 1143.42
33.01, 1143.27
33.01, 1156.75
33.01, 1195.71
33.02, 1166.90
33.01, 1192.87
33.01, 1166.03
33.01, 1174.96
33.01, 1144.34
33.01, 1172.63
33.01, 1192.28
33.01, 1175.93
33.01, 1152.15
33.01, 1134.31
33.01, 1148.63
33.01, 1164.02
33.01, 1141.92
33.01, 1333.32
33.01, 1333.34
33.01, 1333.33
33.01, 1145.34
33.01, 1165.36
33.01, 1132.80
33.01, 1168.13
33.01, 1192.11
33.01, 1167.83
33.01, 1167.48
33.01, 1174.53
33.00, 1187.03
33.01, 1119.84
33.01, 1162.57
33.01, 1138.76
33.01, 1175.89
33.00, 1333.35
33.01, 1165.50
33.01, 1162.68
33.01, 1156.36
33.00, 1200.90
33.00, 1192.08
33.01, 1136.85
33.00, 1169.27
33.01, 1156.04
33.01, 1165.28
33.00, 1185.92
33.01, 1170.01
33.01, 1166.25
33.01, 1195.95
33.00, 1189.25
33.00, 1173.63
33.01, 1163.90
33.00, 1198.58
33.01, 1144.84
33.01, 1333.34
33.00, 1176.61
33.01, 1142.05
33.00, 1237.89
33.01, 1151.67
33.01, 1164.97
33.01, 1201.92
33.01, 1177.17
33.01, 1155.43
33.00, 1229.03
33.01, 1333.34
33.01, 1169.32
33.02, 1157.71
33.02, 1170.01
33.01, 1167.92
33.01, 1158.26
33.02, 1164.59
33.01, 1157.69
33.02, 1136.32
33.01, 1163.78
33.01, 1154.84
33.01, 1194.46
33.01, 1156.15
33.01, 1119.57
33.02, 1142.58
33.01, 1157.59
33.02, 1153.17
33.02, 1163.53
33.01, 1161.33
33.02, 1160.91
33.02, 1163.77
33.02, 1142.83
33.02, 1164.97
33.01, 1227.91
33.02, 1143.97
33.01, 1212.46
33.01, 1164.03
33.02, 1151.86
33.02, 1171.94
33.02, 1149.80
33.01, 1163.90
33.02, 1124.06
33.02, 1135.48
33.02, 1172.01
33.02, 1147.16
33.02, 1129.70
33.02, 1150.39
33.01, 1162.25
33.01, 1191.14
33.01, 1198.72
33.01, 1141.84
33.01, 1191.42
33.01, 1187.24
33.01, 1154.12
33.01, 1197.57
33.01, 1333.34
33.01, 1333.32
33.01, 1135.04
33.01, 1157.42
33.01, 1140.71
33.00, 1206.50
33.01, 1094.65
33.01, 1135.19
33.01, 1177.61
33.01, 1190.56
33.01, 1195.81
33.01, 1140.25
33.01, 1175.87
33.01, 1177.24
33.01, 1186.46
33.01, 1115.04
33.01, 1198.02
33.01, 1187.92
33.01, 1160.07
33.01, 1333.31
33.01, 1333.33
33.02, 1123.70
33.01, 1333.31
33.01, 1152.35
33.01, 1147.27
33.01, 1188.43
33.01, 1152.70
33.01, 1155.71
33.01, 1333.33
33.01, 1167.59
33.01, 1170.92
33.01, 1170.46
33.01, 1148.38
33.01, 1170.56
33.01, 1186.68
33.01, 2581.58
33.16, 1674.72
33.38, 1248.18
33.68, 845.54
33.86, 757.04
33.99, 986.91
33.96, 1371.95
33.91, 1404.80
33.91, 1282.59
33.93, 1327.86
33.97, 1087.81
33.98, 1195.44
33.96, 1290.65
33.97, 1187.49
33.98, 1327.41
33.98, 1215.72
33.97, 1225.04
33.96, 1238.09
33.96, 1204.34
33.98, 1161.72
34.00, 1140.07
33.99, 1219.31
33.97, 1306.95
33.95, 1305.07
33.97, 1157.87
33.99, 1131.60
34.00, 1112.24
34.00, 1157.02
33.97, 1257.38
33.97, 1183.26
33.98, 1154.64
34.00, 1126.19
34.00, 1172.26
33.99, 1194.88
33.98, 1212.97
33.98, 1249.33
33.98, 1209.42
33.99, 1181.38
33.99, 1161.08
33.99, 1153.13
33.99, 1159.28
33.99, 1205.14
33.98, 1240.21
33.98, 1215.85
33.98, 1154.91
33.99, 1199.67
33.99, 1185.31
33.99, 1206.40
33.98, 1242.07
33.98, 1192.85
33.98, 1221.88
33.98, 1183.42
33.99, 1168.64
33.99, 1171.35
33.98, 1197.09
33.98, 1327.39
33.98, 1199.08
33.99, 1208.23
34.00, 1134.30
33.99, 1191.06
33.98, 1234.77
33.99, 1327.34
33.98, 1213.34
33.98, 1196.10
33.99, 1171.78
33.98, 1191.67
33.99, 1154.20
33.98, 1194.91
33.98, 1215.23
33.98, 1183.77
33.98, 1205.26
33.98, 1187.97
33.99, 1152.12
33.98, 1240.74
33.98, 1199.48
33.98, 1183.78
33.98, 1197.42
33.98, 1203.12
33.98, 1191.16
33.98, 1194.67
33.98, 1229.01
33.98, 1217.16
33.98, 1226.07
33.98, 1145.57
33.98, 1123.84
33.98, 1191.30
33.98, 1327.38
33.98, 1187.04
33.98, 1228.95
33.97, 1208.46
33.98, 1185.51
33.98, 1221.73
33.98, 1209.54
33.98, 1194.85
33.97, 1209.18
33.97, 1209.94
33.97, 1198.12
33.97, 1196.94
33.97, 1229.63
33.97, 1235.07
33.97, 1211.27
33.97, 1218.95
33.97, 1230.24
33.97, 1221.09
33.97, 1221.95
33.97, 1196.57
33.97, 1228.57
33.98, 1206.13
33.98, 1219.17
33.97, 1224.94
33.97, 1212.72
33.98, 1224.27
33.97, 1227.91
33.98, 1224.13
33.97, 1227.66
33.97, 1229.66
33.97, 1202.03
33.98, 1158.78
33.98, 1204.57
33.98, 1187.10
33.98, 1207.96
33.98, 1214.23
33.98, 1161.49
33.98, 1199.73
33.98, 1189.48
33.98, 1119.97
33.97, 1262.72
33.98, 1203.29
33.98, 1214.69
33.98, 1219.97
33.98, 1195.15
33.98, 1205.86
33.98, 1201.36
33.98, 1220.71
33.98, 1223.01
33.97, 1262.96
33.98, 1204.74
33.98, 1172.65
33.98, 1180.68
33.98, 1205.55
33.98, 1199.17
33.98, 1213.25
33.98, 1202.47
33.98, 1190.59
33.98, 1215.52
33.98, 1327.37
33.98, 1218.39
33.98, 1201.52
33.98, 1196.61
33.98, 1214.97
33.98, 1187.49
33.98, 1212.32
33.98, 1201.77
33.97, 1240.42
33.97, 1211.94
33.97, 1198.05
33.97, 1233.78
33.97, 1261.40
33.98, 1223.61
33.97, 1223.34
33.97, 1206.07
33.97, 1217.12
33.97, 1204.27
33.97, 1218.65
33.97, 1243.85
33.97, 1209.61
33.98, 1327.44
33.97, 1205.02
33.97, 1209.98
33.97, 1225.22
33.97, 1228.69
33.97, 1195.55
33.98, 1166.45
33.97, 1209.66
33.97, 1204.08
33.97, 1200.70
33.97, 1205.14
33.98, 1205.15
33.98, 1206.72
33.98, 1224.16
33.97, 1224.25
33.98, 1189.40
33.98, 1232.50
33.97, 1261.45
33.98, 1231.85
33.98, 1327.41
33.98, 1151.27
33.98, 1225.74
33.97, 1225.48
33.97, 1198.38
33.97, 1207.68
33.98, 1327.43
33.98, 1327.39
33.98, 1229.31
33.97, 1223.49
33.97, 1241.08
33.97, 1210.00
33.97, 1225.40
33.97, 1214.30
33.98, 1182.88
33.97, 1223.54
33.97, 1222.28
33.97, 1227.42
33.97, 1203.66
33.98, 1327.41
33.97, 1214.07
33.97, 1194.68
33.97, 1203.39
33.97, 1227.10
33.97, 1229.05
33.97, 1155.05
33.97, 1212.39
33.98, 1192.28
33.98, 1199.28
33.97, 1226.12
33.98, 1208.80
33.97, 1222.28
33.97, 1224.21
33.98, 1197.54
33.98, 1217.14
33.98, 1205.56
33.97, 1255.06
33.98, 1193.45
33.99, 1158.55
33.98, 1221.17
33.98, 1203.30
33.98, 1206.46
33.98, 1209.63
33.98, 1206.42
33.98, 1206.88
33.98, 1219.57
33.98, 1158.36
33.98, 1201.52
33.98, 1188.33
33.99, 1201.82
33.98, 1236.11
33.98, 1196.01
33.98, 1327.35
33.98, 1197.26
33.98, 1241.25
33.98, 1207.93
33.97, 1244.91
33.98, 1269.55
33.97, 1279.44
33.98, 1216.58
33.98, 1200.29
33.98, 1203.43
33.97, 1235.21
33.97, 1252.73
33.97, 1193.47
33.97, 1218.71
33.98, 1217.63
33.98, 1215.38
33.97, 1273.61
33.98, 1161.52
33.97, 1268.30
33.97, 1229.98
33.97, 1218.58
33.97, 1270.70
33.96, 1242.20
33.97, 1204.03
33.97, 1199.66
33.97, 1206.45
33.97, 1231.87
33.97, 1327.46
33.97, 1216.39
33.97, 1214.85
33.97, 1236.42
33.97, 1249.08
33.97, 1237.70
33.96, 1218.04
33.97, 1218.83
33.97, 1235.13
33.96, 1234.71
33.96, 1215.52
33.97, 1201.61
33.96, 2628.62
34.07, 1933.90
34.29, 1447.07
34.60, 938.82
34.81, 715.95
34.99, 746.85
34.98, 1286.07
34.92, 1462.70
34.88, 1445.71
34.87, 1296.57
34.92, 1134.18
34.94, 1237.68
34.93, 1342.25
34.91, 1313.62
34.92, 1300.06
34.92, 1276.64
34.92, 1303.83
34.91, 1336.95
34.91, 1300.73
34.92, 1250.10
34.94, 1193.50
34.95, 1247.88
34.94, 1329.31
34.91, 1373.87
34.90, 1289.64
34.92, 1211.71
34.95, 1188.69
34.95, 1238.53
34.93, 1362.69
34.91, 1331.28
34.91, 1278.08
34.92, 1195.03
34.94, 1203.11
34.95, 1210.14
34.94, 1296.54
34.92, 1340.05
34.92, 1269.20
34.93, 1258.34
34.93, 1222.21
34.94, 1222.58
34.93, 1270.64
34.92, 1292.58
34.92, 1266.24
34.93, 1272.03
34.92, 1272.01
34.92, 1323.30
34.92, 1286.19
34.93, 1228.60
34.93, 1314.53
34.93, 1295.77
34.93, 1286.59
34.92, 1286.93
34.93, 1245.10
34.94, 1229.80
34.94, 1265.41
34.93, 1274.63
34.92, 1295.75
34.92, 1255.81
34.94, 1219.03
34.94, 1243.30
34.94, 1251.36
34.94, 1282.52
34.93, 1296.39
34.93, 1238.67
34.94, 1275.78
34.94, 1278.65
34.94, 1254.20
34.94, 1288.74
34.94, 1249.03
34.94, 1235.61
34.94, 1259.16
34.93, 1313.80
34.93, 1250.57
34.94, 1254.86
34.94, 1230.63
34.94, 1255.65
34.93, 1256.07
34.93, 1300.56
34.93, 1293.90
34.94, 1239.95
34.95, 1192.03
34.94, 1266.05
34.93, 1288.97
34.93, 1275.27
34.94, 1226.31
34.94, 1212.50
34.94, 1250.20
34.95, 1257.61
34.93, 1284.62
34.94, 1226.51
34.94, 1317.79
34.94, 1233.50
34.94, 1235.54
34.94, 1267.66
34.94, 1278.31
34.94, 1228.07
34.94, 1247.31
34.95, 1317.75
34.95, 1249.63
34.94, 1269.03
34.95, 1255.48
34.94, 1234.57
34.95, 1201.66
34.94, 1235.24
34.94, 1241.67
34.95, 1274.59
34.95, 1237.34
34.95, 1233.90
34.95, 1265.42
34.94, 1255.89
34.94, 1247.25
34.95, 1230.21
34.96, 1210.18
34.96, 1198.31
34.95, 1180.92
34.95, 1259.60
34.95, 1212.91
34.95, 1262.40
34.96, 1255.09
34.95, 1271.72
34.96, 1197.89
34.94, 1313.81
34.95, 1230.12
34.95, 1211.13
34.95, 1217.33
34.95, 1239.47
34.95, 1255.40
34.95, 1219.49
34.95, 1212.68
34.95, 1246.34
34.95, 1250.66
34.95, 1256.67
34.95, 1199.22
34.95, 1207.61
34.95, 1226.23
34.95, 1259.56
34.94, 1278.31
34.94, 1242.05
34.95, 1218.50
34.95, 1229.97
34.96, 1198.95
34.95, 1257.95
34.94, 1272.47
34.95, 1222.62
34.95, 1231.42
34.95, 1245.30
34.95, 1222.87
34.95, 1250.75
34.94, 1266.98
34.94, 1254.20
34.94, 1268.20
34.95, 1244.40
34.95, 1287.99
34.95, 1206.56
34.95, 1227.71
34.95, 1268.29
34.95, 1246.67
34.95, 1266.48
34.95, 1255.98
34.95, 1227.32
34.95, 1232.52
34.95, 1233.35
34.95, 1244.59
34.95, 1245.17
34.95, 1244.31
34.95, 1262.14
34.94, 1261.22
34.95, 1261.02
34.94, 1240.12
34.94, 1264.01
34.94, 1265.88
34.94, 1229.04
34.95, 1246.54
34.94, 1258.50
34.95, 1203.70
34.95, 1212.87
34.95, 1252.64
34.95, 1219.13
34.95, 1243.20
34.94, 1251.75
34.95, 1242.66
34.94, 1321.23
34.94, 1242.10
34.94, 1274.59
34.94, 1263.30
34.95, 1223.12
34.95, 1242.27
34.94, 1219.12
34.94, 1243.42
34.94, 1228.76
34.95, 1233.92
34.95, 1248.20
34.95, 1269.37
34.94, 1293.55
34.94, 1247.92
34.95, 1298.46
34.94, 1331.01
34.95, 1246.21
34.95, 1231.32
34.95, 1234.61
34.95, 1186.89
34.95, 1238.97
34.95, 1259.27
34.94, 1284.63
34.94, 1272.28
34.95, 1235.37
34.94, 1319.37
34.94, 1264.90
34.95, 1235.46
34.94, 1322.32
34.94, 1223.34
34.95, 1212.18
34.95, 1259.24
34.94, 1276.56
34.94, 1252.13
34.95, 1239.91
34.95, 1293.01
34.95, 1264.08
34.95, 1260.79
34.95, 1224.18
34.95, 1211.96
34.95, 1223.05
34.95, 1276.10
34.95, 1241.26
34.94, 1238.84
34.95, 1254.08
34.95, 1211.14
34.94, 1307.44
34.94, 1243.46
34.95, 1203.87
34.95, 1252.04
34.95, 1265.19
34.95, 1285.56
34.95, 1273.91
34.95, 1189.70
34.95, 1193.14
34.95, 1267.53
34.95, 1262.69
34.95, 1257.45
34.96, 1230.14
34.95, 1260.57
34.95, 1224.23
34.95, 1222.96
34.95, 1220.25
34.96, 1317.63
34.95, 1248.57
34.96, 1227.61
34.95, 1287.73
34.95, 1224.46
34.96, 1186.45
34.96, 1226.77
34.95, 1285.87
34.95, 1267.87
34.95, 1240.42
34.95, 1252.15
34.95, 1266.63
34.95, 1247.97
34.95, 1191.55
34.95, 1222.48
34.96, 1222.21
34.95, 1251.47
34.96, 1243.11
34.95, 1317.58
34.95, 1268.35
34.96, 1209.60
34.96, 1207.00
34.95, 1269.93
34.95, 1271.08
34.95, 1258.58
34.95, 1247.12
34.96, 1225.85
34.96, 1222.90
34.96, 1264.85
34.96, 1232.40
34.96, 1220.46
34.96, 1201.91
34.95, 1261.91
34.95, 1240.24
34.96, 1239.44
34.96, 1217.99
34.96, 1229.02
34.96, 1231.52
34.95, 1258.33
34.95, 1293.34
34.96, 1200.03
34.96, 1211.13
34.96, 1233.94
34.96, 1231.10
34.96, 1242.99
34.96, 1189.92
34.96, 1224.05
34.96, 1206.93
34.96, 1226.38
34.96, 1221.88
34.96, 1292.02
34.96, 1205.04
34.96, 1247.94
34.96, 1182.81
34.96, 1239.83
34.96, 1247.35
34.96, 1236.82
34.95, 1247.32
34.96, 1227.43
34.96, 1216.13
34.96, 1246.22
34.95, 1262.34
34.95, 1225.48
34.95, 1219.04
34.96, 1191.68
34.96, 1217.70
34.96, 1230.29
34.96, 1206.17
34.96, 1236.17
34.96, 1238.60
34.96, 1200.70
34.96, 1239.28
34.95, 1240.27
34.96, 1238.03
34.95, 1252.66
34.95, 1233.32
34.95, 1235.68
34.95, 1249.57
34.95, 1242.72
34.95, 1251.39
34.95, 1233.38
34.95, 1273.99
34.94, 1271.49
34.94, 1283.47
34.95, 1241.07
34.95, 1254.35
34.95, 1238.36
34.95, 1231.84
34.94, 1279.07
34.94, 1314.40
34.94, 1283.13
34.94, 1265.29
34.95, 1276.26
34.94, 1277.15
34.93, 1320.52
34.94, 1271.79
34.95, 1221.26
34.94, 1275.97
34.94, 1254.55
34.94, 1206.22
34.94, 1249.47
34.95, 1227.61
34.95, 1241.78
34.94, 1265.33
34.94, 1259.74
34.94, 1271.56
34.94, 1247.32
34.94, 1273.08
34.94, 1245.22
34.94, 1274.83
34.94, 1246.36
34.95, 1234.01
34.95, 1253.24
34.94, 1278.22
34.94, 1305.93
34.94, 1291.39
34.94, 1262.00
34.95, 1206.22
34.95, 1243.78
34.94, 1239.76
34.94, 1283.47
34.94, 1270.15
34.94, 1250.48
34.95, 1247.70
34.95, 1235.13
34.95, 1247.05
34.94, 1269.49
34.94, 1252.49
34.94, 1289.80
34.94, 1301.44
34.94, 1273.38
34.93, 1326.64
34.94, 1258.79
34.94, 1256.13
34.94, 1244.32
34.94, 1294.63
34.94, 1255.87
34.94, 1219.96
34.95, 1243.83
34.94, 1284.32
34.93, 1260.64
34.94, 1234.55
34.94, 1263.82
34.94, 1250.71
34.93, 1326.45
34.94, 1292.50
34.93, 1253.37
34.94, 1264.01
34.94, 1192.32
34.93, 1298.53
34.93, 1312.93
34.93, 1307.25
34.93, 1303.89
34.94, 1248.27
34.94, 1272.99
34.93, 1295.67
34.93, 1249.40
34.93, 1310.17
34.93, 1250.99
34.93, 1264.29
34.94, 1287.50
34.93, 1312.97
34.92, 1355.83
34.94, 1252.15
34.93, 1283.45
34.94, 1287.48
34.94, 1283.46
34.94, 1292.06
34.93, 1269.60
34.93, 1270.72
34.94, 1256.63
34.94, 1279.65
34.93, 1278.55
34.94, 1260.11
34.93, 1327.40
34.94, 1281.20
34.94, 1251.00
34.94, 1266.46
34.94, 1223.72
34.93, 1249.13
34.93, 1254.13
34.94, 1260.85
34.92, 1303.48
34.93, 1266.30
34.93, 1258.11
34.94, 1215.85
34.93, 1242.56
34.93, 1278.53
34.93, 1314.07
34.92, 1308.18
34.93, 1262.31
34.93, 1284.57
34.93, 1250.69
34.93, 1252.00
34.93, 1275.21
34.92, 1318.59
34.92, 1289.63
34.93, 1296.86
34.93, 1237.16
34.93, 1277.91
34.93, 1277.01
34.93, 1274.74
34.92, 1312.15
34.92, 1317.87
34.92, 1296.50
34.92, 1291.03
34.93, 1256.19
34.92, 1307.33
34.92, 1284.82
34.92, 1275.12
34.92, 1262.39
34.93, 1268.32
34.93, 1304.46
34.92, 1282.21
34.93, 1252.01
34.92, 1266.89
34.92, 1292.21
34.92, 1325.37
34.93, 1366.39
34.92, 1332.31
34.92, 1286.96
34.92, 1298.44
34.92, 1353.54
34.92, 1283.97
34.92, 1300.42
34.92, 1269.04
34.93, 1218.98
34.93, 1258.87
34.92, 1321.79
34.92, 1314.05
34.93, 1266.21
34.93, 1288.12
34.93, 1277.82
34.93, 1305.28
34.92, 1312.69
34.92, 1288.19
34.93, 1263.45
34.93, 1290.19
34.91, 1398.14
34.91, 1339.53
34.92, 1301.84
34.92, 1305.43
34.92, 1272.49
34.91, 1367.34
34.91, 1313.78
34.92, 1262.62
34.92, 1282.42
34.92, 1284.01
34.92, 1303.04
34.92, 1289.56
34.92, 1297.15
34.93, 1239.55
34.93, 1276.52
34.93, 1261.08
34.92, 1346.74
34.92, 1307.72
34.93, 1268.87
34.93, 1284.70
34.93, 1282.24
34.93, 1333.26
34.93, 1293.81
34.93, 1256.71
34.93, 1273.82
34.93, 1233.77
34.93, 1289.33
34.93, 1268.64
34.93, 1266.63
34.93, 1250.38
34.94, 1267.75
34.93, 1302.27
34.92, 1332.64
34.92, 1313.98
34.93, 1266.16
34.94, 1229.38
34.93, 1320.64
34.93, 1331.58
34.93, 1254.96
34.93, 1289.72
34.93, 1305.82
34.94, 1261.99
34.94, 1250.97
34.93, 1270.56
34.93, 1284.28
34.93, 1261.86
34.94, 1258.58
34.93, 1340.66
34.94, 1292.55
34.94, 1235.95
34.94, 1248.48
34.94, 1245.91
34.94, 1245.70
34.94, 1302.70
34.93, 1283.61
34.94, 1255.43
34.94, 1261.16
34.94, 1301.68
34.93, 1293.24
34.93, 1270.43
34.93, 1324.91
34.93, 1288.63
34.94, 1269.15
34.93, 1286.06
34.93, 1271.34
34.93, 1295.81
34.94, 1247.11
34.94, 1223.40
34.93, 1287.86
34.93, 1300.39
34.93, 1203.01
34.93, 1268.93
34.94, 1248.04
34.94, 1249.19
34.93, 1297.43
34.93, 1293.05
34.93, 1302.16
34.93, 1271.56
34.93, 1278.40
34.93, 1286.86
34.93, 1274.58
34.93, 1272.78
34.93, 1263.66
34.93, 1227.94
34.94, 1228.72
34.93, 1289.25
34.93, 1310.68
34.93, 1297.56
34.93, 1248.42
34.93, 1282.67
34.93, 1339.88
34.93, 1276.21
34.93, 1281.56
34.94, 1256.17
34.93, 1300.61
34.93, 1326.93
34.93, 1299.18
34.93, 1324.96
34.94, 1266.62
34.94, 1267.49
34.94, 1239.56
34.93, 1322.03
34.93, 1268.80
34.94, 1273.37
34.94, 1249.85
34.94, 1265.59
34.94, 1258.68
34.93, 1304.53
34.94, 1252.54
34.94, 1286.03
34.94, 1266.15
34.94, 1269.44
34.94, 1282.97
34.93, 1338.90
34.94, 1263.49
34.94, 1243.53
34.94, 1245.28
34.94, 1238.72
34.94, 1254.58
34.94, 1285.44
34.94, 1283.96
34.94, 1287.37
34.94, 1265.91
34.94, 1280.57
34.94, 1247.28
34.95, 1246.00
34.94, 1282.91
34.94, 1266.57
34.94, 1246.44
34.94, 1269.35
34.94, 1216.70
34.94, 1259.51
34.94, 1338.86
34.94, 1274.70
34.94, 1263.75
34.95, 1226.10
34.95, 1254.39
34.94, 1275.02
34.94, 1249.95
34.95, 1205.44
34.94, 1235.51
34.94, 1277.69
34.94, 1275.79
34.94, 1278.86
34.94, 1224.65
34.95, 1239.80
34.94, 1287.46
34.94, 1278.75
34.94, 1276.28
34.94, 1275.50
34.93, 1308.28
34.94, 1286.48
34.94, 1268.07
34.94, 1233.04
34.94, 1261.47
34.94, 1271.88
34.94, 1265.61
34.94, 1259.05
34.95, 1236.39
34.95, 1290.39
34.95, 1217.99
34.95, 1194.10
34.95, 1244.61
34.95, 1244.30
34.95, 1290.39
34.94, 1259.28
34.95, 1272.65
34.95, 1254.55
34.95, 1238.92
34.95, 1223.52
34.94, 1274.39
34.94, 1260.50
34.94, 1278.56
34.94, 1260.82
34.94, 1274.98
34.94, 1290.81
34.94, 1267.38
34.94, 1222.08
34.94, 1325.15
34.94, 1250.75
34.95, 1257.98
34.94, 1271.69
34.94, 1246.10
34.94, 1263.58
34.94, 1334.70
34.95, 1245.77
34.94, 1288.10
34.94, 1307.80
34.94, 1283.41
34.94, 1303.28
34.94, 1265.74
34.94, 1226.25
34.94, 1263.57
34.95, 1241.12
34.94, 1268.78
34.94, 1296.47
34.94, 1279.63
34.94, 1269.67
34.95, 1183.45
34.95, 1227.58
34.95, 1231.16
34.95, 1237.71
34.94, 1309.50
34.95, 1215.73
34.95, 1287.73
34.95, 1242.68
34.95, 1242.27
34.95, 1317.64
34.96, 1196.40
34.96, 1226.23
34.96, 1254.64
34.96, 1240.96
34.95, 1277.47
34.95, 1257.11
34.96, 1155.13
34.95, 1252.83
34.95, 1260.43
34.95, 1258.10
34.94, 1252.01
34.95, 1227.24
34.96, 1223.96
34.95, 1254.87
34.95, 1284.05
34.94, 1271.92
34.94, 1312.88
34.94, 1257.68
34.95, 1232.29
34.94, 1294.11
34.94, 1296.93
34.94, 1274.99
34.95, 1241.75
34.95, 1201.39
34.95, 1247.68
34.95, 1250.10
34.95, 1237.35
34.94, 1263.35
34.95, 1294.50
34.95, 1292.71
34.94, 1309.67
34.94, 1259.91
34.95, 1248.02
34.95, 1258.87
34.94, 1299.85
34.94, 1267.60
34.94, 1284.84
34.94, 1306.13
34.94, 1269.68
34.94, 1305.79
34.93, 1288.01
34.94, 1258.49
34.95, 1252.81
34.95, 1237.85
34.95, 1227.99
34.94, 1262.72
34.95, 1244.67
34.95, 1264.48
34.94, 1291.08
34.95, 1258.04
34.95, 1224.91
34.95, 1242.52
34.95, 1260.23
34.95, 1264.29
34.95, 1267.02
34.95, 1257.09
34.95, 1203.14
34.95, 1240.87
34.95, 1248.30
34.95, 1269.61
34.94, 1261.93
34.94, 1275.92
34.94, 1304.51
34.94, 1252.08
34.94, 1292.65
34.94, 1270.70
34.94, 1332.20
34.94, 1301.66
34.94, 1255.71
34.94, 1363.13
34.94, 1281.61
34.94, 1263.83
34.93, 1278.42
34.93, 1310.04
34.92, 1373.71
34.93, 1310.62
34.93, 1288.42
34.93, 1290.91
34.93, 1270.73
34.93, 1367.85
34.93, 1302.58
34.93, 1315.17
34.93, 1267.08
34.94, 1197.97
34.93, 1280.92
34.92, 1285.28
34.93, 1312.76
34.92, 1319.59
34.93, 1271.82
34.93, 1289.64
34.93, 1296.77
34.93, 1311.64
34.93, 1272.44
34.93, 1270.17
34.93, 1304.52
34.93, 1276.74
34.93, 1242.79
34.93, 1259.11
34.94, 1258.73
34.94, 1261.32
34.93, 1310.58
34.93, 1303.33
34.94, 1250.94
34.94, 1270.11
34.94, 1247.96
34.94, 1270.67
34.94, 1251.79
34.93, 1277.03
34.94, 1249.66
34.95, 1209.08
34.93, 1302.94
34.93, 1331.15
34.93, 1297.30
34.93, 1340.13
34.93, 1301.25
34.93, 1290.01
34.93, 1279.97
34.93, 1335.38
34.93, 1287.26
34.94, 1263.44
34.93, 1300.02
34.93, 1301.85
34.94, 1272.04
34.94, 1277.38
34.93, 1356.69
34.93, 1300.41
34.93, 1304.02
34.93, 1281.42
34.93, 1264.81
34.93, 1302.54
34.93, 1338.79
34.93, 1300.22
34.93, 1254.61
34.93, 1269.58
34.93, 1287.99
34.94, 1283.41
34.93, 1289.38
34.93, 1331.36
34.92, 1351.45
34.93, 1246.77
34.93, 1293.45
34.93, 1316.39
34.93, 1281.52
34.92, 1400.38
34.92, 1348.75
34.93, 1287.30
34.93, 1271.88
34.94, 1208.97
34.93, 1355.68
34.93, 1286.17
34.93, 1271.12
34.93, 1335.94
34.93, 1346.58
34.93, 1308.75
34.94, 1249.91
34.93, 1274.03
34.93, 1325.68
34.94, 1271.25
34.94, 1287.60
34.94, 1276.99
34.94, 1310.49
34.93, 1350.27
34.94, 1306.69
34.94, 1298.38
34.94, 1291.70
34.93, 1275.81
34.94, 1275.05
34.94, 1244.86
34.94, 1266.12
34.94, 1245.97
34.95, 1218.09
34.94, 1267.07
34.94, 1266.10
34.94, 1292.58
34.94, 1280.97
34.94, 1251.20
34.94, 1293.43
34.94, 1285.78
34.93, 1297.31
34.93, 1323.89
34.94, 1276.83
34.94, 1262.29
34.95, 1263.11
34.94, 1291.68
34.93, 1319.23
34.94, 1274.28
34.94, 1267.07
34.94, 1287.61
34.94, 1308.70
34.94, 1343.12
34.95, 1220.27
34.94, 1328.12
34.95, 1242.10
34.94, 1281.61
34.94, 1324.73
34.94, 1268.20
34.94, 1297.67
34.93, 1277.37
34.93, 1273.56
34.94, 1267.66
34.94, 1266.75
34.94, 1286.51
34.94, 1303.17
34.93, 1302.03
34.93, 1260.65
34.94, 1260.30
34.94, 1289.26
34.94, 1295.26
34.94, 1321.23
34.94, 1267.59
34.95, 1219.56
34.95, 1246.51
34.95, 1283.28
34.94, 1288.83
34.94, 1322.44
34.94, 1302.14
34.94, 1264.00
34.94, 1280.27
34.94, 1277.64
34.94, 1277.75
34.94, 1277.50
34.95, 1271.55
34.94, 1316.42
34.94, 1295.91
34.94, 1238.67
34.94, 1288.93
34.94, 1237.50
34.94, 1274.92
34.94, 1264.13
34.94, 1309.52
34.94, 1297.71
34.95, 1249.55
34.95, 1285.34
34.94, 1271.60
