I0,I1,I2,I3,I4,I5,I6
6.760000,0.240561,0.004355,0.002388,0.000015,0.000000,0.000000
5.690000,0.034615,0.003767,0.005020,0.000008,0.000000,0.000000
6.050000,0.021568,0.002616,0.002876,0.000006,0.000000,0.000000
5.690000,0.010191,-0.000716,0.000877,0.000023,0.000000,0.000000
6.950000,0.023206,0.002309,0.001072,0.000014,0.000000,0.000000
5.880000,0.009122,-0.000273,0.000975,0.000006,0.000000,0.000000
6.230000,0.033984,-0.000486,0.000634,0.000003,0.000000,0.000000
6.410000,0.022015,-0.000017,0.005215,0.000016,0.000000,0.000000
6.410000,0.030345,-0.011897,0.005605,0.000030,0.000000,0.000000
6.230000,0.000754,0.000733,0.004094,0.000016,0.000000,0.000000
6.050000,0.008476,-0.004568,0.006336,0.000006,0.000000,0.000000
6.050000,0.021984,-0.000196,0.002437,0.000012,0.000000,0.000000
6.580000,0.014110,0.000494,0.004825,0.000022,0.000000,0.000000
7.120000,0.008188,-0.000494,0.004045,0.000035,0.000000,0.000000
6.050000,0.008895,0.001611,0.002096,0.000008,0.000000,0.000000
6.230000,0.050895,-0.003639,0.003704,0.000003,0.000000,0.000000
6.770000,0.021417,0.006690,0.003607,0.000020,0.000000,0.000000
5.700000,0.001398,0.001048,0.001072,0.000015,0.000000,0.000000
6.230000,0.000747,0.000068,0.001608,0.000022,0.000000,0.000000
6.590000,0.008050,-0.002983,0.002096,0.000010,0.000000,0.000000
5.690000,0.017343,-0.001508,0.003217,0.000008,0.000000,0.000000
5.700000,0.005753,0.001773,0.002632,0.000005,0.000000,0.000000
6.230000,0.026074,-0.001628,0.001657,0.000015,0.000000,0.000000
6.590000,0.007679,-0.000477,0.003412,0.000005,0.000000,0.000000
6.050000,0.015159,0.001969,0.001413,0.000031,0.000000,0.000000
5.880000,0.009264,-0.001082,0.007311,0.000009,0.000000,0.000000
6.230000,0.001672,0.002608,0.005605,0.000012,0.000000,0.000000
5.340000,0.007395,-0.003682,0.002778,0.000015,0.000000,0.000000
6.230000,0.021778,-0.000920,0.002827,0.000032,0.000000,0.000000
6.410000,0.010003,0.000494,0.003363,0.000010,0.000000,0.000000
6.050000,0.014208,-0.000980,0.003655,0.000001,0.000000,0.000000
6.230000,0.017348,-0.003861,0.004581,0.000015,0.000000,0.000000
6.400000,0.013302,-0.003758,0.004338,0.000016,0.000000,0.000000
5.520000,0.011125,0.000954,0.001413,0.000056,0.000000,0.000000
5.160000,0.016126,0.004048,0.001852,0.000013,0.000000,0.000000
6.410000,0.012328,-0.006144,0.006823,0.000047,0.000000,0.000000
7.120000,0.037250,0.005897,0.001852,0.000020,0.000000,0.000000
5.700000,0.038584,0.001125,0.000634,0.000044,0.000000,0.000000
6.940000,0.020839,-0.000963,0.002876,0.000001,0.000000,0.000000
6.050000,0.009173,-0.002506,0.002632,0.000017,0.000000,0.000000
5.700000,0.000039,-0.000085,0.001170,0.000018,0.000000,0.000000
6.230000,0.034858,0.008931,0.004923,0.000026,0.000000,0.000000
5.340000,0.000747,-0.000213,0.003071,0.000017,0.000000,0.000000
5.880000,0.015067,-0.001534,0.000780,0.000023,0.000000,0.000000
6.050000,0.013451,0.004346,0.003509,0.000041,0.000000,0.000000
6.050000,0.016561,0.001543,0.001852,0.000009,0.000000,0.000000
5.160000,0.013559,0.001585,0.005215,0.000023,0.000000,0.000000
6.940000,0.018457,0.010457,0.007701,0.000023,0.000000,0.000000
6.410000,0.003061,-0.000972,0.001413,0.000005,0.000000,0.000000
6.410000,0.047830,0.005965,0.002193,0.000015,0.000000,0.000000
5.880000,0.074045,-0.012579,0.003802,0.000020,0.000000,0.000000
6.580000,0.017682,0.002880,0.000634,0.000020,0.000000,0.000000
6.590000,0.009610,0.005139,0.006921,0.000008,0.000000,0.000000
5.690000,0.008200,0.000656,0.002291,0.000010,0.000000,0.000000
6.050000,0.050773,0.002684,0.004825,0.000005,0.000000,0.000000
5.520000,0.013994,0.001721,0.002876,0.000009,0.000000,0.000000
5.520000,0.027290,-0.001568,0.002827,0.000019,0.000000,0.000000
6.230000,0.082196,0.002071,0.001852,0.000001,0.000000,0.000000
5.690000,0.025678,-0.002710,0.003265,0.000012,0.000000,0.000000
5.870000,0.022255,0.003153,0.001218,0.000011,0.000000,0.000000
5.880000,0.059852,0.001253,0.003071,0.000008,0.000000,0.000000
6.940000,0.011912,0.001432,0.006336,0.000004,0.000000,0.000000
5.690000,0.016057,-0.002062,0.005751,0.000014,0.000000,0.000000
6.230000,0.012980,0.002642,0.001852,0.000034,0.000000,0.000000
6.950000,0.003758,-0.001125,0.000780,0.000047,0.000000,0.000000
6.770000,0.018387,0.009357,0.006141,0.000034,0.000000,0.000000
6.580000,0.020061,-0.000920,0.004776,0.000009,0.000000,0.000000
6.230000,0.004552,0.000094,0.001413,0.000010,0.000000,0.000000
6.580000,0.014205,-0.000051,0.000195,0.000032,0.000000,0.000000
5.880000,0.011903,0.000801,0.002632,0.000001,0.000000,0.000000
6.580000,0.005250,0.001483,0.001413,0.000004,0.000000,0.000000
6.060000,0.004104,0.002165,0.007993,0.000026,0.000000,0.000000
5.690000,0.031139,-0.010099,0.005264,0.000011,0.000000,0.000000
6.760000,0.015067,0.003230,0.001657,0.000009,0.000000,0.000000
6.410000,0.008769,0.004687,0.003655,0.000009,0.000000,0.000000
6.590000,0.013010,0.000077,0.000439,0.000014,0.000000,0.000000
6.230000,0.201680,-0.017061,0.006141,0.000062,0.000000,0.000000
6.410000,0.017759,-0.009664,0.006044,0.000026,0.000000,0.000000
6.230000,0.030649,0.004841,0.003704,0.000010,0.000000,0.000000
7.120000,0.346318,0.008130,0.003363,0.000004,0.000000,0.000000
7.480000,0.021067,0.000375,0.001413,0.000006,0.000000,0.000000
6.580000,0.016783,-0.001636,0.000634,0.000038,0.000000,0.000000
6.050000,0.003865,0.001185,0.004045,0.000020,0.000000,0.000000
5.880000,0.010554,-0.002173,0.003802,0.000003,0.000000,0.000000
6.410000,0.020196,-0.002301,0.001218,0.000006,0.000000,0.000000
5.870000,0.062118,0.001790,0.001852,0.000045,0.000000,0.000000
6.410000,0.004055,-0.002139,0.004094,0.000001,0.000000,0.000000
5.520000,0.009103,-0.002420,0.001755,0.000051,0.000000,0.000000
5.880000,0.017859,-0.003213,0.003997,0.000017,0.000000,0.000000
7.120000,0.389548,0.025532,0.004143,0.000011,0.000000,0.000000
6.050000,0.009999,0.000903,0.000390,0.000106,0.000000,0.000000
6.220000,0.005254,0.001023,0.001657,0.000026,0.000000,0.000000
6.590000,0.000742,0.000503,0.002827,0.000018,0.000000,0.000000
6.590000,0.019674,0.000972,0.001267,0.000008,0.000000,0.000000
6.580000,0.014982,0.007303,0.005166,0.000015,0.000000,0.000000
6.410000,0.007980,-0.002889,0.001608,0.000011,0.000000,0.000000
6.050000,0.015701,0.005377,0.006823,0.000022,0.000000,0.000000
7.120000,0.010547,0.000034,0.000195,0.000038,0.000000,0.000000
6.230000,0.039777,0.006937,0.003460,0.000022,0.000000,0.000000
6.760000,0.011107,-0.000878,0.007896,0.000057,0.000000,0.000000
6.050000,0.007762,0.002787,0.001755,0.000042,0.000000,0.000000
6.050000,0.014801,0.004551,0.002096,0.000019,0.000000,0.000000
7.120000,0.018193,-0.000631,0.002827,0.000011,0.000000,0.000000
6.050000,0.005677,-0.002983,0.005605,0.000004,0.000000,0.000000
6.050000,0.031009,0.001883,0.003460,0.000013,0.000000,0.000000
5.870000,0.004610,0.001807,0.004192,0.000019,0.000000,0.000000
6.410000,0.017336,-0.003400,0.002827,0.000022,0.000000,0.000000
6.230000,0.018929,-0.002608,0.006628,0.000014,0.000000,0.000000
6.760000,0.043038,0.001594,0.003802,0.000051,0.000000,0.000000
6.590000,0.010946,0.001585,0.002193,0.000002,0.000000,0.000000
5.870000,0.020066,0.000954,0.004776,0.000017,0.000000,0.000000
6.050000,0.031433,0.003784,0.000585,0.000017,0.000000,0.000000
5.690000,0.017272,0.010278,0.008334,0.000011,0.000000,0.000000
6.940000,0.014696,0.003494,0.005800,0.000001,0.000000,0.000000
6.230000,0.018224,-0.005667,0.006385,0.000002,0.000000,0.000000
5.870000,0.149688,-0.008352,0.002388,0.000043,0.000000,0.000000
6.590000,0.003986,-0.001491,0.005361,0.000017,0.000000,0.000000
5.690000,0.013559,-0.002736,0.003607,0.000007,0.000000,0.000000
7.480000,0.004174,0.001560,0.003022,0.000022,0.000000,0.000000
5.690000,0.007185,0.001364,0.002778,0.000033,0.000000,0.000000
5.690000,0.047979,0.001721,0.000390,0.000012,0.000000,0.000000
6.580000,0.016406,0.006119,0.003022,0.000010,0.000000,0.000000
6.230000,0.033037,0.010695,0.008091,0.000044,0.000000,0.000000
6.050000,0.011709,0.000997,0.002583,0.000011,0.000000,0.000000
7.650000,0.012256,-0.001517,0.004581,0.000006,0.000000,0.000000
6.410000,0.019459,-0.001560,0.002388,0.000005,0.000000,0.000000
6.580000,0.035584,-0.000818,0.004825,0.000015,0.000000,0.000000
5.880000,0.014219,-0.001534,0.005800,0.000012,0.000000,0.000000
6.230000,0.019726,-0.001116,0.002193,0.000024,0.000000,0.000000
6.410000,0.007059,-0.003068,0.002632,0.000035,0.000000,0.000000
5.690000,0.002460,-0.000707,0.009114,0.000011,0.000000,0.000000
6.590000,0.035241,-0.002011,0.002583,0.000017,0.000000,0.000000
6.770000,0.016032,-0.002446,0.001413,0.000018,0.000000,0.000000
5.690000,0.041541,0.000281,0.000877,0.000026,0.000000,0.000000
6.230000,0.279459,0.021220,0.005751,0.000020,0.000000,0.000000
6.760000,0.018393,0.001074,0.004825,0.000015,0.000000,0.000000
6.590000,0.010721,-0.003630,0.005215,0.000021,0.000000,0.000000
7.120000,0.029503,0.002565,0.004045,0.000048,0.000000,0.000000
6.410000,0.012542,-0.004355,0.002437,0.000003,0.000000,0.000000
5.160000,0.012209,-0.001381,0.000634,0.000007,0.000000,0.000000
5.700000,0.001763,0.000332,0.003217,0.000004,0.000000,0.000000
6.410000,0.005983,0.001687,0.001755,0.000020,0.000000,0.000000
7.300000,0.034480,0.000895,0.002583,0.000041,0.000000,0.000000
6.050000,0.018002,0.002395,0.003607,0.000001,0.000000,0.000000
5.520000,0.065346,0.008846,0.001608,0.000014,0.000000,0.000000
6.410000,0.047472,0.011394,0.003412,0.000020,0.000000,0.000000
6.050000,0.029229,0.002216,0.001267,0.000009,0.000000,0.000000
7.120000,0.019161,-0.000562,0.002632,0.000055,0.000000,0.000000
6.230000,0.000754,-0.001074,0.003412,0.000010,0.000000,0.000000
4.800000,0.141695,-0.001415,0.000634,0.000011,0.000000,0.000000
5.880000,0.013041,-0.002148,0.001267,0.000030,0.000000,0.000000
6.410000,0.004610,0.001628,0.002096,0.000011,0.000000,0.000000
5.690000,0.044917,0.003937,0.000877,0.000011,0.000000,0.000000
6.760000,0.026026,0.009502,0.009309,0.000040,0.000000,0.000000
6.230000,0.008939,-0.001057,0.003802,0.000017,0.000000,0.000000
6.230000,0.025441,0.008658,0.004581,0.000025,0.000000,0.000000
6.050000,0.055221,0.004696,0.003022,0.000011,0.000000,0.000000
6.940000,0.006844,0.002284,0.002096,0.000007,0.000000,0.000000
6.760000,0.014280,-0.000707,0.001657,0.000013,0.000000,0.000000
5.690000,0.027606,0.002335,0.002388,0.000015,0.000000,0.000000
6.050000,0.006920,0.000767,0.000585,0.000031,0.000000,0.000000
6.050000,0.003758,-0.000034,0.004143,0.000057,0.000000,0.000000
5.520000,0.004610,0.002633,0.002876,0.000002,0.000000,0.000000
6.580000,0.029297,-0.012383,0.006434,0.000010,0.000000,0.000000
6.050000,0.009488,-0.001466,0.004240,0.000003,0.000000,0.000000
6.050000,0.007771,0.001048,0.007262,0.000012,0.000000,0.000000
5.340000,0.002044,-0.000256,0.005946,0.000010,0.000000,0.000000
6.050000,0.004128,-0.000562,0.002096,0.000037,0.000000,0.000000
5.520000,0.008550,0.003153,0.001413,0.000008,0.000000,0.000000
6.590000,0.014691,-0.002275,0.003022,0.000001,0.000000,0.000000
5.880000,0.007917,0.000997,0.001316,0.000003,0.000000,0.000000
5.690000,0.023589,-0.000051,0.000439,0.000007,0.000000,0.000000
5.690000,0.021337,0.005897,0.002827,0.000015,0.000000,0.000000
6.230000,0.012316,-0.005181,0.002632,0.000008,0.000000,0.000000
6.060000,0.020216,-0.000290,0.004386,0.000036,0.000000,0.000000
6.050000,0.025649,-0.000051,0.000195,0.000027,0.000000,0.000000
6.590000,0.035144,-0.004721,0.011600,0.000041,0.000000,0.000000
5.880000,0.006913,-0.000205,0.002096,0.000009,0.000000,0.000000
5.340000,0.014344,-0.005821,0.004240,0.000005,0.000000,0.000000
6.760000,0.027934,0.009826,0.004386,0.000023,0.000000,0.000000
5.520000,0.001599,0.001432,0.002876,0.000011,0.000000,0.000000
5.160000,0.015925,-0.000009,0.004338,0.000035,0.000000,0.000000
6.220000,0.003473,0.001739,0.002729,0.000004,0.000000,0.000000
6.050000,0.016867,0.001048,0.002632,0.000017,0.000000,0.000000
6.050000,0.010543,-0.000060,0.002388,0.000017,0.000000,0.000000
5.520000,0.020579,0.002838,0.002827,0.000018,0.000000,0.000000
6.050000,0.012913,-0.001304,0.005361,0.000024,0.000000,0.000000
6.580000,0.020434,-0.001150,0.005361,0.000009,0.000000,0.000000
6.410000,0.000146,0.000793,0.009260,0.000001,0.000000,0.000000
5.880000,0.011469,0.005403,0.004971,0.000027,0.000000,0.000000
6.230000,0.004174,-0.001202,0.010333,0.000016,0.000000,0.000000
5.520000,0.010251,-0.001440,0.000829,0.000034,0.000000,0.000000
6.410000,0.030467,0.010150,0.006287,0.000019,0.000000,0.000000
6.050000,0.018206,0.003460,0.003753,0.000026,0.000000,0.000000
5.340000,0.012328,0.001909,0.004338,0.000019,0.000000,0.000000
6.950000,0.004384,-0.000631,0.004045,0.000003,0.000000,0.000000
6.230000,0.029400,-0.000349,0.000634,0.000035,0.000000,0.000000
6.230000,0.025269,0.002974,0.002973,0.000018,0.000000,0.000000
7.120000,0.029857,0.002804,0.002534,0.000010,0.000000,0.000000
7.120000,0.002615,0.000537,0.000439,0.000011,0.000000,0.000000
5.160000,0.015913,-0.003801,0.003071,0.000012,0.000000,0.000000
6.410000,0.008418,-0.002071,0.001316,0.000008,0.000000,0.000000
6.050000,0.014463,-0.011871,0.010674,0.000031,0.000000,0.000000
5.870000,0.013372,0.001670,0.004045,0.000019,0.000000,0.000000
6.230000,0.040022,-0.003383,0.004776,0.000019,0.000000,0.000000
5.690000,0.005546,-0.000537,0.001072,0.000010,0.000000,0.000000
6.410000,0.014290,0.002727,0.001218,0.000027,0.000000,0.000000
6.580000,0.004683,0.002088,0.001267,0.000025,0.000000,0.000000
7.120000,0.041454,0.000690,0.003022,0.000011,0.000000,0.000000
6.410000,0.012013,0.000307,0.001072,0.000039,0.000000,0.000000
6.230000,0.051458,-0.003741,0.002778,0.000011,0.000000,0.000000
6.410000,0.001207,0.000810,0.002437,0.000012,0.000000,0.000000
6.940000,0.016040,0.000000,0.000000,0.000010,0.000000,0.000000
6.580000,0.029451,0.000026,0.003265,0.000002,0.000000,0.000000
7.120000,0.004037,-0.000537,0.005264,0.000041,0.000000,0.000000
6.240000,0.013939,0.000383,0.002632,0.000012,0.000000,0.000000
5.880000,0.009809,-0.002821,0.002632,0.000002,0.000000,0.000000
6.050000,0.030799,0.008590,0.003022,0.000001,0.000000,0.000000
6.410000,0.006606,0.000588,0.001657,0.000044,0.000000,0.000000
6.050000,0.009111,0.006894,0.008724,0.000002,0.000000,0.000000
5.700000,0.012328,-0.000997,0.003607,0.000015,0.000000,0.000000
5.870000,0.012127,0.003503,0.005215,0.000015,0.000000,0.000000
6.410000,0.045450,-0.004244,0.001218,0.000021,0.000000,0.000000
5.880000,0.028466,-0.001108,0.004045,0.000015,0.000000,0.000000
6.410000,0.034265,0.014931,0.011454,0.000002,0.000000,0.000000
6.770000,0.009492,-0.001960,0.001218,0.000010,0.000000,0.000000
5.870000,0.050125,0.000503,0.003802,0.000010,0.000000,0.000000
5.700000,0.006913,0.000017,0.005897,0.000006,0.000000,0.000000
6.050000,0.013606,-0.002898,0.002291,0.000006,0.000000,0.000000
6.940000,0.005361,0.002889,0.001852,0.000020,0.000000,0.000000
5.870000,0.011191,0.001150,0.003217,0.000030,0.000000,0.000000
6.580000,0.034158,0.004628,0.009943,0.000018,0.000000,0.000000
5.700000,0.012389,-0.002915,0.001852,0.000018,0.000000,0.000000
6.050000,0.018923,0.005778,0.008286,0.000010,0.000000,0.000000
6.590000,0.007825,0.002403,0.002096,0.000012,0.000000,0.000000
6.230000,0.028130,-0.002966,0.006775,0.000005,0.000000,0.000000
6.050000,0.035773,0.000111,0.002437,0.000053,0.000000,0.000000
6.760000,0.032604,-0.005062,0.001413,0.000013,0.000000,0.000000
5.520000,0.012013,-0.003187,0.001608,0.000014,0.000000,0.000000
5.870000,0.009975,0.002778,0.002047,0.000012,0.000000,0.000000
6.050000,0.004603,-0.000136,0.001413,0.000028,0.000000,0.000000
6.770000,0.025757,-0.001304,0.005361,0.000005,0.000000,0.000000
6.230000,0.028470,0.001790,0.000829,0.000012,0.000000,0.000000
6.410000,0.021511,0.002608,0.000585,0.000007,0.000000,0.000000
6.230000,0.017062,0.000366,0.002096,0.000010,0.000000,0.000000
5.690000,0.015566,-0.000111,0.001998,0.000015,0.000000,0.000000
6.050000,0.020209,0.002258,0.003071,0.000018,0.000000,0.000000
5.870000,0.026865,-0.006673,0.003850,0.000026,0.000000,0.000000
5.340000,0.004619,-0.000852,0.005361,0.000018,0.000000,0.000000
7.120000,0.001672,0.001577,0.001657,0.000023,0.000000,0.000000
6.230000,0.010340,0.002633,0.002583,0.000011,0.000000,0.000000
6.410000,0.016221,0.004227,0.005361,0.000004,0.000000,0.000000
4.980000,0.007185,0.004048,0.003802,0.000006,0.000000,0.000000
6.940000,0.018224,-0.007107,0.005264,0.000008,0.000000,0.000000
6.760000,0.136960,-0.008761,0.005118,0.000017,0.000000,0.000000
5.870000,0.026067,0.007619,0.003412,0.000018,0.000000,0.000000
6.580000,0.012170,0.001381,0.004338,0.000016,0.000000,0.000000
6.050000,0.009349,-0.000844,0.002096,0.000018,0.000000,0.000000
5.690000,0.011066,0.002642,0.006385,0.000015,0.000000,0.000000
7.120000,0.000754,0.000000,0.000000,0.000035,0.000000,0.000000
6.400000,0.016990,0.000665,0.001950,0.000026,0.000000,0.000000
5.690000,0.025584,-0.004500,0.001170,0.000006,0.000000,0.000000
6.410000,0.000957,-0.000724,0.001657,0.000014,0.000000,0.000000
6.230000,0.008085,0.003494,0.003704,0.000005,0.000000,0.000000
6.590000,0.014336,-0.000026,0.003753,0.000026,0.000000,0.000000
5.870000,0.011544,0.001415,0.003071,0.000002,0.000000,0.000000
5.700000,0.028083,0.010499,0.005995,0.000023,0.000000,0.000000
5.700000,0.009181,-0.004065,0.007701,0.000015,0.000000,0.000000
5.880000,0.041458,0.006554,0.001852,0.000018,0.000000,0.000000
6.410000,0.036381,-0.009408,0.006970,0.000018,0.000000,0.000000
7.120000,0.014263,0.006605,0.004045,0.000021,0.000000,0.000000
4.980000,0.014617,0.001304,0.001072,0.000064,0.000000,0.000000
6.760000,0.014015,0.000750,0.003168,0.000001,0.000000,0.000000
6.230000,0.021289,-0.003460,0.001267,0.000002,0.000000,0.000000
6.220000,0.005834,-0.004449,0.004386,0.000026,0.000000,0.000000
6.580000,0.017628,-0.002540,0.001657,0.000027,0.000000,0.000000
7.120000,0.020839,0.003494,0.002291,0.000026,0.000000,0.000000
6.050000,0.007185,0.000383,0.002096,0.000016,0.000000,0.000000
6.950000,0.005469,-0.002838,0.003217,0.000012,0.000000,0.000000
6.050000,0.017050,0.001866,0.000439,0.000015,0.000000,0.000000
6.410000,0.028592,-0.001355,0.002193,0.000003,0.000000,0.000000
6.590000,0.022198,0.002932,0.001852,0.000013,0.000000,0.000000
7.120000,0.012907,-0.003281,0.003655,0.000033,0.000000,0.000000
5.880000,0.050887,0.007806,0.003607,0.000010,0.000000,0.000000
6.410000,0.069059,-0.002898,0.002437,0.000002,0.000000,0.000000
6.590000,0.053138,0.000196,0.002876,0.000011,0.000000,0.000000
5.880000,0.012277,0.000017,0.001267,0.000013,0.000000,0.000000
5.880000,0.009230,-0.002412,0.006970,0.000006,0.000000,0.000000
6.230000,0.089566,-0.016882,0.009943,0.000004,0.000000,0.000000
7.480000,0.015689,0.000937,0.001218,0.000021,0.000000,0.000000
5.700000,0.015496,-0.001713,0.011600,0.000005,0.000000,0.000000
6.760000,0.053111,-0.007474,0.007116,0.000032,0.000000,0.000000
6.950000,0.005922,-0.000750,0.000829,0.000007,0.000000,0.000000
5.880000,0.014272,0.000997,0.009114,0.000007,0.000000,0.000000
5.870000,0.010481,0.000571,0.001657,0.000041,0.000000,0.000000
6.580000,0.026357,-0.007380,0.005605,0.000018,0.000000,0.000000
6.580000,0.004123,0.001040,0.003168,0.000008,0.000000,0.000000
6.410000,0.021864,-0.006468,0.003022,0.000013,0.000000,0.000000
6.580000,0.007336,-0.002480,0.001852,0.000012,0.000000,0.000000
5.520000,0.012277,0.001099,0.000634,0.000028,0.000000,0.000000
7.300000,0.023589,-0.003196,0.001218,0.000022,0.000000,0.000000
6.410000,0.013211,-0.001534,0.002047,0.000005,0.000000,0.000000
6.050000,0.011852,0.001202,0.004338,0.000007,0.000000,0.000000
5.700000,0.008900,0.008258,0.009163,0.000025,0.000000,0.000000
6.410000,0.017054,0.001014,0.002632,0.000071,0.000000,0.000000
6.410000,0.009347,0.003809,0.005264,0.000036,0.000000,0.000000
6.230000,0.022785,-0.007619,0.004971,0.000012,0.000000,0.000000
6.410000,0.009981,0.004287,0.003265,0.000003,0.000000,0.000000
6.410000,0.012122,0.000980,0.003655,0.000014,0.000000,0.000000
5.880000,0.001773,0.001687,0.002437,0.000003,0.000000,0.000000
6.770000,0.039096,-0.006417,0.004045,0.000016,0.000000,0.000000
6.410000,0.029965,-0.009724,0.007603,0.000017,0.000000,0.000000
7.480000,0.014110,-0.001040,0.003753,0.000007,0.000000,0.000000
5.690000,0.011905,0.000852,0.002729,0.000020,0.000000,0.000000
6.410000,0.016508,0.000153,0.002973,0.000025,0.000000,0.000000
5.880000,0.035365,-0.006664,0.001852,0.000006,0.000000,0.000000
6.590000,0.000754,-0.000213,0.002583,0.000021,0.000000,0.000000
5.870000,0.007036,0.003673,0.005507,0.000013,0.000000,0.000000
6.590000,0.047885,0.001969,0.000877,0.000017,0.000000,0.000000
6.230000,0.004117,-0.002429,0.005654,0.000008,0.000000,0.000000
7.300000,0.009897,-0.000077,0.002193,0.000021,0.000000,0.000000
6.940000,0.013666,0.003605,0.004484,0.000016,0.000000,0.000000
6.580000,0.023772,-0.006392,0.003802,0.000005,0.000000,0.000000
5.520000,0.011840,0.000665,0.001608,0.000023,0.000000,0.000000
5.690000,0.004531,-0.001883,0.001072,0.000027,0.000000,0.000000
5.700000,0.020857,-0.001585,0.001413,0.000021,0.000000,0.000000
4.980000,0.043982,-0.001364,0.004971,0.000005,0.000000,0.000000
7.120000,0.007948,0.003741,0.002291,0.000010,0.000000,0.000000
6.760000,0.009820,0.001014,0.002437,0.000012,0.000000,0.000000
5.870000,0.012979,-0.005608,0.005995,0.000009,0.000000,0.000000
6.230000,0.043347,0.003307,0.002096,0.000016,0.000000,0.000000
6.410000,0.015858,-0.000511,0.008529,0.000016,0.000000,0.000000
5.520000,0.020775,-0.004602,0.001852,0.000023,0.000000,0.000000
6.760000,0.028518,-0.003903,0.006044,0.000005,0.000000,0.000000
5.700000,0.025024,-0.000435,0.001316,0.000012,0.000000,0.000000
6.410000,0.016078,-0.002531,0.002047,0.000006,0.000000,0.000000
6.050000,0.007625,-0.001210,0.002437,0.000014,0.000000,0.000000
6.220000,0.012122,-0.002344,0.003168,0.000024,0.000000,0.000000
6.050000,0.007465,0.002770,0.004825,0.000015,0.000000,0.000000
6.410000,0.017127,-0.002275,0.001072,0.000017,0.000000,0.000000
5.160000,0.028466,0.005326,0.001413,0.000024,0.000000,0.000000
6.050000,0.011280,0.001739,0.000829,0.000028,0.000000,0.000000
5.870000,0.045879,-0.000153,0.004825,0.000042,0.000000,0.000000
6.410000,0.004493,0.000256,0.002876,0.000017,0.000000,0.000000
6.230000,0.024505,-0.003187,0.006287,0.000002,0.000000,0.000000
6.410000,0.007838,-0.001082,0.013793,0.000012,0.000000,0.000000
6.230000,0.035295,-0.002514,0.001218,0.000002,0.000000,0.000000
5.690000,0.033145,-0.001866,0.001657,0.000019,0.000000,0.000000
5.160000,0.028528,0.006349,0.006580,0.000014,0.000000,0.000000
6.580000,0.013570,0.003434,0.003022,0.000030,0.000000,0.000000
7.120000,0.008896,-0.000528,0.002096,0.000011,0.000000,0.000000
6.410000,0.005524,0.002054,0.002973,0.000004,0.000000,0.000000
6.590000,0.024357,-0.005360,0.002388,0.000006,0.000000,0.000000
5.870000,0.037415,-0.002148,0.000877,0.000022,0.000000,0.000000
6.050000,0.007328,0.000205,0.007360,0.000029,0.000000,0.000000
6.760000,0.029743,-0.000614,0.001852,0.000006,0.000000,0.000000
5.880000,0.014934,-0.005573,0.003509,0.000025,0.000000,0.000000
6.580000,0.017717,-0.000256,0.001413,0.000002,0.000000,0.000000
5.870000,0.025353,-0.002335,0.002047,0.000013,0.000000,0.000000
6.050000,0.015172,0.004832,0.003948,0.000007,0.000000,0.000000
6.050000,0.007185,-0.001227,0.000439,0.000026,0.000000,0.000000
6.220000,0.007316,-0.002599,0.002291,0.000007,0.000000,0.000000
5.880000,0.030783,0.004397,0.002047,0.000011,0.000000,0.000000
5.340000,0.016443,-0.010295,0.015938,0.000016,0.000000,0.000000
6.580000,0.004546,0.000409,0.002437,0.000020,0.000000,0.000000
5.690000,0.012980,-0.003375,0.001852,0.000011,0.000000,0.000000
6.410000,0.014411,-0.001253,0.000829,0.000016,0.000000,0.000000
6.230000,0.015062,0.001824,0.005654,0.000018,0.000000,0.000000
6.050000,0.078514,0.004244,0.000634,0.000035,0.000000,0.000000
5.700000,0.016430,-0.005122,0.006092,0.000009,0.000000,0.000000
5.520000,0.009483,-0.003042,0.002096,0.000021,0.000000,0.000000
6.230000,0.021328,0.000000,0.000877,0.000037,0.000000,0.000000
6.770000,0.003956,0.001679,0.002047,0.000045,0.000000,0.000000
5.870000,0.038955,-0.002940,0.005166,0.000004,0.000000,0.000000
5.520000,0.021483,-0.001645,0.001852,0.000013,0.000000,0.000000
6.410000,0.012752,-0.005045,0.003607,0.000008,0.000000,0.000000
6.050000,0.006606,0.002412,0.003071,0.000025,0.000000,0.000000
42.610001,13.740658,0.553844,0.073742,9.739821,0.000000,0.000000
9.940000,6.645712,4.110728,3.361368,0.103375,2.795083,84.034187
58.090000,70.432678,16.608870,4.135096,3.963935,-0.342690,1.699765
13.980000,34.467194,8.698472,3.438570,0.240315,3.412493,63.033875
23.670000,18.819906,10.723753,6.654745,2.053608,-0.791031,2.566097
8.890000,0.978671,0.537490,0.636285,1.129736,4.413116,19.662445
22.740000,28.429729,5.556351,1.875079,1.068057,0.347531,0.241257
73.019997,213.779083,29.557314,4.493960,1.253307,1.189834,2.423536
58.560001,243.424561,51.365238,11.895043,0.867709,0.468382,0.350919
72.129997,185.310898,68.606224,26.273956,0.851533,1.120071,1.798461
50.119999,144.970428,73.521957,40.019268,0.652796,0.692580,2.050684
27.190001,44.494942,41.728077,45.112717,0.512980,0.717643,2.149381
22.410000,21.201302,16.894234,32.882011,0.614677,0.211092,0.712805
20.809999,27.164194,21.386513,47.046288,0.397199,0.500519,1.294015
9.430000,7.844606,3.730812,32.776638,0.316990,0.473324,2.522232
8.360000,2.322520,-3.259880,21.786287,0.422303,0.073454,0.043865
6.410000,5.414709,-7.158688,11.335033,0.185843,0.089854,0.888264
8.900000,2.157733,-5.195959,13.516191,0.265059,0.248061,0.361886
8.010000,1.770733,3.963090,10.168764,0.198022,0.033923,0.570244
9.250000,1.572491,4.499524,13.818129,0.179884,0.041239,0.087730
6.940000,0.132754,0.115475,0.217716,0.146417,0.024494,0.098696
5.870000,0.382139,0.121551,0.099720,0.162800,0.000000,0.000000
7.120000,0.308600,0.227413,0.323333,0.151230,0.000000,0.000000
7.480000,0.181951,0.137965,0.321237,0.141315,0.000000,0.000000
6.050000,0.056234,0.030807,2.007502,0.134582,0.000000,0.000000
6.760000,0.132276,-0.425475,3.403430,0.113266,0.023966,0.010966
7.300000,0.326738,-0.780157,2.450684,0.103348,0.000000,0.000000
6.410000,0.153293,-0.437270,1.505492,0.090001,0.000000,0.000000
7.650000,0.054875,-0.212968,1.361079,0.089569,0.000000,0.000000
6.580000,0.057527,0.062791,0.963712,0.079305,0.000000,0.000000
7.300000,0.158112,0.014121,0.017059,0.072802,0.000000,0.000000
7.290000,0.377755,0.046727,0.022322,0.066640,0.000000,0.000000
5.690000,0.414887,-0.031668,0.023882,0.061569,0.000000,0.000000
6.230000,0.443995,0.017828,0.009114,0.055313,0.000000,0.000000
6.950000,0.467594,0.001253,0.002632,0.053627,0.000000,0.000000
6.050000,0.255783,0.063762,0.090118,0.048440,0.000000,0.000000
7.310000,0.427625,0.057175,0.090557,0.044096,0.000000,0.000000
5.340000,0.377376,0.037881,0.059705,0.042300,0.000000,0.000000
5.340000,0.441203,0.004858,0.006092,0.039089,0.000000,0.000000
6.580000,0.475483,-0.007670,0.000439,0.034454,0.000000,0.000000
6.950000,0.346979,0.000000,0.000000,0.032081,0.000000,0.000000
5.700000,0.396326,-0.007644,0.000439,0.030040,0.000000,0.000000
6.050000,0.507502,-0.013848,0.001218,0.027998,0.000000,0.000000
5.700000,0.545852,0.000000,0.000000,0.025501,0.000000,0.000000
6.230000,0.414436,-0.007644,0.000439,0.024638,0.000000,0.000000
14.600000,1.399867,0.174218,0.031534,0.639913,0.000000,0.000000
19.180000,12.138220,6.996274,5.210226,4.474741,11.320151,37.329037
58.169998,28.184652,11.949292,5.311310,0.382405,2.127299,36.155651
37.279999,49.245476,6.752737,2.159031,3.235607,8.522152,38.195370
73.860001,164.150024,8.761655,4.080119,1.908885,-1.895323,16.712530
25.240000,50.760513,1.587627,1.247177,0.368134,-0.327837,72.399033
80.300003,354.432281,59.188946,16.615540,1.904497,0.098198,8.970373
89.050003,401.625610,18.169388,1.806260,1.317935,4.528967,23.862513
44.540001,109.365707,-0.819035,0.249445,0.679079,0.793788,56.848919
109.349998,398.119446,23.856461,2.032164,0.753679,1.508051,7.435102
92.769997,393.661469,4.702589,0.148653,1.651923,0.953592,0.899231
62.619999,347.029205,17.579504,1.914118,0.965948,1.394051,9.869605
71.160004,334.347168,11.326880,0.629120,0.886577,0.510089,2.467401
93.410004,331.873566,5.559172,0.464042,1.388477,0.801881,1.096623
69.970001,335.874146,3.272612,0.239697,0.913297,0.859450,8.597523
111.820000,382.830841,10.122611,0.543389,1.096550,0.310705,0.394784
59.900002,378.055603,10.008312,0.474375,1.272942,1.129938,3.169239
87.529999,428.399902,5.395369,0.246180,0.950115,0.243456,1.326914
82.089996,495.304443,13.899894,1.184304,1.151629,0.000000,0.000000
118.309998,547.468689,28.756157,3.182156,1.107231,0.000000,0.000000
136.360001,559.877686,53.230690,8.805440,1.104917,0.000000,0.000000
156.149994,607.770813,84.287903,14.936733,1.106555,0.103558,0.054831
134.259995,165.405823,11.063052,2.127546,1.236845,0.000000,0.000000
21.709999,279.226776,52.963310,30.530659,1.124806,0.187021,0.581210
118.660004,515.004517,78.458786,17.447659,1.080240,0.351121,0.274156
154.100006,519.202515,58.985561,13.872570,1.170034,0.030558,0.010966
129.259995,477.199371,67.640320,12.752698,1.086902,0.516563,0.636041
158.160004,463.619324,105.846123,35.374321,1.226974,0.199206,0.274156
94.190002,432.106445,106.447723,39.539341,1.423718,0.037962,0.043865
99.760002,417.596252,101.805336,30.949814,1.262292,0.673987,1.326914
131.699997,391.982300,97.013237,34.060123,1.568495,0.033959,0.054831
108.379997,389.446869,94.487648,31.600769,1.486500,0.198487,0.054831
106.930000,392.778046,87.208397,24.520386,1.468142,0.647249,0.844400
134.410004,377.310608,75.065712,16.022341,1.459801,0.551584,1.173386
103.830002,315.473389,57.244118,11.946218,1.333170,0.020745,3.169239
104.349998,346.432434,55.113373,17.950006,1.384214,0.000000,0.000000
72.269997,276.648285,61.967731,26.115505,1.059148,0.964289,3.355666
65.589996,259.240356,33.949158,5.610662,1.057109,0.807196,3.903977
62.169998,85.858383,13.750042,2.684971,0.839939,0.643163,4.836106
47.410000,217.146423,20.186062,2.196218,1.321658,0.433717,0.372852
44.279999,162.839142,0.327232,0.010430,1.496323,1.651531,4.781276
38.279999,109.068497,5.195329,10.294900,1.864612,2.510320,8.005345
42.049999,71.007881,-0.463041,1.223636,2.115145,5.114095,24.575315
14.940000,21.740265,-0.347736,4.566239,0.646866,4.146677,37.032951
14.060000,3.518328,-2.344212,3.676903,3.283600,11.443836,60.994152
58.270000,15.838709,0.815012,2.615079,0.551814,2.044636,56.826988
15.290000,18.366276,0.837545,1.325792,0.533204,3.318523,74.910301
12.280000,11.052691,0.990415,0.607578,0.205590,0.106107,63.669910
21.320000,22.758698,2.700675,0.408772,2.160214,3.546144,6.217851
19.910000,28.979918,3.103167,0.801412,1.418252,5.816484,30.683500
26.480000,24.372166,2.821221,0.710709,1.202151,3.920214,22.349171
15.290000,6.588748,0.942947,0.250761,1.578972,4.114892,16.701561
19.910000,6.258066,0.086073,0.212404,1.262492,4.402984,33.172836
16.360001,22.547493,0.829628,0.069307,1.232299,3.753330,26.373777
19.370001,23.589466,0.966723,0.114780,1.593277,4.274508,21.230618
19.190001,22.591105,2.665820,0.416083,1.395604,4.118061,25.266190
18.840000,23.406647,3.426623,0.601095,1.543536,4.144425,21.230618
16.360001,14.678828,2.521839,0.628194,1.443676,4.046287,22.250475
11.390000,6.255822,0.437662,0.086219,1.035721,2.545984,21.241583
15.990000,6.126729,0.028890,0.010966,1.826834,1.295818,1.579137
18.850000,6.341441,-0.091698,0.002729,1.300158,2.047442,7.994380
14.950000,7.196811,-0.010610,0.001413,1.248128,0.000000,0.000000
13.340000,7.049511,0.060430,0.006336,1.828551,1.483499,2.149381
17.950001,6.368545,0.042304,0.014086,1.742020,0.000000,0.000000
11.920000,6.901933,0.006110,0.000439,1.476016,0.606463,0.712805
19.030001,7.213397,0.046232,0.002827,1.640231,0.061380,0.010966
19.559999,6.422782,0.000000,0.000000,1.586954,0.268791,0.098696
16.879999,26.074570,1.135776,0.078713,1.676047,0.000000,0.000000
24.709999,41.589195,3.674037,0.366954,1.611123,0.179325,0.043865
20.440001,58.821983,7.012108,0.935492,1.547856,0.438055,0.197392
35.689999,69.629379,15.195614,3.555689,1.493546,0.483220,0.274156
41.650002,114.669487,37.045097,12.270282,1.334777,0.706991,0.592176
47.520000,131.037201,44.270378,15.321770,1.202263,0.887218,1.107589
43.599998,104.607559,52.501427,26.407940,1.109905,0.933214,1.699765
23.110001,39.529240,35.016682,31.408298,1.031482,0.490538,0.471548
20.969999,22.094984,26.312424,31.487888,1.138201,0.453592,0.318021
30.549999,39.993492,32.792984,27.941948,1.111174,0.292258,0.142561
25.420000,28.414854,25.407246,22.769884,1.224896,0.098751,0.043865
31.420000,25.685982,24.574492,23.559113,1.144299,0.230183,0.087730
33.529999,107.213173,57.722183,31.548279,1.216419,0.099522,0.043865
36.570000,56.267551,32.178562,18.641758,1.214720,0.049247,0.010966
46.459999,65.232178,43.488007,29.324711,1.228040,0.171432,0.054831
64.470001,115.840927,69.712669,42.038078,1.250488,0.000000,0.000000
56.150002,122.364044,80.516815,53.040226,1.189296,0.234392,0.274156
61.560001,117.499397,91.900803,71.938202,1.116906,0.310386,0.888264
69.790001,72.393494,85.017921,99.912033,1.028581,0.245327,1.897157
39.700001,34.635841,58.239063,99.650597,1.058456,0.000000,0.000000
19.190001,0.798550,5.883208,77.554077,1.106737,0.101474,0.098696
20.959999,7.803632,25.914501,87.254852,0.955003,0.368538,0.405750
14.930000,0.623690,5.219089,65.913063,0.854546,0.587076,1.425610
7.110000,12.275187,-19.962843,37.161716,0.773543,0.406605,2.149381
22.750000,33.070236,-8.808424,2.822366,0.797103,0.203952,0.219325
15.290000,22.677286,-8.169249,3.708973,0.912502,0.000000,0.000000
11.740000,4.913212,0.296126,0.113513,0.830812,0.000000,0.000000
22.389999,40.375034,6.111380,2.769679,0.851694,0.110609,0.098696
24.540001,80.329330,4.785679,0.388058,0.611281,-0.030283,0.010966
51.570000,71.671524,20.738953,6.965893,1.533770,4.010095,14.256094
65.769997,188.399155,45.148388,13.233264,1.548456,3.327631,19.881769
114.110001,268.687775,64.871704,21.986504,1.971469,3.649182,20.188826
84.410004,150.972351,31.660143,10.808410,2.024148,7.135014,33.677284
133.029999,273.118622,23.881380,4.053312,1.681475,6.616583,28.797314
111.860001,340.076172,72.661301,21.568714,3.130778,6.200368,25.288120
71.379997,156.275589,13.620155,2.872225,1.667037,3.663904,54.337654
116.440002,418.188751,115.760933,34.618034,2.733715,3.089630,4.605816
81.889999,301.102661,84.327904,24.274694,2.056195,5.941233,37.592224
83.669998,481.663239,77.707794,13.563712,1.689058,2.949582,25.057829
163.279999,394.515686,166.873901,111.256264,2.533412,2.878335,8.136941
22.709999,22.996904,30.287403,79.949066,1.559502,2.451895,13.291068
45.549999,194.000458,138.902374,111.655975,2.023334,2.534040,11.251349
70.279999,317.171936,153.276260,88.670959,1.743755,4.030043,17.995579
198.309998,603.187256,143.030869,38.380383,1.315040,2.337503,9.847672
120.110001,263.544708,129.141068,67.937675,1.930899,3.253749,8.915543
141.990005,220.811310,131.613007,81.612411,1.250669,1.807779,8.542691
129.050003,236.703186,166.200089,124.945786,2.326262,1.891775,2.028752
85.440002,236.381104,175.383423,137.385376,1.274820,1.381064,8.257570
160.029999,258.165985,191.469086,146.827118,1.859123,0.753063,0.636041
139.009995,236.398956,227.837463,231.648682,1.672652,1.130073,1.326913
113.480003,166.756927,220.043579,305.571869,1.469623,2.097929,7.588630
35.240002,13.827302,61.097603,303.686798,0.420487,3.160168,40.498272
219.820007,158.181534,126.494385,269.718994,0.361153,1.287364,12.293141
138.210007,161.385620,249.908051,407.949402,1.501035,0.160519,4.046538
93.889999,159.271210,237.612640,363.160706,0.733103,2.494403,10.571444
144.630005,180.146194,291.067932,483.542847,0.977264,1.361918,2.642861
119.669998,148.352524,277.505768,544.643738,1.372869,1.011758,0.822467
98.349998,151.290390,300.445557,614.298035,0.996949,1.096544,1.579137
112.680000,138.275635,307.601685,698.912720,1.053342,0.797929,0.636041
123.190002,141.816132,311.106689,726.311462,1.090259,0.082267,0.043865
136.029999,134.706512,304.594604,732.585815,0.613433,1.099440,3.169239
119.750000,124.951393,320.260834,850.145691,0.938595,0.130632,0.098696
124.489998,124.045845,330.599487,914.304260,0.920085,0.005764,0.010966
134.789993,109.825081,313.098541,952.360107,0.878171,0.168334,0.175460
110.889999,101.468224,318.788422,1052.119629,0.911085,0.000000,0.000000
137.869995,86.972458,313.791962,1139.375854,0.819488,0.246826,0.098696
127.480003,99.979599,284.168365,1158.951294,0.931189,0.259682,0.537345
121.930000,83.530235,226.451538,1150.647705,1.613603,3.325903,7.095149
77.860001,87.085663,287.101379,1159.244873,0.614502,2.711227,15.813299
160.350006,83.097443,274.910339,1230.906372,1.446476,0.780127,3.827213
70.059998,56.208397,199.565277,1236.027466,0.489489,2.486641,17.984612
119.419998,93.230545,337.822510,1292.364014,0.090821,0.236969,1.436576
107.900002,69.991196,298.704651,1381.044067,0.327261,-0.181736,0.701839
91.779999,48.485527,261.116791,1480.151245,0.242689,-0.328552,4.583884
97.000000,58.225662,297.935364,1561.321533,0.156489,0.050077,0.043865
99.940002,44.344612,259.788391,1661.292358,0.012685,-0.032879,4.134267
75.309998,39.912067,246.975281,1721.142822,0.040815,0.071567,0.142561
85.589996,32.825127,221.067581,1689.450195,0.055355,0.172471,1.326914
51.299999,16.786428,155.752014,1697.484131,0.062939,0.000000,0.000000
28.620001,5.804619,70.515793,1607.467529,0.078944,0.209004,1.326914
2.490000,5.281332,-35.423409,1435.089111,0.054681,0.011394,0.098696
-8.360000,10.243883,-91.506531,1274.166016,0.112999,0.039906,0.054831
-19.750000,40.793427,-212.857071,1173.151367,0.100829,0.094407,0.394784
0.710000,121.588158,-329.653198,905.815857,0.194933,0.175180,0.745703
-5.510000,166.125641,-314.311707,602.451050,0.393774,0.686187,3.191172
-6.390000,147.118591,-261.261993,467.256226,1.336700,2.690768,5.592776
-6.750000,155.765976,-234.209869,357.519714,0.978133,3.930455,43.832008
-7.110000,160.223145,-222.634827,316.333527,2.190802,4.691202,20.364283
4.260000,137.177582,-188.414368,272.703308,1.155788,6.789040,46.869652
-5.330000,108.488548,-156.342102,265.939178,1.514324,4.634395,44.764137
37.060001,103.838852,-134.332901,185.480270,2.511040,3.487341,12.973047
1.420000,61.394756,-94.803040,153.213043,1.879656,3.355520,128.107468
19.350000,41.940815,-58.814613,88.100426,1.661742,5.055197,25.408749
9.430000,27.378763,-42.973175,73.765808,1.402178,3.110244,59.678200
16.350000,19.944159,-31.197342,55.091690,1.843165,3.963206,15.495278
12.270000,14.338764,-21.673607,37.339123,2.294979,8.041808,37.559326
20.620001,9.810335,-13.551152,24.126575,0.953425,0.532027,41.562004
21.150000,6.184356,-6.982143,15.104979,2.168293,2.134195,4.320693
18.139999,3.123607,-2.352240,7.103532,1.497580,1.759298,14.914068
21.850000,1.769842,-0.426796,2.178331,2.198978,0.345757,0.285122
15.110000,2.418673,0.145336,0.907370,1.898089,1.233050,2.982814
20.250000,3.442247,0.166011,0.045863,2.231523,0.158311,0.043865
14.750000,3.302018,0.022950,0.004776,2.210800,0.363240,0.274156
20.080000,3.421694,-0.008360,0.000439,2.265119,0.223813,0.098696
25.590000,3.372443,0.037105,0.029341,2.292922,0.223076,0.098696
15.640000,2.932866,-0.030509,0.007506,2.279913,0.386725,0.142561
17.770000,3.679202,-0.033228,0.002437,2.214451,0.532200,0.274156
17.059999,3.887443,-0.034591,0.000439,2.189951,0.598776,0.372852
15.810000,3.525080,-0.019175,0.000439,2.218029,0.603755,0.548311
17.240000,3.526492,0.012715,0.000195,2.180762,0.802076,1.107589
18.850000,3.635756,-0.019226,0.000439,2.188989,0.565165,0.701839
15.280000,4.822756,0.027680,0.000780,2.282280,0.617495,0.701839
21.330000,3.616054,0.007414,0.000634,2.300302,0.615096,0.701839
18.660000,6.191691,0.318437,0.032996,2.181860,0.635206,0.318021
32.490002,12.786609,1.394781,0.202900,2.707458,2.943346,4.441322
34.090000,31.286873,6.016051,2.340729,2.161523,3.928842,11.766763
29.280001,32.357811,8.401025,2.354571,2.909154,1.381778,8.619454
42.360001,69.080894,33.061111,35.960453,3.183417,3.095269,4.397457
62.720001,103.363441,25.501255,25.923138,1.961835,4.983352,25.408749
50.360001,30.678658,19.569403,14.267062,3.286335,3.837192,83.716179
54.810001,82.437386,29.656431,15.501760,4.399271,2.404577,105.209984
31.049999,75.328682,33.683422,34.036343,1.728356,5.870444,144.644516
101.239998,125.768997,22.074793,8.658981,5.549069,7.237330,33.008343
56.000000,56.489807,40.624668,43.727417,1.939407,5.294828,207.502960
45.930000,74.792809,27.836861,10.773272,1.962665,2.657719,63.187401
81.529999,59.976387,31.137375,39.217567,5.079593,0.795611,77.476387
50.919998,71.495430,22.681873,12.027660,1.018231,4.033241,232.615601
51.910000,97.276108,19.326693,8.708744,3.075743,2.230735,24.750774
45.750000,99.618622,38.158554,44.940472,1.232149,5.495904,115.660797
58.549999,220.249420,52.892204,20.650772,1.632733,4.448631,26.691797
41.540001,56.067158,34.294037,26.544413,0.920470,8.272925,90.526199
70.410004,35.663151,36.362160,38.503887,1.427665,1.297636,37.164543
63.650002,130.036316,98.259537,91.759628,1.870695,5.245462,29.564951
43.270000,79.942795,64.912888,64.695961,0.865256,1.057277,43.930706
89.769997,192.308304,119.855194,75.867233,1.133721,2.228200,14.310926
106.160004,210.189651,181.663742,169.421341,1.161190,1.290283,4.945768
103.529999,147.551758,159.715363,174.633835,0.743773,0.887697,18.346497
115.379997,178.489761,213.230194,256.598877,1.008540,0.000000,0.000000
108.580002,129.530731,194.470825,292.872650,0.657897,1.305038,7.171913
129.500000,155.311417,226.848236,332.825653,0.442208,0.152065,0.186426
94.180000,144.150665,230.760345,370.415588,0.622781,0.671020,1.348846
126.510002,116.499619,222.156189,426.259644,0.562307,0.000000,0.000000
96.419998,106.027725,226.523407,485.058228,0.605703,0.289722,0.241257
108.050003,112.003113,245.430923,538.057922,0.483267,0.211586,0.208358
71.919998,109.984215,256.514221,620.158875,0.471841,-0.111278,1.623002
135.300003,119.896713,250.889145,648.838684,0.596202,0.699745,5.154127
75.260002,94.976028,234.230667,745.766052,0.646731,1.815008,8.794913
89.769997,74.322670,227.904846,824.269409,0.197073,1.735938,20.452011
116.339996,81.069656,247.866882,876.101624,0.316835,0.374128,1.930056
87.360001,72.503647,246.255478,920.629761,0.136303,0.654885,4.485187
120.489998,63.401207,237.410324,1009.692017,0.150413,0.195628,1.633968
66.220001,45.593224,208.104187,1024.974243,0.028230,0.197154,1.984887
68.070000,18.298176,131.923248,1048.690186,0.068646,0.105682,1.502373
35.310001,8.637331,79.541840,1010.406677,0.143878,0.062737,0.888264
20.100000,3.787288,41.815014,952.566528,0.241229,0.206092,0.899231
4.440000,1.539323,-15.288130,858.804199,0.225345,0.397924,1.096623
-3.910000,12.139811,-90.075500,738.708130,0.144851,0.279600,0.975994
-5.690000,59.880077,-194.378281,644.434692,0.374525,0.106451,0.043865
-6.580000,128.349823,-255.647415,514.673401,0.649792,0.595415,1.633968
4.800000,137.265427,-214.114502,337.847595,2.063705,0.963926,0.811501
6.750000,101.169022,-151.905746,233.034134,2.674324,6.547594,18.576790
-7.480000,99.588501,-129.429337,183.179993,3.096828,4.153287,9.551583
9.420000,90.750336,-123.469009,173.315598,3.207654,8.357819,35.453815
3.190000,81.090652,-108.057449,150.418915,2.960200,5.050498,13.916143
7.640000,66.863335,-89.519402,123.141624,1.169738,4.069290,20.912594
8.180000,42.536114,-48.303707,58.675449,1.006608,4.506902,61.695992
21.490000,52.599266,-22.968889,22.464779,1.542391,2.498644,11.295215
19.010000,34.518608,-1.952058,20.153149,2.044532,5.716505,26.121555
16.170000,6.926234,-4.202008,6.034837,1.384109,3.707675,32.701290
12.260000,3.460674,-0.016814,0.081832,1.379568,5.496212,22.447866
16.889999,2.413762,0.134172,1.292747,1.136610,5.272704,47.078014
23.280001,2.459975,0.121193,0.122627,1.109201,0.300678,16.109386
13.510000,3.080127,-1.063492,1.206383,2.825952,3.725685,6.283648
16.889999,3.055222,-0.508327,0.274546,0.936499,3.025918,34.762943
32.689999,2.914694,-0.144689,0.458047,2.696652,0.448735,0.219325
8.360000,2.600121,-0.182339,0.837089,1.059858,3.548611,52.835281
23.450001,1.966885,0.563883,0.975604,1.210426,1.135960,5.943695
13.870000,1.467505,0.862506,1.212865,1.664018,1.959312,2.598996
24.510000,1.483788,0.694910,0.652369,1.884040,1.145008,1.436576
14.750000,1.777245,0.298785,0.073937,1.815329,1.187150,2.467401
21.160000,2.343868,0.080679,0.015791,1.681318,1.295933,2.028752
23.820000,2.606191,-0.073887,0.035823,1.618914,0.918418,0.986960
15.830000,2.988073,-0.022728,0.000439,1.636836,0.777288,0.570244
20.100000,2.226980,0.016516,0.001657,1.600369,0.684662,0.449615
17.580000,2.829507,0.028166,0.002437,1.594983,0.680491,0.449615
10.480000,2.828321,-0.051354,0.003168,1.529453,0.658566,0.493480
17.420000,2.518229,0.000920,0.000877,1.539385,0.446699,0.219325
19.209999,2.522138,1.828897,3.194584,1.583214,0.230572,0.098696
16.530001,2.558273,0.001832,0.001218,1.628425,0.161173,0.043865
11.380000,2.602918,-0.001875,0.005897,1.627282,0.160240,0.043865
11.190000,2.860148,0.096717,0.008237,1.646149,0.164365,0.043865
15.280000,2.682371,0.049420,0.005361,1.619394,0.160734,0.043865
22.040001,2.599479,0.067265,0.007067,1.614359,0.229391,0.054831
13.150000,2.666656,-0.021169,0.006287,1.598217,0.148236,0.021932
13.690000,2.735691,0.073554,0.006092,1.638628,0.082890,0.010966
10.310000,3.051804,-0.014164,0.000195,1.635116,0.066915,0.010966
11.190000,2.515010,0.000000,0.000000,1.628255,0.234136,0.054831
22.410000,2.491167,-0.066558,0.004874,1.643696,0.066901,0.010966
9.780000,2.712878,0.000409,0.000195,1.592401,0.230044,0.054831
20.080000,2.791700,0.065262,0.004143,1.646883,0.083728,0.010966
17.590000,2.693070,-0.027024,0.002632,1.636382,0.166110,0.043865
10.490000,2.797308,-0.015391,0.000195,1.622435,0.081761,0.010966
16.879999,2.943887,0.053868,0.002388,1.637870,0.165847,0.043865
20.270000,2.871850,-0.014164,0.000195,1.638597,0.165190,0.043865
21.330000,2.992317,0.024365,0.000439,1.632612,0.164157,0.043865
21.160000,2.819389,-0.118295,0.016425,1.616745,0.241926,0.098696
13.000000,2.687845,-0.044204,0.002193,1.683883,0.000000,0.000000
13.510000,2.685127,-0.030450,0.001998,1.619437,0.000000,0.000000
23.480000,3.347832,-0.080687,0.005069,1.682424,0.084576,0.010966
11.370000,2.755482,-0.070904,0.004874,1.649927,0.000000,0.000000
13.880000,2.973781,-0.030168,0.000780,1.702307,0.169766,0.043865
15.650000,2.871404,0.001108,0.000195,1.663506,0.082795,0.010966
10.130000,3.190535,-0.030151,0.000975,1.675518,0.165854,0.043865
20.969999,2.617089,0.020837,0.000439,1.681707,0.082722,0.010966
10.310000,2.740398,0.035367,0.001218,1.692019,0.083171,0.010966
18.139999,2.755482,0.062561,0.004386,1.693753,0.165959,0.043865
19.020000,2.685562,0.049573,0.002388,1.711596,0.000000,0.000000
11.370000,2.725425,-0.015118,0.000195,1.664110,0.000000,0.000000
17.250000,2.644871,-0.083551,0.007018,1.728614,0.169295,0.043865
15.650000,2.763404,0.023197,0.000634,1.683954,0.081450,0.010966
21.160000,2.775767,0.000000,0.000000,1.677221,0.080899,0.010966
22.590000,2.598871,0.015110,0.001657,1.712201,0.165156,0.043865
12.800000,2.988519,0.038503,0.001657,1.691837,0.081293,0.010966
12.450000,3.265904,0.024109,0.000439,1.715433,0.164777,0.043865
13.890000,2.788705,0.037753,0.001218,1.694059,0.160859,0.043865
23.270000,3.214300,0.024595,0.000877,1.752769,0.000000,0.000000
22.760000,3.066398,0.021425,0.000877,1.698355,0.080179,0.010966
14.940000,2.777472,0.033739,0.001657,1.720882,0.162086,0.043865
11.380000,2.610263,0.068032,0.003948,1.736564,0.081550,0.010966
17.780001,2.662991,0.048738,0.002388,1.764242,0.000000,0.000000
21.680000,2.660353,-0.014130,0.000195,1.771530,0.000000,0.000000
18.480000,3.222947,-0.002770,0.001218,1.770658,0.000000,0.000000
20.620001,3.110555,0.028847,0.003265,1.755670,0.081439,0.010966
11.910000,2.633409,0.000000,0.000000,1.787557,0.000000,0.000000
11.200000,2.804059,-0.016107,0.000634,1.730088,0.000000,0.000000
15.290000,3.098389,0.052334,0.001608,1.795372,0.165922,0.043865
15.460000,2.031709,0.064052,0.013159,1.876942,0.194951,0.043865
22.750000,9.337402,3.853479,1.887117,1.285228,2.157692,5.197991
17.059999,6.692138,4.527400,7.749907,0.897059,3.080629,13.444595
11.390000,2.343525,0.975262,0.863213,0.870959,4.617389,29.608810
14.400000,1.641914,-0.054559,0.069843,0.736945,2.629725,10.944295
7.830000,1.928657,0.375118,0.189058,0.643315,2.242218,10.045065
15.650000,1.440689,0.576078,1.530885,0.860525,1.756315,3.893011
9.610000,1.693398,0.163531,0.830655,0.338412,1.109525,5.428282
14.580000,2.394041,0.058249,0.008676,0.977249,2.935843,14.705710
11.370000,2.563383,0.310341,0.388643,1.178709,1.159000,10.319221
13.510000,2.537195,0.247329,0.058243,2.049527,2.434223,2.993780
20.600000,10.495741,1.653913,0.379626,1.037164,2.888338,17.820120
31.070000,43.495945,18.769754,12.665408,0.462090,2.017615,12.578262
54.869999,108.987755,31.206121,11.085880,1.433142,4.451264,18.379398
50.480000,165.147736,46.590252,14.601898,0.920462,4.680091,35.717003
78.660004,247.226440,76.733337,24.704424,1.718072,3.791695,9.869605
88.820000,238.395081,73.556259,25.550724,1.508245,3.250652,21.460905
98.000000,262.357910,93.057922,34.422401,1.205011,2.386949,8.323366
61.270000,212.753464,83.577080,35.109180,1.786660,1.297827,1.239184
64.570000,126.924187,69.790649,40.791439,1.317762,1.769557,6.952589
31.760000,72.136398,39.701279,22.434805,1.611337,0.964185,2.862185
31.420000,49.865490,27.966831,15.846928,1.313151,1.052172,6.722297
34.439999,45.355499,23.709362,12.523626,1.313019,0.827873,2.215178
26.469999,54.874565,19.863150,7.941449,1.291725,0.843561,2.215178
36.200001,73.814728,20.990849,6.153223,1.280731,0.532381,0.932129
41.799999,117.080017,30.484663,8.243142,1.410095,0.402596,0.438649
82.110001,204.902969,57.398670,16.219292,1.448975,0.288388,0.394784
120.980003,310.994904,115.844406,43.898582,1.442218,0.109260,0.043865
157.460007,328.822510,152.163986,72.489532,1.538474,0.503014,0.460582
149.460007,307.429810,195.258270,136.736557,1.399335,1.309961,1.447542
111.129997,254.952682,210.591553,237.182404,0.638892,2.003313,8.981340
112.529999,192.758698,146.732056,329.467285,0.416749,1.131676,9.902503
69.570000,182.487061,138.608109,335.394287,0.616242,1.383298,4.232964
73.989998,141.498001,113.072144,188.823410,1.143340,0.818453,2.555131
44.509998,71.085258,67.781128,114.244980,0.750415,2.784816,19.794039
30.520000,50.153206,26.342560,66.557449,1.099412,1.904150,3.553058
16.000000,19.654982,3.547390,51.567688,1.343801,3.340326,15.451414
8.530000,8.012289,-10.392175,32.403587,1.019413,1.387892,23.303230
24.309999,5.717422,-8.020546,13.311293,1.848966,2.210219,4.616782
24.160000,13.953402,-5.220444,22.203344,1.302652,1.410534,62.737789
26.270000,7.745584,-8.217186,12.080054,1.873141,3.069444,14.201264
31.070000,7.113223,-8.019294,9.590137,2.616421,5.044065,26.790491
10.310000,4.134467,-3.693536,3.760928,1.530928,3.846882,80.327621
21.320000,2.663834,-1.101696,0.698427,1.686226,2.743709,22.820719
26.820000,0.843339,0.093334,0.081540,2.950973,4.519999,16.383543
28.049999,0.375155,0.191628,0.118825,2.316052,2.892598,35.727970
24.160000,0.288430,0.091485,1.136881,2.358655,4.320236,10.900430
20.250000,0.277348,-0.555097,2.847466,2.232790,5.157884,13.905177
17.590000,1.665883,-0.581643,2.366073,1.272662,4.072609,25.628073
35.130001,12.246876,4.103236,5.073658,2.098459,4.513470,14.157400
36.730000,51.946655,14.602432,10.560624,3.264170,7.756613,20.024330
60.150002,107.282890,14.072893,2.587786,2.534844,7.879183,31.703363
29.980000,66.918930,16.631599,7.127901,2.931117,6.238984,33.984337
91.480003,243.761353,25.759365,3.322669,3.530710,2.669716,7.555730
25.209999,77.755707,6.649457,1.771996,3.933806,7.704965,37.570293
148.139999,419.566742,11.405454,0.435627,2.663135,0.389923,3.564023
47.849998,81.538567,-1.205002,0.112587,4.167247,10.853903,69.865829
104.349998,106.881424,10.196208,1.901446,2.290918,0.276720,23.544489
61.349998,84.428604,9.322171,3.978401,5.377589,3.994641,18.829010
32.250000,96.788879,20.738943,6.035275,2.793093,0.114820,65.062622
80.250000,354.424774,22.222984,4.494545,4.178749,2.895007,8.433029
55.049999,161.409409,17.963238,3.378036,3.957887,5.782428,22.031151
64.389999,110.130585,8.948324,0.852490,3.736615,3.336737,25.079760
62.060001,175.511536,19.190365,2.166000,4.297369,4.021542,10.900430
57.490002,131.326889,10.105925,1.386277,3.356851,2.714670,20.155926
37.590000,87.604935,1.934452,0.127208,3.857650,2.396731,2.697692
27.320000,29.879322,0.837153,0.552990,3.787557,1.828546,2.741557
40.279999,9.606546,-1.691444,0.409357,4.088064,0.635776,0.219325
25.049999,5.876487,-1.921251,0.691360,4.341136,0.224995,0.043865
22.190001,3.816159,-1.949519,1.371802,3.871271,0.514880,0.109662
15.100000,2.355031,-1.021103,0.653100,3.092406,2.971409,4.627748
18.290001,2.099509,-1.502125,1.432628,2.602789,4.439047,8.838779
23.639999,1.880231,-0.661947,0.323918,1.709707,4.614213,20.638439
15.830000,1.115504,-0.118219,0.121652,0.769345,1.481305,28.588955
11.740000,0.919788,-0.246255,0.431923,0.728513,3.012721,31.703362
15.640000,1.076381,-0.385302,0.215767,1.214391,1.159582,5.274755
14.400000,1.899448,-0.195387,0.088022,1.102785,2.510319,10.417915
10.310000,2.604276,-0.041946,0.064871,0.494546,0.512912,2.324840
18.309999,16.077724,1.345037,0.159230,0.443667,1.294447,7.040318
33.160000,48.896683,6.011040,0.859411,2.071032,5.093280,17.502098
47.700001,99.295822,20.442596,4.833280,1.751216,5.344682,38.217300
74.339996,187.698959,53.257729,16.057968,3.346183,1.172698,4.254896
73.900002,204.022400,59.965744,19.272924,3.129347,3.973608,16.087454
81.110001,264.544312,78.559082,25.124744,3.098578,1.109527,7.818920
116.480003,303.821350,118.443886,49.594494,3.563246,0.744375,1.096623
90.129997,206.260590,95.422424,45.684128,2.860777,0.090272,22.393034
153.580002,374.099762,177.209335,84.713272,2.649754,1.944949,2.039718
35.799999,120.559692,113.549286,122.297806,2.554754,1.719149,7.829886
111.220001,360.641052,240.819702,173.333221,1.902576,4.446350,12.084784
219.979996,427.190399,160.736038,65.733902,1.071128,4.279618,18.313599
41.220001,18.253038,50.487160,142.073914,1.587633,0.655470,0.372852
112.150002,224.260315,250.984192,327.866150,1.780078,2.551057,6.634568
85.559998,332.945282,178.458252,128.702225,1.530930,0.884269,4.408423
89.010002,124.899071,199.815369,369.589386,1.286534,1.719555,3.585956
123.910004,222.115128,223.868164,248.911194,1.535130,0.391608,0.318021
71.120003,97.445976,182.777191,354.229889,1.241617,0.691707,0.559278
67.849998,55.724083,138.188858,362.912262,1.544294,0.225976,0.493480
16.700001,4.901544,33.221413,285.911743,1.578961,0.056413,0.098696
5.150000,3.477921,-26.039783,234.321701,1.444244,0.364720,0.098696
1.060000,18.904989,-50.766094,140.044708,1.721242,0.312884,1.677833
10.320000,28.050644,-58.660107,123.484985,1.383011,1.432009,1.579137
29.290001,26.678936,-43.052986,73.460114,2.896286,0.678391,2.851219
17.930000,22.966791,-41.449848,76.048393,3.260674,4.369205,6.031425
8.160000,23.154358,-37.012520,60.594604,2.663977,7.387221,23.698017
10.670000,21.958036,-35.667328,59.834023,2.602689,6.428856,54.776306
9.940000,20.199991,-31.433168,50.056591,2.381102,2.606585,44.062302
43.599998,13.929422,-22.741402,39.079781,2.273461,0.933963,14.442521
10.310000,7.614715,-13.113976,25.762640,0.671899,5.073770,50.170486
19.020000,2.718483,-4.533305,8.710499,2.167543,3.191795,12.337006
26.809999,12.723227,4.634880,6.654891,2.350326,5.243154,11.964153
52.750000,79.624298,39.434700,30.080364,1.574106,5.830466,25.364883
80.699997,202.712158,39.811657,13.011257,1.923624,5.750201,26.636965
33.910000,95.283401,15.680469,12.924161,0.107019,1.492834,113.840408
48.790001,113.703011,31.319326,16.120550,3.195060,1.135007,53.306831
36.169998,87.031380,30.699360,11.007606,0.153918,2.207474,118.808098
33.299999,122.428520,19.696093,3.974502,1.564090,3.215201,50.104698
63.430000,139.646622,30.214750,6.802667,2.686097,0.398166,51.903156
104.000000,143.988480,31.544115,20.718468,2.145221,-0.246830,101.218285
46.020000,125.197464,18.653921,7.285961,1.588153,1.259670,150.412766
62.060001,140.204315,30.795757,8.022503,1.786690,1.841612,118.051437
111.269997,578.115479,57.469883,7.408198,3.354599,4.429122,20.046263
38.060001,151.557159,19.789196,6.489911,1.681689,3.045477,138.492493
49.590000,140.926773,43.942635,13.858143,0.151712,0.278480,62.003044
153.820007,374.465149,132.578308,51.185810,4.769727,1.144616,1.107589
51.930000,141.413818,25.403446,7.559239,0.173535,0.738753,103.049637
127.800003,415.743652,186.394516,93.668289,2.665075,1.474772,2.873152
84.099998,337.754883,165.876709,88.896095,0.715733,3.944572,37.866383
144.449997,382.155914,145.575073,91.510284,1.327307,1.098309,17.304707
92.550003,388.467407,72.946732,28.470078,0.319752,0.823669,17.162144
147.080002,243.743637,66.120438,70.622406,1.114274,2.529562,6.820993
110.870003,282.347198,165.769150,100.263344,1.477810,3.154697,8.345299
84.629997,221.770859,172.621857,138.167419,0.695929,2.110755,16.460306
166.820007,369.430328,211.549881,126.631363,1.104600,0.000000,0.000000
112.639999,289.056183,232.303467,191.272339,0.971903,1.688183,2.971848
118.849998,286.635193,270.077148,272.726837,0.632786,0.722295,1.239184
133.660004,264.778687,270.690491,309.506653,1.059790,0.276993,0.285122
135.070007,226.161102,257.561798,340.748962,0.992016,0.377286,0.636041
88.320000,219.397095,253.889984,369.612671,0.854991,0.627341,1.633968
114.019997,207.824936,246.454956,326.185333,0.886472,0.139600,0.109662
145.679993,197.880188,241.506989,303.490692,1.006143,0.045302,0.043865
136.710007,183.661423,229.452667,291.405365,0.975710,-0.122417,0.087730
91.019997,173.303177,227.818787,301.983215,1.014927,0.113760,0.021932
116.830002,152.591034,221.011963,321.344269,1.074359,-0.182531,0.043865
100.699997,133.989288,211.549454,336.670898,1.052006,0.053099,0.043865
84.480003,115.562706,195.882263,334.628693,1.117139,0.093799,0.010966
60.570000,72.268677,151.941681,323.865570,1.073711,0.123723,0.054831
47.080002,31.723413,96.450043,306.123962,1.128916,-0.062707,0.888264
19.180000,1.797336,11.330988,183.021362,1.150799,0.000000,0.000000
6.570000,4.284540,-21.756458,129.725784,1.173822,0.000000,0.000000
5.330000,10.955564,-27.423136,70.061516,0.976792,1.299362,3.553057
15.280000,13.998554,-30.360170,66.582352,1.174243,0.789753,2.851219
24.690001,13.437349,-25.768091,50.448303,2.530808,1.529886,1.107589
27.150000,11.552341,-20.677193,38.395729,2.656577,3.268884,4.869005
11.540000,9.432867,-16.363527,29.958904,2.597289,4.011612,25.200388
26.100000,7.653473,-11.583583,18.654917,2.412663,3.459434,23.719948
11.910000,4.147687,-6.127690,9.465364,0.861418,2.791737,24.597246
31.600000,1.418848,-0.978083,1.350893,2.545922,4.151221,7.226743
9.610000,0.245504,0.255101,0.773046,0.405253,2.085423,78.287895
18.639999,1.095445,-0.541171,0.443962,3.226680,2.610163,3.191172
19.360001,2.285358,-1.205487,0.745119,2.205019,6.792615,26.384743
16.690001,2.269143,-0.778683,0.312611,2.073405,4.209108,21.987284
19.010000,2.631006,-1.517823,1.214912,2.259198,4.951706,14.212231
26.469999,2.498104,-1.217137,0.681661,1.605442,3.471497,11.196518
14.560000,3.461912,-1.675175,1.023222,1.877841,2.057315,2.818321
10.840000,3.446947,-2.545965,2.187007,1.506766,2.660370,6.733263
12.080000,2.657801,-0.740930,0.509515,0.918581,1.154247,2.423536
10.660000,1.566443,-0.005650,0.278688,1.629880,0.666293,0.570244
18.309999,1.438454,0.110549,0.067893,1.288414,0.922612,1.239184
15.650000,1.420487,0.009408,0.072962,1.439879,0.362829,0.219325
8.880000,1.082267,0.029589,0.009212,1.479208,0.167685,0.098696
9.420000,1.398143,0.000009,0.001657,1.494586,0.113949,0.043865
9.060000,1.225309,0.106970,0.031144,1.501796,0.115244,0.043865
16.879999,1.220305,0.143683,0.127403,1.502907,0.058410,0.010966
19.010000,1.285176,0.000528,0.001657,1.488717,0.000000,0.000000
11.020000,1.020119,-0.010729,0.006336,1.527855,0.059939,0.010966
20.080000,1.336440,-0.052616,0.021494,1.530590,0.000000,0.000000
11.910000,1.353863,-0.014138,0.000634,1.534663,0.000000,0.000000
11.550000,1.405853,-0.025643,0.001998,1.532577,0.000000,0.000000
21.670000,1.624341,0.050758,0.007213,1.541627,0.000000,0.000000
13.860000,1.541993,0.038537,0.003997,1.540279,0.000000,0.000000
13.850000,1.303634,-0.022175,0.014524,1.548930,0.000000,0.000000
13.500000,1.360172,0.051508,0.011210,1.561941,0.000000,0.000000
10.130000,1.456162,-0.019780,0.008676,1.569693,0.000000,0.000000
21.680000,1.204123,0.031370,0.003997,1.574894,0.000000,0.000000
16.870001,1.489274,-0.019030,0.005897,1.588146,0.000000,0.000000
17.760000,1.418909,0.036781,0.003412,1.605105,0.000000,0.000000
18.650000,1.447068,-0.015519,0.006336,1.605504,0.000000,0.000000
11.550000,1.286371,-0.008181,0.004386,1.618484,0.000000,0.000000
15.280000,1.297138,0.018817,0.000877,1.621488,0.000000,0.000000
21.510000,1.581122,0.019055,0.000634,1.645838,0.000000,0.000000
14.930000,1.242033,-0.008343,0.006336,1.639632,0.000000,0.000000
22.930000,1.308955,0.015391,0.000634,1.656631,0.000000,0.000000
12.790000,1.431098,0.015425,0.004874,1.652733,0.000000,0.000000
11.370000,1.542356,0.007738,0.000780,1.667438,0.000000,0.000000
23.639999,1.260485,-0.021169,0.003948,1.678862,0.000000,0.000000
22.930000,1.388141,-0.017905,0.008676,1.690754,0.000000,0.000000
22.750000,1.169875,0.030245,0.002632,1.693592,0.000000,0.000000
16.350000,1.310626,-0.011070,0.004386,1.711408,0.000000,0.000000
9.950000,1.265858,0.019507,0.002193,1.715342,0.000000,0.000000
19.910000,1.175647,-0.015024,0.008676,1.719140,0.000000,0.000000
9.960000,1.393059,0.005071,0.002437,1.730140,0.000000,0.000000
16.879999,1.431373,0.009357,0.000439,1.734074,0.000000,0.000000
20.080000,1.311138,0.027407,0.007652,1.747214,0.000000,0.000000
11.900000,1.157314,0.027126,0.002973,1.754977,0.000000,0.000000
14.770000,1.638405,-0.035069,0.006092,1.753463,0.000000,0.000000
13.150000,1.132235,0.017590,0.001218,1.760563,0.000000,0.000000
11.190000,1.508795,0.033807,0.005313,1.764246,0.000000,0.000000
24.530001,1.331322,-0.005190,0.001657,1.783859,0.000000,0.000000
14.040000,1.327506,0.021655,0.000877,1.793073,0.000000,0.000000
10.310000,1.138543,-0.022856,0.003948,1.799533,0.000000,0.000000
10.310000,0.998457,0.034770,0.019496,1.808472,0.000000,0.000000
23.110001,1.473847,0.052198,0.008676,1.815726,0.000000,0.000000
22.559999,1.558658,-0.013652,0.011405,1.819734,0.000000,0.000000
18.120001,1.103418,0.022652,0.002193,1.838406,0.000000,0.000000
10.850000,1.489274,0.000187,0.002827,1.846533,0.000000,0.000000
19.910000,1.632753,0.004679,0.000877,1.844880,0.000000,0.000000
12.080000,1.471403,0.000588,0.003265,1.856514,0.000000,0.000000
16.709999,1.274410,-0.026223,0.014086,1.859903,0.000000,0.000000
23.639999,1.455739,0.004704,0.000195,1.871254,0.000000,0.000000
12.790000,1.561831,0.000187,0.002827,1.877717,0.000000,0.000000
23.459999,1.302166,0.003809,0.005166,1.891623,0.000000,0.000000
13.860000,2.002993,0.053902,0.025783,1.895731,0.000000,0.000000
13.500000,1.145503,-0.010823,0.006531,1.905574,0.000000,0.000000
24.340000,1.106974,0.019874,0.003558,1.908196,0.000000,0.000000
16.000000,1.075870,0.009374,0.000780,1.921559,0.000000,0.000000
12.440000,1.385377,0.002778,0.000829,1.929474,0.000000,0.000000
11.190000,1.404086,0.015007,0.001218,1.936569,0.000000,0.000000
11.730000,1.179388,-0.001185,0.001657,1.932363,0.000000,0.000000
20.790001,1.255606,-0.012110,0.002388,1.952480,0.000000,0.000000
20.620001,1.242264,0.021373,0.003558,1.947976,0.000000,0.000000
12.280000,1.401994,0.037634,0.012477,1.959125,0.000000,0.000000
22.559999,1.088890,-0.001014,0.001657,1.961190,0.000000,0.000000
12.620000,1.181513,0.049479,0.013354,1.981516,0.000000,0.000000
16.709999,1.576231,-0.006835,0.001072,1.977498,0.000000,0.000000
23.450001,1.491648,0.015399,0.000634,1.980911,0.000000,0.000000
14.390000,1.634519,-0.012340,0.009114,1.989033,0.000000,0.000000
24.530001,1.510855,0.017300,0.004874,1.990723,0.000000,0.000000
16.540001,1.118894,-0.002574,0.000390,2.001188,0.000000,0.000000
12.980000,1.428317,0.038631,0.016230,2.008244,0.000000,0.000000
23.629999,1.306549,-0.026529,0.006531,2.009837,0.000000,0.000000
18.290001,1.104420,0.007218,0.001608,2.010874,0.000000,0.000000
18.309999,1.278672,0.009903,0.004045,2.014018,0.000000,0.000000
21.490000,1.413533,-0.001185,0.001657,2.007823,0.000000,0.000000
56.259998,98.511436,36.551361,18.940722,2.005411,0.145070,0.043865
62.900002,227.854660,64.716125,23.080202,1.741051,1.188980,3.651753
44.130001,71.776367,44.622402,29.223145,1.286718,0.266286,0.701839
30.680000,45.489197,49.400627,61.059074,1.074665,1.653889,5.121228
19.030001,1.338586,3.522744,40.963097,1.213299,0.081860,0.493480
12.080000,2.911605,7.636429,37.087585,1.183686,0.345797,2.149381
10.660000,1.794079,3.889817,43.173889,1.189155,0.160561,0.394784
15.630000,1.418522,-3.985086,30.022797,1.160029,0.159614,0.701839
12.260000,19.736559,-9.008592,6.079140,1.207022,0.000000,0.000000
16.350000,22.144733,-5.622721,1.915044,1.149962,0.150657,0.043865
13.500000,1.224963,-0.306984,0.246813,1.069920,0.000000,0.000000
12.790000,9.985840,2.459823,1.036869,1.119612,0.000000,0.000000
21.850000,33.056808,-0.763530,0.100889,1.490216,0.408656,0.537345
54.700001,45.768120,7.033967,1.241913,3.751307,5.703508,8.871677
29.629999,44.434635,18.805410,15.124183,3.032953,7.835791,47.659222
41.650002,71.236313,9.865618,1.687044,1.973421,3.281742,25.003002
83.019997,370.813446,94.682236,25.613695,0.723744,2.919091,21.614433
126.529999,329.556458,82.831505,30.858667,1.195855,5.067797,27.525229
131.570007,537.420349,134.023270,37.423393,1.143554,2.917692,17.140213
177.889999,491.206635,168.480835,78.834068,2.142968,2.478733,3.081510
96.010002,428.905396,22.457935,3.156811,0.768602,0.714393,11.668066
131.000000,50.314125,38.187698,36.714046,2.251614,2.806242,4.265862
71.959999,233.356369,62.165619,16.816685,1.796100,2.436717,14.957933
130.789993,398.310852,39.976723,7.621235,0.975191,0.113229,3.169239
10.290000,30.943073,16.961191,15.368361,1.456020,2.711347,5.669539
63.290001,296.018646,152.786377,79.619781,2.807240,2.979910,5.658574
87.849998,277.436462,97.495918,36.512024,1.525639,3.453502,12.205411
65.040001,268.038147,101.778809,44.207008,1.445218,3.182521,9.014238
172.149994,510.406189,185.485504,75.661942,1.276918,2.529237,5.592776
119.040001,291.896667,97.275337,41.606602,1.451674,2.164808,4.923836
99.470001,222.260406,110.029755,68.894867,1.004020,2.276867,13.872278
140.759995,276.808502,136.651138,78.667862,1.239727,1.261717,4.386491
104.510002,389.974243,148.260941,93.786438,0.990688,1.396134,4.781276
116.650002,283.705048,159.673767,108.685295,0.906941,1.185743,4.759343
129.690002,263.810852,196.524200,151.047256,0.813886,0.716426,4.265862
105.209999,234.831299,193.068512,164.363266,0.935527,0.766261,4.441322
124.320000,210.026581,201.152359,207.567871,0.847855,0.376086,5.307654
103.410004,193.095871,203.888855,227.679260,0.942682,0.428998,5.976594
104.269997,208.869644,215.291306,224.346695,0.942850,0.288976,3.553057
110.639999,221.606903,233.722183,249.940186,0.851169,0.471755,2.763489
105.570000,186.431534,245.810150,333.029846,0.974624,0.940043,5.625675
109.940002,161.032532,241.594574,376.490906,0.803621,0.525929,5.428283
125.040001,183.181946,269.858154,413.512848,1.105502,-0.134190,0.043865
96.419998,152.953796,255.825455,448.065002,1.068903,1.017340,5.801134
108.559998,136.068420,244.203796,443.681335,0.886898,0.217506,3.969774
117.389999,156.377533,275.197815,487.535797,1.221647,0.074112,0.010966
126.080002,127.831589,255.914154,520.699219,0.941412,0.574458,5.812100
121.680000,135.008026,283.370667,597.809509,1.196964,-0.056650,0.010966
143.309998,125.733086,273.640503,601.383057,1.030665,0.755108,1.677833
81.110001,119.829872,268.987579,634.682373,1.029424,0.430067,1.853292
122.739998,116.982796,256.928680,668.605957,1.475525,0.255998,0.701839
91.370003,102.570351,232.512909,686.199280,1.732574,0.543898,0.285122
92.089996,153.858521,308.614532,651.854004,1.625236,0.261372,0.098696
86.970001,94.090027,258.733429,742.602417,1.321176,0.993457,1.677833
118.480003,88.587372,242.269531,707.352783,1.072852,-0.159087,6.415244
95.660004,105.509521,280.737549,782.495544,1.023249,0.415626,0.745703
84.400002,102.167816,281.675690,804.314453,1.138357,0.113249,0.701839
144.360001,96.571999,287.319153,864.124512,1.099607,0.191839,0.109662
116.580002,99.155952,295.813660,885.252441,0.890758,0.300474,0.186426
142.429993,98.763962,307.811890,967.539795,0.741463,0.294143,0.745703
98.230003,100.840439,320.691345,1026.798218,0.745425,0.622819,0.822467
120.510002,97.644691,311.794098,1015.664001,0.497119,0.443519,1.579137
97.879997,100.837006,328.600037,1075.697266,0.550271,0.289862,0.888264
122.440002,99.270538,332.121124,1129.359009,0.602017,0.165298,0.175460
123.040001,92.011971,331.792053,1199.416138,0.568148,0.180606,0.142561
129.259995,90.383949,334.423401,1241.254395,0.635291,0.077942,0.043865
117.169998,89.642822,343.961853,1328.942749,0.539481,0.196556,0.318021
110.180000,77.813965,337.886841,1467.498047,0.478590,0.261032,0.701839
127.370003,67.287437,310.275604,1433.791016,0.328071,0.298328,1.633968
154.699997,85.639091,355.983093,1496.261719,0.436225,0.129712,0.142561
154.550003,78.270073,350.158051,1573.199463,0.380031,0.473834,2.566097
93.839996,87.158592,370.377136,1577.882202,0.319947,0.070062,0.087730
121.080002,65.433784,329.025848,1657.876465,0.375898,0.065319,0.054831
129.360001,57.921669,318.671082,1753.675537,0.342310,0.000000,0.000000
122.230003,50.546001,299.056854,1773.316162,0.362465,0.107146,0.175460
91.139999,51.012718,304.631409,1837.033081,0.359782,0.000000,0.000000
114.750000,53.364674,310.648621,1825.763916,0.361356,-0.052572,0.043865
92.250000,47.221779,291.298004,1845.779541,0.338974,0.054101,0.043865
67.290001,44.877953,287.869019,1848.938110,0.348857,-0.028504,0.010966
76.279999,44.354637,296.127045,1982.640625,0.335603,0.022666,0.010966
110.559998,33.569939,259.724640,2013.593018,0.341587,0.000000,0.000000
79.669998,27.685053,236.831650,2051.424805,0.340695,0.000000,0.000000
83.730003,35.981941,232.489105,2021.953979,0.469485,0.084883,0.043865
76.239998,27.125107,198.668762,2053.479980,0.257832,0.756887,3.728517
72.489998,19.617283,174.912384,2043.748291,0.189807,0.107462,2.807354
82.769997,14.106419,166.851776,2102.540039,0.281158,0.078313,0.043865
54.709999,20.749479,195.301758,2207.198486,0.243122,0.000000,0.000000
84.000000,14.497648,163.025803,2200.867676,0.260252,0.114012,0.098696
58.310001,14.207644,164.434479,2249.609619,0.255648,0.000000,0.000000
76.540001,19.258810,196.001526,2239.027832,0.218722,0.062361,0.043865
60.209999,12.933195,160.498093,2244.165039,0.227693,0.063755,0.043865
70.059998,13.360549,167.441177,2285.250977,0.204113,0.138402,0.274156
39.910000,3.594951,88.642334,2276.307373,0.171618,0.115672,0.394784
59.860001,9.722784,134.322617,2357.414307,0.221558,0.000000,0.000000
76.019997,12.277855,154.359467,2347.106934,0.214041,0.000000,0.000000
72.309998,15.755755,182.343735,2324.127197,0.218424,0.000000,0.000000
131.779999,120.735886,249.642319,2391.587891,0.163596,0.117249,0.394784
122.760002,115.200821,284.215149,2368.228760,2.391073,1.486038,3.158274
161.429993,17.604408,-89.997070,2284.634766,0.072268,1.418913,67.047516
134.350006,125.776749,272.414307,2292.660889,2.014083,1.678344,6.535872
52.439999,32.795422,147.265808,2319.421631,1.168983,7.167957,48.097878
43.720001,12.336753,131.051743,2228.361572,1.103444,0.329392,32.569695
78.389999,31.151276,245.728043,2422.057129,0.192284,1.174959,9.299361
73.500000,44.705723,265.646637,2396.782959,0.190353,0.270030,0.548311
105.919998,67.205872,257.068359,2456.671387,0.426136,1.447744,9.617381
57.880001,51.697456,191.268845,2449.573486,0.638643,0.550387,22.425932
93.650002,43.194931,113.009918,2704.360840,0.745793,2.264287,16.898956
87.730003,83.137009,200.940262,2544.766357,0.987418,2.194245,14.925035
62.160000,33.074760,139.946136,2434.645996,1.024850,0.966267,15.232090
97.239998,40.269794,212.038910,2475.298340,1.055925,0.473430,1.063724
48.150002,1.643202,51.819923,2371.834473,1.018655,0.862280,4.594850
94.070000,39.610699,259.808899,2430.667480,0.854895,0.176874,1.677833
47.380001,4.851964,86.758270,2287.157959,0.919755,0.326165,1.853292
11.710000,12.180162,-49.154915,2204.153564,0.273627,2.773373,153.417511
30.639999,5.819024,10.715977,2157.069580,0.165171,-1.043264,91.403503
18.950001,1.217386,1.249699,2027.502441,0.261885,0.052451,22.524630
57.139999,20.721100,179.384354,2175.411621,0.312989,2.448283,24.608213
83.169998,22.237438,167.764618,1800.917603,0.119797,-1.235944,15.177259
47.910000,17.355555,178.800873,2058.976807,0.203911,0.212335,0.350919
86.300003,21.484966,203.000687,1934.914551,0.022970,0.044464,3.202139
107.739998,33.986885,247.706619,2014.185791,0.093421,0.035820,0.548311
59.610001,34.292351,214.394745,2057.039307,0.316969,0.106713,0.197392
81.529999,29.011770,205.225174,2072.849609,0.272996,0.085459,6.130121
87.599998,22.497208,181.666290,2141.765625,0.490003,-0.358062,0.888264
71.339996,32.583389,213.448090,2086.620361,0.441403,0.207690,0.888264
101.120003,32.210815,218.945938,2069.787109,0.571024,0.086062,0.394784
77.430000,30.354683,224.645142,2122.425781,0.792105,1.621634,11.371979
100.400002,41.748657,250.024872,2131.026855,0.856659,0.542945,2.917017
85.309998,22.420746,186.020844,2170.628906,1.557858,3.012191,15.802333
20.570000,0.656793,29.852262,2098.244629,0.956245,0.143057,32.174908
95.709999,10.789406,143.782684,2183.061035,0.925597,0.154027,1.962955
72.220001,14.367249,165.776535,2160.839355,0.585083,0.000000,0.000000
94.599998,20.918129,201.464783,2149.080078,0.522896,0.000000,0.000000
69.669998,20.949610,197.796463,2189.184814,0.545128,0.000000,0.000000
60.139999,27.983772,163.064331,2236.297607,0.236105,1.068690,10.143761
42.049999,32.762970,161.706009,2193.617432,0.184549,1.258595,13.214304
76.320000,23.201628,140.832413,2081.195801,0.225224,1.666969,15.681705
82.589996,22.236914,139.845917,2075.427979,0.273000,1.226762,17.118280
63.430000,23.202385,140.399109,2014.753906,0.689216,2.274660,25.682903
35.709999,5.704501,75.667519,1951.647339,0.044071,0.192415,25.628073
65.650002,32.038559,192.643280,2018.330078,0.470429,0.222820,0.712805
65.080002,21.731346,163.001160,2054.009521,0.051553,0.106786,7.961481
51.799999,16.267570,127.417953,1939.724243,0.149869,0.000000,0.000000
23.049999,5.898656,59.025944,1908.314087,0.120412,0.285225,1.173386
5.510000,5.074458,-60.870148,1771.601807,0.088334,0.055298,0.175460
0.000000,20.180902,-110.142754,1682.611450,0.338574,0.044074,0.098696
-4.090000,29.195847,-181.205170,1588.771606,0.740233,1.248926,8.136940
-13.680000,54.771702,-250.612701,1212.851807,0.635452,-0.018719,4.134268
-11.740000,93.593842,-315.851379,1103.178955,0.553928,-0.585015,9.069071
4.090000,138.331955,-331.981354,820.128418,0.745426,-0.045476,0.186426
-0.880000,149.139740,-281.849731,541.287964,1.449312,3.349610,23.785748
-16.709999,126.743179,-225.921356,411.325958,1.739500,4.372682,40.750504
7.640000,137.400101,-184.595810,273.979523,1.914964,2.608576,57.748154
-4.260000,104.208817,-148.517395,229.888535,2.064096,6.844330,41.572964
7.640000,87.540909,-128.394943,225.363525,2.353303,2.684690,59.864632
8.170000,79.911209,-120.475380,206.035843,3.396655,-5.086931,34.225597
1.420000,54.404835,-82.493340,140.682266,0.489422,2.936153,97.171738
15.270000,33.457100,-54.710709,109.177658,2.982427,4.734983,150.818512
49.470001,182.632385,-57.982475,53.267548,2.654102,2.914026,56.728287
58.169998,131.118561,4.144672,51.191952,2.457183,5.380135,33.578587
35.599998,32.293449,-3.834961,19.219654,2.273115,3.505287,55.094318
20.430000,15.007759,0.313708,12.917581,2.786131,2.246238,33.775978
30.620001,19.007566,1.975307,2.342386,3.593377,3.826983,6.952588
22.860001,31.425016,1.840607,0.189399,2.451137,4.621274,22.820721
25.709999,28.783672,0.383103,0.690239,2.232451,2.400870,4.496153
32.610001,66.996262,15.310040,6.540452,1.076429,3.647855,15.626875
61.070000,131.177795,40.529701,22.781534,0.928652,3.084741,11.646133
87.830002,216.818970,78.918228,29.008743,1.030241,1.761050,4.638714
100.589996,257.905243,137.022888,75.013428,0.432250,0.647352,13.916143
63.279999,182.789093,152.181366,139.396881,1.697619,4.662378,25.540346
29.969999,45.774353,49.557201,70.479355,0.764484,1.211318,102.698708
154.220001,213.715454,162.465179,127.610535,1.240028,0.976332,8.915543
50.500000,266.301147,203.418900,162.259125,1.685387,4.064486,28.007744
49.180000,69.563828,53.675037,80.526909,0.954216,0.695856,117.349602
145.839996,288.582764,188.963287,164.355408,1.032243,0.751060,4.638714
108.760002,178.236969,227.262817,314.201233,1.433153,1.417659,9.562551
85.559998,155.857544,175.928757,205.440857,1.005323,0.291664,7.862785
117.800003,121.826698,193.175964,330.531860,1.368151,1.080169,11.525505
118.620003,142.484894,233.252029,388.688568,1.375271,0.488197,5.526979
144.449997,157.788956,226.076508,331.404358,1.443258,0.104498,0.274156
148.660004,152.483032,246.872406,415.018097,1.568476,0.196550,0.570244
104.500000,142.469879,257.424408,474.535950,1.593141,0.000000,0.000000
133.919998,132.530334,260.782776,542.315247,1.593880,0.130200,0.175460
105.370003,118.714119,255.534637,571.889282,1.612564,0.000000,0.000000
94.660004,109.492729,262.282288,667.876831,1.604203,0.000000,0.000000
88.040001,113.514473,270.494965,671.193237,1.599625,0.000000,0.000000
147.520004,103.144440,267.826385,722.574646,1.569929,0.102796,0.109662
116.089996,107.427711,282.548981,779.237000,1.569704,0.000000,0.000000
96.120003,124.041870,250.633957,839.651184,2.272707,0.399878,0.241257
74.820000,103.886780,207.962036,798.685181,2.256121,2.755602,8.202738
85.360001,110.791283,261.781891,857.631958,1.824965,1.509145,12.304108
109.150002,98.648148,228.028046,914.646362,2.083828,0.739596,0.844400
125.139999,104.227531,224.494766,901.891724,2.044731,1.168161,0.679906
38.540001,85.357574,256.689819,1034.619019,0.872966,4.702539,38.469524
144.970001,80.367126,264.082458,953.997437,0.599295,-0.055353,0.394784
67.599998,69.711029,228.523529,1099.701660,1.273823,0.557071,2.467401
100.459999,78.017853,214.585037,1084.037231,2.096846,0.627190,0.372852
97.470001,50.036270,177.088074,1140.811523,1.950402,1.505002,5.055431
73.940002,27.536543,137.338867,1184.563721,2.005396,0.351718,0.986960
54.419998,22.658695,130.263260,1195.797241,1.861903,0.176378,0.054831
38.060001,8.951531,75.554901,1185.401489,1.581688,0.157254,0.054831
6.020000,2.240294,-32.702679,1036.765869,1.294692,0.000000,0.000000
-2.840000,18.119677,-113.300049,887.456665,0.962176,0.299755,0.098696
-4.080000,82.686310,-229.614197,685.338562,2.065584,0.397526,0.318021
-1.240000,141.971558,-250.197052,454.029053,1.505988,4.508292,19.190897
-1.060000,142.734802,-194.299805,266.271210,1.153774,3.844229,15.144361
-2.130000,119.215927,-144.570862,185.461945,0.118116,1.638989,31.001522
-7.110000,104.295204,-120.474388,161.959686,1.876441,-0.126524,2.609962
6.220000,93.878502,-122.577530,174.642853,1.778220,-1.128319,114.465477
-0.170000,80.414253,-109.565132,164.946823,0.404029,2.349853,118.281723
27.520000,60.962021,-93.666573,166.184357,1.605579,3.346215,50.642033
20.590000,87.102013,-33.773121,150.351959,0.707814,5.272494,76.511368
45.990002,77.659554,14.545582,138.909149,1.867792,5.556403,38.305035
29.040001,33.682827,21.028114,72.100357,0.857257,5.477454,100.560295
34.340000,47.212555,32.808514,42.900955,0.890917,2.761595,58.460957
39.119999,199.496841,67.565544,32.574467,3.156941,7.799818,41.200119
110.779999,224.818695,103.840965,126.690727,1.916688,4.955468,75.842430
48.029999,77.979408,46.401474,40.495354,2.629346,6.693367,195.703278
55.340000,96.038284,47.225857,90.097054,0.762234,0.760220,89.583107
81.690002,109.664307,53.295097,29.518253,3.371883,6.569056,37.416767
43.160000,121.552933,65.465355,46.718273,0.650916,1.948353,95.603569
81.660004,478.070068,101.276115,23.058416,2.945739,5.830581,31.396307
164.529999,81.713722,450.467285,2520.116699,0.148168,0.001573,0.010966
133.429993,68.700104,422.475647,2657.021240,0.085913,0.000000,0.000000
169.600006,73.887375,452.925720,2793.410156,0.111448,0.175866,0.394784
153.710007,71.392136,453.715363,2918.876953,0.027495,0.000000,0.000000
167.600006,66.365646,427.552826,2990.951416,0.120895,0.115634,0.175460
167.320007,63.333275,434.368622,3044.390137,0.084831,0.000000,0.000000
123.709999,53.763714,397.026337,3154.881104,0.061569,0.000000,0.000000
153.190002,54.512772,414.412781,3295.180176,0.061695,0.000000,0.000000
109.949997,58.626457,399.652832,3390.705322,0.059392,0.000000,0.000000
165.050003,42.052750,384.014496,3514.457520,0.057525,0.000000,0.000000
144.710007,50.591164,414.371216,3549.450684,0.055661,0.000000,0.000000
126.489998,47.383862,408.459503,3666.583496,0.062563,0.000000,0.000000
125.870003,42.268925,387.675659,3672.282471,0.052492,0.000000,0.000000
107.739998,44.234550,373.754333,3949.396240,0.033400,-0.005103,0.010966
144.970001,42.061192,361.763184,3847.082031,0.045893,0.000000,0.000000
154.869995,43.197304,405.415070,3912.709961,0.045907,0.000000,1.320313
100.169998,55.236641,235.854477,1009.138977,0.244215,0.401697,0.899231
84.430000,55.467346,244.662827,1082.423340,0.280755,0.286997,0.394784
76.099998,49.900787,228.959229,1064.334839,0.189643,0.342921,0.888264
87.779999,48.541130,218.980225,999.926880,0.209413,-0.268180,5.110261
80.330002,43.590431,235.567612,1288.664673,0.205142,0.146196,0.219325
89.010002,38.459595,226.275635,1449.008057,0.131595,0.274924,0.712805
93.129997,43.229813,231.461182,1331.347534,0.155346,0.179506,0.274156
71.610001,47.047539,232.301102,1258.587891,0.096450,0.187799,0.822467
97.180000,49.717476,239.391388,1170.004395,0.036047,0.134821,1.897157
73.809998,52.582138,254.734863,1272.064697,0.097360,0.028251,0.010966
99.169998,43.984928,245.394897,1398.921753,0.043111,0.087995,0.318021
99.349998,32.294048,217.645111,1524.012451,0.085499,0.000000,0.000000
75.970001,38.848976,249.168610,1646.931152,0.042315,0.081000,0.394784
89.540001,33.309181,230.570007,1702.533569,0.049942,0.007956,0.010966
70.370003,36.044750,240.485870,1730.145142,0.049816,0.032642,0.043865
108.209999,35.040882,231.952560,1687.688232,0.050759,0.003118,0.010966
87.919998,44.194847,243.121704,1429.330811,0.038151,0.020294,0.789568
89.610001,43.257057,255.530045,1535.247070,0.034467,-0.003819,0.142561
120.349998,46.094582,222.687103,1754.803223,0.030515,0.148580,0.932129
72.529999,55.107906,248.026215,1895.334717,0.174055,0.295275,0.789568
69.089996,39.817749,185.353027,1939.899658,0.253406,0.638112,3.081510
95.180000,26.687572,170.345612,2080.841064,0.076947,0.108344,2.248077
77.379997,28.214365,173.103333,2030.174927,0.111086,0.328358,2.193246
73.370003,21.144024,173.957794,1897.075928,0.058096,0.136880,0.405750
57.349998,19.188337,181.077972,1878.185059,0.037798,0.000000,0.000000
54.029999,19.490595,175.041870,1810.556152,0.041651,0.072350,0.537345
52.590000,15.640095,158.711395,1781.085938,0.037028,0.000000,0.000000
44.930000,9.069154,105.358551,1768.099365,0.105382,0.000000,0.000000
35.419998,1.145345,38.398556,1766.762573,0.446568,0.505622,0.986961
26.740000,1.127556,30.252182,1683.838257,0.764786,2.029591,11.262315
33.470001,1.549943,35.316544,1725.957031,1.328001,3.688816,17.008617
27.110001,2.183935,20.004654,1729.370361,1.600452,6.295007,42.450268
28.180000,0.841671,7.614067,1619.123047,0.617014,3.590542,58.417088
55.660000,1.810734,41.826550,1551.005981,2.179520,7.689529,29.729441
20.180000,0.501184,21.370014,1502.553223,0.248343,4.269460,141.946838
33.630001,0.888783,33.627415,1429.925415,0.653718,0.851287,58.285496
39.139999,1.843890,42.315075,1445.138672,2.306821,8.257840,46.694199
14.830000,0.659247,24.941631,1372.367920,0.006461,0.086438,114.991867
143.839996,55.525574,387.557251,2719.870850,0.322131,0.000000,0.000000
122.809998,65.126328,397.414185,2778.912109,0.348709,0.127913,0.142561
132.529999,62.862423,355.173981,2758.283691,0.287875,0.582321,1.414643
140.679993,54.111782,387.455688,2916.298096,0.182907,0.307820,0.811501
161.660004,55.159550,394.828491,2938.208740,0.202702,0.101822,0.350919
159.679993,53.281757,397.443024,3071.493896,0.159535,0.152669,0.318021
141.729996,54.886246,386.312744,3188.082520,0.184918,0.059397,0.109662
113.599998,43.725204,377.534088,3274.941895,0.179483,0.033475,0.054831
159.990005,44.314259,385.008148,3351.068848,0.153614,0.108689,0.756670
136.570007,46.454086,395.856598,3496.588135,0.168601,-0.005496,0.098696
142.610001,42.823730,381.047180,3566.527832,0.143038,0.018378,0.043865
146.539993,45.856522,362.979309,3653.404785,0.136192,0.065123,0.043865
146.029999,39.666649,383.944641,3791.223389,0.125283,0.048473,0.142561
123.089996,40.313950,388.226105,3860.427246,0.121921,0.063461,0.087730
127.110001,37.650139,372.444427,3890.907715,0.110479,0.042433,0.087730
171.800003,29.453245,340.000366,4064.039063,0.091991,0.075841,0.098696
131.320007,27.552166,315.668549,4076.350342,0.129037,-0.008604,0.043865
99.110001,27.506653,312.101563,4105.856445,0.141173,0.226932,0.372852
82.519997,29.776569,312.485840,4118.250000,0.348852,0.451985,1.140488
102.910004,30.020782,254.651306,4192.701660,0.935179,1.092761,4.243930
32.389999,7.755783,41.702095,4145.329102,1.044767,6.511194,58.230667
91.709999,1.310197,20.985872,3830.930908,0.788574,2.524935,14.705711
46.060001,18.141022,171.136444,3891.653564,2.398739,7.838306,46.036224
87.500000,10.224684,162.332275,3852.684082,1.341276,0.978270,39.752571
91.720001,2.451125,41.465549,3639.208496,2.566483,11.509312,152.364746
38.610001,0.330465,28.296934,3536.335693,0.003327,0.615560,137.077850
122.440002,3.812988,55.404175,3428.735352,3.478790,14.968529,98.049026
35.180000,3.236437,88.064407,3468.293701,0.474445,-0.018809,299.531525
28.639999,2.046648,67.037392,3041.364014,0.358978,-0.410965,103.850174
66.099998,1.129438,50.350800,2802.777344,2.930105,6.428038,37.570293
56.930000,12.313387,106.073692,2612.118164,0.111490,0.798823,123.150734
44.169998,1.061165,50.669991,2673.045898,1.228096,0.852152,50.159523
47.500000,6.520949,89.309898,2540.190674,1.001871,2.940303,42.603794
83.669998,6.971827,98.813850,2540.843994,1.931748,6.671230,26.253149
68.389999,30.994820,142.560913,2591.730957,1.282969,3.015887,115.858185
63.610001,1.060833,19.478138,2635.359131,0.412377,2.707719,74.877396
63.570000,20.024544,186.218933,2914.225342,2.962492,6.938530,46.365211
30.420000,0.713232,43.537453,2705.482910,0.424341,2.823206,80.349541
55.060001,16.903101,143.228485,2662.974854,1.391664,3.619803,29.411423
80.500000,5.435433,79.311348,2761.033447,1.510016,1.975017,30.047464
56.299999,7.483251,86.995163,2723.575195,1.478464,-0.123790,33.984337
84.330002,40.586777,251.696716,2514.670654,0.875915,1.033193,7.851819
138.139999,34.352425,198.366669,2615.843994,1.288020,0.629862,5.132195
184.270004,35.560925,180.808105,2392.104004,0.881775,0.970987,9.979266
96.769997,41.170753,286.119934,2285.601807,0.430327,-0.443625,7.775056
110.400002,35.544884,265.682343,2073.733398,0.414922,0.032346,15.495279
95.250000,38.511810,285.162964,2158.593506,0.078669,-0.461773,9.880571
121.410004,56.755100,368.976654,2447.463867,0.206526,0.194641,0.296088
150.750000,50.326374,342.066956,2652.611328,0.249548,0.000000,0.000000
123.059998,45.813206,348.258911,2737.599854,0.235546,0.000000,0.000000
146.279999,41.967461,323.019745,2794.851563,0.213773,0.057130,0.098696
118.150002,43.559681,328.050323,2769.381348,0.075372,0.186962,1.370779
139.369995,43.171947,324.227142,2863.809326,0.128445,0.163188,0.274156
100.099998,38.964447,316.698242,2819.737305,0.105931,0.053529,0.043865
125.540001,39.513153,322.538635,2903.527100,0.115773,0.014417,0.054831
149.699997,39.392273,328.853027,2879.150879,0.122406,0.003986,0.043865
121.860001,43.245892,329.963501,2928.016113,0.119287,0.000000,0.000000
169.250000,68.306549,317.377991,3035.728516,0.208854,0.094036,0.098696
107.500000,60.806278,295.823975,3094.756104,0.238779,0.915572,5.022532
110.400002,55.077400,305.172852,3103.661621,0.142985,0.099813,1.140488
114.750000,44.702332,322.454590,3271.272461,0.148352,0.188042,0.548311
116.470001,48.109520,346.036743,3257.160400,0.030973,0.054745,0.581210
138.839996,35.017273,267.674133,3364.799072,0.058716,0.000000,0.000000
91.139999,32.880512,254.817810,3324.670654,0.033686,0.000000,0.000000
94.720001,25.208900,284.791290,3565.019043,0.055448,0.077103,0.142561
87.230003,27.779562,308.949463,3562.826172,0.031983,0.046792,0.098696
114.750000,33.743351,318.199829,3527.793457,0.042492,0.004099,0.010966
125.570000,34.332268,319.103149,3618.173828,0.027646,0.000000,0.000000
84.099998,33.524727,280.382965,3636.462402,0.030068,0.011882,0.010966
55.590000,53.138893,147.024872,471.039612,2.443960,1.817468,3.004746
65.260002,54.167107,137.828247,477.142792,2.715590,0.620416,0.921163
86.720001,48.989990,152.093216,509.030945,2.325150,1.466999,1.864259
71.559998,46.475079,150.074921,503.428345,2.672658,0.154260,0.548311
89.790001,47.599689,146.278885,511.658875,2.492616,0.455347,0.416717
140.500000,212.708572,254.420853,307.551361,1.919868,1.427070,1.326914
100.690002,341.917450,268.180389,295.934021,1.847882,0.024449,0.274156
87.250000,228.986923,230.628922,245.026840,1.866166,0.187968,0.986960
131.669998,201.388397,222.641235,313.028076,1.827639,0.050625,1.272082
136.750000,210.656738,273.192413,363.619537,1.513920,0.752694,1.502373
128.789993,192.875931,292.434143,478.549988,1.771239,0.275630,0.712805
108.089996,139.235840,285.168579,805.922607,1.893268,0.630614,1.140488
87.050003,98.746552,255.181152,1014.549744,2.018062,0.524140,4.046538
105.309998,122.642395,279.588379,701.633301,1.532398,0.411568,3.081510
151.800003,164.167969,300.225586,718.936035,1.447991,0.739003,2.598996
80.690002,301.892395,392.833496,609.345276,1.457984,0.401888,1.074690
146.889999,171.645416,339.422150,711.908569,1.261526,0.311935,0.372852
158.770004,171.530991,366.415375,792.810669,1.214805,0.227749,0.043865
177.350006,152.462631,378.612000,943.050171,1.164725,0.222735,0.043865
147.679993,137.274231,376.700562,1033.956055,1.199242,0.000000,0.000000
132.919998,133.266006,382.755371,1104.873291,1.027078,0.023394,0.021932
186.130005,142.238525,409.899780,1187.297729,1.014488,0.000000,0.000000
169.669998,138.081970,429.945801,1341.815918,0.962196,0.000000,0.000000
190.500000,133.066254,420.193481,1342.794434,0.890196,0.074689,0.054831
171.169998,128.378906,426.501434,1422.348633,0.855596,0.000000,0.000000
164.880005,123.040672,440.069244,1577.779907,0.834257,0.023685,0.010966
187.529999,115.733803,446.328918,1723.802002,0.734274,0.239754,1.853292
182.179993,120.855965,465.205292,1796.876831,0.709645,0.009463,0.109662
196.779999,99.717163,439.347290,1937.843506,0.993548,0.000000,0.000000
141.910004,86.358269,418.197510,2035.989502,1.217862,0.243603,0.701839
146.360001,77.447380,404.707733,2151.415283,1.576936,0.451083,0.460582
128.179993,53.315655,334.807739,2240.072998,2.039081,1.330400,1.425610
149.000000,61.978176,330.586609,2254.020996,1.886971,2.487543,5.351519
168.100006,46.704742,275.620483,2194.502930,1.656815,2.127609,11.152655
125.940002,38.884460,195.902588,2305.733154,1.609513,2.468007,10.626275
118.260002,47.935211,320.154449,2637.919434,1.752349,2.755120,6.261716
50.000000,3.691856,76.487648,2335.605957,0.492814,4.457125,46.441971
147.419998,207.781357,600.099976,2589.922363,0.751246,1.985277,5.373451
52.939999,10.698036,159.322647,2713.311279,0.472945,3.140879,32.876747
127.209999,66.751129,391.269714,2854.727783,1.060022,0.863317,1.951989
61.340000,27.683695,267.672485,2875.557129,1.105047,5.245273,29.948763
214.259995,101.866554,338.026306,2727.721680,0.613377,-0.417059,16.120354
266.799988,55.738811,286.831726,2923.140137,1.447394,1.806565,3.026679
51.380001,1.579660,44.240463,2802.947021,0.265642,0.720573,37.515465
172.800003,148.501053,472.570038,2743.671875,0.781574,0.899955,4.101369
70.459999,4.554468,86.335907,2688.736816,2.122057,-0.816180,11.657099
54.000000,102.195847,361.562012,2924.902344,0.106003,-2.925251,85.514641
123.980003,46.110130,302.638062,3143.936279,0.896988,-0.072952,3.169239
46.090000,3.721452,87.521904,2861.372070,0.600739,-2.959188,38.546288
101.849998,22.493536,231.707703,2890.750732,0.397367,0.756872,20.846798
195.179993,64.710320,322.553467,2998.340332,0.473031,0.329127,1.140488
193.800003,58.703178,371.576904,3209.190674,0.578184,0.392514,1.491407
139.199997,40.882496,362.443146,3332.197021,1.009543,1.145299,2.401604
133.690002,43.106167,373.096741,3358.419434,0.633248,1.359005,5.340552
138.669998,33.939098,320.332275,3378.601074,1.064012,0.914463,2.598996
124.510002,41.946327,305.633972,3265.194092,0.926172,0.956856,3.443396
122.559998,52.805344,381.988586,3439.975098,0.927053,1.176421,4.254896
117.379997,32.830349,304.806458,3412.062988,0.614383,2.039104,7.237710
214.910004,60.265419,339.021790,3494.530029,0.870383,0.944815,3.969774
127.000000,33.381271,322.860138,3688.281982,0.489841,1.806927,9.979267
192.979996,41.859512,331.015930,3620.656738,0.334956,0.489869,6.470074
98.580002,40.108803,335.917725,3646.066650,0.659750,0.723141,7.566697
146.630005,61.546558,360.832947,3701.640625,0.417313,1.813224,8.169840
111.879997,36.095280,319.302063,3876.600586,0.136554,0.892737,6.919690
138.240005,60.569473,380.661987,3963.250732,0.109951,0.459453,2.741557
147.149994,66.712440,361.188354,3900.145264,0.379564,0.415451,0.537345
123.260002,135.554581,678.219238,3968.769287,0.340414,0.762870,3.542091
132.389999,103.135956,537.500671,4173.234863,0.368162,0.733947,3.311801
102.430000,36.250656,318.812286,4062.301758,0.427308,0.634383,2.927983
99.339996,29.934896,276.766724,4054.118164,0.422854,0.610347,9.738010
152.750000,56.760345,399.075012,3958.512939,0.343929,0.952537,3.860112
97.349998,23.762680,261.990112,4156.844727,0.585467,1.041022,6.502973
83.820000,26.751093,320.061523,4089.867676,0.443041,0.917602,2.730591
102.220001,10.149108,201.889465,4143.595703,0.980769,0.935379,3.882044
57.849998,5.346593,139.874359,4119.938477,0.420733,2.768276,22.963280
73.500000,7.915321,172.625580,4050.375977,0.703763,0.875999,6.173985
52.410000,10.091311,124.834976,3986.622314,0.171121,1.178462,8.882645
5.310000,8.521076,6.047302,3713.933105,0.432011,0.509907,1.765563
-2.120000,14.813435,-105.194733,3293.002441,0.370798,0.621995,4.792242
-1.590000,17.032784,-170.816010,3235.288330,0.526352,1.050230,3.574990
-7.630000,53.185070,-325.474670,2912.269287,0.293737,0.708188,3.827214
-11.350000,120.118668,-524.489868,2306.208984,0.455299,0.439485,1.294015
6.560000,154.875473,-535.847717,1982.214722,0.718809,1.614900,8.093076
-17.389999,217.911331,-561.618408,1535.949585,0.802842,4.641946,32.821915
-7.090000,265.176270,-553.163147,1199.689697,0.183208,0.863403,60.687103
-10.460000,272.627716,-483.552429,885.780884,1.891908,4.702428,43.864910
0.880000,239.322418,-393.944946,665.310913,0.375103,0.946713,133.678299
-5.490000,243.701096,-330.715210,481.611359,1.775539,5.562282,41.178181
-2.830000,193.382721,-278.840637,419.492279,0.348755,1.220414,77.958908
5.670000,185.454834,-266.050598,410.180664,1.636995,2.838758,18.916742
-8.700000,174.580215,-248.408066,369.562317,0.283685,2.696158,107.085205
4.790000,278.881256,-206.830582,260.213562,0.592868,4.712578,106.405304
51.639999,268.923859,-62.926426,244.055679,0.641703,2.054399,26.527304
18.959999,145.360504,-59.967041,241.916779,0.596305,5.810731,71.949417
6.380000,78.509903,-76.549156,166.163635,0.661774,0.895611,33.271534
11.690000,41.026421,-49.292419,69.429871,1.325447,3.920382,14.771508
15.770000,13.424305,-12.873098,18.338991,0.969289,3.478197,20.144960
21.100000,11.833541,-4.409530,8.262394,1.541253,2.002224,24.674013
15.600000,13.118195,6.380704,11.063363,1.071900,2.761586,10.966228
28.850000,19.597729,5.884180,11.859365,2.016466,2.444182,8.257569
40.310001,68.071091,13.672865,4.918231,1.109830,3.970271,24.619179
85.610001,174.543228,58.260532,30.720886,1.113468,1.767103,8.345299
141.470001,336.288269,75.999275,18.468201,1.408412,1.071068,4.890938
155.750000,364.535797,138.629471,57.854164,1.284231,1.415113,4.452288
33.700001,46.941196,25.379974,44.785194,1.283267,3.462805,86.413864
52.000000,126.677414,18.230072,31.203012,1.126847,0.121279,74.756767
91.709999,263.337494,26.262772,8.563308,1.465943,0.170070,29.575914
158.589996,571.969421,102.012787,19.154488,1.602897,0.552475,1.096623
32.330002,144.252563,83.358345,87.193100,1.526133,0.981105,2.829287
94.129997,342.475708,176.158676,125.012932,1.443973,1.494768,2.039718
86.480003,315.700897,174.584763,114.737930,1.281719,2.028569,5.241857
147.339996,276.076782,192.200150,157.661301,1.209749,1.875980,6.031425
107.680000,267.445496,227.420517,239.321106,1.673231,0.665605,0.932129
99.349998,189.107300,198.290833,228.244385,1.661304,2.403100,11.284247
46.000000,104.047318,124.695694,174.463455,1.419170,0.548666,17.162144
145.750000,241.397247,186.028061,172.721146,1.103617,1.453147,2.478368
83.470001,356.393280,240.242767,249.820877,1.292633,1.132636,13.280101
138.750000,205.734909,244.384506,315.425446,1.078682,0.378105,7.248676
148.039993,209.121216,248.620148,355.493103,1.540181,0.140298,0.888264
98.339996,181.245941,243.956741,386.575684,1.503749,-0.253390,6.316547
169.350006,187.203186,252.645172,379.513885,1.485343,0.000000,0.000000
152.669998,191.865326,310.812866,511.771271,1.503411,0.103334,0.888264
172.850006,207.764236,265.841156,397.346924,1.420972,0.276457,0.186426
135.089996,213.312332,289.124420,464.835144,1.143309,0.577708,0.318021
199.919998,343.020813,366.568542,506.859314,1.546886,0.012719,0.756670
118.010002,171.969910,301.450439,575.169983,1.554243,-0.018602,0.010966
16.299999,1.040535,0.257027,0.101377,1.527010,0.000000,0.000000
13.130000,1.371923,0.253431,0.083295,1.521546,0.143862,0.043865
16.480000,1.725765,-0.020555,0.000877,1.524700,0.069618,0.010966
16.660000,1.945429,-0.010448,0.000195,1.590066,0.000000,0.000000
14.710000,2.072324,0.006306,0.000195,1.608328,0.000000,0.000000
15.410000,1.686545,-0.009920,0.000195,1.636845,0.000000,0.000000
14.190000,1.796672,-0.006042,0.001072,1.659983,0.000000,0.000000
14.180000,1.715602,0.000000,0.000000,1.684182,0.000000,0.000000
18.440001,1.918353,0.000000,0.000000,1.712152,0.000000,0.000000
16.129999,1.571126,0.000000,0.000000,1.729943,0.000000,0.000000
13.980000,2.027175,0.048414,0.001657,1.761120,0.000000,0.000000
20.740000,1.877007,-0.009460,0.000439,1.784498,0.000000,0.000000
14.350000,1.878111,0.000000,0.000000,1.810392,0.000000,0.000000
18.969999,1.809637,0.000000,0.000000,1.838585,0.000000,0.000000
16.129999,1.774420,0.000000,0.000000,1.863197,0.000000,0.000000
14.540000,1.676247,0.000000,0.000000,1.889949,0.000000,0.000000
18.250000,1.363006,0.000000,0.000000,1.916062,0.000000,0.000000
14.890000,2.072324,0.000000,0.000000,1.938215,0.000000,0.000000
19.860001,1.804699,0.000000,0.000000,1.968043,0.000000,0.000000
19.500000,1.914227,0.000000,0.000000,1.991066,0.000000,0.000000
15.070000,1.820616,0.000000,0.000000,2.023724,0.000000,0.000000
17.190001,2.105589,0.000000,0.000000,2.048895,0.000000,0.000000
16.309999,1.747335,0.020453,0.000439,2.074714,0.000000,0.000000
15.240000,2.120675,0.000000,0.000000,2.106805,0.000000,0.000000
23.209999,1.868352,0.000000,0.000000,2.144611,0.000000,0.000000
17.719999,1.976892,0.000000,0.000000,2.171734,0.000000,0.000000
14.880000,1.628406,0.000000,0.000000,2.192363,0.000000,0.000000
16.490000,1.667565,0.000000,0.000000,2.219837,0.000000,0.000000
15.580000,1.638813,0.000000,0.000000,2.248190,0.000000,0.000000
23.240000,1.663153,0.000000,0.000000,2.281416,0.000000,0.000000
19.150000,1.749045,0.000000,0.000000,2.310128,0.000000,0.000000
16.309999,2.273740,0.000000,0.000000,2.346454,0.000000,0.000000
21.260000,1.656714,0.000000,0.000000,2.371560,0.000000,0.000000
16.500000,1.855911,0.000000,0.000000,2.387962,0.132169,0.010966
20.730000,1.779802,0.020504,0.000439,2.429150,0.000000,0.000000
23.389999,1.934154,0.000000,0.000000,2.377026,0.262795,0.043865
17.200001,1.571126,0.000000,0.000000,2.405520,0.263731,0.043865
17.020000,1.890883,0.000000,0.000000,2.388545,0.262502,0.043865
18.610001,1.875916,0.000000,0.000000,2.459640,0.267907,0.043865
17.020000,1.793675,0.000000,0.000000,2.570237,0.000000,0.000000
26.559999,1.681021,0.000000,0.000000,2.510993,0.407044,0.098696
19.670000,1.857798,0.000000,0.000000,2.627156,0.000000,0.000000
25.180000,1.954080,0.000000,0.000000,2.606114,0.693962,0.274156
18.780001,1.820098,0.000000,0.000000,2.388548,1.038256,0.701839
15.770000,1.572217,0.000000,0.000000,2.107152,1.988600,3.169239
16.490000,1.303263,0.000000,0.000000,1.476185,2.530004,10.538544
12.590000,1.853467,0.000000,0.000000,1.272100,1.319615,4.386491
16.510000,1.744071,0.000000,0.000000,1.447026,1.340132,3.169239
13.840000,1.974401,0.052360,0.004143,1.265630,0.900209,2.149381
14.540000,1.987107,0.000000,0.000000,1.580719,0.261514,0.098696
15.780000,2.188258,0.000000,0.000000,1.501736,0.407505,0.274156
15.430000,1.800582,0.000000,0.000000,1.472826,0.393122,0.274156
13.490000,2.016851,0.000000,0.000000,1.496535,0.241204,0.098696
17.200001,1.963569,0.018919,0.000439,1.490470,0.237159,0.098696
14.560000,1.839594,0.000000,0.000000,1.470664,0.233371,0.098696
14.180000,1.882037,0.000000,0.000000,1.468118,0.229825,0.098696
17.360001,1.610072,0.000000,0.000000,1.450512,0.150121,0.043865
14.890000,1.713216,0.000000,0.000000,1.450479,0.148046,0.043865
16.490000,1.949646,0.000000,0.000000,1.492976,0.000000,0.000000
13.840000,1.669146,0.000000,0.000000,1.497837,0.000000,0.000000
15.080000,1.878388,0.000000,0.000000,1.502993,0.000000,0.000000
14.540000,1.855786,0.000000,0.000000,1.512492,0.000000,0.000000
14.720000,2.071476,0.000000,0.000000,1.506141,0.000000,0.000000
16.490000,1.937187,0.000000,0.000000,1.516340,0.000000,0.000000
15.080000,2.081510,0.000000,0.000000,1.525739,0.000000,0.000000
14.370000,2.116945,0.000000,0.000000,1.525826,0.000000,0.000000
15.610000,1.797238,0.000000,0.000000,1.531066,0.000000,0.000000
15.620000,1.905173,0.000000,0.000000,1.540920,0.000000,0.000000
15.070000,1.618142,0.000000,0.000000,1.577250,-0.078922,0.010966
17.379999,2.014013,0.000000,0.000000,1.563450,0.000000,0.000000
15.080000,1.731454,0.000000,0.000000,1.568236,0.000000,0.000000
5.150000,0.003952,0.002028,0.006531,0.000003,0.000000,0.000000
6.210000,0.008032,0.001295,0.004192,0.000004,0.000000,0.000000
4.970000,0.003506,-0.000869,0.003314,0.000004,0.000000,0.000000
5.680000,0.008215,-0.002625,0.001998,0.000001,0.000000,0.000000
6.210000,0.020914,0.004559,0.006336,0.000002,0.000000,0.000000
6.220000,0.034024,0.008573,0.008432,0.000004,0.000000,0.000000
6.210000,0.010513,0.004338,0.009260,0.000010,0.000000,0.000000
5.860000,0.003380,-0.001364,0.010333,0.000003,0.000000,0.000000
7.280000,0.002076,-0.002761,0.014134,0.000019,0.000000,0.000000
6.750000,0.004067,-0.000119,0.004338,0.000008,0.000000,0.000000
6.030000,0.012985,0.003665,0.002973,0.000001,0.000000,0.000000
5.330000,0.014909,-0.002693,0.002729,0.000007,0.000000,0.000000
6.390000,0.000399,0.000136,0.010186,0.000005,0.000000,0.000000
5.860000,0.001019,-0.001432,0.006628,0.000007,0.000000,0.000000
6.040000,0.005993,-0.005625,0.020714,0.000004,0.000000,0.000000
6.220000,0.006941,-0.000648,0.002388,0.000003,0.000000,0.000000
5.680000,0.015298,0.003716,0.001657,0.000002,0.000000,0.000000
6.040000,0.036851,-0.014368,0.011405,0.000015,0.000000,0.000000
6.040000,0.004190,0.000136,0.006092,0.000002,0.000000,0.000000
6.040000,0.007899,-0.003341,0.022322,0.000002,0.000000,0.000000
6.750000,0.014211,0.022584,0.051127,0.000002,0.000000,0.000000
6.560000,0.024936,-0.001099,0.000634,0.000006,0.000000,0.000000
7.100000,0.027794,-0.017129,0.021932,0.000005,0.000000,0.000000
6.750000,0.009561,-0.002011,0.003314,0.000004,0.000000,0.000000
5.860000,0.014700,-0.000153,0.004386,0.000004,0.000000,0.000000
5.860000,0.013791,0.005821,0.010674,0.000008,0.000000,0.000000
4.970000,0.004391,-0.001525,0.001657,0.000009,0.000000,0.000000
6.750000,0.007279,0.002710,0.010186,0.000006,0.000000,0.000000
6.040000,0.018893,-0.000418,0.004533,0.000015,0.000000,0.000000
5.860000,0.029328,-0.007977,0.002973,0.000003,0.000000,0.000000
6.390000,0.007528,-0.006971,0.011161,0.000002,0.000000,0.000000
6.750000,0.006647,0.003307,0.004533,0.000004,0.000000,0.000000
5.680000,0.009450,0.004321,0.014329,0.000008,0.000000,0.000000
6.390000,0.003804,-0.000162,0.007555,0.000006,0.000000,0.000000
6.570000,0.011219,-0.015655,0.031680,0.000014,0.000000,0.000000
6.390000,0.005528,-0.003008,0.006775,0.000006,0.000000,0.000000
6.390000,0.011276,-0.000597,0.011064,0.000005,0.000000,0.000000
6.220000,0.003514,-0.002224,0.003607,0.000002,0.000000,0.000000
6.930000,0.009945,-0.002719,0.001852,0.000001,0.000000,0.000000
6.570000,0.003709,-0.001048,0.001998,0.000004,0.000000,0.000000
5.680000,0.007798,-0.003528,0.004581,0.000012,0.000000,0.000000
6.040000,0.006971,-0.000298,0.005995,0.000010,0.000000,0.000000
6.040000,0.004628,0.002744,0.001950,0.000006,0.000000,0.000000
7.100000,0.010255,-0.004875,0.004143,0.000002,0.000000,0.000000
6.040000,0.005761,0.006869,0.042354,0.000004,0.000000,0.000000
5.860000,0.002219,0.000051,0.007116,0.000007,0.000000,0.000000
5.680000,0.015289,-0.002113,0.004094,0.000003,0.000000,0.000000
7.100000,0.004120,0.000170,0.001218,0.000005,0.000000,0.000000
6.220000,0.026366,0.000580,0.001072,0.000013,0.000000,0.000000
5.680000,0.011221,0.003443,0.001998,0.000005,0.000000,0.000000
6.570000,0.102079,-0.007857,0.005946,0.000004,0.000000,0.000000
5.500000,0.009294,0.001926,0.001852,0.000004,0.000000,0.000000
6.750000,0.013223,0.003784,0.001950,0.000009,0.000000,0.000000
7.110000,0.028488,-0.004645,0.003168,0.000007,0.000000,0.000000
6.040000,0.008459,-0.001040,0.015109,0.000007,0.000000,0.000000
5.680000,0.012447,0.010917,0.026270,0.000005,0.000000,0.000000
5.150000,0.021009,-0.002327,0.002193,0.000002,0.000000,0.000000
7.100000,0.001658,0.001321,0.005556,0.000000,0.000000,0.000000
5.680000,0.012785,-0.000426,0.005361,0.000008,0.000000,0.000000
6.750000,0.005461,-0.003119,0.002827,0.000005,0.000000,0.000000
6.210000,0.008850,-0.002488,0.010186,0.000014,0.000000,0.000000
6.580000,0.011051,0.008999,0.017595,0.000011,0.000000,0.000000
6.040000,0.033137,0.001040,0.005654,0.000002,0.000000,0.000000
5.690000,0.008908,0.000528,0.011210,0.000004,0.000000,0.000000
5.680000,0.002816,0.005983,0.045278,0.000009,0.000000,0.000000
5.860000,0.006583,0.007278,0.016571,0.000003,0.000000,0.000000
6.040000,0.003952,-0.000068,0.009943,0.000008,0.000000,0.000000
6.750000,0.020395,0.011241,0.021494,0.000005,0.000000,0.000000
6.390000,0.004914,-0.002335,0.003314,0.000002,0.000000,0.000000
5.870000,0.005271,-0.000153,0.010771,0.000015,0.000000,0.000000
5.680000,0.045046,0.000366,0.027830,0.000003,0.000000,0.000000
6.390000,0.007214,0.003170,0.003168,0.000003,0.000000,0.000000
5.150000,0.001259,-0.002165,0.008091,0.000006,0.000000,0.000000
6.210000,0.009884,-0.006545,0.008286,0.000002,0.000000,0.000000
6.570000,0.032376,-0.003145,0.014865,0.000003,0.000000,0.000000
5.510000,0.012742,-0.001466,0.010674,0.000003,0.000000,0.000000
6.930000,0.018349,-0.007252,0.006092,0.000007,0.000000,0.000000
6.210000,0.016354,-0.008011,0.009748,0.000015,0.000000,0.000000
6.040000,0.009730,-0.008377,0.016864,0.000001,0.000000,0.000000
6.040000,0.008439,-0.007764,0.024028,0.000001,0.000000,0.000000
6.390000,0.005132,-0.006468,0.014280,0.000012,0.000000,0.000000
6.040000,0.001617,0.001261,0.020958,0.000003,0.000000,0.000000
6.930000,0.004506,0.000290,0.007652,0.000005,0.000000,0.000000
6.400000,0.006656,-0.000426,0.003314,0.000005,0.000000,0.000000
5.680000,0.009617,0.000810,0.007262,0.000002,0.000000,0.000000
6.040000,0.011680,0.002207,0.027001,0.000002,0.000000,0.000000
6.220000,0.004348,-0.005701,0.011161,0.000013,0.000000,0.000000
6.920000,0.001331,-0.000239,0.001998,0.000000,0.000000,0.000000
6.750000,0.018021,0.004670,0.009017,0.000002,0.000000,0.000000
5.500000,0.003935,0.000222,0.001657,0.000009,0.000000,0.000000
5.680000,0.007468,-0.002608,0.007896,0.000003,0.000000,0.000000
6.220000,0.012861,-0.010815,0.025442,0.000005,0.000000,0.000000
6.220000,0.017987,-0.000528,0.004045,0.000001,0.000000,0.000000
6.390000,0.016758,0.007755,0.005654,0.000002,0.000000,0.000000
5.860000,0.006494,0.002804,0.003802,0.000008,0.000000,0.000000
7.280000,0.008100,0.001150,0.011844,0.000017,0.000000,0.000000
5.510000,0.011924,0.014539,0.022274,0.000007,0.000000,0.000000
6.570000,0.010142,0.005838,0.011844,0.000003,0.000000,0.000000
6.040000,0.009039,-0.004057,0.006434,0.000007,0.000000,0.000000
5.680000,0.006941,0.004210,0.008870,0.000006,0.000000,0.000000
6.750000,0.032566,0.003443,0.001657,0.000010,0.000000,0.000000
6.220000,0.005624,0.003562,0.004338,0.000001,0.000000,0.000000
6.210000,0.002733,0.001108,0.006531,0.000006,0.000000,0.000000
6.390000,0.001344,-0.000972,0.002193,0.000005,0.000000,0.000000
6.040000,0.010172,0.000213,0.012575,0.000002,0.000000,0.000000
6.750000,0.009413,0.005292,0.005605,0.000004,0.000000,0.000000
6.390000,0.001451,0.001474,0.009455,0.000009,0.000000,0.000000
5.680000,0.033095,-0.008684,0.007067,0.000023,0.000000,0.000000
7.280000,0.002505,-0.000358,0.001657,0.000005,0.000000,0.000000
6.210000,0.569938,-0.003094,0.002632,0.000003,0.000000,0.000000
6.390000,0.008091,0.003119,0.018569,0.000007,0.000000,0.000000
6.030000,0.009118,-0.002719,0.001413,0.000006,0.000000,0.000000
6.930000,0.101624,0.014172,0.007847,0.000002,0.000000,0.000000
5.680000,0.007026,0.002224,0.033386,0.000007,0.000000,0.000000
5.870000,0.004439,0.003579,0.039868,0.000004,0.000000,0.000000
6.390000,0.005624,0.004406,0.019203,0.000002,0.000000,0.000000
6.220000,0.010851,-0.004270,0.001998,0.000003,0.000000,0.000000
6.570000,0.008215,-0.002045,0.010430,0.000004,0.000000,0.000000
5.870000,0.024231,-0.001798,0.001413,0.000003,0.000000,0.000000
6.220000,0.012413,0.007687,0.017985,0.000001,0.000000,0.000000
6.930000,0.006479,0.000102,0.021250,0.000005,0.000000,0.000000
6.040000,0.000533,0.002642,0.023492,0.000009,0.000000,0.000000
5.870000,0.007041,-0.002352,0.001852,0.000004,0.000000,0.000000
6.390000,0.014716,-0.005676,0.006141,0.000008,0.000000,0.000000
6.220000,0.011304,0.002625,0.003314,0.000006,0.000000,0.000000
6.210000,0.012805,-0.013141,0.015304,0.000002,0.000000,0.000000
5.680000,0.008878,-0.002131,0.013403,0.000001,0.000000,0.000000
6.570000,0.007142,0.001023,0.004386,0.000012,0.000000,0.000000
6.210000,0.007561,-0.002131,0.007555,0.000007,0.000000,0.000000
6.210000,0.004539,-0.004525,0.023882,0.000010,0.000000,0.000000
5.330000,0.008360,0.013780,0.043183,0.000003,0.000000,0.000000
6.750000,0.000425,-0.000162,0.002096,0.000002,0.000000,0.000000
6.390000,0.001930,-0.000051,0.001998,0.000002,0.000000,0.000000
5.330000,0.001982,0.000673,0.007555,0.000014,0.000000,0.000000
6.040000,0.012383,-0.001909,0.008724,0.000007,0.000000,0.000000
6.220000,0.004062,0.004466,0.007798,0.000004,0.000000,0.000000
6.040000,0.007461,-0.000801,0.003509,0.000002,0.000000,0.000000
6.390000,0.004330,-0.000358,0.000634,0.000007,0.000000,0.000000
6.390000,0.011100,0.003699,0.005897,0.000002,0.000000,0.000000
6.400000,0.011994,-0.002846,0.004338,0.000012,0.000000,0.000000
6.570000,0.006364,0.017735,0.063409,0.000014,0.000000,0.000000
6.040000,0.116742,0.002165,0.001852,0.000005,0.000000,0.000000
6.570000,0.015444,-0.002812,0.003948,0.000004,0.000000,0.000000
6.750000,0.003397,-0.000869,0.003948,0.000008,0.000000,0.000000
6.750000,0.010477,0.009306,0.015450,0.000011,0.000000,0.000000
6.220000,0.022084,-0.003784,0.014329,0.000013,0.000000,0.000000
6.220000,0.006300,0.000162,0.002193,0.000006,0.000000,0.000000
5.860000,0.000891,0.001193,0.006677,0.000007,0.000000,0.000000
5.860000,0.004840,0.000358,0.000439,0.000002,0.000000,0.000000
6.570000,0.003029,0.002488,0.007555,0.000010,0.000000,0.000000
7.110000,0.006288,0.000222,0.004143,0.000004,0.000000,0.000000
6.920000,0.092086,0.017700,0.009455,0.000007,0.000000,0.000000
6.570000,0.007787,-0.001935,0.000829,0.000005,0.000000,0.000000
6.220000,0.042032,-0.001142,0.004581,0.000002,0.000000,0.000000
5.860000,0.008103,0.006204,0.018228,0.000002,0.000000,0.000000
6.220000,0.009230,0.003469,0.018813,0.000007,0.000000,0.000000
6.750000,0.001547,-0.003656,0.030852,0.000031,0.000000,0.000000
6.570000,0.026277,0.004432,0.022810,0.000002,0.000000,0.000000
6.400000,0.003697,-0.001670,0.019544,0.000012,0.000000,0.000000
7.110000,0.019087,0.008045,0.007116,0.000004,0.000000,0.000000
6.040000,0.006931,-0.002761,0.018862,0.000003,0.000000,0.000000
5.680000,0.012423,0.009562,0.023687,0.000007,0.000000,0.000000
5.860000,0.010823,-0.005241,0.012185,0.000004,0.000000,0.000000
5.860000,0.002347,-0.002676,0.015645,0.000006,0.000000,0.000000
6.570000,0.005360,0.002829,0.002145,0.000015,0.000000,0.000000
6.390000,0.015889,0.000111,0.012916,0.000003,0.000000,0.000000
6.570000,0.012919,-0.000017,0.002827,0.000002,0.000000,0.000000
7.110000,0.010745,-0.000605,0.021153,0.000006,0.000000,0.000000
6.040000,0.078641,-0.004662,0.009017,0.000001,0.000000,0.000000
6.570000,0.007756,0.001278,0.008676,0.000002,0.000000,0.000000
6.040000,0.014395,0.000886,0.001413,0.000003,0.000000,0.000000
6.220000,0.015727,-0.000707,0.002096,0.000001,0.000000,0.000000
6.580000,0.014398,0.002557,0.009650,0.000006,0.000000,0.000000
6.570000,0.007112,0.000767,0.004143,0.000001,0.000000,0.000000
6.570000,0.010726,-0.001312,0.003753,0.000007,0.000000,0.000000
5.860000,0.004515,0.002702,0.004728,0.000007,0.000000,0.000000
6.040000,0.011936,0.001150,0.000634,0.000000,0.000000,0.000000
6.750000,0.039263,-0.001364,0.003022,0.000001,0.000000,0.000000
6.040000,0.014189,-0.016439,0.026563,0.000003,0.000000,0.000000
5.690000,0.600816,-0.003238,0.004143,0.000007,0.000000,0.000000
6.570000,0.006060,0.003076,0.017595,0.000005,0.000000,0.000000
6.040000,0.001599,-0.001381,0.012770,0.000013,0.000000,0.000000
6.750000,0.004211,-0.002557,0.002437,0.000017,0.000000,0.000000
6.390000,0.007623,-0.002216,0.017059,0.000004,0.000000,0.000000
6.040000,0.011113,-0.003085,0.006775,0.000002,0.000000,0.000000
6.750000,0.023547,-0.000085,0.001218,0.000009,0.000000,0.000000
6.750000,0.013885,0.025038,0.056732,0.000008,0.000000,0.000000
5.500000,0.004406,-0.000375,0.004143,0.000009,0.000000,0.000000
5.870000,0.047076,-0.011351,0.019398,0.000010,0.000000,0.000000
6.750000,0.008734,-0.000818,0.001950,0.000012,0.000000,0.000000
6.220000,0.010271,-0.000912,0.009455,0.000008,0.000000,0.000000
5.510000,0.066242,-0.002821,0.006775,0.000004,0.000000,0.000000
6.570000,0.004336,0.002309,0.015499,0.000005,0.000000,0.000000
6.040000,0.015330,0.008778,0.015060,0.000004,0.000000,0.000000
6.390000,0.006182,0.002855,0.013939,0.000003,0.000000,0.000000
5.680000,0.009550,-0.005497,0.008237,0.000002,0.000000,0.000000
6.040000,0.026263,0.004525,0.006336,0.000006,0.000000,0.000000
5.680000,0.018176,0.001653,0.004923,0.000009,0.000000,0.000000
6.750000,0.015552,-0.002105,0.009407,0.000012,0.000000,0.000000
6.040000,0.005987,-0.000273,0.007213,0.000001,0.000000,0.000000
6.040000,0.015932,-0.000205,0.002973,0.000008,0.000000,0.000000
5.330000,0.028956,-0.000477,0.000780,0.000001,0.000000,0.000000
6.750000,0.010772,0.003272,0.002973,0.000001,0.000000,0.000000
5.690000,0.019972,-0.005394,0.014086,0.000005,0.000000,0.000000
5.860000,0.012091,0.003068,0.005946,0.000005,0.000000,0.000000
7.280000,0.013490,-0.000034,0.006823,0.000006,0.000000,0.000000
6.390000,0.007899,0.006715,0.035336,0.000007,0.000000,0.000000
6.570000,0.011936,-0.011939,0.018618,0.000010,0.000000,0.000000
5.510000,0.008449,-0.006400,0.009455,0.000007,0.000000,0.000000
6.040000,0.002542,0.000724,0.002437,0.000001,0.000000,0.000000
6.570000,0.016513,-0.002599,0.001608,0.000003,0.000000,0.000000
6.580000,0.004110,-0.000665,0.001950,0.000002,0.000000,0.000000
6.220000,0.005819,-0.002369,0.009017,0.000006,0.000000,0.000000
5.510000,0.001320,0.002139,0.019593,0.000004,0.000000,0.000000
7.110000,0.001320,0.000997,0.011064,0.000010,0.000000,0.000000
6.750000,0.001447,-0.000639,0.013111,0.000002,0.000000,0.000000
5.680000,0.004289,0.004670,0.034507,0.000004,0.000000,0.000000
6.220000,0.124829,-0.019703,0.003899,0.000002,0.000000,0.000000
5.330000,0.007024,0.004585,0.009553,0.000007,0.000000,0.000000
6.040000,0.027223,0.000230,0.005605,0.000006,0.000000,0.000000
5.690000,0.009055,-0.002131,0.011844,0.000018,0.000000,0.000000
6.390000,0.034061,0.016558,0.013939,0.000009,0.000000,0.000000
6.220000,0.013366,-0.000017,0.001755,0.000006,0.000000,0.000000
5.690000,0.002648,-0.001415,0.004533,0.000015,0.000000,0.000000
6.040000,0.006166,0.000051,0.011161,0.000006,0.000000,0.000000
6.570000,0.001642,0.002386,0.018228,0.000008,0.000000,0.000000
5.860000,0.020626,-0.015672,0.014865,0.000002,0.000000,0.000000
7.110000,0.010575,0.005216,0.004386,0.000005,0.000000,0.000000
6.570000,0.000486,0.000153,0.000439,0.000014,0.000000,0.000000
6.220000,0.071265,0.007338,0.011844,0.000014,0.000000,0.000000
6.390000,0.011626,0.001577,0.044304,0.000002,0.000000,0.000000
6.930000,0.006652,-0.001432,0.005166,0.000004,0.000000,0.000000
4.790000,0.010930,-0.004738,0.003899,0.000006,0.000000,0.000000
6.400000,0.003856,-0.000869,0.001218,0.000001,0.000000,0.000000
5.680000,0.010249,-0.004210,0.001950,0.000008,0.000000,0.000000
6.040000,0.022328,-0.004363,0.039478,0.000002,0.000000,0.000000
6.040000,0.017318,0.011641,0.022907,0.000004,0.000000,0.000000
5.870000,0.011854,-0.003187,0.000975,0.000001,0.000000,0.000000
6.570000,0.007303,-0.001807,0.004192,0.000005,0.000000,0.000000
6.220000,0.004579,0.000716,0.002388,0.000005,0.000000,0.000000
5.860000,0.021705,-0.004832,0.014280,0.000001,0.000000,0.000000
5.690000,0.013013,0.005079,0.004386,0.000007,0.000000,0.000000
5.870000,0.004861,-0.000605,0.001413,0.000005,0.000000,0.000000
7.110000,0.008278,0.003247,0.011405,0.000002,0.000000,0.000000
6.040000,0.009106,0.005437,0.007993,0.000004,0.000000,0.000000
6.580000,0.004430,-0.000324,0.009017,0.000005,0.000000,0.000000
5.680000,0.001568,-0.001636,0.008968,0.000000,0.000000,0.000000
6.570000,0.387199,0.028132,0.005361,0.000010,0.000000,0.000000
6.750000,0.013968,0.007653,0.007847,0.000005,0.000000,0.000000
6.580000,0.006303,-0.002915,0.011844,0.000004,0.000000,0.000000
6.220000,0.016509,0.016473,0.023443,0.000003,0.000000,0.000000
6.570000,0.011358,0.000622,0.011600,0.000008,0.000000,0.000000
5.510000,0.009617,-0.001023,0.002973,0.000013,0.000000,0.000000
7.110000,0.001058,0.002514,0.016084,0.000024,0.000000,0.000000
4.970000,0.030555,0.011922,0.015645,0.000004,0.000000,0.000000
5.510000,0.008789,-0.002011,0.008286,0.000004,0.000000,0.000000
6.040000,0.001617,-0.000409,0.001950,0.000003,0.000000,0.000000
6.040000,0.005938,0.003307,0.009212,0.000005,0.000000,0.000000
6.390000,0.008579,0.010823,0.027196,0.000010,0.000000,0.000000
6.040000,0.026074,-0.017666,0.017692,0.000026,0.000000,0.000000
6.220000,0.010282,0.003613,0.005361,0.000007,0.000000,0.000000
6.750000,0.004555,0.003716,0.006628,0.000011,0.000000,0.000000
5.690000,0.013725,-0.005983,0.007116,0.000008,0.000000,0.000000
6.040000,0.052449,0.004329,0.001657,0.000001,0.000000,0.000000
6.750000,0.004634,0.002335,0.010186,0.000004,0.000000,0.000000
5.680000,0.002219,0.002642,0.004581,0.000006,0.000000,0.000000
5.860000,0.047812,-0.007031,0.018375,0.000010,0.000000,0.000000
6.580000,0.008897,-0.004235,0.006092,0.000003,0.000000,0.000000
5.860000,0.003709,-0.000230,0.005215,0.000005,0.000000,0.000000
6.930000,0.075319,-0.016720,0.011600,0.000003,0.000000,0.000000
6.220000,0.007202,-0.006767,0.008286,0.000016,0.000000,0.000000
5.150000,0.018163,0.002659,0.009650,0.000010,0.000000,0.000000
7.480000,0.044662,-0.007721,0.007457,0.000005,0.000000,0.000000
6.390000,0.012606,-0.010678,0.029292,0.000004,0.000000,0.000000
5.680000,0.002465,0.002591,0.012380,0.000005,0.000000,0.000000
6.390000,0.004908,-0.000332,0.005361,0.000009,0.000000,0.000000
6.930000,0.006838,0.003528,0.003753,0.000003,0.000000,0.000000
5.680000,0.026973,-0.002787,0.013793,0.000004,0.000000,0.000000
6.220000,0.034614,-0.004934,0.003217,0.000002,0.000000,0.000000
6.220000,0.009580,-0.002557,0.001755,0.000004,0.000000,0.000000
5.680000,0.004007,-0.002403,0.010333,0.000001,0.000000,0.000000
6.570000,0.017223,-0.003008,0.009650,0.000004,0.000000,0.000000
6.220000,0.002018,0.002173,0.011161,0.000013,0.000000,0.000000
5.510000,0.018427,0.012366,0.030462,0.000005,0.000000,0.000000
5.680000,0.006685,0.002915,0.004143,0.000004,0.000000,0.000000
6.390000,0.005069,0.001381,0.014865,0.000003,0.000000,0.000000
6.400000,0.002024,0.000469,0.007116,0.000002,0.000000,0.000000
6.040000,0.010583,-0.000264,0.002827,0.000003,0.000000,0.000000
6.220000,0.001568,-0.003375,0.014427,0.000005,0.000000,0.000000
6.570000,0.004715,0.001500,0.003802,0.000009,0.000000,0.000000
6.220000,0.015458,0.000912,0.001657,0.000006,0.000000,0.000000
6.940000,0.022727,0.001483,0.016084,0.000004,0.000000,0.000000
6.390000,0.011179,-0.006903,0.004874,0.000002,0.000000,0.000000
6.220000,0.004134,-0.000784,0.010674,0.000006,0.000000,0.000000
6.220000,0.010426,0.007142,0.008773,0.000005,0.000000,0.000000
6.220000,0.001617,0.000290,0.003948,0.000003,0.000000,0.000000
6.750000,0.011519,0.003946,0.010235,0.000001,0.000000,0.000000
6.750000,0.007138,0.003426,0.005069,0.000004,0.000000,0.000000
6.930000,0.013186,0.003647,0.005946,0.000005,0.000000,0.000000
5.870000,0.007020,0.003204,0.002145,0.000003,0.000000,0.000000
5.330000,0.024760,-0.001500,0.003753,0.000003,0.000000,0.000000
6.580000,0.010587,-0.001909,0.000975,0.000007,0.000000,0.000000
5.690000,0.018880,-0.000665,0.009991,0.000002,0.000000,0.000000
6.930000,0.005725,0.004619,0.012916,0.000003,0.000000,0.000000
6.040000,0.003120,0.005412,0.017302,0.000012,0.000000,0.000000
6.570000,0.010422,0.002173,0.014914,0.000009,0.000000,0.000000
5.510000,0.012249,-0.001295,0.000390,0.000005,0.000000,0.000000
6.040000,0.006399,-0.001602,0.003363,0.000006,0.000000,0.000000
6.220000,0.008693,0.000562,0.047277,0.000004,0.000000,0.000000
6.390000,0.006501,0.000162,0.013354,0.000005,0.000000,0.000000
6.220000,0.011668,0.004057,0.033727,0.000002,0.000000,0.000000
5.870000,0.008936,0.003724,0.003363,0.000004,0.000000,0.000000
6.220000,0.008850,0.000801,0.013159,0.000003,0.000000,0.000000
6.580000,0.008765,-0.003843,0.002437,0.000003,0.000000,0.000000
6.210000,0.001568,0.000699,0.003753,0.000005,0.000000,0.000000
6.040000,0.178346,-0.002216,0.002096,0.000001,0.000000,0.000000
5.690000,0.010692,0.002062,0.006287,0.000001,0.000000,0.000000
6.040000,0.070217,0.007559,0.005361,0.000007,0.000000,0.000000
5.870000,0.026123,0.001994,0.005069,0.000006,0.000000,0.000000
5.860000,0.009808,0.010474,0.033581,0.000007,0.000000,0.000000
6.750000,0.011320,-0.007312,0.008237,0.000001,0.000000,0.000000
6.220000,0.005218,0.000571,0.009845,0.000004,0.000000,0.000000
6.220000,0.100332,0.000426,0.001657,0.000003,0.000108,0.010966
6.040000,0.011346,-0.006545,0.005361,0.000001,0.000000,0.000000
6.570000,0.007792,-0.002471,0.005166,0.000011,0.000000,0.000000
5.510000,0.000943,0.002727,0.011990,0.000002,0.000000,0.000000
6.220000,0.027145,0.002863,0.006531,0.000009,0.000000,0.000000
6.220000,0.022310,-0.000801,0.001608,0.000007,0.000000,0.000000
6.390000,0.020193,-0.008906,0.017595,0.000002,0.000000,0.000000
7.290000,0.009021,0.000136,0.003948,0.000004,0.000000,0.000000
6.040000,0.023337,-0.004346,0.049226,0.000008,0.000000,0.000000
5.510000,0.008370,-0.004423,0.004386,0.000003,0.000000,0.000000
6.390000,0.070651,-0.000937,0.007213,0.000004,0.000000,0.000000
6.050000,0.016145,0.015033,0.016522,0.000008,0.000000,0.000000
6.220000,0.020295,-0.012170,0.028512,0.000003,0.000000,0.000000
6.220000,0.005706,0.000545,0.009065,0.000002,0.000000,0.000000
6.220000,0.001331,0.000784,0.003802,0.000004,0.000000,0.000000
6.580000,0.012349,-0.002182,0.002827,0.000011,0.000000,0.000000
5.870000,0.006028,-0.005829,0.006336,0.000008,0.000000,0.000000
6.040000,0.002994,0.001346,0.005849,0.000012,0.000000,0.000000
6.580000,0.004056,0.001227,0.001657,0.000001,0.000000,0.000000
5.510000,0.000073,0.000230,0.002583,0.000002,0.000000,0.000000
6.220000,0.004986,0.004125,0.009455,0.000011,0.000000,0.000000
6.400000,0.017044,-0.009536,0.012721,0.000006,0.000000,0.000000
5.330000,0.003508,0.002557,0.018813,0.000003,0.000000,0.000000
6.390000,0.053957,-0.004022,0.002876,0.000012,0.000000,0.000000
6.040000,0.006725,0.000051,0.002388,0.000003,0.000000,0.000000
5.870000,0.047059,0.001858,0.018813,0.000009,0.000000,0.000000
5.690000,0.005403,0.000690,0.006141,0.000006,0.000000,0.000000
6.040000,0.002947,-0.000869,0.011210,0.000006,0.000000,0.000000
6.220000,0.005366,-0.006928,0.014914,0.000005,0.000000,0.000000
5.690000,0.001928,0.000511,0.004923,0.000006,0.000000,0.000000
6.390000,0.013442,0.001943,0.001413,0.000006,0.000000,0.000000
6.580000,0.012358,0.005437,0.013939,0.000003,0.000000,0.000000
6.220000,0.011961,-0.010815,0.046838,0.000002,0.000000,0.000000
7.280000,0.006606,0.000972,0.018326,0.000005,0.000000,0.000000
5.870000,0.005551,-0.002898,0.007067,0.000007,0.000000,0.000000
6.390000,0.018051,-0.000937,0.012185,0.000004,0.000000,0.000000
4.620000,0.003831,0.000972,0.001413,0.000007,0.000000,0.000000
6.750000,0.005624,0.001074,0.000829,0.000003,0.000000,0.000000
6.400000,0.006717,0.001483,0.024077,0.000004,0.000000,0.000000
5.870000,0.008914,-0.013098,0.021591,0.000003,0.000000,0.000000
5.330000,0.018157,-0.005795,0.012233,0.000004,0.000000,0.000000
6.570000,0.009146,-0.006613,0.021153,0.000004,0.000000,0.000000
5.870000,0.025299,-0.010891,0.028463,0.000008,0.000000,0.000000
6.400000,0.007214,0.000784,0.002534,0.000008,0.000000,0.000000
6.750000,0.058942,0.005020,0.005995,0.000006,0.000000,0.000000
6.040000,0.006941,-0.003537,0.005605,0.000002,0.000000,0.000000
6.750000,0.010768,-0.008820,0.011746,0.000003,0.000000,0.000000
6.220000,0.023092,0.000580,0.000975,0.000006,0.000000,0.000000
5.860000,0.004715,-0.000341,0.006531,0.000003,0.000000,0.000000
5.690000,0.012736,0.004397,0.006385,0.000003,0.000000,0.000000
6.220000,0.010474,-0.001790,0.000975,0.000004,0.000000,0.000000
6.040000,0.008115,-0.008906,0.017595,0.000008,0.000000,0.000000
6.390000,0.006026,0.001432,0.001170,0.000002,0.000000,0.000000
5.690000,0.020941,0.007022,0.007116,0.000003,0.000000,0.000000
5.510000,0.031966,0.010295,0.014573,0.000008,0.000000,0.000000
6.040000,0.010708,-0.010107,0.013939,0.000009,0.000000,0.000000
6.390000,0.016408,0.015374,0.034799,0.000004,0.000000,0.000000
6.220000,0.003901,0.001074,0.001608,0.000007,0.000000,0.000000
5.860000,0.016095,-0.001756,0.007652,0.000004,0.000000,0.000000
5.690000,0.017132,-0.000597,0.000195,0.000008,0.000000,0.000000
5.870000,0.484096,-0.003255,0.000585,0.000001,0.000000,0.000000
5.690000,0.005437,-0.000767,0.009650,0.000005,0.000000,0.000000
6.570000,0.004335,0.002454,0.010625,0.000002,0.000000,0.000000
6.930000,0.008312,0.008062,0.008237,0.000010,0.000000,0.000000
6.580000,0.009362,-0.000716,0.023151,0.000001,0.000000,0.000000
6.400000,0.008897,-0.003579,0.006775,0.000002,0.000000,0.000000
7.110000,0.004406,-0.000784,0.007262,0.000007,0.000000,0.000000
5.510000,0.025582,-0.004039,0.007555,0.000004,0.000000,0.000000
6.400000,0.021927,0.006170,0.008724,0.000006,0.000000,0.000000
6.930000,0.006887,0.001926,0.005946,0.000018,0.000000,0.000000
5.870000,0.022891,0.012724,0.018813,0.000006,0.000000,0.000000
6.400000,0.014748,-0.004994,0.005946,0.000003,0.000000,0.000000
6.220000,0.006852,0.005250,0.015889,0.000006,0.000000,0.000000
6.400000,0.001617,-0.000631,0.016084,0.000004,0.000000,0.000000
6.750000,0.002626,0.000452,0.004386,0.000004,0.000000,0.000000
6.750000,0.041217,-0.009033,0.008286,0.000003,0.000000,0.000000
6.760000,0.008990,-0.003375,0.004045,0.000031,0.000000,0.000000
5.690000,0.008598,-0.001057,0.001413,0.000003,0.000000,0.000000
6.750000,0.004235,-0.000699,0.003509,0.000006,0.000000,0.000000
6.220000,0.010535,0.005164,0.006823,0.000005,0.000000,0.000000
6.220000,0.003217,0.003349,0.013501,0.000017,0.000000,0.000000
5.870000,0.004418,-0.001602,0.002973,0.000012,0.000000,0.000000
6.220000,0.005654,-0.000818,0.006336,0.000001,0.000000,0.000000
6.040000,0.021760,0.002932,0.003412,0.000001,0.000000,0.000000
5.680000,0.007483,0.000767,0.000390,0.000003,0.000000,0.000000
6.040000,0.008652,-0.006707,0.008481,0.000007,0.000000,0.000000
6.400000,0.007777,-0.000256,0.017010,0.000008,0.000000,0.000000
6.580000,0.019796,0.004730,0.007555,0.000007,0.000000,0.000000
6.220000,0.004670,0.002182,0.006726,0.000001,0.000000,0.000000
6.040000,0.009300,-0.000239,0.044499,0.000008,0.000000,0.000000
6.750000,0.003305,-0.002915,0.014865,0.000006,0.000000,0.000000
6.220000,0.004348,0.000290,0.004533,0.000003,0.000000,0.000000
5.860000,0.006044,-0.004653,0.016912,0.000009,0.000000,0.000000
5.690000,0.010417,-0.004065,0.004386,0.000003,0.000000,0.000000
6.040000,0.004120,-0.000716,0.003558,0.000010,0.000000,0.000000
7.110000,0.006512,-0.001790,0.010966,0.000008,0.000000,0.000000
6.750000,0.002934,-0.002045,0.019496,0.000002,0.000000,0.000000
6.220000,0.011262,0.005275,0.012623,0.000006,0.000000,0.000000
5.690000,0.004931,0.000716,0.001413,0.000008,0.000000,0.000000
6.580000,0.015745,-0.000622,0.003363,0.000003,0.000000,0.000000
6.750000,0.009476,-0.002983,0.007116,0.000002,0.000000,0.000000
6.040000,0.007227,-0.008718,0.022371,0.000002,0.000000,0.000000
5.870000,0.005381,-0.004440,0.013891,0.000008,0.000000,0.000000
6.040000,0.020945,0.005983,0.008042,0.000005,0.000000,0.000000
5.510000,0.004478,0.001312,0.007311,0.000006,0.000000,0.000000
7.110000,0.010318,-0.005480,0.004338,0.000005,0.000000,0.000000
5.150000,0.064529,-0.008795,0.003509,0.000001,0.000000,0.000000
6.220000,0.012298,0.000716,0.007993,0.000003,0.000000,0.000000
6.220000,0.001188,0.000222,0.004143,0.000007,0.000000,0.000000
5.870000,0.004241,0.001389,0.005946,0.000006,0.000000,0.000000
5.870000,0.003684,0.000511,0.004143,0.000003,0.000000,0.000000
6.580000,0.009061,0.000494,0.000634,0.000006,0.000000,0.000000
6.400000,0.025538,0.013840,0.007993,0.000017,0.000000,0.000000
5.870000,0.004406,-0.000119,0.010040,0.000010,0.000000,0.000000
6.220000,0.008738,0.000426,0.005946,0.000002,0.000000,0.000000
6.220000,0.005324,0.002684,0.003655,0.000001,0.000000,0.000000
5.690000,0.007361,0.000222,0.003753,0.000001,0.000000,0.000000
6.580000,0.022729,-0.013985,0.027196,0.000002,0.000000,0.000000
5.510000,0.005098,-0.004022,0.012331,0.000000,0.000000,0.000000
6.220000,0.012837,-0.002071,0.002778,0.000009,0.000000,0.000000
6.570000,0.003709,0.000426,0.002437,0.000008,0.000000,0.000000
6.220000,0.020638,-0.000366,0.009212,0.000011,0.000000,0.000000
5.510000,0.020921,0.004551,0.019203,0.000008,0.000000,0.000000
6.400000,0.005183,-0.002812,0.006092,0.000002,0.000000,0.000000
6.390000,0.002982,0.000835,0.005166,0.000003,0.000000,0.000000
6.040000,0.005147,0.001040,0.005069,0.000004,0.000000,0.000000
6.400000,0.031102,-0.011761,0.006677,0.000007,0.000000,0.000000
6.400000,0.010219,0.009511,0.015791,0.000003,0.000000,0.000000
6.390000,0.013264,-0.010295,0.008676,0.000004,0.000000,0.000000
5.870000,0.009178,0.003017,0.005654,0.000000,0.000000,0.000000
7.110000,0.025016,-0.003102,0.010771,0.000002,0.000000,0.000000
6.220000,0.007680,0.001065,0.003022,0.000003,0.000000,0.000000
5.880000,0.008060,-0.003988,0.009455,0.000009,0.000000,0.000000
6.750000,0.002144,0.000937,0.020422,0.000005,0.000000,0.000000
6.040000,0.013013,0.003596,0.029926,0.000003,0.000000,0.000000
6.220000,0.006498,0.001909,0.006239,0.000003,0.000000,0.000000
6.040000,0.001153,0.000503,0.003802,0.000003,0.000000,0.000000
6.760000,0.009622,0.000477,0.004338,0.000001,0.000000,0.000000
5.510000,0.012787,-0.005318,0.007116,0.000003,0.000000,0.000000
6.930000,0.021222,0.006238,0.007262,0.000003,0.000000,0.000000
6.570000,0.007930,-0.000153,0.015791,0.000005,0.000000,0.000000
6.400000,0.019951,0.007133,0.010966,0.000002,0.000000,0.000000
6.400000,0.008231,0.004951,0.016522,0.000002,0.000000,0.000000
6.220000,0.016168,0.001543,0.009017,0.000006,0.000000,0.000000
6.220000,0.004843,-0.002369,0.006628,0.000006,0.000000,0.000000
6.930000,0.015298,0.003008,0.003607,0.000004,0.000000,0.000000
6.220000,0.005183,-0.001329,0.001413,0.000002,0.000000,0.000000
6.930000,0.000902,0.000153,0.003607,0.000004,0.000000,0.000000
6.580000,0.003226,0.000639,0.006336,0.000012,0.000000,0.000000
6.400000,0.004496,0.000034,0.012380,0.000003,0.000000,0.000000
6.220000,0.003995,0.001082,0.008334,0.000014,0.000000,0.000000
6.570000,0.018480,0.005625,0.007018,0.000002,0.000000,0.000000
6.580000,0.004102,0.001040,0.012185,0.000004,0.000000,0.000000
6.400000,0.001577,-0.000486,0.008724,0.000012,0.000000,0.000000
6.220000,0.009093,-0.005224,0.013354,0.000007,0.000000,0.000000
5.330000,0.003956,-0.001014,0.004338,0.000002,0.000000,0.000000
6.390000,0.007541,-0.002676,0.005361,0.000003,0.000000,0.000000
6.220000,0.051761,-0.004755,0.004338,0.000002,0.000000,0.000000
5.330000,0.012106,-0.009971,0.014719,0.000001,0.000000,0.000000
5.330000,0.013760,-0.005113,0.006434,0.000013,0.000000,0.000000
6.570000,0.001188,0.002233,0.014573,0.000004,0.000000,0.000000
6.400000,0.156124,0.002386,0.007896,0.000001,0.000000,0.000000
5.340000,0.008895,0.001193,0.003022,0.000002,0.000000,0.000000
5.690000,0.006129,-0.007482,0.011161,0.000005,0.000000,0.000000
6.220000,0.009440,-0.005377,0.009602,0.000003,0.000000,0.000000
6.220000,0.010422,-0.002309,0.005361,0.000006,0.000000,0.000000
6.400000,0.008292,0.002403,0.012136,0.000001,0.000000,0.000000
6.220000,0.001068,0.001006,0.005605,0.000002,0.000000,0.000000
4.980000,0.013229,-0.003434,0.004143,0.000028,0.000000,0.000000
6.220000,0.007829,0.001696,0.004581,0.000003,0.000000,0.000000
6.040000,0.094512,0.015161,0.006141,0.000009,0.000000,0.000000
5.510000,0.008264,-0.002838,0.004386,0.000007,0.000000,0.000000
6.750000,0.038856,0.003682,0.000877,0.000002,0.000000,0.000000
5.330000,0.005646,0.000750,0.001950,0.000001,0.000000,0.000000
6.220000,0.001864,0.002395,0.033581,0.000002,0.000000,0.000000
6.220000,0.001331,0.001057,0.007457,0.000008,0.000000,0.000000
5.870000,0.001201,0.001730,0.020763,0.000005,0.000000,0.000000
6.040000,0.016676,0.012502,0.021932,0.000002,0.000000,0.000000
6.400000,0.021827,0.001585,0.012380,0.000004,0.000000,0.000000
6.220000,0.014260,0.008940,0.006336,0.000001,0.000000,0.000000
7.290000,0.023702,0.000111,0.001072,0.000006,0.000000,0.000000
6.050000,0.007997,0.001577,0.004338,0.000014,0.000000,0.000000
6.580000,0.012258,0.000264,0.013549,0.000006,0.000000,0.000000
6.930000,0.005910,0.005863,0.009407,0.000006,0.000000,0.000000
5.870000,0.008641,0.003630,0.003509,0.000007,0.000000,0.000000
6.220000,0.008278,-0.001031,0.005702,0.000007,0.000000,0.000000
6.390000,0.010982,-0.006392,0.006336,0.000004,0.000000,0.000000
6.040000,0.003472,-0.000580,0.007213,0.000006,0.000000,0.000000
5.510000,0.002219,-0.001483,0.011210,0.000005,0.000000,0.000000
6.220000,0.003639,0.003000,0.003997,0.000002,0.000000,0.000000
6.220000,0.004438,0.005386,0.041769,0.000005,0.000000,0.000000
6.040000,0.008634,-0.009076,0.011746,0.000000,0.000000,0.000000
5.330000,0.005223,-0.002557,0.009017,0.000006,0.000000,0.000000
6.930000,0.016275,0.024953,0.058925,0.000002,0.000000,0.000000
6.580000,0.015457,0.004312,0.005605,0.000002,0.000000,0.000000
5.690000,0.022545,0.001048,0.003217,0.000004,0.000000,0.000000
6.040000,0.012332,-0.009477,0.033142,0.000011,0.000000,0.000000
6.040000,0.007805,0.006204,0.016279,0.000002,0.000000,0.000000
6.400000,0.003387,-0.000145,0.004923,0.000002,0.000000,0.000000
6.220000,0.027449,-0.002105,0.003217,0.000005,0.000000,0.000000
5.870000,0.009134,0.003179,0.005702,0.000003,0.000000,0.000000
6.400000,0.009550,0.004142,0.005946,0.000000,0.000000,0.000000
6.580000,0.011228,-0.006630,0.005507,0.000003,0.000000,0.000000
5.690000,0.003397,-0.000307,0.001170,0.000005,0.000000,0.000000
6.220000,0.022526,-0.002829,0.012672,0.000003,0.000000,0.000000
6.390000,0.035693,0.000622,0.003217,0.000003,0.000000,0.000000
6.930000,0.014323,0.006681,0.014573,0.000002,0.000000,0.000000
6.050000,0.079991,-0.000818,0.006482,0.000004,0.000000,0.000000
6.390000,0.028364,-0.009255,0.008432,0.000006,0.000000,0.000000
6.400000,0.012007,-0.017607,0.041623,0.000004,0.000000,0.000000
6.750000,0.008330,0.001244,0.002583,0.000009,0.000000,0.000000
5.690000,0.017528,-0.011931,0.028853,0.000005,0.000000,0.000000
5.870000,0.010267,0.006417,0.004825,0.000006,0.000000,0.000000
5.690000,0.041045,0.002633,0.009991,0.000003,0.000000,0.000000
5.150000,0.008512,-0.006204,0.009455,0.000009,0.000000,0.000000
6.750000,0.007269,-0.000281,0.001852,0.000002,0.000000,0.000000
5.870000,0.001429,-0.000051,0.003948,0.000006,0.000000,0.000000
5.870000,0.006548,-0.002821,0.003217,0.000002,0.000000,0.000000
6.050000,0.023212,-0.001210,0.002534,0.000012,0.000000,0.000000
6.220000,0.008897,0.003460,0.005069,0.000002,0.000000,0.000000
5.690000,0.026919,0.007176,0.007847,0.000013,0.000000,0.000000
6.050000,0.001159,0.001006,0.041964,0.000006,0.000000,0.000000
6.570000,0.015052,0.002531,0.012721,0.000005,0.000000,0.000000
6.580000,0.011446,-0.008999,0.012965,0.000006,0.000000,0.000000
6.050000,0.016335,-0.000562,0.000634,0.000011,0.000000,0.000000
5.690000,0.010331,0.008045,0.009991,0.000008,0.000000,0.000000
5.690000,0.004385,-0.003775,0.008237,0.000008,0.000000,0.000000
6.390000,0.001733,-0.000443,0.027440,0.000003,0.000000,0.000000
6.040000,0.022231,-0.006784,0.004143,0.000012,0.000000,0.000000
5.330000,0.005005,-0.000281,0.000877,0.000004,0.000000,0.000000
6.050000,0.000536,0.000256,0.007067,0.000004,0.000000,0.000000
5.690000,0.012869,-0.011701,0.016912,0.000004,0.000000,0.000000
6.390000,0.004271,0.000622,0.017692,0.000002,0.000000,0.000000
6.220000,0.008310,0.011104,0.027196,0.000007,0.000000,0.000000
5.860000,0.005747,-0.008505,0.016620,0.000005,0.000000,0.000000
6.050000,0.007369,-0.002591,0.004776,0.000003,0.000000,0.000000
6.570000,0.007692,0.001023,0.000829,0.000007,0.000000,0.000000
6.220000,0.027108,-0.000153,0.003363,0.000006,0.000000,0.000000
6.040000,0.004549,-0.007789,0.020422,0.000005,0.000000,0.000000
6.220000,0.012863,-0.000733,0.002388,0.000008,0.000000,0.000000
6.930000,0.012489,0.002361,0.015060,0.000001,0.000000,0.000000
6.220000,0.009212,0.003460,0.004776,0.000005,0.000000,0.000000
6.220000,0.010940,0.007755,0.023638,0.000003,0.000000,0.000000
6.040000,0.028743,-0.000009,0.001413,0.000004,0.000000,0.000000
6.930000,0.011870,-0.000511,0.007213,0.000011,0.000000,0.000000
6.580000,0.004715,0.000460,0.001657,0.000003,0.000000,0.000000
5.510000,0.011908,-0.003758,0.003948,0.000017,0.000000,0.000000
6.040000,0.004736,-0.001057,0.003753,0.000004,0.000000,0.000000
5.870000,0.003755,-0.001278,0.004386,0.000005,0.000000,0.000000
6.220000,0.018641,0.000034,0.010333,0.000004,0.000000,0.000000
5.860000,0.016826,0.000085,0.007847,0.000008,0.000000,0.000000
6.580000,0.008895,-0.001824,0.001170,0.000007,0.000000,0.000000
5.690000,0.003751,0.001969,0.020763,0.000009,0.000000,0.000000
6.760000,0.026768,-0.002898,0.001413,0.000007,0.000000,0.000000
5.690000,0.005282,-0.000375,0.004338,0.000003,0.000000,0.000000
6.050000,0.015874,0.004951,0.004143,0.000003,0.000000,0.000000
5.870000,0.092907,-0.006511,0.018180,0.000003,0.000000,0.000000
5.870000,0.010903,-0.002497,0.002388,0.000006,0.000000,0.000000
5.150000,0.005786,0.001909,0.017205,0.000004,0.000000,0.000000
5.510000,0.050817,0.013397,0.004533,0.000002,0.000000,0.000000
6.400000,0.007635,-0.002591,0.031193,0.000006,0.000000,0.000000
5.870000,0.001331,-0.000017,0.003022,0.000000,0.000000,0.000000
6.040000,0.015600,0.008113,0.007506,0.000003,0.000000,0.000000
6.220000,0.005524,0.002608,0.013159,0.000006,0.000000,0.000000
6.040000,0.009550,0.001508,0.025100,0.000011,0.000000,0.000000
6.760000,0.004300,0.002471,0.007116,0.000001,0.000000,0.000000
6.040000,0.011300,-0.008019,0.009017,0.000005,0.000000,0.000000
5.870000,0.009798,-0.000486,0.005361,0.000006,0.000000,0.000000
6.400000,0.001617,0.001125,0.008481,0.000006,0.000000,0.000000
6.580000,0.002934,-0.001824,0.055660,0.000005,0.000000,0.000000
5.330000,0.005159,0.001338,0.010186,0.000001,0.000000,0.000000
6.400000,0.032111,-0.007619,0.003948,0.000006,0.000000,0.000000
6.400000,0.005437,-0.004466,0.063604,0.000001,0.000000,0.000000
6.400000,0.026086,0.005062,0.006141,0.000004,0.000000,0.000000
5.690000,0.017124,-0.004159,0.001413,0.000002,0.000000,0.000000
6.400000,0.013234,0.003290,0.003753,0.000008,0.000000,0.000000
6.220000,0.027207,-0.006451,0.010625,0.000001,0.000000,0.000000
6.040000,0.017662,-0.001227,0.000439,0.000005,0.000000,0.000000
5.860000,0.005409,-0.004704,0.005654,0.000008,0.000000,0.000000
6.580000,0.009781,0.009008,0.010381,0.000010,0.000000,0.000000
6.760000,0.009616,0.008258,0.024467,0.000007,0.000000,0.000000
5.690000,0.022352,-0.007653,0.011210,0.000002,0.000000,0.000000
6.400000,0.036754,0.005795,0.012526,0.000002,0.000000,0.000000
6.220000,0.009854,-0.012118,0.038650,0.000008,0.000000,0.000000
5.870000,0.012363,0.004858,0.004874,0.000006,0.000000,0.000000
6.400000,0.010207,-0.002071,0.003997,0.000006,0.000000,0.000000
6.580000,0.018929,0.004738,0.015694,0.000006,0.000000,0.000000
5.330000,0.006852,-0.007798,0.027342,0.000004,0.000000,0.000000
6.400000,0.006288,0.001739,0.016035,0.000003,0.000000,0.000000
6.220000,0.015146,-0.001006,0.004338,0.000001,0.000000,0.000000
5.510000,0.010131,-0.001611,0.037919,0.000004,0.000000,0.000000
7.110000,0.001308,0.000614,0.002973,0.000008,0.000000,0.000000
6.040000,0.027670,0.002207,0.001852,0.000004,0.000000,0.000000
7.110000,0.001928,-0.001031,0.003997,0.000003,0.000000,0.000000
5.510000,0.009105,0.003503,0.016230,0.000007,0.000000,0.000000
6.220000,0.007881,-0.005608,0.011502,0.000004,0.000000,0.000000
6.580000,0.006235,0.001807,0.005849,0.000004,0.000000,0.000000
6.400000,0.031859,-0.001474,0.002973,0.000006,0.000000,0.000000
6.040000,0.035514,0.016669,0.033386,0.000004,0.000000,0.000000
6.400000,0.006145,-0.005412,0.007847,0.000006,0.000000,0.000000
6.040000,0.027351,-0.002344,0.001218,0.000007,0.000000,0.000000
6.760000,0.073309,0.005693,0.017205,0.000002,0.000000,0.000000
6.400000,0.023371,0.001270,0.001413,0.000007,0.000000,0.000000
5.870000,0.003429,0.001321,0.002827,0.000003,0.000000,0.000000
6.390000,0.013284,0.003665,0.007993,0.000009,0.000000,0.000000
6.220000,0.004636,0.000162,0.001218,0.000006,0.000000,0.000000
5.680000,0.005086,0.000929,0.026270,0.000003,0.000000,0.000000
6.400000,0.015323,-0.003903,0.011844,0.000010,0.000000,0.000000
6.580000,0.001568,-0.003937,0.019349,0.000002,0.000000,0.000000
6.580000,0.016533,-0.009783,0.010771,0.000003,0.000000,0.000000
5.870000,0.006436,-0.000588,0.005313,0.000006,0.000000,0.000000
6.750000,0.004907,0.006306,0.009650,0.000002,0.000000,0.000000
7.290000,0.028194,-0.018706,0.030657,0.000013,0.000000,0.000000
6.580000,0.025228,0.000776,0.002388,0.000004,0.000000,0.000000
6.580000,0.004134,-0.001159,0.007798,0.000003,0.000000,0.000000
6.400000,0.010850,0.007397,0.017205,0.000002,0.000000,0.000000
5.690000,0.018188,0.014317,0.021494,0.000001,0.000000,0.000000
6.220000,0.030978,-0.005071,0.003607,0.000005,0.000000,0.000000
6.040000,0.002648,0.000051,0.025052,0.000010,0.000000,0.000000
6.580000,0.009973,-0.001917,0.002437,0.000007,0.000000,0.000000
6.220000,0.011602,-0.001304,0.011356,0.000008,0.000000,0.000000
5.510000,0.022748,0.003673,0.038845,0.000008,0.000000,0.000000
7.110000,0.005910,-0.002548,0.002973,0.000019,0.000000,0.000000
5.150000,0.027096,0.004244,0.056781,0.000008,0.000000,0.000000
7.290000,0.002493,-0.000136,0.006531,0.000001,0.000000,0.000000
6.580000,0.010422,0.005216,0.003899,0.000008,0.000000,0.000000
6.400000,0.020978,0.006579,0.021932,0.000004,0.000000,0.000000
6.400000,0.008897,-0.007312,0.018082,0.000002,0.000000,0.000000
6.400000,0.011787,0.005394,0.025052,0.000002,0.000000,0.000000
6.400000,0.011005,-0.006613,0.019690,0.000001,0.000000,0.000000
6.760000,0.030309,0.000068,0.000634,0.000001,0.000000,0.000000
6.930000,0.007625,0.004380,0.017205,0.000001,0.000000,0.000000
4.800000,0.002648,0.000920,0.003948,0.000001,0.000000,0.000000
7.290000,0.004041,-0.000409,0.000780,0.000010,0.000000,0.000000
6.220000,0.026545,0.021714,0.021689,0.000002,0.000000,0.000000
6.220000,0.179601,0.003988,0.003607,0.000008,0.000000,0.000000
7.110000,0.002982,0.000358,0.001170,0.000010,0.000000,0.000000
5.870000,0.005940,-0.001466,0.013501,0.000007,0.000000,0.000000
6.220000,0.017372,0.015314,0.028512,0.000005,0.000000,0.000000
6.040000,0.003679,-0.001653,0.011210,0.000011,0.000000,0.000000
5.510000,0.043385,0.004449,0.005361,0.000008,0.000000,0.000000
7.640000,0.005122,0.002591,0.028853,0.000012,0.000000,0.000000
6.580000,0.011806,-0.009732,0.009114,0.000004,0.000000,0.000000
6.750000,0.007577,0.002719,0.005361,0.000007,0.000000,0.000000
7.110000,0.006303,-0.003247,0.005361,0.000003,0.000000,0.000000
5.870000,0.017242,0.015843,0.022127,0.000008,0.000000,0.000000
7.290000,0.008355,-0.006554,0.015304,0.000002,0.000000,0.000000
6.040000,0.009033,-0.002275,0.003412,0.000002,0.000000,0.000000
5.860000,0.003830,-0.002122,0.008334,0.000007,0.000000,0.000000
7.290000,0.003876,0.000835,0.004776,0.000001,0.000000,0.000000
5.870000,0.005277,0.000972,0.002973,0.000001,0.000000,0.000000
6.570000,0.021644,-0.000273,0.001218,0.000004,0.000000,0.000000
7.110000,0.022215,-0.016661,0.020714,0.000003,0.000000,0.000000
5.870000,0.013949,0.003290,0.003607,0.000009,0.000000,0.000000
6.760000,0.001617,0.000222,0.010966,0.000001,0.000000,0.000000
6.220000,0.003836,0.000895,0.012380,0.000006,0.000000,0.000000
6.220000,0.012033,0.005684,0.004338,0.000002,0.000000,0.000000
7.110000,0.001594,-0.003469,0.018569,0.000006,0.000000,0.000000
6.760000,0.005637,-0.002957,0.006336,0.000014,0.000000,0.000000
6.580000,0.008091,-0.000136,0.000780,0.000011,0.000000,0.000000
6.220000,0.008897,-0.004304,0.015060,0.000005,0.000000,0.000000
5.860000,0.001617,0.000835,0.006872,0.000004,0.000000,0.000000
6.220000,0.009359,0.000784,0.005946,0.000005,0.000000,0.000000
6.220000,0.006166,0.001432,0.009845,0.000000,0.000000,0.000000
6.580000,0.001842,0.002156,0.009407,0.000008,0.000000,0.000000
6.400000,0.014766,-0.006664,0.009602,0.000002,0.000000,0.000000
6.220000,0.010803,0.001381,0.014232,0.000002,0.000000,0.000000
6.400000,0.051212,0.000341,0.028756,0.000000,0.000000,0.000000
6.400000,0.005437,0.000392,0.012136,0.000006,0.000000,0.000000
6.400000,0.002633,0.001270,0.010771,0.000008,0.000000,0.000000
6.580000,0.028077,-0.002199,0.004825,0.000009,0.000000,0.000000
6.400000,0.012788,-0.011931,0.013257,0.000002,0.000000,0.000000
6.040000,0.000754,-0.001398,0.022030,0.000005,0.000000,0.000000
7.110000,0.004940,0.001534,0.000877,0.000003,0.000000,0.000000
5.870000,0.018746,-0.010559,0.021884,0.000006,0.000000,0.000000
6.750000,0.004527,-0.000239,0.003899,0.000004,0.000000,0.000000
6.400000,0.003830,-0.000068,0.000195,0.000001,0.000000,0.000000
5.150000,0.019616,-0.003247,0.004143,0.000005,0.000000,0.000000
6.930000,0.016798,0.006204,0.015109,0.000001,0.000000,0.000000
6.220000,0.013724,-0.004133,0.003168,0.000001,0.000000,0.000000
6.580000,0.002529,0.001824,0.011600,0.000002,0.000000,0.000000
6.760000,0.003953,-0.002199,0.003168,0.000001,0.000000,0.000000
5.690000,0.009468,0.010167,0.027001,0.000003,0.000000,0.000000
5.150000,0.005008,0.004559,0.008724,0.000001,0.000000,0.000000
6.400000,0.016078,-0.000767,0.006141,0.000006,0.000000,0.000000
5.690000,0.005001,-0.003716,0.012867,0.000002,0.000000,0.000000
6.390000,0.006458,-0.001619,0.060923,0.000014,0.000000,0.000000
5.330000,0.007965,0.001057,0.004045,0.000006,0.000000,0.000000
6.750000,0.006196,0.009340,0.019934,0.000003,0.000000,0.000000
6.750000,0.008845,-0.003733,0.012623,0.000008,0.000000,0.000000
5.160000,0.055912,0.002386,0.039186,0.000009,0.000000,0.000000
7.640000,0.022885,-0.005531,0.006921,0.000001,0.000000,0.000000
6.750000,0.020978,0.010244,0.021250,0.000001,0.000000,0.000000
5.510000,0.020151,0.009656,0.017790,0.000005,0.000000,0.000000
6.220000,0.003755,-0.000614,0.003022,0.000012,0.000000,0.000000
6.220000,0.004813,-0.000034,0.002534,0.000006,0.000000,0.000000
6.220000,0.061984,-0.026674,0.014914,0.000003,0.000000,0.000000
6.050000,0.007138,0.000528,0.000390,0.000002,0.000000,0.000000
5.870000,0.002070,0.001023,0.003168,0.000009,0.000000,0.000000
6.040000,0.013076,0.004423,0.002583,0.000002,0.000000,0.000000
5.870000,0.003375,0.001440,0.019252,0.000007,0.000000,0.000000
6.040000,0.006625,-0.001202,0.003265,0.000002,0.000000,0.000000
6.750000,0.004245,-0.000801,0.002827,0.000001,0.000000,0.000000
5.870000,0.016026,0.001687,0.002583,0.000002,0.000000,0.000000
6.040000,0.008005,-0.004142,0.010625,0.000006,0.000000,0.000000
5.510000,0.019950,0.007551,0.010430,0.000004,0.000000,0.000000
5.330000,0.010309,-0.002062,0.005654,0.000009,0.000000,0.000000
6.580000,0.008512,0.006869,0.009017,0.000006,0.000000,0.000000
5.870000,0.007161,-0.002003,0.000634,0.000003,0.000000,0.000000
5.690000,0.011589,0.003196,0.002096,0.000002,0.000000,0.000000
6.400000,0.016142,-0.001210,0.010771,0.000005,0.000000,0.000000
5.690000,0.015891,0.001500,0.028853,0.000006,0.000000,0.000000
6.580000,0.013377,-0.008326,0.011210,0.000003,0.000000,0.000000
5.870000,0.008300,0.001210,0.006823,0.000007,0.000000,0.000000
5.870000,0.010838,-0.002940,0.002096,0.000003,0.000000,0.000000
7.640000,0.012431,-0.002506,0.001413,0.000005,0.000000,0.000000
5.870000,0.022262,0.006715,0.017107,0.000000,0.000000,0.000000
6.390000,0.004348,-0.004576,0.014914,0.000001,0.000000,0.000000
5.510000,0.024244,0.005684,0.030900,0.000001,0.000000,0.000000
5.330000,0.008874,0.003903,0.007993,0.000011,0.000000,0.000000
6.580000,0.006214,-0.002650,0.039673,0.000010,0.000000,0.000000
6.220000,0.004084,0.002327,0.024467,0.000004,0.000000,0.000000
6.400000,0.012635,0.000026,0.001218,0.000001,0.000000,0.000000
7.110000,0.000271,0.001287,0.006531,0.000006,0.000000,0.000000
5.870000,0.033215,-0.008113,0.007165,0.000007,0.000000,0.000000
6.580000,0.005397,-0.001662,0.002096,0.000004,0.000000,0.000000
5.690000,0.005670,0.002233,0.004581,0.000009,0.000000,0.000000
6.220000,0.006701,-0.005181,0.012380,0.000001,0.000000,0.000000
5.690000,0.016075,0.003187,0.003997,0.000005,0.000000,0.000000
6.220000,0.013147,-0.012587,0.016620,0.000009,0.000000,0.000000
5.870000,0.001600,-0.001986,0.008237,0.000003,0.000000,0.000000
6.580000,0.008546,0.003861,0.004386,0.000004,0.000000,0.000000
6.220000,0.002934,0.002693,0.009894,0.000007,0.000000,0.000000
6.220000,0.008854,0.000170,0.001218,0.000012,0.000000,0.000000
5.870000,0.017872,0.003213,0.003022,0.000002,0.000000,0.000000
5.860000,0.003196,-0.000767,0.019739,0.000016,0.000000,0.000000
6.750000,0.005862,0.002880,0.012185,0.000002,0.000000,0.000000
6.940000,0.012700,-0.006911,0.005556,0.000005,0.000000,0.000000
5.870000,0.004791,-0.004730,0.007067,0.000002,0.000000,0.000000
5.860000,0.001951,0.003290,0.015499,0.000002,0.000000,0.000000
5.690000,0.003633,-0.002804,0.008286,0.000007,0.000000,0.000000
6.400000,0.008132,0.002361,0.009894,0.000005,0.000000,0.000000
5.870000,0.013843,-0.000963,0.008870,0.000004,0.000000,0.000000
7.470000,0.033614,0.012059,0.012575,0.000004,0.000000,0.000000
7.110000,0.008143,0.001909,0.015304,0.000002,0.000000,0.000000
5.870000,0.008540,0.004005,0.004825,0.000006,0.000000,0.000000
5.510000,0.012942,-0.001074,0.000877,0.000002,0.000000,0.000000
6.580000,0.009701,-0.003588,0.004338,0.000004,0.000000,0.000000
6.220000,0.002982,-0.002667,0.004338,0.000002,0.000000,0.000000
6.750000,0.006188,0.001670,0.013159,0.000010,0.000000,0.000000
6.040000,0.007369,-0.006963,0.012185,0.000002,0.000000,0.000000
6.940000,0.000902,-0.001176,0.006287,0.000010,0.000000,0.000000
5.690000,0.001213,-0.001491,0.006531,0.000005,0.000000,0.000000
5.870000,0.018363,-0.009187,0.028317,0.000004,0.000000,0.000000
6.050000,0.010784,-0.000716,0.023492,0.000006,0.000000,0.000000
7.110000,0.007120,-0.000068,0.013696,0.000006,0.000000,0.000000
6.040000,0.003967,-0.000477,0.005849,0.000004,0.000000,0.000000
6.930000,0.008467,0.001415,0.000829,0.000001,0.000000,0.000000
6.220000,0.001135,-0.000273,0.011795,0.000002,0.000000,0.000000
5.510000,0.027147,0.012817,0.010333,0.000004,0.000000,0.000000
6.220000,0.011769,-0.009937,0.038601,0.000004,0.000000,0.000000
5.870000,0.018233,0.005591,0.008870,0.000001,0.000000,0.000000
6.220000,0.004090,-0.000886,0.007993,0.000009,0.000000,0.000000
6.580000,0.007394,-0.000452,0.006287,0.000007,0.000000,0.000000
7.280000,0.005528,0.006110,0.032460,0.000007,0.000000,0.000000
6.220000,0.007690,0.000511,0.001218,0.000010,0.000000,0.000000
5.690000,0.012930,0.001474,0.005605,0.000004,0.000000,0.000000
5.680000,0.015567,0.001619,0.004581,0.000004,0.000000,0.000000
6.040000,0.008656,-0.004900,0.005166,0.000011,0.000000,0.000000
5.510000,0.003755,0.001210,0.019252,0.000001,0.000000,0.000000
6.050000,0.004524,0.000554,0.001218,0.000003,0.000000,0.000000
7.120000,0.007255,0.001841,0.006141,0.000003,0.000000,0.000000
5.330000,0.016142,-0.000307,0.011551,0.000022,0.000000,0.000000
5.870000,0.000902,-0.000835,0.007701,0.000012,0.000000,0.000000
6.050000,0.010775,-0.017223,0.038894,0.000005,0.000000,0.000000
5.330000,0.002332,0.001091,0.003753,0.000002,0.000000,0.000000
5.870000,0.005637,0.003665,0.004338,0.000009,0.000000,0.000000
6.220000,0.003789,-0.003946,0.005166,0.000010,0.000000,0.000000
6.930000,0.010587,0.002309,0.009017,0.000007,0.000000,0.000000
6.040000,0.001188,-0.001858,0.032119,0.000002,0.000000,0.000000
6.400000,0.025249,-0.013772,0.012380,0.000005,0.000000,0.000000
6.580000,0.007065,0.002966,0.001657,0.000004,0.000000,0.000000
6.580000,0.008532,0.000281,0.003997,0.000005,0.000000,0.000000
6.050000,0.003633,-0.003758,0.009602,0.000004,0.000000,0.000000
6.220000,0.004466,0.001696,0.003363,0.000008,0.000000,0.000000
6.220000,0.017983,0.014257,0.018375,0.000001,0.000000,0.000000
6.750000,0.009082,-0.000145,0.000634,0.000001,0.000000,0.000000
5.690000,0.027031,-0.000733,0.002388,0.000004,0.000000,0.000000
6.400000,0.011966,-0.006187,0.004094,0.000005,0.000000,0.000000
6.210000,0.004715,-0.001278,0.001413,0.000003,0.000000,0.000000
5.690000,0.004399,0.001807,0.008481,0.000001,0.000000,0.000000
5.690000,0.037035,0.005923,0.007116,0.000004,0.000000,0.000000
6.220000,0.005910,0.006494,0.010966,0.000005,0.000000,0.000000
5.690000,0.006828,-0.004977,0.007408,0.000004,0.000000,0.000000
7.110000,0.015774,-0.006639,0.015889,0.000003,0.000000,0.000000
6.750000,0.001630,0.001006,0.008627,0.000003,0.000000,0.000000
5.690000,0.008920,-0.004781,0.006287,0.000004,0.000000,0.000000
6.050000,0.009152,0.004576,0.006775,0.000005,0.000000,0.000000
5.160000,0.015838,0.003494,0.013354,0.000002,0.000000,0.000000
6.220000,0.009055,0.001329,0.004094,0.000005,0.000000,0.000000
6.050000,0.004348,-0.004508,0.011161,0.000002,0.000000,0.000000
6.040000,0.004062,0.002088,0.071792,0.000004,0.000000,0.000000
6.050000,0.011082,-0.005616,0.011600,0.000008,0.000000,0.000000
6.940000,0.004527,-0.001798,0.006092,0.000005,0.000000,0.000000
6.220000,0.006869,-0.004866,0.008870,0.000002,0.000000,0.000000
6.400000,0.003397,0.001483,0.017254,0.000001,0.000000,0.000000
6.220000,0.004189,0.001440,0.006336,0.000001,0.000000,0.000000
6.580000,0.005323,-0.000648,0.004338,0.000003,0.000000,0.000000
6.220000,0.021616,-0.000588,0.003753,0.000004,0.000000,0.000000
5.690000,0.001833,0.000290,0.000634,0.000006,0.000000,0.000000
6.580000,0.013672,-0.000588,0.018423,0.000006,0.000000,0.000000
6.750000,0.004438,-0.001577,0.022371,0.000006,0.000000,0.000000
6.050000,0.017539,-0.004653,0.008432,0.000008,0.000000,0.000000
6.220000,0.022151,-0.005556,0.007262,0.000005,0.000000,0.000000
5.330000,0.017053,-0.002693,0.031388,0.000001,0.000000,0.000000
6.580000,0.004348,0.000290,0.000585,0.000005,0.000000,0.000000
6.760000,0.001904,-0.000170,0.001950,0.000005,0.000000,0.000000
6.400000,0.004715,-0.001585,0.005507,0.000002,0.000000,0.000000
5.870000,0.007398,-0.007517,0.032411,0.000001,0.000000,0.000000
6.940000,0.013234,-0.001227,0.007018,0.000002,0.000000,0.000000
6.940000,0.004880,-0.004832,0.012965,0.000006,0.000000,0.000000
5.870000,0.009313,0.000528,0.003802,0.000002,0.000000,0.000000
6.940000,0.011551,-0.002148,0.012721,0.000003,0.000000,0.000000
5.870000,0.008047,0.004534,0.009065,0.000006,0.000000,0.000000
6.050000,0.021669,-0.003503,0.006141,0.000003,0.000000,0.000000
6.580000,0.025234,-0.010721,0.013696,0.000002,0.000000,0.000000
6.400000,0.012127,0.003272,0.034166,0.000008,0.000000,0.000000
6.220000,0.020152,-0.006093,0.008237,0.000002,0.000000,0.000000
5.690000,0.005819,-0.002386,0.002437,0.000002,0.000000,0.000000
5.690000,0.003508,-0.005599,0.042403,0.000004,0.000000,0.000000
5.510000,0.014977,-0.002625,0.000780,0.000010,0.000000,0.000000
6.040000,0.015654,-0.000639,0.004581,0.000005,0.000000,0.000000
5.330000,0.012688,0.003809,0.029487,0.000004,0.000000,0.000000
6.400000,0.031038,0.004977,0.003899,0.000010,0.000000,0.000000
6.940000,0.004640,-0.001074,0.001852,0.000004,0.000000,0.000000
5.870000,0.008143,-0.005948,0.014280,0.000004,0.000000,0.000000
6.040000,0.009686,-0.002224,0.004825,0.000001,0.000000,0.000000
6.050000,0.006543,0.001781,0.008091,0.000001,0.000000,0.000000
6.040000,0.059482,0.004116,0.013111,0.000002,0.000000,0.000000
6.400000,0.009905,-0.006051,0.005166,0.000015,0.000000,0.000000
6.930000,0.007832,0.000443,0.006531,0.000011,0.000000,0.000000
5.690000,0.051740,0.002838,0.005702,0.000003,0.000000,0.000000
6.580000,0.018725,-0.011454,0.016669,0.000003,0.000000,0.000000
5.330000,0.057702,-0.002889,0.014134,0.000007,0.000000,0.000000
5.870000,0.002572,-0.002710,0.010771,0.000010,-0.000300,0.010966
6.580000,0.008081,-0.010712,0.029292,0.000003,0.000000,0.000000
6.580000,0.006577,-0.000452,0.008870,0.000010,0.000000,0.000000
6.220000,0.009800,0.007244,0.010040,0.000007,0.000000,0.000000
5.690000,0.003684,0.002471,0.013793,0.000002,0.000000,0.000000
5.690000,0.029145,-0.008207,0.008481,0.000006,0.000000,0.000000
6.400000,0.026931,0.000920,0.003607,0.000005,0.000000,0.000000
6.050000,0.006166,-0.002940,0.008286,0.000002,0.000000,0.000000
6.580000,0.001283,-0.002506,0.010186,0.000015,0.000000,0.000000
6.050000,0.019814,-0.000682,0.002827,0.000011,0.000000,0.000000
5.870000,0.005798,0.002122,0.003022,0.000003,0.000000,0.000000
6.760000,0.014478,0.008292,0.011746,0.000001,0.000000,0.000000
6.760000,0.057088,-0.003392,0.004386,0.000004,0.000000,0.000000
5.870000,0.015432,0.009068,0.011210,0.000001,0.000000,0.000000
5.870000,0.031462,0.007857,0.009455,0.000002,0.000000,0.000000
6.040000,0.008500,-0.000085,0.027440,0.000005,0.000000,0.000000
5.330000,0.023957,0.002548,0.005361,0.000006,0.000000,0.000000
6.940000,0.004715,0.002727,0.013403,0.000011,0.000000,0.000000
6.400000,0.020590,0.005088,0.005946,0.000003,0.000000,0.000000
6.050000,0.004715,-0.002744,0.006092,0.000001,0.000000,0.000000
6.050000,0.007798,-0.001312,0.001657,0.000002,0.000000,0.000000
5.860000,0.021788,0.014428,0.016133,0.000001,0.000000,0.000000
5.680000,0.005123,0.004645,0.006336,0.000006,0.000000,0.000000
6.220000,0.010215,0.001551,0.003168,0.000002,0.000000,0.000000
5.510000,0.003697,0.000528,0.010186,0.000005,0.000000,0.000000
6.400000,0.019176,-0.001074,0.002388,0.000005,0.000000,0.000000
6.050000,0.012527,0.007917,0.014914,0.000005,0.000000,0.000000
6.050000,0.012878,-0.004508,0.002583,0.000005,0.000000,0.000000
6.050000,0.016126,-0.004142,0.028610,0.000003,0.000000,0.000000
6.050000,0.027587,-0.003213,0.002827,0.000002,0.000000,0.000000
6.400000,0.010343,0.007840,0.020470,0.000009,0.000000,0.000000
6.400000,0.009103,0.000989,0.022664,0.000002,0.000000,0.000000
6.580000,0.021394,0.017803,0.020422,0.000007,0.000000,0.000000
5.690000,0.029889,-0.006886,0.014183,0.000005,0.000000,0.000000
6.760000,0.006132,0.003358,0.033142,0.000005,0.000000,0.000000
5.330000,0.226749,-0.001091,0.011746,0.000002,0.000000,0.000000
6.930000,0.003023,0.000034,0.003607,0.000003,0.000000,0.000000
4.800000,0.039908,0.003426,0.004338,0.000005,0.000000,0.000000
5.870000,0.003856,0.001943,0.028951,0.000004,0.000000,0.000000
5.510000,0.003286,0.003017,0.006531,0.000001,0.000000,0.000000
6.400000,0.006863,-0.001355,0.004192,0.000005,0.000000,0.000000
6.400000,0.012553,-0.001602,0.006482,0.000005,0.000000,0.000000
6.050000,0.010870,-0.005105,0.014329,0.000002,0.000000,0.000000
6.050000,0.019625,0.007806,0.005166,0.000008,0.000000,0.000000
5.510000,0.028804,0.001483,0.002534,0.000001,0.000000,0.000000
5.330000,0.003292,0.000358,0.000877,0.000006,0.000000,0.000000
6.050000,0.034034,0.000562,0.001413,0.000008,0.000000,0.000000
5.690000,0.005803,-0.002344,0.002876,0.000001,0.000000,0.000000
7.470000,0.007804,-0.007670,0.012916,0.000008,0.000000,0.000000
5.870000,0.007477,0.007874,0.013891,0.000015,0.000000,0.000000
5.690000,0.013390,-0.008224,0.020422,0.000007,0.000000,0.000000
6.940000,0.005437,0.000102,0.002632,0.000013,0.000000,0.000000
6.580000,0.007704,-0.001721,0.005507,0.000005,0.000000,0.000000
6.580000,0.001489,-0.000264,0.002193,0.000004,0.000000,0.000000
5.690000,0.039154,0.000136,0.017790,0.000003,0.000000,0.000000
5.510000,0.009280,0.000401,0.004338,0.000001,0.000000,0.000000
6.760000,0.002648,0.003801,0.010625,0.000007,0.000000,0.000000
6.050000,0.012891,0.002642,0.038114,0.000002,0.000000,0.000000
6.040000,0.018682,-0.002514,0.000634,0.000008,0.000000,0.000000
6.050000,0.013901,-0.002131,0.002388,0.000003,0.000000,0.000000
6.050000,0.007804,-0.013226,0.039186,0.000004,0.000000,0.000000
6.580000,0.028744,-0.001185,0.002388,0.000008,0.000000,0.000000
5.870000,0.014666,-0.002173,0.007311,0.000003,0.000000,0.000000
6.050000,0.013620,-0.002071,0.001998,0.000002,0.000000,0.000000
6.400000,0.003697,-0.000946,0.007457,0.000006,0.000000,0.000000
5.870000,0.012709,0.011667,0.015743,0.000007,0.000000,0.000000
5.330000,0.003995,0.000878,0.006385,0.000010,0.000000,0.000000
7.290000,0.007758,0.000435,0.007896,0.000006,0.000000,0.000000
5.510000,0.010017,-0.007031,0.027391,0.000006,0.000000,0.000000
5.690000,0.009407,-0.000409,0.036164,0.000006,0.000000,0.000000
6.050000,0.005475,0.001125,0.002193,0.000001,0.000000,0.000000
6.580000,0.004712,0.001065,0.005605,0.000004,0.000000,0.000000
6.760000,0.007719,0.004585,0.007506,0.000005,0.000000,0.000000
6.580000,0.014667,-0.000136,0.011502,0.000010,0.000000,0.000000
6.050000,0.009289,-0.006451,0.010674,0.000004,0.000000,0.000000
6.400000,0.009070,0.016422,0.034361,0.000001,0.000000,0.000000
5.330000,0.009349,0.000562,0.003558,0.000005,0.000000,0.000000
6.580000,0.002816,-0.003102,0.009553,0.000004,0.000000,0.000000
5.520000,0.012514,-0.001994,0.003168,0.000001,0.000000,0.000000
6.220000,0.005667,-0.002923,0.020178,0.000002,0.000000,0.000000
6.220000,0.025538,0.004380,0.003314,0.000003,0.000000,0.000000
5.510000,0.022057,0.014138,0.015645,0.000001,0.000000,0.000000
6.400000,0.011925,0.009042,0.007701,0.000006,0.000000,0.000000
6.580000,0.007065,0.002761,0.004581,0.000001,0.000000,0.000000
5.330000,0.055072,-0.007116,0.004338,0.000006,0.000000,0.000000
6.220000,0.007448,-0.002557,0.008334,0.000004,0.000000,0.000000
6.220000,0.009054,0.000537,0.000439,0.000002,0.000000,0.000000
5.690000,0.013043,-0.002727,0.002534,0.000002,0.000000,0.000000
6.400000,0.008258,0.000085,0.003558,0.000001,0.000000,0.000000
5.510000,0.014324,-0.008045,0.008822,0.000005,0.000000,0.000000
5.870000,0.003684,0.000784,0.004728,0.000001,0.000000,0.000000
6.930000,0.014780,0.010107,0.019690,0.000003,0.000000,0.000000
5.510000,0.007899,0.006826,0.009845,0.000011,0.000000,0.000000
6.220000,0.002058,0.000153,0.000439,0.000005,0.000000,0.000000
6.400000,0.003633,0.004568,0.044840,0.000009,0.000000,0.000000
5.690000,0.015762,-0.000383,0.002827,0.000002,0.000000,0.000000
6.580000,0.025269,-0.003230,0.004581,0.000002,0.000000,0.000000
6.400000,0.015414,0.003733,0.030510,0.000013,0.000000,0.000000
5.690000,0.004715,0.002659,0.006775,0.000000,0.000000,0.000000
6.400000,0.077662,0.000349,0.001413,0.000007,0.000000,0.000000
5.510000,0.004549,-0.002131,0.002437,0.000009,0.000000,0.000000
6.400000,0.036091,0.000000,0.000000,0.000004,0.000000,0.000000
6.760000,0.013217,0.002889,0.009407,0.000009,0.000000,0.000000
6.050000,0.002095,-0.001543,0.002778,0.000008,0.000000,0.000000
5.690000,0.009474,-0.006366,0.010625,0.000002,0.000000,0.000000
5.870000,0.002219,-0.000358,0.009212,0.000005,0.000000,0.000000
6.050000,0.012591,-0.001176,0.000585,0.000005,0.000000,0.000000
6.400000,0.016150,-0.003733,0.004386,0.000003,0.000000,0.000000
5.510000,0.013758,0.001994,0.001072,0.000003,0.000000,0.000000
6.760000,0.016372,0.006161,0.012721,0.000006,0.000000,0.000000
5.690000,0.006835,-0.001040,0.017790,0.000005,0.000000,0.000000
5.690000,0.007507,-0.002292,0.001413,0.000006,0.000000,0.000000
6.400000,0.007807,0.002821,0.007555,0.000001,0.000000,0.000000
6.220000,0.001568,0.000767,0.000439,0.000001,0.000000,0.000000
6.760000,0.017591,0.002514,0.013159,0.000004,0.000000,0.000000
6.400000,0.021359,0.003750,0.001560,0.000006,0.000000,0.000000
6.050000,0.006673,-0.001346,0.007408,0.000009,0.000000,0.000000
5.690000,0.007798,0.007414,0.008237,0.000007,0.000000,0.000000
7.290000,0.003727,-0.001168,0.006531,0.000004,0.000000,0.000000
6.040000,0.021634,-0.004602,0.022322,0.000011,0.000000,0.000000
5.870000,0.003773,0.000307,0.007896,0.000005,0.000000,0.000000
5.340000,0.021662,-0.003307,0.003607,0.000002,0.000000,0.000000
6.040000,0.004715,0.004960,0.036895,0.000007,0.000000,0.000000
6.400000,0.027005,0.009161,0.031339,0.000007,0.000000,0.000000
6.050000,0.005437,-0.002250,0.003314,0.000006,0.000000,0.000000
6.220000,0.006589,0.001483,0.001755,0.000001,0.000000,0.000000
6.400000,0.003755,-0.002880,0.016864,0.000003,0.000000,0.000000
5.690000,0.025710,-0.001917,0.001413,0.000006,0.000000,0.000000
7.110000,0.007018,-0.000401,0.002096,0.000002,0.000000,0.000000
5.330000,0.012691,-0.010678,0.016084,0.000001,0.000000,0.000000
5.690000,0.024429,0.003912,0.003948,0.000001,0.000000,0.000000
6.050000,0.006779,0.002659,0.003022,0.000002,0.000000,0.000000
5.690000,0.008699,0.013951,0.041428,0.000002,0.000000,0.000000
6.220000,0.001445,0.001329,0.032947,0.000000,0.000000,0.000000
6.040000,0.084832,0.007414,0.028512,0.000005,0.000000,0.000000
5.870000,0.026858,-0.005693,0.048788,0.000006,0.000000,0.000000
5.870000,0.027145,0.004755,0.023492,0.000005,0.000000,0.000000
6.220000,0.015427,0.000827,0.007555,0.000005,0.000000,0.000000
6.400000,0.003485,0.003460,0.012233,0.000000,0.000000,0.000000
6.940000,0.006114,0.000477,0.000975,0.000003,0.000000,0.000000
5.690000,0.009845,-0.000665,0.002096,0.000002,0.000000,0.000000
6.760000,0.006852,-0.002224,0.010284,0.000010,0.000000,0.000000
7.110000,0.002180,0.000383,0.004386,0.000003,0.000000,0.000000
6.050000,0.012770,-0.009374,0.021689,0.000003,0.000000,0.000000
6.930000,0.032897,-0.007491,0.006336,0.000002,0.000000,0.000000
5.870000,0.007147,0.004125,0.020763,0.000008,0.000000,0.000000
5.340000,0.023156,0.001040,0.005605,0.000016,0.000000,0.000000
6.940000,0.004554,0.000187,0.000634,0.000005,0.000000,0.000000
6.220000,0.010654,-0.001917,0.016474,0.000018,0.000000,0.000000
6.220000,0.009054,0.005318,0.012233,0.000009,0.000000,0.000000
6.760000,0.027853,-0.002028,0.003265,0.000003,0.000000,0.000000
6.050000,0.009641,-0.009246,0.017059,0.000004,0.000000,0.000000
6.050000,0.011870,0.005096,0.013111,0.000002,0.000000,0.000000
6.230000,0.016488,0.004355,0.010430,0.000004,0.000000,0.000000
6.400000,0.024506,-0.011411,0.022712,0.000002,0.000000,0.000000
6.220000,0.016749,-0.000937,0.008237,0.000007,0.000000,0.000000
6.050000,0.001590,0.000963,0.007506,0.000003,0.000000,0.000000
6.400000,0.007103,-0.002037,0.007652,0.000003,0.000000,0.000000
6.040000,0.022970,-0.005965,0.006336,0.000004,0.000000,0.000000
6.760000,0.007521,0.004670,0.035336,0.000001,0.000000,0.000000
5.520000,0.010811,-0.002267,0.017205,0.000001,0.000000,0.000000
6.050000,0.005217,0.002335,0.008724,0.000007,0.000000,0.000000
5.690000,0.016156,-0.001040,0.009748,0.000006,0.000000,0.000000
6.050000,0.004920,-0.000818,0.004533,0.000004,0.000000,0.000000
6.400000,0.016549,0.005045,0.005946,0.000003,0.000000,0.000000
5.870000,0.005461,0.005761,0.009017,0.000013,0.000000,0.000000
6.400000,0.020792,0.000094,0.003607,0.000004,0.000000,0.000000
6.940000,0.003889,-0.001381,0.002632,0.000008,0.000000,0.000000
4.980000,0.013523,0.006392,0.008870,0.000004,0.000000,0.000000
7.470000,0.007483,0.002403,0.007116,0.000012,0.000000,0.000000
6.220000,0.027481,0.008283,0.010771,0.000001,0.000000,0.000000
5.690000,0.027432,0.001210,0.000390,0.000010,0.000000,0.000000
6.220000,0.002648,-0.002506,0.004338,0.000001,0.000000,0.000000
6.400000,0.013044,-0.005394,0.013939,0.000006,0.000000,0.000000
6.050000,0.021647,0.017002,0.021348,0.000005,0.000000,0.000000
6.930000,0.008795,-0.002420,0.001072,0.000001,0.000000,0.000000
5.330000,0.015283,0.000085,0.001413,0.000002,0.000000,0.000000
6.040000,0.019084,0.006306,0.007311,0.000004,0.000000,0.000000
6.760000,0.001331,0.003204,0.042354,0.000010,0.000000,0.000000
6.750000,0.020586,-0.002309,0.000634,0.000001,0.000000,0.000000
6.580000,0.005724,0.000597,0.002193,0.000003,0.000000,0.000000
5.870000,0.001214,-0.000614,0.000975,0.000007,0.000000,0.000000
6.220000,0.024809,-0.004159,0.004533,0.000005,0.000000,0.000000
6.940000,0.011852,-0.005241,0.006531,0.000002,0.000000,0.000000
6.940000,0.006966,0.003213,0.003802,0.000003,0.000000,0.000000
6.040000,0.012639,-0.000869,0.000195,0.000010,0.000000,0.000000
6.400000,0.000891,-0.000460,0.000975,0.000007,0.000000,0.000000
6.220000,0.010459,-0.002139,0.003802,0.000006,0.000000,0.000000
6.220000,0.001474,0.000597,0.013403,0.000004,0.000000,0.000000
6.760000,0.018384,-0.004806,0.032850,0.000001,0.000000,0.000000
5.870000,0.012515,0.005505,0.009065,0.000004,0.000000,0.000000
5.690000,0.012825,0.007900,0.014670,0.000003,0.000000,0.000000
6.760000,0.004992,-0.005454,0.046302,0.000001,0.000000,0.000000
5.510000,0.003871,0.000801,0.000390,0.000005,0.000000,0.000000
6.230000,0.014184,-0.003639,0.004728,0.000002,0.000000,0.000000
5.690000,0.006030,-0.003605,0.004923,0.000004,0.000000,0.000000
6.580000,0.007421,0.001023,0.001657,0.000011,0.000000,0.000000
6.040000,0.023969,-0.000222,0.001755,0.000004,0.000000,0.000000
5.870000,0.015691,0.012613,0.023151,0.000004,0.000000,0.000000
6.050000,0.000089,-0.000170,0.000975,0.000004,0.000000,0.000000
5.690000,0.015718,-0.002957,0.002778,0.000004,0.000000,0.000000
6.050000,0.004449,0.000631,0.020178,0.000004,0.000000,0.000000
6.760000,0.003925,0.000989,0.002583,0.000007,0.000000,0.000000
6.580000,0.016554,-0.000724,0.011210,0.000007,0.000000,0.000000
6.050000,0.000951,-0.000324,0.001998,0.000008,0.000000,0.000000
5.160000,0.001612,-0.001483,0.004874,0.000003,0.000000,0.000000
6.400000,0.021692,-0.007849,0.015304,0.000007,0.000000,0.000000
6.930000,0.004241,-0.000784,0.008870,0.000005,0.000000,0.000000
6.050000,0.001147,0.000614,0.006872,0.000005,0.000000,0.000000
6.230000,0.013505,0.004449,0.030072,0.000002,0.000000,0.000000
5.160000,0.004150,-0.002011,0.016766,0.000004,0.000000,0.000000
6.580000,0.008002,-0.006613,0.012233,0.000006,0.000000,0.000000
6.750000,0.004719,-0.002028,0.015304,0.000001,0.000000,0.000000
6.220000,0.067529,-0.010934,0.009017,0.000007,0.000000,0.000000
6.220000,0.012043,0.005488,0.014037,0.000005,0.000000,0.000000
6.750000,0.005262,-0.005079,0.009114,0.000002,0.000000,0.000000
5.510000,0.102909,-0.029333,0.049372,0.000002,0.000000,0.000000
7.470000,0.004497,-0.002795,0.010771,0.000011,0.000000,0.000000
6.760000,0.009075,0.003869,0.018180,0.000001,0.000000,0.000000
5.690000,0.002505,0.002096,0.007652,0.000002,0.000000,0.000000
5.520000,0.041501,-0.013243,0.023882,0.000008,0.000000,0.000000
5.520000,0.010428,-0.000716,0.001413,0.000004,0.000000,0.000000
6.220000,0.006442,0.015595,0.056683,0.000004,0.000000,0.000000
6.050000,0.013199,0.000034,0.000195,0.000003,0.000000,0.000000
5.330000,0.008251,-0.005948,0.008432,0.000006,0.000000,0.000000
6.750000,0.017294,-0.004806,0.003022,0.000008,0.000000,0.000000
6.040000,0.002386,0.003562,0.012185,0.000011,0.000000,0.000000
5.330000,0.011145,0.004159,0.004923,0.000000,0.000000,0.000000
6.400000,0.008242,-0.006042,0.006872,0.000002,0.000000,0.000000
7.120000,0.032687,0.006375,0.002827,0.000002,0.000000,0.000000
6.230000,0.001331,-0.000307,0.001218,0.000004,0.000000,0.000000
6.220000,0.017765,0.001312,0.000975,0.000002,0.000000,0.000000
5.340000,0.007689,-0.003358,0.008237,0.000004,0.000000,0.000000
6.580000,0.008065,0.001023,0.004094,0.000003,0.000000,0.000000
6.400000,0.013755,-0.008079,0.007311,0.000002,0.000000,0.000000
5.520000,0.005350,-0.001219,0.018618,0.000008,0.000000,0.000000
5.160000,0.006828,0.003136,0.018228,0.000003,0.000000,0.000000
6.050000,0.322329,-0.009928,0.004581,0.000007,0.000000,0.000000
5.330000,0.005825,-0.000895,0.005215,0.000002,0.000000,0.000000
6.940000,0.008246,-0.000707,0.005166,0.000003,0.000000,0.000000
6.220000,0.019731,0.001133,0.018033,0.000008,0.000000,0.000000
5.870000,0.049712,0.001023,0.000829,0.000006,0.000000,0.000000
5.870000,0.012526,-0.000435,0.000634,0.000003,0.000000,0.000000
6.400000,0.009073,-0.000409,0.000780,0.000003,0.000000,0.000000
6.050000,0.012937,-0.000716,0.000780,0.000002,0.000000,0.000000
6.400000,0.014867,-0.006639,0.003802,0.000003,0.000000,0.000000
6.040000,0.010346,0.001381,0.001998,0.000004,0.000000,0.000000
6.400000,0.009513,0.008778,0.014573,0.000001,0.000000,0.000000
5.870000,0.017543,-0.011786,0.013111,0.000004,0.000000,0.000000
6.050000,0.005652,0.003375,0.007555,0.000005,0.000000,0.000000
6.410000,0.010309,0.002991,0.001413,0.000003,0.000000,0.000000
6.040000,0.013414,-0.009502,0.011064,0.000001,0.000000,0.000000
6.400000,0.011145,-0.000085,0.000195,0.000012,0.000000,0.000000
5.690000,0.002487,0.000946,0.002632,0.000001,0.000000,0.000000
5.870000,0.015970,0.005522,0.002534,0.000004,0.000000,0.000000
5.690000,0.008330,-0.003801,0.021153,0.000001,0.000000,0.000000
6.760000,0.020269,-0.015791,0.015645,0.000005,0.000000,0.000000
6.400000,0.023533,-0.001577,0.013696,0.000005,0.000000,0.000000
5.150000,0.021358,-0.007005,0.009017,0.000003,0.000000,0.000000
6.760000,0.007737,-0.009016,0.024077,0.000006,0.000000,0.000000
5.330000,0.040647,0.009306,0.015743,0.000002,0.000000,0.000000
5.340000,0.027433,-0.013874,0.012965,0.000011,0.000000,0.000000
6.400000,0.006558,0.004806,0.004045,0.000004,0.000000,0.000000
6.580000,0.014627,0.000051,0.014475,0.000002,0.000000,0.000000
4.800000,0.026223,-0.002625,0.006775,0.000007,0.000000,0.000000
6.760000,0.008833,-0.000869,0.036408,0.000003,0.000000,0.000000
5.690000,0.005008,0.002062,0.002973,0.000002,0.000000,0.000000
6.230000,0.013199,-0.002898,0.000975,0.000006,0.000000,0.000000
6.050000,0.001974,-0.000034,0.007896,0.000004,0.000000,0.000000
5.330000,0.028010,0.009732,0.016571,0.000006,0.000000,0.000000
6.220000,0.009653,-0.002207,0.008724,0.000006,0.000000,0.000000
6.400000,0.004715,-0.003988,0.014427,0.000002,0.000000,0.000000
5.870000,0.011627,0.005420,0.014086,0.000007,0.000000,0.000000
7.110000,0.015265,0.002199,0.003802,0.000004,0.000000,0.000000
6.050000,0.017084,0.009545,0.008627,0.000010,0.000000,0.000000
6.050000,0.003804,-0.000043,0.004045,0.000007,0.000000,0.000000
6.940000,0.016604,0.000861,0.012526,0.000001,0.000000,0.000000
4.980000,0.006655,0.000443,0.000975,0.000010,0.000000,0.000000
6.230000,0.011350,0.001040,0.001413,0.000005,0.000000,0.000000
7.120000,0.028373,0.000673,0.002632,0.000008,0.000000,0.000000
6.050000,0.014003,-0.008897,0.014524,0.000003,0.000000,0.000000
5.690000,0.007859,-0.000273,0.001413,0.000006,0.000000,0.000000
6.400000,0.010972,0.004917,0.003217,0.000007,0.000000,0.000000
5.870000,0.004438,0.000230,0.006531,0.000007,0.000000,0.000000
6.580000,0.006129,0.001398,0.003022,0.000002,0.000000,0.000000
5.870000,0.009151,-0.009391,0.011210,0.000004,0.000000,0.000000
6.400000,0.001599,-0.001312,0.009407,0.000016,0.000000,0.000000
5.870000,0.014779,0.007721,0.005849,0.000002,0.000000,0.000000
6.580000,0.009738,-0.001534,0.002437,0.000002,0.000000,0.000000
6.760000,0.008355,-0.003298,0.003948,0.000005,0.000000,0.000000
5.870000,0.012226,-0.004585,0.002973,0.000001,0.000000,0.000000
6.220000,0.009021,0.003733,0.010528,0.000015,0.000000,0.000000
6.230000,0.008091,0.013976,0.029682,0.000001,0.000000,0.000000
6.580000,0.017984,0.003835,0.004143,0.000009,0.000000,0.000000
6.760000,0.026342,-0.001747,0.004143,0.000006,0.000000,0.000000
6.580000,0.094210,0.007491,0.032411,0.000005,0.000000,0.000000
6.040000,0.020754,-0.004721,0.028756,0.000002,0.000000,0.000000
6.220000,0.011121,0.003750,0.013403,0.000005,0.000000,0.000000
6.050000,0.002396,-0.000239,0.028756,0.000008,0.000000,0.000000
5.330000,0.004385,-0.003494,0.003802,0.000002,0.000000,0.000000
5.510000,0.021294,0.008897,0.005166,0.000006,0.000000,0.000000
6.410000,0.015108,0.002940,0.002632,0.000008,0.000000,0.000000
6.580000,0.026441,0.005556,0.007213,0.000002,0.000000,0.000000
6.230000,0.002350,0.003886,0.034605,0.000002,0.000000,0.000000
6.400000,0.034200,0.006392,0.006141,0.000001,0.000000,0.000000
6.400000,0.012349,0.003460,0.008286,0.000005,0.000000,0.000000
6.220000,0.019915,0.001440,0.002437,0.000006,0.000000,0.000000
5.870000,0.009516,0.000767,0.017010,0.000002,0.000000,0.000000
6.230000,0.013624,0.006093,0.005361,0.000013,0.000000,0.000000
5.870000,0.010128,0.003971,0.005313,0.000006,0.000000,0.000000
6.050000,0.002006,-0.000426,0.002583,0.000003,0.000000,0.000000
6.050000,0.022580,0.004602,0.007652,0.000006,0.000000,0.000000
5.870000,0.005437,-0.002250,0.005313,0.000003,0.000000,0.000000
5.870000,0.006162,-0.001406,0.009894,0.000021,0.000000,0.000000
5.510000,0.001404,0.002463,0.014086,0.000002,0.000000,0.000000
5.690000,0.020993,0.000187,0.006336,0.000002,0.000000,0.000000
5.870000,0.008360,0.003741,0.013793,0.000001,0.000000,0.000000
5.510000,0.011782,-0.000375,0.013403,0.000002,0.000000,0.000000
6.930000,0.018086,0.000597,0.003314,0.000002,0.000000,0.000000
5.510000,0.004970,0.001432,0.000780,0.000004,0.000000,0.000000
6.220000,0.022456,0.004278,0.002534,0.000003,0.000000,0.000000
6.580000,0.000943,0.002642,0.014134,0.000007,0.000000,0.000000
5.160000,0.014846,-0.008411,0.006872,0.000006,0.000000,0.000000
6.040000,0.006315,0.033858,3.203601,0.000008,0.000000,0.000000
6.040000,0.008895,0.004372,0.006775,0.000007,0.000000,0.000000
5.690000,0.005437,0.001142,0.002193,0.000005,0.000000,0.000000
6.760000,0.003067,0.003315,0.006872,0.000006,0.000000,0.000000
6.050000,0.033267,-0.006963,0.013159,0.000007,0.000000,0.000000
5.510000,0.008272,-0.013047,0.045863,0.000006,0.000000,0.000000
7.110000,0.006075,-0.005386,0.009260,0.000003,0.000000,0.000000
6.220000,0.010468,-0.000145,0.004192,0.000003,0.000000,0.000000
6.400000,0.011310,-0.005769,0.006385,0.000005,0.000000,0.000000
5.160000,0.007130,0.006545,0.009991,0.000002,0.000000,0.000000
5.870000,0.001188,-0.000068,0.004338,0.000013,0.000000,0.000000
6.220000,0.011419,0.000895,0.008676,0.000005,0.000000,0.000000
6.410000,0.078240,0.000281,0.000877,0.000002,0.000000,0.000000
5.870000,0.036380,0.001628,0.033825,0.000002,0.000000,0.000000
6.940000,0.005344,-0.002616,0.008042,0.000001,0.000000,0.000000
4.800000,0.008069,-0.006196,0.005507,0.000003,0.000000,0.000000
5.510000,0.014320,0.006340,0.004386,0.000004,0.000000,0.000000
7.110000,0.010964,0.003255,0.005654,0.000007,0.000000,0.000000
6.220000,0.006601,-0.008190,0.013501,0.000007,0.000000,0.000000
6.580000,0.010866,-0.001236,0.011161,0.000004,0.000000,0.000000
6.760000,0.106598,-0.009562,0.015840,0.000000,0.000000,0.000000
5.870000,0.008468,0.001457,0.004581,0.000004,0.000000,0.000000
5.870000,0.009294,0.008070,0.007555,0.000012,0.000000,0.000000
6.040000,0.009057,-0.003818,0.002973,0.000014,0.000000,0.000000
6.040000,0.010200,0.003971,0.014865,0.000006,0.000000,0.000000
4.800000,0.005868,-0.004764,0.006921,0.000002,0.000000,0.000000
6.400000,0.005874,-0.012902,0.034166,0.000004,0.000000,0.000000
6.750000,0.011435,-0.006417,0.008286,0.000006,0.000000,0.000000
6.220000,0.004730,-0.003068,0.015791,0.000008,0.000000,0.000000
6.410000,0.040312,0.004704,0.005702,0.000001,0.000000,0.000000
6.410000,0.020921,-0.008301,0.018033,0.000006,0.000000,0.000000
5.870000,0.007358,0.000946,0.013159,0.000003,0.000000,0.000000
6.750000,0.030915,0.004943,0.004045,0.000002,0.000000,0.000000
5.870000,0.013104,0.001508,0.034605,0.000010,0.000000,0.000000
6.040000,0.010487,-0.002250,0.027537,0.000010,0.000000,0.000000
6.050000,0.014408,-0.003520,0.004045,0.000008,0.000000,0.000000
6.040000,0.014362,-0.012920,0.012672,0.000002,0.000000,0.000000
5.330000,0.008188,-0.000239,0.007116,0.000009,0.000000,0.000000
5.340000,0.002977,-0.000767,0.002193,0.000008,0.000000,0.000000
6.580000,0.007577,-0.001619,0.003753,0.000004,0.000000,0.000000
6.220000,0.012635,-0.000443,0.005069,0.000002,0.000000,0.000000
6.750000,0.024684,-0.000835,0.003022,0.000005,0.000000,0.000000
5.520000,0.009052,-0.008462,0.009065,0.000001,0.000000,0.000000
6.580000,0.008433,0.007695,0.027001,0.000042,0.000000,0.000000
6.050000,0.010444,0.000545,0.022371,0.000010,0.000000,0.000000
6.400000,0.099298,0.019234,0.005507,0.000003,0.000000,0.000000
6.050000,0.008050,0.002003,0.006921,0.000000,0.000000,0.000000
5.330000,0.014672,-0.000937,0.009065,0.000004,0.000000,0.000000
7.110000,0.010262,-0.000818,0.010040,0.000005,0.000000,0.000000
6.220000,0.014465,0.010388,0.009260,0.000005,0.000000,0.000000
5.510000,0.026838,0.010099,0.021737,0.000005,0.000000,0.000000
7.470000,0.002035,0.000332,0.000439,0.000007,0.000000,0.000000
6.220000,0.000902,0.002079,0.020958,0.000002,0.000000,0.000000
5.690000,0.007972,0.005923,0.013159,0.000010,0.000000,0.000000
6.220000,0.008242,0.001074,0.002193,0.000007,0.000000,0.000000
6.580000,0.021560,-0.001202,0.006775,0.000006,0.000000,0.000000
6.220000,0.003721,0.000435,0.000877,0.000008,0.000000,0.000000
7.110000,0.021757,0.000503,0.012623,0.000007,0.000000,0.000000
5.510000,0.006144,-0.002991,0.012526,0.000008,0.000000,0.000000
6.220000,0.004862,-0.004159,0.022810,0.000003,0.000000,0.000000
6.580000,0.008404,-0.003937,0.003363,0.000005,0.000000,0.000000
5.520000,0.006352,0.001133,0.004776,0.000001,0.000000,0.000000
5.520000,0.009981,0.004934,0.006141,0.000001,0.000000,0.000000
5.510000,0.009678,0.000861,0.007067,0.000010,0.000000,0.000000
6.580000,0.007814,0.004824,0.006092,0.000009,0.000000,0.000000
6.050000,0.021954,-0.000077,0.004581,0.000004,0.000000,0.000000
6.400000,0.008157,0.001858,0.007408,0.000006,0.000000,0.000000
6.580000,0.005654,0.004142,0.005702,0.000004,0.000000,0.000000
6.050000,0.010721,0.002540,0.007896,0.000006,0.000000,0.000000
6.220000,0.006174,-0.001525,0.003753,0.000009,0.000000,0.000000
5.510000,0.011025,-0.003869,0.005995,0.000006,0.000000,0.000000
6.220000,0.000902,0.000392,0.003607,0.000003,0.000000,0.000000
6.400000,0.008610,0.007985,0.010674,0.000006,0.000000,0.000000
6.230000,0.025582,0.005778,0.007652,0.000003,0.000000,0.000000
5.690000,0.001344,0.000878,0.003022,0.000003,0.000000,0.000000
5.690000,0.001854,0.003068,0.018472,0.000002,0.000000,0.000000
6.930000,0.005099,-0.001730,0.005751,0.000012,0.000000,0.000000
5.870000,0.017551,-0.002872,0.013354,0.000009,0.000000,0.000000
6.050000,0.023283,0.000776,0.002096,0.000004,0.000000,0.000000
6.760000,0.028828,-0.004815,0.008237,0.000006,0.000000,0.000000
6.580000,0.005968,0.001108,0.005361,0.000002,0.000000,0.000000
6.050000,0.002430,0.000324,0.002437,0.000004,0.000000,0.000000
5.690000,0.010373,0.004602,0.002827,0.000004,0.000000,0.000000
5.690000,0.007376,0.002079,0.019252,0.000006,0.000000,0.000000
6.580000,0.005439,-0.007389,0.011844,0.000011,0.000000,0.000000
6.750000,0.031447,0.002165,0.013696,0.000003,0.000000,0.000000
6.390000,0.006540,0.000767,0.000439,0.000005,0.000000,0.000000
6.580000,0.018536,0.005488,0.004776,0.000003,0.000000,0.000000
6.230000,0.007367,-0.004858,0.010284,0.000008,0.000000,0.000000
5.510000,0.001867,0.002565,0.008481,0.000005,0.000000,0.000000
5.690000,0.013848,-0.009153,0.011844,0.000004,0.000000,0.000000
7.290000,0.005659,-0.000537,0.007457,0.000006,0.000000,0.000000
6.580000,0.008459,-0.000051,0.013159,0.000006,0.000000,0.000000
7.290000,0.005147,0.001210,0.001413,0.000006,0.000000,0.000000
6.050000,0.004694,-0.001849,0.003607,0.000003,0.000000,0.000000
6.050000,0.018163,-0.000187,0.007262,0.000003,0.000000,0.000000
6.220000,0.011265,-0.016686,0.037919,0.000005,0.000000,0.000000
5.690000,0.002457,-0.002812,0.008237,0.000001,0.000000,0.000000
5.870000,0.004460,0.001398,0.002534,0.000004,0.000000,0.000000
5.870000,0.003804,0.001653,0.015304,0.000008,0.000000,0.000000
6.580000,0.002600,0.002335,0.003022,0.000005,0.000000,0.000000
6.400000,0.006630,-0.008624,0.025393,0.000004,0.000000,0.000000
5.690000,0.000902,-0.002096,0.018959,0.000003,0.000000,0.000000
6.400000,0.017340,0.005778,0.003509,0.000008,0.000000,0.000000
5.520000,0.003840,0.005369,0.054246,0.000002,0.000000,0.000000
6.040000,0.018384,0.004738,0.011746,0.000004,0.000000,0.000000
6.400000,0.024994,-0.003861,0.005605,0.000002,0.000000,0.000000
5.870000,0.025244,0.004193,0.009017,0.000017,0.000000,0.000000
5.870000,0.004634,-0.003503,0.017985,0.000012,0.000000,0.000000
6.050000,0.001629,0.002335,0.032216,0.000002,0.000000,0.000000
5.330000,0.030035,-0.002352,0.001218,0.000003,0.000000,0.000000
5.330000,0.004829,0.000153,0.002145,0.000008,0.000000,0.000000
6.400000,0.002506,-0.001312,0.002583,0.000004,0.000000,0.000000
6.050000,0.008261,-0.005028,0.011844,0.000001,0.000000,0.000000
6.580000,0.012903,0.000358,0.029731,0.000008,0.000000,0.000000
6.760000,0.004062,0.001977,0.001998,0.000002,0.000000,0.000000
6.940000,0.010973,-0.006144,0.005313,0.000010,0.000000,0.000000
6.400000,0.025903,0.007798,0.005946,0.000002,0.000000,0.000000
6.760000,0.009581,0.007508,0.006336,0.000005,0.000000,0.000000
6.760000,0.016612,-0.004824,0.004338,0.000008,0.000000,0.000000
6.400000,0.008240,0.000009,0.002096,0.000013,0.000000,0.000000
6.050000,0.006661,0.000051,0.000877,0.000006,0.000000,0.000000
6.220000,0.017911,0.002838,0.000634,0.000003,0.000000,0.000000
5.870000,0.080718,-0.013601,0.003314,0.000001,0.000000,0.000000
5.870000,0.003710,0.001125,0.001755,0.000005,0.000000,0.000000
6.220000,0.006159,-0.001210,0.001998,0.000011,0.000000,0.000000
6.400000,0.009550,0.003324,0.003948,0.000007,0.000000,0.000000
5.150000,0.049032,-0.001099,0.000877,0.000002,0.000000,0.000000
6.580000,0.004041,-0.000102,0.009845,0.000003,0.000000,0.000000
6.040000,0.046265,-0.020658,0.010966,0.000002,0.000000,0.000000
6.400000,0.017139,-0.007823,0.007457,0.000007,0.000000,0.000000
7.110000,0.010182,0.006051,0.004728,0.000010,0.000000,0.000000
6.580000,0.006087,-0.000716,0.009553,0.000006,0.000000,0.000000
5.510000,0.557724,0.005420,0.009504,0.000011,0.000000,0.000000
6.220000,0.007960,-0.007193,0.014475,0.000009,0.000000,0.000000
5.330000,0.011359,-0.011675,0.019885,0.000006,0.000000,0.000000
5.690000,0.007559,-0.000460,0.001218,0.000002,0.000000,0.000000
6.580000,0.008157,-0.002267,0.003314,0.000011,0.000000,0.000000
6.400000,0.010012,-0.002148,0.005995,0.000006,0.000000,0.000000
6.220000,0.003937,-0.005497,0.012185,0.000009,0.000000,0.000000
6.580000,0.009787,0.001534,0.010966,0.000003,0.000000,0.000000
6.040000,0.003514,-0.001048,0.007311,0.000008,0.000000,0.000000
5.690000,0.001940,0.000460,0.000877,0.000005,0.000000,0.000000
6.760000,0.015333,0.008590,0.015596,0.000003,0.000000,0.000000
6.050000,0.011431,-0.016695,0.039625,0.000002,0.000000,0.000000
6.580000,0.018248,0.005071,0.003802,0.000002,0.000000,0.000000
7.110000,0.106263,-0.002506,0.002388,0.000014,0.000000,0.000000
5.870000,0.001988,0.000060,0.011064,0.000004,0.000000,0.000000
6.400000,0.007068,-0.001364,0.001852,0.000015,0.000000,0.000000
6.750000,0.010911,-0.009400,0.012380,0.000003,0.000000,0.000000
6.050000,0.011668,-0.003494,0.005166,0.000003,0.000000,0.000000
6.220000,0.001539,0.001602,0.006385,0.000002,0.000000,0.000000
6.230000,0.008307,0.001159,0.008334,0.000011,0.000000,0.000000
5.870000,0.021292,0.000426,0.006823,0.000002,0.000000,0.000000
6.400000,0.027809,0.004832,0.006141,0.000005,0.000000,0.000000
5.870000,0.004978,-0.003196,0.003607,0.000006,0.000000,0.000000
6.400000,0.008526,0.002480,0.006775,0.000010,0.000000,0.000000
6.230000,0.017372,0.010900,0.018228,0.000008,0.000000,0.000000
5.690000,0.002125,-0.001653,0.002145,0.000003,0.000000,0.000000
6.410000,0.004543,-0.006110,0.011064,0.000005,0.000000,0.000000
7.110000,0.011685,0.005608,0.009553,0.000007,0.000000,0.000000
5.870000,0.002560,-0.001721,0.013696,0.000003,0.000000,0.000000
6.760000,0.006129,-0.002872,0.006385,0.000007,0.000000,0.000000
5.690000,0.018395,-0.011522,0.010966,0.000003,0.000000,0.000000
6.760000,0.006852,0.001739,0.002973,0.000013,0.000000,0.000000
5.690000,0.058432,0.001670,0.005946,0.000005,0.000000,0.000000
6.760000,0.010696,-0.004934,0.006092,0.000008,0.000000,0.000000
6.050000,0.006077,0.001508,0.006385,0.000001,0.000000,0.000000
5.690000,0.003971,-0.000162,0.010040,0.000006,0.000000,0.000000
6.760000,0.006589,-0.001091,0.004338,0.000004,0.000000,0.000000
5.690000,0.004931,0.003775,0.015499,0.000009,0.000000,0.000000
6.220000,0.003614,0.001244,0.008773,0.000005,0.000000,0.000000
6.940000,0.005157,0.000869,0.001852,0.000005,0.000000,0.000000
6.400000,0.011891,-0.000290,0.001657,0.000001,0.000000,0.000000
6.400000,0.011568,-0.006289,0.005995,0.000004,0.000000,0.000000
6.930000,0.006761,0.005130,0.011795,0.000001,0.000000,0.000000
5.510000,0.013481,0.015698,0.047228,0.000015,0.000000,0.000000
6.570000,0.005920,0.000460,0.008870,0.000005,0.000000,0.000000
6.040000,0.015067,-0.008710,0.014963,0.000002,0.000000,0.000000
6.040000,0.010893,0.007678,0.008334,0.000012,0.000000,0.000000
6.230000,0.015095,-0.001278,0.003168,0.000001,0.000000,0.000000
6.050000,0.005934,0.001687,0.001657,0.000016,0.000000,0.000000
6.760000,0.005659,0.002267,0.009455,0.000006,0.000000,0.000000
6.220000,0.016788,0.005139,0.002632,0.000011,0.000000,0.000000
6.940000,0.011469,-0.008573,0.043378,0.000007,0.000000,0.000000
5.700000,0.008097,-0.012221,0.040161,0.000002,0.000000,0.000000
6.220000,0.009008,0.000426,0.000390,0.000004,0.000000,0.000000
6.580000,0.022496,0.001841,0.001998,0.000009,0.000000,0.000000
6.950000,0.013481,0.001381,0.002632,0.000004,0.000000,0.000000
6.050000,0.028874,0.005948,0.005313,0.000002,0.000000,0.000000
6.220000,0.020626,-0.003792,0.009407,0.000001,0.000000,0.000000
6.760000,0.015560,0.000673,0.001072,0.000010,0.000000,0.000000
6.040000,0.012158,-0.012937,0.028512,0.000005,0.000000,0.000000
6.410000,0.006129,-0.000077,0.006141,0.000000,0.000000,0.000000
6.760000,0.014439,-0.002676,0.004728,0.000002,0.000000,0.000000
5.690000,0.008006,-0.003085,0.002437,0.000005,0.000000,0.000000
5.870000,0.006296,0.005454,0.011210,0.000001,0.000000,0.000000
6.230000,0.004627,-0.002949,0.010771,0.000000,0.000000,0.000000
5.340000,0.021298,0.002915,0.006287,0.000008,0.000000,0.000000
5.340000,0.006166,0.000886,0.003607,0.000004,0.000000,0.000000
6.040000,0.017956,-0.011411,0.012526,0.000008,0.000000,0.000000
6.580000,0.018646,0.000511,0.001218,0.000004,0.000000,0.000000
6.400000,0.009307,-0.001790,0.001413,0.000006,0.000000,0.000000
5.510000,0.355789,0.000162,0.003168,0.000004,0.000000,0.000000
6.050000,0.014505,-0.000111,0.017059,0.000002,0.000000,0.000000
5.870000,0.008233,0.004619,0.013939,0.000008,0.000000,0.000000
6.760000,0.026841,0.004892,0.004776,0.000002,0.000000,0.000000
6.230000,0.005998,0.001466,0.003753,0.000006,0.000000,0.000000
5.690000,0.009872,-0.003417,0.014134,0.000002,0.000000,0.000000
6.050000,0.019456,0.005437,0.021884,0.000009,0.000000,0.000000
5.690000,0.000902,0.000511,0.005118,0.000009,0.000000,0.000000
5.690000,0.039193,0.003366,0.001218,0.000005,0.000000,0.000000
6.220000,0.013353,-0.004593,0.010235,0.000003,0.000000,0.000000
6.050000,0.000902,-0.002233,0.023443,0.000012,0.000000,0.000000
6.050000,0.006075,0.014368,0.042403,0.000004,0.000000,0.000000
6.580000,0.008355,-0.003486,0.004143,0.000010,0.000000,0.000000
5.510000,0.008024,0.000494,0.000634,0.000002,0.000000,0.000000
5.520000,0.008020,0.000162,0.002632,0.000003,0.000000,0.000000
6.940000,0.014462,0.003656,0.001657,0.000007,0.000000,0.000000
6.050000,0.027944,0.004380,0.016474,0.000006,0.000000,0.000000
6.750000,0.004116,0.001781,0.009017,0.000003,0.000000,0.000000
6.040000,0.002505,-0.001364,0.002145,0.000007,0.000000,0.000000
6.580000,0.013646,0.003383,0.001852,0.000001,0.000000,0.000000
6.220000,0.008300,-0.000861,0.003363,0.000007,0.000000,0.000000
6.580000,0.024273,0.001227,0.001657,0.000012,0.000000,0.000000
6.050000,0.001886,-0.001807,0.020373,0.000002,0.000000,0.000000
6.040000,0.004555,-0.000477,0.002096,0.000004,0.000000,0.000000
4.980000,0.016251,-0.000673,0.002437,0.000003,0.000000,0.000000
6.050000,0.007106,0.011624,0.028610,0.000004,0.000000,0.000000
6.410000,0.011541,-0.009852,0.012087,0.000013,0.000000,0.000000
6.590000,0.022216,-0.005642,0.017254,0.000008,0.000000,0.000000
6.050000,0.004549,0.001364,0.003899,0.000002,0.000000,0.000000
5.870000,0.015099,-0.003136,0.011112,0.000007,0.000000,0.000000
5.690000,0.030686,0.002045,0.008432,0.000004,0.000000,0.000000
6.400000,0.009206,0.005556,0.010771,0.000012,0.000000,0.000000
4.980000,0.011776,-0.005897,0.009504,0.000003,0.000000,0.000000
5.340000,0.012968,0.006954,0.008724,0.000004,0.000000,0.000000
6.040000,0.007173,-0.005565,0.018082,0.000015,0.000000,0.000000
5.870000,0.003871,-0.005292,0.017643,0.000010,0.000000,0.000000
5.870000,0.003633,0.001739,0.014086,0.000006,0.000000,0.000000
6.220000,0.018103,0.000085,0.007993,0.000001,0.000000,0.000000
6.040000,0.006720,-0.004670,0.026660,0.000001,0.000000,0.000000
6.050000,0.014399,-0.004764,0.008237,0.000010,0.000000,0.000000
5.870000,0.004232,-0.001091,0.001998,0.000006,0.000000,0.000000
6.230000,0.017986,-0.001082,0.003997,0.000009,0.000000,0.000000
5.160000,0.001153,-0.000852,0.017010,0.000025,0.000000,0.000000
6.220000,0.096366,-0.018715,0.003948,0.000002,0.000000,0.000000
6.580000,0.008468,-0.003400,0.017059,0.000005,0.000000,0.000000
5.690000,0.004537,0.003622,0.023492,0.000006,0.000000,0.000000
6.050000,0.008504,-0.003537,0.009602,0.000002,0.000000,0.000000
5.870000,0.010905,-0.010550,0.016084,0.000008,0.000000,0.000000
5.870000,0.006881,0.008369,0.020470,0.000008,0.000000,0.000000
6.230000,0.020486,-0.000409,0.007652,0.000001,0.000000,0.000000
6.580000,0.004742,0.004474,0.039089,0.000003,0.000000,0.000000
6.230000,0.005727,0.002795,0.002096,0.000002,0.000000,0.000000
6.580000,0.004715,0.002659,0.006775,0.000008,0.000000,0.000000
6.050000,0.006709,0.000597,0.004776,0.000004,0.000000,0.000000
6.410000,0.005439,0.001977,0.000975,0.000006,0.000000,0.000000
5.870000,0.004537,0.000392,0.004581,0.000003,0.000000,0.000000
5.870000,0.002505,0.001943,0.002096,0.000002,0.000000,0.000000
6.760000,0.016131,0.011701,0.018228,0.000005,0.000000,0.000000
6.400000,0.012106,0.005198,0.011112,0.000004,0.000000,0.000000
5.340000,0.013216,-0.002148,0.001560,0.000006,0.000000,0.000000
6.040000,0.005887,0.001747,0.003217,0.000010,0.000000,0.000000
6.220000,0.009371,-0.005096,0.010820,0.000006,0.000000,0.000000
6.220000,0.100362,0.014232,0.005995,0.000007,0.000000,0.000000
5.870000,0.009097,-0.000716,0.000439,0.000007,0.000000,0.000000
6.760000,0.003397,-0.000375,0.004143,0.000008,0.000000,0.000000
6.050000,0.009008,0.000051,0.004094,0.000009,0.000000,0.000000
5.870000,0.004730,-0.000818,0.000975,0.000004,0.000000,0.000000
6.760000,0.001737,-0.000793,0.005166,0.000004,0.000000,0.000000
6.580000,0.013627,-0.009033,0.007798,0.000006,0.000000,0.000000
6.050000,0.003397,0.000222,0.005946,0.000001,0.000000,0.000000
5.690000,0.022711,-0.004039,0.013111,0.000001,0.000000,0.000000
6.580000,0.015251,-0.001594,0.003168,0.000001,0.000000,0.000000
6.940000,0.012535,-0.006869,0.011161,0.000003,0.000000,0.000000
6.220000,0.002749,-0.001483,0.020860,0.000002,0.000000,0.000000
5.690000,0.021602,-0.001449,0.006092,0.000013,0.000000,0.000000
6.580000,0.028166,-0.010082,0.007701,0.000004,0.000000,0.000000
6.040000,0.012691,0.001841,0.000975,0.000002,0.000000,0.000000
6.400000,0.005253,0.004858,0.006092,0.000003,0.000000,0.000000
6.580000,0.042549,0.010542,0.014865,0.000003,0.000000,0.000000
6.760000,0.006166,0.003153,0.022517,0.000006,0.000000,0.000000
5.510000,0.008827,0.000554,0.009602,0.000002,0.000000,0.000000
7.110000,0.007567,0.005139,0.010040,0.000004,0.000000,0.000000
5.520000,0.038280,0.008872,0.009650,0.000004,0.000000,0.000000
6.400000,0.008316,-0.006136,0.012185,0.000011,0.000000,0.000000
6.580000,0.009209,-0.001244,0.010430,0.000002,0.000000,0.000000
5.520000,0.006296,-0.001244,0.006531,0.000008,0.000000,0.000000
6.050000,0.006589,0.002949,0.003168,0.000002,0.000000,0.000000
7.110000,0.020759,0.001551,0.016912,0.000009,0.000000,0.000000
5.510000,0.008684,-0.003434,0.008432,0.000004,0.000000,0.000000
6.220000,0.004207,-0.003196,0.010625,0.000003,0.000000,0.000000
6.750000,0.005527,-0.006392,0.016035,0.000005,0.000000,0.000000
6.040000,0.001331,0.000818,0.002827,0.000002,0.000000,0.000000
6.940000,0.015251,0.010227,0.019593,0.000002,0.000000,0.000000
6.750000,0.004983,0.001176,0.003168,0.000005,0.000000,0.000000
6.760000,0.004162,0.000827,0.035141,0.000004,0.000000,0.000000
6.230000,0.007817,0.003630,0.011892,0.000005,0.000000,0.000000
6.410000,0.014129,0.000349,0.001072,0.000004,0.000000,0.000000
6.400000,0.005509,0.009698,0.033386,0.000002,0.000000,0.000000
6.050000,0.031576,0.000358,0.003314,0.000003,0.000000,0.000000
6.050000,0.002041,0.001006,0.007311,0.000006,0.000000,0.000000
6.050000,0.037029,-0.005446,0.004971,0.000007,0.000000,0.000000
6.220000,0.018233,-0.000068,0.012380,0.000003,0.000000,0.000000
5.520000,0.007904,0.006954,0.012916,0.000004,0.000000,0.000000
6.220000,0.011005,0.003000,0.001657,0.000011,0.000000,0.000000
6.050000,0.005582,0.001926,0.002534,0.000014,0.000000,0.000000
6.580000,0.006475,-0.001168,0.000634,0.000001,0.000000,0.000000
6.050000,0.003874,-0.000153,0.003412,0.000004,0.000000,0.000000
6.220000,0.013600,-0.006664,0.007311,0.000003,0.000000,0.000000
6.050000,0.006415,-0.003486,0.013111,0.000001,0.000000,0.000000
5.870000,0.021526,0.002003,0.007116,0.000006,0.000000,0.000000
6.760000,0.016966,0.007968,0.010674,0.000006,0.000000,0.000000
5.520000,0.006415,-0.002292,0.003802,0.000004,0.000000,0.000000
6.230000,0.015178,0.012050,0.012623,0.000002,0.000000,0.000000
6.400000,0.010158,-0.011556,0.015986,0.000026,0.000000,0.000000
6.580000,0.018629,0.001773,0.003363,0.000007,0.000000,0.000000
6.050000,0.019108,0.000835,0.004045,0.000006,0.000000,0.000000
7.110000,0.008743,-0.005522,0.012526,0.000003,0.000000,0.000000
6.040000,0.002091,0.000307,0.018082,0.000010,0.000000,0.000000
6.400000,0.002685,0.000222,0.003022,0.000003,0.000000,0.000000
6.580000,0.003397,-0.000494,0.001998,0.000020,0.000000,0.000000
6.050000,0.003777,-0.000443,0.002096,0.000001,0.000000,0.000000
6.930000,0.017318,-0.006980,0.004338,0.000010,0.000000,0.000000
6.580000,0.008656,-0.006392,0.009455,0.000007,0.000000,0.000000
5.870000,0.012024,0.014079,0.018228,0.000005,0.000000,0.000000
6.570000,0.002934,0.001108,0.003363,0.000003,0.000000,0.000000
5.690000,0.015980,-0.006869,0.007701,0.000002,0.000000,0.000000
6.940000,0.013290,0.001611,0.006092,0.000008,0.000000,0.000000
6.050000,0.013269,0.001099,0.016522,0.000002,0.000000,0.000000
6.050000,0.025405,0.000477,0.001657,0.000003,0.000000,0.000000
6.400000,0.010419,-0.005386,0.009455,0.000008,0.000000,0.000000
6.400000,0.003524,-0.001432,0.009553,0.000001,0.000000,0.000000
6.760000,0.021231,-0.001159,0.007116,0.000004,0.000000,0.000000
7.110000,0.004795,0.001662,0.000877,0.000002,0.000000,0.000000
6.580000,0.013809,0.008531,0.015109,0.000004,0.000000,0.000000
6.230000,0.009319,0.002378,0.001608,0.000013,0.000000,0.000000
5.870000,0.030144,0.005642,0.006531,0.000001,0.000000,0.000000
6.580000,0.237933,0.007781,0.007067,0.000014,0.000000,0.000000
6.230000,0.006002,-0.002250,0.036749,0.000009,0.000000,0.000000
6.220000,0.005528,0.002156,0.002827,0.000006,0.000000,0.000000
6.220000,0.015067,-0.014155,0.030657,0.000017,0.000000,0.000000
6.400000,0.012814,0.007517,0.008237,0.000001,0.000000,0.000000
5.690000,0.004120,0.001227,0.008286,0.000006,0.000000,0.000000
6.220000,0.007977,0.004789,0.005313,0.000010,0.000000,0.000000
5.160000,0.004330,0.002148,0.014914,0.000003,0.000000,0.000000
5.690000,0.001560,-0.000256,0.000390,0.000002,0.000000,0.000000
6.940000,0.009173,-0.013039,0.030267,0.000003,0.000000,0.000000
5.160000,0.004265,-0.002275,0.013696,0.000009,0.000000,0.000000
6.220000,0.007732,-0.002829,0.009455,0.000008,0.000000,0.000000
6.050000,0.006144,-0.002361,0.008042,0.000003,0.000000,0.000000
6.230000,0.002405,0.001219,0.015353,0.000011,0.000000,0.000000
6.940000,0.004852,-0.006971,0.040697,0.000005,0.000000,0.000000
6.580000,0.021605,-0.003162,0.001852,0.000002,0.000000,0.000000
5.690000,0.011198,0.002301,0.011844,0.000003,0.000000,0.000000
6.760000,0.002560,0.003383,0.017692,0.000003,0.000000,0.000000
7.110000,0.022979,0.000469,0.012916,0.000010,0.000000,0.000000
6.760000,0.009283,0.002088,0.002437,0.000012,0.000000,0.000000
6.050000,0.005604,-0.001645,0.006336,0.000007,0.000000,0.000000
6.060000,0.007726,0.003469,0.005166,0.000010,0.000000,0.000000
6.410000,0.005081,-0.003665,0.032411,0.000006,0.000000,0.000000
7.110000,0.006561,-0.005812,0.008676,0.000006,0.000000,0.000000
6.040000,0.012955,0.000937,0.005654,0.000005,0.000000,0.000000
6.230000,0.008094,-0.000307,0.006336,0.000002,0.000000,0.000000
6.760000,0.023432,0.001270,0.003607,0.000002,0.000000,0.000000
5.870000,0.004062,-0.003588,0.005361,0.000002,0.000000,0.000000
6.760000,0.005798,-0.000699,0.015840,0.000007,0.000000,0.000000
6.050000,0.012070,-0.003682,0.003948,0.000016,0.000000,0.000000
6.220000,0.005904,-0.002923,0.008676,0.000002,0.000000,0.000000
6.400000,0.010796,0.002233,0.001755,0.000006,0.000000,0.000000
6.220000,0.018859,-0.001483,0.005215,0.000005,0.000000,0.000000
5.510000,0.009459,0.001244,0.001413,0.000006,0.000000,0.000000
6.400000,0.004080,-0.004508,0.017643,0.000009,0.000000,0.000000
6.400000,0.010596,-0.005812,0.007116,0.000006,0.000000,0.000000
5.510000,0.007120,-0.002182,0.009455,0.000015,0.000000,0.000000
5.690000,0.015451,0.002131,0.004971,0.000001,0.000000,0.000000
6.580000,0.037166,0.005088,0.008286,0.000001,0.000000,0.000000
4.980000,0.006987,0.005216,0.009894,0.000004,0.000000,0.000000
6.580000,0.010940,0.001679,0.012623,0.000015,0.000000,0.000000
5.870000,0.006311,-0.003511,0.006775,0.000006,0.000000,0.000000
6.760000,0.007495,0.001244,0.023151,0.000003,0.000000,0.000000
5.520000,0.026889,-0.006468,0.013939,0.000001,0.000000,0.000000
6.580000,0.009899,-0.001790,0.003314,0.000007,0.000000,0.000000
7.300000,0.040658,-0.018442,0.015012,0.000000,0.000000,0.000000
6.760000,0.007108,-0.004832,0.009455,0.000006,0.000000,0.000000
6.050000,0.025299,0.005718,0.003168,0.000009,0.000000,0.000000
6.760000,0.016382,0.001304,0.003948,0.000000,0.000000,0.000000
6.400000,0.017820,0.000383,0.003948,0.000002,0.000000,0.000000
5.870000,0.004551,-0.003264,0.004045,0.000009,0.000000,0.000000
7.110000,0.027193,0.005965,0.017643,0.000001,0.000000,0.000000
5.520000,0.007851,0.000256,0.002632,0.000005,0.000000,0.000000
6.760000,0.016755,0.006980,0.003948,0.000003,0.000000,0.000000
6.940000,0.034411,-0.008914,0.005849,0.000010,0.000000,0.000000
5.510000,0.027855,0.000767,0.002632,0.000011,0.000000,0.000000
6.040000,0.017591,-0.002676,0.013452,0.000002,0.000000,0.000000
6.230000,0.008641,-0.005769,0.015840,0.000003,0.000000,0.000000
5.690000,0.007483,0.001943,0.005702,0.000006,0.000000,0.000000
6.580000,0.005724,-0.002557,0.004874,0.000007,0.000000,0.000000
6.230000,0.021009,0.019456,0.037724,0.000013,0.000000,0.000000
5.690000,0.006448,-0.001585,0.002096,0.000002,0.000000,0.000000
5.340000,0.013180,0.000639,0.001072,0.000001,0.000000,0.000000
6.940000,0.004128,-0.000724,0.000829,0.000008,0.000000,0.000000
6.410000,0.008072,-0.000102,0.017985,0.000005,0.000000,0.000000
6.400000,0.025184,-0.010559,0.004825,0.000008,0.000000,0.000000
6.770000,0.015180,-0.003213,0.013111,0.000014,0.000000,0.000000
5.870000,0.018902,0.006161,0.003607,0.000007,0.000000,0.000000
6.580000,0.030284,-0.003162,0.003753,0.000012,0.000000,0.000000
5.340000,0.008136,0.000920,0.000634,0.000002,0.000000,0.000000
6.750000,0.550200,0.005539,0.021153,0.000016,0.000000,0.000000
6.050000,0.006591,-0.003102,0.011990,0.000003,0.000000,0.000000
5.870000,0.031629,-0.012885,0.040599,0.000005,0.000000,0.000000
6.220000,0.016071,0.014641,0.037090,0.000003,0.000000,0.000000
6.410000,0.022431,0.007874,0.005118,0.000012,0.000000,0.000000
5.510000,0.005552,-0.000580,0.001072,0.000001,0.000000,0.000000
6.050000,0.008242,-0.003861,0.004386,0.000009,0.000000,0.000000
6.580000,0.015323,0.004849,0.032265,0.000004,0.000000,0.000000
5.690000,0.005583,0.002173,0.003168,0.000003,0.000000,0.000000
7.300000,0.001568,-0.002966,0.011307,0.000001,0.000000,0.000000
6.050000,0.011130,0.004508,0.045278,0.000011,0.000000,0.000000
6.230000,0.015146,0.000972,0.017302,0.000007,0.000000,0.000000
7.290000,0.023547,0.001883,0.004923,0.000007,0.000000,0.000000
6.050000,0.031985,-0.000656,0.010771,0.000003,0.000000,0.000000
5.870000,0.024313,0.001636,0.050786,0.000019,0.000000,0.000000
6.230000,0.001027,0.000869,0.009845,0.000003,0.000000,0.000000
5.520000,0.000931,-0.000614,0.006823,0.000013,0.000000,0.000000
5.870000,0.008233,0.001278,0.004143,0.000005,0.000000,0.000000
5.520000,0.013147,-0.008650,0.007311,0.000017,0.000000,0.000000
6.760000,0.095753,-0.001261,0.010917,0.000004,0.000000,0.000000
6.580000,0.011188,0.003119,0.013354,0.000003,0.000000,0.000000
6.580000,0.008723,-0.002804,0.001657,0.000004,0.000000,0.000000
5.340000,0.005437,-0.000920,0.020958,0.000009,0.000000,0.000000
5.870000,0.006050,-0.002736,0.005215,0.000001,0.000000,0.000000
6.050000,0.003538,-0.000639,0.008822,0.000005,0.000000,0.000000
6.580000,0.008085,-0.003059,0.002973,0.000005,0.000000,0.000000
5.870000,0.014147,0.006434,0.007311,0.000016,0.000000,0.000000
6.220000,0.005269,0.003426,0.011844,0.000001,0.000000,0.000000
6.930000,0.011125,0.001338,0.005946,0.000010,0.000000,0.000000
5.870000,0.011523,-0.000545,0.003607,0.000005,0.000000,0.000000
6.410000,0.011036,0.010209,0.018813,0.000008,0.000000,0.000000
5.870000,0.008912,0.003238,0.006531,0.000009,0.000000,0.000000
6.230000,0.007845,-0.000631,0.006482,0.000010,0.000000,0.000000
6.400000,0.025575,0.007755,0.006775,0.000005,0.000000,0.000000
5.870000,0.009482,-0.001704,0.017302,0.000002,0.000000,0.000000
6.930000,0.006695,-0.004602,0.015060,0.000006,0.000000,0.000000
6.220000,0.009544,0.002122,0.019008,0.000005,0.000000,0.000000
5.510000,0.004207,-0.003281,0.009407,0.000002,0.000000,0.000000
6.050000,0.010170,-0.010167,0.010186,0.000005,0.000000,0.000000
6.230000,0.012739,-0.003068,0.002437,0.000003,0.000000,0.000000
5.870000,0.001554,-0.000452,0.009407,0.000004,0.000000,0.000000
6.580000,0.018737,0.020283,0.034507,0.000007,0.000000,0.000000
6.400000,0.020877,0.003051,0.003022,0.000006,0.000000,0.000000
5.510000,0.001568,-0.000256,0.005313,0.000016,0.000000,0.000000
6.400000,0.003397,-0.000290,0.001413,0.000014,0.000000,0.000000
6.580000,0.001737,-0.000827,0.005215,0.000001,0.000000,0.000000
6.050000,0.005987,-0.002557,0.018033,0.000005,0.000000,0.000000
6.580000,0.071535,0.002804,0.021153,0.000001,0.000000,0.000000
5.870000,0.008944,0.002327,0.002193,0.000002,0.000000,0.000000
5.330000,0.002350,-0.001909,0.002729,0.000005,0.000000,0.000000
6.230000,0.010964,-0.000486,0.018813,0.000008,0.000000,0.000000
6.050000,0.008501,-0.004764,0.008481,0.000005,0.000000,0.000000
7.290000,0.008439,-0.003409,0.006531,0.000011,0.000000,0.000000
5.690000,0.006129,0.002301,0.005946,0.000012,0.000000,0.000000
5.340000,0.018598,0.001432,0.000439,0.000003,0.000000,0.000000
7.110000,0.012007,-0.006340,0.004825,0.000003,0.000000,0.000000
5.690000,0.005737,-0.002241,0.008724,0.000003,0.000000,0.000000
5.510000,0.115918,0.006877,0.007457,0.000007,0.000000,0.000000
6.050000,0.006761,0.001227,0.001998,0.000010,0.000000,0.000000
5.690000,0.010446,0.005872,0.005361,0.000004,0.000000,0.000000
6.230000,0.006415,0.001807,0.003022,0.000004,0.000000,0.000000
6.760000,0.006720,0.003264,0.035531,0.000002,0.000000,0.000000
6.050000,0.014134,0.001432,0.001657,0.000005,0.000000,0.000000
6.050000,0.015093,0.005727,0.010333,0.000009,0.000000,0.000000
6.760000,0.001696,0.001372,0.005507,0.000003,0.000000,0.000000
6.400000,0.005332,-0.002974,0.008627,0.000004,0.000000,0.000000
6.400000,0.011687,0.000256,0.011064,0.000001,0.000000,0.000000
5.510000,0.015910,-0.000409,0.000780,0.000004,0.000000,0.000000
6.220000,0.016023,0.007798,0.005946,0.000005,0.000000,0.000000
5.870000,0.004509,0.003238,0.003607,0.000011,0.000000,0.000000
5.870000,0.022821,0.001670,0.009455,0.000003,0.000000,0.000000
6.590000,0.007756,0.000000,0.002388,0.000003,0.000000,0.000000
5.690000,0.004359,0.000818,0.000877,0.000006,0.000000,0.000000
6.220000,0.008833,-0.008369,0.013501,0.000000,0.000000,0.000000
6.760000,0.011210,0.000179,0.005702,0.000002,0.000000,0.000000
6.050000,0.003397,0.000545,0.002827,0.000008,0.000000,0.000000
7.290000,0.009817,-0.003349,0.002583,0.000008,0.000000,0.000000
6.400000,0.004719,0.000835,0.005556,0.000004,0.000000,0.000000
6.050000,0.004980,0.000895,0.009455,0.000005,0.000000,0.000000
6.050000,0.005803,0.004892,0.012575,0.000005,0.000000,0.000000
6.230000,0.002296,0.003400,0.014524,0.000004,0.000000,0.000000
6.400000,0.014272,-0.011317,0.012575,0.000004,0.000000,0.000000
6.400000,0.008956,-0.001969,0.002632,0.000004,0.000000,0.000000
5.690000,0.007907,0.003579,0.008676,0.000003,0.000000,0.000000
5.520000,0.004318,0.000580,0.007555,0.000015,0.000000,0.000000
6.580000,0.007972,0.006468,0.011405,0.000011,0.000000,0.000000
5.520000,0.011779,-0.002301,0.001998,0.000004,0.000000,0.000000
6.950000,0.004348,0.000733,0.004338,0.000005,0.000000,0.000000
6.230000,0.029019,0.002744,0.006287,0.000001,0.000000,0.000000
5.330000,0.004157,0.001278,0.013696,0.000001,0.000000,0.000000
6.410000,0.008690,-0.001295,0.010333,0.000002,0.000000,0.000000
5.510000,0.004102,0.004610,0.013549,0.000004,0.000000,0.000000
5.690000,0.008656,0.004278,0.004338,0.000005,0.000000,0.000000
6.410000,0.005397,-0.002292,0.008676,0.000012,0.000000,0.000000
6.050000,0.013088,0.003852,0.005069,0.000011,0.000000,0.000000
6.400000,0.012720,0.007039,0.014914,0.000006,0.000000,0.000000
6.050000,0.010388,0.002471,0.001413,0.000002,0.000000,0.000000
6.220000,0.024252,-0.000358,0.001755,0.000008,0.000000,0.000000
5.340000,0.023656,0.013098,0.017010,0.000002,0.000000,0.000000
6.040000,0.010905,-0.004142,0.031680,0.000008,0.000000,0.000000
6.220000,0.009464,-0.001883,0.001218,0.000000,0.000000,0.000000
5.690000,0.007483,-0.005190,0.007067,0.000001,0.000000,0.000000
5.690000,0.004439,0.000085,0.015986,0.000002,0.000000,0.000000
6.050000,0.041421,0.016848,0.022371,0.000005,0.000000,0.000000
6.040000,0.028832,0.004798,0.007555,0.000005,0.000000,0.000000
6.230000,0.009297,0.000443,0.014670,0.000001,0.000000,0.000000
6.050000,0.014113,0.004994,0.007311,0.000003,0.000000,0.000000
6.230000,0.009999,-0.001645,0.006336,0.000005,0.000000,0.000000
7.290000,0.003876,0.003196,0.015353,0.000004,0.000000,0.000000
7.110000,0.010517,0.002378,0.002973,0.000007,0.000000,0.000000
7.470000,0.006942,0.001977,0.001218,0.000010,0.000000,0.000000
6.770000,0.012483,0.004866,0.005995,0.000001,0.000000,0.000000
5.690000,0.001688,0.001824,0.019983,0.000010,0.000000,0.000000
7.290000,0.006852,0.004039,0.050298,0.000006,0.000000,0.000000
6.230000,0.002274,-0.004432,0.017205,0.000005,0.000000,0.000000
6.040000,0.029503,0.002463,0.005507,0.000004,0.000000,0.000000
6.580000,0.001797,0.000656,0.002632,0.000006,0.000000,0.000000
6.050000,0.003684,-0.000102,0.000634,0.000003,0.000000,0.000000
5.690000,0.011642,-0.000230,0.009504,0.000007,0.000000,0.000000
6.580000,0.004782,0.001074,0.000877,0.000010,0.000000,0.000000
6.230000,0.004125,0.001790,0.013696,0.000014,0.000000,0.000000
6.400000,0.023255,0.003571,0.028171,0.000003,0.000000,0.000000
6.050000,0.004348,-0.003315,0.008286,0.000001,0.000000,0.000000
6.940000,0.022355,0.000273,0.005361,0.000003,0.000000,0.000000
6.590000,0.013490,0.002301,0.007457,0.000005,0.000000,0.000000
6.580000,0.011152,-0.001764,0.002193,0.000010,0.000000,0.000000
6.410000,0.009137,0.001346,0.001657,0.000005,0.000000,0.000000
6.410000,0.000902,0.001312,0.012623,0.000016,0.000000,0.000000
5.690000,0.005867,0.000375,0.001170,0.000002,0.000000,0.000000
5.870000,0.013156,0.010175,0.013793,0.000008,0.000000,0.000000
7.290000,0.011136,0.006085,0.021543,0.000004,0.000000,0.000000
5.870000,0.006030,0.005292,0.013696,0.000005,0.000000,0.000000
6.580000,0.011733,-0.008011,0.007798,0.000002,0.000000,0.000000
5.870000,0.006458,0.003221,0.005702,0.000008,0.000000,0.000000
5.880000,0.001696,-0.000869,0.005507,0.000019,0.000000,0.000000
6.230000,0.011328,-0.002591,0.012477,0.000004,0.000000,0.000000
6.760000,0.004984,0.000051,0.003802,0.000006,0.000000,0.000000
7.120000,0.011653,0.013499,0.022274,0.000010,0.000000,0.000000
6.050000,0.008163,-0.007508,0.018033,0.000004,0.000000,0.000000
5.870000,0.015371,-0.010815,0.017205,0.000005,0.000000,0.000000
6.400000,0.024275,-0.000631,0.003753,0.000002,0.000000,0.000000
6.050000,0.004487,0.000844,0.018033,0.000002,0.000000,0.000000
5.870000,0.004014,0.000153,0.016035,0.000006,0.000000,0.000000
6.580000,0.009598,0.003605,0.007896,0.000001,0.000000,0.000000
6.220000,0.018783,0.000068,0.007798,0.000006,0.000000,0.000000
5.870000,0.008662,-0.001977,0.002827,0.000003,0.000000,0.000000
5.690000,0.008355,-0.007900,0.014865,0.000002,0.000000,0.000000
5.340000,0.013438,0.002795,0.006239,0.000003,0.000000,0.000000
5.870000,0.012691,0.000614,0.001657,0.000008,0.000000,0.000000
6.050000,0.010918,-0.001756,0.011356,0.000006,0.000000,0.000000
5.520000,0.006427,-0.001781,0.010186,0.000001,0.000000,0.000000
6.220000,0.012019,-0.001253,0.007652,0.000006,0.000000,0.000000
6.760000,0.012998,0.001261,0.000390,0.000011,0.000000,0.000000
6.220000,0.003742,-0.003290,0.010284,0.000011,0.000000,0.000000
6.940000,0.008640,0.000477,0.000585,0.000003,0.000000,0.000000
6.400000,0.002971,0.005446,0.019788,0.000003,0.000000,0.000000
6.220000,0.000250,-0.000409,0.000780,0.000009,0.000000,0.000000
5.870000,0.009550,-0.002327,0.003802,0.000004,0.000000,0.000000
6.400000,0.038137,-0.005889,0.011600,0.000002,0.000000,0.000000
6.940000,0.004563,-0.000801,0.004728,0.000004,0.000000,0.000000
6.400000,0.001790,0.000085,0.010381,0.000005,0.000000,0.000000
6.400000,0.001630,0.001261,0.003802,0.000009,0.000000,0.000000
6.410000,0.004120,0.001364,0.008286,0.000003,0.000000,0.000000
6.050000,0.009221,-0.002770,0.004923,0.000003,0.000000,0.000000
6.760000,0.018246,0.002676,0.014329,0.000002,0.000000,0.000000
6.050000,0.017950,-0.009425,0.023492,0.000022,0.000000,0.000000
6.580000,0.004715,0.003392,0.007896,0.000013,0.000000,0.000000
5.510000,0.008066,-0.006187,0.006775,0.000002,0.000000,0.000000
6.580000,0.024976,-0.005309,0.016474,0.000004,0.000000,0.000000
6.050000,0.003675,0.001483,0.000829,0.000016,0.000000,0.000000
7.290000,0.008263,-0.000844,0.011064,0.000005,0.000000,0.000000
7.110000,0.003523,-0.002557,0.021250,0.000001,0.000000,0.000000
6.940000,0.017318,0.002182,0.003168,0.000005,0.000000,0.000000
6.940000,0.008956,-0.002352,0.025783,0.000010,0.000000,0.000000
5.330000,0.001702,0.000366,0.016669,0.000001,0.000000,0.000000
6.400000,0.036569,0.004227,0.009455,0.000008,0.000000,0.000000
6.400000,0.003411,-0.000051,0.000439,0.000006,0.000000,0.000000
6.230000,0.027640,-0.003997,0.005605,0.000016,0.000000,0.000000
5.870000,0.005373,0.004687,0.005069,0.000002,0.000000,0.000000
5.520000,0.009130,0.000903,0.014914,0.000002,0.000000,0.000000
6.050000,0.014749,-0.001329,0.004386,0.000003,0.000000,0.000000
6.580000,0.038500,-0.007857,0.007262,0.000008,0.000000,0.000000
5.690000,0.008833,-0.000614,0.001755,0.000005,0.000000,0.000000
6.220000,0.010875,-0.003332,0.003168,0.000007,0.000000,0.000000
6.400000,0.007337,0.000511,0.012623,0.000004,0.000000,0.000000
5.700000,0.025530,-0.000435,0.004581,0.000005,0.000000,0.000000
7.290000,0.011803,0.001687,0.004386,0.000006,0.000000,0.000000
6.220000,0.018796,-0.010209,0.008432,0.000016,0.000000,0.000000
6.580000,0.011685,-0.006698,0.009894,0.000004,0.000000,0.000000
6.760000,0.003804,-0.000264,0.011064,0.000002,0.000000,0.000000
6.400000,0.041367,-0.003247,0.000829,0.000001,0.000000,0.000000
7.290000,0.032552,0.002003,0.004923,0.000004,0.000000,0.000000
6.050000,0.012866,0.004440,0.002437,0.000008,0.000000,0.000000
6.580000,0.005437,0.001534,0.010966,0.000005,0.000000,0.000000
6.400000,0.000902,-0.001210,0.006092,0.000002,0.000000,0.000000
6.580000,0.009277,0.006630,0.005166,0.000003,0.000000,0.000000
6.230000,0.004078,-0.001977,0.004338,0.000003,0.000000,0.000000
5.870000,0.224435,0.001176,0.004143,0.000005,0.000000,0.000000
6.050000,0.039944,-0.014496,0.031242,0.000003,0.000000,0.000000
6.580000,0.006028,-0.002693,0.002973,0.000004,0.000000,0.000000
6.220000,0.014909,-0.001295,0.000975,0.000002,0.000000,0.000000
6.050000,0.019191,-0.005446,0.012623,0.000004,0.000000,0.000000
5.340000,0.013311,0.002659,0.004386,0.000004,0.000000,0.000000
6.750000,0.018384,-0.014402,0.044888,0.000001,0.000000,0.000000
5.690000,0.007354,-0.006528,0.018033,0.000005,0.000000,0.000000
6.230000,0.012961,-0.004338,0.006287,0.000011,0.000000,0.000000
6.050000,0.038214,0.001696,0.006921,0.000002,0.000000,0.000000
5.870000,0.006869,-0.003059,0.007847,0.000008,0.000000,0.000000
6.580000,0.002560,0.002292,0.004728,0.000012,0.000000,0.000000
6.580000,0.012329,0.005088,0.003948,0.000011,0.000000,0.000000
7.120000,0.006087,0.000128,0.016864,0.000003,0.000000,0.000000
6.220000,0.006084,-0.007406,0.019349,0.000000,0.000000,0.000000
6.940000,0.012891,-0.007099,0.007896,0.000010,0.000000,0.000000
6.580000,0.006129,-0.001312,0.019690,0.000002,0.000000,0.000000
6.400000,0.032784,-0.003571,0.036164,0.000003,0.000000,0.000000
6.410000,0.007299,0.001704,0.000975,0.000007,0.000000,0.000000
6.230000,0.003293,0.001440,0.012136,0.000008,0.000000,0.000000
6.230000,0.007080,-0.000810,0.002827,0.000023,0.000000,0.000000
6.220000,0.030646,0.001739,0.005361,0.000001,0.000000,0.000000
6.400000,0.010286,-0.004645,0.014865,0.000004,0.000000,0.000000
5.870000,0.003202,0.005267,0.050347,0.000003,0.000000,0.000000
5.870000,0.008100,0.000767,0.006141,0.000006,0.000000,0.000000
6.580000,0.088498,0.006605,0.016035,0.000008,0.000000,0.000000
5.870000,0.006717,0.001261,0.001998,0.000008,0.000000,0.000000
6.400000,0.004527,-0.002437,0.027001,0.000006,0.000000,0.000000
6.050000,0.008579,-0.004039,0.008334,0.000012,0.000000,0.000000
6.050000,0.003023,-0.000989,0.018423,0.000015,0.000000,0.000000
6.760000,0.014700,-0.002863,0.008481,0.000003,0.000000,0.000000
6.220000,0.003162,-0.005650,0.043183,0.000002,0.000000,0.000000
5.690000,0.023724,-0.000290,0.005069,0.000013,0.000000,0.000000
5.870000,0.011542,-0.001227,0.005995,0.000003,0.000000,0.000000
6.580000,0.004846,0.001900,0.003168,0.000005,0.000000,0.000000
6.400000,0.012057,0.001014,0.009991,0.000007,0.000000,0.000000
6.580000,0.011344,-0.005164,0.004728,0.000018,0.000000,0.000000
5.870000,0.009532,0.004483,0.002876,0.000002,0.000000,0.000000
6.760000,0.003643,0.001781,0.008676,0.000004,0.000000,0.000000
6.230000,0.008495,-0.000827,0.001852,0.000003,0.000000,0.000000
6.410000,0.001360,-0.002113,0.008091,0.000012,0.000000,0.000000
5.690000,0.019358,-0.000614,0.003265,0.000002,0.000000,0.000000
6.220000,0.010367,-0.001943,0.009748,0.000012,0.000000,0.000000
6.050000,0.027736,-0.001883,0.002096,0.000003,0.000000,0.000000
6.760000,0.015654,-0.004968,0.003217,0.000004,0.000000,0.000000
5.340000,0.010410,0.010431,0.018764,0.000010,0.000000,0.000000
6.580000,0.000536,-0.000460,0.009455,0.000002,0.000000,0.000000
5.690000,0.003973,0.001841,0.001657,0.000014,0.000000,0.000000
6.940000,0.005314,-0.000989,0.006434,0.000009,0.000000,0.000000
6.230000,0.010295,0.005591,0.008432,0.000001,0.000000,0.000000
7.290000,0.009917,0.001014,0.002388,0.000004,0.000000,0.000000
6.580000,0.007774,-0.002497,0.004825,0.000008,0.000000,0.000000
5.870000,0.007935,0.002514,0.037578,0.000008,0.000000,0.000000
6.580000,0.010796,-0.004730,0.004386,0.000011,0.000000,0.000000
6.220000,0.002542,0.003068,0.040746,0.000005,0.000000,0.000000
6.410000,0.005001,-0.001278,0.019934,0.000003,0.000000,0.000000
7.110000,0.009321,-0.002437,0.001657,0.000002,0.000000,0.000000
4.980000,0.014323,-0.012272,0.024077,0.000015,0.000000,0.000000
6.580000,0.011835,0.007602,0.007798,0.000004,0.000000,0.000000
5.870000,0.007007,-0.003588,0.010381,0.000001,0.000000,0.000000
5.520000,0.019294,-0.004815,0.002388,0.000007,0.000000,0.000000
6.220000,0.045100,0.004048,0.001218,0.000003,0.000000,0.000000
6.050000,0.016186,-0.000963,0.004045,0.000012,0.000000,0.000000
6.050000,0.001326,0.000170,0.001218,0.000001,0.000000,0.000000
6.580000,0.019401,-0.000665,0.003265,0.000003,0.000000,0.000000
6.050000,0.008699,-0.002122,0.002437,0.000011,0.000000,0.000000
6.050000,0.008734,0.005625,0.008091,0.000010,0.000000,0.000000
6.760000,0.004143,-0.001841,0.015791,0.000009,0.000000,0.000000
6.050000,0.008957,0.002531,0.013306,0.000001,0.000000,0.000000
5.870000,0.018623,0.006588,0.005166,0.000003,0.000000,0.000000
6.220000,0.001599,0.002420,0.019983,0.000001,0.000000,0.000000
6.220000,0.014363,0.009579,0.007701,0.000005,0.000000,0.000000
6.940000,0.007293,-0.002753,0.004581,0.000006,0.000000,0.000000
4.800000,0.003912,0.000503,0.005507,0.000004,0.000000,0.000000
5.690000,0.008158,0.005079,0.006531,0.000002,0.000000,0.000000
6.400000,0.016889,-0.005156,0.003607,0.000004,0.000000,0.000000
6.050000,0.004216,0.001202,0.010966,0.000005,0.000000,0.000000
6.570000,0.003849,-0.001781,0.014914,0.000003,0.000000,0.000000
6.040000,0.020559,0.000162,0.008627,0.000007,0.000000,0.000000
6.220000,0.011250,0.000017,0.003607,0.000002,0.000000,0.000000
6.580000,0.008878,0.002633,0.005556,0.000006,0.000000,0.000000
6.220000,0.010644,-0.007670,0.006336,0.000002,0.000000,0.000000
6.400000,0.005269,0.001142,0.004143,0.000007,0.000000,0.000000
6.400000,0.004961,0.002020,0.004825,0.000002,0.000000,0.000000
6.400000,0.002757,-0.000426,0.004874,0.000005,0.000000,0.000000
6.230000,0.006740,0.001900,0.010820,0.000012,0.000000,0.000000
6.770000,0.011860,-0.004440,0.009796,0.000006,0.000000,0.000000
6.220000,0.004551,-0.005224,0.007457,0.000003,0.000000,0.000000
6.230000,0.010376,0.003238,0.003558,0.000007,0.000000,0.000000
6.050000,0.001536,0.001244,0.003509,0.000006,0.000000,0.000000
6.410000,0.297059,0.017922,0.001608,0.000002,0.000000,0.000000
6.230000,0.022532,-0.001048,0.004825,0.000004,0.000000,0.000000
6.400000,0.004134,-0.000273,0.009260,0.000007,0.000000,0.000000
6.580000,0.009657,-0.001670,0.002193,0.000003,0.000000,0.000000
6.580000,0.011137,0.002199,0.004825,0.000003,0.000000,0.000000
6.050000,0.001630,-0.000307,0.002973,0.000001,0.000000,0.000000
6.580000,0.021400,-0.011607,0.018180,0.000008,0.000000,0.000000
6.400000,0.031833,0.016090,0.008627,0.000003,0.000000,0.000000
6.230000,0.013681,-0.005701,0.009504,0.000006,0.000000,0.000000
6.580000,0.018962,0.011505,0.019642,0.000003,0.000000,0.000000
6.040000,0.024085,0.016098,0.012965,0.000004,0.000000,0.000000
5.160000,0.008205,-0.002684,0.001218,0.000002,0.000000,0.000000
5.690000,0.014780,0.001594,0.004581,0.000002,0.000000,0.000000
5.690000,0.001451,-0.000886,0.002388,0.000019,0.000000,0.000000
5.160000,0.021869,0.009016,0.024662,0.000001,0.000000,0.000000
6.580000,0.014994,-0.009962,0.013403,0.000006,0.000000,0.000000
5.870000,0.004715,0.002915,0.009017,0.000005,0.000000,0.000000
7.110000,0.023921,0.000665,0.002827,0.000015,0.000000,0.000000
5.340000,0.004090,-0.000912,0.005361,0.000005,0.000000,0.000000
5.870000,0.034709,-0.003298,0.015743,0.000001,0.000000,0.000000
6.760000,0.015563,0.004602,0.004386,0.000007,0.000000,0.000000
5.160000,0.011687,0.001014,0.035141,0.000003,0.000000,0.000000
6.580000,0.018202,-0.012587,0.018375,0.000011,0.000000,0.000000
5.690000,0.002614,0.002437,0.007067,0.000003,0.000000,0.000000
5.160000,0.004821,0.001832,0.008870,0.000006,0.000000,0.000000
6.940000,0.008512,-0.001875,0.004386,0.000002,0.000000,0.000000
5.340000,0.013988,0.000383,0.013354,0.000006,0.000000,0.000000
5.510000,0.005586,-0.000017,0.002973,0.000002,0.000000,0.000000
5.690000,0.000466,-0.000494,0.003217,0.000002,0.000000,0.000000
6.230000,0.006667,0.003826,0.004386,0.000004,0.000000,0.000000
5.700000,0.010908,-0.002318,0.003899,0.000005,0.000000,0.000000
5.870000,0.014023,-0.001696,0.002193,0.000007,0.000000,0.000000
6.050000,0.008555,0.002165,0.009114,0.000007,0.000000,0.000000
6.760000,0.014246,0.006562,0.004825,0.000011,0.000000,0.000000
5.700000,0.014667,0.002386,0.012233,0.000011,0.000000,0.000000
6.230000,0.022341,-0.000085,0.001608,0.000007,0.000000,0.000000
6.400000,0.028709,-0.013192,0.007896,0.000012,0.000000,0.000000
5.510000,0.007960,-0.010806,0.030462,0.000003,0.000000,0.000000
6.760000,0.016229,-0.003869,0.013354,0.000002,0.000000,0.000000
6.400000,0.009689,0.001398,0.002193,0.000003,0.000000,0.000000
5.690000,0.006415,-0.000511,0.011551,0.000001,0.000000,0.000000
7.120000,0.015000,0.000017,0.001950,0.000004,0.000000,0.000000
5.690000,0.007644,0.001193,0.006434,0.000009,0.000000,0.000000
5.690000,0.004806,0.002599,0.015304,0.000001,0.000000,0.000000
6.940000,0.013702,0.001875,0.004386,0.000008,0.000000,0.000000
6.050000,0.053070,-0.001227,0.015304,0.000002,0.000000,0.000000
6.580000,0.004143,-0.000375,0.003168,0.000003,0.000000,0.000000
6.760000,0.003526,-0.000920,0.004045,0.000002,0.000000,0.000000
5.690000,0.009766,-0.003912,0.002583,0.000001,0.000000,0.000000
6.580000,0.016576,0.000580,0.001218,0.000006,0.000000,0.000000
6.230000,0.004579,0.001824,0.040794,0.000003,0.000000,0.000000
6.050000,0.010793,-0.000486,0.004143,0.000007,0.000000,0.000000
6.410000,0.013958,0.007218,0.023102,0.000004,0.000000,0.000000
5.690000,0.005391,-0.002309,0.004045,0.000017,0.000000,0.000000
6.580000,0.005437,0.004295,0.012623,0.000003,0.000000,0.000000
7.290000,0.006010,-0.002974,0.004143,0.000003,0.000000,0.000000
5.160000,0.003856,0.000580,0.005849,0.000005,0.000000,0.000000
6.220000,0.007166,0.001756,0.000829,0.000004,0.000000,0.000000
6.050000,0.014004,-0.001721,0.012672,0.000005,0.000000,0.000000
6.410000,0.006773,0.003579,0.003314,0.000010,0.000000,0.000000
6.400000,0.003365,-0.001508,0.001218,0.000010,0.000000,0.000000
6.410000,0.010189,0.006417,0.005313,0.000014,0.000000,0.000000
5.870000,0.000915,-0.000051,0.000390,0.000013,0.000000,0.000000
6.760000,0.017096,-0.002199,0.005166,0.000011,0.000000,0.000000
7.290000,0.008005,0.003238,0.007555,0.000001,0.000000,0.000000
6.580000,0.012265,0.004534,0.008822,0.000007,0.000000,0.000000
6.400000,0.031698,0.001756,0.009845,0.000010,0.000000,0.000000
7.120000,0.027993,0.012545,0.014573,0.000014,0.000000,0.000000
6.230000,0.001642,-0.001389,0.004386,0.000003,0.000000,0.000000
5.870000,0.019178,0.001372,0.008432,0.000010,0.000000,0.000000
6.230000,0.012363,-0.001355,0.000877,0.000009,0.000000,0.000000
6.050000,0.031550,0.000145,0.005605,0.000008,0.000000,0.000000
6.400000,0.003633,-0.001773,0.016571,0.000018,0.000000,0.000000
5.330000,0.051865,-0.008028,0.007457,0.000006,0.000000,0.000000
5.510000,0.387669,0.055939,0.011064,0.000003,0.000000,0.000000
5.150000,0.009276,-0.004704,0.010528,0.000005,0.000000,0.000000
6.580000,0.009854,0.003613,0.005849,0.000002,0.000000,0.000000
6.040000,0.001790,-0.000835,0.005361,0.000010,0.000000,0.000000
5.690000,0.030690,-0.001875,0.002632,0.000004,0.000000,0.000000
6.580000,0.016679,0.012851,0.010625,0.000004,0.000000,0.000000
5.870000,0.002648,0.001653,0.003363,0.000008,0.000000,0.000000
5.870000,0.002076,0.000545,0.003363,0.000004,0.000000,0.000000
6.940000,0.015821,0.001295,0.001657,0.000007,0.000000,0.000000
7.470000,0.001547,0.001048,0.014914,0.000004,0.000000,0.000000
5.870000,0.001600,0.002497,0.007896,0.000008,0.000000,0.000000
5.160000,0.002703,0.000588,0.004825,0.000006,0.000000,0.000000
6.050000,0.013366,-0.000980,0.006336,0.000007,0.000000,0.000000
6.050000,0.007339,0.000034,0.011795,0.000004,0.000000,0.000000
5.870000,0.010964,0.004738,0.009796,0.000006,0.000000,0.000000
6.930000,0.001790,-0.001364,0.011844,0.000007,0.000000,0.000000
6.230000,0.013925,0.004108,0.010771,0.000001,0.000000,0.000000
5.510000,0.009854,0.002608,0.006531,0.000013,0.000000,0.000000
5.870000,0.005761,-0.002011,0.021153,0.000008,0.000000,0.000000
6.400000,0.010692,-0.004159,0.011064,0.000005,0.000000,0.000000
6.220000,0.013937,0.002148,0.021494,0.000001,0.000000,0.000000
6.240000,0.000796,-0.000972,0.011502,0.000004,0.000000,0.000000
6.410000,0.004640,0.001739,0.006336,0.000003,0.000000,0.000000
6.400000,0.008908,0.000290,0.038699,0.000005,0.000000,0.000000
4.800000,0.024530,0.004525,0.007847,0.000003,0.000000,0.000000
6.040000,0.031082,-0.011684,0.008286,0.000005,0.000000,0.000000
6.590000,0.013217,0.004150,0.005166,0.000022,0.000000,0.000000
5.340000,0.005826,0.004713,0.011405,0.000006,0.000000,0.000000
6.760000,0.017066,-0.007159,0.007457,0.000004,0.000000,0.000000
6.230000,0.002219,-0.003562,0.013891,0.000008,0.000000,0.000000
6.230000,0.017171,0.002096,0.005215,0.000001,0.000000,0.000000
6.940000,0.011081,0.009102,0.025247,0.000004,0.000000,0.000000
6.580000,0.011118,-0.000614,0.000877,0.000003,0.000000,0.000000
6.940000,0.007577,0.001798,0.001852,0.000002,0.000000,0.000000
6.050000,0.009730,0.000085,0.009553,0.000001,0.000000,0.000000
6.230000,0.009778,-0.008096,0.012185,0.000005,0.000000,0.000000
6.940000,0.009277,-0.001636,0.004338,0.000010,0.000000,0.000000
6.040000,0.018105,0.000000,0.000000,0.000010,0.000000,0.000000
6.770000,0.010473,-0.009698,0.010625,0.000011,0.000000,0.000000
6.050000,0.008640,-0.004167,0.016620,0.000008,0.000000,0.000000
5.870000,0.017637,0.002863,0.000634,0.000004,0.000000,0.000000
5.870000,0.014926,0.006928,0.018180,0.000011,0.000000,0.000000
5.870000,0.011143,0.012306,0.014865,0.000005,0.000000,0.000000
6.580000,0.004961,-0.001491,0.006872,0.000002,0.000000,0.000000
4.980000,0.009462,-0.000068,0.008334,0.000004,0.000000,0.000000
5.690000,0.004414,0.000614,0.001852,0.000010,0.000000,0.000000
5.870000,0.011812,0.017709,0.033142,0.000002,0.000000,0.000000
6.580000,0.006297,-0.003366,0.016133,0.000007,0.000000,0.000000
5.520000,0.004090,-0.001491,0.003753,0.000002,0.000000,0.000000
4.980000,0.010309,0.000017,0.003217,0.000002,0.000000,0.000000
5.690000,0.000258,-0.000631,0.004923,0.000001,0.000000,0.000000
5.690000,0.007656,-0.004951,0.004923,0.000007,0.000000,0.000000
5.510000,0.012651,0.003545,0.001560,0.000008,0.000000,0.000000
6.050000,0.013700,-0.002787,0.007555,0.000001,0.000000,0.000000
6.400000,0.003888,-0.000665,0.000634,0.000003,0.000000,0.000000
5.690000,0.004221,-0.004022,0.015304,0.000002,0.000000,0.000000
5.340000,0.002846,0.000520,0.002973,0.000004,0.000000,0.000000
6.220000,0.006880,0.003707,0.008432,0.000002,0.000000,0.000000
6.050000,0.031143,-0.002625,0.032021,0.000003,0.000000,0.000000
5.690000,0.010487,0.002361,0.006531,0.000002,0.000000,0.000000
7.470000,0.009790,-0.003971,0.007652,0.000003,0.000000,0.000000
5.690000,0.000948,0.000205,0.000585,0.000010,0.000000,0.000000
6.050000,0.006415,0.001619,0.001413,0.000006,0.000000,0.000000
6.580000,0.004062,0.000179,0.009114,0.000004,0.000000,0.000000
6.410000,0.015146,-0.000068,0.000195,0.000009,0.000000,0.000000
6.230000,0.015943,-0.001483,0.004825,0.000003,0.000000,0.000000
7.110000,0.029108,0.002787,0.004338,0.000009,0.000000,0.000000
6.410000,0.029656,0.005446,0.001852,0.000006,0.000000,0.000000
5.880000,0.031751,0.016073,0.009455,0.000019,0.000000,0.000000
6.040000,0.006589,0.004014,0.008432,0.000004,0.000000,0.000000
5.870000,0.009173,0.000946,0.001413,0.000003,0.000000,0.000000
6.940000,0.007935,0.009698,0.021494,0.000009,0.000000,0.000000
5.880000,0.002894,0.001773,0.074765,0.000004,0.000000,0.000000
6.940000,0.002332,-0.003153,0.009260,0.000003,0.000000,0.000000
5.510000,0.243923,-0.036023,0.011941,0.000012,0.000000,0.000000
5.880000,0.004444,-0.003929,0.008676,0.000007,0.000000,0.000000
6.760000,0.002030,-0.003861,0.021884,0.000014,0.000000,0.000000
5.870000,0.011711,0.003545,0.005215,0.000008,0.000000,0.000000
5.870000,0.100389,-0.021672,0.005361,0.000006,0.000000,0.000000
5.690000,0.006852,0.003000,0.016766,0.000001,0.000000,0.000000
6.050000,0.014330,0.001432,0.003022,0.000001,0.000000,0.000000
6.940000,0.016163,0.007840,0.008383,0.000015,0.000000,0.000000
6.050000,0.001135,-0.000409,0.016474,0.000009,0.000000,0.000000
6.580000,0.002466,0.000315,0.001413,0.000013,0.000000,0.000000
5.700000,0.001416,0.000085,0.019154,0.000000,0.000000,0.000000
5.690000,0.011687,-0.004074,0.007555,0.000010,0.000000,0.000000
5.690000,0.012927,-0.010013,0.022712,0.000006,0.000000,0.000000
6.050000,0.034060,-0.002062,0.005313,0.000002,0.000000,0.000000
5.870000,0.007607,-0.004576,0.017302,0.000003,0.000000,0.000000
5.510000,0.031736,-0.004312,0.031388,0.000003,0.000000,0.000000
5.870000,0.016704,-0.018152,0.038065,0.000010,0.000000,0.000000
5.330000,0.015000,-0.000085,0.000195,0.000005,0.000000,0.000000
6.940000,0.031355,-0.010022,0.028074,0.000006,0.000000,0.000000
6.580000,0.003397,0.001994,0.018472,0.000005,0.000000,0.000000
5.690000,0.011137,-0.000068,0.002534,0.000002,0.000000,0.000000
6.220000,0.006852,-0.000409,0.007457,0.000011,0.000000,0.000000
6.220000,0.004579,0.000136,0.005069,0.000002,0.000000,0.000000
6.580000,0.015132,-0.004227,0.004581,0.000004,0.000000,0.000000
6.220000,0.014982,0.002488,0.002876,0.000006,0.000000,0.000000
6.220000,0.001331,-0.000443,0.002973,0.000006,0.000000,0.000000
5.870000,0.009544,0.002011,0.001218,0.000003,0.000000,0.000000
6.050000,0.005358,-0.001994,0.016230,0.000004,0.000000,0.000000
6.930000,0.008546,0.001790,0.002827,0.000014,0.000000,0.000000
6.400000,0.016806,0.000383,0.002096,0.000010,0.000000,0.000000
6.400000,0.007577,0.000094,0.011210,0.000005,0.000000,0.000000
6.590000,0.004938,0.001764,0.007067,0.000012,0.000000,0.000000
5.690000,0.028415,-0.002292,0.004581,0.000003,0.000000,0.000000
6.770000,0.006296,0.001108,0.010771,0.000005,0.000000,0.000000
6.580000,0.007875,-0.005710,0.004533,0.000009,0.000000,0.000000
5.870000,0.010501,-0.002148,0.004143,0.000007,0.000000,0.000000
6.580000,0.001667,0.000588,0.002437,0.000006,0.000000,0.000000
6.580000,0.014177,0.000409,0.005654,0.000008,0.000000,0.000000
5.870000,0.004791,-0.005514,0.011161,0.000004,0.000000,0.000000
6.760000,0.051494,-0.000699,0.013111,0.000010,0.000000,0.000000
6.230000,0.016463,0.001926,0.004923,0.000012,0.000000,0.000000
6.230000,0.008251,-0.006340,0.013939,0.000001,0.000000,0.000000
5.870000,0.026031,-0.001508,0.002973,0.000004,0.000000,0.000000
5.690000,0.001590,-0.001645,0.016035,0.000007,0.000000,0.000000
6.050000,0.003913,-0.001824,0.001170,0.000005,0.000000,0.000000
6.230000,0.006166,-0.004099,0.018228,0.000000,0.000000,0.000000
5.690000,0.015254,0.005650,0.007555,0.000003,0.000000,0.000000
6.400000,0.001630,0.004227,0.029487,0.000003,0.000000,0.000000
5.160000,0.029527,0.001508,0.002778,0.000004,0.000000,0.000000
6.580000,0.010504,-0.001917,0.005946,0.000001,0.000000,0.000000
6.770000,0.005993,0.004900,0.013403,0.000002,0.000000,0.000000
5.520000,0.020733,0.001790,0.002193,0.000010,0.000000,0.000000
5.870000,0.011367,0.002148,0.033922,0.000003,0.000000,0.000000
6.760000,0.007410,0.003545,0.009212,0.000002,0.000000,0.000000
6.050000,0.016554,0.001074,0.006336,0.000005,0.000000,0.000000
6.230000,0.011936,-0.003170,0.010528,0.000005,0.000000,0.000000
5.690000,0.015043,-0.009033,0.023151,0.000011,0.000000,0.000000
6.760000,0.028560,0.004210,0.003753,0.000011,0.000000,0.000000
6.050000,0.005785,-0.002301,0.007311,0.000010,0.000000,0.000000
6.410000,0.016919,-0.001858,0.030072,0.000009,0.000000,0.000000
6.580000,0.005193,-0.001687,0.010235,0.000005,0.000000,0.000000
5.870000,0.009964,-0.000307,0.000780,0.000005,0.000000,0.000000
5.870000,0.003149,-0.001909,0.007555,0.000003,0.000000,0.000000
6.940000,0.014672,0.005207,0.003022,0.000002,0.000000,0.000000
5.870000,0.010796,-0.003230,0.005215,0.000014,0.000000,0.000000
5.520000,0.011829,0.001270,0.005361,0.000005,0.000000,0.000000
5.870000,0.005195,-0.003741,0.009650,0.000007,0.000000,0.000000
5.870000,0.006941,-0.006519,0.014914,0.000005,0.000000,0.000000
7.290000,0.011286,-0.002267,0.005507,0.000002,0.000000,0.000000
5.690000,0.027856,0.007244,0.016425,0.000005,0.000000,0.000000
6.050000,0.015271,0.000205,0.000877,0.000006,0.000000,0.000000
4.800000,0.015885,-0.000750,0.000634,0.000009,0.000000,0.000000
5.870000,0.003912,-0.001312,0.012672,0.000009,0.000000,0.000000
6.950000,0.008218,0.004270,0.007067,0.000003,0.000000,0.000000
5.160000,0.026490,0.000256,0.006092,0.000004,0.000000,0.000000
6.040000,0.045486,-0.009195,0.005946,0.000004,0.000000,0.000000
5.700000,0.009969,0.010150,0.015889,0.000004,0.000000,0.000000
5.520000,0.017603,-0.007815,0.010625,0.000011,0.000000,0.000000
5.690000,0.001617,-0.000102,0.002778,0.000003,0.000000,0.000000
6.220000,0.002076,-0.000920,0.003997,0.000003,0.000000,0.000000
5.520000,0.015230,0.000963,0.001072,0.000002,0.000000,0.000000
6.940000,0.262456,-0.006051,0.006336,0.000004,0.000000,0.000000
6.050000,0.004062,-0.007747,0.038504,0.000007,0.000000,0.000000
6.400000,0.019379,0.000946,0.009845,0.000002,0.000000,0.000000
6.220000,0.004120,-0.000307,0.001170,0.000004,0.000000,0.000000
6.050000,0.007577,0.003912,0.005995,0.000006,0.000000,0.000000
5.160000,0.043406,0.001210,0.037285,0.000003,0.000000,0.000000
6.760000,0.011876,-0.001065,0.006531,0.000009,0.000000,0.000000
6.580000,0.023744,-0.009477,0.010333,0.000009,0.000000,0.000000
6.940000,0.010702,-0.000818,0.001852,0.000001,0.000000,0.000000
6.230000,0.003920,0.005548,0.011941,0.000006,0.000000,0.000000
5.690000,0.020926,0.002275,0.003558,0.000016,0.000000,0.000000
7.110000,0.013013,-0.007082,0.009017,0.000008,0.000000,0.000000
5.870000,0.006083,-0.000554,0.020129,0.000005,0.000000,0.000000
6.050000,0.014029,0.000239,0.002437,0.000006,0.000000,0.000000
6.220000,0.006129,0.002267,0.005313,0.000008,0.000000,0.000000
6.580000,0.005670,0.004858,0.013793,0.000003,0.000000,0.000000
6.230000,0.016502,-0.018084,0.037090,0.000006,0.000000,0.000000
6.410000,0.007990,-0.008019,0.016035,0.000003,0.000000,0.000000
5.870000,0.025377,0.016661,0.017643,0.000007,0.000000,0.000000
6.230000,0.024740,0.006017,0.011064,0.000002,0.000000,0.000000
6.230000,0.008635,-0.009408,0.032411,0.000004,0.000000,0.000000
6.410000,0.012106,-0.003690,0.006677,0.000002,0.000000,0.000000
6.750000,0.002250,0.001406,0.037334,0.000003,0.000000,0.000000
5.160000,0.026849,0.002872,0.007116,0.000010,0.000000,0.000000
5.520000,0.006710,-0.012749,0.033337,0.000009,0.000000,0.000000
6.750000,0.001259,-0.000290,0.001413,0.000007,0.000000,0.000000
5.690000,0.007835,0.003153,0.003802,0.000006,0.000000,0.000000
6.580000,0.023331,0.002309,0.001852,0.000005,0.000000,0.000000
6.220000,0.004789,-0.003912,0.007896,0.000008,0.000000,0.000000
5.870000,0.008149,0.004176,0.005751,0.000002,0.000000,0.000000
6.580000,0.004561,-0.001483,0.001998,0.000007,0.000000,0.000000
6.230000,0.011538,-0.005889,0.011844,0.000005,0.000000,0.000000
5.870000,0.035909,-0.001773,0.009504,0.000007,0.000000,0.000000
6.220000,0.005917,-0.001730,0.002437,0.000002,0.000000,0.000000
6.230000,0.005624,0.000767,0.005069,0.000005,0.000000,0.000000
5.870000,0.006852,0.000273,0.007993,0.000011,0.000000,0.000000
6.760000,0.009350,0.000937,0.007993,0.000003,0.000000,0.000000
6.940000,0.021353,0.001611,0.002388,0.000003,0.000000,0.000000
6.050000,0.018859,-0.008863,0.022127,0.000010,0.000000,0.000000
6.400000,0.000250,0.001381,0.012380,0.000006,0.000000,0.000000
6.770000,0.009313,0.003912,0.003948,0.000006,0.000000,0.000000
5.690000,0.007769,-0.000954,0.003753,0.000007,0.000000,0.000000
7.120000,0.009385,0.003221,0.003704,0.000000,0.000000,0.000000
5.690000,0.007126,0.000187,0.001657,0.000008,0.000000,0.000000
5.690000,0.051244,0.000614,0.003363,0.000013,0.000000,0.000000
6.050000,0.031973,-0.009673,0.007311,0.000004,0.000000,0.000000
6.400000,0.015666,0.001926,0.006872,0.000002,0.000000,0.000000
6.050000,0.006206,-0.001483,0.002973,0.000012,0.000000,0.000000
5.690000,0.015654,-0.002318,0.000780,0.000004,0.000000,0.000000
6.410000,0.001617,0.001040,0.006726,0.000011,0.000000,0.000000
5.870000,0.010955,0.012800,0.029389,0.000000,0.000000,0.000000
5.870000,0.010893,-0.004193,0.002193,0.000005,0.000000,0.000000
5.150000,0.032285,-0.005573,0.005313,0.000010,0.000000,0.000000
6.410000,0.015818,-0.001943,0.002437,0.000002,0.000000,0.000000
6.050000,0.418976,-0.008778,0.006677,0.000010,0.000000,0.000000
6.760000,0.024930,0.000810,0.016815,0.000005,0.000000,0.000000
6.220000,0.026174,0.004159,0.007213,0.000001,0.000000,0.000000
6.050000,0.011893,0.006187,0.041233,0.000004,0.000000,0.000000
6.760000,0.025137,-0.001381,0.000439,0.000002,0.000000,0.000000
6.760000,0.008251,0.004414,0.007457,0.000006,0.000000,0.000000
6.760000,0.008880,0.000861,0.013354,0.000005,0.000000,0.000000
5.520000,0.030988,0.006102,0.021250,0.000005,0.000000,0.000000
6.050000,0.020500,-0.000639,0.007262,0.000004,0.000000,0.000000
6.230000,0.015269,0.001943,0.000390,0.000006,0.000000,0.000000
6.760000,0.006698,0.000733,0.000195,0.000002,0.000000,0.000000
6.400000,0.003734,0.000852,0.003607,0.000010,0.000000,0.000000
6.220000,0.023852,-0.029239,0.039868,0.000009,0.000000,0.000000
6.050000,0.023420,0.011607,0.011405,0.000006,0.000000,0.000000
6.940000,0.008081,-0.004474,0.010040,0.000008,0.000000,0.000000
6.940000,0.004701,0.000145,0.057561,0.000011,0.000000,0.000000
6.590000,0.012973,0.016865,0.030462,0.000003,0.000000,0.000000
5.870000,0.006129,-0.004500,0.003802,0.000010,0.000000,0.000000
6.230000,0.004336,-0.000503,0.005313,0.000003,0.000000,0.000000
6.760000,0.015518,0.009502,0.026270,0.000002,0.000000,0.000000
7.120000,0.006405,0.000511,0.001218,0.000006,0.000000,0.000000
6.410000,0.004062,-0.002054,0.050396,0.000013,0.000000,0.000000
6.760000,0.020662,0.018825,0.034166,0.000003,0.000000,0.000000
5.520000,0.003709,0.000170,0.006092,0.000003,0.000000,0.000000
5.870000,0.011751,0.001338,0.009455,0.000002,0.000000,0.000000
6.410000,0.010815,0.004142,0.014719,0.000000,0.000000,0.000000
6.770000,0.004336,-0.001278,0.004338,0.000006,0.000000,0.000000
5.690000,0.022103,-0.004193,0.034166,0.000004,0.000000,0.000000
6.590000,0.000741,0.000954,0.013793,0.000003,0.000000,0.000000
4.980000,0.005989,-0.005326,0.006531,0.000009,0.000000,0.000000
6.410000,0.011770,0.010312,0.014232,0.000003,0.000000,0.000000
6.590000,0.002451,-0.002165,0.017254,0.000002,0.000000,0.000000
5.690000,0.004087,0.002463,0.016620,0.000011,0.000000,0.000000
6.220000,0.037922,0.009613,0.013891,0.000002,0.000000,0.000000
6.230000,0.010517,0.003963,0.017692,0.000003,0.000000,0.000000
6.040000,0.003217,0.000690,0.006336,0.000007,0.000000,0.000000
6.220000,0.002648,-0.002284,0.026563,0.000006,0.000000,0.000000
6.760000,0.011976,0.014317,0.019788,0.000003,0.000000,0.000000
5.870000,0.006548,0.000852,0.004143,0.000011,0.000000,0.000000
6.940000,0.017723,0.003017,0.000877,0.000006,0.000000,0.000000
5.700000,0.014748,-0.000793,0.003802,0.000004,0.000000,0.000000
6.230000,0.006661,-0.001304,0.008432,0.000006,0.000000,0.000000
6.750000,0.005969,-0.001278,0.002583,0.000006,0.000000,0.000000
5.160000,0.009595,-0.011735,0.023248,0.000004,0.000000,0.000000
7.290000,0.009568,-0.006153,0.007262,0.000008,0.000000,0.000000
5.870000,0.013591,-0.011011,0.021932,0.000001,0.000000,0.000000
4.980000,0.025582,-0.009016,0.018862,0.000002,0.000000,0.000000
7.120000,0.001153,-0.000477,0.005313,0.000005,0.000000,0.000000
5.870000,0.013722,-0.004866,0.012623,0.000005,0.000000,0.000000
6.410000,0.010930,0.004602,0.020422,0.000002,0.000000,0.000000
6.760000,0.010422,-0.009477,0.044304,0.000005,0.000000,0.000000
5.870000,0.004670,-0.001798,0.004338,0.000004,0.000000,0.000000
6.580000,0.009848,-0.002684,0.001413,0.000004,0.000000,0.000000
5.340000,0.026526,-0.000537,0.018228,0.000006,0.000000,0.000000
5.690000,0.004514,0.001739,0.002583,0.000005,0.000000,0.000000
6.760000,0.004692,-0.000733,0.004143,0.000002,0.000000,0.000000
6.940000,0.006931,-0.000614,0.001755,0.000011,0.000000,0.000000
6.930000,0.006442,-0.002957,0.009407,0.000007,0.000000,0.000000
6.400000,0.009766,0.004406,0.014865,0.000001,0.000000,0.000000
5.520000,0.008099,-0.003145,0.004533,0.000009,0.000000,0.000000
6.760000,0.008301,0.005028,0.014280,0.000007,0.000000,0.000000
6.050000,0.002934,0.001398,0.021884,0.000014,0.000000,0.000000
6.940000,0.024538,-0.011991,0.021494,0.000014,0.000000,0.000000
6.050000,0.008897,-0.002778,0.002876,0.000010,0.000000,0.000000
5.870000,0.009696,0.000861,0.005166,0.000019,0.000000,0.000000
5.870000,0.006779,-0.003085,0.005507,0.000010,0.000000,0.000000
7.290000,0.007674,-0.002318,0.001755,0.000002,0.000000,0.000000
6.050000,0.006966,-0.000017,0.006872,0.000003,0.000000,0.000000
6.580000,0.005826,-0.000460,0.005897,0.000003,0.000000,0.000000
5.340000,0.009742,-0.001219,0.006531,0.000001,0.000000,0.000000
6.050000,0.009952,-0.001611,0.003558,0.000007,0.000000,0.000000
7.300000,0.010782,0.001159,0.001657,0.000004,0.000000,0.000000
5.870000,0.001331,0.002710,0.042159,0.000003,0.000000,0.000000
6.760000,0.020625,-0.003784,0.001316,0.000005,0.000000,0.000000
5.870000,0.012180,-0.005667,0.018228,0.000010,0.000000,0.000000
6.050000,0.006415,-0.001815,0.002193,0.000005,0.000000,0.000000
6.580000,0.027350,0.001048,0.004386,0.000001,0.000000,0.000000
5.510000,0.012751,0.003835,0.007506,0.000012,0.000000,0.000000
6.050000,0.013033,0.001739,0.001560,0.000001,0.000000,0.000000
6.940000,0.001612,-0.000068,0.002534,0.000009,0.000000,0.000000
5.160000,0.004444,0.001483,0.007457,0.000007,0.000000,0.000000
6.400000,0.007816,0.007244,0.014719,0.000004,0.000000,0.000000
6.220000,0.009568,0.000136,0.003119,0.000007,0.000000,0.000000
6.750000,0.005223,0.001858,0.011405,0.000011,0.000000,0.000000
6.220000,0.034161,0.005591,0.014329,0.000005,0.000000,0.000000
6.400000,0.005756,0.006332,0.009845,0.000006,0.000000,0.000000
6.050000,0.010619,-0.007593,0.012721,0.000001,0.000000,0.000000
6.410000,0.021012,-0.005054,0.006092,0.000002,0.000000,0.000000
6.050000,0.010778,0.001602,0.000634,0.000031,0.000000,0.000000
5.340000,0.017348,-0.005778,0.007311,0.000001,0.000000,0.000000
5.690000,0.023563,0.000801,0.001413,0.000011,0.000000,0.000000
6.050000,0.015004,0.000929,0.011161,0.000004,0.000000,0.000000
5.690000,0.007984,-0.006008,0.030510,0.000002,0.000000,0.000000
6.940000,0.005685,-0.000332,0.011210,0.000005,0.000000,0.000000
7.470000,0.027992,0.000954,0.018569,0.000001,0.000000,0.000000
5.690000,0.003755,-0.002898,0.024613,0.000005,0.000000,0.000000
5.870000,0.021006,0.001048,0.006775,0.000002,0.000000,0.000000
5.520000,0.005998,0.001704,0.022810,0.000011,0.000000,0.000000
6.230000,0.009438,0.008650,0.052735,0.000004,0.000000,0.000000
5.690000,0.001982,0.002463,0.006531,0.000008,0.000000,0.000000
6.940000,0.022401,-0.001108,0.002729,0.000004,0.000000,0.000000
6.230000,0.010923,0.003775,0.004386,0.000010,0.000000,0.000000
6.050000,0.002648,0.000750,0.015060,0.000008,0.000000,0.000000
5.330000,0.001010,0.000443,0.001852,0.000001,0.000000,0.000000
6.410000,0.070056,0.004031,0.013159,0.000008,0.000000,0.000000
6.580000,0.009088,0.004278,0.006434,0.000004,0.000000,0.000000
5.870000,0.005153,0.002565,0.003022,0.000008,0.000000,0.000000
5.870000,0.025317,0.007568,0.006239,0.000005,0.000000,0.000000
6.760000,0.023255,0.013814,0.032216,0.000002,0.000000,0.000000
6.050000,0.022238,-0.001935,0.003168,0.000008,0.000000,0.000000
5.510000,0.007217,0.002744,0.001950,0.000010,0.000000,0.000000
5.690000,0.013669,0.007363,0.010820,0.000010,0.000000,0.000000
5.870000,0.019076,-0.000844,0.043816,0.000010,0.000000,0.000000
6.050000,0.007737,-0.000119,0.010186,0.000009,0.000000,0.000000
5.520000,0.013711,-0.000895,0.016864,0.000002,0.000000,0.000000
6.760000,0.006674,0.002804,0.018228,0.000003,0.000000,0.000000
6.220000,0.009528,-0.001560,0.006482,0.000001,0.000000,0.000000
5.870000,0.008215,0.000750,0.002145,0.000001,0.000000,0.000000
5.870000,0.006530,0.004142,0.019983,0.000010,0.000000,0.000000
5.690000,0.013489,-0.017811,0.038114,0.000002,0.000000,0.000000
6.410000,0.003441,0.000222,0.001413,0.000001,0.000000,0.000000
6.040000,0.016749,-0.000051,0.003558,0.000005,0.000000,0.000000
5.870000,0.003669,-0.001875,0.022030,0.000012,0.000000,0.000000
6.400000,0.008658,-0.008377,0.020178,0.000006,0.000000,0.000000
5.870000,0.000724,-0.000733,0.008627,0.000013,0.000000,0.000000
6.230000,0.004110,-0.001900,0.006385,0.000007,0.000000,0.000000
6.050000,0.039820,0.000213,0.002437,0.000019,0.000000,0.000000
5.870000,0.021350,0.001074,0.006336,0.000028,0.000000,0.000000
6.220000,0.011429,0.004738,0.002876,0.000003,0.000000,0.000000
6.770000,0.012834,0.003238,0.003753,0.000004,0.000000,0.000000
5.880000,0.004001,0.001517,0.028707,0.000004,0.000000,0.000000
5.160000,0.011267,-0.003818,0.005605,0.000002,0.000000,0.000000
6.220000,0.008233,0.002625,0.029292,0.000017,0.000000,0.000000
6.040000,0.005051,0.008624,0.018764,0.000001,0.000000,0.000000
6.410000,0.003633,0.000511,0.001218,0.000002,0.000000,0.000000
5.870000,0.004537,0.000767,0.000439,0.000013,0.000000,0.000000
6.230000,0.021425,0.005207,0.018764,0.000021,0.000000,0.000000
6.050000,0.027068,0.006017,0.018228,0.000012,0.000000,0.000000
6.400000,0.010142,0.006724,0.008091,0.000009,0.000000,0.000000
6.220000,0.001755,0.001295,0.006482,0.000005,0.000000,0.000000
5.690000,0.007483,0.001875,0.002193,0.000004,0.000000,0.000000
5.870000,0.005297,-0.003511,0.015986,0.000007,0.000000,0.000000
5.870000,0.015488,0.013150,0.022371,0.000000,0.000000,0.000000
4.980000,0.003970,0.000784,0.020178,0.000008,0.000000,0.000000
6.770000,0.009319,-0.001227,0.007018,0.000003,0.000000,0.000000
5.690000,0.004388,0.001483,0.000829,0.000007,0.000000,0.000000
6.050000,0.006674,-0.003204,0.007555,0.000007,0.000000,0.000000
5.690000,0.031634,-0.006622,0.006531,0.000002,0.000000,0.000000
5.690000,0.010692,-0.002642,0.005654,0.000004,0.000000,0.000000
6.580000,0.034519,-0.012459,0.009017,0.000001,0.000000,0.000000
6.580000,0.009814,0.001006,0.014865,0.000011,0.000000,0.000000
5.330000,0.023532,-0.001670,0.004776,0.000002,0.000000,0.000000
7.120000,0.014514,-0.001935,0.000634,0.000011,0.000000,0.000000
5.870000,0.002381,-0.002650,0.005507,0.000005,0.000000,0.000000
5.690000,0.005582,0.004968,0.019008,0.000010,0.000000,0.000000
6.760000,0.008881,0.001295,0.010771,0.000019,0.000000,0.000000
5.870000,0.013418,-0.006272,0.006872,0.000004,0.000000,0.000000
6.230000,0.005737,-0.001696,0.002437,0.000002,0.000000,0.000000
6.400000,0.003506,0.001031,0.005605,0.000000,0.000000,0.000000
4.980000,0.004067,-0.000239,0.017059,0.000009,0.000000,0.000000
6.580000,0.016294,0.000801,0.000195,0.000011,0.000000,0.000000
5.870000,0.007991,-0.003136,0.005605,0.000007,0.000000,0.000000
6.050000,0.029948,0.002574,0.000975,0.000009,0.000000,0.000000
5.510000,0.007813,-0.004423,0.007067,0.000004,0.000000,0.000000
6.400000,0.008516,0.006059,0.006141,0.000002,0.000000,0.000000
6.220000,0.005001,0.000068,0.009212,0.000006,0.000000,0.000000
5.870000,0.023417,-0.006221,0.002534,0.000007,0.000000,0.000000
6.230000,0.004007,-0.002880,0.002778,0.000009,0.000000,0.000000
6.580000,0.019981,-0.000273,0.000390,0.000007,0.000000,0.000000
6.230000,0.028408,-0.000614,0.015986,0.000001,0.000000,0.000000
7.290000,0.015779,-0.013260,0.017351,0.000012,0.000000,0.000000
6.580000,0.012852,-0.007644,0.016669,0.000015,0.000000,0.000000
6.230000,0.017644,-0.006647,0.008237,0.000003,0.000000,0.000000
5.870000,0.006169,-0.002096,0.001657,0.000005,0.000000,0.000000
6.410000,0.012018,-0.005505,0.005313,0.000007,0.000000,0.000000
6.230000,0.004792,0.001040,0.015060,0.000005,0.000000,0.000000
6.400000,0.001903,-0.000818,0.001413,0.000003,0.000000,0.000000
5.870000,0.005779,0.004372,0.020178,0.000004,0.000000,0.000000
7.120000,0.001511,-0.001696,0.010771,0.000005,0.000000,0.000000
6.050000,0.004885,-0.005198,0.044547,0.000011,0.000000,0.000000
6.400000,0.006367,0.000767,0.000439,0.000005,0.000000,0.000000
5.870000,0.029804,0.007167,0.036554,0.000006,0.000000,0.000000
6.220000,0.019066,0.010508,0.010966,0.000005,0.000000,0.000000
6.230000,0.011407,0.000247,0.033581,0.000006,0.000000,0.000000
6.940000,0.013009,0.003596,0.001413,0.000004,0.000000,0.000000
6.400000,0.015324,-0.000528,0.009065,0.000006,0.000000,0.000000
6.050000,0.010176,-0.000869,0.005605,0.000005,0.000000,0.000000
6.050000,0.003387,0.000545,0.001413,0.000005,0.000000,0.000000
6.760000,0.025202,-0.002932,0.011551,0.000004,0.000000,0.000000
5.690000,0.003196,0.000034,0.004581,0.000002,0.000000,0.000000
6.580000,0.008042,-0.002327,0.002632,0.000010,0.000000,0.000000
6.050000,0.007764,-0.006835,0.011746,0.000002,0.000000,0.000000
6.400000,0.018145,0.001150,0.019593,0.000003,0.000000,0.000000
6.400000,0.013581,0.000332,0.001218,0.000003,0.000000,0.000000
5.870000,0.004791,-0.003878,0.013159,0.000005,0.000000,0.000000
6.760000,0.014156,-0.002292,0.011746,0.000002,0.000000,0.000000
5.870000,0.010934,-0.003937,0.009748,0.000000,0.000000,0.000000
6.230000,0.014482,0.011172,0.010625,0.000002,0.000000,0.000000
6.400000,0.003849,-0.001031,0.001218,0.000003,0.000000,0.000000
6.580000,0.000250,0.000119,0.001657,0.000005,0.000000,0.000000
5.340000,0.016613,0.015186,0.015353,0.000003,0.000000,0.000000
6.050000,0.006129,-0.002991,0.004386,0.000007,0.000000,0.000000
5.870000,0.014873,0.015272,0.019983,0.000002,0.000000,0.000000
5.690000,0.005873,0.008437,0.020714,0.000003,0.000000,0.000000
5.330000,0.006297,-0.004440,0.015694,0.000006,0.000000,0.000000
7.480000,0.021847,-0.010772,0.020665,0.000001,0.000000,0.000000
6.050000,0.005470,0.000170,0.003753,0.000002,0.000000,0.000000
5.510000,0.017191,0.005752,0.007896,0.000012,0.000000,0.000000
5.870000,0.008258,0.003349,0.015450,0.000002,0.000000,0.000000
6.050000,0.004674,-0.001926,0.010771,0.000005,0.000000,0.000000
6.940000,0.018008,0.019950,0.027830,0.000004,0.000000,0.000000
6.400000,0.006965,0.002761,0.004289,0.000002,0.000000,0.000000
5.690000,0.022879,0.007295,0.003607,0.000004,0.000000,0.000000
5.870000,0.010286,0.004602,0.004045,0.000005,0.000000,0.000000
5.870000,0.003102,-0.001619,0.008724,0.000008,0.000000,0.000000
6.410000,0.003193,0.002122,0.052102,0.000009,0.000000,0.000000
6.760000,0.008692,-0.002480,0.005313,0.000012,0.000000,0.000000
6.580000,0.008704,-0.000750,0.005507,0.000009,0.000000,0.000000
6.760000,0.001398,-0.001236,0.007457,0.000005,0.000000,0.000000
6.410000,0.003220,0.000162,0.000634,0.000002,0.000000,0.000000
6.050000,0.008897,-0.002446,0.002973,0.000001,0.000000,0.000000
5.870000,0.022259,0.003341,0.029292,0.000002,0.000000,0.000000
6.220000,0.016667,0.006911,0.010186,0.000003,0.000000,0.000000
6.760000,0.003804,-0.000580,0.001950,0.000008,0.000000,0.000000
5.520000,0.017542,0.005778,0.006336,0.000008,0.000000,0.000000
6.760000,0.020836,0.000034,0.000195,0.000001,0.000000,0.000000
6.400000,0.024825,-0.000511,0.002437,0.000001,0.000000,0.000000
6.580000,0.003567,0.002557,0.045620,0.000008,0.000000,0.000000
5.160000,0.002643,0.000196,0.005166,0.000001,0.000000,0.000000
6.410000,0.004287,-0.000545,0.004338,0.000002,0.000000,0.000000
6.220000,0.005862,-0.001159,0.001413,0.000002,0.000000,0.000000
6.050000,0.013299,0.003988,0.005849,0.000004,0.000000,0.000000
6.050000,0.003804,0.000835,0.006628,0.000006,0.000000,0.000000
6.230000,0.002934,0.002591,0.007555,0.000005,0.000000,0.000000
5.690000,0.009389,0.000972,0.002973,0.000005,0.000000,0.000000
6.400000,0.011803,0.001560,0.000634,0.000002,0.000000,0.000000
5.520000,0.014573,0.003852,0.016133,0.000003,0.000000,0.000000
6.050000,0.004078,-0.000102,0.012136,0.000003,0.000000,0.000000
6.230000,0.010911,-0.000929,0.000634,0.000001,0.000000,0.000000
5.870000,0.026873,0.004355,0.001852,0.000003,0.000000,0.000000
5.690000,0.002934,-0.001227,0.000975,0.000009,0.000000,0.000000
4.980000,0.008759,-0.003349,0.006531,0.000009,0.000000,0.000000
6.050000,0.025648,0.008301,0.003948,0.000017,0.000000,0.000000
6.050000,0.017622,-0.002838,0.002388,0.000002,0.000000,0.000000
6.050000,0.025697,0.004772,0.002388,0.000003,0.000000,0.000000
7.120000,0.014201,-0.002378,0.004386,0.000007,0.000000,0.000000
6.940000,0.005437,-0.001687,0.009017,0.000005,0.000000,0.000000
5.870000,0.029816,0.005292,0.016230,0.000005,0.000000,0.000000
6.050000,0.003697,0.001551,0.007896,0.000010,0.000000,0.000000
5.870000,0.006852,-0.000494,0.000634,0.000012,0.000000,0.000000
6.400000,0.004120,-0.001006,0.010040,0.000004,0.000000,0.000000
6.230000,0.007953,0.000136,0.012672,0.000002,0.000000,0.000000
6.230000,0.023493,0.000733,0.006628,0.000007,0.000000,0.000000
6.410000,0.020278,0.002506,0.008822,0.000005,0.000000,0.000000
5.690000,0.010960,-0.007491,0.006482,0.000007,0.000000,0.000000
6.050000,0.034638,0.001406,0.018228,0.000004,0.000000,0.000000
6.230000,0.079027,-0.000426,0.005605,0.000002,0.000000,0.000000
6.760000,0.013484,0.004048,0.011844,0.000002,0.000000,0.000000
62.860001,0.883111,-0.019695,0.018764,7.146659,0.000000,0.000000
13.300000,1.536247,0.129724,0.029048,0.132905,2.271345,80.272781
19.850000,1.781431,-0.102683,0.181747,2.523447,-0.869192,0.712805
12.970000,0.929697,0.560414,0.528231,1.000734,3.697971,17.820120
21.860001,1.476554,-0.105538,0.023882,2.103972,-0.076156,0.010966
18.660000,2.028642,-0.037906,0.041477,1.870508,0.584835,0.888264
65.379997,146.291977,50.011093,18.137165,1.972651,0.072859,0.010966
68.599998,253.849854,89.652718,34.267944,1.389111,2.542652,5.329587
10.310000,0.633511,3.195436,23.739201,0.403389,0.786312,9.387091
9.960000,1.715110,-4.519943,20.266855,0.756852,0.237940,0.975994
8.360000,0.712484,-1.865789,30.314697,0.265588,0.745521,6.294614
11.370000,0.352751,1.911468,26.690771,0.492706,0.131336,0.054831
9.070000,5.131279,5.460111,7.186534,0.452815,0.000000,0.000000
9.780000,2.566358,2.637799,6.087133,0.458163,0.000000,0.000000
9.600000,1.934175,0.611496,0.347703,0.435714,0.000000,0.000000
9.600000,1.572104,0.040523,0.062873,0.413157,0.000000,0.000000
9.420000,1.375629,-0.421376,0.210844,0.390688,0.000000,0.000000
7.470000,1.210517,-0.015630,0.804580,0.384552,0.000000,0.000000
8.720000,1.414145,-0.552642,2.241107,0.377815,0.000000,0.000000
8.360000,4.962635,-1.683424,0.984621,0.369071,0.000000,0.000000
8.000000,5.012293,-2.642469,1.488726,0.360231,0.000000,0.000000
8.890000,3.682449,-0.974598,0.300865,0.353348,0.000000,0.000000
9.430000,6.633559,-0.016158,0.021543,0.346164,0.000000,0.000000
8.890000,6.969033,0.522005,0.049762,0.338302,0.000000,0.000000
9.960000,7.093915,0.220331,0.019301,0.331145,0.000000,0.000000
8.720000,6.870067,0.001551,0.003558,0.321985,0.000000,0.000000
9.610000,7.384510,-0.015621,0.000439,0.319964,0.000000,0.000000
10.140000,7.381703,0.024680,0.000195,0.311286,0.000000,0.000000
8.530000,6.866589,0.000000,0.000000,0.306346,0.000000,0.000000
9.070000,6.658473,-0.013550,0.000439,0.303036,0.000000,0.000000
9.070000,7.251184,-0.037506,0.000439,0.293849,0.000000,0.000000
8.890000,7.188291,-0.038861,0.000439,0.288341,0.000000,0.000000
9.250000,7.310053,-0.037531,0.000439,0.281614,0.000000,0.000000
8.000000,7.386163,0.000000,0.000000,0.275101,0.000000,0.000000
9.960000,7.335608,0.000000,0.000000,0.271013,0.000000,0.000000
8.180000,7.518524,0.000000,0.000000,0.265861,0.000000,0.000000
8.720000,6.402627,0.000000,0.000000,0.260312,0.000000,0.000000
9.430000,7.591954,-0.038375,0.000439,0.256621,0.000000,0.000000
8.890000,7.135251,0.000000,0.000000,0.249691,0.000000,0.000000
8.540000,6.889778,-0.059527,0.001218,0.246427,0.000000,0.000000
8.530000,7.533344,0.025021,0.000195,0.240685,0.000000,0.000000
8.710000,7.456258,0.000000,0.000000,0.235716,0.000000,0.000000
9.780000,7.386048,0.000000,0.000000,0.231546,0.000000,0.000000
9.430000,7.806977,-0.038375,0.000439,0.229261,0.000000,0.000000
8.890000,7.259239,-0.037531,0.000439,0.221975,0.000000,0.000000
8.180000,7.425081,0.000000,0.000000,0.220652,0.000000,0.000000
8.000000,7.791218,-0.016644,0.000439,0.218102,0.000000,0.000000
8.890000,7.752706,0.000000,0.000000,0.213882,0.000000,0.000000
8.540000,7.341921,-0.037531,0.000439,0.211202,0.000000,0.000000
8.710000,7.518670,-0.037506,0.000439,0.206653,0.000000,0.000000
8.890000,7.261679,0.000000,0.000000,0.205473,0.000000,0.000000
7.290000,7.287900,-0.062510,0.001218,0.200817,0.000000,0.000000
8.180000,8.606664,0.000000,0.000000,0.198418,0.000000,0.000000
8.360000,7.162161,0.000000,0.000000,0.196741,0.000000,0.000000
8.540000,7.835273,-0.037531,0.000439,0.193422,0.000000,0.000000
9.250000,7.569785,0.000000,0.000000,0.190403,0.000000,0.000000
8.890000,8.066609,0.000000,0.000000,0.188651,0.000000,0.000000
7.290000,7.791513,0.000000,0.000000,0.186534,-0.020252,0.010966
8.360000,7.572302,0.000000,0.000000,0.184738,0.000000,0.000000
8.360000,7.305188,0.000000,0.000000,0.183395,0.000000,0.000000
8.890000,7.464583,0.000000,0.000000,0.182370,0.000000,0.000000
6.580000,7.557025,-0.037531,0.000439,0.180208,0.000000,0.000000
7.470000,7.582317,-0.037046,0.000439,0.179359,0.000000,0.000000
8.720000,7.914390,0.000000,0.000000,0.179133,0.000000,0.000000
7.650000,7.806791,-0.037046,0.000439,0.178684,0.000000,0.000000
9.430000,6.909689,0.008982,0.000634,0.177252,0.000000,0.000000
7.470000,7.307175,0.000000,0.000000,0.175168,0.000000,0.000000
7.830000,7.487251,0.000000,0.000000,0.175905,0.000000,0.000000
8.000000,7.351907,0.000000,0.000000,0.175440,0.000000,0.000000
8.360000,7.661670,0.000000,0.000000,0.173243,0.000000,0.000000
8.180000,8.016619,-0.038861,0.000439,0.174137,0.000000,0.000000
8.360000,7.433984,0.000000,0.000000,0.174896,0.000000,0.000000
8.530000,7.475738,0.000000,0.000000,0.174202,0.000000,0.000000
7.470000,7.876579,0.025021,0.000195,0.172526,0.000000,0.000000
8.360000,7.868753,-0.038017,0.000439,0.173689,0.000000,0.000000
8.720000,7.853042,0.000000,0.000000,0.174872,0.000000,0.000000
8.000000,7.425081,0.000000,0.000000,0.175261,0.000000,0.000000
8.360000,7.781027,-0.054226,0.000877,0.174411,0.000000,0.000000
8.540000,7.933132,-0.038375,0.000439,0.179374,0.000000,0.000000
9.260000,7.762477,-0.037531,0.000439,0.178672,0.000000,0.000000
8.000000,7.605578,0.000000,0.000000,0.180459,0.000000,0.000000
7.650000,7.363392,-0.036534,0.000439,0.180352,0.000000,0.000000
7.480000,7.884296,0.000000,0.000000,0.181823,0.000000,0.000000
9.070000,7.744722,0.000000,0.000000,0.184905,0.000000,0.000000
8.720000,7.329985,-0.038375,0.000439,0.185449,0.000000,0.000000
8.360000,7.879768,0.025890,0.000195,0.186743,0.000000,0.000000
7.120000,8.021377,0.000000,0.000000,0.190367,0.000000,0.000000
8.000000,7.888536,-0.036202,0.000439,0.190419,0.029312,0.010966
8.720000,8.058764,0.000000,0.000000,0.191908,0.000000,0.000000
9.960000,7.929965,-0.038861,0.000439,0.197590,0.000000,0.000000
8.180000,7.653233,-0.038861,0.000439,0.196618,0.000000,0.000000
7.830000,7.884296,0.000000,0.000000,0.199740,0.000000,0.000000
8.540000,7.876579,0.000000,0.000000,0.202657,0.000000,0.000000
8.000000,7.659611,-0.062510,0.001218,0.203903,0.000000,0.000000
9.260000,7.645516,0.000000,0.000000,0.209393,0.000000,0.000000
7.480000,7.925931,0.026231,0.000195,0.210972,0.000000,0.000000
8.360000,7.484820,0.000000,0.000000,0.213795,0.000000,0.000000
8.540000,8.037947,-0.063958,0.001218,0.217046,0.000000,0.000000
8.180000,7.174024,0.000000,0.000000,0.220320,0.000000,0.000000
9.610000,8.281621,-0.064768,0.001218,0.223133,0.000000,0.000000
8.530000,7.830050,0.000000,0.000000,0.226174,0.000000,0.000000
8.360000,7.830050,-0.037531,0.000439,0.231086,0.000000,0.000000
8.710000,7.884728,0.000000,0.000000,0.235742,0.000000,0.000000
9.430000,7.522872,0.000000,0.000000,0.237515,0.000000,0.000000
9.420000,8.296172,0.000000,0.000000,0.242667,0.000000,0.000000
8.000000,8.107635,0.000000,0.000000,0.247749,0.000000,0.000000
9.420000,7.844989,0.000000,0.000000,0.251030,0.000000,0.000000
9.250000,7.841489,-0.038861,0.000439,0.255884,0.000000,0.000000
9.440000,8.208218,0.000000,0.000000,0.255156,0.000000,0.000000
9.780000,8.253948,0.000000,0.000000,0.259903,0.000000,0.000000
9.250000,7.848830,0.000000,0.000000,0.263986,0.000000,0.000000
9.250000,7.876579,0.000000,0.000000,0.267637,0.000000,0.000000
9.420000,8.260934,-0.038375,0.000439,0.274514,0.000000,0.000000
8.720000,7.918432,-0.038861,0.000439,0.276248,0.000000,0.000000
7.830000,7.806310,0.000000,0.000000,0.282367,0.000000,0.000000
9.780000,7.422511,0.000000,0.000000,0.284066,0.000000,0.000000
8.370000,7.976217,-0.038861,0.000439,0.286954,0.000000,0.000000
11.020000,7.740241,-0.037506,0.000439,0.292320,0.000000,0.000000
8.890000,8.986087,-0.041520,0.000439,0.297208,0.000000,0.000000
8.720000,8.731239,0.000000,0.000000,0.304119,0.000000,0.000000
9.250000,7.645516,0.000000,0.000000,0.307829,0.000000,0.000000
8.530000,8.205721,0.000000,0.000000,0.310154,0.000000,0.000000
10.500000,7.969016,-0.039347,0.000439,0.317019,0.000000,0.000000
9.960000,8.252256,-0.038835,0.000439,0.321886,0.000000,0.000000
7.990000,7.832155,0.000000,0.000000,0.329007,0.000000,0.000000
9.080000,7.549578,-0.063362,0.001218,0.334873,0.000000,0.000000
10.130000,8.752861,-0.039347,0.000439,0.336694,0.000000,0.000000
10.500000,8.195668,0.000000,0.000000,0.343781,0.000000,0.000000
10.320000,8.194242,0.000000,0.000000,0.348660,0.000000,0.000000
8.180000,8.321474,-0.038375,0.000439,0.354052,0.000000,0.000000
8.720000,8.088995,-0.066984,0.001218,0.361031,0.000000,0.000000
10.670000,7.721326,-0.064768,0.001218,0.368606,0.000000,0.000000
10.320000,8.495109,0.000000,0.000000,0.371247,0.000000,0.000000
11.020000,7.964675,-0.038043,0.000439,0.379155,0.000000,0.000000
9.600000,8.295600,0.000000,0.000000,0.382926,0.000000,0.000000
9.080000,8.021454,0.000000,0.000000,0.388160,0.000000,0.000000
11.910000,8.168623,-0.037531,0.000439,0.395139,0.000000,0.000000
9.600000,8.044704,0.000000,0.000000,0.403215,0.000000,0.000000
10.500000,8.638237,0.000000,0.000000,0.409400,0.000000,0.000000
10.500000,8.291499,0.000000,0.000000,0.415549,0.000000,0.000000
8.180000,8.485622,-0.040190,0.000439,0.420587,0.000000,0.000000
10.670000,9.368192,0.000000,0.000000,0.426285,0.000000,0.000000
9.960000,8.493564,-0.040190,0.000439,0.435488,0.000000,0.000000
10.310000,8.933346,-0.040676,0.000439,0.439925,0.000000,0.000000
10.850000,8.256785,0.000000,0.000000,0.446476,0.000000,0.000000
8.720000,7.713871,-0.036202,0.000439,0.455488,0.000000,0.000000
10.310000,8.392315,-0.038017,0.000439,0.461644,0.000000,0.000000
9.960000,7.991855,0.000000,0.000000,0.463076,0.000000,0.000000
9.420000,9.193686,-0.038861,0.000439,0.471713,0.000000,0.000000
10.840000,8.261219,0.025021,0.000195,0.480706,0.000000,0.000000
9.770000,8.682388,-0.040676,0.000439,0.487350,0.000000,0.000000
9.420000,8.066098,0.000000,0.000000,0.491007,0.000000,0.000000
10.310000,8.310348,-0.039705,0.000439,0.500900,0.000000,0.000000
8.530000,8.109430,-0.037506,0.000439,0.505555,0.000000,0.000000
10.500000,8.343533,-0.040190,0.000439,0.515033,0.000000,0.000000
10.500000,8.395760,0.000000,0.000000,0.524101,0.058177,0.010966
9.250000,8.502369,0.000000,0.000000,0.529850,0.000000,0.000000
12.270000,8.786385,-0.040190,0.000439,0.535746,0.000000,0.000000
9.780000,8.388895,0.000000,0.000000,0.543362,0.000000,0.000000
8.880000,8.762877,0.000000,0.000000,0.554668,0.000000,0.000000
12.630000,8.314316,-0.019763,0.000439,0.558005,0.000000,0.000000
9.430000,7.937030,-0.038375,0.000439,0.564705,0.000000,0.000000
12.800000,8.341473,0.000000,0.000000,0.573014,0.000000,0.000000
9.420000,8.270113,-0.038861,0.000439,0.577110,0.000000,0.000000
9.080000,8.672362,0.000000,0.000000,0.583556,0.000000,0.000000
12.620000,8.162841,0.025362,0.000195,0.591282,0.000000,0.000000
10.850000,8.303534,0.000000,0.000000,0.595414,0.000000,0.000000
13.340000,10.678141,-0.040676,0.000439,0.600005,0.000000,0.000000
10.500000,8.748452,-0.040190,0.000439,0.606269,0.000000,0.000000
9.420000,8.539060,0.000000,0.000000,0.614527,0.000000,0.000000
11.740000,8.638745,-0.038835,0.000439,0.620444,0.000000,0.000000
12.280000,8.339005,0.000000,0.000000,0.625727,0.000000,0.000000
11.370000,8.820086,0.000000,0.000000,0.629552,0.000000,0.000000
12.100000,8.882860,0.000000,0.000000,0.640029,0.000000,0.000000
8.720000,8.104436,-0.038861,0.000439,0.644337,0.000000,0.000000
11.020000,8.492746,-0.038861,0.000439,0.652442,0.000000,0.000000
11.910000,8.430141,0.000000,0.000000,0.657974,0.000000,0.000000
11.750000,8.116669,0.000000,0.000000,0.663215,0.000000,0.000000
13.330000,8.728221,-0.068381,0.001657,0.669503,0.000000,0.000000
10.320000,8.864032,0.000000,0.000000,0.671031,0.000000,0.000000
10.670000,8.575230,0.000000,0.000000,0.681412,0.000000,0.000000
13.510000,8.527725,0.000000,0.000000,0.687329,0.000000,0.000000
9.600000,9.081250,0.000000,0.000000,0.677755,0.062599,0.010966
13.340000,8.888929,-0.040676,0.000439,0.704002,0.000000,0.000000
11.380000,8.486539,0.000000,0.000000,0.705702,0.000000,0.000000
8.890000,8.677195,0.000000,0.000000,0.718682,0.000000,0.000000
12.090000,8.291517,0.000000,0.000000,0.720116,0.000000,0.000000
10.320000,8.398838,0.000000,0.000000,0.730043,0.000000,0.000000
11.200000,8.820086,0.000000,0.000000,0.736210,0.000000,0.000000
13.690000,9.421831,-0.042006,0.000439,0.746478,0.000000,0.000000
9.240000,9.020577,0.000000,0.000000,0.751598,0.000000,0.000000
12.450000,8.821885,-0.040676,0.000439,0.758364,0.000000,0.000000
14.060000,9.274298,0.012528,0.000195,0.765595,0.000000,0.000000
11.020000,8.438509,-0.040676,0.000439,0.772321,0.000000,0.000000
15.460000,8.952066,0.027646,0.000195,0.784722,0.000000,0.000000
11.020000,9.119354,0.000000,0.000000,0.788696,0.000000,0.000000
11.390000,8.525976,-0.041162,0.000439,0.791187,0.000000,0.000000
14.400000,8.484404,0.000000,0.000000,0.795246,0.000000,0.000000
10.140000,8.775431,0.000000,0.000000,0.804366,0.000000,0.000000
14.230000,8.774964,-0.039347,0.000439,0.809799,0.000000,0.000000
12.450000,8.771497,-0.039347,0.000439,0.820520,0.000000,0.000000
11.020000,8.786266,-0.039347,0.000439,0.825236,0.000000,0.000000
14.220000,8.813344,0.000000,0.000000,0.837109,0.000000,0.000000
9.960000,8.956293,0.000000,0.000000,0.841795,0.000000,0.000000
13.160000,8.903326,0.000000,0.000000,0.845384,0.000000,0.000000
14.950000,9.459390,0.000000,0.000000,0.852219,0.000000,0.000000
10.490000,8.972756,-0.040190,0.000439,0.861854,0.000000,0.000000
12.090000,8.775311,0.000000,0.000000,0.861837,0.000000,0.000000
10.310000,8.491640,-0.016644,0.000439,0.869586,0.000000,0.000000
13.510000,9.063271,-0.040190,0.000439,0.871282,0.000000,0.000000
15.480000,9.210833,-0.040676,0.000439,0.876662,0.000000,0.000000
12.080000,8.789579,0.000000,0.000000,0.879099,0.000000,0.000000
10.850000,8.911406,0.000000,0.000000,0.869353,0.066665,0.010966
11.560000,8.902363,-0.040676,0.000439,0.892420,0.000000,0.000000
11.560000,9.465962,-0.045363,0.001998,0.899636,0.000000,0.000000
15.290000,9.206430,-0.039347,0.000439,0.902872,0.000000,0.000000
13.160000,8.767942,0.000000,0.000000,0.908795,0.000000,0.000000
8.890000,8.644360,0.000000,0.000000,0.906370,0.000000,0.000000
15.280000,9.617277,0.000000,0.000000,0.895748,0.066266,0.010966
12.100000,9.010061,-0.072046,0.001657,0.924864,0.000000,0.000000
11.030000,8.342068,0.000000,0.000000,0.924755,0.000000,0.000000
15.660000,9.062307,0.000000,0.000000,0.930979,0.000000,0.000000
10.130000,9.030203,0.000000,0.000000,0.925704,0.000000,0.000000
16.000000,8.931488,0.000000,0.000000,0.941450,0.000000,0.000000
12.260000,9.272751,0.000000,0.000000,0.944885,0.000000,0.000000
11.910000,9.402567,0.000000,0.000000,0.954420,0.000000,0.000000
15.630000,9.261869,0.000000,0.000000,0.956258,0.000000,0.000000
11.020000,8.978991,0.000000,0.000000,0.965014,0.000000,0.000000
16.180000,9.063689,0.027066,0.000195,0.974151,0.067785,0.010966
13.340000,9.181603,0.012579,0.000195,0.978049,0.000000,0.000000
10.320000,9.148201,0.000000,0.000000,0.980595,0.000000,0.000000
15.290000,9.123367,0.000000,0.000000,0.990907,0.000000,0.000000
13.690000,9.417513,0.012067,0.000195,0.988177,0.000000,0.000000
14.940000,9.549091,0.020598,0.000829,1.001318,0.000000,0.000000
14.940000,9.167793,-0.041980,0.000439,1.003960,0.000000,0.000000
9.960000,9.025494,-0.039679,0.000439,1.010660,0.000000,0.000000
13.860000,9.527287,0.000000,0.000000,1.013333,0.000000,0.000000
15.650000,9.124508,-0.040676,0.000439,1.022851,0.000000,0.000000
15.280000,8.775963,0.000000,0.000000,1.030215,0.000000,0.000000
16.180000,10.102397,-0.042517,0.000439,1.034509,0.000000,0.000000
10.670000,9.060099,0.000000,0.000000,1.042718,0.000000,0.000000
14.040000,10.148507,0.000000,0.000000,1.042990,0.000000,0.000000
16.889999,9.036850,0.000000,0.000000,1.052645,0.000000,0.000000
11.210000,9.130351,0.000000,0.000000,1.053099,0.000000,0.000000
16.870001,8.995375,-0.041187,0.000439,1.054126,0.000000,0.000000
12.980000,9.007184,-0.028694,0.000634,1.064723,0.000000,0.000000
10.480000,9.227077,0.000000,0.000000,1.074916,0.000000,0.000000
16.540001,9.076790,0.000000,0.000000,1.060546,0.000000,0.000000
10.850000,9.780075,0.028259,0.000195,1.083678,0.000000,0.000000
16.180000,8.944819,0.027918,0.000195,1.091910,0.000000,0.000000
15.630000,9.440547,0.008974,0.000634,1.098113,0.000000,0.000000
11.190000,9.288585,0.000000,0.000000,1.107645,0.000000,0.000000
13.860000,9.259727,0.000000,0.000000,1.111744,0.000000,0.000000
11.560000,9.183707,0.000000,0.000000,1.108780,0.066743,0.010966
13.870000,9.119215,0.000000,0.000000,1.128500,0.000000,0.000000
16.889999,10.010340,-0.042491,0.000439,1.122346,0.000000,0.000000
12.080000,9.104700,0.000000,0.000000,1.135890,0.000000,0.000000
11.740000,11.331722,0.000000,0.000000,1.143056,0.000000,0.000000
13.160000,9.008852,-0.069881,0.001218,1.149530,0.000000,0.000000
11.020000,9.129278,0.000000,0.000000,1.148287,0.000000,0.000000
17.420000,9.416189,0.000000,0.000000,1.158951,0.000000,0.000000
14.760000,9.822909,0.000000,0.000000,1.161723,0.000000,0.000000
9.600000,9.360502,-0.039935,0.000439,1.150545,0.000000,0.000000
15.820000,9.840755,-0.041801,0.000439,1.164708,0.000000,0.000000
11.200000,8.796968,-0.041801,0.000439,1.179864,0.000000,0.000000
15.290000,9.614712,-0.014377,0.000634,1.186989,0.000000,0.000000
16.889999,9.244830,0.000000,0.000000,1.181047,0.000000,0.000000
10.490000,9.313097,0.000000,0.000000,1.188958,0.000000,0.000000
18.660000,9.468695,0.000000,0.000000,1.196694,0.000000,0.000000
11.910000,9.602625,0.000000,0.000000,1.195819,0.066168,0.010966
14.590000,9.612881,-0.041801,0.000439,1.201525,0.000000,0.000000
17.950001,9.027502,-0.068688,0.001218,1.210832,0.000000,0.000000
12.620000,9.737249,0.000000,0.000000,1.209621,0.000000,0.000000
18.660000,9.539571,0.000000,0.000000,1.212813,0.000000,0.000000
14.580000,9.608624,0.000000,0.000000,1.212592,0.000000,0.000000
12.440000,9.470062,-0.041801,0.000439,1.218732,0.000000,0.000000
17.790001,9.469053,0.000000,0.000000,1.201525,0.000000,0.000000
15.100000,9.184000,0.000000,0.000000,1.226009,0.000000,0.000000
9.960000,9.531547,-0.041213,0.000439,1.231383,0.000000,0.000000
16.540001,10.260893,-0.043054,0.000439,1.235621,0.000000,0.000000
12.800000,10.026718,-0.041213,0.000439,1.241175,0.000000,0.000000
16.540001,9.923425,0.000000,0.000000,1.244282,0.000000,0.000000
17.059999,10.244992,-0.041878,0.000439,1.248877,0.000000,0.000000
12.090000,8.778671,-0.034787,0.000634,1.251351,0.048767,0.010966
19.190001,9.556360,-0.042491,0.000439,1.255444,0.000000,0.000000
12.970000,9.825590,0.000000,0.000000,1.256131,0.000000,0.000000
13.160000,9.374754,-0.040625,0.000439,1.262867,0.000000,0.000000
19.400000,10.013984,0.028310,0.000195,1.266031,0.000000,0.000000
12.450000,10.007616,0.000000,0.000000,1.273453,0.000000,0.000000
19.559999,9.309253,0.000000,0.000000,1.274939,0.000000,0.000000
14.060000,9.878178,0.000000,0.000000,1.279509,0.000000,0.000000
12.980000,9.326252,-0.039270,0.000439,1.289565,0.000000,0.000000
17.240000,9.881910,0.000000,0.000000,1.291677,0.000000,0.000000
15.120000,9.468755,-0.041187,0.000439,1.297162,0.000000,0.000000
17.240000,9.602086,0.000000,0.000000,1.306262,0.000000,0.000000
18.150000,9.750144,-0.041827,0.000439,1.301166,0.000000,0.000000
12.260000,9.678120,0.000000,0.000000,1.303390,0.000000,0.000000
16.000000,9.770450,0.000000,0.000000,1.306795,0.083206,0.010966
17.590000,9.759537,-0.041187,0.000439,1.318365,0.000000,0.000000
15.110000,10.173006,0.000000,0.000000,1.322492,0.000000,0.000000
19.020000,9.619709,-0.060976,0.000877,1.331497,0.000000,0.000000
13.870000,10.040312,-0.041827,0.000439,1.331023,0.000000,0.000000
14.930000,9.994313,0.000000,0.000000,1.333490,0.000000,0.000000
19.379999,9.067628,0.000000,0.000000,1.333045,0.000000,0.000000
12.270000,10.088608,-0.043054,0.000439,1.340833,0.000000,0.000000
18.320000,9.490458,0.000000,0.000000,1.346240,0.000000,0.000000
16.340000,10.027886,0.000000,0.000000,1.351830,0.000000,0.000000
13.150000,10.149172,0.000000,0.000000,1.347667,0.000000,0.000000
17.790001,10.361334,-0.041827,0.000439,1.356573,0.000000,0.000000
12.450000,9.608786,-0.041827,0.000439,1.353242,0.000000,0.000000
16.889999,10.167846,0.027884,0.000195,1.361233,0.000000,0.000000
18.480000,9.429268,-0.041827,0.000439,1.366056,0.000000,0.000000
12.980000,9.937887,-0.012971,0.000634,1.372046,0.000000,0.000000
16.170000,9.745443,-0.042491,0.000439,1.363362,0.000000,0.000000
13.170000,10.121864,-0.043028,0.000439,1.371716,0.000000,0.000000
14.940000,9.765306,-0.040650,0.000439,1.376905,0.000000,0.000000
19.730000,9.567854,-0.001006,0.000829,1.377855,0.084865,0.010966
14.570000,10.404510,-0.084880,0.000877,1.374972,0.000000,0.000000
14.390000,10.025059,0.028720,0.000195,1.378533,0.000000,0.000000
14.580000,9.947520,0.026845,0.000195,1.392311,0.000000,0.000000
13.850000,9.650368,0.054985,0.000780,1.387334,0.000000,0.000000
18.490000,9.841826,0.039807,0.002193,1.380686,0.000000,0.000000
15.990000,9.330210,0.082204,0.000975,1.390738,0.000000,0.000000
12.440000,9.799168,0.013269,0.001218,1.395385,0.000000,0.000000
17.760000,9.872074,0.097357,0.001950,1.402312,0.000000,0.000000
13.330000,9.751101,0.068279,0.000585,1.416630,0.000000,0.000000
17.440001,9.965588,0.012715,0.000195,1.412905,0.000000,0.000000
19.540001,10.236874,0.000000,0.000000,1.419242,0.000000,0.000000
13.510000,10.544182,0.000000,0.000000,1.412311,0.000000,0.000000
18.309999,10.280249,0.000000,0.000000,1.424946,0.000000,0.000000
13.330000,10.160944,0.000000,0.000000,1.421039,0.000000,0.000000
16.530001,9.281507,0.000000,0.000000,1.416869,0.000000,0.000000
19.559999,10.436132,0.000000,0.000000,1.424220,0.000000,0.000000
14.230000,10.196112,0.000000,0.000000,1.430134,0.000000,0.000000
18.660000,10.565902,0.000000,0.000000,1.429381,0.000000,0.000000
15.990000,9.096400,0.000000,0.000000,1.426616,0.000000,0.000000
14.570000,9.700975,-0.041034,0.000439,1.438553,0.000000,0.000000
17.580000,10.379595,0.000000,0.000000,1.438599,0.000000,0.000000
17.780001,10.671432,0.000000,0.000000,1.443228,0.000000,0.000000
17.959999,9.671791,0.028771,0.000195,1.438812,0.000000,0.000000
19.190001,10.799764,0.000000,0.000000,1.445651,0.000000,0.000000
14.760000,10.253839,0.000000,0.000000,1.441252,0.000000,0.000000
15.290000,10.820554,0.000000,0.000000,1.440396,0.085633,0.010966
19.180000,10.272506,0.027867,0.000195,1.445469,0.000000,0.000000
17.950001,9.945305,0.000000,0.000000,1.455671,0.000000,0.000000
19.020000,9.697317,0.000000,0.000000,1.454990,0.000000,0.000000
15.460000,10.614664,0.000000,0.000000,1.459368,0.000000,0.000000
16.170000,10.335973,0.000000,0.000000,1.466642,0.000000,0.000000
17.610001,10.434657,0.000000,0.000000,1.463505,0.000000,0.000000
15.830000,10.365543,0.027356,0.000195,1.464725,0.000000,0.000000
17.770000,9.596466,0.000000,0.000000,1.475404,0.000000,0.000000
18.129999,10.807401,0.000000,0.000000,1.478824,0.000000,0.000000
12.970000,10.516436,0.000000,0.000000,1.482887,0.000000,0.000000
16.700001,10.030285,0.000000,0.000000,1.488765,0.000000,0.000000
14.940000,10.199287,0.000000,0.000000,1.488328,0.000000,0.000000
17.240000,10.336607,0.000000,0.000000,1.487145,0.000000,0.000000
18.660000,10.373893,0.000000,0.000000,1.500869,0.000000,0.000000
13.680000,10.746033,0.000000,0.000000,1.494789,0.000000,0.000000
16.170000,10.919497,0.000000,0.000000,1.510272,0.000000,0.000000
14.580000,10.221956,0.000000,0.000000,1.505437,0.000000,0.000000
17.959999,10.561095,0.000000,0.000000,1.504999,0.000000,0.000000
17.250000,10.882209,0.000000,0.000000,1.507955,0.000000,0.000000
15.650000,9.792931,0.000000,0.000000,1.517517,0.000000,0.000000
16.540001,10.910895,0.000000,0.000000,1.520804,0.000000,0.000000
15.830000,10.220133,0.000000,0.000000,1.512692,0.000000,0.000000
15.300000,10.501841,0.000000,0.000000,1.526266,0.000000,0.000000
17.780001,10.989309,0.000000,0.000000,1.522161,0.000000,0.000000
17.420000,10.301107,0.000000,0.000000,1.525445,0.000000,0.000000
13.510000,10.776768,0.000000,0.000000,1.534000,0.000000,0.000000
17.610001,10.671204,-0.044102,0.000439,1.536369,0.000000,0.000000
15.460000,10.603176,0.000000,0.000000,1.543126,0.000000,0.000000
17.590000,10.935419,0.000000,0.000000,1.545642,0.000000,0.000000
17.590000,10.338512,0.000000,0.000000,1.547382,0.000000,0.000000
15.990000,10.875663,0.000000,0.000000,1.551938,0.000000,0.000000
17.590000,10.112903,0.000000,0.000000,1.548820,0.000000,0.000000
15.110000,10.688047,0.000000,0.000000,1.552467,0.000000,0.000000
16.709999,10.636881,0.000000,0.000000,1.559206,0.000000,0.000000
17.940001,11.016008,0.000000,0.000000,1.556712,0.000000,0.000000
16.889999,10.648256,0.000000,0.000000,1.569545,0.000000,0.000000
17.760000,10.336622,-0.043156,0.000439,1.559211,0.000000,0.000000
15.820000,10.891912,0.000000,0.000000,1.567578,0.000000,0.000000
16.350000,10.992701,0.000000,0.000000,1.579663,0.000000,0.000000
18.139999,10.763683,0.000000,0.000000,1.568403,0.000000,0.000000
17.770000,10.559488,0.000000,0.000000,1.564384,0.000000,0.000000
15.640000,10.805808,0.000000,0.000000,1.576426,0.000000,0.000000
17.240000,10.923905,0.000000,0.000000,1.579422,0.000000,0.000000
15.280000,10.674742,0.000000,0.000000,1.570718,0.000000,0.000000
18.320000,10.047561,0.000000,0.000000,1.564429,0.000000,0.000000
16.879999,10.893045,0.028583,0.000195,1.577144,0.000000,0.000000
19.030001,10.965183,0.000000,0.000000,1.579732,0.000000,0.000000
17.420000,10.843458,0.029555,0.000195,1.572731,0.000000,0.000000
16.879999,10.910194,0.112696,0.003119,1.577998,0.000000,0.000000
17.059999,11.100103,0.011428,0.001218,1.584855,0.000000,0.000000
17.950001,10.622884,0.115560,0.001560,1.577986,0.000000,0.000000
16.350000,9.894732,0.041247,0.000390,1.584150,0.000000,0.000000
18.290001,10.506220,0.129911,0.003314,1.586982,0.000000,0.000000
16.719999,10.570663,0.157216,0.005849,1.598631,0.000000,0.000000
15.450000,10.438173,0.171226,0.019690,1.595033,0.000000,0.000000
18.480000,11.032177,0.044281,0.000975,1.597579,0.000000,0.000000
17.059999,10.303822,0.043037,0.000390,1.584602,0.000000,0.000000
18.129999,10.778137,0.037881,0.001218,1.595233,0.000000,0.000000
17.230000,10.564474,0.380717,0.026368,1.600480,0.000000,0.000000
15.990000,10.767643,0.305160,0.009163,1.593984,0.000000,0.000000
19.379999,10.532376,0.276526,0.011502,1.603852,0.000000,0.000000
15.460000,10.387697,0.269520,0.037285,1.606842,0.000000,0.000000
18.139999,10.579862,0.198668,0.004679,1.613650,0.000000,0.000000
16.889999,10.452555,-0.106714,0.001316,1.585482,0.000000,0.000000
16.520000,11.525562,-0.021246,0.000439,1.612902,0.000000,0.000000
17.570000,10.189807,0.029691,0.000195,1.602182,0.000000,0.000000
18.290001,10.547670,0.043889,0.000390,1.616423,0.000000,0.000000
17.059999,10.787543,-0.042798,0.000439,1.610991,0.000000,0.000000
18.660000,11.083103,0.000000,0.000000,1.616297,0.000000,0.000000
15.110000,10.353979,0.000000,0.000000,1.618167,0.000000,0.000000
17.950001,11.680290,0.045372,0.000390,1.625697,0.000000,0.000000
17.059999,11.411175,0.059842,0.000390,1.609349,0.000000,0.000000
16.530001,11.332199,0.087693,0.000975,1.624534,0.000000,0.000000
18.480000,10.776282,0.242199,0.007993,1.623292,0.000000,0.000000
17.420000,10.910191,0.400778,0.018521,1.639472,0.000000,0.000000
17.240000,11.002379,0.462853,0.028463,1.627882,0.000000,0.000000
19.730000,10.369041,0.379763,0.028463,1.646735,0.000000,0.000000
14.750000,10.360613,0.185117,0.004094,1.643290,0.000000,0.000000
19.020000,11.141792,-0.110191,0.001316,1.641945,0.000000,0.000000
16.709999,11.237839,-0.066856,0.000877,1.656788,0.000000,0.000000
15.840000,11.323076,0.000000,0.000000,1.656078,0.000000,0.000000
19.559999,11.135893,0.000000,0.000000,1.655802,0.000000,0.000000
14.930000,11.256840,0.000000,0.000000,1.653023,0.000000,0.000000
18.309999,11.432758,0.000000,0.000000,1.669869,0.000000,0.000000
18.129999,11.064545,0.000000,0.000000,1.672009,0.000000,0.000000
16.719999,11.132890,0.000000,0.000000,1.663013,0.000000,0.000000
17.590000,11.143723,0.000000,0.000000,1.666903,0.000000,0.000000
16.170000,11.005470,-0.023291,0.000439,1.690454,0.000000,0.000000
18.480000,10.671142,0.000000,0.000000,1.672421,0.000000,0.000000
19.540001,11.373684,0.000000,0.000000,1.690936,0.000000,0.000000
17.250000,11.453428,0.000000,0.000000,1.692375,0.000000,0.000000
17.059999,10.392786,0.000000,0.000000,1.686744,0.000000,0.000000
17.070000,11.361103,0.000000,0.000000,1.684390,0.000000,0.000000
14.930000,11.109344,0.000000,0.000000,1.690794,0.000000,0.000000
20.080000,11.000101,0.000000,0.000000,1.690012,0.000000,0.000000
19.530001,10.863474,0.000000,0.000000,1.698194,0.000000,0.000000
15.270000,11.562468,0.000000,0.000000,1.693603,0.000000,0.000000
19.370001,11.169855,0.000000,0.000000,1.688973,0.000000,0.000000
13.330000,10.070759,0.000000,0.000000,1.700640,0.000000,0.000000
20.780001,11.246798,0.000000,0.000000,1.700209,0.000000,0.000000
19.910000,11.314209,0.000000,0.000000,1.711344,0.000000,0.000000
16.170000,11.384798,0.000000,0.000000,1.701288,0.000000,0.000000
20.440001,11.073783,0.000000,0.000000,1.706411,0.000000,0.000000
15.990000,11.496195,0.000000,0.000000,1.716716,0.000000,0.000000
16.870001,11.139685,0.000000,0.000000,1.710787,0.000000,0.000000
21.510000,11.369149,0.000000,0.000000,1.708798,0.000000,0.000000
19.020000,10.742167,0.000000,0.000000,1.720029,0.000000,0.000000
21.139999,11.542761,0.000000,0.000000,1.721120,0.000000,0.000000
18.650000,12.223580,0.000000,0.000000,1.719475,0.000000,0.000000
14.390000,11.505149,0.000000,0.000000,1.725031,0.000000,0.000000
20.790001,11.564223,0.000000,0.000000,1.726281,0.000000,0.000000
20.260000,11.630280,0.000000,0.000000,1.734602,0.000000,0.000000
19.719999,11.964180,0.000000,0.000000,1.741292,0.000000,0.000000
19.020000,11.376587,0.000000,0.000000,1.739263,0.000000,0.000000
13.340000,10.879223,0.000000,0.000000,1.737442,0.000000,0.000000
19.020000,11.813808,0.000000,0.000000,1.740396,0.000000,0.000000
16.520000,11.373684,0.000000,0.000000,1.726741,0.000000,0.000000
16.879999,11.705616,0.000000,0.000000,1.744751,0.000000,0.000000
21.139999,11.198767,0.000000,0.000000,1.740274,0.000000,0.000000
17.049999,12.117870,0.000000,0.000000,1.736587,0.000000,0.000000
16.540001,11.625324,0.000000,0.000000,1.742510,0.000000,0.000000
21.320000,11.840804,0.000000,0.000000,1.741571,0.000000,0.000000
14.580000,10.817716,0.000000,0.000000,1.745747,0.000000,0.000000
21.330000,11.383142,0.000000,0.000000,1.746035,0.000000,0.000000
23.610001,14.183702,0.271242,0.007993,1.576756,0.000000,0.000000
26.270000,25.082043,2.957865,0.454684,2.750002,3.359982,6.502974
22.740000,21.186220,3.562858,0.629608,1.549495,5.057490,28.402529
22.370001,15.043889,2.901550,0.784597,3.092307,2.773704,4.879971
18.320000,8.227989,2.251722,1.049151,1.649230,4.449009,12.720824
25.059999,8.208042,1.634559,0.368319,1.893172,1.340493,2.807354
11.380000,9.447665,2.043578,0.545679,0.553482,0.565270,1.195319
17.959999,9.384033,0.819529,0.080175,1.063360,1.017718,4.496153
15.110000,10.485950,0.181444,0.014914,1.516175,1.494959,1.984887
16.709999,11.871140,0.247874,0.011892,1.185504,1.930055,4.616782
21.860001,11.139812,0.176612,0.016571,1.676178,0.440962,0.175460
13.870000,11.230137,-0.044588,0.000439,1.364186,1.346895,1.776529
15.820000,11.242462,0.408780,0.027781,1.657586,0.000000,0.000000
23.820000,11.685253,0.405431,0.028463,1.568093,0.165021,0.021932
14.040000,11.547839,0.307103,0.026173,1.647805,0.000000,0.000000
35.130001,40.650032,6.654579,1.161786,2.300170,2.531351,4.452288
77.919998,157.556992,55.566513,25.748165,0.752987,1.778982,19.355392
117.709999,395.843201,65.587296,13.177701,1.969179,3.199565,5.548911
66.040001,197.092300,72.506653,28.684727,1.641591,5.789458,37.394833
114.400002,375.034119,132.153183,54.312801,1.855212,4.876418,17.885916
129.339996,335.758057,161.970428,92.433449,2.274077,5.085214,21.647335
72.839996,141.423599,96.314713,91.829239,1.637881,5.193733,39.971901
128.970001,212.239426,148.893799,116.469376,1.574512,5.217973,26.000923
82.320000,206.948883,153.909637,137.016739,1.805666,5.185974,27.865183
64.769997,177.048141,125.418449,104.679504,1.238401,5.560326,30.420315
93.000000,202.023987,126.905006,86.439751,1.253872,3.622241,22.261440
91.830002,204.159119,103.194878,64.653214,1.612168,2.599267,13.696818
66.610001,130.716125,83.676392,69.297249,1.145581,3.134993,20.473948
64.099998,153.859650,85.149185,100.969650,1.081306,1.624696,8.575589
23.080000,44.456516,13.231401,25.635674,1.446991,4.177888,18.489059
9.070000,0.077322,0.371326,4.343698,0.824428,2.204835,17.885916
16.879999,0.058955,-0.031685,1.125964,1.333050,1.293913,5.899830
32.270000,60.665554,24.545994,11.183894,0.395738,0.658472,5.088330
37.389999,52.346878,1.862270,1.732956,2.631077,8.157184,33.929508
22.010000,5.806233,0.050826,0.790787,1.544671,2.186551,79.845093
18.820000,7.971611,0.925613,0.179895,2.473520,5.674357,13.970974
27.000000,21.636028,2.184917,0.398098,2.151083,6.508890,21.800861
23.980000,18.382671,2.218486,0.674642,1.900843,3.131742,11.953187
23.080000,17.824696,5.431715,3.113531,2.504971,2.099301,2.006820
19.549999,5.828984,3.228919,3.803673,1.541225,3.442723,10.253423
15.120000,0.946310,0.149231,2.897862,1.214920,1.979070,5.910797
13.320000,0.199810,-0.341813,4.555663,1.872086,1.245192,2.544165
19.730000,9.973571,5.238902,4.027725,1.301647,1.955651,5.724371
24.170000,15.249063,2.838759,2.496108,1.609238,0.804106,1.337880
17.230000,21.362671,2.818715,0.381186,1.010910,2.066546,7.950515
21.670000,2.503458,0.362497,0.123212,1.789791,0.409863,0.153527
13.140000,7.894076,2.010495,0.555427,1.325445,1.475999,3.607889
17.760000,10.941664,1.182887,0.164006,1.527330,0.429107,0.405750
13.510000,10.565970,1.412830,0.522236,1.597583,0.773934,0.679906
16.170000,9.695245,0.791048,0.205385,1.614534,0.555515,0.712805
21.680000,9.854831,1.841825,0.614840,1.541979,0.475660,0.241257
15.640000,9.293488,1.374583,0.502546,1.586553,0.347141,0.219325
14.920000,10.987541,0.368701,0.021201,1.516983,0.270184,0.274156
21.850000,11.016561,0.579189,0.038357,1.548272,0.319949,0.142561
15.620000,11.488852,0.389767,0.020860,1.516554,0.249780,0.087730
39.900002,15.801374,0.729348,0.044547,2.522162,0.410625,0.394784
23.790001,36.570282,7.933229,2.216348,1.573525,7.216723,36.616234
45.340000,50.594078,6.485739,1.316386,0.413609,0.038210,14.003871
27.180000,84.688515,24.032597,8.694560,3.298417,10.239929,34.927433
55.130001,143.169693,7.005102,0.677567,2.384561,0.219501,19.278625
61.099998,227.680908,52.041290,13.123356,1.118643,3.300347,33.128971
108.099998,356.392792,90.818405,24.280689,1.683347,3.270005,12.918216
108.639999,420.825684,105.011192,29.195412,1.880913,2.836691,6.689398
152.250000,440.287415,155.046494,64.202919,1.986692,2.991980,6.974521
26.580000,33.987717,37.480774,51.394123,1.604571,4.005347,14.146434
136.800003,301.777374,151.697128,78.232971,1.267288,2.409941,8.805880
210.119995,449.873535,36.460320,6.005691,1.672964,2.542191,9.014238
23.209999,26.060375,38.378529,59.106255,1.454531,1.458890,15.363683
36.480000,153.527054,144.066269,155.733780,1.343885,1.956712,20.846802
240.759995,518.078308,203.005173,83.300629,1.529860,1.612586,2.675760
95.070000,187.282349,194.449585,223.627655,1.044658,2.617752,8.312401
113.519997,208.924896,205.814606,230.481110,0.694470,1.429251,7.742157
134.350006,359.258392,233.730499,225.835007,1.268859,1.445741,2.072617
81.839996,153.841721,186.145294,252.820511,0.790264,2.075203,18.302635
172.389999,267.414337,249.469482,249.539749,0.742193,1.456947,3.882044
112.680000,216.761261,247.151108,308.455658,1.735863,0.887670,0.701839
106.620003,174.016647,236.606750,345.592163,0.838610,1.897911,11.328113
134.369995,230.213074,288.380219,392.002258,1.056714,0.804767,1.326914
133.039993,201.135040,280.913055,410.830994,1.282742,0.721355,0.701839
124.089996,190.893768,292.993530,467.087311,1.089268,0.822648,0.855366
112.820000,163.496246,287.426605,526.854248,1.238416,0.091304,0.800535
106.080002,149.350433,284.247681,563.068787,1.229054,0.317929,0.153527
109.720001,134.966919,275.991608,576.437622,1.089802,0.482975,0.438649
97.410004,106.441528,249.914673,621.002380,1.183171,0.204733,0.109662
95.360001,79.869789,214.844940,642.231140,0.999375,0.658531,0.548311
58.130001,48.348179,168.712997,629.177124,1.206452,0.208466,0.175460
39.290001,15.725189,86.178818,592.185303,1.314244,0.359440,0.537345
14.040000,4.346089,-23.181168,445.040741,1.310666,1.429156,2.324840
-3.910000,30.738987,-86.377449,296.255981,1.118227,1.897577,9.716077
2.840000,41.093452,-93.720078,222.809280,1.421045,1.583337,17.337605
12.270000,78.925201,-96.950157,151.405914,1.784746,2.078064,20.583611
6.210000,61.278080,-66.058731,87.243881,1.872241,4.903852,44.862835
3.530000,41.795887,-38.386227,59.412731,1.299712,0.434649,62.792614
15.760000,34.542797,-41.434273,75.934692,1.239531,2.569286,21.471872
2.480000,34.040920,-38.097477,76.601677,0.052737,0.834169,143.909805
14.740000,22.861889,-20.915836,36.020397,0.021582,-0.168384,44.808002
14.730000,11.661978,-4.181538,13.883488,1.864849,4.756656,17.008617
7.460000,4.605700,3.658723,8.741545,0.313860,1.618618,37.701889
19.180000,1.802674,3.326897,6.975543,1.396297,1.521020,7.259643
13.150000,1.588932,3.781467,12.513342,1.322403,1.103162,4.002673
18.830000,3.718041,2.266857,6.034690,1.395394,1.156070,5.011566
17.420000,10.192288,4.072029,5.184052,0.744352,1.177286,3.947842
35.619999,37.874706,5.291237,5.072246,2.889768,3.683506,8.685253
53.250000,102.332230,36.689102,20.846067,1.439271,5.346777,25.606140
72.440002,202.368866,36.077095,18.262569,2.828488,4.137287,7.117082
92.769997,284.100220,22.507700,4.321230,2.298108,6.454209,18.412294
66.300003,221.941040,23.466473,7.261981,2.327647,4.855312,39.599045
54.770000,229.065079,-0.254769,0.405409,1.317756,5.335519,53.449390
73.239998,165.888718,5.147716,0.862969,2.494721,0.882963,41.770359
51.270000,134.595688,20.239044,6.063835,1.864637,3.400550,97.171745
164.160004,410.368469,33.675983,7.000351,2.971193,2.080099,12.117682
140.500000,416.730377,59.188797,11.918878,3.696575,3.530238,7.128048
102.949997,221.933319,36.165165,12.017084,3.139629,0.988796,28.402529
125.669998,462.161407,110.403023,32.218777,3.161003,2.120899,2.237111
68.870003,236.634659,70.874680,31.685184,3.621384,1.142759,8.389164
129.960007,410.310852,77.469521,18.279823,3.446823,1.828485,4.364558
69.309998,168.416870,17.389147,4.946304,3.962429,2.679982,5.406350
55.090000,142.990997,66.951294,32.756607,3.619404,1.562647,6.513940
90.360001,197.210663,84.567795,38.880245,4.254676,0.501995,0.350919
175.710007,594.284607,76.567490,11.638724,3.904847,0.611676,0.438649
191.259995,330.308044,-28.513380,4.547280,2.634174,0.299733,4.057504
49.180000,35.858234,19.516804,14.573920,2.292665,1.832939,4.594850
35.070000,274.530945,84.133202,31.261742,3.670578,1.495614,2.302908
166.130005,755.225525,84.466400,9.803661,3.860992,0.528105,1.096623
166.729996,403.189697,-33.178505,3.186249,2.614761,0.385234,6.590703
14.720000,35.382286,13.971540,7.667732,0.876357,2.585205,18.225868
36.349998,146.131882,61.785755,35.227909,3.215792,2.417066,8.224670
54.240002,157.590881,31.443947,11.743561,3.804109,1.132105,6.502973
153.029999,470.262115,140.270050,47.864758,2.297245,5.059035,12.819520
207.339996,86.262520,-14.184557,5.809175,2.498472,1.703623,11.481640
20.740000,135.540619,79.572678,69.115303,2.966116,3.675391,8.049211
103.930000,363.482910,116.131989,52.158104,2.920761,3.922869,10.988160
132.720001,515.153992,67.167595,15.685215,2.899096,3.070440,18.598721
144.100006,332.837036,92.143219,29.569969,2.683839,3.864264,9.716078
212.429993,103.256927,32.610153,18.526295,2.121824,2.980729,8.268535
21.990000,35.681038,42.318390,74.162346,1.738478,1.864241,5.790168
93.190002,363.722656,157.876129,97.210732,3.185983,2.132771,2.291942
203.110001,533.314087,85.988480,27.330467,2.819364,2.487554,2.248077
58.310001,561.133972,163.109497,63.376457,3.522350,0.364109,2.423536
75.040001,117.955490,72.829315,58.065350,2.803269,3.839140,5.581810
64.980003,218.379456,164.290451,157.722855,3.655489,1.178407,3.278902
99.290001,361.971954,135.400146,86.484772,1.456034,6.402972,29.005671
97.769997,242.216919,186.286469,149.912079,2.035645,2.414072,3.860112
133.830002,117.415123,120.788269,142.080719,2.567314,7.252694,20.890661
38.410000,68.262306,91.832840,159.466370,0.699832,2.017763,67.003647
148.550003,345.228424,290.617981,264.399872,2.291129,2.088851,4.792241
28.690001,18.787907,46.179333,122.488953,0.889640,2.296261,11.679032
102.519997,154.254303,232.374420,357.221924,1.099782,3.025415,16.339678
266.809998,418.341278,282.181000,190.560608,1.114478,1.185288,5.132195
84.080002,179.347641,227.357178,291.442871,1.524467,1.893743,2.862185
77.470001,93.223923,132.512756,246.911133,0.712010,2.295777,21.910524
132.259995,127.026375,170.864655,292.094238,1.343105,0.488521,0.274156
103.410004,131.272186,230.495148,457.640533,1.383028,0.843650,1.096623
138.479996,109.705757,196.549545,394.321381,1.461275,1.249225,1.096623
53.259998,77.179878,194.351837,514.428101,1.177291,3.128674,8.597523
46.290001,44.172592,128.483887,481.101410,0.210427,2.438607,34.444923
65.910004,42.270424,113.573746,462.733948,0.794747,2.068726,5.943695
33.689999,17.640333,60.821281,446.406250,0.724308,3.277102,17.052483
18.650000,7.997738,23.417049,390.685974,0.429907,2.052784,15.648806
17.230000,7.988302,-18.679811,405.933167,0.995268,2.343235,6.886791
4.800000,12.660268,-43.051910,350.258972,0.488267,1.950655,30.749300
-3.020000,29.190773,-78.919411,305.439819,0.833212,2.492417,15.550110
1.060000,38.184097,-88.749046,228.923004,1.729330,7.076249,48.744884
8.350000,68.482864,-91.191887,167.757690,1.854304,0.640694,57.243702
0.000000,54.953842,-77.175392,132.473480,1.475728,3.244152,51.661896
22.370001,84.846573,-45.361797,82.485764,1.486559,1.667623,50.071793
16.870001,68.017899,-47.860523,71.999565,1.336244,0.860953,50.949089
15.630000,40.001404,-22.960472,33.974834,1.288674,2.229560,79.570946
28.940001,40.608040,-25.874088,32.879864,1.875598,0.827459,26.801456
14.210000,23.320833,-12.047756,18.531998,1.465927,3.177865,65.073593
30.889999,30.355644,-7.352625,9.708911,2.344067,-0.112796,51.442566
22.190001,20.323483,-2.396104,1.160617,1.608637,3.350687,56.015491
38.430000,20.070354,-1.444678,0.649883,2.678522,2.847904,9.661246
40.910000,13.354620,1.852273,1.460360,4.353542,6.133053,40.980793
17.940001,14.171212,1.717513,0.413792,1.719572,0.707616,65.424507
50.619999,16.953253,3.221964,1.529033,4.989325,3.610917,5.154127
21.320000,17.794788,3.086011,0.693358,1.986971,6.219847,62.123680
32.610001,50.353912,17.034872,7.231568,2.779198,0.256567,1.666867
61.990002,78.614777,39.754673,25.831461,0.350802,1.940995,47.571495
116.370003,346.274902,128.825165,55.773155,0.549331,1.585205,7.062251
127.330002,365.123901,144.763596,68.042755,0.843611,1.954644,21.252546
44.430000,94.839355,40.910583,18.192043,0.111965,0.169444,80.217949
88.379997,470.845093,108.368118,46.556896,2.015957,5.258863,30.211956
37.660000,108.470337,27.437769,11.508690,0.362060,2.582609,132.296570
151.600006,116.826729,40.998512,15.785226,0.403441,1.092705,27.941944
191.490005,103.181061,514.861450,2641.787842,0.308470,0.110267,0.559278
183.869995,80.137802,460.609955,2759.734131,0.283976,0.081279,0.175460
169.699997,75.126396,413.323456,2822.378662,0.610304,0.278238,0.888264
140.600006,166.557480,610.137695,2871.027100,0.679595,0.190183,2.149381
180.949997,72.322296,451.198517,3095.031738,0.641218,0.778009,1.283049
133.070007,81.604057,430.697723,3136.475342,0.458416,-0.099409,2.807354
115.940002,62.769073,424.875916,3283.714844,0.453619,-0.045953,0.043865
181.199997,61.785347,466.782440,3589.938232,0.317765,0.043583,0.350919
186.309998,73.407509,497.683014,3566.688477,0.261076,0.000000,0.000000
160.960007,70.075409,446.940430,3562.177246,0.300987,0.009990,0.021932
122.910004,46.860332,408.022644,3873.318848,0.235484,0.000000,0.000000
170.360001,69.431534,455.390442,3795.795410,0.212883,0.006174,0.054831
142.610001,169.251160,737.134827,3886.883057,0.231245,0.000000,0.000000
151.860001,58.474873,441.682434,4232.041016,0.255954,0.143928,0.109662
187.000000,50.067482,390.697784,4025.874512,0.208816,0.000000,0.000000
144.710007,45.030479,425.482544,4417.599609,0.181811,0.007412,0.010966
162.880005,47.430851,395.527527,4181.523438,0.191092,0.008719,0.010966
168.020004,52.808525,449.095673,4571.095215,0.128544,0.148943,0.274156
245.279999,51.568531,409.005463,4397.731934,0.157318,-0.000135,0.043865
140.070007,44.112885,402.114746,4629.433594,0.143301,-0.006046,0.010966
116.849998,41.978481,431.550690,4669.519043,0.148775,0.000000,0.000000
132.110001,42.404491,398.640106,4669.922852,0.114003,0.000000,0.000000
187.649994,35.903008,352.932678,4706.202148,0.126924,0.006396,0.010966
106.599998,23.389103,327.672333,4998.034668,0.118983,0.000000,0.000000
118.610001,17.237434,237.571350,4701.554688,0.123634,-0.031812,0.186426
123.290001,11.262070,225.254761,4801.717285,0.120773,-0.003813,0.043865
97.000000,7.280532,176.761688,4647.417969,0.127140,-0.007534,0.010966
85.440002,6.210437,154.848389,4729.873047,0.123287,0.000000,0.000000
58.410000,6.681697,154.663681,4656.764160,0.127330,0.000000,0.000000
192.710007,169.294739,380.796600,2070.807373,0.387070,0.021091,0.010966
163.509995,116.185333,407.156006,1560.105225,0.358466,0.710044,13.532324
193.580002,145.261368,463.080322,1491.762939,0.333235,0.232612,0.877298
190.089996,142.434647,408.896118,1380.423218,0.225663,0.117611,1.579137
182.979996,123.236320,426.540283,1520.248535,0.348360,0.229750,0.372852
163.929993,137.516617,456.751923,1552.384399,0.358817,0.000000,0.000000
148.720001,129.623734,471.660828,1725.275879,0.116546,0.187615,1.853292
173.850006,129.527100,485.939667,1829.209229,0.252867,0.171497,0.219325
161.610001,109.434891,465.063751,1987.265259,0.234899,0.033673,0.043865
177.500000,117.103500,493.576721,2102.200928,0.212277,0.083031,0.274156
209.429993,111.155617,506.724670,2329.439941,0.265026,0.000000,0.000000
168.970001,95.899559,470.552124,2338.667480,0.416932,0.483288,0.647007
166.000000,74.150681,417.362885,2541.936035,0.308091,0.403698,2.324840
168.759995,86.230316,448.434143,2594.169434,0.518330,0.424307,1.151454
156.919998,79.618347,412.748962,2757.109863,0.533926,0.212472,1.096623
272.559998,78.822144,403.589691,2931.339355,0.445496,0.630534,1.633968
136.320007,86.700806,452.093994,3077.759277,0.335488,0.203658,0.318021
158.940002,81.419243,476.980347,3143.833496,0.381264,0.587017,2.335807
150.300003,99.043633,478.275024,3073.186523,0.147280,0.089010,1.107589
166.869995,89.190536,472.757141,3409.255371,0.212843,0.075195,0.175460
173.509995,104.280273,468.150879,3384.370850,0.107050,-0.007437,0.175460
205.149994,96.539703,495.030945,3538.286865,0.092327,0.000000,0.000000
136.490005,82.285217,514.832214,3701.125977,0.051636,-0.002582,0.010966
125.400002,68.391472,421.235596,3745.576172,0.039210,0.007607,0.043865
157.520004,55.925625,401.237030,3834.815918,0.032235,0.000000,0.000000
149.679993,34.047100,348.934570,4035.281250,0.034054,-0.002433,0.054831
97.879997,38.462067,331.013550,3936.919434,0.028670,0.006982,0.054831
113.279999,22.656597,288.596680,3955.941895,0.040113,-0.159145,1.951988
91.139999,16.533836,202.544708,3905.842773,0.028927,-0.066575,0.877298
59.650002,19.621464,174.551056,3917.731445,0.114992,-0.140109,0.274156
10.280000,3.259219,-35.680843,3678.305176,0.029986,0.038516,0.592176
-23.799999,11.818005,-127.573318,3440.740234,0.020833,0.007555,0.010966
-11.920000,17.914572,-144.785400,3256.758301,0.039709,0.081701,0.274156
-7.630000,40.210278,-319.899902,3001.112549,0.048875,0.065584,0.328987
-19.180000,65.927734,-363.622803,2147.279541,0.041413,-0.081787,0.592176
-20.059999,89.860245,-286.547607,1775.981812,0.235764,-0.106665,3.958808
4.250000,82.254333,-293.724854,2058.965820,0.996494,0.971205,4.002673
-6.380000,68.727806,-348.091187,1911.606201,1.006301,-0.984487,106.427223
-11.190000,27.678320,-184.583923,1625.998047,2.368087,7.971822,69.920670
-3.730000,16.418219,-128.621002,1632.724609,1.341391,4.816188,31.198915
-6.030000,19.932684,-118.324226,1515.168701,2.117147,8.557544,71.258545
-7.810000,17.249769,-88.768044,1570.287598,0.682339,0.338425,46.518738
28.990000,10.014759,-22.260618,1512.030640,2.954681,2.679978,97.412987
13.980000,6.431310,5.238623,1480.712158,1.529132,4.543303,112.020012
51.590000,3.183172,37.111275,1404.443604,3.287765,0.776379,125.036911
42.279999,7.142076,14.648545,1466.258545,0.591183,3.018340,85.865555
47.880001,7.974040,34.567612,1394.179443,2.999697,9.448400,85.931351
46.700001,4.422626,33.030746,1442.543457,0.002021,0.442906,145.883728
47.349998,6.123703,58.554848,1509.075439,1.921507,5.502851,60.763863
28.320000,4.116046,55.454750,1404.463745,0.655759,5.078366,108.203751
60.180000,3.304180,51.362320,1277.148071,2.138701,2.408587,61.092850
29.540001,3.565985,34.037918,1272.310913,0.642768,2.650032,150.138611
51.270000,1.198034,33.648201,1153.651001,0.080694,-2.304599,87.247314
36.950001,10.634239,78.217957,1128.881592,1.942139,0.440223,48.350094
19.129999,1.476370,35.217728,1054.398315,1.590374,-2.190814,54.414413
75.970001,26.894550,170.893234,1144.843262,0.914795,2.051465,9.134868
88.190002,28.270309,186.002090,1256.767334,0.357433,1.878244,17.666592
57.709999,22.202120,157.250992,1261.529785,0.292012,0.696650,4.101369
55.060001,18.283705,134.570984,1294.293945,0.283056,1.048734,5.976594
55.660000,17.580170,126.969215,1295.803345,0.280076,0.645029,1.853292
45.259998,15.388002,123.990753,1191.359375,0.289257,0.499578,0.986960
57.740002,10.885684,102.974022,1158.035034,0.358887,0.231973,0.175460
37.720001,5.452926,66.239319,1101.564819,0.228426,0.401425,0.888264
21.100000,2.826463,26.041592,1074.789307,0.325679,0.110485,0.043865
13.130000,1.006523,-3.120526,1001.975220,0.396165,0.000000,0.000000
1.420000,5.254992,-63.286671,1000.784912,0.305533,0.315699,0.394784
-2.480000,9.748568,-74.567375,942.627136,0.434642,0.000000,0.000000
-7.460000,8.610205,-77.495079,916.506653,0.332296,0.322589,0.394784
-0.170000,7.916722,-76.702095,855.557861,0.352925,0.165562,0.098696
-0.170000,9.332487,-80.984894,831.129700,0.438682,0.000000,0.000000
0.530000,4.947906,-56.568985,786.982300,0.432716,0.062565,0.010966
3.730000,2.345100,-36.767685,727.377991,0.433911,-0.066188,0.274156
17.030001,0.692035,14.732496,714.914063,0.520245,-0.369289,1.096623
18.610001,1.851955,36.076050,777.495605,0.354120,0.028918,0.888264
28.530001,4.260946,52.475014,764.935181,0.204247,0.015973,0.043865
27.100000,6.561137,64.014618,745.220581,0.283053,0.000000,0.000000
31.840000,12.627871,86.362816,695.819946,0.294213,0.018360,0.043865
59.150002,18.150673,105.235001,657.358826,0.744710,0.151316,0.087730
69.489998,33.933315,142.606689,652.782104,1.737088,1.287246,2.829287
68.830002,33.072575,139.808014,634.024353,2.106878,3.725008,14.826340
39.930000,20.610640,109.475204,657.293945,1.412141,5.593881,29.005671
59.299999,23.975254,122.798683,653.100159,1.349993,4.524829,24.235359
89.190002,28.808685,140.431503,708.158447,1.778557,3.740175,14.848272
52.619999,24.543486,132.610229,731.120605,1.333392,4.757720,19.377323
80.379997,46.221912,148.518219,746.000916,0.573052,2.328765,16.295815
56.330002,58.309074,158.224274,738.018250,0.569297,3.297395,22.250475
42.549999,23.626991,97.967819,795.854858,0.193376,-0.198919,43.919735
72.309998,36.946712,151.729065,847.406250,0.229102,1.029425,8.400129
65.260002,47.190193,188.273468,838.992798,0.608238,1.724739,7.160947
100.349998,43.953819,193.408569,864.202515,0.760388,0.202340,15.286921
79.400002,45.980667,206.941559,934.382690,1.360950,0.414869,4.101369
64.370003,37.260616,188.650787,993.963013,1.559668,0.892505,13.674886
77.379997,41.176888,193.892242,967.399536,0.783069,3.393910,15.977794
83.419998,39.607281,179.942810,924.487122,0.439824,-1.164898,29.970699
126.860001,64.361061,252.482559,1030.135254,0.360664,0.953284,5.450215
94.540001,76.490219,226.467682,852.931152,0.428866,0.126119,1.239184
71.480003,59.824299,237.464127,1016.725464,0.723029,1.322088,6.283648
77.559998,48.153999,231.500763,1118.374146,0.086147,-0.003755,12.391837
116.230003,46.506882,226.053070,1301.292725,0.221460,0.110586,0.285122
75.879997,39.165836,209.396652,1441.735596,0.168763,0.318459,4.090403
118.660004,43.955769,218.936707,1498.883667,0.286891,0.103166,0.614109
92.949997,49.057076,255.959229,1571.058838,0.361252,0.118461,3.256969
91.070000,43.224827,262.429321,1725.615967,0.517880,0.061475,0.449615
131.720001,43.148129,264.211304,1651.554077,0.239240,0.721091,4.024606
97.879997,45.123299,269.249939,1614.361206,0.529109,0.305025,0.482514
131.029999,58.485931,305.277435,1597.005371,0.551486,0.709790,2.412570
131.210007,57.368492,296.390137,1540.580322,0.634476,0.413710,2.127448
105.480003,62.278870,316.255737,1610.009888,0.582769,1.241888,4.079437
105.610001,57.293671,312.839417,1716.655518,0.311591,0.739010,3.048611
81.910004,38.986664,259.530945,1784.592529,0.375681,0.633156,3.191172
110.260002,64.020187,338.821442,1825.009644,0.285966,0.577397,1.601069
83.980003,29.370274,233.933945,1873.404053,0.439742,0.000000,0.000000
119.410004,49.330444,305.773834,1996.609131,0.326904,0.426718,0.712805
89.959999,37.512527,264.236694,1973.977905,0.255927,0.041273,0.043865
117.000000,42.861076,294.388153,2105.538086,0.341982,0.167691,0.142561
94.480003,33.786686,257.699463,2136.354004,0.227088,0.155606,0.175460
92.080002,41.182381,296.524384,2219.838135,0.105822,0.168552,0.537345
87.669998,33.602242,256.786865,2172.987793,0.109084,0.000000,0.000000
90.309998,35.210075,275.488098,2299.358887,0.081350,0.000000,0.000000
112.470001,35.169579,274.006226,2269.316406,0.060242,-0.000211,0.010966
101.459999,32.125198,270.376465,2348.261475,0.044317,0.000000,0.000000
77.989998,35.032158,283.331696,2384.838867,0.032412,0.000000,0.000000
98.529999,31.476547,270.706787,2362.556641,0.049976,0.002330,0.010966
90.900002,20.770128,217.940735,2396.396484,0.027228,0.000000,0.000000
107.849998,21.552734,224.874222,2398.458496,0.026763,0.000000,0.000000
84.029999,21.096424,216.081604,2372.800537,0.028153,0.000000,0.000000
63.980000,21.602276,215.391861,2421.051025,0.040690,0.000000,0.000000
62.430000,17.016294,178.707504,2428.102539,0.084130,0.000000,0.000000
63.709999,28.743061,175.336578,2341.873291,0.155816,0.115514,0.175460
44.669998,14.963799,104.525070,2319.708008,0.344565,0.734127,2.291942
66.400002,13.183084,87.674431,2323.176514,0.684043,1.792494,8.049211
58.450001,9.829810,89.609581,2321.247070,1.837641,4.849285,25.946093
28.500000,0.397316,21.925596,2262.769043,0.335319,4.291596,78.090508
73.239998,7.829532,110.952316,2365.822998,4.826193,9.031837,40.640839
21.240000,0.332679,25.937561,2395.182861,0.762034,6.509407,182.664444
66.839996,77.921967,304.795227,2207.657227,1.623552,5.125976,75.721794
74.430000,1.104406,37.410622,2203.948242,1.490040,1.061101,90.065620
167.850006,51.246906,149.722641,2121.537598,1.894171,4.763914,99.112770
30.280001,1.683734,59.228279,2104.329346,0.076778,-0.862346,84.845703
113.139999,71.637596,371.002075,2390.160645,1.380789,1.627331,5.691472
76.900002,29.996414,232.593445,2684.922607,0.176814,2.409458,46.749027
144.270004,95.064133,268.610291,2740.721680,0.221328,-0.341361,10.066996
113.349998,71.793915,331.815491,3082.987305,0.597385,-1.303656,13.433628
80.879997,78.889610,328.235291,3086.561768,0.173446,-1.382693,27.218176
262.160004,22.490393,212.103882,2273.213379,0.127003,-0.264449,1.381745
143.830002,96.479874,426.188965,2413.052979,0.098287,-0.341606,3.278902
150.300003,102.973190,464.007751,2258.819092,0.040678,0.011894,0.010966
181.360001,105.915932,430.207703,2533.012207,0.048670,-0.027798,0.098696
152.800003,108.549866,452.540527,2681.688477,0.088756,0.000000,0.000000
169.320007,80.705627,428.550964,2825.806641,0.137399,0.241452,0.811501
175.320007,85.901886,444.108002,3119.383301,0.085400,0.042107,0.175460
132.119995,75.941071,440.343445,3091.130615,0.120280,0.048257,0.087730
182.929993,94.548637,448.608093,3043.029297,0.109478,-0.071362,0.219325
161.410004,79.422806,456.514526,2957.607178,0.145148,0.065358,0.175460
167.050003,71.991943,454.701721,3185.513672,0.095798,-0.008149,0.712805
167.220001,81.516983,435.939331,3124.157715,0.075108,-0.050496,0.318021
111.599998,55.380257,369.956177,3353.498047,0.105063,-0.056304,1.326914
158.160004,64.274055,394.086731,3574.308594,0.120137,0.053904,0.054831
164.880005,51.707397,372.729523,3559.527344,0.109306,0.000000,0.000000
148.820007,80.310486,476.013885,3598.228516,0.097488,-0.000507,0.043865
207.509995,68.278351,368.658386,3676.089600,0.082365,0.025844,0.405750
150.570007,70.622482,464.135742,3738.884766,0.086637,0.008178,0.010966
108.690002,53.399330,368.749084,3740.014404,0.095257,0.000000,0.000000
118.559998,110.771011,642.232178,3824.045410,0.077074,0.021828,0.010966
132.110001,43.686661,337.307983,3945.557129,0.060262,-0.000793,0.021932
249.429993,54.114906,330.326660,3972.012207,0.036084,0.030208,0.054831
116.220001,40.313877,366.000122,4166.727539,0.051094,0.000000,0.000000
158.960007,36.720692,343.059753,4210.594727,0.029733,0.000000,0.000000
122.290001,40.804871,358.129120,4240.615723,0.027135,0.009479,0.186426
159.039993,44.381485,326.102905,4233.765625,0.030719,0.000000,0.000000
157.970001,40.405449,315.205292,4273.315430,0.041292,0.000000,0.000000
127.989998,46.675529,411.764893,4445.184570,0.037537,-0.003115,0.010966
150.830002,41.582787,408.257202,4421.931152,0.038120,-0.001164,0.010966
102.800003,28.106390,342.094177,4505.840820,0.029206,0.000000,0.000000
85.559998,11.022865,218.996506,4541.897949,0.086179,0.043356,0.043865
68.430000,9.005941,159.216064,4458.571777,0.326083,0.319509,0.636041
17.209999,11.150880,-65.476868,4145.666016,0.880396,1.867187,8.312400
-6.570000,23.369337,-214.291153,3922.889648,1.990389,4.499527,29.893934
-6.920000,16.581375,-177.844559,3664.139648,3.056041,1.360117,35.366085
-4.430000,11.325649,-166.746887,3341.483887,2.553550,11.525026,132.186890
0.700000,14.691822,-119.178696,3354.862793,0.019871,1.462237,180.767273
41.020000,7.474706,-41.506714,3236.186523,3.703403,10.260220,74.943199
46.259998,0.749043,6.555994,3283.876953,0.793206,5.307943,167.728424
56.119999,0.802699,37.894489,3174.090820,0.981630,3.501521,175.108719
101.760002,0.657241,27.807789,2833.553711,0.951149,2.408981,217.416428
49.410000,1.956241,62.690681,2914.000732,1.241989,3.253525,142.023605
146.979996,2.118240,54.962448,2721.608643,4.142344,3.550297,70.282547
42.880001,8.135222,77.003120,2949.666260,0.101239,3.326660,147.813766
65.040001,3.793515,62.999977,2632.386230,3.801241,0.963139,141.913940
43.410000,121.820145,261.811005,2540.653564,0.020735,1.834300,185.120880
54.250000,23.591238,144.217300,2435.246338,1.712520,0.712280,182.653488
55.349998,3.387302,59.833763,2416.894043,0.013786,0.393954,97.610397
78.690002,35.098434,252.948761,2666.857910,1.868146,4.140953,14.442520
33.220001,2.914569,60.864639,2626.864502,0.604973,1.616196,73.594345
120.989998,59.031967,195.054993,2670.207520,0.000297,-0.025494,57.035347
38.139999,5.645020,113.220337,3010.240967,0.894002,4.252556,28.545090
31.820000,3.173064,74.133179,3073.381348,0.035488,-1.103415,83.003372
121.279999,41.679375,254.128815,3136.727539,0.219737,0.000000,0.000000
92.440002,45.072483,229.408005,3322.709717,0.111502,-0.330414,10.538544
24.940001,2.422054,48.663738,2769.554199,0.064068,-3.945330,243.998550
35.799999,2.431801,72.572952,2807.221191,0.068891,-3.644781,193.981598
111.599998,11.252553,117.671310,2054.690918,0.047274,-1.161086,40.893063
46.110001,5.865243,76.816513,1678.917969,0.820708,3.812838,195.966476
89.269997,155.746826,350.804504,1783.179688,0.002451,0.498064,331.859985
36.970001,28.830700,97.899513,1978.263184,0.444088,-1.659981,68.725342
26.360001,23.833759,121.637527,1883.136475,1.689468,6.614395,37.997974
21.799999,1.450440,42.577431,1507.010742,0.001946,0.228863,85.953285
10.820000,17.368956,-39.109608,1317.273804,0.337200,-0.196143,0.537345
6.010000,72.793434,-22.613964,1105.647949,1.353975,5.077286,44.764137
2.120000,50.297024,-97.304283,987.022705,1.832810,2.976808,71.697197
4.780000,31.640724,-39.385265,825.629333,2.425926,6.897257,20.430080
4.970000,24.832632,-35.706043,725.471558,0.435059,1.818574,97.182709
1.420000,19.510630,-63.097221,829.419312,0.147656,-2.735661,88.289093
-1.240000,9.279707,-78.769180,861.062988,0.343855,1.709970,16.482239
-7.460000,51.333183,-95.375801,915.015869,1.027678,0.175816,1.195319
5.680000,45.738018,-96.010727,833.442749,0.986037,4.534943,87.883339
-2.480000,34.659840,-92.037521,626.871033,1.444287,2.996000,24.454685
2.840000,19.251707,-62.783607,559.673828,1.925897,6.447800,46.573566
15.790000,7.431272,-27.323376,467.399170,1.155339,0.148360,60.643238
20.020000,2.434805,0.307912,380.010559,1.021743,0.191414,2.127448
21.090000,3.354558,29.117018,380.382568,0.583974,-0.172371,2.851219
37.459999,10.159609,64.379082,441.307190,1.432583,1.875656,3.969774
21.969999,1.932007,23.141848,363.963684,0.444212,0.499709,69.800034
57.880001,26.153419,89.143135,401.509247,0.814844,2.594352,45.060230
63.630001,57.481022,155.297775,425.657196,1.879365,4.277958,18.829012
30.830000,14.179926,65.701820,414.012909,1.483841,2.652072,49.589279
93.720001,109.825432,220.076630,445.701080,2.340328,1.377962,3.037645
42.080002,23.089172,95.094353,477.444702,2.802201,7.436162,45.334381
139.619995,91.173553,190.728271,400.476746,1.652528,2.160149,25.584208
82.790001,59.732597,162.619690,538.394287,2.083731,5.352942,26.549236
56.470001,90.959000,161.695313,374.507233,0.823710,3.798192,42.307701
114.330002,112.521126,219.555664,549.948914,1.261288,4.608275,19.190897
63.099998,61.190247,161.621109,544.697021,0.675040,1.867105,42.329636
123.860001,131.438187,299.512939,719.680969,0.543814,1.364880,14.716677
40.310001,38.555794,171.632645,817.186401,0.302643,0.703189,8.082109
134.529999,84.048584,271.109772,879.088989,0.591759,0.963764,2.215178
116.019997,92.518486,289.903503,918.737671,0.510700,0.837708,1.776529
117.349998,89.890533,297.252197,997.723389,0.629918,0.189013,0.570244
105.660004,82.710754,283.867493,989.500000,0.748265,0.294591,1.732664
137.610001,81.353638,285.804321,1007.158081,0.922943,0.827917,0.986961
110.120003,72.596802,284.076782,1116.501465,0.359973,1.357126,6.053359
133.149994,74.031265,297.804565,1212.326538,0.591606,0.345472,0.592176
120.050003,71.676353,308.747803,1337.244385,0.820116,1.014610,2.609962
96.010002,59.937469,289.286285,1415.654785,0.425331,1.333457,4.408423
142.520004,56.720909,285.993927,1448.693604,0.799664,0.537519,2.050684
123.040001,52.863731,284.936707,1559.493530,0.689404,0.897618,1.886191
131.990005,55.997662,300.562439,1652.739502,0.640594,1.132391,2.467401
110.470001,49.175903,286.429199,1679.427734,0.280360,1.011285,4.638714
97.410004,50.765942,300.376221,1786.250732,0.780825,0.361629,1.107589
108.230003,38.156158,265.222382,1845.338989,0.662263,1.757584,5.066397
111.169998,44.389572,277.917755,1917.031372,0.484083,1.784983,8.136941
94.949997,41.047180,251.667419,1921.856445,1.093196,2.719969,7.511867
80.449997,86.634331,360.525574,1908.393433,1.113460,2.561451,10.297287
90.320000,28.287758,213.923187,1978.607666,0.932615,3.150973,13.576189
134.839996,26.276363,189.081772,1942.171997,1.168786,2.552307,17.513065
81.510002,19.887468,167.828629,2083.119873,1.100614,2.611926,20.101093
69.139999,19.250128,183.809891,2070.580566,1.079716,4.670037,25.770634
29.930000,1.809886,44.378212,1911.187988,0.362652,1.267579,41.145287
96.949997,16.589918,192.985062,2390.384766,1.371808,3.102787,16.811228
85.610001,16.924891,160.903931,2139.130127,0.931518,4.024402,25.375851
34.980000,1.724750,50.008339,2192.870117,1.028371,0.632013,32.438099
125.589996,20.734684,184.974777,2430.851074,0.866422,3.720868,17.534996
93.900002,25.937294,239.842346,2646.888428,1.761932,0.894036,17.195044
37.279999,1.561729,46.680264,2150.404053,1.242694,1.487111,23.665119
94.080002,41.902065,257.102081,2456.535400,1.049081,3.278320,14.804407
64.059998,16.031912,165.045471,2305.004883,0.364231,2.183122,33.381195
142.520004,48.763367,263.141022,2120.202881,0.533104,1.127226,12.567297
237.509995,87.014236,333.130127,2176.506836,0.758539,1.847390,5.823067
102.250000,40.348606,269.869965,2520.956299,0.230512,1.375123,16.953787
252.190002,256.796387,700.777893,2595.197510,0.427639,0.759319,2.259043
148.199997,66.546043,394.321625,2760.911133,0.163922,0.550820,14.409623
194.740005,85.789680,493.550995,2981.838379,0.284408,0.280486,0.394784
149.419998,67.795761,409.756897,2775.683594,0.330327,-0.043967,9.047138
142.699997,90.165359,462.995361,2927.882568,0.476932,0.432970,1.283049
146.880005,69.682060,455.100037,3122.786133,0.572306,-0.243129,3.246004
151.339996,81.619095,449.448547,3059.458984,0.362110,1.061248,3.553057
132.570007,47.057758,367.098877,3200.459473,0.124833,-0.242870,0.701839
169.419998,77.331093,494.985046,3305.402344,0.227729,0.110351,0.811501
176.360001,75.365417,471.971313,3426.173584,0.125143,0.000000,0.000000
133.960007,75.697937,445.886719,3492.120605,0.108054,0.000000,0.000000
123.809998,79.688736,492.564392,3737.338623,0.100120,0.063364,0.043865
145.839996,108.253624,603.323364,3684.127441,0.075405,0.000000,0.000000
113.489998,46.269264,342.098785,3876.814453,0.076636,0.051164,0.043865
76.930000,20.069450,202.569565,3730.796875,0.087548,0.025097,0.109662
-8.870000,14.759925,-131.636871,3551.608887,0.278777,0.685259,2.533199
-31.299999,64.408714,-390.798218,3050.487549,0.372744,3.127069,29.016636
11.540000,252.666534,-732.501648,2155.652344,1.892699,4.716031,15.111462
-20.059999,225.980865,-607.619995,1650.164063,0.875016,2.339975,153.143356
-11.470000,113.599457,-370.632446,1219.464233,1.709216,3.349919,83.617485
-2.820000,46.090740,-237.991791,1258.997314,0.922855,1.284623,72.366127
-3.710000,90.604034,-245.261002,1165.562012,1.678625,4.716332,65.896057
-5.660000,87.363457,-175.606110,1253.316040,1.445312,2.751377,103.981766
7.100000,35.886955,-132.182434,1314.266235,1.356097,0.147576,61.377972
5.500000,12.360257,-79.775574,1167.764404,1.381180,2.795952,84.505737
23.570000,6.365389,-45.778309,1042.047485,1.369543,3.642138,107.161980
25.860001,2.685304,14.088932,998.121094,1.194273,6.347276,115.518234
32.529999,2.466395,26.079641,811.486145,0.826478,2.239144,81.983521
27.030001,13.032090,43.498508,802.391479,0.888264,5.915215,80.996552
57.880001,174.843918,-92.272575,655.838562,0.911519,-1.391036,93.530960
69.230003,142.506897,97.791382,434.712402,2.076003,3.926795,102.325867
43.060001,41.005116,104.011513,521.381836,0.844272,1.272288,120.047295
54.139999,241.189102,217.700653,506.301056,1.004353,2.243021,65.994759
66.139999,242.328064,195.780273,431.250885,3.229523,8.408649,30.760265
78.739998,57.493649,90.756134,439.482697,1.278426,1.066912,98.827637
141.559998,106.714165,116.134735,500.526703,1.097685,1.872287,18.543888
56.400002,92.016861,218.688980,637.607544,2.351827,0.211615,9.485787
111.160004,65.293404,197.629654,710.018799,2.242625,-2.839081,12.117682
37.299999,12.775671,83.700264,627.661377,1.568278,2.268283,121.078110
26.549999,0.988917,20.178734,510.593353,1.281397,-0.043999,94.276657
63.650002,1.893714,21.079512,305.145416,0.955313,1.712155,31.604668
43.639999,13.755185,64.742310,332.053894,1.162634,3.270821,51.705765
32.349998,25.015148,62.088634,244.513641,1.281441,0.695902,57.002449
131.639999,148.193359,217.750824,343.869446,2.458067,2.634202,7.413170
33.980000,12.973584,52.833130,233.025696,1.867532,1.774523,34.433952
99.690002,149.325195,214.514221,317.764435,1.823801,1.284223,4.013639
72.580002,118.256523,147.244476,274.956451,1.618986,1.108617,11.371978
68.180000,229.269287,234.476410,280.901581,1.683175,0.195953,0.723771
116.440002,237.451935,230.821564,287.803497,1.742864,0.330841,1.754596
141.820007,177.601166,193.392715,299.669128,1.693375,-0.002517,0.054831
108.639999,125.994240,179.672836,320.083130,1.730759,0.002404,2.423536
125.190002,238.005905,237.119781,308.201935,1.779514,0.200641,0.405750
113.029999,142.822632,202.134460,341.220093,1.948666,0.558939,1.590103
96.709999,136.199432,216.866348,409.827911,1.839123,0.338667,2.807354
118.510002,138.397079,225.241272,400.693787,1.920717,0.387996,1.195319
145.850006,107.265793,217.200653,460.515991,1.899292,0.412378,2.237111
125.489998,131.464081,243.147995,518.810181,2.033489,0.410847,0.548311
117.870003,110.436935,237.318512,510.692932,2.133185,1.033258,0.986961
73.849998,100.880814,216.482605,481.277130,1.783791,1.342414,6.590703
120.879997,134.323029,243.858490,520.817627,2.087260,0.250025,0.888264
87.209999,96.732117,230.327423,559.429382,1.864731,0.330840,4.211031
103.320000,121.299103,249.196442,612.151489,2.084409,0.055599,0.043865
103.790001,118.876228,241.876877,606.194458,1.999704,0.349069,0.986961
130.520004,97.815132,261.722992,747.989319,1.986722,0.033235,0.043865
138.919998,105.232414,248.056213,643.017639,1.989546,0.053063,0.274156
145.679993,112.992180,271.403961,774.768066,1.729766,1.759307,1.853292
114.889999,110.724693,296.773560,806.720459,1.891197,0.121662,0.274156
129.289993,91.533783,272.655396,814.639526,2.048879,0.429072,0.098696
106.760002,100.812378,288.371063,834.472290,2.103803,0.388137,2.467401
86.919998,89.902061,272.064606,841.889404,2.130891,-0.224324,2.149381
116.300003,91.967834,277.664856,887.622314,2.124327,-0.132050,0.394784
132.619995,90.849548,259.979034,912.992798,2.077295,0.009280,0.010966
96.120003,96.176819,266.804810,905.301025,2.142281,0.000000,0.000000
93.080002,80.968674,290.621521,1064.162354,2.164890,0.335878,0.142561
124.820000,76.176170,276.525421,1015.322388,2.207255,-0.089509,116.835335
68.570000,1.500256,24.757538,1133.678345,1.641452,2.837786,65.896065
58.770000,3.005724,46.065662,1122.611206,1.730307,4.759596,48.997101
31.290001,0.471593,21.496916,1076.181519,1.536289,2.294719,67.957718
22.830000,1.626806,39.037102,1057.964600,1.186651,-0.498771,60.917389
88.199997,32.047974,185.968140,1206.518799,0.935672,1.094378,21.767963
55.590000,36.943047,193.230515,1254.825073,0.351588,0.719857,19.761141
78.040001,42.291595,218.618317,1258.312866,0.337711,-0.083702,0.581210
72.400002,27.247574,178.851166,1184.708984,0.103280,-0.072547,0.822467
67.900002,18.017344,146.530762,1222.952271,0.067956,-0.189453,3.958808
65.790001,20.021530,148.449753,1140.574951,0.307350,0.158638,0.230291
48.000000,13.336407,116.024078,1151.978394,0.505487,1.129214,7.599596
47.849998,9.886634,99.186104,1155.989136,0.989254,2.019160,14.267062
39.220001,4.729220,64.099037,1144.180176,0.877179,5.021754,41.068523
26.180000,2.059631,41.839317,1126.907227,1.483602,7.275793,58.943474
32.740002,1.129635,28.738840,1034.030273,0.550959,4.928921,98.860535
46.439999,1.503637,33.373577,979.767151,2.299067,8.443392,52.319870
20.340000,1.401034,31.819942,1193.354614,0.071473,0.000000,0.000000
34.340000,3.313507,59.423824,1194.122314,0.066855,0.000000,0.000000
43.639999,5.198155,74.722633,1111.761841,0.065659,0.000000,0.000000
48.880001,14.780898,127.959854,1124.863037,0.065245,0.000000,0.000000
72.660004,19.334896,148.349976,1157.963257,0.063039,0.000000,0.000000
79.849998,33.199989,193.284668,1147.563232,0.061996,0.000000,0.000000
73.500000,40.505447,219.256317,1188.948364,0.059330,0.000000,0.000000
70.290001,38.662399,214.600616,1196.239136,0.058290,0.000000,0.000000
94.720001,35.389584,83.903519,1782.379395,0.972605,-0.103134,0.010966
33.939999,3.949305,68.517288,1870.352661,0.521503,-0.604687,0.745703
18.950001,1.780807,52.486259,1849.523438,0.237636,-0.627594,1.677833
28.180000,1.659706,45.309601,1810.418457,0.074426,-0.515049,4.002673
30.230000,8.008276,50.638149,1417.310669,0.321824,-1.716603,9.233563
43.759998,9.778099,75.735199,1596.612549,0.001708,-0.033950,3.180206
14.880000,1.002796,-2.901824,1855.027344,0.090865,-0.062469,0.043865
12.410000,0.797072,-2.032330,1753.053833,0.038107,-0.020064,0.010966
17.530001,0.668366,15.485458,1596.501221,0.013736,-0.066572,0.394784
18.250000,0.767778,20.045122,1512.296265,0.020169,-0.057621,0.186426
28.270000,24.280190,71.714943,1420.269043,0.022249,0.014838,0.175460
80.070000,31.011236,99.959991,1381.027344,0.771456,0.967243,2.544165
33.369999,15.764636,100.908577,1395.644287,0.777467,0.546638,11.404877
33.939999,4.265432,71.467896,1422.674927,0.392724,0.073992,0.175460
37.230000,4.831752,69.237274,1389.892822,0.620189,-2.960421,15.846197
34.099998,3.030206,57.246292,1473.116211,1.663582,-0.002341,0.021932
34.650002,1.660936,44.136391,1497.905762,0.366391,-1.707378,8.992307
36.750000,1.713259,36.734890,1481.847778,2.466439,-4.389155,8.169839
46.619999,8.958211,84.800880,1225.003906,0.670232,-0.204672,0.241257
45.200001,20.986031,117.052032,1172.547363,0.749847,0.002593,0.010966
64.709999,84.659454,169.576324,1121.407593,0.722143,0.313647,0.350919
98.120003,104.421295,185.296707,1054.000244,0.833099,3.029846,18.028479
30.740000,23.943813,74.372108,950.488037,0.268534,1.570749,68.659546
61.480000,93.601433,175.981873,966.826782,0.226923,2.765336,39.884167
55.090000,24.625687,73.959419,765.414612,0.580550,0.119340,71.028252
44.700001,26.122385,117.606873,764.204956,0.212349,-0.970122,53.493256
62.669998,48.436417,172.735596,893.608582,0.744507,-4.058390,26.110586
79.080002,80.784943,263.056641,947.721375,0.346430,1.181290,5.537945
99.410004,58.552265,181.317734,1097.492188,1.125161,1.120515,26.428608
30.920000,21.665384,90.719009,1153.936646,1.195854,1.989295,56.508972
73.720001,62.472588,144.823105,1194.671143,1.901385,2.396716,24.674009
59.080002,38.383205,92.579773,1254.595825,2.274115,2.271701,39.149433
84.779999,35.680325,79.086182,1207.510132,2.147995,0.480010,34.543617
131.479996,91.977074,194.177399,935.609436,2.680365,1.075285,4.792241
80.809998,87.255318,180.915726,833.028076,0.914573,4.313073,29.773306
64.839996,118.140450,190.429977,619.535278,1.242593,2.946811,22.502699
76.760002,97.130753,185.842209,582.267212,0.423258,3.869950,40.816296
147.509995,181.777283,257.241455,551.665771,0.607361,1.626680,8.060177
124.010002,166.240723,235.359619,492.622284,0.692312,1.974223,9.661247
134.729996,160.524612,258.195526,511.826599,0.340286,1.432900,9.376124
83.019997,140.850922,239.076752,525.397278,0.381628,0.005172,11.240384
145.669998,140.095932,196.920731,462.151611,0.214348,0.406513,2.609962
69.540001,195.033142,276.006348,631.531433,1.719538,1.622389,3.048611
27.120001,10.485260,39.348839,376.261383,0.347575,2.723744,102.852234
60.139999,150.536072,128.431412,361.342957,1.153280,4.630737,50.609138
85.070000,64.442017,123.529190,431.219238,1.582583,6.320417,26.044790
35.490002,54.246826,85.493622,293.131622,0.390179,1.417541,81.698387
91.739998,170.263275,187.583603,275.877045,1.495800,1.366162,10.637240
138.309998,200.140442,233.831116,286.638947,0.549402,1.139196,13.543291
137.020004,194.062134,258.886810,359.430328,0.397554,0.359615,0.537345
111.419998,179.373795,269.999023,484.725739,0.660431,0.636867,0.932129
70.989998,94.557961,180.128189,622.931396,0.552224,1.991547,12.293140
120.080002,174.451996,229.705185,692.890991,0.251715,0.890463,5.132195
82.690002,148.100586,186.194397,697.370728,0.513139,0.541156,1.074690
117.419998,152.220627,188.125275,671.085266,0.422011,0.048849,0.010966
114.790001,156.202515,225.927155,728.321960,0.481564,0.027763,0.021932
77.589996,164.012207,205.314240,676.866394,0.550187,0.212829,0.175460
113.839996,193.476059,238.706879,688.869995,0.437100,0.413343,1.107589
105.970001,169.126709,216.017838,731.414185,0.418040,0.000000,0.000000
87.279999,139.663300,194.349060,715.646362,0.533864,0.000000,0.000000
146.369995,196.485809,246.855286,760.060242,0.401755,0.297102,0.350919
95.540001,161.869324,218.138184,703.061157,0.349842,0.119647,3.169239
136.380005,159.075043,195.429047,696.572754,0.393661,-0.458511,3.564024
106.080002,177.493195,214.462097,706.344299,0.340362,0.020637,0.043865
123.660004,202.777527,216.044220,674.582397,0.323058,-0.101182,3.454362
68.570000,143.238327,191.319916,759.982056,0.366815,-0.225969,1.107589
159.740005,219.637848,248.769516,740.285889,0.272299,-1.049325,11.350045
123.540001,157.586121,215.010681,807.457581,0.150902,-0.014272,0.712805
142.350006,177.318802,214.541840,757.987976,0.176521,-0.166165,4.068470
125.040001,173.243561,234.441345,811.501587,0.099835,-0.064200,0.548311
130.940002,150.438110,202.552185,753.450073,0.095604,0.113181,0.570244
80.660004,166.655457,216.660400,777.842834,0.045386,0.018129,0.010966
75.519997,153.456985,209.982178,714.170593,0.088217,-0.027092,0.274156
144.360001,194.890778,234.704239,729.775635,0.298190,-0.537440,1.326914
58.480000,104.182098,162.365845,726.382263,0.171480,-0.070305,0.219325
88.180000,205.498444,268.596222,842.106750,0.529453,0.636524,5.987560
89.970001,135.814484,199.167786,924.365662,0.470324,1.595066,5.713405
116.190002,111.059929,196.243683,1044.029785,0.804862,0.272717,28.227068
83.449997,113.929443,190.140518,1053.838623,0.259458,-0.814430,19.267662
122.889999,124.367638,286.592407,686.727905,0.430371,-0.299119,0.449615
115.800003,140.025665,302.871307,825.666504,0.498703,0.254027,0.142561
64.650002,83.437553,200.977158,865.165161,1.332157,2.785233,8.389164
99.809998,93.616882,212.252838,910.494873,1.688172,2.409005,13.609088
108.010002,86.046677,206.171112,869.034302,1.190708,3.188100,12.929181
72.839996,65.523697,230.803223,1148.278809,0.935888,2.045427,15.232090
61.790001,28.674923,190.009705,1497.522949,0.181583,1.560783,23.796713
64.790001,16.819395,158.365921,1658.733765,0.359710,-0.631186,10.812699
66.680000,30.015114,179.147217,1416.378906,0.544342,1.931147,9.189698
112.440002,100.088722,202.722504,1296.719116,0.248747,0.120628,4.814175
88.279999,138.806335,230.866043,1231.092773,2.078388,2.514631,4.419389
48.410000,33.071468,64.239655,1169.360596,0.328208,2.829364,78.704605
107.199997,101.548210,207.240433,1104.276123,0.684714,2.695261,23.040045
58.310001,43.356510,164.084793,1133.247437,1.438409,5.607570,29.937801
67.290001,21.851429,140.548447,1205.938843,0.686215,-2.977940,31.067324
96.709999,36.944237,210.476563,1286.810791,0.142374,-0.680830,7.654427
96.120003,73.606331,240.499939,1453.062988,0.418630,-0.109488,0.493480
81.690002,61.827423,208.118896,1420.363770,0.515319,0.932052,14.102569
83.400002,58.773716,192.661911,1459.580200,0.766067,0.319019,1.951988
85.510002,36.399643,161.102646,1485.780029,0.871251,0.842199,1.480441
67.470001,38.972935,156.429764,1424.421875,0.706531,0.502440,3.004746
82.620003,37.173897,173.850159,1394.368774,0.888715,0.131138,0.197392
89.080002,25.156624,156.205841,1393.490356,0.753702,0.333030,1.206285
51.290001,31.921379,182.197983,1414.098389,0.648164,0.137744,4.485187
65.470001,10.923901,113.443909,1545.543457,0.760997,0.019408,0.372852
47.290001,7.703887,85.542175,1539.341187,0.608251,-0.064537,2.467401
34.470001,6.440036,73.192741,1496.406128,0.428431,0.361958,3.607888
49.060001,31.071741,88.952316,1449.374268,0.192807,0.311542,0.636041
57.709999,60.543190,131.348022,1289.875488,0.570633,0.873637,1.951989
49.090000,26.568863,78.869461,1398.057373,0.383032,2.338894,28.643784
31.450001,7.392566,58.512218,1352.457886,0.338633,-0.725215,11.075890
33.410000,6.307117,51.181271,1373.802246,0.071865,0.000000,0.000000
34.340000,2.326079,27.300724,1337.446167,0.246576,0.282905,0.460582
24.590000,5.367324,44.254097,1317.010742,0.208357,-0.143211,6.360412
25.830000,7.018557,43.977287,1310.451172,0.264329,-0.032834,0.219325
26.209999,3.248592,24.284407,1248.233154,0.277588,0.106573,0.636041
17.530001,1.860639,5.022517,1228.572632,0.303747,0.000000,0.000000
20.730000,0.742261,11.743423,1198.256592,0.300420,0.012883,0.010966
15.560000,1.279011,16.361109,1109.416504,0.265428,-0.059197,2.642861
23.879999,1.126765,30.414774,1040.923462,0.092826,0.209729,2.478368
21.420000,3.804889,50.791122,1072.780762,0.087136,0.368614,4.529052
29.010000,2.439025,25.670179,1052.570435,0.765527,-3.699332,20.287518
29.170000,3.177628,40.042862,972.124695,0.151077,-0.374208,7.413170
31.629999,5.947095,70.353233,901.791626,0.131195,0.041603,3.564024
41.669998,9.088217,84.871628,919.368225,0.145019,-0.096791,9.869605
36.060001,8.200905,77.392723,977.956909,0.569843,-0.582550,1.074690
32.900002,5.820952,49.327927,1034.111450,0.534392,-1.061884,2.873152
24.760000,2.382725,25.147110,1056.422729,0.700400,-2.388343,11.229417
14.160000,2.407738,-23.046049,1185.652100,0.231750,-0.416709,3.969774
9.580000,3.404953,-42.414688,1087.171875,0.413298,-1.242872,7.106115
-1.240000,3.313650,-41.709209,1107.785889,0.317045,-0.460408,3.180206
-5.850000,5.670395,-61.498932,1038.497070,0.348530,-0.500387,1.381745
-5.140000,8.239473,-81.519753,990.991638,0.857485,-2.474464,9.540618
6.210000,87.479034,59.023647,210.690063,0.757224,1.027256,121.725121
47.680000,39.985222,98.631897,369.983826,0.382630,3.415803,155.786224
48.320000,20.896187,72.081963,363.999359,1.741809,0.921625,134.193726
24.170000,12.653902,65.971931,460.701111,0.205940,-1.527764,140.729584
37.410000,18.590149,83.671265,692.895081,0.980460,-0.967587,54.359589
49.029999,36.908379,135.001221,606.122620,1.350892,5.281385,69.163994
25.830000,15.973772,65.068741,438.771729,0.077004,-0.743763,236.311234
51.209999,26.041422,87.096977,471.586884,0.357856,-0.318144,41.858093
72.620003,47.669170,139.212280,496.432007,0.532068,0.491692,24.180531
59.220001,67.218987,131.992096,466.213654,1.477581,6.074972,36.473671
116.300003,64.397629,104.326752,365.922028,0.084681,1.089857,39.796440
34.410000,56.098228,88.613945,269.126312,2.670455,9.628930,45.838825
75.339996,176.385559,126.183601,251.634399,1.309871,3.352896,37.548363
49.650002,34.812870,68.137779,405.537842,0.165703,2.703415,107.348389
27.080000,62.158989,44.124344,434.191437,0.484717,2.018120,81.720322
34.939999,76.424194,136.338715,457.643188,0.207887,0.960839,82.926613
37.830002,36.018909,44.600788,506.923401,1.592838,2.759569,64.448517
36.400002,7.307574,63.313671,689.232483,0.008903,0.753482,110.978210
51.500000,36.970810,135.213226,700.560669,1.115627,3.446676,51.343872
37.810001,53.123898,122.328461,547.879761,0.779638,0.374196,130.991577
81.739998,133.077591,169.249756,277.206635,0.715345,2.781776,44.818970
118.709999,190.792267,204.504807,362.467041,1.322260,3.602001,12.084783
25.340000,32.640400,23.155899,43.243340,0.261447,5.895538,145.379272
40.279999,38.538658,20.325977,13.502544,0.411351,2.103985,68.374428
32.020000,77.145294,41.814716,31.282452,2.225132,10.172583,54.370556
25.690001,30.351885,4.549267,3.454508,0.016851,0.482307,61.520535
24.070000,18.048830,4.569413,3.756054,2.488534,6.486613,18.203936
19.480000,18.322441,5.127331,4.092450,1.241192,4.339180,41.627800
9.750000,11.414660,2.816346,4.862765,0.234436,1.179855,114.257126
32.169998,2.535257,0.462137,3.161880,2.692923,-2.072936,11.481640
12.940000,1.587829,0.012221,0.110686,0.592969,1.298218,98.728943
19.469999,7.037948,0.879900,0.958887,1.539617,0.800823,47.034149
17.910000,9.095366,2.284728,2.582912,0.962339,1.572897,3.355666
17.190001,14.283215,2.377594,0.871157,1.612492,1.858422,8.411097
14.180000,13.997263,4.238517,2.206551,1.304192,0.626561,8.400130
20.040001,5.832284,2.403927,2.393708,1.561230,0.832903,1.546238
16.480000,2.089831,0.466074,1.933712,1.391788,0.972842,5.121228
12.410000,1.571748,0.383657,1.464064,1.485992,0.729466,1.601069
17.360001,1.616062,0.137377,0.194955,1.604464,0.692673,0.986960
12.400000,2.127446,-0.052692,0.003948,1.602463,0.694997,1.370779
16.129999,2.524337,-0.100919,0.009455,1.722420,0.414516,0.537345
19.490000,2.466421,-0.128283,0.012185,1.676750,0.653915,1.579137
12.400000,2.498957,-0.223109,0.056342,1.599118,0.729380,2.807354
19.660000,2.564527,-0.031907,0.002827,1.632998,0.717611,2.467401
14.880000,2.218540,-0.131718,0.021494,1.563552,0.839550,5.307654
14.360000,1.907447,-0.009886,0.003607,1.551523,0.695427,4.386491
18.969999,2.144568,-0.016874,0.000439,1.667240,0.677369,1.337880
14.720000,2.612349,0.040344,0.001755,1.542182,0.508169,2.807354
19.330000,2.527467,0.009920,0.000195,1.801625,0.000000,0.000000
16.830000,2.392988,0.040258,0.001560,1.643420,0.347385,0.701839
14.540000,2.303638,0.119276,0.011892,1.778059,0.000000,0.000000
17.900000,2.776216,-0.051482,0.002388,1.763517,0.000000,0.000000
17.209999,2.499905,-0.052769,0.003948,1.798785,0.000000,0.000000
17.379999,2.485713,-0.109782,0.008676,1.817625,0.000000,0.000000
19.330000,2.249222,0.024987,0.000780,1.840530,0.000000,0.000000
14.710000,2.435868,-0.032427,0.001218,1.848531,0.000000,0.000000
16.299999,2.435188,-0.031498,0.000877,1.878897,0.000000,0.000000
19.850000,2.909227,0.012170,0.000195,1.886790,0.000000,0.000000
15.950000,2.552180,0.052786,0.005313,1.913457,0.000000,0.000000
20.209999,2.410605,0.000000,0.000000,1.917526,0.000000,0.000000
16.120001,2.302450,0.029282,0.000780,1.948382,0.000000,0.000000
15.410000,2.581993,-0.033662,0.001218,1.953579,0.000000,0.000000
19.490000,2.558023,-0.060516,0.003948,1.975819,0.000000,0.000000
15.940000,2.562006,0.025907,0.000780,1.989728,0.000000,0.000000
20.379999,2.722844,-0.019456,0.000439,2.019637,0.000000,0.000000
17.360001,2.484859,-0.029273,0.001218,2.025053,0.000000,0.000000
15.770000,2.097979,0.011232,0.000195,2.044139,0.000000,0.000000
19.860001,2.457628,-0.039432,0.002388,2.063251,0.000000,0.000000
15.760000,2.277681,0.046906,0.003119,2.066327,0.000000,0.000000
18.430000,2.577671,0.027509,0.000780,2.087931,0.000000,0.000000
20.709999,2.433601,-0.019430,0.000439,2.119358,0.000000,0.000000
16.110001,2.433601,0.064632,0.007457,2.119475,0.000000,0.000000
18.250000,2.621756,0.010448,0.001218,2.130379,0.000000,0.000000
17.020000,2.475759,0.038861,0.001755,2.143296,0.000000,0.000000
18.070000,2.484217,-0.028166,0.001218,2.140434,0.000000,0.000000
20.379999,2.276207,-0.084198,0.008237,2.154412,0.000000,0.000000
17.910000,2.483363,-0.084198,0.008237,2.155825,0.000000,0.000000
17.379999,2.228281,-0.065731,0.004386,2.175739,0.000000,0.000000
19.139999,2.715585,0.028396,0.000780,2.195956,0.000000,0.000000
16.480000,2.338637,-0.071245,0.005897,2.187110,0.000000,0.000000
21.610001,2.624756,-0.058291,0.003948,2.193690,0.000000,0.000000
18.959999,2.341664,-0.031276,0.001218,2.214687,0.000000,0.000000
17.350000,2.474801,-0.029273,0.001218,2.215157,0.000000,0.000000
19.660000,2.542300,-0.058291,0.003948,2.215692,0.000000,0.000000
16.120001,2.579637,0.064768,0.004874,2.203521,0.000000,0.000000
20.200001,2.266094,-0.068808,0.005897,2.229292,0.000000,0.000000
20.379999,2.447121,-0.043608,0.002388,2.235108,0.058800,0.010966
16.129999,2.326347,0.036611,0.001755,2.230153,0.057781,0.010966
19.850000,2.627023,-0.032427,0.001218,2.249228,0.000000,0.000000
17.190001,2.536775,-0.060763,0.002827,2.225249,0.110481,0.043865
18.780001,2.494703,0.003630,0.001218,2.277409,0.000000,0.000000
22.139999,2.574947,-0.019430,0.000439,2.271347,0.000000,0.000000
18.950001,2.598043,-0.020121,0.000439,2.290034,0.000000,0.000000
17.010000,2.384964,-0.017590,0.000439,2.305447,0.000000,0.000000
18.430000,2.560358,0.049974,0.003119,2.303969,0.000000,0.000000
16.830000,4.071625,0.000000,0.000000,2.318735,0.000000,0.000000
22.160000,2.303450,-0.032384,0.001218,2.331992,0.000000,0.000000
18.620001,2.481726,-0.042594,0.002388,2.355641,0.000000,0.000000
18.610001,2.649185,0.000000,0.000000,2.370981,0.000000,0.000000
20.000000,2.539740,0.012971,0.000195,2.388658,0.000000,0.000000
17.360001,2.539740,-0.058368,0.003948,2.385446,0.000000,0.000000
21.620001,2.476202,0.051883,0.003119,2.400113,0.000000,0.000000
20.020000,2.517626,0.012851,0.000195,2.417905,0.000000,0.000000
18.959999,2.750382,-0.005863,0.000634,2.429715,0.000000,0.000000
21.260000,2.809031,0.038861,0.001755,2.445439,0.000000,0.000000
18.790001,2.478070,-0.019430,0.000439,2.451766,0.000000,0.000000
19.330000,2.588870,-0.063967,0.003948,2.467099,0.000000,0.000000
21.959999,2.548449,0.051814,0.003119,2.472683,0.000000,0.000000
19.480000,2.383350,0.000000,0.000000,2.488211,0.000000,0.000000
23.540001,2.450430,0.025907,0.000780,2.498891,0.000000,0.000000
18.059999,2.535714,0.012579,0.000195,2.507730,0.000000,0.000000
18.059999,2.591941,-0.058573,0.006092,2.519177,0.000000,0.000000
24.100000,2.638988,-0.021927,0.001413,2.533928,0.000000,0.000000
18.790001,2.685399,0.042645,0.001755,2.546344,0.000000,0.000000
23.379999,2.778970,0.029350,0.000780,2.544845,0.129655,0.010966
19.129999,2.453908,-0.019899,0.001413,2.547433,0.000000,0.000000
18.790001,2.567868,-0.037557,0.000877,2.554519,0.000000,0.000000
22.680000,2.593455,-0.017735,0.001413,2.566761,0.000000,0.000000
20.910000,2.563102,-0.032776,0.002583,2.572821,0.000000,0.000000
21.770000,2.298595,-0.033875,0.000877,2.577682,0.000000,0.000000
21.430000,2.733812,-0.037148,0.000877,2.583198,0.000000,0.000000
18.959999,2.723101,-0.010261,0.000634,2.610657,0.000000,0.000000
21.610001,2.762142,0.026896,0.000780,2.596427,0.000000,0.000000
23.750000,2.728960,0.026299,0.000390,2.612896,0.000000,0.000000
21.969999,2.431199,0.059058,0.007457,2.611706,0.000000,0.000000
25.180000,2.360878,0.025439,0.004338,2.620149,0.000000,0.000000
18.059999,2.789898,-0.105248,0.007116,2.635426,0.000000,0.000000
21.969999,2.882109,-0.022064,0.000439,2.640193,0.000000,0.000000
26.940001,2.510735,-0.076929,0.004386,2.651778,0.000000,0.000000
19.860001,2.649112,-0.038554,0.000877,2.644278,0.000000,0.000000
23.920000,2.876021,-0.083713,0.003607,2.646646,0.000000,0.000000
19.680000,2.728256,0.039193,0.003558,2.663946,0.000000,0.000000
19.309999,2.655338,0.046693,0.005313,2.667225,0.000000,0.000000
24.090000,2.619626,0.038145,0.000975,2.662686,0.000000,0.000000
19.490000,2.744977,0.032921,0.003558,2.666095,0.000000,0.000000
24.629999,2.842179,0.014709,0.000195,2.643658,0.083089,0.010966
22.160000,2.654835,-0.005897,0.000634,2.667212,0.000000,0.000000
18.950001,2.632221,0.014973,0.001218,2.671239,0.000000,0.000000
23.209999,2.683185,0.000000,0.000000,2.685598,0.000000,0.000000
16.670000,3.020659,-0.038648,0.001218,2.696147,0.000000,0.000000
21.950001,2.564093,0.000000,0.000000,2.700637,0.000000,0.000000
26.400000,2.679665,-0.005454,0.000634,2.693299,0.000000,0.000000
16.120001,2.770254,0.013738,0.000195,2.704301,0.000000,0.000000
20.730000,2.628067,0.000000,0.000000,2.716705,0.000000,0.000000
17.709999,2.810100,0.037608,0.003558,2.715932,0.000000,0.000000
20.900000,2.603540,-0.032384,0.001218,2.717138,0.000000,0.000000
26.730000,2.481790,0.025907,0.000780,2.730788,0.000000,0.000000
18.959999,2.481452,0.045065,0.003119,2.741010,0.000000,0.000000
18.610001,2.713355,0.066200,0.003314,2.729854,0.000000,0.000000
22.870001,2.413949,0.051814,0.003119,2.746861,0.000000,0.000000
18.780001,2.758017,-0.087411,0.008237,2.759001,0.000000,0.000000
25.530001,2.700423,-0.049692,0.002388,2.771263,0.000000,0.000000
24.959999,2.641806,0.038912,0.001755,2.778643,0.000000,0.000000
16.820000,2.336539,0.038861,0.001755,2.782369,0.000000,0.000000
25.520000,2.475506,-0.058291,0.003948,2.806234,0.000000,0.000000
16.480000,2.854827,-0.006392,0.000634,2.802242,0.000000,0.000000
24.100000,2.343731,-0.016848,0.000439,2.817764,0.000000,0.000000
28.160000,2.876709,0.014198,0.000195,2.824803,0.000000,0.000000
17.020000,3.022927,-0.037923,0.001218,2.841897,0.000000,0.000000
27.290001,2.830848,-0.049692,0.002388,2.840587,0.000000,0.000000
18.610001,2.963979,0.043378,0.000975,2.862695,0.000000,0.000000
20.350000,2.822475,-0.034302,0.001218,2.875782,0.000000,0.000000
29.559999,2.441224,-0.017564,0.000439,2.883639,0.000000,0.000000
20.920000,2.402320,-0.039253,0.002388,2.884598,0.000000,0.000000
28.000000,2.703389,0.000000,0.000000,2.884502,0.000000,0.000000
21.610001,2.612069,0.064853,0.004874,2.893495,0.000000,0.000000
18.770000,2.716343,0.000000,0.000000,2.912391,0.000000,0.000000
28.000000,2.801816,-0.033620,0.001218,2.901388,0.000000,0.000000
25.709999,2.443716,0.037480,0.001755,2.916599,0.000000,0.000000
17.180000,2.767712,0.069217,0.003314,2.930058,0.000000,0.000000
31.860001,3.018075,0.068603,0.004874,3.091851,0.000000,0.000000
17.719999,2.982423,-0.035537,0.001218,3.088298,0.000000,0.000000
21.799999,2.839485,0.000000,0.000000,3.092016,0.000000,0.000000
20.389999,2.761680,-0.059902,0.003948,3.101842,0.000000,0.000000
17.709999,2.974562,0.028396,0.000780,3.103564,0.000000,0.000000
32.410000,2.798393,-0.032384,0.001218,3.111166,0.000000,0.000000
23.570000,3.225332,0.057166,0.001950,3.116359,0.000000,0.000000
15.790000,2.670006,-0.019430,0.000439,3.127382,0.000000,0.000000
24.260000,2.654284,0.000000,0.000000,3.129198,0.000000,0.000000
15.230000,2.695975,0.026794,0.000780,3.128720,0.000000,0.000000
29.770000,2.865320,-0.097152,0.010966,3.129859,0.000000,0.000000
27.969999,2.772502,0.013209,0.000195,3.125439,0.000000,0.000000
16.299999,2.833530,0.094902,0.007213,3.115143,0.000000,0.000000
30.820000,2.580126,-0.018902,0.003168,3.096738,0.000000,0.000000
16.299999,2.494825,0.124644,0.011307,3.064836,0.142076,0.010966
25.160000,2.877296,0.000000,0.000000,3.082875,0.000000,0.000000
33.119999,2.786566,0.006937,0.001218,3.082156,0.000000,0.000000
17.719999,2.855198,-0.021297,0.000439,3.085019,0.000000,0.000000
33.320000,3.111926,0.012954,0.000195,3.085134,0.000000,0.000000
20.370001,2.958447,0.013772,0.000195,3.086451,0.000000,0.000000
16.650000,3.553489,-0.025311,0.000439,3.086504,0.000000,0.000000
33.299999,2.884274,-0.092286,0.008237,3.090236,0.000000,0.000000
22.680000,2.949886,-0.046616,0.004143,3.094968,0.000000,0.000000
32.779999,2.883932,0.014198,0.000195,3.106625,0.000000,0.000000
23.389999,3.207478,-0.035452,0.001218,3.094269,0.000000,0.000000
17.700001,2.938001,0.000000,0.000000,3.112467,0.000000,0.000000
29.400000,2.669205,-0.018152,0.000439,3.111557,0.000000,0.000000
28.180000,2.931015,0.014198,0.000195,3.112208,0.000000,0.000000
25.840000,3.045377,0.013738,0.000195,3.124210,0.000000,0.000000
31.190001,2.774319,0.025907,0.000780,3.119500,0.290064,0.043865
17.010000,2.652673,0.077091,0.005069,3.096379,0.000000,0.000000
21.780001,2.769972,-0.058291,0.003948,3.106418,0.000000,0.000000
34.200001,2.945647,0.028430,0.000780,3.100292,0.000000,0.000000
19.309999,3.070012,0.000000,0.000000,3.117046,0.000000,0.000000
34.180000,2.758966,-0.049317,0.004143,3.105873,0.000000,0.000000
19.500000,3.115681,0.000000,0.000000,3.084908,0.000000,0.000000
16.840000,2.536008,0.000000,0.000000,2.997351,0.281497,0.043865
33.630001,3.286783,-0.039756,0.001218,3.090408,0.000000,0.000000
16.820000,3.199658,0.028362,0.000780,3.073472,0.000000,0.000000
30.820000,2.959296,-0.035495,0.001218,3.076123,0.000000,0.000000
26.740000,2.708551,-0.035597,0.002583,3.083661,0.000000,0.000000
17.530001,3.131467,0.028362,0.000780,3.090105,0.000000,0.000000
26.389999,2.746135,-0.063890,0.003948,3.094407,0.000000,0.000000
16.120001,2.884218,0.013755,0.000195,3.083657,0.000000,0.000000
24.650000,2.760381,-0.019405,0.000439,3.100148,0.000000,0.000000
32.209999,3.094085,-0.018766,0.000439,3.103023,0.000000,0.000000
18.240000,2.742532,-0.021271,0.000439,3.107782,0.000000,0.000000
20.020000,2.726439,-0.045338,0.002388,3.108171,0.000000,0.000000
35.240002,2.899723,-0.063890,0.003948,3.116175,0.000000,0.000000
17.540001,3.021173,-0.035452,0.001218,3.105300,0.000000,0.000000
33.650002,2.969417,-0.019993,0.000439,3.134793,0.000000,0.000000
23.570000,3.164343,-0.033552,0.002583,3.118706,0.000000,0.000000
16.459999,2.755286,-0.027612,0.005702,3.118411,0.000000,0.000000
32.410000,2.733508,0.124679,0.009748,3.132240,0.000000,0.000000
17.360001,3.161391,0.056416,0.001950,3.123717,0.000000,0.000000
30.480000,2.747396,0.012954,0.000195,3.129109,0.000000,0.000000
27.980000,2.761724,0.028362,0.000780,3.125802,0.000000,0.000000
18.070000,3.899006,-0.020658,0.000439,3.105246,0.000000,0.000000
26.389999,3.005141,0.066899,0.004874,3.102858,0.000000,0.000000
17.350000,2.926712,0.013516,0.000195,3.092077,0.000000,0.000000
22.860001,2.889116,0.055087,0.003119,3.100210,0.000000,0.000000
35.049999,2.923390,0.027543,0.000780,3.083091,0.000000,0.000000
18.959999,2.993375,0.000000,0.000000,3.079708,0.000000,0.000000
19.660000,3.149836,-0.072830,0.002827,3.076352,0.000000,0.000000
19.299999,3.005096,0.025873,0.000780,3.079652,0.000000,0.000000
17.719999,2.884941,0.002974,0.001218,3.093356,0.000000,0.000000
33.669998,3.024495,-0.034429,0.001218,3.094321,0.000000,0.000000
22.309999,2.621879,-0.018817,0.000439,3.084628,0.000000,0.000000
17.000000,3.578786,0.085477,0.004874,3.097606,0.000000,0.000000
26.230000,2.814524,0.013772,0.000195,3.090019,0.000000,0.000000
17.900000,3.329015,-0.035452,0.001218,3.092082,0.000000,0.000000
27.270000,2.811305,0.012545,0.000195,3.093161,0.000000,0.000000
30.969999,3.405257,-0.069336,0.003948,3.115116,0.000000,0.000000
18.250000,3.136352,-0.061973,0.003948,3.106802,0.000000,0.000000
31.520000,3.026417,-0.060055,0.003948,3.115621,0.000000,0.000000
17.719999,2.894774,0.011300,0.000195,3.121833,0.000000,0.000000
22.870001,3.254488,0.000000,0.000000,3.120507,0.000000,0.000000
33.320000,3.572617,0.016243,0.000195,3.135773,0.000000,0.000000
19.299999,3.138508,0.055087,0.003119,3.128071,0.000000,0.000000
32.590000,3.338298,-0.049513,0.002388,3.132908,0.000000,0.000000
21.780001,2.766336,0.012545,0.000195,3.137980,0.000000,0.000000
18.590000,3.006978,-0.061973,0.003948,3.153687,0.000000,0.000000
32.610001,3.198711,0.049854,0.001755,3.150414,0.000000,0.000000
25.860001,2.976301,0.013397,0.000195,3.154616,0.000000,0.000000
30.969999,3.382704,-0.043642,0.000877,3.159121,0.000000,0.000000
26.920000,2.974977,0.012954,0.000195,3.160643,0.000000,0.000000
17.549999,2.885203,-0.058215,0.003948,3.169508,0.000000,0.000000
27.430000,3.011586,-0.007687,0.000634,3.172168,0.000000,0.000000
30.799999,2.786462,0.053451,0.001560,3.184929,0.000000,0.000000
24.250000,3.440870,0.117946,0.007798,3.187418,0.000000,0.000000
33.139999,2.988392,-0.066421,0.002827,3.188633,0.000000,0.000000
18.760000,2.917793,0.023214,0.002193,3.187150,0.000000,0.000000
20.719999,3.051403,-0.048141,0.002388,3.061365,0.294396,0.043865
32.209999,2.799061,0.041315,0.001755,3.052709,0.292882,0.043865
18.950001,3.201224,0.058087,0.001950,3.128042,0.000000,0.000000
30.990000,3.220221,-0.034429,0.001218,3.076198,0.147751,0.010966
24.280001,3.120391,0.044997,0.001755,3.115093,0.000000,0.000000
17.889999,4.974165,0.091357,0.003119,3.108355,0.000000,0.000000
29.580000,3.181498,-0.115176,0.010966,3.120989,0.000000,0.000000
17.910000,3.205123,0.013772,0.000195,3.123817,0.000000,0.000000
27.799999,3.087267,-0.052496,0.002388,3.139948,0.000000,0.000000
27.799999,3.226378,0.015408,0.000195,3.133043,0.000000,0.000000
18.590000,3.503144,0.000000,0.000000,3.137605,0.000000,0.000000
25.490000,3.587480,0.059996,0.003119,3.141238,0.000000,0.000000
19.850000,3.383672,-0.089516,0.008237,3.139204,0.000000,0.000000
24.620001,3.015131,-0.020121,0.000439,3.133013,0.000000,0.000000
31.660000,3.026178,0.040241,0.001755,3.149213,0.000000,0.000000
21.620001,3.294048,0.053723,0.003119,3.149166,0.000000,0.000000
21.959999,3.182603,-0.075745,0.005897,3.147940,0.000000,0.000000
21.959999,2.698746,-0.034429,0.001218,3.161475,0.000000,0.000000
20.379999,2.973308,0.000000,0.000000,3.166852,0.000000,0.000000
30.299999,3.113414,-0.019055,0.001413,3.159154,0.000000,0.000000
24.100000,3.074570,-0.021220,0.000439,3.168038,0.000000,0.000000
19.139999,3.493550,0.029913,0.000390,3.171953,0.000000,0.000000
25.490000,3.466430,-0.038520,0.001218,3.167879,0.000000,0.000000
20.370001,3.449012,0.014880,0.000195,3.172311,0.000000,0.000000
30.320000,2.931563,-0.060362,0.003948,3.167841,0.000000,0.000000
27.290001,3.438637,-0.089252,0.004386,3.177460,0.000000,0.000000
20.730000,3.366135,0.092141,0.007018,3.183844,0.000000,0.000000
28.530001,3.158441,0.041315,0.001755,3.181134,0.000000,0.000000
18.959999,3.084867,-0.070163,0.006092,3.184395,0.000000,0.000000
26.030001,2.932717,-0.095056,0.008237,3.186282,0.000000,0.000000
30.660000,3.202428,0.010158,0.001218,3.191183,0.000000,0.000000
21.440001,2.840628,0.068995,0.003314,3.200615,0.000000,0.000000
30.459999,3.181578,0.071586,0.003314,3.193079,0.000000,0.000000
22.860001,3.042868,-0.067418,0.003948,3.131407,0.151228,0.010966
22.139999,2.925485,-0.015059,0.001413,2.995674,0.437583,0.098696
30.299999,3.001566,0.081778,0.003168,3.123102,0.000000,0.000000
23.730000,3.227659,-0.023061,0.000439,3.088862,0.000000,0.000000
20.379999,3.239171,0.026896,0.000780,3.111197,0.000000,0.000000
24.969999,2.963809,-0.036645,0.001218,3.103604,0.000000,0.000000
20.900000,3.284040,-0.065808,0.003948,3.102143,0.000000,0.000000
29.219999,3.093257,-0.020658,0.000439,3.111522,0.000000,0.000000
25.690001,3.168782,-0.087411,0.008237,3.111698,0.000000,0.000000
19.670000,3.311890,-0.049454,0.002388,3.096480,0.000000,0.000000
26.020000,3.179034,0.015016,0.000195,3.116924,0.000000,0.000000
20.730000,3.345720,0.029964,0.000780,3.102070,0.000000,0.000000
27.290001,3.309739,0.067154,0.004874,3.130440,0.000000,0.000000
28.340000,3.104614,0.026282,0.002193,3.127785,0.000000,0.000000
21.809999,3.331064,-0.032256,0.001218,3.124118,0.000000,0.000000
28.889999,3.174351,0.014982,0.000195,3.122967,0.000000,0.000000
23.400000,3.587265,-0.097493,0.008237,3.134681,0.000000,0.000000
21.250000,3.587265,-0.052496,0.002388,3.118419,0.000000,0.000000
29.930000,3.175719,0.044946,0.001755,3.124308,0.000000,0.000000
23.730000,2.933782,-0.034387,0.001218,3.135348,0.000000,0.000000
30.459999,3.177850,0.116975,0.009748,3.128589,0.000000,0.000000
23.549999,3.371473,0.029998,0.000780,3.141915,0.000000,0.000000
20.549999,3.699884,0.016226,0.000195,3.147354,0.000000,0.000000
30.280001,3.420564,-0.061896,0.003948,3.149390,0.000000,0.000000
23.570000,3.165164,0.000000,0.000000,3.143077,0.000000,0.000000
30.129999,3.000465,0.000000,0.000000,3.152155,0.000000,0.000000
27.260000,3.357462,0.029998,0.000780,3.145415,0.000000,0.000000
21.090000,3.372901,0.047605,0.001755,3.141575,0.000000,0.000000
27.290001,3.310707,0.063677,0.003314,3.147669,0.000000,0.000000
28.709999,2.715297,0.014658,0.000195,3.162738,0.000000,0.000000
24.809999,3.376558,-0.052496,0.002388,3.157957,0.000000,0.000000
29.040001,3.748310,0.000000,0.000000,3.147452,0.000000,0.000000
22.150000,3.224841,0.060064,0.003119,3.161400,0.000000,0.000000
22.500000,3.662033,0.017095,0.000195,3.157739,0.000000,0.000000
32.250000,3.373590,-0.050988,0.001657,3.158730,0.000000,0.000000
21.260000,3.528830,-0.022473,0.000439,3.168982,0.000000,0.000000
32.060001,3.735866,0.030577,0.000390,3.170576,0.000000,0.000000
23.209999,3.170361,0.014658,0.000195,3.147547,0.000000,0.000000
21.799999,3.738233,-0.099734,0.006336,3.052233,0.149608,0.010966
30.639999,3.280522,-0.038392,0.002583,3.060749,0.000000,0.000000
21.100000,3.029746,0.026896,0.000390,3.097502,0.000000,0.000000
29.379999,3.138360,-0.088323,0.011161,3.112105,0.000000,0.000000
25.690001,3.406788,0.029844,0.000390,3.111237,0.000000,0.000000
19.850000,3.276597,0.082630,0.003899,3.119964,0.000000,0.000000
26.559999,3.297311,0.046360,0.005313,3.097206,0.000000,0.000000
21.070000,3.255215,0.013755,0.000195,3.105734,0.000000,0.000000
24.790001,3.379385,-0.003869,0.000634,3.113281,0.000000,0.000000
31.170000,3.261723,-0.035367,0.001218,3.106408,0.000000,0.000000
20.200001,3.541265,0.000000,0.000000,3.107038,0.000000,0.000000
21.969999,3.099392,-0.005113,0.000634,3.112872,0.000000,0.000000
20.020000,3.290529,-0.036006,0.001218,3.105937,0.000000,0.000000
22.330000,3.461288,-0.023751,0.000439,3.108877,0.000000,0.000000
31.879999,3.294918,-0.036756,0.002583,3.097689,0.000000,0.000000
21.100000,3.520104,0.000000,0.000000,3.100405,0.000000,0.000000
21.440001,3.445946,0.000000,0.000000,3.087707,0.000000,0.000000
22.860001,3.314111,-0.021604,0.000439,3.097526,0.000000,0.000000
20.020000,3.437033,0.029282,0.000780,3.108286,0.000000,0.000000
28.510000,3.256258,0.028055,0.000390,3.082669,0.000000,0.000000
25.490000,3.040890,0.013005,0.000195,3.103327,0.000000,0.000000
18.950001,3.623003,-0.021629,0.000439,3.101847,0.000000,0.000000
27.980000,2.857226,-0.019839,0.000439,3.098045,0.000000,0.000000
19.340000,3.516005,0.014402,0.000195,3.086038,0.000000,0.000000
25.520000,3.923470,0.000000,0.000000,3.095569,0.000000,0.000000
30.270000,3.154808,-0.021604,0.000439,3.101856,0.000000,0.000000
19.490000,3.597133,0.028805,0.000780,3.101306,0.000000,0.000000
31.900000,3.665920,0.014931,0.000195,3.105019,0.000000,0.000000
19.309999,3.605570,0.015595,0.000195,3.117410,0.000000,0.000000
21.780001,3.215244,-0.021297,0.000439,3.113134,0.000000,0.000000
31.170000,3.687593,-0.023393,0.000439,3.108295,0.000000,0.000000
22.330000,3.501120,0.000000,0.000000,3.110338,0.000000,0.000000
31.190001,3.553513,-0.021885,0.000439,3.099651,0.000000,0.000000
25.160000,3.316630,-0.021629,0.000439,3.116168,0.000000,0.000000
18.590000,2.620938,0.013243,0.000195,3.106655,0.000000,0.000000
29.750000,3.213112,0.014402,0.000195,3.101322,0.000000,0.000000
28.160000,3.459988,-0.009093,0.000634,3.115731,0.000000,0.000000
27.980000,3.593863,-0.023368,0.000439,3.110881,0.000000,0.000000
29.590000,3.853805,-0.058581,0.002388,3.104638,0.000000,0.000000
18.110001,3.178963,-0.064044,0.003948,3.115063,0.000000,0.000000
25.840000,3.419167,0.000000,0.000000,3.096788,0.000000,0.000000
31.700001,3.347532,-0.054405,0.002388,3.126997,0.000000,0.000000
22.700001,3.851964,0.000000,0.000000,3.099075,0.000000,0.000000
33.299999,3.286365,0.000000,0.000000,3.114000,0.000000,0.000000
20.379999,3.563502,0.042730,0.000975,3.096307,0.000000,0.000000
21.260000,3.385366,0.014249,0.000195,3.091348,0.000000,0.000000
32.919998,3.482038,0.000000,0.000000,3.092507,0.000000,0.000000
18.790001,3.697844,-0.023010,0.000439,3.086533,0.000000,0.000000
31.700001,3.424135,0.076869,0.004874,3.048709,0.000000,0.000000
24.110001,3.384270,-0.099197,0.006336,3.084438,0.000000,0.000000
16.840000,3.249918,-0.035580,0.001218,3.084248,0.000000,0.000000
28.500000,3.602733,-0.022959,0.000439,3.086832,0.000000,0.000000
17.379999,3.382123,0.085494,0.007018,3.098610,0.000000,0.000000
29.040001,3.641821,0.122582,0.012477,3.079221,0.000000,0.000000
29.930000,3.932372,0.032725,0.000780,3.070046,0.000000,0.000000
17.900000,3.413383,0.015323,0.000195,3.073889,0.000000,0.000000
25.840000,3.324336,0.014266,0.000195,3.069716,0.000000,0.000000
17.910000,3.367790,0.082238,0.004874,3.059784,0.000000,0.000000
22.700001,3.690937,0.000000,0.000000,3.071839,0.000000,0.000000
32.759998,3.629559,0.015323,0.000195,3.063780,0.000000,0.000000
20.209999,3.694521,-0.038435,0.001218,3.060859,0.000000,0.000000
19.860001,3.443979,0.009153,0.001218,3.052664,0.000000,0.000000
32.610001,3.443763,-0.033108,0.001218,3.042424,0.000000,0.000000
18.969999,3.668392,0.045815,0.001755,3.059834,0.000000,0.000000
32.410000,3.650446,-0.040906,0.001218,3.039526,0.000000,0.000000
24.620001,3.631104,-0.083994,0.005897,3.057492,0.000000,0.000000
16.480000,3.739464,-0.122974,0.010966,3.046311,0.000000,0.000000
27.270000,3.457254,-0.049752,0.002388,3.048147,0.000000,0.000000
15.590000,3.548244,-0.022984,0.000439,3.036904,0.000000,0.000000
27.629999,5.586746,0.098516,0.003119,3.032375,0.000000,0.000000
30.129999,3.574642,-0.100263,0.008237,3.031305,0.000000,0.000000
17.709999,3.877805,0.030782,0.000780,3.032272,0.000000,0.000000
31.190001,3.228633,-0.038179,0.001218,3.036790,0.000000,0.000000
17.200001,3.553899,-0.022856,0.000439,3.034619,0.000000,0.000000
21.780001,3.474089,0.000000,0.000000,3.041589,0.000000,0.000000
33.650002,3.386931,0.071330,0.004874,3.020975,0.000000,0.000000
19.680000,2.841306,-0.098175,0.010966,3.024544,0.000000,0.000000
18.590000,3.548476,0.046019,0.001755,3.011367,0.000000,0.000000
23.040001,3.761658,-0.130243,0.014086,3.027954,0.000000,0.000000
15.960000,3.483590,0.015323,0.000195,3.024584,0.000000,0.000000
31.740000,3.805499,-0.068952,0.003948,3.028100,0.000000,0.000000
25.520000,3.432575,0.014300,0.000195,3.014275,0.000000,0.000000
30.820000,3.232805,-0.069413,0.003948,3.032654,0.000000,0.000000
26.920000,3.348400,0.014351,0.000195,3.005775,0.000000,0.000000
15.950000,3.704875,-0.098933,0.008237,3.023710,0.000000,0.000000
27.799999,3.492433,-0.036006,0.001218,3.007260,0.000000,0.000000
31.190001,3.613485,0.015203,0.000195,3.007857,0.000000,0.000000
17.360001,3.682649,-0.069489,0.003948,3.004783,0.000000,0.000000
33.119999,3.814706,-0.053630,0.002388,2.996735,0.000000,0.000000
18.620001,3.759897,0.092652,0.007018,2.996088,0.000000,0.000000
19.150000,3.853343,-0.107123,0.010966,2.989785,0.000000,0.000000
34.910000,3.506192,-0.055505,0.004143,2.972003,0.000000,0.000000
17.190001,3.566681,0.015442,0.000195,2.970495,0.000000,0.000000
33.849998,3.762402,-0.023163,0.000439,2.969302,0.000000,0.000000
21.809999,3.457109,-0.005020,0.000634,2.953354,0.000000,0.000000
14.710000,3.824326,-0.131258,0.014086,2.946658,0.000000,0.000000
32.590000,3.820869,-0.026828,0.001413,2.934971,0.000000,0.000000
15.080000,3.442351,0.061291,0.003119,2.931307,0.000000,0.000000
29.190001,3.664099,0.032657,0.000780,2.939455,0.000000,0.000000
28.889999,3.779299,-0.080244,0.005897,2.928406,0.000000,0.000000
16.129999,3.742602,0.015442,0.000195,2.932993,0.000000,0.000000
24.990000,3.607669,-0.078557,0.005897,2.912427,0.000000,0.000000
32.740002,3.886028,-0.054584,0.002388,2.918461,0.000000,0.000000
21.990000,3.727479,-0.078557,0.005897,2.917428,0.000000,0.000000
33.119999,3.650568,-0.054167,0.004143,2.910393,0.000000,0.000000
17.920000,3.386183,0.000000,0.000000,2.909824,0.000000,0.000000
17.389999,3.501889,0.000000,0.000000,2.918300,0.000000,0.000000
34.380001,3.565140,-0.051065,0.002388,2.918199,0.000000,0.000000
15.250000,3.620633,-0.021655,0.000439,2.915298,0.000000,0.000000
32.779999,3.588484,-0.064964,0.003948,2.918392,0.000000,0.000000
23.920000,3.596677,0.015306,0.000195,2.920047,0.000000,0.000000
15.250000,3.979982,-0.112671,0.008237,2.919911,0.000000,0.000000
25.520000,3.650084,0.043361,0.001755,2.902739,0.000000,0.000000
15.950000,3.782239,0.030884,0.000780,2.909977,0.000000,0.000000
28.190001,3.755709,-0.038222,0.001218,2.891144,0.000000,0.000000
28.549999,3.697984,-0.008854,0.000634,2.899448,0.000000,0.000000
15.770000,3.975722,0.061768,0.003119,2.887034,0.000000,0.000000
23.389999,3.758906,-0.023163,0.000439,2.900007,0.000000,0.000000
17.010000,3.453652,0.000000,0.000000,2.892604,0.000000,0.000000
19.469999,3.536627,-0.009647,0.000634,2.899795,0.000000,0.000000
34.709999,3.622706,0.205690,0.016815,2.894311,0.000000,0.000000
18.790001,3.158136,0.207462,0.014280,2.890724,0.000000,0.000000
17.540001,3.221093,0.631940,0.131205,2.893425,0.000000,0.000000
18.080000,3.174336,0.195821,0.032411,2.871353,0.000000,0.000000
13.820000,3.157519,0.604048,0.150847,2.868311,0.079336,0.010966
31.370001,3.587346,0.189191,0.017546,2.857826,0.000000,0.000000
123.660004,263.815979,118.545547,54.216145,2.841392,0.000000,0.000000
54.500000,285.381256,124.906395,75.918854,2.279316,5.006680,12.380871
61.770000,113.037460,111.017349,114.915436,0.467649,0.422709,4.967701
9.770000,0.645491,5.871209,111.038750,0.907589,2.539005,10.275354
14.180000,0.288410,-3.416414,82.458618,0.619151,0.186892,0.328987
14.900000,0.470598,-2.416872,136.500534,0.974622,0.105755,1.370779
10.820000,0.156364,2.234985,125.241379,0.993455,0.123173,0.274156
17.730000,0.204739,2.718512,98.477448,0.982936,0.046159,0.285122
12.250000,0.406888,4.449575,84.700836,0.980944,0.072872,0.219325
13.300000,2.148881,12.403395,80.879585,0.955199,0.038173,0.318021
24.290001,4.644094,17.536085,78.595871,0.960097,0.000000,0.000000
14.710000,3.970185,14.873274,75.270233,0.931458,0.000000,0.000000
21.280001,4.143713,15.813688,72.051620,0.945822,0.000000,0.000000
16.129999,2.527767,11.334311,70.044563,0.945485,0.000000,0.000000
14.010000,6.105402,12.805330,60.724922,1.222430,-1.615567,10.538544
18.620001,6.834702,6.568667,43.073292,2.347861,-4.149072,12.852417
22.850000,19.866390,13.897799,25.425320,1.835684,-3.521197,14.310925
26.920000,27.879509,14.441765,11.603876,2.625876,-4.328496,11.328113
25.690001,26.058823,11.654725,5.836421,1.473655,-1.203207,7.654427
20.549999,28.871742,5.936327,1.324428,1.712816,-2.205059,4.386491
20.730000,33.750465,4.133013,0.987107,1.345448,-1.201329,3.443395
21.100000,28.609669,2.633470,0.780990,1.399658,-1.093620,1.579137
18.100000,23.771626,1.528876,0.584719,1.325083,-0.958877,1.326914
19.150000,26.611492,0.044170,0.175703,1.252372,-0.665296,0.701839
22.330000,57.626167,4.737095,0.507468,1.110838,-0.148571,0.043865
23.230000,40.581219,0.314619,0.005166,1.042535,0.000000,0.000000
31.330000,81.495361,1.021947,0.019008,1.055593,0.000000,0.000000
33.240002,121.198860,4.077082,0.153332,1.064630,0.000000,0.000000
53.009998,197.623444,27.709232,3.929564,1.067144,0.000000,0.000000
64.809998,195.992859,37.159279,8.384290,1.222089,-0.667794,0.701839
64.139999,153.275986,47.673363,16.567631,1.309781,-0.719810,0.701839
46.820000,111.794250,41.631939,17.924370,1.440737,-1.369869,2.149381
23.570000,50.649254,23.693823,12.732422,1.605476,-1.712723,2.807354
44.930000,75.881897,31.051870,13.300425,1.580002,-1.268008,3.202138
30.090000,78.841423,25.922153,9.933452,1.573983,-1.842923,3.180206
29.950001,51.316208,14.432833,6.192263,1.574211,-1.858033,3.169239
32.939999,57.607346,9.165910,3.165730,1.676488,-1.841696,2.807354
28.670000,71.364372,5.662486,0.842645,1.339029,-0.779609,0.701839
22.500000,58.904877,1.153460,0.082563,1.341692,0.000000,0.000000
21.090000,57.737106,-0.181794,0.001413,1.086341,-0.166373,0.043865
36.480000,77.653862,-0.008718,0.000877,1.029915,0.188350,0.098696
27.820000,94.751160,0.530962,0.007116,1.078297,0.000000,0.000000
27.799999,78.857201,-0.215260,0.001218,1.094967,0.000000,0.000000
26.049999,85.328979,-0.099197,0.000439,1.105773,0.000000,0.000000
31.490000,85.950562,0.395767,0.007018,1.122587,0.000000,0.000000
30.090000,86.193184,0.757795,0.021689,1.133399,0.000000,0.000000
24.090000,87.330292,0.000000,0.000000,1.153694,0.000000,0.000000
28.670000,89.666206,0.095618,0.000439,1.164088,0.000000,0.000000
32.209999,89.104652,0.000000,0.000000,1.174327,0.000000,0.000000
25.840000,88.558655,0.133286,0.000780,1.187820,0.000000,0.000000
28.870001,88.698853,0.095950,0.000439,1.208100,0.000000,0.000000
35.580002,89.671638,0.578370,0.005507,1.424587,0.000000,0.000000
53.860001,109.311546,5.091938,0.282636,2.634583,0.000000,0.000000
67.019997,155.503754,25.619762,16.699905,2.597091,4.032912,13.981939
60.070000,178.082642,53.970856,26.162296,2.921634,3.597821,9.661246
85.139999,151.373779,73.492340,58.639290,3.522237,4.152891,11.207484
53.259998,146.984253,86.820053,84.553802,2.604291,3.687149,23.632219
74.820000,142.116089,106.856224,102.969269,2.861717,3.187416,19.969498
36.950001,55.149624,56.495632,95.021622,1.542018,3.633405,96.722122
121.959999,107.457222,56.159157,49.160427,0.487666,0.846085,37.131645
70.199997,70.688217,49.471375,47.994205,1.736933,3.551351,40.191223
39.220001,70.557854,48.651505,38.304497,2.074267,0.377850,56.223846
103.919998,167.831482,145.918304,154.281448,1.976066,5.228363,24.959133
39.980000,32.073021,66.040329,172.645386,1.584531,0.731728,77.487350
105.150002,235.526749,177.174866,146.285461,1.003605,1.950045,16.811226
110.989998,181.836395,204.716339,262.889557,1.246395,3.110926,11.415843
84.400002,158.677094,202.277237,303.605103,1.786529,0.100454,12.830486
145.860001,184.035797,260.405090,380.364624,1.098563,2.930662,9.145833
132.000000,152.444122,240.367218,412.274597,2.251901,0.797550,3.202138
117.699997,145.431610,238.547836,419.720398,1.090106,3.018789,12.501498
128.110001,84.357567,187.380295,418.869965,0.894600,0.506594,6.546838
73.019997,116.863304,253.427094,556.259888,0.693751,0.337347,0.186426
159.970001,143.355057,266.717529,497.060852,0.705365,0.433766,0.570244
56.509998,42.808098,154.630081,625.256897,0.781565,0.491712,0.394784
144.360001,196.971970,381.270569,757.634094,0.644562,0.027586,0.010966
25.990000,10.341571,77.202423,615.806274,0.331013,0.210425,0.186426
119.629997,128.866257,349.094482,965.222778,0.721823,-0.064913,0.043865
138.039993,81.266014,244.429306,781.918701,0.559838,0.273569,0.153527
124.620003,117.127861,275.414429,757.027527,0.481599,0.576559,1.677833
125.239998,77.063797,235.741837,727.670898,0.977471,-1.464390,7.555731
146.899994,102.622559,304.847595,921.077454,0.328171,-0.164880,5.899830
87.529999,97.474640,318.978088,1209.916260,0.391609,0.000000,0.000000
73.900002,74.867020,283.884583,1331.206055,0.354720,-0.267110,11.953188
115.629997,81.925644,285.236420,1479.007446,0.406054,0.355924,0.811501
145.839996,81.523079,297.287750,1503.779663,0.299658,0.022278,0.010966
118.389999,78.088028,342.795197,1551.101929,0.291598,0.000000,0.000000
127.190002,92.216385,342.104126,1413.555908,0.191257,-0.030433,0.043865
140.070007,87.992279,311.833893,1341.274902,0.170772,0.295654,0.811501
102.199997,83.923447,317.531891,1430.147949,0.113193,0.096351,0.438649
127.440002,82.001152,339.832672,1582.028320,0.171776,0.107224,0.405750
140.250000,84.673325,356.606018,1620.192261,0.240355,0.007561,0.010966
119.410004,71.567299,338.256653,1721.599609,0.307645,0.106206,0.043865
157.050003,68.640038,339.619629,1844.861694,0.327673,0.000000,0.000000
156.509995,66.839668,348.389679,1940.483154,0.273532,0.109728,0.054831
120.879997,70.347893,359.913239,1922.411133,0.145683,0.269354,0.800535
158.610001,66.755676,352.920685,1937.963867,0.209959,-0.000780,0.010966
119.930000,71.749390,379.774323,2037.281494,0.235806,0.104071,0.274156
100.269997,65.423851,360.374176,2011.322021,0.080436,-0.086167,2.653827
119.629997,61.260689,355.396698,2085.030029,0.169132,-0.065001,0.175460
139.899994,57.693695,352.793518,2160.303955,0.128279,-0.017554,0.043865
114.300003,60.914162,355.805054,2192.299561,0.102578,-0.003997,0.010966
143.830002,57.027328,347.532898,2218.810791,0.115152,-0.012279,0.043865
153.649994,56.248932,352.009827,2262.573975,0.111974,0.000097,0.098696
131.240005,68.126900,346.294037,2260.804688,0.097281,-0.004163,0.010966
100.610001,81.025955,325.095642,2325.086670,0.278087,0.483385,1.579137
139.889999,65.018723,271.418365,2289.366455,0.100148,0.544175,18.489059
107.550003,53.886826,277.024231,2233.621582,0.216407,-0.624326,7.807954
110.199997,49.719383,337.062103,2344.930664,0.047983,0.012483,0.010966
110.050003,36.660519,291.619080,2362.259277,0.335314,-1.267576,4.836106
101.510002,29.032593,262.870178,2410.306641,0.037254,-0.514333,8.005345
109.809998,31.638613,279.050781,2542.610596,0.325492,-0.688397,1.579137
85.739998,24.079859,240.384415,2423.890381,0.082253,0.426012,3.136341
50.820000,9.575441,149.581528,2389.701660,0.167150,0.000000,0.000000
-12.240000,4.371290,-83.395760,2091.964844,0.078685,0.027055,0.010966
-24.170000,30.036558,-217.309357,1628.539673,0.032160,0.000000,0.000000
-3.900000,178.749222,-461.650635,1222.045654,0.432809,0.581690,0.997927
-7.800000,225.806763,-413.611145,763.746582,0.875179,2.337006,22.787819
-2.300000,199.746307,-324.854980,538.293335,1.819768,6.207808,34.949368
1.240000,187.335007,-287.440460,452.306396,0.141949,0.427246,96.184776
-10.460000,173.829269,-253.620605,386.388916,0.544484,0.737912,57.737183
-10.120000,149.375809,-194.992432,276.048035,2.961975,16.063400,110.122849
-1.590000,106.179123,-139.260254,206.321518,0.462307,-3.024516,159.723083
-9.390000,101.386200,-138.777161,211.863068,2.602500,2.138535,68.637611
23.790001,70.205811,-105.705856,212.155258,0.208684,0.945993,28.577988
-3.010000,44.841827,-59.527672,103.448311,2.821621,14.557284,95.954491
47.200001,121.173073,-71.974098,68.849442,0.171499,0.270727,75.897255
54.389999,71.782028,8.713121,51.375652,1.793513,4.914575,43.897808
33.939999,78.190842,-18.597097,13.030656,1.977153,6.860270,46.781925
36.970001,34.212990,3.828611,7.836904,4.006288,9.035791,22.722023
10.990000,17.101772,0.787256,0.492457,1.164859,1.971928,59.371155
48.349998,22.095318,6.841401,5.003232,5.330392,4.571345,4.309728
23.920000,17.155758,2.454080,1.015863,1.497344,2.792592,96.042221
40.130001,22.053917,6.940002,4.461646,2.104434,4.092501,8.652353
19.129999,25.021835,6.416351,3.992633,2.078768,8.115950,41.901955
29.500000,45.883511,4.720408,2.853266,1.026008,1.927364,42.428337
73.239998,186.498596,63.481941,26.639160,1.863602,1.724345,2.949915
90.430000,226.160858,81.960159,32.276920,1.210282,3.126483,9.211632
126.570000,232.246399,131.399796,80.879288,1.398466,2.243865,5.121228
128.559998,227.240570,158.620560,115.169266,1.340004,2.680349,6.568770
85.629997,204.211884,165.928375,141.431335,1.189104,2.533264,10.714005
93.720001,150.282196,156.276703,189.368195,1.490321,1.985425,6.502973
83.800003,118.610054,104.665009,131.103088,1.399535,2.881662,10.220524
121.500000,159.614746,163.079620,210.661484,0.945036,1.986429,17.381470
86.040001,159.722992,168.333328,229.336960,1.391815,2.472789,5.735336
57.849998,67.461617,100.075996,223.469574,1.005847,2.890149,22.031149
38.889999,32.658310,67.447632,223.999481,0.978859,2.722455,12.655026
16.830000,10.601454,29.412426,193.684937,0.813329,2.233919,15.999725
24.250000,3.299303,8.210402,155.929169,1.115983,1.513453,2.949915
13.290000,1.359668,-3.037513,120.263252,0.953571,1.715407,9.573517
12.570000,1.355454,-5.899119,67.788292,0.804363,1.122011,4.002673
8.680000,8.370287,-20.378738,56.133385,0.753691,1.200498,3.224071
5.130000,13.143029,-17.908646,25.324574,0.799262,0.261131,2.248077
10.990000,2.705762,-3.588535,6.103997,0.891348,0.482984,0.438649
9.040000,1.503356,2.652381,6.410223,0.783454,0.095135,0.701839
13.650000,7.047750,3.872714,4.052191,0.945046,0.457456,0.394784
31.860001,57.947964,5.151738,0.739514,0.774342,-0.006446,0.010966
12.760000,27.921133,4.625941,0.939733,0.906595,0.147781,0.043865
16.670000,16.507748,6.852113,3.093256,0.914286,0.000000,0.000000
17.889999,28.631260,10.034339,3.621194,0.893863,0.072996,0.010966
10.100000,3.328917,0.865949,0.415937,0.928602,0.000000,0.000000
23.750000,33.194366,7.809897,2.893183,0.926013,0.000000,0.000000
15.600000,28.224506,6.786510,1.724330,0.937726,0.000000,0.000000
11.170000,15.404230,3.636864,1.026829,0.939183,0.000000,0.000000
14.370000,11.406466,3.240202,1.235480,0.951142,0.000000,0.000000
16.670000,12.898756,3.270268,0.957425,0.948534,0.078586,0.010966
18.260000,17.807228,1.768526,0.318069,0.884950,0.148686,0.043865
19.139999,37.743652,4.209661,0.545241,0.903719,0.152257,0.043865
15.590000,28.628891,5.815117,1.234749,0.927955,0.000000,0.000000
15.790000,9.306376,2.521345,0.852051,0.921086,0.019529,0.010966
8.870000,4.428902,0.422569,0.070428,0.883022,0.000000,0.000000
15.780000,11.633643,0.607661,0.034117,0.924665,0.000000,0.000000
18.629999,27.577066,0.209610,0.008237,0.929463,0.000000,0.000000
13.310000,27.545231,2.039044,0.173169,0.844681,0.000000,0.000000
24.969999,46.922211,7.490744,1.309368,0.196796,-0.006237,0.010966
55.299999,82.101341,23.705168,7.820284,1.773524,5.116780,17.480165
33.259998,48.513481,10.007512,5.255552,1.186634,1.587566,56.508965
138.309998,323.142731,103.765350,35.137253,1.991561,2.961181,6.799061
144.800003,404.162476,119.188782,66.617439,0.903809,-0.040082,15.429482
46.090000,118.179947,63.046646,95.597221,1.518620,6.985845,62.244305
96.589996,197.167206,69.230080,27.964804,2.178126,0.964982,35.146759
43.970001,200.221619,59.608677,22.163622,1.739008,4.513049,51.815418
62.189999,131.340195,17.892174,7.735576,0.981114,1.340785,88.223297
133.509995,533.455444,153.621277,49.538155,2.037849,3.432477,11.733864
33.919998,89.749481,45.509193,23.837652,1.021198,2.890510,64.843300
142.089996,472.289276,103.878670,27.378281,0.814892,1.003967,16.240982
69.099998,399.872040,171.781738,87.310181,1.823482,3.000208,6.842926
157.869995,613.025696,57.786301,11.216501,0.642662,2.324144,23.281301
167.080002,260.584961,134.410950,95.057114,1.613060,1.652352,3.443396
118.059998,228.537842,136.745453,116.964081,0.908218,2.425127,12.951115
135.940002,269.552704,135.865387,104.651382,1.326692,1.204196,5.307654
101.459999,224.036682,131.779755,95.911934,1.144076,2.192840,10.966228
152.470001,461.330658,174.015305,70.693756,0.978501,1.209071,8.772983
162.759995,249.473236,132.959747,80.391945,1.104293,1.062417,2.116482
34.630001,22.460217,50.187668,119.535637,1.144256,1.942573,6.886791
137.880005,274.172333,222.542221,189.636917,0.976649,1.759287,7.643461
98.639999,304.334656,154.081833,101.220810,1.056199,1.558002,4.879971
25.469999,17.594633,47.465816,131.860214,0.501267,0.679241,15.484312
170.500000,298.986481,306.621582,316.819733,1.033296,1.013305,1.995854
134.699997,201.016632,177.005463,175.288956,0.739545,1.332674,13.795514
98.690002,207.222000,238.976456,276.855133,0.700584,0.350276,7.566697
143.399994,240.498703,271.827484,315.700562,0.965258,0.183888,0.219325
116.190002,223.473831,286.190796,378.117249,0.828793,0.469172,1.195319
88.589996,196.673264,298.696747,470.952667,0.928218,0.772257,3.169239
110.440002,154.365723,273.038361,543.807190,0.702864,0.530956,9.321293
122.839996,184.855438,299.848419,575.645874,0.672875,0.414468,1.195319
146.289993,181.341400,303.327240,653.365112,0.656435,1.002315,4.890938
147.410004,182.065933,368.823242,829.027527,0.716919,0.124523,0.219325
138.940002,159.830750,350.633423,830.237366,0.751357,0.089334,0.318021
148.369995,173.749283,368.717224,816.318176,0.637458,0.630186,0.712805
144.529999,152.748413,362.366699,910.897827,0.828918,0.027070,0.010966
143.050003,167.777817,414.488220,1098.333618,0.683471,0.547679,0.537345
123.089996,119.956039,337.881256,1040.765381,0.235378,1.078095,11.942222
123.459999,147.602417,407.637573,1147.957153,0.399515,0.870202,2.807354
176.539993,126.493607,384.027832,1234.668213,0.692078,0.492929,0.405750
172.809998,129.682816,398.280029,1305.258057,0.492579,1.003793,2.511266
168.300003,120.958000,399.925476,1384.532959,0.621808,0.946045,1.853292
142.610001,137.043762,401.091766,1257.516968,0.619678,0.224329,0.318021
21.930000,4.497530,57.150581,1035.516235,0.338355,-3.555124,92.862007
111.910004,10.836809,79.380943,818.049988,0.116961,-6.948589,417.901001
67.550003,153.855042,80.224541,429.610718,0.175862,-7.066508,284.299408
24.230000,99.906853,224.614594,677.758179,1.117329,2.415382,8.454961
69.849998,201.586731,229.967117,801.770386,0.910168,-0.038721,31.341478
107.900002,123.146255,295.001862,1148.927979,0.996231,-0.244476,5.483114
151.179993,84.215942,266.192993,1777.375244,1.147549,0.228803,1.699765
58.830002,36.824757,161.081650,2306.917969,1.137704,1.674726,20.024330
43.060001,24.156624,210.602875,2303.655762,0.985003,-0.186120,37.076817
119.230003,124.220825,318.563751,2571.466064,1.067713,0.278987,1.973921
80.930000,31.010546,219.678818,1770.830688,2.604980,5.108902,23.840576
43.509998,32.371109,121.400826,463.138702,0.961099,1.235488,71.719116
31.709999,74.539734,31.523033,18.969868,1.447560,0.679783,40.651806
152.529999,219.283005,134.331375,127.962212,0.442925,0.848460,2.664793
139.899994,242.090134,193.861740,453.729340,0.725345,2.456466,11.942222
39.910000,70.020973,83.146111,698.474670,0.905249,2.519812,31.034422
46.910000,7.596776,44.904240,775.994934,0.744193,1.724769,41.638767
23.980000,65.509407,69.761711,841.828796,0.878734,0.108435,26.253147
75.790001,142.230606,151.911011,1005.273743,0.955662,1.522748,19.519882
86.919998,116.030739,168.723145,403.277161,0.277310,1.917459,18.258768
107.830002,159.973724,228.153748,346.437927,0.835134,1.235187,7.742156
95.129997,170.207504,246.997925,374.146484,1.191532,1.895362,6.294615
148.029999,173.399475,222.980118,440.336121,1.300940,1.208583,7.731191
128.160004,180.333984,255.548553,710.228882,1.019020,2.029372,5.505045
123.610001,183.227692,246.710815,1038.035522,1.016607,1.337359,4.858039
115.379997,175.413513,148.955597,1231.656982,0.979453,0.785380,13.652953
114.580002,218.646637,242.321686,1329.201294,0.956391,1.007878,2.467401
130.110001,166.270203,317.560944,943.913452,1.186399,0.356851,1.063724
93.080002,100.224747,254.165604,1072.349365,1.649503,1.817076,5.055431
83.089996,92.408279,219.094391,1240.375122,0.881167,3.048998,12.172513
105.709999,104.159508,265.466553,1323.633179,1.579400,1.593722,4.879972
83.699997,83.616959,258.584381,1261.381836,0.883355,3.332241,13.740683
104.059998,113.496506,279.652405,1260.756592,0.678682,2.728655,11.075890
56.619999,56.637047,191.134232,1376.535034,0.830415,2.530316,20.320417
84.720001,39.967331,193.509964,1099.730103,0.325793,1.835145,12.347973
132.449997,89.032623,249.005692,965.477905,1.218557,0.018956,1.699765
24.379999,5.081266,62.494053,790.759155,0.078671,0.337677,56.256744
160.639999,255.874725,229.150879,283.235535,0.093776,0.124164,0.800535
129.770004,217.484009,353.787750,609.708008,0.078773,-0.086953,2.511266
137.970001,156.922089,310.153320,693.411438,0.384896,1.275877,11.240383
107.610001,143.570633,272.735321,889.643555,0.121999,0.778395,11.119755
145.059998,244.888611,466.214722,930.717773,0.409993,0.097713,5.987560
144.880005,190.630936,316.199188,973.052124,0.367852,-0.239498,3.202138
120.160004,217.010239,298.516266,1100.691284,0.252177,0.423844,3.936876
133.600006,182.768021,309.739380,1089.830322,0.258479,-0.604678,3.651753
177.830002,250.470520,336.884644,1169.785156,0.067059,-0.029937,0.405750
150.649994,205.477814,368.446899,870.493408,0.097148,-0.096969,0.328987
152.210007,167.057556,376.429138,921.392822,0.060244,0.055191,0.581210
113.879997,157.100540,369.871429,1065.706909,0.112877,0.041504,0.043865
196.589996,111.681656,335.137817,1194.070435,0.037508,-0.046627,0.274156
182.059998,150.924210,401.925415,1182.807129,0.021358,0.057119,1.524306
151.160004,140.626846,404.050842,1342.606323,0.064506,-0.262758,4.386491
133.100006,136.343903,368.194244,1247.819214,0.201804,-0.328154,1.162420
144.270004,132.984741,387.557648,1163.166138,0.108642,-0.207434,1.579137
168.339996,148.190857,415.718475,1189.677612,0.059214,-0.096759,0.394784
145.229996,134.951996,403.163330,1217.044922,0.048318,0.022043,0.581210
171.130005,136.919571,413.906067,1260.148560,0.095181,0.011697,0.054831
136.589996,123.276619,416.199188,1424.058350,0.094711,0.062184,0.493480
138.940002,129.770264,428.889648,1432.668213,0.127039,0.000000,0.000000
146.190002,125.942307,426.997925,1459.116089,0.094430,0.000000,0.000000
180.139999,120.562897,423.611084,1512.920654,0.081340,0.000000,0.000000
145.320007,120.409027,426.316772,1539.222168,0.062620,0.000000,0.000000
149.679993,111.641846,422.864288,1619.769775,0.050242,-0.025460,0.043865
146.440002,118.805984,430.565002,1590.278687,0.042955,-0.000052,0.010966
154.729996,121.178375,443.343689,1640.850098,0.039236,0.011659,0.043865
181.009995,112.411652,442.032166,1764.914063,0.038236,0.009550,0.043865
144.880005,98.489998,414.829529,1799.114502,0.050024,-0.006159,0.054831
115.269997,110.490051,452.226013,1862.545898,0.051521,0.000000,0.000000
144.179993,101.260246,437.757416,1928.245850,0.045778,0.000000,0.000000
173.820007,107.181427,449.613190,1926.142944,0.044244,0.000000,0.000000
165.490005,90.914795,417.182373,1933.614868,0.045957,0.018972,0.043865
180.029999,104.301132,453.755310,2031.661621,0.038002,0.000000,0.000000
145.660004,86.386124,415.405975,2037.371338,0.039508,-0.007447,0.010966
150.639999,101.951614,462.563477,2128.012451,0.043520,0.000288,0.010966
146.529999,97.523216,446.943054,2159.207764,0.041024,0.000000,0.000000
170.750000,89.785568,445.315247,2230.308838,0.044165,0.000000,0.000000
166.070007,93.725197,450.453247,2223.384766,0.044301,0.017436,0.043865
134.580002,93.246727,456.388397,2268.630615,0.042363,0.000000,0.000000
190.729996,82.527100,434.172028,2347.044922,0.044718,-0.016334,0.043865
173.289993,89.513260,453.879822,2352.167480,0.040397,0.006168,0.043865
157.350006,84.332901,441.932556,2386.832520,0.044499,0.000000,0.000000
147.490005,84.159225,420.800812,2504.266357,0.031754,0.033791,0.043865
121.309998,109.187881,445.241638,2623.845947,0.026454,0.000771,0.010966
130.389999,91.333733,443.308228,2538.485107,0.184746,0.168806,0.175460
111.430000,150.431854,610.256226,2530.443604,0.022760,-0.012510,0.098696
168.800003,96.437698,443.532104,2104.203125,0.057276,-0.084665,0.493480
141.210007,96.961815,451.160339,2241.214600,0.026432,0.021346,0.394784
167.089996,88.295639,439.610962,2334.244629,0.021336,0.000629,0.285122
182.759995,94.415634,462.152008,2381.593994,0.017506,-0.000322,0.087730
158.300003,80.823242,433.027100,2451.692383,0.020699,-0.018433,0.109662
125.750000,85.761566,449.985535,2570.094971,0.042547,-0.117775,0.537345
174.690002,73.706238,422.190552,2633.895020,0.031177,0.036987,0.087730
147.410004,74.701508,450.727539,2914.339355,0.011982,0.001923,0.109662
160.940002,61.674065,406.300110,3087.889648,0.023138,0.008094,0.010966
193.440002,50.762917,350.925903,3345.829102,0.014385,0.000000,0.000000
131.949997,42.686180,371.790833,3676.785645,0.011931,0.000000,0.000000
167.949997,45.051327,377.404572,3656.578613,0.012636,0.000000,0.000000
167.860001,78.386787,506.726196,3665.268066,0.010860,0.000000,0.000000
152.919998,51.657726,375.510864,3594.343994,0.012536,0.000000,0.000000
100.849998,65.081497,459.336792,3529.673340,0.009731,-0.011224,0.175460
116.290001,42.174313,331.864014,3699.469727,0.009434,-0.013467,0.175460
96.879997,42.748623,347.851807,3693.449219,0.010781,-0.004540,0.010966
158.509995,35.267685,325.935852,3873.955566,0.009354,0.003246,0.010966
125.010002,39.206589,354.296326,4016.106934,0.008238,0.003588,0.109662
153.279999,44.298439,367.856506,4065.487793,0.009582,0.000000,0.000000
122.209999,46.054504,386.259888,4194.660156,0.010081,0.000000,0.000000
121.739998,44.938690,328.876923,4163.276367,0.014794,0.005641,0.010966
134.399994,30.273945,292.379578,4282.492188,0.009067,0.000000,0.000000
109.389999,38.143467,346.113831,4203.032715,0.005834,0.002962,0.043865
179.679993,35.586334,294.103943,4216.294434,0.017621,-0.021826,0.043865
115.279999,29.205376,328.464722,4442.430664,0.006103,0.000000,0.000000
109.150002,38.111790,354.426880,4339.834961,0.005879,0.000000,0.000000
121.510002,35.823471,323.142456,4363.723633,0.006563,0.000000,0.000000
118.010002,25.666084,297.704071,4527.667480,0.008612,-0.001336,0.010966
107.220001,22.940212,280.867767,4611.768555,0.007688,0.000000,0.000000
105.360001,27.831161,326.846008,4665.248535,0.005001,-0.001136,0.010966
111.570000,35.972866,288.814728,4597.879883,0.005874,0.000000,0.000000
70.339996,26.121149,305.204163,4704.940918,0.005741,-0.000721,0.043865
101.790001,21.061010,247.678131,4698.843262,0.002782,0.000000,0.000000
109.760002,19.131565,245.501129,4779.363770,0.024944,0.028947,0.054831
91.330002,18.460384,190.548645,4701.788086,0.016899,0.000000,0.000000
81.139999,19.832214,242.268661,4742.869141,0.007756,0.000000,0.000000
111.379997,16.333513,218.098694,4804.733398,0.049224,0.000000,0.000000
95.480003,17.421719,231.653503,4799.023438,0.022303,0.000000,0.000000
71.610001,17.788057,218.731537,4958.902832,0.028137,0.000000,0.000000
65.800003,16.697140,228.467789,4879.985840,0.030643,0.011545,0.010966
82.919998,12.980869,174.095703,4951.672852,0.018462,0.000000,0.000000
111.349998,19.317020,218.759186,4976.871582,0.013730,-0.008434,0.010966
79.300003,19.391241,263.589478,4943.088867,0.010723,0.000000,0.000000
88.279999,12.024845,186.600800,4905.133301,0.004639,0.000000,0.000000
90.029999,20.895580,242.721420,4884.804688,0.004639,0.000000,0.000000
100.750000,20.308475,285.557617,4795.960938,0.006002,0.000000,0.000000
97.410004,23.048534,270.664795,4844.243164,0.004835,0.002984,0.010966
87.510002,18.101517,241.557404,4805.125000,0.010040,0.000000,0.000000
75.040001,13.697082,248.077225,4738.180664,0.007168,0.005723,0.010966
72.529999,11.010321,189.536133,4757.986816,0.011975,-0.009277,0.010966
52.060001,3.748521,85.685410,4805.125000,0.005875,0.000000,0.000000
-7.440000,4.235415,-14.750162,4569.386719,0.006667,0.000000,0.000000
-10.990000,11.260197,-142.578186,4437.167969,0.002782,0.000000,0.000000
-13.810000,9.885612,-170.131943,4266.011719,0.013139,0.000000,0.000000
-10.280000,62.232670,-457.570923,3786.552734,0.006433,0.000000,0.000000
-1.060000,106.437912,-580.977905,3329.970947,0.024379,-0.127061,0.921163
16.320000,160.947433,-674.670654,2881.859863,0.082795,0.038095,0.054831
-3.890000,178.107483,-630.868835,2269.040283,0.027844,-0.012216,0.043865
3.880000,209.008240,-610.460144,1827.528564,0.195114,-0.641272,4.276828
-8.860000,206.738846,-541.697510,1501.724731,0.466404,-0.314974,1.754596
-6.560000,289.964783,-586.877686,1230.390869,0.569706,-0.067177,2.072617
-3.180000,293.387329,-524.728271,975.160950,1.638840,3.118279,6.119154
5.140000,283.700928,-471.313293,797.834717,0.332545,3.146244,105.133209
-19.680000,275.795471,-407.432648,637.522156,1.731644,0.661981,37.745754
-5.840000,222.060486,-330.402740,533.830933,1.197698,3.591710,57.068245
-1.770000,185.705078,-291.038147,470.567383,0.991141,2.642311,67.058472
6.200000,361.613892,-365.648254,395.123108,2.289554,1.184672,53.153301
46.910000,396.332855,-135.235199,258.416656,0.337579,-0.546955,77.947937
64.160004,224.056427,-49.169098,162.680817,3.048613,0.514860,45.707233
68.610001,169.654968,7.096859,125.623207,0.947269,2.955345,15.802334
42.880001,144.692352,5.179901,257.959473,2.252711,4.069869,12.874351
15.910000,95.610016,-38.595539,175.813187,1.679723,3.161595,34.225594
26.889999,57.569107,-39.994480,94.962494,2.261426,4.911454,15.067596
26.520000,44.920231,-7.245502,59.668262,1.449194,4.072288,19.421188
30.940001,47.871696,1.841987,42.497002,1.237481,5.041976,20.857763
32.310001,82.249176,5.591087,3.988344,0.996706,4.605058,33.743080
36.900002,105.637505,21.873791,10.576658,1.526999,3.934907,24.608215
49.910000,112.399345,33.990448,15.849123,2.365924,3.783272,26.834356
66.110001,207.209839,86.079895,44.520393,1.925318,0.464726,16.942820
30.900000,56.210556,26.181293,22.746685,0.201353,0.274751,180.427322
40.990002,45.758423,32.590096,26.316799,1.048901,-1.359317,63.384789
146.020004,344.965790,173.954712,92.222069,0.349499,1.237434,17.074417
109.300003,383.213196,174.429581,84.801643,0.612322,0.489093,0.745704
69.360001,207.027222,146.126862,120.674408,0.507033,0.661717,8.827813
114.370003,211.538971,210.894272,215.192719,0.434354,0.074264,0.197392
88.300003,200.490295,213.507385,236.664536,0.557025,0.031353,0.537345
103.599998,184.412292,225.985275,279.161255,0.474234,0.317172,0.405750
114.750000,166.153854,223.505432,302.064575,0.389943,0.475886,1.096623
123.660004,136.793579,222.592361,362.570068,0.169741,0.347939,7.687325
108.269997,142.254669,235.973724,392.048157,0.292315,0.000000,0.000000
77.269997,125.999405,244.883759,478.435242,0.251808,0.243543,3.004746
96.529999,120.407318,251.242996,528.355896,0.193140,0.271273,0.493480
113.070000,111.496399,249.599548,560.331421,0.213473,0.310024,0.712805
111.559998,95.031769,242.839722,622.950806,0.077685,0.312573,2.511266
97.410004,91.035019,249.494690,684.801392,0.069809,0.102050,2.149381
92.139999,104.302940,277.412140,742.140564,0.135524,0.092813,0.230291
112.330002,89.609932,261.632904,764.850464,0.126737,0.009817,0.745703
113.029999,76.984528,256.585175,857.318481,0.135404,0.000000,0.000000
100.680000,71.310204,249.053879,872.207153,0.073872,0.022857,0.043865
97.239998,66.320335,242.837814,940.415771,0.115583,0.000000,0.000000
77.139999,67.733444,250.066040,1015.086670,0.105262,0.003104,0.043865
92.550003,59.312298,230.420746,1045.433838,0.170641,0.014778,0.043865
93.779999,50.160244,220.023590,1088.458984,0.180133,-0.000719,0.153527
116.019997,54.363861,226.378098,1118.115967,0.181938,-0.015630,0.043865
69.500000,44.574150,211.378021,1163.825195,0.181146,0.003965,0.186426
62.770000,43.112358,213.110107,1206.438110,0.199171,-0.007816,0.010966
110.180000,36.543411,204.160095,1274.242676,0.180928,-0.002020,0.010966
87.919998,40.609886,207.560043,1230.953003,0.158223,0.000000,0.000000
99.639999,43.007469,218.301147,1280.237671,0.157332,0.000000,0.000000
68.970001,33.417564,198.791229,1304.313110,0.178349,-0.024700,0.175460
79.830002,41.255001,221.363312,1338.679321,0.189348,0.000000,0.000000
100.220001,34.638821,201.681580,1392.788818,0.193650,0.000000,0.000000
71.519997,46.240883,245.109497,1461.345703,0.194723,0.010366,0.010966
93.660004,43.182716,231.545959,1502.135376,0.184136,0.000000,0.000000
68.089996,40.570457,229.283478,1497.901123,0.192143,0.000000,0.000000
89.150002,44.066551,240.378967,1568.054443,0.185276,0.000000,0.000000
87.879997,44.212387,249.983795,1605.199341,0.183159,0.000000,0.000000
119.070000,48.727135,265.139343,1642.292847,0.177983,0.000000,0.000000
83.720001,47.522148,262.904419,1677.537720,0.176918,-0.002599,0.010966
93.959999,42.943367,255.081482,1683.459229,0.175944,0.000000,0.000000
112.019997,49.729462,271.765900,1752.810303,0.179720,0.014981,0.010966
100.570000,43.283279,265.340271,1821.759888,0.176475,-0.014201,0.010966
78.980003,45.721062,266.747559,1812.274048,0.183682,-0.003849,0.010966
94.779999,37.823002,245.576859,1889.268066,0.181633,0.000000,0.000000
88.809998,40.963844,267.131714,1893.181519,0.177063,-0.031830,0.054831
114.720001,41.353203,261.602600,1941.133301,0.198762,0.104225,0.372852
69.900002,36.325638,255.702698,2000.424561,0.179582,0.025612,0.274156
69.500000,34.544312,259.021973,2058.216309,0.195516,0.000000,0.000000
84.879997,33.924187,245.097290,2052.689453,0.183869,0.012871,0.010966
78.769997,34.733585,250.791214,2145.460449,0.189877,-0.014205,0.010966
88.570000,34.287899,239.355682,2201.057617,0.193165,0.000000,0.000000
74.199997,28.559875,213.235733,2155.554199,0.200612,0.000000,0.000000
79.379997,32.145798,232.643738,2143.874756,0.203609,0.000000,0.000000
66.290001,27.177643,227.072205,2214.341553,0.200066,0.000000,0.000000
97.290001,30.656233,239.071396,2273.147461,0.192535,0.014188,0.010966
106.360001,24.297674,207.137604,2248.100098,0.207257,-0.064829,0.098696
61.330002,26.717594,218.515106,2218.533936,0.190655,-0.010580,0.043865
87.510002,29.348328,237.724182,2278.528076,0.186406,0.012792,0.010966
82.989998,31.631254,236.591629,2357.427246,0.194551,0.000000,0.000000
101.330002,30.134230,229.518433,2362.591309,0.197763,0.009445,0.054831
104.669998,28.774508,218.889618,2296.402832,0.196776,0.000000,0.000000
74.510002,34.730507,250.687347,2350.941895,0.197030,0.000000,0.000000
99.690002,28.821983,223.763794,2371.601563,0.207352,0.000000,0.000000
73.849998,27.843639,223.354065,2388.854980,0.213245,-0.020297,0.010966
88.629997,30.077560,239.187988,2361.199707,0.216484,0.000000,0.000000
89.570000,28.434536,246.619919,2450.102783,0.205182,0.037879,0.043865
76.790001,26.657272,223.825027,2497.318115,0.207712,0.000000,0.000000
115.139999,27.344601,214.975922,2412.432617,0.207406,0.000000,0.000000
92.199997,33.555141,248.839752,2475.464111,0.206247,0.000000,0.000000
110.400002,33.918671,273.733887,2536.240234,0.208217,-0.001041,0.175460
78.680000,27.354879,216.083496,2686.098145,0.226151,-0.054711,0.175460
102.550003,32.001431,230.425476,2576.201172,0.210026,-0.032803,0.394784
109.739998,29.395012,257.725525,2528.527100,0.218246,-0.020698,0.010966
109.870003,28.482975,233.334595,2551.410645,0.202324,0.016792,0.010966
104.300003,26.401972,235.958099,2578.950684,0.218290,0.000000,0.000000
89.570000,31.879990,253.899536,2602.543457,0.220319,0.000000,0.000000
94.779999,30.262968,260.721741,2619.337646,0.224462,0.000000,0.000000
108.180000,24.157198,225.787659,2645.333008,0.220271,0.000000,0.000000
101.160004,26.746210,219.259155,2677.978271,0.219765,0.003576,0.043865
105.180000,27.377995,251.211517,2693.240234,0.215036,-0.006849,0.010966
85.000000,24.512222,238.210541,2856.824219,0.224891,0.000000,0.000000
123.489998,30.991676,255.170853,2867.760254,0.219203,0.000000,0.000000
120.809998,32.996212,254.813690,3001.864746,0.221475,0.000000,0.000000
105.529999,24.096245,215.498077,2893.886719,0.221237,0.000000,0.000000
79.910004,35.730473,253.957855,2855.344482,0.233679,0.007701,0.010966
100.629997,37.246311,240.868195,2832.511475,0.224343,0.000000,0.000000
144.009995,33.690094,230.553238,2797.306885,0.229225,0.000000,0.000000
91.620003,36.764511,301.384308,2865.505859,0.230254,0.000000,0.000000
87.809998,32.514992,263.069794,2883.364258,0.232256,0.014599,0.043865
69.370003,33.397743,249.316742,2846.790283,0.230223,-0.005866,0.010966
92.379997,32.896774,289.023102,3021.202637,0.227304,0.003910,0.043865
145.839996,28.425762,274.973419,3045.843750,0.286038,-0.046696,0.043865
83.949997,24.727783,229.076736,3002.221924,0.377602,0.738282,1.644934
88.570000,21.266336,229.553207,3135.639893,0.230395,0.468737,1.414643
92.199997,23.619144,241.810135,3130.163818,0.169162,0.218899,0.394784
94.430000,23.207611,260.132782,3152.088623,0.143562,0.096213,0.098696
110.790001,20.065472,250.525085,3255.826904,0.187657,0.000000,0.000000
94.720001,16.185013,225.242798,3322.698730,0.151024,-0.173359,1.864259
109.629997,18.463076,225.434906,3145.687256,0.244576,-0.073172,0.274156
71.300003,35.671341,297.133545,2915.394043,0.156702,0.073336,1.283049
103.139999,29.346336,275.146118,2612.861572,0.185913,-0.098454,0.274156
85.830002,31.906620,299.059265,2821.422607,0.146697,-0.126195,1.195319
87.349998,19.017956,227.195343,3024.809082,0.203829,-0.178579,0.701839
90.860001,16.262505,221.685501,3245.093506,0.187705,-0.019827,0.010966
64.260002,8.681729,157.527405,3396.417236,0.177003,0.000000,0.000000
80.360001,15.972419,203.677277,3592.170654,0.097414,0.478163,3.169239
25.330000,98.431725,135.092392,3990.406250,0.437285,0.234468,0.570244
56.790001,34.849922,-73.400406,4308.026367,0.745370,2.022238,9.354192
61.939999,46.123882,-70.477226,4412.233398,0.777987,1.506019,6.513939
-1.940000,19.426058,-25.596575,4241.824707,0.708037,0.055425,0.350919
13.290000,8.881991,-89.674706,4075.768555,0.197110,0.114874,0.328987
9.920000,6.596267,-76.354912,4148.714844,0.177802,-0.058103,0.043865
12.920000,0.855389,-17.469460,4070.714355,0.064144,0.005532,0.570244
14.870000,1.636878,-60.902027,4134.681152,0.121717,-0.071771,0.175460
0.880000,1.880726,-69.455536,4161.767578,0.011992,0.064584,2.851219
0.170000,3.442338,-112.489212,4199.881348,0.004169,0.000000,0.000000
3.540000,1.466592,-67.073639,4176.661621,0.061559,0.009536,0.877298
2.480000,5.000380,-124.239296,4130.038086,0.049042,-0.006857,0.043865
9.740000,3.784753,-75.562080,4169.220703,0.035451,-0.035982,0.175460
-6.730000,3.800942,-84.391022,4096.784180,0.020294,0.000000,0.000000
9.210000,6.368984,-99.440971,4240.845215,0.019887,0.000000,0.000000
-5.140000,6.125201,-105.201065,4299.757813,0.030339,-0.034957,0.098696
-0.880000,1.693198,-49.831871,4297.118652,0.017803,-0.001218,0.098696
-8.860000,7.187202,-136.811066,4300.752441,0.042703,-0.067136,0.175460
3.190000,5.736802,-102.259277,4264.742676,0.018497,0.000000,0.000000
2.830000,9.263934,-127.713234,4306.878418,0.021677,0.000000,0.000000
1.590000,6.105918,-104.903015,4257.563965,0.021897,0.000000,0.000000
13.090000,5.019006,-31.250557,3990.870117,0.029659,-0.008257,0.010966
73.760002,13.595813,161.875641,3729.552734,0.035395,-0.163215,2.642861
62.730000,8.593664,152.010483,3894.858887,1.098937,1.334755,2.127448
50.700001,5.210103,82.872101,4783.197754,0.096209,-0.664008,5.417316
-7.930000,5.075806,-28.217674,4771.973145,0.544634,-0.873294,2.544165
-0.520000,8.232500,-97.010651,5104.083008,0.661664,-2.610428,10.450815
2.480000,6.822989,-135.574982,5212.539551,1.381482,-2.975205,6.766162
2.300000,1.500639,-61.119312,4914.962402,0.078910,0.391717,4.430356
33.169998,0.287570,0.011231,4667.313477,0.268967,0.306461,0.482514
43.410000,0.730440,51.877960,4635.934570,0.028369,-0.165825,9.014239
101.660004,14.143227,217.809265,4123.137207,0.146333,-0.695731,3.574990
103.510002,30.033268,262.954620,3399.129395,0.044040,0.051746,0.098696
144.869995,42.981525,354.482635,3286.088379,0.021217,-0.178032,3.180206
97.820000,7.507655,135.562897,2850.913574,0.019520,-0.037167,0.098696
104.139999,22.951115,262.111786,3086.109375,0.014800,0.000000,0.000000
86.349998,26.731857,254.521942,3449.715332,0.007643,0.000000,0.000000
87.230003,14.644047,223.643585,3988.104492,0.029315,-0.018719,0.043865
92.779999,16.993347,252.133408,4270.615234,0.014487,-0.005962,0.043865
77.019997,21.862858,165.034424,3806.434082,0.009494,0.000000,0.000000
96.239998,18.929800,164.824585,3980.051025,0.214983,-0.690485,2.237111
76.269997,16.515888,233.546051,4549.717285,0.181175,-0.924419,6.173986
77.339996,13.163445,218.309235,3957.672363,0.153117,-1.019345,7.851819
93.379997,20.165266,246.636719,4023.958984,0.013660,-0.206463,5.801134
68.419998,31.353479,293.049469,3685.124023,0.064357,-0.008580,1.272082
93.790001,19.634748,243.309845,3633.691895,0.242177,-0.526384,1.337880
138.589996,31.258465,326.141052,3617.712402,0.128447,-0.595551,3.213104
78.900002,21.544147,253.584076,3806.066895,0.083936,-0.359789,1.754596
83.470001,13.314077,215.459015,3868.343994,0.080219,-0.425112,2.566097
78.449997,22.159739,296.081787,4227.324707,0.039989,0.000000,0.000000
95.360001,14.670244,245.107132,4165.752930,0.022280,0.024880,0.756670
81.190002,13.609929,206.253403,4273.288086,0.009753,-0.013116,0.054831
95.300003,15.538914,172.763474,4234.848633,0.013988,0.022713,0.142561
105.949997,15.359717,239.425110,4189.360840,0.030458,-0.003323,0.142561
101.910004,18.783440,255.548187,4172.175293,0.020608,0.003569,0.010966
104.889999,17.854115,248.733429,4145.042969,0.015606,-0.002413,0.010966
86.279999,18.292374,253.053040,3590.823242,0.050705,-0.633727,11.229417
77.699997,11.760376,165.130646,3572.788574,0.421474,0.486375,0.712805
117.910004,23.030989,214.589157,3927.077881,0.486605,-1.947999,7.994380
103.839996,15.374376,240.413010,3990.419434,0.116381,-0.696295,4.836106
88.360001,18.325308,257.513794,4098.922852,0.008085,-0.011013,1.579137
108.970001,20.128529,272.474884,4101.378418,0.022508,-0.087220,0.712805
81.260002,18.487194,260.237457,4010.131836,0.011652,0.000000,0.000000
106.610001,34.445557,372.183044,4141.624023,0.015877,0.002823,0.043865
134.210007,37.756145,353.048584,4141.291016,0.011943,0.002992,0.186426
133.419998,26.054756,281.489563,3471.732178,0.003401,-0.024011,0.318021
98.980003,44.498604,394.001404,3489.768555,0.010092,0.027805,0.186426
92.440002,19.901028,281.514252,4032.187500,0.007488,0.030261,1.633968
96.059998,15.037689,236.505936,4573.884766,0.040112,-0.135065,0.789568
100.099998,11.763205,208.452530,4649.487793,0.031590,-0.153057,1.140488
89.279999,19.351574,256.788269,4354.794922,0.005440,0.000000,0.000000
89.230003,12.428414,204.439499,4206.741699,0.010369,-0.036378,0.175460
121.339996,28.516628,258.417816,4070.182861,0.008073,-0.008118,0.010966
106.449997,33.310852,313.711182,3995.080322,0.021499,0.019765,0.043865
100.910004,19.328793,218.413757,3968.622070,0.140831,0.209951,0.416717
75.339996,27.082321,271.730377,4001.814941,0.092775,0.186323,0.570244
89.320000,12.459218,156.306442,4258.894531,0.077107,0.000000,0.000000
74.730003,10.136634,163.367722,4375.114746,0.050886,0.000000,0.000000
76.930000,6.445774,108.553215,4376.167480,0.037353,-0.012639,0.010966
57.139999,7.985827,138.453354,4384.869141,0.024465,0.000000,0.000000
63.099998,2.034836,88.252838,4242.078125,0.006081,0.000000,0.000000
51.849998,3.059649,76.630386,4211.483398,0.039377,0.092008,0.328987
63.810001,12.159614,85.069550,3888.449707,0.049397,-0.269544,1.623002
55.380001,5.920259,80.319412,3882.526367,0.002846,0.036638,1.337880
43.410000,5.566504,25.936737,4043.835449,0.067333,-0.189856,0.745703
40.990002,5.463298,22.674324,3888.859863,0.018269,-0.022967,0.899231
17.510000,5.814625,-5.268997,3869.601074,0.028070,0.000000,0.000000
1.940000,6.994976,-62.347427,3770.894043,0.029839,0.000000,0.000000
-12.760000,9.448507,-112.926590,3655.481934,0.022559,0.010079,0.010966
3.360000,7.690233,-119.067436,3478.954346,0.037183,0.000000,0.000000
-12.420000,14.857957,-168.779129,3126.476563,0.053487,0.040110,0.098696
-10.100000,63.282143,-391.670502,2808.348145,0.043671,-0.012587,0.010966
-6.560000,96.979309,-469.809814,2392.250977,0.083369,-0.448308,4.276828
-2.650000,134.911926,-487.252075,1871.745850,0.085047,0.028696,0.054831
-3.540000,192.053589,-503.595154,1374.420654,0.250671,0.165147,1.140488
-3.010000,244.576828,-505.306976,1086.765869,0.490237,0.961632,3.388564
-10.270000,275.198090,-461.935394,822.009155,0.884331,1.305673,12.720824
-0.530000,215.410858,-364.282562,631.331726,1.217829,-1.031911,123.205551
-10.980000,226.571045,-296.392578,444.590240,1.017001,1.240748,119.148064
-6.550000,184.674454,-251.629913,393.506683,1.468312,3.852882,68.571815
-0.700000,152.661133,-206.146454,318.016327,1.030180,0.928316,59.546608
0.530000,130.984253,-176.938858,261.223022,2.370340,-2.059803,27.152378
-7.430000,107.198792,-142.905350,215.687408,0.570471,2.741524,161.368027
-14.340000,108.025558,-150.519165,250.157806,1.692328,0.458522,101.854317
4.430000,92.258743,-122.017456,190.597961,0.386427,0.460508,53.449387
105.599998,309.617615,0.555758,179.273071,3.354055,2.678928,17.984612
21.549999,82.882607,4.291371,75.545853,0.263748,1.817852,86.304199
12.920000,36.619053,-21.011482,41.226917,0.769376,2.545369,38.195366
36.930000,39.077431,-10.301625,33.754486,2.270833,3.003832,5.110262
19.639999,34.083324,-0.819180,26.970192,1.138964,4.981926,25.321020
20.520000,26.395882,-0.405755,3.157640,1.806341,2.465430,8.597523
24.750000,26.523075,1.342932,1.576066,1.871411,3.176543,5.812100
24.940001,34.778141,2.544048,0.671328,1.647411,1.649686,4.386491
31.270000,37.787220,1.591846,0.320994,2.373787,0.194566,0.098696
31.820000,34.170536,2.356842,0.506055,2.173526,1.513285,1.107589
24.930000,43.242111,4.983086,3.647221,2.375001,1.763839,1.414644
35.669998,54.588615,11.825304,7.653792,2.297275,2.238622,2.302908
37.430000,58.612038,20.134232,15.596510,2.286529,3.742152,9.836706
47.680000,66.283203,35.279995,29.059965,1.932028,4.481297,12.468601
49.560001,98.560257,40.765785,20.147396,1.635383,5.106104,29.586884
66.410004,114.582932,63.213474,40.097885,1.576466,0.411409,3.871078
71.559998,117.326340,61.089546,34.228226,0.847103,4.657689,36.945225
101.400002,157.166214,86.446655,49.581821,2.992872,0.000000,0.000000
62.529999,90.959312,71.725685,62.344315,1.646793,6.393034,29.082432
108.470001,187.931213,120.961700,79.972443,1.269751,2.806518,10.395984
92.430000,153.984985,127.180550,112.682617,2.446285,2.809548,7.950515
77.720001,159.811295,146.832596,149.007629,0.979364,4.307745,23.654154
129.639999,175.171448,166.449677,169.355347,1.619881,2.586561,8.882644
100.330002,187.976685,201.840744,235.137451,1.716759,2.927496,12.304108
119.160004,173.507324,214.865906,293.682861,1.171070,2.904213,11.942222
127.989998,180.314407,251.246460,387.411285,1.008311,1.773701,5.691472
103.239998,169.614578,274.055664,475.185364,0.931768,1.939461,6.239783
156.509995,169.028030,287.342316,518.731689,0.424764,0.434801,2.423536
58.450001,37.971478,131.232635,498.240417,0.793343,0.627518,0.614109
122.209999,127.227051,282.282257,626.492249,0.438140,1.023258,3.783349
77.050003,43.288582,146.377548,498.218506,0.393687,1.121617,5.669540
137.539993,115.088684,290.683990,770.977295,0.396565,0.787692,3.564024
70.949997,51.629807,169.273499,624.207153,0.197861,1.338495,14.069670
120.360001,108.897881,290.547333,813.581848,0.082937,0.667830,11.733864
88.989998,83.720047,259.234253,849.099731,0.325660,0.558054,2.127448
111.000000,75.510979,255.969543,892.803467,0.172925,0.593504,5.976594
121.029999,84.011703,292.687256,1042.372437,0.057199,0.288206,2.313874
85.070000,58.406887,238.888824,1002.815674,0.184162,0.239102,1.239184
122.010002,81.680466,309.582825,1196.006958,0.113688,0.253667,0.932129
93.900002,47.404995,226.771072,1094.201172,0.125710,0.013468,0.701839
108.089996,81.460312,306.095917,1412.789551,0.054560,-0.051777,0.493480
79.809998,107.207085,275.226929,1132.304932,0.378138,0.889485,2.862185
77.449997,82.674255,301.846924,1548.027466,0.309765,0.898869,6.777129
149.880005,84.890511,251.720825,1277.194092,0.044038,0.052071,12.347972
117.209999,73.630585,313.873810,1577.271240,0.070685,0.063497,0.734737
124.269997,78.854164,287.149323,1334.617432,0.041046,0.086087,0.888264
78.290001,59.575821,319.247314,1843.625366,0.041930,0.059717,0.888264
103.779999,65.938507,324.287781,1671.163086,0.033406,-0.019472,0.219325
48.290001,10.047300,134.950653,1844.205811,0.081601,0.003128,0.010966
115.419998,50.809452,315.145416,1988.201782,0.115087,0.533281,3.092476
112.269997,49.114403,303.573608,1900.046631,0.038893,0.000000,0.000000
107.500000,52.486710,322.703918,2020.190552,0.058811,0.000000,0.000000
111.320000,56.732250,332.625061,2051.409180,0.017354,0.000000,0.000000
117.309998,46.534279,307.214844,2154.941650,0.011501,0.005728,0.010966
83.720001,49.009972,324.791168,2267.930176,0.012559,0.000000,0.000000
117.209999,41.233154,306.530334,2423.972900,0.020669,-0.053340,0.405750
114.540001,41.780121,303.593048,2393.717041,0.009546,0.009056,0.043865
112.930000,41.163498,308.653198,2432.675537,0.010752,0.000000,0.000000
112.059998,35.346897,284.960480,2458.859131,0.009849,0.005774,0.021932
94.599998,43.816418,315.484375,2418.803955,0.010933,0.000000,0.000000
91.680000,32.839607,279.537903,2539.553223,0.009888,0.000000,0.000000
65.510002,30.300446,279.724915,2689.335449,0.008898,-0.001868,0.098696
77.449997,25.732342,249.044800,2736.733154,0.008956,0.000000,0.000000
115.949997,23.426468,238.180069,2822.669922,0.008110,0.000000,0.000000
66.459999,18.529869,220.838287,2891.412109,0.008413,0.000000,0.000000
82.139999,17.998825,210.662186,2951.863770,0.007081,0.000000,0.000000
82.190002,20.028048,218.650177,2985.225830,0.007613,0.000000,0.000000
100.169998,17.542526,207.753632,2936.513672,0.007647,0.000000,0.000000
107.879997,20.365826,210.678345,2925.978516,0.007107,0.000000,0.000000
92.849998,25.465729,267.753540,3062.982422,0.006640,0.000000,0.000000
90.269997,34.027927,308.997772,3070.342773,0.006152,0.000000,0.000000
77.720001,28.328903,286.616455,3184.979736,0.007128,0.000000,0.000000
111.669998,34.660591,302.389954,3210.580566,0.005886,-0.000826,0.043865
116.330002,29.203037,287.597351,3169.471436,0.007037,0.000000,0.000000
93.779999,29.907108,291.464966,3274.169922,0.004951,0.004401,0.010966
87.699997,16.478947,223.407639,3364.819336,0.005048,0.001926,0.010966
96.180000,19.584084,242.483002,3404.281738,0.006206,0.000000,0.000000
83.650002,22.247095,242.599609,3439.277344,0.006266,0.000000,0.000000
127.620003,20.352455,252.655945,3437.206543,0.005983,0.000000,0.000000
93.370003,21.238995,261.080200,3505.836914,0.006296,0.000000,0.000000
102.500000,22.924198,274.724182,3617.019043,0.006073,0.000000,0.000000
74.510002,23.378073,275.859009,3625.470703,0.005799,0.000000,0.000000
113.419998,20.034664,251.366364,3613.191162,0.005253,-0.002860,0.043865
100.860001,23.078403,274.444031,3658.228271,0.005576,0.000000,0.000000
87.110001,21.752949,263.850952,3791.357666,0.005358,0.000000,0.000000
93.260002,17.743885,237.515137,3793.001709,0.005381,0.000000,0.000000
72.089996,15.517679,226.272873,3887.978760,0.005571,0.000000,0.000000
81.190002,19.280716,256.963074,3859.292725,0.005166,0.000000,0.000000
86.879997,19.335766,246.905853,3892.458740,0.007833,-0.008550,0.043865
75.559998,15.526311,214.803375,3953.302734,0.005239,0.000000,0.000000
61.130001,5.671623,123.002853,3884.424316,0.006464,0.004467,0.010966
85.760002,24.232924,304.220001,4004.680176,0.006632,0.000000,0.000000
50.230000,2.545322,84.867546,3751.109375,0.172908,0.081811,0.054831
142.259995,45.629410,363.884094,4060.730225,0.313679,0.402561,0.723771
82.059998,25.436039,254.187973,3881.700195,0.309596,0.282286,1.579137
129.850006,20.189341,211.798538,3989.886963,0.173092,-0.115802,0.745703
113.629997,28.035585,307.175903,4188.700684,0.156626,-0.059165,0.098696
138.059998,20.816280,289.968414,4157.653320,0.107296,-0.092278,0.438649
130.729996,17.366623,264.527283,4137.493652,0.089181,-0.042059,0.098696
148.380005,21.287249,293.974548,4227.257813,0.072272,0.000000,0.000000
102.779999,18.121391,269.206726,4289.535645,0.068867,0.000000,0.000000
117.860001,18.918856,268.279327,4249.801758,0.068895,0.000000,0.000000
129.389999,15.396049,252.284668,4252.326172,0.065639,0.022286,0.021932
115.139999,26.929340,337.549500,4335.814941,0.045010,0.055746,0.098696
131.669998,21.582836,302.389404,4384.118652,0.053498,0.000000,0.000000
104.589996,19.146837,281.375793,4344.014648,0.036657,0.033178,0.043865
113.419998,18.332121,268.332458,4402.922363,0.044098,0.000000,0.000000
117.690002,31.801741,300.194153,4550.538574,0.011296,0.010794,0.021932
109.120003,50.142204,361.497986,4465.107910,0.147716,0.370086,1.085657
92.150002,40.078133,322.901245,4569.382813,0.148811,0.523121,4.320693
135.970001,38.031006,269.798218,4676.563477,0.044572,0.351337,2.917017
142.869995,35.553215,344.397095,4567.417480,0.049060,0.065525,0.745703
97.410004,39.494831,383.142059,4569.936035,0.127548,-0.427919,2.324840
102.919998,27.893223,297.454895,4597.981445,0.013429,-0.415313,15.988759
108.699997,13.320869,248.501526,5071.625977,0.146504,0.000000,0.000000
97.989998,20.713314,243.616974,5259.666504,0.077682,-0.163769,0.899231
88.089996,11.270255,239.326019,5691.596680,0.100862,0.109209,0.438649
98.230003,16.457310,262.532196,5726.395996,0.186313,0.055152,0.372852
68.800003,9.704337,169.421768,5485.850586,0.078411,0.033407,0.372852
110.129997,15.112723,242.987549,5023.101563,0.184087,0.352703,4.232964
137.990005,30.130596,297.364044,4209.161621,0.096865,-0.055912,0.142561
111.820000,49.265099,369.112701,2963.399170,0.083978,-0.055595,0.043865
146.440002,55.228149,361.348358,2615.748535,0.080759,-0.568204,6.886791
164.809998,65.171898,408.559479,2660.936035,0.067193,-0.067694,0.098696
112.480003,73.420013,417.306641,2876.172363,0.018507,0.007134,0.186426
125.680000,69.452164,385.643860,3162.921875,0.046315,0.199606,1.206285
118.970001,37.965637,278.025146,3720.355469,0.078098,0.023915,1.074690
110.690002,37.961349,297.567841,3700.232910,0.151660,-0.048243,0.175460
112.580002,53.620789,437.213623,3805.369629,0.019127,-0.060565,1.447542
99.800003,32.148441,306.243530,3640.855713,0.023009,-0.020222,0.054831
163.729996,24.004290,288.873016,3573.198975,0.009602,0.018815,0.054831
87.779999,40.202793,351.911499,3138.245605,0.019885,0.011838,0.142561
158.300003,36.140224,319.819672,2932.155762,0.045555,0.000000,0.000000
122.690002,54.618950,382.335144,2838.089111,0.031810,0.000000,0.000000
155.020004,52.713921,343.288300,2802.412598,0.007241,-0.016394,0.109662
137.279999,56.755978,330.185120,2781.256348,0.015943,-0.029676,0.109662
132.289993,70.570709,427.305542,2869.154297,0.018941,-0.003077,0.010966
116.360001,51.920525,372.157898,3007.367432,0.011916,-0.013153,0.098696
115.940002,46.080311,334.197083,3090.749023,0.027413,-0.101454,0.537345
151.259995,50.059940,332.182220,3050.988281,0.016844,-0.049018,0.394784
142.429993,49.179569,360.848816,3096.915771,0.009332,0.000000,0.000000
150.380005,51.119293,357.008392,2943.223633,0.003419,0.001767,0.043865
128.279999,62.697224,352.550415,2846.305420,0.006609,0.004958,0.043865
106.959999,54.398312,375.214081,2890.161133,0.008957,0.000000,0.000000
150.029999,51.256607,349.974396,2809.199707,0.005178,0.005773,0.274156
107.589996,50.002098,370.116211,2889.393066,0.004446,-0.014533,0.274156
149.320007,49.043255,360.451691,2908.212402,0.005566,0.023585,0.175460
124.959999,59.339870,354.898804,2856.218506,0.015681,0.022109,0.043865
97.220001,48.118050,347.565216,2951.550293,0.002093,0.000000,0.000000
128.279999,60.019402,331.635742,2741.833496,0.016686,0.103673,0.712805
141.740005,68.530487,374.895844,2767.518066,0.005792,-0.051655,0.701839
154.919998,60.846207,357.970978,2430.233887,0.001238,0.000000,0.000000
143.220001,64.001938,380.884125,2487.547607,0.005168,-0.006447,0.010966
129.850006,70.200180,387.179901,2499.030762,0.011758,-0.065642,0.493480
146.710007,61.630074,349.522430,2597.114258,0.008360,0.000000,0.000000
114.959999,57.813999,386.622803,2684.058105,0.032498,-0.141137,0.668940
123.160004,58.426697,385.517426,2820.961914,0.042579,0.065864,0.109662
126.709999,48.954575,367.063171,2928.367676,0.032590,-0.190867,1.326914
145.929993,47.080078,346.576691,3172.501709,0.068473,-0.313689,1.633968
84.690002,36.738174,339.999115,3467.813477,0.032808,-0.241775,1.897157
117.269997,47.144150,347.881317,3636.246582,0.018892,-0.069212,0.372852
133.250000,35.270538,328.308319,3886.298096,0.031565,-0.192542,1.337880
118.559998,39.047852,364.950684,3894.822998,0.005240,-0.003879,0.043865
143.130005,64.695572,473.738342,3716.578369,0.006534,-0.019939,0.109662
139.729996,33.524117,342.028992,3751.052734,0.003791,0.000000,0.000000
145.580002,44.396370,364.842834,3727.472168,0.005707,-0.003864,0.043865
106.669998,39.096718,331.174988,3779.952148,0.004692,0.000000,0.000000
131.070007,54.649052,437.214600,3736.694824,0.004326,0.012054,0.043865
152.559998,41.003494,371.100708,3949.924805,0.007218,0.012052,0.021932
106.500000,36.585812,353.559082,3975.806396,0.002194,0.000000,0.000000
124.959999,37.095112,294.318665,4134.130859,0.001743,0.000021,0.010966
125.910004,25.063622,302.872742,4374.112793,0.003066,0.000000,0.000000
90.919998,35.732075,315.994507,4387.756348,0.003815,-0.001494,0.010966
141.820007,29.771343,321.850891,4321.142090,0.002315,-0.004030,0.010966
117.660004,26.849665,312.607727,4376.203125,0.003727,-0.001088,0.010966
154.050003,27.179806,264.117920,4384.104492,0.003027,0.000000,0.000000
101.199997,24.306459,279.099792,4389.786621,0.001252,0.002175,0.054831
94.080002,25.587513,279.492462,4363.156738,0.001467,0.000000,0.000000
82.620003,29.450733,305.505188,4381.858398,0.001204,-0.002197,0.010966
111.809998,25.302153,294.293030,4547.870117,0.002140,0.000000,0.000000
84.139999,27.328423,345.133301,4771.941406,0.001009,0.000188,0.010966
110.239998,23.359911,247.135284,4612.222168,0.002763,0.000000,0.000000
79.589996,16.268400,248.298401,4747.184570,0.000995,0.000000,0.000000
108.199997,19.339718,238.046814,4746.507813,0.003830,0.000000,0.000000
122.389999,22.269871,263.618225,4763.347656,0.002591,0.000000,0.000000
104.290001,27.023630,313.685516,4910.800781,0.002759,0.000000,0.000000
95.949997,54.990116,473.435913,4711.530762,0.003258,0.000887,0.054831
151.929993,31.140556,289.410065,4968.045898,0.007286,-0.015248,0.098696
111.739998,50.814503,482.796844,5152.253906,0.003318,0.000000,0.000000
157.270004,33.497292,354.683990,5048.800293,0.003041,0.005833,0.043865
182.669998,34.433949,320.770569,5205.476074,0.006296,-0.019770,0.109662
147.500000,28.666677,344.073181,5374.483398,0.003715,0.002335,0.043865
121.440002,33.320122,379.497986,5500.613281,0.005661,-0.000312,0.043865
134.750000,47.752167,490.063293,5346.210449,0.005316,0.002751,0.032899
146.889999,26.185150,337.113800,5344.732910,0.005674,-0.005023,0.010966
125.129997,25.232075,349.118164,5451.634277,0.004566,0.005157,0.054831
180.520004,27.788837,290.062195,5381.847656,0.005893,-0.014810,0.087730
150.119995,27.910805,324.310394,5429.116699,0.004351,0.009872,0.043865
135.270004,25.969460,330.231049,5486.165039,0.007477,-0.006804,0.010966
108.489998,20.194170,318.608490,5590.388672,0.004869,-0.006364,0.098696
113.949997,18.875299,260.780731,5700.535156,0.004261,0.000000,0.000000
140.690002,23.273209,289.490051,5549.674805,0.003051,0.003675,0.054831
151.839996,19.928671,275.550659,5839.555664,0.007020,-0.025654,0.175460
123.410004,23.253082,299.763672,5846.829590,0.006167,-0.015512,0.098696
98.629997,20.232801,301.319122,5906.998047,0.004614,0.000000,0.000000
110.830002,18.211193,287.421112,5896.058594,0.006539,0.000000,0.000000
117.510002,14.687378,270.423492,5947.417480,0.002513,-0.003032,0.175460
103.480003,15.102289,258.204803,6053.021484,0.004486,0.000000,0.000000
90.339996,18.953087,303.667084,6220.950195,0.002790,-0.005312,0.054831
102.080002,23.324045,315.469940,5941.596191,0.003366,0.000000,0.000000
105.639999,21.645723,327.954498,6050.389648,0.004067,-0.001632,0.175460
73.059998,13.898155,283.786743,6195.868164,0.049561,0.000000,0.000000
108.160004,10.476539,195.450745,6043.006348,0.134074,0.465213,1.732664
90.389999,9.320459,208.165237,6027.298828,0.078577,0.141960,1.666867
86.690002,10.943213,226.095734,6234.774414,0.071902,0.063856,0.965028
66.949997,6.197101,181.975800,6304.518555,0.030418,0.034951,0.219325
77.720001,5.737844,176.718842,6147.681641,0.035069,0.018967,0.054831
29.100000,1.334859,39.168419,6070.780273,0.031287,0.018971,0.098696
-16.280001,2.889684,-82.828461,5749.360840,0.024767,0.004517,0.010966
-9.910000,8.588612,-204.145676,5422.547363,0.036046,-0.052464,0.581210
-10.970000,20.474365,-315.131683,5141.279297,0.089256,-0.014153,0.318021
-0.170000,186.522018,-888.639404,4268.981445,0.059198,0.006686,0.010966
8.330000,282.541138,-956.108032,3286.416992,0.103145,-0.002566,0.010966
-39.450001,336.417023,-919.969543,2578.781494,0.129374,-0.129891,0.975994
-43.869999,468.376526,-733.303711,1766.470825,0.169553,0.667260,4.386491
3.700000,453.365784,-566.149109,1544.369385,0.935336,1.585576,16.482239
-24.940001,421.845734,-596.202026,1308.047363,1.863008,3.779252,98.794739
-1.760000,425.013733,-606.605591,1063.766602,0.240594,-0.819985,136.419861
-14.170000,325.014160,-468.490662,751.597168,2.488187,0.842271,58.724144
-12.750000,246.286285,-361.757385,581.210938,0.587294,1.688713,60.423912
0.000000,227.795013,-379.393188,698.397095,2.412819,1.576018,24.301159
-6.020000,215.643311,-322.742310,499.141907,1.381997,5.324948,31.780125
-3.000000,184.551453,-221.154129,357.637482,0.452305,0.105656,55.203987
-13.430000,125.677818,-177.201111,305.093750,0.999913,4.269901,31.418240
-6.190000,131.067719,-161.614044,233.862198,0.326165,2.089916,27.185278
2.300000,124.286354,-97.638947,159.647797,0.712454,2.037790,12.567297
0.530000,79.936287,-65.774246,126.738731,0.314071,2.583110,23.533525
10.430000,47.616253,-24.314686,79.286896,0.211563,0.607481,24.410824
9.540000,26.897198,-5.465437,49.574604,0.098282,0.810037,10.034098
13.960000,19.417032,0.123502,44.871704,0.252413,0.663248,3.553057
9.540000,19.427694,4.365633,34.416306,0.183701,0.437198,4.781276
11.660000,15.358600,11.944724,18.981903,0.217606,0.121792,0.175460
23.850000,44.923660,9.387767,2.438645,0.240375,0.374739,1.326914
18.910000,58.175583,3.058911,6.544401,0.153441,0.199724,1.864259
10.090000,3.509125,2.571966,4.031916,0.337474,-0.135533,0.712805
22.080000,18.532948,9.808470,6.923735,1.021437,0.291163,0.668940
45.200001,67.788422,12.364292,16.719547,1.571705,5.841109,40.026726
27.219999,41.398865,11.223822,11.643645,0.531611,1.275165,75.765656
111.209999,182.284851,69.723427,27.675297,4.080513,1.659887,4.320694
32.119999,58.604214,19.737125,7.938037,0.773479,0.735326,69.569740
67.379997,144.147537,102.045654,76.426071,4.195993,3.615347,16.361610
39.880001,86.454590,33.790554,20.191164,1.241320,2.632533,78.880066
135.710007,372.311432,140.481567,58.630325,3.244026,1.839799,1.820394
34.430000,132.123154,56.247501,47.681297,1.616739,4.533130,51.892189
62.630001,127.950180,38.320267,27.023170,0.829530,1.170665,39.050732
81.160004,269.237427,139.371246,74.336693,1.274276,3.532701,15.857163
127.169998,210.162216,130.526001,100.729904,0.484760,1.718877,33.315399
31.959999,205.888351,182.373901,209.898621,0.815793,1.594355,26.395706
26.290001,234.228973,83.302727,67.791611,1.108955,-0.789647,31.166018
146.020004,356.568390,258.896790,213.191467,0.447423,0.842213,8.125975
154.330002,278.666504,222.470749,197.844879,1.121939,0.292211,0.581210
106.540001,248.341125,246.065475,276.384247,0.647163,0.807263,1.348846
167.639999,220.523956,289.726379,419.076660,0.696721,0.327614,1.074690
136.419998,208.281021,273.668152,406.497559,0.443254,0.231565,2.467401
128.979996,215.869568,307.274414,474.871429,0.644249,0.248225,3.311800
165.869995,245.773422,326.101044,474.919250,0.577155,0.074393,0.186426
148.539993,216.027908,341.508423,556.868652,0.565575,0.133929,1.272082
180.309998,217.229767,355.257507,592.397583,0.526131,0.074694,0.318021
164.789993,202.579147,348.857056,635.993408,0.525425,0.108264,0.471548
125.970001,182.431488,356.915405,760.168213,0.540367,0.066520,0.274156
133.889999,171.010712,361.101990,780.380981,0.529105,0.033612,0.098696
133.100006,158.916763,370.577820,932.537109,0.535932,0.058694,0.098696
129.880005,144.444321,361.055878,962.238647,0.506892,0.060825,0.449615
155.240005,141.463348,381.364502,1115.328857,0.509750,0.057960,0.394784
131.449997,135.891052,375.084167,1172.064941,0.512659,0.000000,0.000000
145.580002,130.301483,385.871155,1239.810547,0.507675,0.030975,0.098696
162.410004,118.190094,380.390869,1363.377686,0.510056,-0.013863,0.054831
126.820000,121.143524,391.595062,1413.304443,0.512172,-0.002976,0.010966
152.809998,104.560654,385.035492,1549.571899,0.514436,0.000000,0.000000
150.550003,87.656204,365.948303,1630.779541,0.510224,0.095958,0.350919
159.770004,91.396164,367.201599,1630.301270,0.481270,0.004521,0.219325
167.050003,114.390587,412.183960,1759.902832,0.506152,-0.026297,0.043865
126.800003,93.546822,362.966431,1812.216553,0.493114,-0.016553,0.274156
117.720001,158.439026,532.462585,1896.912109,0.479207,0.007539,0.010966
146.009995,81.767685,409.895874,2207.781006,0.487649,0.005657,0.043865
134.399994,75.326492,378.494812,2175.367188,0.478621,-0.034503,0.394784
147.660004,73.076118,346.700378,2125.743652,0.476295,0.000000,0.000000
116.669998,75.798775,355.013733,2226.761230,0.463023,0.000000,0.000000
164.880005,53.021664,347.845581,2462.190674,0.453958,0.009597,0.142561
142.259995,65.747696,375.604126,2379.113281,0.443137,0.000000,0.000000
111.430000,73.740891,369.109650,2494.503662,0.443984,0.016937,0.098696
152.119995,46.504486,328.161774,2589.588623,0.446352,-0.003421,0.054831
129.869995,62.855675,335.936401,2589.753174,0.443256,-0.009012,0.043865
140.690002,63.857941,374.168976,2755.004395,0.438643,0.000000,0.000000
151.429993,108.574898,519.550903,2823.423828,0.432623,-0.016883,0.043865
113.599998,57.769447,351.172516,2827.112305,0.362452,0.124788,0.043865
109.860001,54.017532,300.691193,2855.266113,0.382666,0.000000,0.000000
129.440002,57.176823,352.458649,3021.528320,0.382491,0.000000,0.000000
119.220001,39.001358,342.378052,3061.843750,0.374850,0.003705,0.043865
150.990005,54.835018,356.668701,3106.952637,0.365970,0.000000,0.000000
126.080002,61.127167,387.715088,3172.252441,0.369532,-0.008388,0.010966
115.589996,55.920906,349.654236,3156.799316,0.353279,0.000000,0.000000
124.629997,40.336487,331.860474,3269.702393,0.284618,0.110857,0.043865
88.239998,49.441940,325.747009,3238.398438,0.330009,-0.007601,0.054831
107.019997,41.527077,309.759521,3439.261719,0.333202,0.006948,0.098696
143.050003,37.583939,303.489319,3427.590088,0.338401,0.000000,0.000000
118.669998,37.878654,321.777344,3564.299072,0.342776,0.008643,0.010966
136.580002,36.014351,296.524963,3442.566406,0.337472,0.003341,0.010966
104.459999,35.222336,279.909271,3558.393311,0.338521,0.000000,0.000000
138.330002,31.344234,268.637115,3533.636230,0.341713,-0.014978,0.043865
115.309998,30.440750,284.941833,3637.671875,0.346122,0.004934,0.010966
100.449997,39.616600,222.435745,3136.559570,0.372312,-0.172546,3.969774
115.419998,34.982590,291.972717,3544.200928,0.361547,0.001419,0.087730
140.949997,28.346512,261.372314,3908.008789,0.385108,0.051684,1.776529
148.119995,27.716721,284.941895,3680.419434,0.369468,-0.140984,0.833433
108.419998,28.077065,260.435120,3709.308594,0.345135,-0.092901,0.932129
101.430000,34.485909,241.089172,3470.224609,0.546811,-0.011798,0.010966
114.370003,41.877663,295.950989,3678.066895,0.688690,0.047663,1.853293
116.360001,31.991198,272.773499,3591.682617,0.600365,0.011367,0.010966
101.089996,29.686409,253.540009,3783.391357,0.513309,0.000000,0.000000
96.010002,31.970306,253.571228,3778.944824,0.409029,0.000000,0.000000
106.040001,29.709175,304.676453,3837.901367,0.368954,0.013384,0.043865
87.180000,25.710932,238.073944,3697.189453,0.366345,-0.039183,0.175460
98.459999,25.497398,281.368134,3702.014648,0.361991,0.019913,0.109662
116.360001,30.018280,263.768402,3822.911133,0.428573,0.000000,0.000000
90.279999,23.488743,228.873016,3742.021240,0.401456,0.004885,0.010966
60.939999,23.438473,241.103745,3951.985352,0.376667,0.000000,0.000000
92.970001,22.276787,180.795959,3924.364014,0.332032,0.000000,0.000000
75.160004,19.675491,270.718323,3958.572266,0.182049,0.293968,0.537345
111.599998,17.544422,247.025269,3922.577148,0.196096,0.019996,0.010966
105.050003,26.453445,226.470764,3909.675293,0.205287,0.000000,0.000000
85.769997,22.338261,257.610962,3810.886230,0.258672,0.010908,0.010966
95.129997,21.871078,246.011932,3845.219971,0.267012,0.026602,0.043865
89.750000,21.290070,209.724442,3856.752930,0.238827,0.014276,0.010966
91.739998,24.858444,259.293030,3866.699219,0.228415,0.000000,0.000000
106.519997,17.369175,261.040375,3981.640869,0.183694,0.000000,0.000000
89.279999,23.081734,283.264893,3944.212891,0.143274,0.000000,0.000000
97.459999,24.294250,206.040314,3960.771484,0.200643,0.000000,0.000000
85.120003,17.878052,216.410248,4044.834961,0.243497,-0.037829,0.098696
75.870003,29.429140,325.032776,4104.308594,0.223002,0.000000,0.000000
114.260002,18.592049,221.007751,4062.561523,0.237906,0.000000,0.000000
94.540001,17.072132,238.322540,4022.565186,0.234848,-0.010109,0.010966
118.839996,28.673655,307.026031,4040.337402,0.199419,0.038458,0.219325
122.940002,19.430347,212.008331,4016.971680,0.249587,-0.017153,0.010966
122.260002,18.540539,269.514771,4091.790771,0.215748,0.000000,0.000000
103.190002,17.016653,235.788452,4148.187500,0.191205,0.000000,0.000000
86.480003,13.396076,193.256836,4187.407715,0.167920,0.052516,0.043865
116.260002,21.059544,263.804321,4178.489258,0.178173,0.000000,0.000000
107.220001,13.019077,162.319336,4179.332031,0.165985,0.000000,0.000000
94.080002,16.429012,230.602112,4239.136719,0.175554,0.000000,0.000000
91.860001,16.403809,202.549042,4195.088867,0.188878,-0.008253,0.010966
73.410004,17.186340,217.614349,4333.480469,0.213502,0.000000,0.000000
123.190002,29.659254,336.061859,4252.664063,0.226083,0.008571,0.043865
81.139999,21.142303,258.104187,4267.816406,0.192631,0.000000,0.000000
107.989998,27.074913,296.694916,4189.881348,0.192932,0.000000,0.000000
99.330002,26.524921,292.274261,4221.487305,0.196132,0.000000,0.000000
156.399994,29.073868,326.042053,4170.494629,0.202176,0.000000,0.000000
97.760002,16.880180,219.524567,4401.407227,0.169596,0.232372,2.193246
76.519997,25.554447,264.694824,4254.816406,0.163782,-0.019845,0.043865
114.440002,21.662758,263.795227,4416.614258,0.224626,0.000000,0.000000
115.800003,17.041866,270.042908,4876.285156,0.284914,0.000000,0.000000
73.930000,17.153593,204.012207,4686.101074,0.238006,-0.031929,0.318021
119.860001,29.090485,259.950500,4422.133301,0.198257,-0.026253,0.811501
103.650002,23.837318,284.742249,3746.775879,0.160490,-0.175920,1.666867
94.430000,24.269598,289.987183,3658.674561,0.235369,-0.498589,2.807354
117.940002,18.124355,254.926712,3726.840088,0.145604,-0.055499,2.807354
102.360001,27.797457,334.998657,4052.270020,0.155023,-0.053690,0.537345
120.209999,28.649426,295.656311,4291.678223,0.151559,0.000000,0.000000
62.340000,16.210535,229.012283,4673.464844,0.217195,0.536157,1.601069
85.209999,12.294516,193.867035,5329.811035,0.036290,0.052088,1.436576
53.340000,21.780483,71.168076,5699.278809,0.299272,0.029504,0.098696
40.709999,9.158034,18.804350,5937.853516,0.047875,-0.402879,6.075290
28.780001,6.185868,-19.653841,6102.111816,0.183581,-0.109831,0.186426
11.810000,1.337153,-72.212837,5997.670898,0.036697,-0.059224,0.493480
44.240002,2.782699,59.458118,5579.673828,0.111003,-0.038828,0.043865
55.660000,0.853822,46.841404,5550.062500,0.059632,0.165218,0.581210
46.360001,4.869382,150.713104,5424.062988,0.141671,0.030376,0.131595
72.050003,2.036473,94.119057,5635.164063,0.071309,0.146878,0.438649
32.959999,1.468308,45.276627,5802.189453,0.088180,0.049126,0.043865
29.660000,2.102057,-96.131187,6040.984863,0.059178,0.094517,0.285122
10.620000,2.957340,-121.773651,6144.580078,0.055355,0.106073,0.318021
-6.730000,4.267310,-150.713531,6125.048828,0.073708,0.007619,0.043865
6.190000,1.971669,-102.969513,6115.249023,0.037083,0.000000,0.000000
16.980000,0.763838,-65.674774,5971.065430,0.053597,0.096359,0.274156
7.600000,0.647463,-53.919937,6043.777344,0.043136,-0.007674,0.043865
10.960000,0.635953,-54.496628,5987.673828,0.033695,0.000000,0.000000
5.490000,0.581768,-55.815521,6018.416992,0.049045,0.006878,0.087730
27.370001,4.306528,-43.253841,5435.767090,0.121871,-0.534111,3.706585
55.029999,9.936610,60.803322,5286.764160,0.587402,-2.853206,17.030548
14.630000,1.168460,-20.984371,6456.516113,0.052357,0.071065,1.239184
-14.480000,4.219710,-122.924622,6472.837402,1.121693,-4.231458,17.984615
1.230000,8.767202,-195.020157,6474.402832,0.864398,-2.206992,5.888865
8.310000,9.768788,-178.245010,6673.224609,1.151210,-1.231849,1.864259
3.360000,5.077802,-93.837128,6230.929199,0.376711,0.002762,0.010966
-7.790000,3.399368,-91.212860,6219.387207,0.179555,0.467518,1.633968
63.830002,5.115695,15.609516,5699.951172,0.127013,-1.235583,19.201864
108.919998,10.880569,231.757874,5511.559570,0.205544,-0.764346,5.121228
120.290001,19.708023,287.880219,4400.325684,0.057855,-0.174013,5.230890
105.250000,21.288052,272.232758,4211.772461,0.081892,-0.459981,3.267935
97.410004,18.952934,262.869690,3977.646484,0.104161,-0.045798,3.794315
124.550003,46.123032,356.293945,4200.358887,0.016065,-0.021911,0.219325
99.839996,34.299850,325.269043,4615.448242,0.458362,0.307111,1.941022
91.330002,17.664030,242.609924,5017.456055,0.096661,0.205790,12.698892
122.940002,19.471378,248.938202,5582.418945,0.293681,-0.674823,2.522233
107.680000,8.163611,175.188019,5897.079102,0.039791,-0.393153,4.978667
130.110001,8.974495,188.128845,5706.172852,0.167603,-0.531117,1.897157
104.110001,14.726068,260.017487,5409.289063,0.059208,-0.307668,3.169239
135.089996,15.283911,229.730988,5138.921875,0.102291,-0.116513,0.975994
101.779999,22.700905,305.645111,4965.484375,0.110882,0.029719,0.668940
102.949997,20.620308,253.610229,4873.517090,0.132221,-0.064912,0.274156
103.000000,37.776871,378.321564,4942.677246,0.123900,0.000000,0.000000
132.740005,16.736767,286.316223,5119.461914,0.108684,0.048973,0.394784
133.259995,16.042255,284.568024,5264.220703,0.108819,0.000000,0.000000
104.459999,18.651272,314.169220,5490.244629,0.109590,0.033745,0.175460
78.440002,21.783300,315.942871,5487.435059,0.108191,0.000000,0.000000
124.410004,19.714640,298.779480,5661.919922,0.104229,0.000000,0.000000
133.169998,61.108459,463.275024,5616.263672,0.056756,0.000000,0.000000
104.290001,22.181038,300.299469,5695.097168,0.046347,0.030085,0.043865
114.959999,17.162117,298.443176,5677.951660,0.024489,-0.019420,0.888264
103.300003,19.862167,286.916840,5628.527832,0.030226,-0.025802,0.274156
109.989998,17.968204,283.261047,5615.633301,0.017016,-0.007217,0.274156
137.800003,20.383362,307.466583,5416.405273,0.031817,-0.051014,0.175460
108.660004,22.683052,301.926147,5469.337891,0.024889,-0.006611,0.043865
188.750000,18.001310,259.233032,5571.943359,0.038649,-0.027641,0.087730
112.089996,15.781273,291.009216,5611.165039,0.033112,-0.001593,0.043865
104.000000,19.303812,319.237457,5668.678223,0.035922,0.000575,0.098696
113.910004,15.764612,279.846069,5837.706543,0.035983,-0.006116,0.109662
110.410004,19.333841,327.144257,5825.661133,0.034958,0.000000,0.000000
129.929993,12.676655,236.714996,5790.495605,0.036495,-0.001016,0.054831
76.169998,31.852230,386.960022,5691.354980,0.033157,0.000000,0.000000
149.860001,22.560135,297.816406,5648.427246,0.036365,0.000000,0.000000
87.489998,15.910337,255.604492,5727.635254,0.008503,0.000000,0.000000
100.800003,14.547318,237.794815,5740.280273,0.023764,0.028883,0.043865
126.959999,11.300845,236.642609,5728.570801,0.020658,0.000000,0.000000
116.889999,17.298283,289.295105,5958.180176,0.021047,0.000000,0.000000
137.630005,14.151486,261.435913,5822.894531,0.020730,0.000000,0.000000
116.639999,9.602883,174.823639,5870.000977,0.028329,-0.006871,0.054831
90.400002,11.300705,194.974396,5809.628418,0.023834,0.032339,0.175460
120.809998,14.266385,257.532959,5775.956055,0.025136,-0.021793,0.098696
97.580002,12.544758,242.979675,5778.983887,0.024599,0.005685,0.010966
145.399994,26.209208,334.627441,5783.269531,0.020109,0.000000,0.000000
104.400002,21.438812,267.149689,5321.930176,0.049327,-0.244343,2.160347
103.349998,15.340343,189.768509,5757.628418,0.044723,0.224460,6.601669
81.690002,13.190728,232.044205,5781.901367,0.021751,0.049821,0.449615
76.000000,9.464863,214.807587,5420.600098,0.052482,-0.025999,0.252223
81.190002,13.826237,262.573547,5673.684082,0.017518,0.008530,0.010966
69.589996,5.769171,127.378082,5562.859375,0.020238,-0.005263,0.010966
57.360001,4.878958,87.141846,5383.891602,0.019732,0.000000,0.000000
52.669998,30.568310,135.859528,4790.837402,0.022027,0.000000,0.000000
3.000000,6.373043,-87.710892,4179.868164,1.600115,-7.920175,39.478420
16.600000,7.180054,-89.031891,3954.618164,0.169196,-3.712841,87.181503
-2.990000,13.331178,-166.207703,4542.135742,0.880189,-1.471087,2.906050
-16.209999,21.906681,-268.571136,4276.566895,0.175505,-1.760052,23.138739
-12.180000,112.764236,-649.442017,4053.074951,0.051930,-0.039784,18.182007
3.890000,109.155823,-629.894592,3766.629395,0.596097,0.611011,2.127448
-17.700001,142.245300,-662.739258,3170.543457,0.067883,0.000000,0.000000
4.070000,113.258621,-555.425842,2800.072266,0.017765,-0.089262,0.548311
-2.820000,101.809677,-485.060303,2367.669922,0.007418,-0.002182,0.175460
-5.300000,99.998680,-442.571350,2118.856445,0.064398,-0.157503,0.405750
-7.610000,109.459206,-425.579041,1916.601929,0.018635,0.000892,0.394784
-10.800000,110.360817,-396.068176,1729.526489,0.034430,0.012152,0.701839
-8.670000,113.292847,-404.880920,1637.101318,0.044836,0.028585,0.043865
1.410000,98.135620,-380.241089,1568.763062,0.055045,0.062855,0.636041
-6.550000,90.437950,-353.005371,1404.966553,0.116666,-0.171973,0.285122
2.650000,66.887741,-271.014862,1120.039429,0.131405,-0.071241,0.043865
-4.950000,53.101429,-233.578613,1045.787964,0.018723,0.002628,0.043865
-1.590000,43.043686,-197.032791,932.634277,0.046625,0.045160,0.109662
-11.680000,53.320641,-207.740067,835.543335,0.041410,0.000000,0.000000
-5.300000,51.106926,-188.823975,733.087708,0.057104,0.000000,0.000000
-6.020000,38.974327,-128.549866,648.120728,0.046317,-0.021754,0.010966
-2.830000,35.547844,-129.597260,572.456299,1.721198,4.833411,16.219049
-2.300000,38.423271,-127.126495,454.414764,0.314435,1.528763,75.458611
-2.480000,40.018169,-118.840897,388.845886,0.817955,1.211508,7.424136
-5.130000,52.620537,-117.347382,267.068542,1.040767,5.094757,31.747227
-1.410000,51.255379,-99.594421,199.251740,1.251022,0.977872,30.398380
3.890000,51.754616,-81.533417,134.102921,1.689155,7.427863,36.956184
6.180000,44.896240,-64.597519,107.355202,0.352494,1.901635,39.105564
18.379999,32.236771,-42.116337,68.187561,2.479523,8.777884,45.191826
3.890000,17.836987,-28.105707,55.784172,0.217253,0.842552,55.258816
44.619999,13.483589,-21.512665,46.285179,3.733155,8.047895,23.018112
6.020000,9.441106,-14.707185,37.845764,0.280849,1.080844,69.273659
22.070000,6.305416,-11.056798,25.513245,4.304478,9.083443,24.860435
17.330000,4.792964,-6.351107,23.809193,0.659507,1.364320,24.410820
25.780001,2.881740,-2.808514,10.018453,3.655101,8.062316,25.145559
17.690001,2.200471,0.367712,10.150047,0.755481,1.737494,26.922087
31.250000,1.425366,1.042084,4.239251,3.326135,3.441389,5.329587
15.910000,2.240257,1.484893,2.482510,1.742739,4.880977,35.179653
25.280001,3.664423,0.936896,0.711001,2.714568,3.294435,8.224670
22.260000,4.018538,0.855271,0.255586,2.662942,5.426448,20.452015
25.100000,4.626585,0.969467,0.267137,2.351613,3.939217,13.707784
32.139999,4.729249,0.976507,0.368904,3.359783,2.479748,3.564023
24.930000,4.862152,2.033419,1.084438,3.073174,3.760540,14.146433
31.610001,5.499187,-0.107515,0.200365,3.099144,3.660529,9.661247
32.509998,17.186787,19.679106,23.255566,2.779829,4.563366,16.284847
19.270000,5.046166,0.314193,0.263823,2.481595,6.386102,21.274483
27.209999,3.242031,2.698213,2.717529,2.120485,3.930106,10.999125
23.320000,2.098121,2.100872,5.304486,2.938263,4.809450,13.554257
23.480000,2.398686,1.817980,3.753764,2.094237,4.064399,20.583607
20.510000,3.149453,1.053010,1.674860,2.469143,2.548547,5.505046
20.320000,3.430501,1.396511,1.589177,2.532115,3.410257,5.559877
23.510000,4.017320,1.290359,1.043839,2.138970,2.434026,4.748376
19.270000,4.006872,1.698210,1.167294,2.576594,1.253300,0.811501
19.790001,8.592190,2.814096,1.194490,1.796734,1.018241,0.899231
27.559999,23.197916,7.530167,3.222706,1.438339,5.214303,31.286648
33.549999,50.205105,16.502249,6.720738,1.564568,2.623700,15.286921
30.350000,77.119400,18.622665,6.326976,1.369708,5.785175,26.143488
19.969999,32.964516,13.695200,7.052258,0.827140,6.661603,64.020828
47.650002,98.245621,14.383003,5.710187,1.842343,4.323072,47.198647
59.540001,124.924156,24.671387,9.109668,0.953976,2.106250,22.436899
45.500000,146.809265,44.392868,16.894375,1.728794,4.602706,35.925362
101.269997,264.556915,67.917053,23.036581,1.634902,2.793314,23.533524
87.809998,281.780212,70.368645,20.847967,1.480190,2.843109,15.199192
70.769997,282.755188,91.470055,35.216114,1.487407,2.614018,12.391836
97.639999,270.692566,108.414970,45.429474,1.649907,2.200194,11.975121
100.910004,282.480988,121.433578,53.686699,1.713418,1.868375,7.248676
87.410004,233.103989,126.451630,69.348473,1.697872,2.248988,14.486385
121.510002,228.696594,135.628967,80.805984,1.578959,2.044145,11.032024
68.980003,231.478271,154.591370,104.217712,1.769929,2.145680,7.862785
112.150002,185.356812,143.711227,112.133423,1.427473,2.081072,20.046263
75.120003,204.197342,160.352875,127.356552,1.391701,1.772470,9.540618
103.480003,165.967575,168.300522,172.950470,1.405793,2.431880,12.161547
109.389999,157.554230,172.511002,189.567810,1.253857,1.978053,12.040917
79.980003,149.823746,188.358307,239.839905,1.416240,2.027280,8.104042
64.709999,101.092796,161.853180,263.791138,0.931789,1.250510,28.632818
98.230003,155.702576,192.810532,238.873962,0.978558,0.043879,0.394784
105.949997,136.596420,200.621307,295.564209,1.101094,1.620978,7.478968
70.339996,136.050430,202.647858,331.295135,1.611660,-0.423768,5.406351
107.110001,102.215576,168.296356,298.455200,1.350493,4.733112,17.063450
124.290001,116.609764,195.566467,354.821014,0.495281,2.547923,15.122427
112.019997,115.527534,199.735046,393.440430,1.417093,0.645451,2.851219
100.449997,117.472076,217.665039,447.160553,0.943111,1.597989,2.851219
79.459999,117.443207,226.390259,505.628174,1.057407,0.511090,1.864259
100.449997,111.561852,228.113953,565.825073,1.187096,0.640710,1.897157
121.940002,108.986801,236.446976,590.859375,0.914202,1.915107,4.441322
100.790001,121.210266,248.182007,669.598267,1.046828,0.671937,2.862185
124.430000,111.673492,254.368500,712.222412,0.789874,1.193528,1.908124
111.360001,100.159012,243.217377,785.815186,0.997246,0.391944,0.800535
102.250000,93.730972,251.738464,895.577759,0.321954,1.155342,9.365158
96.760002,83.037331,247.269714,945.302979,0.620601,0.279560,0.668940
115.169998,99.796440,285.632446,972.739075,0.374313,0.354279,2.050684
128.610001,88.858391,285.637512,1099.909912,0.386621,0.046687,0.043865
108.730003,82.289719,284.616302,1114.085327,0.326834,0.078584,0.186426
136.839996,70.456589,272.145721,1234.689941,0.242386,0.000000,0.000000
119.690002,66.422897,266.484131,1295.549194,0.196811,0.070759,0.372852
86.019997,56.292549,260.166626,1329.513428,0.211963,0.091801,0.372852
81.989998,56.227386,269.791809,1390.422729,0.132512,0.068885,0.175460
127.800003,42.413795,247.679138,1461.303711,0.073167,0.034524,0.098696
97.879997,47.280209,266.635681,1518.070068,0.060022,0.135705,0.394784
66.870003,44.576935,257.447815,1583.423584,0.018336,0.122833,1.140488
114.510002,48.494881,262.188232,1653.828979,0.049758,0.000000,0.000000
84.250000,29.533356,212.933929,1729.582520,0.067951,0.010221,0.010966
72.750000,22.168909,194.530243,1768.309082,0.035677,0.000000,0.000000
86.279999,17.426338,171.784088,1778.026367,0.042368,0.019320,0.010966
67.949997,14.189985,152.990768,1800.605591,0.052759,-0.005218,0.010966
53.900002,10.617901,129.641922,1842.286011,0.052461,0.000000,0.000000
50.200001,9.416185,121.040543,1866.181152,0.048835,0.000000,0.000000
61.340000,7.311247,104.694717,1828.907715,0.047148,0.000000,0.000000
38.450001,5.982312,96.899536,1854.793335,0.044854,0.000000,0.000000
30.700001,5.987872,95.967575,1880.023926,0.042440,0.000000,0.000000
45.849998,7.437084,103.928802,1869.407471,0.042304,0.000000,0.000000
39.680000,6.423964,95.727074,1872.358276,0.041302,0.000000,0.000000
50.790001,5.904254,97.847939,1858.351929,0.039288,0.000000,0.000000
48.880001,4.506068,77.773140,1844.315552,0.034643,0.000000,0.000000
38.270000,5.790688,94.190826,1866.602295,0.037525,0.000000,0.000000
46.560001,6.630722,100.235123,1891.616089,0.037269,0.000000,0.000000
35.650002,7.531859,112.986252,1892.010986,0.035699,0.000000,0.000000
55.869999,11.077557,126.828949,1907.680420,0.030307,0.000000,0.000000
52.459999,10.626389,134.773819,1956.842896,0.036581,0.000000,0.000000
86.040001,12.198420,148.983673,1975.070435,0.035234,0.000000,0.000000
61.930000,19.272528,188.403442,2042.189697,0.034924,0.002413,0.010966
97.239998,28.992302,240.208221,2058.050781,0.035172,0.000000,0.000000
77.349998,34.964375,268.250275,2130.252930,0.033953,0.000000,0.000000
95.300003,46.201752,309.597870,2147.062744,0.030600,0.017843,0.021932
140.250000,56.265404,345.724976,2223.631348,0.028377,-0.000123,0.010966
151.339996,67.028152,388.267212,2315.981934,0.024501,0.000000,0.000000
51.549999,38.557560,296.317230,2347.598633,0.009886,0.031310,0.142561
151.339996,134.959763,538.322632,2198.721191,0.020708,0.000000,0.000000
123.059998,66.917389,398.831268,2439.157959,0.026915,0.053342,0.109662
126.199997,57.123623,383.164093,2613.601074,0.019784,0.011249,0.043865
118.320000,56.391296,375.260529,2591.387207,0.018523,-0.004555,0.043865
138.940002,50.249096,369.435272,2765.973633,0.017224,0.000000,0.000000
117.440002,44.919487,349.715027,2845.727295,0.015801,-0.001997,0.010966
110.589996,36.170086,315.577942,2996.253418,0.012436,0.005410,0.098696
94.080002,37.861965,331.582275,3028.629883,0.013588,0.000000,0.000000
105.400002,27.424046,281.113007,3056.683594,0.009857,0.000393,0.021932
120.389999,29.115543,285.585205,3097.062988,0.009410,0.000000,0.000000
97.000000,28.112762,289.247528,3098.210449,0.008242,0.000000,0.000000
126.010002,25.224195,279.262238,3176.526855,0.011299,0.000000,0.000000
77.080002,25.634403,282.815460,3273.573242,0.007252,0.000000,0.000000
107.440002,24.166901,267.679657,3355.066406,0.012188,0.000000,0.000000
104.879997,27.491838,271.705994,3378.304688,0.007710,0.005582,0.175460
112.160004,21.627932,264.871216,3409.434082,0.010228,-0.009718,0.043865
132.300003,25.857315,287.049133,3494.305176,0.006587,0.000000,0.000000
116.010002,26.801943,296.458435,3533.067383,0.009088,0.017282,0.043865
137.360001,19.767521,251.864227,3555.533691,0.006997,0.000000,0.000000
117.059998,23.899185,282.716339,3608.578857,0.005566,0.000000,0.000000
113.599998,18.424810,256.783173,3670.179932,0.007657,0.000000,0.000000
106.690002,20.433846,264.528992,3736.925049,0.006999,0.000000,0.000000
86.599998,17.467989,244.959793,3835.925293,0.005548,0.000000,0.000000
105.709999,17.950930,232.714264,3790.031738,0.005141,-0.006016,0.098696
75.519997,15.737663,227.994705,3853.727295,0.005677,0.003126,0.043865
60.520000,8.227206,169.788605,3868.570801,0.004450,0.000000,0.000000
35.759998,7.572256,145.280304,3866.843506,0.002488,0.004248,0.010966
41.389999,5.626996,93.180145,3774.178711,0.003444,0.000000,0.000000
37.389999,2.791402,28.008198,3682.787842,0.003129,0.000000,0.000000
-0.170000,2.888925,-42.237251,3503.850586,0.002453,0.000000,0.000000
-1.230000,8.067037,-132.920181,3444.583984,0.002279,0.000000,0.000000
0.880000,15.481587,-180.328812,3242.783691,0.001570,0.000000,0.000000
-3.010000,74.148567,-456.737000,2944.125000,0.013903,0.013754,0.109662
-6.730000,107.933846,-509.819702,2458.781738,0.113723,-0.249132,0.789568
-11.320000,111.853546,-482.526611,2113.901367,0.002474,-0.004240,0.043865
-1.590000,119.892014,-455.569305,1756.225586,0.009913,-0.034195,0.219325
-4.580000,104.929169,-380.337128,1416.205688,0.125150,-0.069070,0.175460
-13.980000,82.252007,-301.006165,1231.115234,1.063705,2.782997,13.872277
-12.220000,55.538040,-230.497803,1364.098511,1.602942,5.142858,69.975494
-1.060000,19.236069,-151.921295,1408.984741,1.098103,5.797816,67.168137
-4.590000,9.870287,-114.291794,1427.348022,2.634114,8.154213,87.017014
1.770000,0.891170,-26.121458,1399.827271,0.248935,3.975150,114.081665
34.939999,0.649565,28.012968,1376.020752,2.549170,3.718262,67.661621
60.630001,7.325604,81.126404,1240.674561,2.332344,7.002226,80.305679
29.660000,1.593308,31.161602,1068.264282,1.312208,5.804700,132.976471
37.060001,7.216193,70.395966,981.860901,1.487344,5.761522,73.671112
65.800003,34.415817,106.522751,874.115967,1.839818,7.117732,106.668480
63.200001,71.661774,153.301636,891.865356,1.817695,2.841599,35.958260
69.360001,11.434525,83.959457,1031.008301,1.495839,6.326747,59.765938
59.009998,9.882822,79.472954,978.746948,1.861232,2.479185,97.073036
59.680000,32.442551,155.534729,945.486572,1.112170,6.159729,41.430408
159.899994,17.558939,82.681435,1019.261841,0.366066,3.064390,35.815697
134.580002,107.441376,348.235138,1203.895752,1.798368,2.340240,6.173986
77.639999,8.428976,78.925385,1161.248291,0.775851,-6.299881,81.709358
124.940002,115.147774,390.231140,1443.337769,0.842316,0.601618,9.573517
121.610001,139.509674,271.668396,955.941833,0.531202,1.771604,16.811226
165.699997,140.411865,292.816895,1072.502686,1.666622,-1.407310,2.741557
109.709999,72.516464,309.288269,1401.089722,1.248061,-2.255394,14.234162
85.529999,39.823311,215.818985,1657.124023,1.087645,-3.339401,23.314198
91.800003,51.502476,247.693542,1661.679932,0.408755,-2.219875,19.826942
141.729996,50.173729,258.659760,1741.001953,0.273231,-0.505978,1.875225
67.830002,37.377979,245.602142,1711.775513,0.047781,0.353750,6.711331
89.519997,32.423172,234.102448,1749.843262,0.509649,0.456142,1.633968
90.970001,18.428020,164.483871,1629.865479,0.545525,2.530911,14.968900
66.680000,10.542458,112.144821,1504.003052,0.875778,3.175835,32.536793
65.669998,10.247397,116.837425,1416.731689,2.055634,6.504902,37.515461
25.590000,0.688255,27.658764,1282.432617,0.994910,2.770038,57.155972
60.520000,6.245693,46.705544,1264.370361,2.300132,6.190190,52.692722
52.320000,12.741624,65.747681,1325.152466,1.296476,1.327157,86.391937
62.110001,11.208919,70.980804,1457.454956,1.525935,4.102489,61.827583
166.559998,15.846321,81.876411,1459.373169,1.901223,5.243513,66.323746
46.560001,7.121358,82.520264,1557.406982,1.425464,5.881501,100.417740
57.250000,7.415770,72.434784,1428.914673,1.389009,5.848482,102.665817
62.990002,191.401443,336.946136,1651.377686,1.627374,7.671229,64.185326
33.880001,4.202278,51.041183,1425.560547,1.263636,3.080312,122.876572
38.270000,8.365743,81.914841,1587.541748,0.972773,3.801629,80.250847
159.470001,82.015709,300.632874,1654.750488,1.522935,2.972836,10.461781
151.419998,89.387367,337.936401,1921.556030,1.161719,4.568558,26.362810
174.690002,71.124985,284.015839,1699.337402,0.548172,2.360339,12.523433
37.209999,10.159080,112.956322,1639.260986,0.770350,5.277280,39.313927
230.009995,115.459732,394.537079,1506.215210,0.721638,1.947152,5.537944
41.290001,13.388727,134.754776,1653.221191,0.956185,5.633768,36.078888
151.500000,153.071503,340.290192,1355.125244,0.501687,0.236077,14.267061
94.839996,87.401031,307.007660,1766.553101,0.600070,1.473688,15.528178
117.620003,78.841965,347.525269,1823.752441,0.293208,0.685143,14.541219
195.649994,113.530884,468.607758,2037.955078,0.404442,0.774561,2.818321
179.130005,107.763977,438.525513,1853.821167,0.879942,0.970228,2.555131
170.710007,74.873978,383.416016,2177.544678,0.784687,0.292805,2.982814
144.350006,91.216530,426.713165,2485.167236,0.612459,1.290053,4.364558
159.600006,92.982330,443.029480,2675.937500,0.546165,0.678184,2.193246
158.490005,81.865227,472.388184,3161.621582,0.290632,0.513933,3.509193
122.209999,72.442909,428.962006,3482.538086,0.309420,0.289324,2.807354
194.490005,82.655426,439.809906,3902.347656,0.144411,0.380500,4.057504
204.059998,87.044800,506.908966,4443.909180,0.187001,-0.079782,0.274156
-317.179993,84.852623,467.977356,4170.015625,0.170444,0.277720,1.162420
140.690002,74.504837,497.309326,3934.782227,0.291626,-0.512791,1.502373
196.289993,177.040466,642.453125,3094.377930,0.449374,0.081533,0.811501
144.509995,108.750389,527.927185,2596.420166,0.159937,0.217208,2.862185
151.289993,113.222359,457.057281,1874.841797,0.150193,0.003117,1.491407
203.369995,112.985085,450.096436,1835.083008,0.442021,-0.459846,1.063724
183.009995,122.797653,476.176147,1890.692017,0.135935,-0.160794,4.101369
190.600006,106.776909,477.466187,2144.503906,0.231201,-0.689951,3.180206
168.970001,92.128044,473.240265,2535.185059,0.106547,-0.436214,5.132195
181.979996,98.302612,526.994141,2897.416504,0.162225,-0.063474,0.285122
178.160004,97.226563,521.488159,2914.998047,0.085923,-0.005496,0.054831
167.889999,110.709389,566.109741,2909.122803,0.085019,0.009290,0.043865
224.720001,107.281227,554.275879,2897.178711,0.089801,0.009272,0.010966
214.410004,115.072937,547.554565,2608.756836,0.074605,-0.012265,0.010966
168.000000,103.889473,508.678772,2555.619629,0.081591,0.000000,0.000000
175.779999,115.702812,539.048340,2533.227051,0.139477,0.026216,0.054831
161.089996,93.896439,501.437408,2738.772461,0.109006,0.217637,5.658574
162.750000,94.739372,499.722565,2696.713867,0.202740,0.479680,1.688799
191.869995,97.030777,514.690186,2758.587402,0.162245,0.363711,2.072617
156.830002,86.027786,485.864288,2805.656982,0.266626,0.062628,0.394784
175.500000,96.920082,527.604858,2996.464600,0.168464,0.214249,0.482514
209.039993,94.470428,513.799927,3064.125488,0.055157,0.011308,0.438649
161.089996,111.330925,537.562195,3116.148926,0.133389,0.003412,0.350919
193.539993,112.094254,521.442749,2976.150879,0.066915,0.061537,0.098696
262.640015,106.698441,480.844116,2906.899658,0.072619,0.000000,0.000000
206.220001,107.877014,571.182739,3025.433350,0.107618,0.003914,0.021932
208.179993,99.970139,531.003357,2973.963379,0.103354,0.033528,0.043865
185.100006,96.634827,539.747864,3050.271729,0.115430,0.000000,0.000000
214.080002,93.645706,542.698669,3147.174316,0.066720,0.000000,0.000000
153.369995,103.817062,578.855652,3228.855957,0.042484,0.054460,0.120629
184.639999,96.512810,561.831787,3298.093750,0.056001,0.000000,0.000000
218.350006,84.390747,529.433411,3338.751465,0.052417,0.018533,0.098696
179.729996,80.116623,525.975525,3577.510254,0.049790,-0.006760,0.043865
196.190002,93.809036,484.273621,3609.048828,0.053044,0.006596,0.010966
213.639999,82.240479,539.398804,3954.002197,0.033787,0.027827,0.054831
174.070007,88.772446,466.397156,4148.177246,0.065109,-0.068117,0.175460
179.270004,87.705109,503.256287,4350.574219,0.039799,0.022364,0.054831
269.839996,129.115952,443.728943,4522.719727,0.070589,-0.036412,0.043865
205.789993,83.421577,564.146362,3867.460938,0.026406,-0.003102,0.405750
196.679993,72.504456,478.834106,3793.760742,0.069997,0.299836,1.677833
162.330002,96.557411,512.786011,3344.230957,0.059866,0.056197,0.745703
143.559998,85.623550,465.242859,3341.375000,0.083764,-0.186522,0.701839
167.960007,76.387894,549.444946,3979.162842,0.030140,-0.006627,0.098696
193.429993,70.129509,511.789001,4033.735107,0.013536,0.051152,0.394784
170.460007,64.738373,502.075989,4300.067383,0.064461,0.000000,0.000000
161.639999,68.119141,560.211182,4867.055664,0.011193,0.016549,0.043865
165.630005,63.289127,516.226807,4685.530273,0.006117,-0.009478,0.021932
177.009995,67.891434,555.755066,4997.707031,0.003489,-0.005571,0.054831
119.129997,65.198822,427.479675,4716.007324,0.006380,-0.018508,0.153527
189.550003,93.271652,597.089417,4835.740234,0.004790,-0.009296,0.098696
195.860001,58.140724,522.781860,5048.306152,0.021293,-0.021018,0.274156
168.070007,70.059898,504.183472,4882.028320,0.024613,0.048403,0.537345
157.910004,54.679249,482.853943,5218.487793,0.116064,-0.130217,0.274156
172.309998,57.837528,475.543335,5253.080078,0.071434,-0.245355,0.888264
302.619995,62.910969,424.402405,5348.495117,0.135330,-0.188150,0.274156
149.410004,42.333389,376.059967,5822.659180,0.099418,-0.324165,1.326914
288.290009,272.073822,973.071411,5722.478516,0.053519,-0.207275,1.140488
170.179993,39.872486,456.745605,6219.523926,0.012075,0.000000,0.000000
178.339996,205.218201,884.293518,5831.610840,0.004770,0.018163,0.197392
139.479996,49.537308,482.902893,6125.671387,0.004296,-0.014302,0.537345
178.910004,53.999458,508.689026,6180.004395,0.005643,0.003578,0.010966
170.669998,49.747284,478.216583,6336.784180,0.016280,-0.052484,0.274156
126.510002,54.728920,574.589844,6737.669922,0.006885,-0.038132,0.712805
164.899994,61.180740,577.700317,6604.591797,0.090815,-0.064932,0.065797
127.070000,25.448969,353.079773,6625.214355,0.174916,-0.479404,1.326914
140.690002,41.688492,417.937347,6822.455078,0.002825,0.002203,0.010966
112.019997,21.367968,362.920441,6854.728027,0.040018,-0.181946,0.888264
117.199997,14.919029,310.514893,6768.479492,0.035740,-0.209459,1.590103
105.599998,19.547749,300.535187,6641.496094,0.005441,-0.017458,0.098696
72.800003,4.726249,138.443878,6689.165039,0.002310,0.007670,0.175460
-12.380000,2.060810,-83.330986,6264.289551,0.002113,0.000000,0.000000
-23.389999,18.935446,-316.217682,5805.114258,0.004996,0.007148,0.010966
-11.840000,116.615631,-763.231018,5280.297363,0.033101,0.063222,1.601069
-15.050000,191.935944,-915.813843,4593.834961,0.144370,0.354135,0.888264
15.020000,154.071136,-750.274902,3728.090820,0.320541,-0.864440,5.406350
-8.810000,179.802277,-728.921265,3156.792480,0.118415,0.161079,3.070544
15.320000,207.375732,-700.224060,2723.038574,0.093896,-0.222649,1.370779
-5.450000,285.316315,-786.548340,2371.279541,0.036837,0.007344,0.855366
-8.840000,302.140533,-750.483276,2036.253662,0.017727,-0.044838,0.186426
13.260000,376.039001,-723.819214,1429.219482,0.036871,-0.201525,5.801134
-2.290000,379.219299,-676.978577,1215.191406,0.275776,-0.259854,2.807354
-17.160000,368.219971,-562.762939,864.704468,1.037495,1.782779,5.110262
13.260000,319.884583,-450.984283,641.346558,1.766889,6.550990,29.696545
-13.790000,265.473724,-383.113403,565.019714,0.761648,3.703365,55.039497
4.950000,375.830078,-324.485138,468.101837,1.766937,4.260046,59.195694
29.040001,372.048279,-184.144836,449.746521,0.942700,2.554564,13.016912
61.540001,270.726227,-143.285889,383.106445,3.584905,4.825514,24.421787
14.300000,219.397842,-114.371246,379.945923,0.380420,-0.269564,161.861511
9.710000,157.910187,-122.758728,290.497131,2.208200,-1.723662,64.404655
10.070000,108.443581,-87.494766,170.761795,0.830818,2.882202,32.142010
12.180000,70.349518,-63.323101,126.468910,1.512006,3.725236,21.778927
4.230000,50.981998,-49.557568,101.830292,1.009938,2.302846,35.124828
10.250000,30.263327,-45.851578,76.809494,1.118929,3.122538,17.370504
20.129999,19.612167,-19.284058,54.471691,2.078099,0.805194,8.783949
10.780000,11.509493,-7.373334,33.119274,1.113787,3.447203,18.138140
17.480000,7.790245,-10.450235,14.284168,1.778982,1.644578,1.601069
13.070000,0.342652,-1.309781,6.233886,1.935898,2.359890,3.015712
20.320000,5.831644,3.402412,4.563997,1.501729,3.231649,8.871678
22.950001,31.822483,6.038336,2.690186,1.377359,2.821617,8.685253
37.389999,56.866985,18.766891,10.627444,1.301316,3.963824,25.101694
71.959999,130.187195,50.147194,21.751730,1.169063,5.679904,30.102293
90.500000,195.857819,71.888062,28.156301,0.713120,3.286778,26.022858
52.400002,158.088760,75.988075,40.440224,1.509989,5.829373,42.274807
42.480000,50.075455,22.655727,12.812793,1.489826,1.501571,43.492058
115.589996,246.772186,132.365723,83.231277,2.515298,6.357588,20.550709
166.070007,150.148148,58.715206,34.386086,0.541188,2.262699,32.975445
148.440002,373.539368,222.210266,144.117371,2.153114,1.860909,4.397457
15.010000,9.680525,19.500383,60.729218,1.143147,0.611754,30.672535
122.779999,265.476074,267.819977,270.761871,1.150165,1.885957,6.272682
112.580002,225.229599,174.846008,142.911682,1.024004,1.282877,9.869605
154.809998,295.716583,274.367126,256.625214,1.076207,0.196961,0.186426
130.220001,227.562927,245.365295,285.215027,1.115980,0.661176,4.386491
128.639999,232.723419,284.217529,368.198425,1.050037,0.283188,0.668940
149.850006,234.452515,304.994232,426.911194,1.025791,0.364671,0.712805
135.380005,212.326080,312.444550,500.359436,0.993715,0.188002,0.142561
147.570007,198.028534,331.529449,596.559875,1.073295,0.158205,0.109662
170.679993,192.816559,349.692871,664.779541,1.094580,0.000000,0.000000
112.239998,176.326981,338.703064,683.813843,1.028385,0.256819,0.372852
170.539993,185.173645,368.644287,768.506287,0.946622,0.082394,0.043865
132.839996,158.956238,349.946167,793.265564,1.006343,0.107099,0.098696
141.910004,159.238144,366.225037,867.815674,0.947471,0.154075,0.888264
126.720001,147.167358,354.060303,893.578064,1.001768,0.230593,1.140488
115.550003,127.532593,334.230225,932.455200,1.345559,0.148349,0.186426
149.240005,120.555634,311.575714,971.874329,1.763514,0.000000,0.000000
86.040001,119.610840,272.069672,1006.579102,1.638599,0.448053,5.318621
151.929993,122.578384,266.586060,992.691406,1.317086,0.294372,0.504447
139.729996,146.083023,318.482269,1108.487061,1.233441,0.243514,0.416717
144.610001,95.147644,352.612915,1356.531738,0.800507,0.314276,0.394784
146.270004,128.052689,415.801758,1424.185059,0.810355,0.318137,0.208358
127.980003,115.306244,395.271362,1382.600830,0.668672,0.024917,0.581210
166.220001,130.053818,427.306091,1493.219849,0.829394,-0.226566,0.701839
145.660004,114.514191,393.466370,1552.538696,0.851814,0.006913,1.096623
137.020004,114.264771,355.277588,1571.119629,0.998692,-0.033062,0.142561
137.990005,111.696075,332.811584,1593.051270,0.873083,0.050240,0.274156
135.979996,115.780823,445.020935,1824.732056,0.867966,0.000000,0.000000
138.339996,86.792473,375.514496,1743.141357,0.799721,0.026049,0.537345
170.539993,77.843079,374.586609,1871.101929,0.812698,-0.093981,0.175460
168.509995,107.872650,435.294403,1995.937012,0.723825,0.131188,0.394784
132.580002,88.213852,367.812073,1934.786865,0.794507,0.000000,0.000000
98.690002,155.752350,511.647705,2013.035645,0.792639,0.132613,0.537345
200.690002,65.162910,328.369965,2250.716309,0.854903,0.051741,0.318021
122.730003,80.088722,403.655090,2177.309570,0.690960,1.134739,2.248077
169.979996,99.156586,435.175873,2330.060059,0.545673,-0.004338,0.010966
144.350006,86.119263,388.643311,2224.176270,0.402744,0.159765,1.579137
152.210007,82.485291,371.797119,2336.771240,0.590616,0.000000,0.000000
166.910004,74.434174,369.653534,2459.186768,0.591336,-0.037693,0.098696
152.880005,136.022888,546.825684,2487.743652,0.554464,0.067899,0.274156
128.470001,82.075577,387.092743,2499.467285,0.555957,-0.144354,0.899231
138.520004,62.381294,373.346222,2623.721924,0.534149,0.000000,0.000000
145.839996,60.993439,310.812866,2691.230957,0.562660,-0.009138,0.701839
156.809998,69.314751,401.983246,2817.387695,0.620699,-0.009374,0.043865
123.230003,69.947716,392.411377,2748.675781,0.574697,0.003303,0.712805
204.360001,129.332352,567.757080,2816.952393,0.554036,0.000000,0.000000
108.680000,72.105949,413.466278,3056.814697,0.573898,0.007586,0.098696
128.220001,54.405472,356.490540,2966.714844,0.547371,0.006478,0.043865
158.119995,39.334545,329.001343,3102.685059,0.512841,0.008012,0.010966
115.550003,63.348778,334.824249,3070.588379,0.575639,0.000000,0.000000
130.740005,63.362465,389.968018,3198.034180,0.615067,0.012716,0.054831
142.169998,53.166359,348.179749,3043.256592,0.588999,0.000000,0.000000
115.029999,49.175774,331.244843,3324.348877,0.536201,0.000000,0.000000
158.410004,53.772305,323.352112,3246.610596,0.600055,0.000000,0.000000
148.100006,52.872147,290.709045,3326.633301,0.622686,0.000000,0.000000
170.570007,44.225243,354.367859,3579.890869,0.569724,0.016780,0.043865
140.429993,47.848579,354.730865,3643.052734,0.615046,0.000000,0.000000
148.639999,46.321182,365.267975,3563.129150,0.600507,0.022132,0.109662
132.580002,41.143959,332.808899,3770.274414,0.549340,0.000000,0.000000
134.850006,72.012962,448.795105,3693.196289,0.549597,0.000000,0.000000
156.729996,47.562855,362.690063,3823.421631,0.535756,0.000000,0.000000
131.710007,31.848949,272.666229,3784.217041,0.510607,-0.007726,0.438649
137.559998,45.953003,379.824524,4017.564453,0.509127,0.000000,0.000000
109.860001,46.513908,371.638428,3869.830078,0.535519,0.000000,0.000000
118.900002,50.531700,435.445587,3981.424561,0.533003,-0.009729,0.010966
120.959999,44.703041,340.407043,3944.465820,0.520043,0.000000,0.000000
135.639999,53.743599,344.859436,3978.672607,0.541274,0.010043,0.021932
151.589996,58.841225,423.461517,4043.141602,0.532059,0.008012,0.010966
110.379997,65.048012,477.367188,4215.372559,0.500083,0.156452,0.054831
104.379997,52.765671,423.369507,4212.505371,0.502466,-0.056484,0.186426
137.020004,34.098038,313.710144,4318.666504,0.444202,0.000000,0.000000
129.009995,30.602819,302.169250,4637.602051,0.358194,0.027385,0.142561
128.800003,42.091774,340.446014,4267.828613,0.406232,-0.022060,0.175460
138.160004,31.356781,311.193237,4465.374023,0.339177,0.019747,0.888264
120.339996,37.066162,352.561646,3808.452148,0.338799,-0.200270,4.649680
99.449997,36.730907,290.481384,3870.237793,0.568898,-1.185830,9.880571
98.970001,52.786804,424.641052,3748.648438,0.410101,-0.292567,2.127448
128.990005,37.676697,351.807343,4041.110352,0.200047,0.562361,3.355666
140.949997,40.752766,386.489380,4512.033691,0.171495,0.081282,0.186426
142.259995,17.004150,243.584595,4961.107422,0.162493,0.436313,1.677833
97.739998,11.697071,241.486725,5704.922852,0.072766,0.358378,2.028752
73.540001,13.999413,264.855103,6223.299805,0.092709,0.066558,0.625075
91.099998,9.824398,231.869873,6533.923340,0.086524,0.265566,1.754596
81.040001,12.645783,275.906860,6581.166992,0.057935,0.069284,1.096623
91.389999,12.906077,221.054382,6431.472656,0.030244,-0.063957,3.344699
96.820000,10.384466,234.619431,6232.637207,0.017001,-0.051653,0.800535
89.639999,8.874268,230.388870,6223.798340,0.054051,-0.151729,0.888264
82.089996,14.683299,291.272461,6294.186035,0.049487,0.031704,0.800535
100.500000,8.470999,200.511917,6341.661133,0.029453,0.033576,0.043865
99.970001,19.471083,244.108246,6568.712891,0.023757,0.003126,0.010966
92.970001,21.702915,325.058472,6723.186035,0.082590,0.030171,0.087730
69.500000,11.222486,254.548981,7287.864258,0.122935,0.037505,0.219325
63.180000,9.293247,223.006546,7562.394531,0.066707,0.076621,0.274156
103.010002,8.044382,213.779007,7731.068359,0.058945,0.015199,0.098696
93.839996,7.004598,188.603119,7787.104492,0.042521,-0.005466,0.043865
82.570000,7.906039,146.528778,7813.897461,0.049281,0.000000,0.000000
106.279999,3.588359,137.470856,7908.396973,0.026983,0.000000,0.000000
85.970001,5.193379,160.756454,7214.393066,0.040456,-0.019332,0.318021
102.820000,17.803993,269.763672,7081.539551,0.272098,-1.581488,9.310328
113.209999,15.476288,214.805283,8094.531738,0.029752,0.065098,0.296088
48.090000,9.771909,-1.684299,8813.717773,0.729424,-2.438405,9.891537
69.599998,17.499928,0.394150,9196.164063,0.641740,-0.664878,1.842326
30.750000,7.946859,-72.393425,9223.697266,0.295191,-0.267041,1.908124
17.250000,11.836158,-96.411476,9321.216797,0.186553,0.256395,0.723771
45.080002,3.631912,23.390980,9088.902344,0.062992,-0.258520,14.925035
130.509995,5.752355,133.300369,8071.047363,0.066219,0.031898,0.361886
93.500000,17.807928,280.126740,7456.900879,0.143639,-0.041207,3.081510
104.120003,19.583267,318.144135,6204.404297,0.078044,-0.007546,0.285122
166.130005,25.266079,285.634583,5595.196289,0.121902,0.360716,1.765563
121.389999,13.062725,265.009949,5771.232910,0.084224,0.015653,0.010966
145.809998,43.971684,398.318787,6412.001953,0.083262,-0.187749,0.438649
94.260002,34.397755,287.142883,6656.131836,0.951480,1.695246,10.746903
85.110001,2.109152,-13.811649,6924.382324,0.135608,-0.121715,27.656826
89.870003,4.017894,133.996490,7358.884766,0.016012,-0.002097,2.938949
89.410004,13.419380,230.602798,7517.772461,0.201924,0.314778,1.239184
95.010002,10.615974,229.408936,7355.681641,0.231333,0.552257,3.542091
92.739998,9.256701,201.469971,7198.566895,0.331246,0.364301,2.423536
128.830002,20.751581,254.556946,6782.500000,0.384528,0.145488,1.085657
92.860001,10.949191,203.841110,6558.548828,0.399703,0.327789,0.636041
99.330002,24.346910,346.872803,6452.071289,0.335346,0.278195,0.855366
131.610001,10.760679,205.034058,6399.263184,0.331910,0.123613,0.230291
122.839996,10.118105,227.542969,6474.418945,0.114393,0.452867,2.324840
112.970001,32.228626,451.773193,6572.248535,0.203280,-0.011340,0.405750
104.879997,8.861452,227.991730,6782.348145,0.153347,0.207188,0.449615
97.699997,7.542121,205.361145,6915.812500,0.106818,0.150008,0.274156
108.290001,20.488291,311.841766,6872.118652,0.064960,0.074596,0.197392
167.160004,39.536644,293.368805,6815.234863,0.181769,0.432694,1.261116
103.459999,30.851349,309.793396,6652.052734,0.205411,1.276302,11.339079
120.940002,12.331430,214.000031,6588.939453,0.180245,0.165356,5.976593
142.259995,22.552858,309.613464,6554.963867,0.052521,-0.058888,4.265862
139.990005,13.559404,242.501053,6180.377441,0.034182,-0.244164,2.291942
100.839996,15.212494,268.907471,6341.089355,0.076890,0.005517,2.960881
108.400002,21.208315,309.732819,6186.611328,0.209934,0.363338,1.820394
113.279999,18.228586,272.446381,6362.463379,0.338801,0.317401,3.969774
84.570000,11.346260,228.911438,6346.862305,0.342694,-0.308367,4.178133
110.099998,13.208229,195.507645,6333.883301,0.259941,0.287807,0.405750
107.500000,11.661153,226.282791,6416.737305,0.080679,0.018344,4.660647
103.760002,17.895489,290.729919,6335.733887,0.152089,0.031328,0.021932
81.510002,12.871181,249.331085,6307.627930,0.145250,0.177338,0.592176
82.620003,6.846736,193.628662,6504.972168,0.048102,-0.016915,0.043865
75.250000,6.869279,199.725494,6388.987305,0.127278,0.199856,0.679906
140.690002,7.542334,156.870377,6199.349609,0.075475,0.069581,0.098696
166.320007,24.067183,190.161926,6186.148438,0.036131,0.011019,0.219325
92.160004,65.073181,220.542114,5722.984863,0.331395,0.990580,3.191172
86.559998,29.462212,227.680786,5737.186035,0.336506,2.045610,19.366356
58.340000,4.881111,113.857056,5868.261230,0.250947,-1.269671,16.866058
116.739998,17.133150,245.488586,6081.491211,0.094242,-0.025926,0.043865
91.220001,9.179655,206.230713,6136.750000,0.017950,-0.068132,0.405750
90.099998,14.613799,217.055328,6113.333984,0.051621,0.259380,1.732664
131.850006,12.138131,195.482010,6202.000000,0.077107,0.116173,0.668940
116.540001,20.733879,240.233978,6034.677734,0.190368,0.218287,0.986961
76.959999,11.679644,212.191757,5922.528809,0.061371,0.179426,4.989633
88.470001,18.987865,274.665344,5711.953125,0.177198,-0.083381,0.734737
102.489998,36.048519,389.456482,5752.572754,0.061524,-0.024686,3.388564
85.970001,13.236625,261.451233,5832.148926,0.088026,0.091569,0.120629
80.379997,7.632659,197.460144,5880.377930,0.025466,0.100739,1.436576
99.500000,11.503759,187.748337,5908.947754,0.082034,-0.047293,0.175460
147.479996,7.981692,169.378799,5859.307617,0.042600,0.018993,0.285122
112.970001,44.762138,374.560760,5851.802734,0.061843,0.058510,0.142561
129.770004,22.110361,227.640442,5768.161621,0.141591,0.847413,7.084183
83.239998,24.637808,223.215057,5904.438965,0.075193,0.300129,5.208958
112.440002,17.807362,231.426666,5819.851563,0.084020,0.201645,1.502373
82.889999,18.457214,293.047729,5655.652344,0.034256,0.068181,0.537345
107.019997,5.745085,173.097382,5751.248047,0.027070,0.052620,0.109662
79.940002,13.400907,184.860245,5752.624023,0.111066,0.163231,0.932129
52.080002,11.611897,173.076782,5515.823242,0.092974,0.109030,4.057504
27.160000,5.991056,-10.435516,5520.939453,0.085563,0.107754,1.239184
2.650000,2.680543,-85.237503,5239.397461,0.055515,0.092964,1.469475
-5.840000,5.877623,-140.776001,4827.428711,0.078604,-0.022067,0.537345
0.880000,12.982457,-220.165207,4614.110840,0.036913,0.093015,0.318021
5.820000,92.833397,-624.258545,4299.998535,0.115015,-0.262354,1.096623
-19.799999,179.301208,-762.452271,3409.401123,0.104034,0.012080,0.581210
-13.260000,288.589752,-816.459412,2855.520508,0.047461,0.040834,0.142561
-3.710000,244.772675,-626.512573,2129.043945,1.318633,1.519473,2.785422
1.230000,228.082367,-604.998901,1797.715576,0.258933,1.272818,133.985352
5.300000,291.228577,-626.386719,1426.896973,0.232946,3.286611,68.045441
-8.310000,417.550537,-644.183777,1074.990479,2.053875,3.870886,15.988759
-6.540000,382.833771,-501.145721,738.494690,0.629578,0.974545,82.970474
-4.770000,254.056366,-348.793610,521.839050,2.361728,0.915939,21.647331
-9.350000,180.991653,-262.334717,445.109161,1.101559,-0.441468,70.227722
12.390000,145.127777,-207.632248,328.024750,7.033010,-3.931038,36.199516
1.940000,131.445755,-215.199982,357.279358,0.223859,1.630387,173.058044
4.060000,159.301392,-255.187302,410.357483,0.677874,2.063376,183.212753
-2.650000,148.102356,-223.237762,340.315735,1.250700,4.138426,49.424789
-4.940000,117.760880,-173.816284,264.124176,1.164144,6.537320,41.178181
-2.120000,84.203911,-128.879547,202.796051,0.167292,0.968575,57.221771
0.350000,72.971169,-104.192604,151.003189,1.440186,5.694606,24.279228
0.000000,52.300652,-75.454506,109.906441,0.897713,3.694836,42.439301
5.120000,31.287418,-43.512184,60.962280,0.528642,4.045609,45.762070
7.770000,16.847668,-26.374029,42.398510,0.524065,2.843542,31.473072
10.770000,8.652625,-13.823076,22.309011,0.919762,3.448169,20.978394
6.530000,3.768489,-6.628254,11.993737,0.671251,0.561269,31.231815
15.350000,0.922920,-1.600385,2.791466,1.441649,0.719073,0.975994
11.490000,0.401384,-0.641681,1.581379,1.031945,1.140501,6.810028
12.180000,1.147386,-1.212075,3.001286,1.378114,0.110323,0.109662
13.950000,0.857310,-0.115926,0.166589,1.339152,0.187002,0.043865
12.190000,1.172079,-0.508787,0.293846,1.237469,0.588772,0.405750
15.200000,1.677795,-0.939717,0.644327,1.261854,0.600358,0.438649
12.190000,3.064713,-2.212665,1.753865,0.977419,1.244518,3.180206
10.250000,3.431335,-2.169449,1.390469,0.986817,1.193152,2.335807
14.130000,3.247042,-2.485177,2.001946,1.065368,1.066440,2.149381
12.370000,2.866292,-1.104500,0.493480,1.071179,1.072564,2.149381
14.840000,0.720266,-0.265370,0.327866,1.493889,0.356017,0.175460
27.170000,14.773175,8.035171,4.870126,1.395239,3.910675,15.714604
46.709999,60.797043,30.309048,18.550032,2.077304,5.106699,13.609089
47.380001,102.146217,32.507530,12.831070,1.814167,7.332819,39.763542
79.680000,190.435333,58.516602,19.787657,2.398351,4.620141,15.275955
27.670000,140.643112,50.182137,22.097729,2.128976,7.077618,40.454411
54.959999,74.746689,20.738712,11.114294,0.900333,3.974960,50.663967
95.540001,287.367065,75.735527,23.308447,1.109048,3.642041,23.204536
107.260002,307.711914,102.481842,35.551918,1.303747,2.448844,15.550111
136.669998,386.309814,145.401962,66.350494,0.928045,2.067403,14.925034
141.740005,310.144958,219.435883,160.346375,0.973461,1.158150,4.956735
95.540001,312.745972,230.646133,185.405807,0.949358,1.173934,5.406350
31.200001,52.056194,106.170258,235.441589,0.782864,0.861445,2.423536
142.699997,292.076782,287.583252,283.953613,0.733970,1.179598,5.384418
168.309998,238.741852,134.840225,116.183075,0.432901,0.233323,3.651753
200.100006,245.454834,246.431274,352.240112,0.470125,1.330431,6.842926
96.120003,199.022659,270.414429,370.971802,0.379756,0.348214,0.975994
125.750000,168.781754,271.323212,450.184204,0.348554,0.633931,2.215178
139.289993,161.825333,291.184570,531.857239,0.379832,0.227453,0.285122
120.860001,153.059601,289.914886,553.068604,0.299536,0.574948,3.246004
108.599998,141.538376,297.282959,626.632568,0.265969,0.035300,0.043865
88.949997,131.787964,303.371704,701.327393,0.270320,0.254468,0.811501
151.339996,139.387619,327.431030,775.999390,0.251814,0.100603,0.285122
146.710007,109.572334,307.293915,863.540100,0.223367,0.157913,0.570244
139.199997,102.675468,306.427734,930.373291,0.232807,0.000000,0.000000
96.290001,106.068008,316.719971,962.016663,0.245941,0.038382,0.043865
112.339996,96.595512,311.770538,1037.928833,0.222186,0.033443,0.098696
154.220001,91.826538,316.001129,1104.685791,0.240807,0.000000,0.000000
116.879997,111.229111,312.389740,1167.887817,0.286124,0.000000,0.000000
107.129997,125.035751,280.465912,1228.339600,1.824066,1.144259,1.951989
33.840000,7.417121,79.230209,1196.233154,0.070664,1.294127,40.344749
136.089996,85.529388,154.377762,1162.713745,1.508612,1.769002,5.812101
76.430000,61.654297,215.259567,1384.192627,0.978292,3.567783,17.918814
75.900002,60.466034,221.362701,1302.897705,0.348921,1.823215,18.083309
105.449997,58.014912,258.811707,1538.044434,0.277697,0.878163,4.090403
133.949997,57.777943,291.720367,1571.912842,0.021909,0.214914,2.533199
106.209999,64.724731,325.052917,1639.743164,0.052421,0.190583,1.337880
108.660004,49.609665,285.648682,1710.179810,0.092883,0.315931,3.048611
129.410004,46.858635,281.971191,1789.150024,0.120834,0.339745,3.267935
91.570000,45.737522,285.822571,1805.302246,0.112448,0.072689,1.096623
115.239998,42.435051,278.858398,1857.152710,0.137442,0.000000,0.000000
96.940002,49.283024,294.482178,1907.950439,0.242306,0.134242,0.109662
99.570000,36.130310,266.638397,1984.708252,0.234631,0.153233,0.142561
79.139999,39.340324,280.118286,2024.106201,0.136017,0.022895,0.010966
94.949997,36.738789,273.448029,2042.037109,0.049471,0.000000,0.000000
97.519997,35.846077,277.108826,2149.744141,0.084584,0.000000,0.000000
94.720001,30.936417,259.718689,2200.046875,0.104037,0.000000,0.000000
77.480003,32.893799,268.399323,2227.735840,0.109482,0.021726,0.010966
113.040001,30.461664,267.298523,2350.998779,0.105702,0.019724,0.010966
95.830002,30.130728,264.370300,2365.493652,0.104945,0.000000,0.000000
98.169998,26.386164,252.675629,2421.519287,0.111084,0.021348,0.010966
107.500000,23.996696,242.330460,2468.545654,0.110736,0.000000,0.000000
70.639999,25.518747,255.618713,2577.122559,0.111274,0.000000,0.000000
67.489998,27.280109,264.656189,2578.088379,0.113863,0.000000,0.000000
61.250000,24.255472,246.433502,2537.373535,0.114079,0.000000,0.000000
111.809998,20.844929,232.748947,2609.183594,0.117231,-0.001028,0.010966
110.589996,24.758957,254.960144,2705.623291,0.117811,0.000000,0.000000
90.279999,22.981394,250.549927,2746.828369,0.116658,0.000000,0.000000
125.110001,20.461906,236.505066,2761.055420,0.118266,0.000000,0.000000
82.220001,22.532490,246.949615,2801.664551,0.125075,0.000000,0.000000
86.070000,25.150368,268.184784,2875.968018,0.115924,0.000000,0.000000
103.010002,22.594894,256.012207,2942.504395,0.114714,0.000000,0.000000
99.680000,22.932478,259.325317,3018.721680,0.118377,0.000000,0.000000
102.190002,22.111294,259.959991,3072.649414,0.119027,0.000000,0.000000
90.169998,29.404062,300.423523,3094.178711,0.123764,0.000000,0.000000
101.839996,24.421108,276.314819,3177.584473,0.123071,0.000000,0.000000
115.239998,36.463207,306.283264,3257.128662,0.200735,-0.002695,0.010966
89.300003,45.296425,326.474792,3302.600098,0.681152,0.430964,1.283049
125.309998,20.467390,216.074615,3416.245117,0.501046,0.881175,4.967701
74.199997,25.917740,240.510834,3246.833984,0.052110,0.131447,6.075290
106.260002,20.340816,254.556427,3265.018555,0.185303,0.053735,0.285122
119.339996,28.675560,288.196564,3432.456055,0.049526,-0.062545,0.405750
72.180000,30.831783,291.575378,3493.841553,0.037252,-0.056876,0.285122
160.740005,30.525288,280.233887,3505.364258,0.015313,0.005469,0.010966
121.639999,34.504730,335.434448,3650.743652,0.014589,0.009652,0.043865
134.490005,32.066086,326.898865,3617.424805,0.017207,0.000000,0.000000
112.339996,58.394310,394.772522,3455.410645,0.014718,0.015730,0.043865
122.110001,40.089996,333.703064,3427.492188,0.023952,-0.194636,2.160347
95.889999,35.703434,338.106415,4014.440186,0.035036,-0.074441,0.219325
147.380005,36.353512,333.757477,3797.393555,0.017491,0.019588,0.877298
183.139999,42.145699,323.295319,3373.175781,0.015446,0.021170,0.318021
114.779999,30.302914,323.264648,3765.322754,0.031857,-0.037104,0.328987
129.089996,39.037773,370.083191,3880.138916,0.006730,-0.009738,0.043865
111.080002,36.462387,339.745544,3987.494873,0.020898,-0.077230,0.394784
120.510002,31.736502,349.657166,4118.178711,0.006450,0.011357,0.043865
137.199997,34.697968,355.169769,4223.324219,0.004182,0.000000,0.000000
124.480003,33.731651,334.890991,4346.966797,0.004764,0.000000,0.000000
123.760002,38.716759,337.720032,4374.317383,0.006912,0.000000,0.000000
121.559998,34.132980,344.952759,4387.155762,0.006043,-0.010029,0.098696
126.120003,39.036152,414.544434,4496.256348,0.005052,0.000000,0.000000
151.300003,66.352356,400.645020,4633.545898,0.060506,0.002375,0.098696
129.960007,57.273354,395.268494,4566.577637,0.225823,0.218770,0.625075
135.100006,36.826431,383.461487,4829.112793,0.102105,-0.126068,6.502973
199.779999,64.840958,419.285339,4803.125977,0.103905,0.042862,0.098696
113.669998,50.127144,360.383698,4843.062500,0.068910,0.010138,0.405750
141.820007,48.439346,413.549927,5082.486328,0.033358,0.000000,0.000000
111.820000,112.553299,633.269287,4938.730469,0.027889,-0.032705,0.142561
151.229996,41.905838,451.439453,5403.400391,0.016378,0.016594,0.043865
164.940002,41.819725,423.621216,5310.197266,0.044133,-0.108532,1.579137
159.149994,31.547043,396.919647,5385.726563,0.021413,-0.040069,3.267935
128.059998,46.832306,400.573669,5586.491211,0.029515,0.059922,0.186426
231.750000,39.983948,396.510620,5617.255371,0.089990,-0.388731,2.204212
143.039993,35.512619,405.079346,5800.575195,0.200655,-1.167488,7.413170
151.770004,28.515144,344.671570,5862.925781,0.087106,-0.918134,11.371978
172.199997,64.343719,515.511658,5971.931152,0.015210,0.006063,0.043865
290.420013,146.501511,755.719666,5996.748535,0.207868,-0.517464,1.436576
295.269989,40.508919,382.838226,6099.862305,0.026340,-0.149630,1.623002
242.339996,59.338974,434.111786,6171.405273,0.069433,0.202477,0.888264
172.800003,39.706924,349.198364,6390.512207,0.079848,-0.311941,1.590103
178.839996,54.113804,453.288391,6503.647461,0.020151,-0.021652,0.043865
111.470001,39.478142,438.058685,6608.252930,0.015083,0.006359,0.010966
143.210007,37.201447,445.893036,6625.157715,0.018940,-0.016365,0.043865
154.529999,26.898594,408.109406,6611.314453,0.042663,-0.068759,0.241257
148.020004,83.411110,585.762451,6562.652344,0.160740,-0.721561,3.564024
213.149994,75.958397,568.418274,6679.081543,0.254994,-0.010409,0.010966
162.210007,34.482456,361.409912,6894.231934,0.034535,-0.068169,4.397458
185.050003,114.792007,795.218872,6640.327148,0.019764,-0.037327,6.316547
308.450012,144.710068,797.518555,7053.720703,0.056179,0.039513,0.043865
125.349998,29.222948,411.998596,6956.128418,0.050716,-0.142906,0.537345
119.489998,31.083157,416.016388,7377.832520,0.105184,-0.278280,0.888264
267.100006,27.243202,271.604675,7109.583008,0.123736,-0.649122,3.596922
155.589996,20.698507,317.554199,7285.949219,0.171278,-0.001148,0.098696
171.470001,47.690395,564.434570,7406.536133,0.008636,0.005664,2.149381
120.720001,32.588123,389.050415,6856.998047,0.017433,-0.044606,0.493480
248.490005,104.349304,604.423096,6963.841797,0.008504,-0.027502,1.853292
133.220001,113.228836,554.359131,7227.682617,0.890546,-3.657789,16.251949
122.360001,19.430307,302.460693,8844.259766,0.084694,-0.779899,8.915544
228.350006,47.733513,569.694397,8924.525391,0.110882,-0.239983,0.844400
139.029999,18.344828,281.902039,9490.067383,0.036607,0.220860,1.601069
121.139999,11.623652,279.720093,9398.426758,0.011519,-0.057084,0.372852
284.769989,23.114405,267.709808,9033.727539,0.036140,-0.226751,3.125375
109.459999,51.665062,396.225006,8149.982422,0.117173,-0.026774,1.107589
163.529999,43.877525,434.736084,7654.869141,0.009440,-0.013489,1.820394
184.419998,44.375507,465.606506,5345.848145,0.030891,-0.025529,0.986960
161.190002,49.350792,420.312805,5228.137695,0.419139,-1.893792,9.551584
144.600006,59.570911,476.237244,5061.399414,0.233545,-0.870811,17.074415
143.039993,95.162720,570.377014,5308.008301,0.213917,-0.274977,6.908724
110.389999,51.602283,375.481384,5862.158203,0.076039,0.396275,3.871078
148.080002,30.260994,393.225281,6345.991211,0.025584,0.025556,0.054831
171.820007,107.903793,690.206238,6100.354492,0.007474,-0.012097,0.537345
140.169998,35.324089,426.451477,6337.904785,0.017237,-0.046926,0.493480
177.470001,92.284325,598.590454,5729.558594,0.164578,0.295288,0.888264
322.890015,40.597538,353.467682,5408.061523,0.240671,-0.607255,2.949915
174.119995,48.222519,385.790527,5272.564453,0.240895,-1.312948,7.413170
153.559998,42.481758,423.416565,5252.570801,0.170038,-0.831706,4.386491
123.260002,31.918486,401.356445,5103.010742,0.083663,-0.842049,9.233563
173.669998,52.349014,418.754242,5020.565430,0.007147,0.056242,7.511866
163.270004,33.533924,352.745789,4989.666504,0.446149,-0.138721,0.043865
131.889999,20.649010,282.720917,5049.257813,0.413592,-1.869305,8.597523
283.059998,170.045258,854.614197,5514.488281,0.063532,-0.325865,1.864259
165.940002,55.080387,451.517029,5304.067383,0.030296,0.038802,0.241257
223.020004,99.668762,691.204163,5745.344727,0.006811,0.015878,0.899231
156.669998,67.272118,395.556549,5347.539063,0.012688,0.049311,0.471548
155.740005,41.352783,429.511475,5517.723633,0.057649,0.137879,0.877298
143.899994,80.632080,478.962616,5148.950195,0.062788,-0.342001,2.423536
144.509995,64.653397,496.344391,3881.343262,0.043745,-0.024744,1.447542
208.220001,67.612106,461.099762,4113.033203,0.022468,0.045224,0.405750
128.830002,44.326218,373.856354,4476.625000,0.543125,-1.353549,4.013639
108.150002,49.143158,381.973328,4699.755371,0.325060,-1.092561,6.152053
134.869995,27.501957,353.679382,5512.294922,0.032630,-0.013019,0.383818
240.509995,40.105629,415.105042,6324.609863,0.007208,0.001765,0.043865
156.360001,20.907669,287.469391,6303.759766,0.190791,-0.124902,1.436576
117.820000,61.496292,516.376892,6262.826172,0.261977,-0.965699,6.689399
118.970001,23.599129,288.213440,6203.062012,0.201419,0.079636,1.063724
137.820007,38.170403,409.939880,5668.766602,0.065786,0.223066,2.785422
127.919998,31.252750,332.273712,5395.506348,0.087259,0.054043,0.932129
164.470001,31.667675,389.234497,5590.481445,0.066328,0.036494,0.043865
246.720001,38.065296,376.951141,5326.618164,0.061958,0.094671,0.285122
138.429993,42.474754,429.206299,5869.100098,0.027429,0.047474,0.142561
194.919998,60.531883,586.061096,5959.015625,0.068418,0.083483,0.186426
113.529999,22.286842,327.722015,6388.017578,0.198878,0.287782,2.379671
108.459999,27.220562,324.486694,6379.029297,0.112462,0.491000,3.739483
81.889999,14.979324,213.200836,6240.656738,0.045737,0.091166,3.925910
62.029999,10.050014,144.616150,6162.252930,0.100237,0.000000,0.000000
1.760000,7.230213,-113.025169,5482.849609,0.033212,-0.047086,0.438649
-17.889999,22.606331,-329.564728,5022.763184,0.019022,-0.002704,0.394784
-15.190000,154.469147,-798.931824,4197.111816,0.047836,-0.102982,0.285122
-2.120000,221.847961,-868.875305,3441.446289,0.256272,0.059320,1.272082
1.750000,287.807404,-840.569153,2622.283691,0.087224,0.005131,0.010966
-1.060000,245.406128,-699.745728,2060.247070,0.160059,0.060994,1.831360
-22.420000,502.284821,-916.112427,1735.997803,0.111469,-0.363473,5.450215
-36.040001,536.547791,-829.958069,1331.953369,0.682243,0.454309,0.679906
12.710000,456.925110,-687.716370,1047.033081,1.965741,6.015869,57.660423
-19.270000,413.946167,-611.632202,921.035828,0.611963,4.161412,78.529152
-2.290000,375.382996,-532.920532,774.747009,0.473371,3.090441,44.259689
1.230000,307.028809,-432.357788,621.246460,1.424579,3.957608,69.679413
-16.600000,251.354614,-371.520660,564.776001,1.733718,-0.758258,22.151779
-4.770000,200.715332,-277.228180,397.459167,4.622540,12.636000,62.090778
-16.059999,156.007248,-234.853455,364.714600,2.299114,-7.859930,306.933716
-9.360000,160.153961,-233.109161,364.305603,2.517842,0.709963,46.902550
-8.830000,116.962868,-156.739838,241.664948,2.510094,2.251022,29.356586
-1.230000,104.743332,-92.484680,174.655334,0.683397,4.281552,77.860214
18.150000,118.273247,-24.721054,162.193085,0.940862,1.908996,88.212326
69.190002,171.771484,23.984245,200.432968,1.048526,4.737503,30.595772
26.980000,88.545319,4.306173,246.244385,0.733017,1.978232,81.775154
63.509998,136.898224,19.771334,117.066414,1.057262,0.639451,59.842701
30.670000,149.093704,12.435369,41.044106,1.232432,3.268739,50.729763
34.830002,123.623398,19.879496,46.617966,1.840119,2.329250,61.038021
118.839996,180.005127,69.350410,65.954941,3.219420,1.928739,27.920013
59.889999,135.065567,31.556591,31.276115,0.196428,1.924005,93.574814
118.349998,247.554031,134.469055,134.198700,4.733849,2.567090,9.880571
37.500000,125.058815,4.926516,64.030487,0.189803,2.823708,120.485931
103.190002,265.591583,73.901794,32.719177,2.460062,1.519359,12.161546
34.020000,103.258110,33.298027,73.026733,1.282084,11.958641,129.193115
77.320000,94.648132,47.399532,40.539314,1.922311,1.259388,40.300884
75.599998,63.890656,86.589806,135.466431,2.144661,9.328238,77.695724
59.500000,79.431519,59.077305,74.441528,0.264068,2.258669,48.086906
38.200001,55.651905,96.920303,188.672623,2.161758,7.810482,89.111557
97.870003,330.359314,193.870865,153.854126,0.126901,1.237453,33.205734
108.599998,136.742767,223.938370,382.463715,2.713927,8.275775,29.214027
68.750000,48.181980,86.881409,176.720901,0.007091,0.669536,170.864792
158.880005,154.123764,119.275192,110.613983,2.310873,-1.252841,17.480165
81.160004,187.942535,178.458771,189.084732,0.438443,2.802340,39.938995
108.309998,194.022903,204.460403,262.617920,2.212452,-0.136956,2.401604
63.959999,82.864395,105.691116,187.585205,0.560654,3.768899,29.652679
75.459999,186.585693,209.880493,284.762817,0.794645,2.472603,8.268536
125.599998,135.251480,187.044373,332.306946,1.373877,3.625801,10.275356
52.750000,167.451965,125.284348,433.959320,0.993497,1.847508,30.025530
131.639999,163.498001,179.118134,295.395966,1.354359,2.883892,9.310328
78.980003,80.684258,171.137726,486.898254,1.749869,3.594077,15.550111
60.590000,121.622276,145.597961,278.930573,0.981335,2.932266,11.415842
116.220001,89.637627,156.583130,384.134430,0.803404,3.678690,23.336132
119.290001,180.084534,253.007507,491.006104,1.080386,1.718598,5.165093
46.119999,78.101715,143.377365,453.300781,0.774308,4.655002,33.194771
19.389999,15.859922,33.665741,269.814697,0.213361,0.555276,56.158051
59.990002,238.921906,239.576935,471.782593,0.215215,-0.079155,9.661246
97.870003,128.131638,246.272842,509.624207,0.407845,0.034436,4.397457
148.259995,217.759827,167.747025,237.580383,0.335116,0.261895,1.195319
119.769997,242.945236,337.018433,604.399597,0.176762,0.466129,1.809428
149.389999,193.705154,363.761230,717.176025,0.241668,0.145086,0.372852
153.830002,188.439789,389.322876,814.149597,0.145496,0.302437,0.844400
143.990005,160.662445,405.263489,1040.669067,0.162887,-0.009641,0.010966
162.080002,131.578903,396.543640,1278.255249,0.200304,0.017238,0.043865
177.169998,138.593338,404.172455,1464.211792,0.125426,0.000000,0.000000
133.830002,135.303452,417.011536,1562.142212,0.157399,0.028596,0.010966
198.289993,128.243683,414.463196,1396.385010,0.162686,-0.054354,0.098696
129.820007,136.539917,407.833771,1630.631226,0.343137,0.000000,0.000000
100.610001,73.168449,269.352844,1314.699219,0.692226,3.108156,17.699490
67.610001,16.321533,130.920578,1430.676147,0.522066,-0.058898,24.059902
176.669998,114.015305,432.248383,1700.936768,0.661795,0.487714,2.302908
162.360001,98.287491,412.761963,1834.014160,0.296320,0.312601,4.134267
180.520004,118.090836,467.503540,1930.055298,0.242105,-0.054903,0.142561
187.300003,99.123672,462.512146,2170.821289,0.168953,0.004809,0.021932
173.039993,102.382141,464.678955,2144.333984,0.129703,-0.011551,0.010966
137.910004,104.871719,493.770508,2326.176270,0.113510,0.000000,0.000000
179.139999,88.475006,457.378876,2375.753418,0.064330,0.000000,0.000000
188.110001,85.974625,466.296448,2581.305420,0.081230,-0.015386,0.010966
142.259995,75.466721,431.101166,2490.121582,0.089522,0.000000,0.000000
130.149994,85.215271,468.814758,2676.242676,0.089290,-0.011993,0.043865
187.070007,74.941620,437.478790,2676.892334,0.113899,-0.013468,0.010966
167.720001,70.736603,439.370300,2849.418457,0.129675,0.018563,0.043865
143.559998,65.549118,433.060669,2968.909180,0.114301,0.000000,0.000000
142.259995,54.244343,398.733337,3055.173096,0.101855,0.000000,0.000000
168.520004,60.217884,417.714355,3122.761230,0.128312,0.000000,0.000000
171.619995,50.736107,387.604980,3152.464355,0.109517,0.000000,0.000000
160.369995,44.534187,370.879333,3147.300049,0.099793,0.000000,0.000000
106.720001,46.362709,368.623291,3263.854492,0.130556,0.000000,0.000000
108.180000,30.434170,302.805145,3242.221680,0.147384,0.000000,0.000000
126.449997,17.874929,235.487305,3344.041016,0.146316,0.014976,0.043865
68.839996,13.601116,204.414215,3262.748535,0.157432,0.006365,0.010966
38.220001,2.870855,60.609428,3202.192139,0.177952,0.015841,0.043865
-1.060000,5.312925,-100.914474,2896.724609,0.198164,0.004703,0.010966
-9.380000,13.863298,-175.723938,2668.098145,0.241500,0.009699,0.010966
-7.240000,72.073395,-396.965057,2341.845215,0.327108,-0.027741,0.274156
-9.010000,153.443649,-520.593323,1799.383423,0.362840,-0.042514,2.270009
0.700000,162.805847,-463.738281,1341.211792,0.550839,0.239292,0.888264
-9.540000,199.658493,-408.681152,846.469055,0.711947,0.285352,13.082709
-7.590000,173.102081,-324.870239,632.442810,1.301652,2.041392,27.031750
-4.060000,171.550201,-284.913544,490.096252,2.192190,0.976745,116.176216
-1.410000,118.670799,-202.957840,363.311829,2.548300,1.445036,162.168579
-4.770000,93.727898,-153.525101,266.200592,2.278039,2.280772,66.521133
2.120000,68.829170,-133.775314,275.411407,2.685562,3.784871,36.989086
47.330002,380.443512,-118.093224,84.651428,2.575964,8.688738,115.419533
66.559998,291.340088,-72.911171,114.817863,2.563250,-1.492046,220.103149
49.939999,246.519623,-54.217400,196.978302,2.202153,0.890032,153.373657
84.550003,168.244904,-26.472588,213.142365,3.858877,0.910822,72.168739
30.100000,142.833176,0.462461,149.680954,1.939646,2.074549,57.671391
52.049999,134.552246,61.830044,188.829163,3.645536,5.716197,24.377922
17.639999,67.656372,1.932066,17.191387,1.259134,2.090628,48.284298
76.919998,72.360123,45.427570,31.168505,5.109921,4.666857,6.810028
32.610001,36.371342,20.737324,15.885434,0.631751,1.884298,71.148880
60.020000,136.426651,82.363503,51.886818,0.469693,3.001240,26.099619
42.220001,150.431244,101.664757,77.445053,0.818157,3.786120,48.876476
55.700001,63.393528,47.277195,68.459381,1.487852,-6.895911,61.849522
51.020000,121.684799,112.313446,137.541931,2.135873,4.663445,92.829109
32.250000,89.485504,54.835430,97.169151,0.624709,3.978539,112.184509
170.039993,479.834412,123.443108,67.536324,2.441690,3.148128,13.378798
20.629999,15.902527,26.826332,104.769432,0.542713,2.599222,58.757042
80.910004,183.813782,169.112061,161.114487,1.629092,2.356561,17.578861
49.320000,46.774002,82.901367,181.158966,1.527122,5.846046,32.602592
29.610001,60.965458,56.091896,79.324371,1.127279,2.408314,29.619778
90.809998,162.297607,71.793869,50.498116,1.730840,2.606940,17.940750
37.540001,49.323483,45.857635,43.707870,0.246414,1.011878,79.636749
175.869995,575.075806,118.807343,30.856184,1.039989,1.878507,4.934802
48.439999,112.070068,103.682159,105.778519,1.377149,3.750703,11.010093
107.680000,250.470932,116.977020,60.058174,0.624099,1.800120,22.590425
110.070000,298.316345,219.190430,169.578644,1.462813,0.768589,0.614109
122.010002,208.652527,219.957642,259.275726,0.823060,2.284646,11.668066
112.970001,179.315353,188.505859,205.467148,0.626062,1.220758,19.892735
37.500000,77.156494,69.925331,108.007248,0.179396,0.550771,34.444923
130.990005,214.457916,222.121368,255.787460,0.993393,0.544663,2.851219
84.309998,145.624939,242.701508,502.115967,0.359020,1.212969,15.012765
132.830002,223.163971,281.677826,374.735291,0.567952,1.432340,5.987560
131.029999,224.110352,286.796692,435.865082,0.328486,0.899822,4.715477
154.949997,230.019913,365.141571,636.537598,0.541409,0.617414,0.986960
190.369995,202.707947,348.960052,671.327026,0.314023,0.705126,2.511266
159.720001,193.923233,373.211151,832.062134,0.180159,0.465096,2.467401
195.570007,179.497864,379.377808,904.841553,0.246311,0.188212,0.208358
168.660004,189.166840,408.544678,1029.715332,0.174760,0.171745,0.932129
135.130005,200.423721,442.402557,1062.616943,0.233428,0.000000,0.000000
191.179993,172.892700,426.844269,1075.107422,0.239698,0.162972,0.175460
184.639999,185.823334,453.371521,1115.960083,0.183006,0.000000,0.000000
184.990005,178.366699,456.044495,1173.599854,0.216102,0.077265,0.043865
148.330002,149.034653,431.374268,1254.580811,0.249221,0.118679,0.098696
123.879997,107.318665,362.676758,1236.101563,0.507532,0.542565,1.173386
140.339996,69.652115,292.295868,1253.644531,0.799761,2.408904,9.047137
28.730000,1.726457,43.977394,1145.366577,1.001193,5.870650,46.255543
35.759998,0.422034,19.073849,1016.149231,1.362750,3.559980,25.331984
39.099998,3.749375,52.543736,1125.702881,3.127149,11.399252,83.760040
27.139999,0.464411,20.623238,1051.563477,1.338489,1.620392,124.335083
48.790001,71.300735,167.967545,978.393677,1.907476,2.820402,73.265366
30.139999,3.498276,45.440117,1268.272705,1.704603,10.740427,144.392303
37.139999,1.360533,36.607803,1138.305420,2.050710,-0.885388,151.476486
50.849998,88.666878,247.060776,1218.967041,1.893978,5.763787,123.391983
121.410004,5.568275,53.153786,1294.278809,1.763799,0.722968,94.177956
131.169998,4.325555,37.430664,1208.329468,1.432952,7.340383,98.005173
141.119995,2.261846,47.887825,1463.146606,1.097107,6.247611,95.833855
57.040001,165.670349,204.336853,1354.099854,3.128574,2.431724,97.676193
56.830002,1.444001,31.179693,1453.635010,0.047454,2.563352,206.713379
31.549999,1.326811,40.489918,1462.102295,1.689166,0.087182,28.917942
76.690002,3.122245,51.268158,1642.181152,1.858984,7.252349,120.211784
18.160000,1.718238,34.536156,1565.685425,0.003234,0.292376,131.123184
130.149994,128.047699,429.047272,1656.937256,1.041218,0.211446,0.394784
31.650000,7.014313,90.203552,1376.962402,0.338496,-2.936697,44.632545
149.839996,113.257652,330.823242,1404.317871,0.378965,0.207243,0.230291
229.559998,124.626228,342.559723,1503.931030,0.187902,0.928920,5.855965
179.059998,92.282654,355.834412,1730.214355,0.310690,-0.074470,1.370779
139.910004,133.925400,416.814941,1573.232788,0.237736,0.027863,0.219325
120.419998,147.356079,502.233002,1724.474365,0.274778,-0.647052,6.426209
140.779999,100.734879,408.173096,1785.075928,0.319123,-1.357846,8.685253
186.139999,136.942764,389.735046,1686.115967,0.156874,0.386509,5.483114
193.259995,151.241577,441.749146,1626.681763,0.140971,0.009011,0.274156
135.910004,144.583939,440.908386,1613.825562,0.193113,0.140705,0.592176
157.770004,118.800285,468.751953,1951.515015,0.133959,0.067734,0.098696
155.009995,113.903503,482.348389,2053.281982,0.153257,0.095457,0.142561
150.179993,102.309555,482.160370,2291.632324,0.112253,0.000000,0.000000
158.080002,75.355408,425.241028,2425.739258,0.111396,0.000000,0.000000
131.360001,52.499340,361.947205,2509.388672,0.102336,0.006879,0.010966
119.360001,35.357868,294.745819,2484.739014,0.102509,0.002487,0.010966
61.220001,15.925734,189.973831,2376.112793,0.100093,0.000000,0.000000
15.000000,1.447983,-17.630854,2235.569336,0.086185,0.000000,0.000000
-23.139999,11.669051,-139.980942,1774.807007,0.084323,0.033956,0.219325
2.290000,66.008209,-320.699005,1583.036133,0.066691,0.011737,0.274156
1.060000,197.960358,-486.153992,1203.654297,0.064954,0.000000,0.000000
-1.590000,221.250336,-407.198700,752.865112,0.040929,0.059607,0.186426
-3.690000,207.762909,-342.603485,575.513000,0.049503,0.056037,0.175460
3.530000,207.424591,-324.970581,509.987976,1.493907,1.366027,4.276828
4.770000,173.331787,-290.918457,515.664124,1.686562,9.233552,226.046844
-1.760000,162.246140,-265.975525,484.710175,0.550984,3.269706,136.990112
-4.060000,132.808517,-226.267288,450.316284,1.528712,6.223115,73.550491
-4.060000,96.694832,-183.077774,407.602386,2.088639,4.522071,63.242226
-5.650000,66.843887,-136.912064,300.964020,1.554479,7.170208,72.760918
11.840000,36.380623,-83.238045,216.341995,1.567369,1.128440,84.023224
32.430000,20.829094,-54.301880,157.124969,3.817272,4.883354,48.876472
29.590000,12.064966,-39.582272,160.014648,2.909709,2.892657,94.945580
21.870001,7.276220,-29.376915,144.688446,2.185665,5.599633,87.587265
22.410000,2.701822,-15.907303,106.998489,1.892136,3.806412,73.309235
29.629999,0.493777,-5.228778,78.900978,2.753246,4.739868,74.581314
46.500000,0.677492,5.008371,95.019913,2.743554,3.814101,49.216427
31.020000,1.661403,8.712372,100.992569,3.256037,2.718616,70.216743
41.419998,4.803785,11.990811,56.737358,1.820148,2.482728,81.435204
45.770000,10.174878,24.355864,70.762428,4.065320,9.235547,64.602043
25.910000,12.109237,15.642522,26.900887,2.118089,1.692335,86.984108
76.000000,58.412071,49.982613,44.004253,5.148698,6.417350,11.032025
21.870001,28.949883,16.243237,14.759224,1.161107,4.280474,117.130272
103.059998,108.087456,65.366997,40.636986,5.417703,2.386029,4.660647
23.280001,30.100241,19.716734,14.889067,1.486709,3.899090,97.412994
80.260002,260.395386,90.026016,31.628206,3.171052,2.239645,1.864259
43.889999,38.783745,24.484291,19.332045,1.840238,1.898180,62.946144
48.790001,243.681366,74.315102,25.350065,1.351157,3.694778,19.147036
88.589996,229.074310,107.727737,60.722336,2.623965,2.389983,25.101694
78.959999,268.430054,104.847412,42.341625,1.574883,-0.255424,8.619454
127.849998,320.962433,170.405548,93.140167,2.258451,0.818978,1.469474
102.400002,89.442680,33.663296,40.493210,0.952241,0.552090,2.906050
154.190002,136.196640,107.766365,150.514679,1.225764,1.705994,7.171913
121.459999,239.186554,173.890869,134.193283,0.883316,0.498539,2.851219
149.860001,262.223053,196.025970,149.423126,1.166099,0.075145,0.087730
100.970001,177.806305,170.598389,173.403397,0.490630,1.170102,15.890062
71.699997,210.321625,199.611008,207.374176,1.053530,2.244401,10.933330
77.529999,118.891006,152.509659,214.631622,0.488445,2.716462,22.963280
82.790001,87.180748,169.989594,337.078278,0.411105,2.631346,24.355991
71.480003,112.292480,114.373131,218.474625,0.252204,2.153140,24.783672
123.459999,131.378967,208.421265,416.302155,1.029546,3.958465,18.357464
29.790001,148.072906,139.947754,255.100906,0.276665,1.909548,37.668991
89.650002,66.975662,125.362518,403.337646,1.644777,4.441123,16.383543
30.840000,16.123083,74.951920,437.581024,0.893383,2.293162,46.858688
106.389999,89.068512,192.966660,465.963379,2.504009,4.940345,10.461781
23.620001,15.585485,51.843174,345.672729,0.577168,2.972610,93.487083
218.369995,90.365700,198.798721,485.832581,1.671354,2.858159,9.463854
25.379999,21.254795,90.443298,439.109039,1.363608,7.982379,54.831131
61.470001,288.166321,260.249268,348.756958,0.509022,1.524294,30.102293
49.610001,37.809219,137.534317,664.998169,2.339150,7.367064,39.281029
51.660000,12.643263,59.675049,475.892761,0.551930,1.273458,41.101418
58.060001,54.935341,182.617722,714.956482,1.511852,4.694243,24.641111
44.500000,7.501903,49.813282,500.614685,0.028142,-0.586638,58.746078
78.980003,79.708755,248.120880,864.841675,1.479971,3.838421,19.223797
23.100000,1.045109,21.512785,483.783569,0.127272,3.250994,90.899071
174.910004,32.193172,140.082092,782.770386,1.517285,0.393560,16.328714
41.240002,20.366882,112.315216,663.414185,0.606086,-0.327974,36.243378
101.550003,31.641409,150.933426,843.698364,0.784348,-0.936607,22.656227
111.500000,114.148712,249.610519,823.171936,0.488095,0.890624,14.376722
233.539993,296.725830,498.563599,1108.874512,0.558211,1.531309,11.262316
163.520004,158.579727,408.344025,1068.521240,0.378046,1.130076,4.057504
191.070007,111.182861,360.074463,1219.661499,0.725807,1.614879,3.816247
173.589996,115.146797,379.121216,1264.312012,0.423047,1.284163,7.654427
154.179993,107.363739,386.672241,1399.797852,0.583613,1.510150,5.713405
162.080002,116.665886,406.353088,1432.761475,0.653150,1.550229,3.914944
161.210007,96.620956,380.309845,1498.966064,0.677530,1.383757,6.601668
185.210007,99.430908,398.244843,1600.549194,0.836339,1.747275,5.866931
177.259995,100.774956,408.975952,1678.807129,0.699643,1.687590,6.612635
139.039993,85.856659,388.982361,1764.198486,0.768216,2.117182,7.391237
145.229996,78.222488,360.563293,1769.983521,0.315861,1.663907,12.424736
112.800003,97.082870,383.954590,1955.969727,0.421891,1.364570,6.766161
129.339996,55.076805,318.990204,2128.451904,0.180257,1.191559,15.221122
176.979996,78.780914,362.340729,2251.134766,0.249957,0.396306,9.080035
176.190002,89.008652,458.478027,2390.957031,0.491105,1.531190,5.285721
170.850006,96.536385,433.171204,2392.615479,0.479241,0.430156,0.636041
157.479996,71.108856,434.543884,2707.801758,0.604965,2.078990,7.731190
175.889999,72.471878,447.752411,2824.879150,0.290791,0.815376,6.075290
183.820007,68.448814,444.182678,2965.861084,0.219707,0.878126,5.691472
198.740005,109.578583,525.146484,3202.862549,0.324913,0.249128,0.943096
121.260002,78.354622,487.953827,3438.267822,0.251536,0.104785,6.152053
166.919998,81.245880,408.742737,3238.749268,0.265312,0.391056,3.618855
189.729996,76.469368,483.635315,3198.470703,0.144686,0.066018,2.752523
88.589996,22.113173,230.936523,2949.981934,0.644330,-2.868023,22.393038
170.289993,223.546158,679.781616,2929.808350,0.406193,-0.299679,1.776529
167.649994,79.255486,501.652588,3337.207764,0.269344,-0.078892,6.426209
151.630005,73.491318,466.148315,3497.825195,0.372618,0.023207,2.577064
134.759995,203.703598,721.298584,3673.298340,0.454305,-0.028490,2.390638
137.210007,60.660324,441.935974,4501.895508,0.258175,1.003696,5.110262
137.910004,36.686142,398.597046,5152.601563,0.113230,-0.003123,8.443995
126.220001,38.230473,470.347778,5897.953125,0.359307,-0.000038,4.452288
147.750000,44.955101,439.677673,5777.775391,0.122199,-0.308753,3.564024
125.930000,35.516521,456.069519,6046.840820,0.105272,-0.396557,5.713405
95.480003,38.286701,432.297913,5793.514160,0.162229,-0.415641,3.289868
210.000000,34.301205,385.321381,5752.183594,0.121913,-0.372709,3.958808
257.579987,39.903671,305.216858,5667.542480,0.059607,-0.030202,7.994380
157.139999,136.360641,704.410095,5914.655762,0.144124,0.349010,1.853292
121.010002,23.121538,363.287506,6145.043457,0.134025,-0.003324,0.285122
133.289993,35.971848,353.820313,6257.982422,0.057911,-0.013367,0.285122
120.269997,21.394907,363.031494,6735.372070,0.050158,-0.073345,0.318021
182.919998,35.064552,344.550903,7025.784180,0.075067,-0.036603,0.383818
211.860001,25.206968,301.179657,7420.509766,0.071144,0.100354,1.491407
151.100006,44.279114,473.926697,7715.687500,0.034920,0.006413,0.350919
109.269997,16.075191,310.485779,7943.902344,0.073443,0.170558,1.425610
145.740005,18.834225,299.268463,7921.141602,0.036326,-0.007796,0.274156
117.300003,21.594366,315.960999,8071.985840,0.029551,-0.000563,0.043865
127.949997,50.203308,620.856689,8307.739258,0.029690,0.000000,0.000000
112.860001,11.948602,287.693817,7596.570801,0.009717,0.008307,0.087730
158.139999,13.652111,205.831345,7583.652344,0.305737,0.228022,0.274156
144.770004,16.785711,329.615906,9169.546875,0.026525,-0.063395,0.701839
114.750000,7.501252,180.035187,9862.722656,0.285047,-0.175240,3.256969
96.870003,6.644973,221.725922,10531.668945,0.259683,0.109332,0.405750
46.540001,4.219606,162.245789,10730.367188,0.085411,0.048600,0.339953
56.439999,2.206679,89.286362,10947.935547,0.038091,-0.121543,1.425610
68.120003,30.498871,59.178535,9689.837891,0.262574,0.003178,1.239184
85.529999,38.462681,145.841339,8518.998047,0.418987,1.153790,3.794315
103.980003,27.372690,318.822754,7931.816406,0.506732,1.229013,4.890938
89.550003,13.405524,235.037262,7004.879883,0.465832,0.954678,4.682579
146.149994,3.678211,-15.578104,6049.594238,0.321464,1.242021,8.378198
49.630001,237.913971,374.516479,6084.540527,0.425783,0.025412,0.811501
70.470001,121.499115,298.663879,5528.205078,1.492490,3.706049,17.096348
78.070000,12.650368,-112.249855,5748.953125,0.092522,1.593410,120.047287
15.470000,38.708382,-177.113098,6377.950684,1.903578,-9.727530,79.044563
-14.430000,124.242035,-340.998535,6192.849609,2.857939,11.762690,86.260338
43.820000,88.918594,-260.281067,6579.579102,0.729980,0.137582,119.279648
0.170000,111.855446,-343.801605,5943.609375,2.406563,4.029052,13.192371
-45.790001,52.709320,-265.186493,5554.845703,0.078259,1.618585,86.995071
-14.850000,44.579102,-281.808411,5285.335938,1.344238,2.232821,25.112659
-8.300000,37.413803,-228.529175,4936.291992,1.110111,6.095728,41.594898
-0.350000,56.091858,-214.242447,4452.943359,0.028091,0.056878,113.314026
-11.300000,44.448215,-239.821945,4325.343262,0.475048,1.330533,4.660647
18.010000,192.912186,-253.810455,3934.985352,0.300166,1.866121,14.749577
106.129997,84.569641,237.290817,3126.112793,0.802490,0.478789,17.074415
54.790001,7.438621,47.385761,3260.796387,0.760796,2.404235,84.078064
61.889999,8.891053,-58.232216,3259.052734,0.158556,0.318156,97.127876
55.139999,26.941750,90.503540,3317.354980,0.619337,2.400563,19.421188
37.720001,20.060333,20.977589,3527.121338,0.357016,1.708568,20.484911
39.759998,15.304060,71.543457,2851.625244,1.027965,1.447249,13.784548
51.900002,23.525387,30.850597,2752.052246,0.615717,1.593222,36.912323
56.689999,89.683487,-6.488404,3039.224365,0.913394,5.354697,38.184402
14.820000,45.433640,-53.782043,3034.098145,1.182049,1.162332,73.912369
-19.440001,47.161995,-103.632111,2989.440918,0.033905,0.265985,62.595222
-35.200001,34.700890,-127.026085,3070.608154,0.558147,3.379385,21.515739
5.830000,25.879650,-142.502258,2945.848877,0.546578,2.186695,46.255543
27.010000,21.177660,-93.677734,2775.543457,0.589107,-1.192150,44.435154
12.350000,9.670875,-54.119232,2543.983154,0.784767,0.610511,62.386868
19.040001,3.186033,-1.067633,2315.951904,0.221316,1.423239,13.203337
19.030001,1.199099,6.888221,2203.590820,0.728407,2.096679,22.765888
41.270000,109.003937,71.013763,1733.099854,0.535093,2.559853,30.398380
41.720001,28.815016,70.938660,1110.828247,1.042017,7.817784,97.665215
42.580002,15.303462,107.560455,1127.213989,0.012123,0.715747,136.781754
27.440001,2.097747,49.183735,1244.992432,1.106126,4.143735,50.422714
19.940001,1.204988,26.255266,1357.444824,0.282587,2.005415,93.805122
24.170000,2.926451,60.678486,1384.326172,0.683134,5.092952,61.981125
45.590000,1.007012,-1.322172,1702.169678,1.994554,3.949952,27.338802
-25.629999,70.380371,-53.653778,1755.773682,0.734292,5.369310,113.050827
31.740000,78.332237,-185.368713,1719.708008,0.568549,1.810622,57.890717
18.120001,123.746880,-59.985619,1425.117676,1.276445,2.497141,46.990288
55.770000,67.298309,-141.193848,1383.084229,1.891411,3.974428,56.366413
25.940001,44.861362,-92.718933,1110.139526,1.555409,0.100430,51.859287
14.630000,41.247837,-60.930168,1125.489380,3.109502,4.004851,22.338205
19.059999,28.765743,-84.340279,1023.217651,1.993878,1.106164,70.578636
24.750000,312.386047,-293.664185,676.474304,2.371722,4.975404,17.337605
53.869999,127.556061,9.683016,435.389526,1.158684,2.050709,94.364380
40.110001,126.760567,-21.194105,179.793732,0.453471,-4.110299,72.475800
62.070000,212.049469,-50.234558,147.107986,2.674262,5.385735,62.661018
39.430000,293.222260,-93.736115,284.850647,0.899462,3.016271,156.707397
69.589996,227.819336,-69.645332,222.085709,0.730382,0.741685,73.364067
40.340000,203.566376,-49.322399,202.511566,2.496830,9.824170,61.246380
28.020000,146.109634,-15.637558,157.394760,0.683572,1.576907,104.025627
43.180000,171.068298,-28.103065,55.441830,1.193273,3.465646,41.967751
22.230000,92.686371,6.925624,26.447273,0.952167,2.051872,43.053406
35.049999,132.407852,20.548141,6.583002,1.135818,1.637841,3.520159
48.060001,119.534782,13.108734,2.765438,1.774732,2.330164,6.941622
39.810001,143.333206,22.415516,5.513624,1.259975,1.387825,6.513939
42.650002,70.499847,4.870253,1.153452,1.456114,0.593804,0.318021
52.189999,128.181854,47.220200,39.472866,2.028264,2.593944,5.055431
45.570000,167.601730,29.511978,13.340928,1.145182,5.047700,31.736259
61.230000,128.174179,23.915503,17.263472,0.484397,2.913805,37.000050
43.160000,62.053902,27.322500,17.222290,2.705137,7.222601,40.991756
36.840000,51.535900,16.850309,13.820613,1.332537,3.925810,60.698067
83.839996,158.685974,52.590282,22.773737,2.709050,6.948207,25.989958
32.250000,60.664558,12.644680,14.995755,1.707143,2.302361,77.443497
91.559998,141.470200,55.290817,33.588287,3.369021,5.144092,13.883245
31.209999,47.521812,25.435030,24.582478,1.987781,3.868386,87.828506
67.260002,100.410370,69.811127,50.681610,3.460781,2.927974,4.134268
31.900000,16.213242,30.290991,65.714066,2.585380,6.544722,99.430779
73.980003,78.747566,48.357338,48.554264,2.429588,1.090125,11.130720
38.450001,24.121168,35.620522,73.964272,2.649134,7.753077,92.445297
94.900002,89.310875,50.929829,56.280430,2.286520,2.457217,10.110861
65.980003,28.824165,35.851814,91.467834,4.500473,8.024993,50.631073
27.350000,24.268826,25.325691,69.983536,1.857969,1.757337,67.168137
80.160004,109.420593,104.321121,137.340881,5.266873,5.011857,14.212229
46.119999,44.667534,22.041924,53.138145,2.017864,1.635334,88.969002
84.440002,169.959076,105.781677,99.391747,4.123531,3.129166,5.066397
39.299999,50.442947,24.178928,51.271248,1.882703,3.590416,99.419815
41.750000,68.914314,22.758087,47.989773,2.311194,3.376624,33.227665
71.959999,90.233635,60.866364,119.204300,3.615366,11.050417,49.545414
48.970001,46.220242,30.367655,59.084087,1.667443,1.890896,60.983189
96.059998,106.456879,101.646584,136.965881,3.525755,6.696442,15.286921
28.200001,36.941689,45.681282,97.065292,0.755957,2.945526,99.781693
72.220001,143.689728,135.803070,161.026947,1.544392,-0.351371,18.829012
108.379997,144.973862,185.578278,294.529602,1.291944,2.095980,7.742157
66.870003,123.147133,152.256317,423.957092,0.268331,1.109262,25.715801
85.839996,139.692383,151.236038,582.489868,0.184370,-0.685499,6.996453
106.980003,160.579971,141.836517,541.041992,0.176266,0.192810,1.491407
106.580002,188.084808,122.825653,458.784119,0.437173,1.039546,8.575590
78.660004,151.566940,169.001678,256.659821,0.867885,2.449431,26.351843
63.750000,81.100822,102.851357,186.550919,0.787588,-0.116762,24.717876
44.860001,57.711761,140.975891,370.493469,1.832238,7.233440,54.184132
40.360001,7.780334,39.251724,261.080200,0.691309,2.081179,51.431602
66.639999,42.870949,104.844360,379.174042,1.791389,6.979222,52.659821
42.480000,15.588805,46.193504,328.207855,0.433993,2.273644,72.146805
56.439999,18.504650,69.417633,401.248871,2.811041,10.100807,40.816296
35.099998,18.586674,55.210258,399.832306,0.303617,2.003574,69.964523
40.869999,19.526836,73.133102,377.274506,2.167148,6.985845,45.235687
38.619999,12.657125,47.890068,351.312256,0.036636,1.368666,63.220303
92.269997,59.225601,161.846222,482.630249,2.837956,6.783839,26.395710
25.230000,8.036895,47.096458,350.806091,0.128872,-2.180778,81.424232
79.459999,52.218803,157.109283,486.466797,3.252842,3.077953,4.879971
18.889999,7.072898,44.109543,357.031616,0.031087,-0.786047,71.170822
43.750000,42.314560,138.718689,479.541168,2.891685,4.798931,8.794915
57.570000,17.271814,79.605873,438.138153,1.320321,4.125063,46.814823
53.169998,10.296132,34.388031,371.454681,2.113427,1.975934,22.436899
38.000000,21.591702,66.908279,416.700378,4.264390,10.313597,49.413822
26.450001,8.077460,37.061485,343.756287,1.452657,2.249480,99.156624
78.199997,29.525944,71.280991,372.270294,3.714876,5.246608,13.400729
29.799999,2.671094,25.910275,369.223877,1.732774,2.797950,102.117493
48.790001,1.824091,20.312283,309.181580,2.461957,0.901610,15.572043
25.750000,11.956729,47.324917,306.580872,2.585863,4.830526,32.920616
35.099998,3.537619,19.581350,262.551514,2.034911,0.151660,72.004234
41.220001,18.746849,43.370178,246.605301,3.307828,3.435882,27.075615
37.009998,14.607422,42.287483,258.049347,2.680116,4.710005,39.577114
43.360001,8.044627,27.472054,220.486420,3.302598,3.304015,35.936329
27.690001,12.157435,27.786358,183.410187,3.030435,3.338376,46.156853
45.590000,22.142286,37.156017,152.200806,3.683994,4.251750,44.084229
45.240002,23.414944,37.554096,133.476868,3.254011,2.642904,69.383316
43.509998,46.768791,58.019787,116.580353,3.286932,4.609237,77.388664
63.259998,147.946533,86.535011,157.255951,1.789456,2.660920,56.169018
69.459999,189.655914,78.512070,99.853096,2.410668,2.910962,27.174311
43.330002,85.858673,64.234978,54.242424,2.338098,7.525091,57.660423
33.639999,80.579971,62.027424,63.421879,1.315611,1.781455,53.262970
113.070000,339.001465,228.614166,186.954544,1.220634,3.326636,11.207484
152.800003,292.841827,246.119690,228.635544,1.870257,2.723335,11.898356
98.050003,159.238144,65.849762,107.144661,1.404195,4.256790,21.910521
63.830002,137.411880,126.803558,170.830811,0.974516,2.819663,27.393635
68.099998,220.327744,137.027893,158.523270,1.365871,2.307127,10.330187
80.239998,141.866943,87.496986,76.232040,1.673710,3.274558,7.643460
26.770000,24.681274,52.518559,118.961731,1.626994,2.699967,20.638439
109.199997,405.394409,271.705383,202.597305,1.697930,2.546890,4.408423
65.330002,158.668930,128.235870,116.119621,1.774042,2.538543,15.593975
181.110001,550.615356,180.184753,71.162041,0.361449,0.338763,15.462380
107.959999,73.959145,128.879974,232.971649,2.272189,1.796404,7.380270
138.850006,426.601990,207.502960,119.719177,0.344874,0.714523,24.619179
86.559998,236.539444,248.292938,281.483337,1.974471,1.868774,10.472747
138.589996,376.767181,176.283417,94.288834,2.014273,3.944156,13.214304
30.650000,25.414288,74.436485,236.548645,1.931124,2.165054,10.406950
107.480003,197.025421,194.018250,206.709564,1.540782,3.567694,12.534398
119.989998,206.991882,190.506516,189.961136,1.393799,2.817360,8.093077
111.570000,176.806503,212.553589,271.984558,1.145133,3.296378,12.337006
132.139999,196.418945,241.540543,300.896973,1.705188,2.721292,4.803207
134.139999,163.226181,216.407791,287.556000,2.518424,0.454365,0.745703
89.820000,121.367935,189.521423,296.559204,1.082563,3.983681,16.153254
129.520004,165.617584,242.808777,356.487579,2.272405,1.018811,2.006820
126.709999,123.404572,215.328812,378.781982,2.650211,0.609353,1.447542
135.970001,139.456131,222.776260,396.618408,2.382095,1.710678,4.134267
87.779999,129.681305,220.208038,420.170288,2.417422,1.214695,4.101369
86.900002,104.355896,214.382538,521.532898,2.618979,0.788175,4.057504
86.739998,105.406281,179.318878,455.963562,2.678323,0.897597,3.750450
86.489998,226.273438,229.167801,479.753571,2.863614,1.106691,2.028752
103.699997,80.609764,208.624542,598.587280,2.564411,1.862343,3.256969
124.709999,111.351105,217.054367,494.883270,2.784389,0.650150,0.416717
106.849998,80.409279,212.241272,576.455627,3.092327,0.720419,2.642861
107.309998,101.145912,182.514969,558.819519,3.124214,0.975116,1.195319
107.500000,116.561295,209.910858,590.101685,2.224457,2.476051,4.101369
128.369995,101.581429,279.082031,848.890259,2.621809,0.545813,0.789568
73.099998,54.423393,197.357498,752.317505,2.039480,1.123715,13.313001
134.300003,124.266769,219.533478,646.922485,1.948535,0.519234,0.318021
105.599998,113.644394,299.248505,826.371765,2.082772,0.517226,4.649680
106.370003,101.796913,278.325867,769.359802,1.995886,1.560462,1.820394
144.000000,113.593246,318.369690,894.165222,1.908576,0.212664,1.666867
156.190002,119.432777,335.819397,944.699341,1.793501,0.148320,0.197392
153.500000,132.052460,359.058411,978.267700,1.645972,0.031552,0.098696
161.059998,118.466980,348.334534,1025.509521,1.666155,0.000000,0.000000
174.820007,113.448860,354.604736,1111.930664,1.605917,0.469223,0.537345
127.709999,120.209663,378.869446,1201.680054,1.406524,0.464670,0.899231
131.979996,114.430496,385.954041,1307.390259,1.372435,0.414696,0.888264
186.839996,113.854836,393.632233,1370.036621,1.370465,0.123309,0.098696
147.470001,117.239082,409.295837,1435.986450,1.397851,0.000000,0.000000
187.710007,111.709579,416.239838,1558.913574,1.328816,0.000000,0.000000
157.210007,102.111671,403.012390,1600.919678,1.312876,0.000000,0.000000
137.470001,95.423782,406.896240,1761.530640,1.234144,0.000000,0.000000
135.910004,107.267899,450.421997,1911.393799,1.007434,0.812712,1.853292
157.250000,97.364342,434.624115,1972.811768,0.844295,0.249325,0.405750
152.759995,93.847244,420.268005,1938.397339,1.108132,0.389032,0.668940
170.179993,94.750244,442.342590,2067.704834,0.803210,0.465263,1.140488
137.119995,97.940796,447.822937,2106.847168,0.735242,0.242691,0.537345
157.100006,99.578514,465.338287,2201.178711,0.888999,0.000000,0.000000
186.949997,97.067673,483.169006,2419.165527,0.813576,0.462154,0.888264
138.869995,83.829437,464.864380,2581.106445,0.697984,0.182001,0.449615
179.550003,73.512527,439.541687,2638.375732,0.711208,0.246014,0.285122
186.779999,87.034691,487.095428,2750.096680,0.743640,0.076204,0.054831
160.789993,74.828362,443.331055,2661.144287,0.703026,0.181681,0.175460
154.860001,89.981644,487.123383,2933.419678,0.578361,0.480689,1.326914
126.180000,81.043533,443.507446,3028.655518,0.352709,0.029420,6.316547
186.380005,82.939529,509.819946,3209.601563,0.419301,0.000000,0.000000
157.369995,59.953148,444.341949,3321.603271,0.257215,-0.096563,7.994380
137.570007,80.098457,458.266052,3326.495605,0.333569,-0.038923,0.274156
181.289993,254.581482,792.619629,3255.267578,0.363612,0.098700,0.811501
187.419998,93.862244,500.584473,3456.473389,0.383440,0.039391,0.701839
164.460007,76.651085,494.010956,3679.485107,0.413933,-0.003269,0.010966
202.669998,76.530060,461.168457,3686.967285,0.445608,-0.000493,0.098696
168.970001,76.151688,480.885925,4016.642578,0.401588,0.209312,0.197392
209.309998,57.187244,454.975098,3932.382568,0.317196,0.270735,1.699765
146.250000,83.409119,454.745697,4087.040771,0.235607,0.360634,0.712805
241.610001,155.949493,686.537537,4148.865234,0.098518,0.458617,2.291942
149.460007,60.303932,512.804688,4421.287598,0.071165,-0.040768,0.175460
174.410004,44.255013,435.263428,4405.063477,0.106684,-0.001816,0.219325
173.960007,51.382351,444.642029,4524.732422,0.062583,0.023716,0.197392
218.960007,157.710678,722.593384,4598.604492,0.085056,-0.017337,0.098696
166.500000,38.098244,418.178406,4724.868652,0.084281,0.000000,0.000000
155.130005,46.897373,416.654510,4828.317383,0.086511,0.000000,0.000000
129.369995,41.167942,396.831726,4843.234375,0.091769,-0.000759,0.010966
142.869995,29.993608,372.666992,5087.682129,0.089378,0.103592,0.175460
105.650002,42.555614,384.227722,4974.994629,0.080759,0.035076,0.142561
130.320007,34.619873,381.248962,5039.494629,0.067030,-0.017876,0.098696
148.789993,22.676485,326.094330,5123.791992,0.074354,0.024489,0.701839
104.510002,23.064114,310.775146,5074.313965,0.074694,0.000000,0.000000
106.080002,22.729212,304.570709,5021.104492,0.040429,0.022878,0.142561
178.210007,18.774467,261.199707,5156.498535,0.059886,0.000000,0.000000
85.040001,10.959275,235.016373,5378.709473,0.115090,0.017566,0.043865
99.040001,10.121785,211.286743,5431.099609,0.242705,0.458505,1.425610
72.000000,7.353334,175.059296,5309.916504,0.222772,0.369108,2.862185
75.680000,2.100882,102.238083,5160.362305,0.380226,1.014684,5.285722
57.599998,3.335705,117.271378,5033.367676,0.533886,1.234339,7.753122
29.559999,1.087320,53.354462,4848.146484,0.975266,1.950175,10.417916
44.889999,0.143513,17.071663,4534.762207,1.145526,2.548577,20.298487
36.619999,0.368781,-23.756754,4346.622070,1.514763,4.612649,26.987885
20.110001,1.160189,-49.062229,4259.771973,0.095297,1.241064,44.204865
32.610001,0.935633,-33.288933,4214.092285,1.906152,2.329464,22.162746
-6.180000,1.232225,-44.788933,3941.604736,0.249639,0.649945,86.238411
18.160000,0.763024,-29.764050,3729.799072,1.536422,1.466755,8.345299
18.879999,2.787982,-53.728848,3577.307617,0.791170,2.554674,110.068024
26.770000,2.087843,-26.113979,3413.309326,0.195264,1.666920,57.550766
49.970001,10.661198,24.198669,3288.245605,1.907715,10.449215,67.179108
19.750000,6.723922,-39.686996,2924.445801,0.142746,-0.918622,97.105942
64.760002,17.410000,127.981224,2933.620850,1.901432,6.406294,40.081562
25.030001,3.101454,46.473209,2697.587402,0.045790,1.254224,150.610153
34.169998,9.135398,46.048565,2508.435547,0.615012,0.633660,57.660419
88.940002,9.409133,75.815491,2437.102539,2.906766,3.607502,32.525829
43.779999,17.060837,86.160637,2342.838867,0.149994,1.210934,202.897141
69.370003,1.584180,34.953915,2298.189209,2.443719,1.668995,42.329639
29.570000,1.343931,39.019299,2310.253418,1.088351,2.650134,162.058899
30.469999,3.487910,58.244442,2272.139893,0.000460,-0.023552,105.133217
92.339996,34.230064,288.703308,2490.429688,0.264434,0.814312,10.812700
97.980003,25.937286,250.451691,2923.621094,0.576273,2.713299,14.003873
33.250000,1.133478,59.429703,3173.639404,0.014762,0.358205,29.521084
93.849998,26.431471,272.820709,3141.059326,0.581292,0.303176,4.254896
79.589996,17.562208,188.429932,3096.421387,0.101077,0.570614,9.858638
59.810001,17.290644,148.356033,2855.140869,0.166267,-0.389653,10.549510
108.000000,23.923820,223.831360,2492.940918,0.236267,0.020266,0.833433
85.320000,23.969749,201.276642,2492.115234,0.194728,0.199455,8.641388
93.500000,24.413761,213.308090,2528.756104,0.178018,0.193848,0.449615
106.500000,24.745810,242.053650,2630.256104,0.113671,0.375382,2.028752
75.639999,32.160095,282.036011,2592.227783,0.065966,0.129889,1.096623
112.720001,23.517521,243.766479,2670.557373,0.078020,0.123990,0.537345
110.320000,69.456299,290.490814,2709.558105,0.040642,-0.019473,0.438649
135.619995,74.223183,224.349670,2646.772705,1.270669,1.989570,5.197992
80.790001,33.823421,60.784729,2709.532715,1.224234,4.811361,27.338804
45.360001,80.890907,206.355942,2473.398193,0.684459,2.588933,22.261442
78.309998,34.762791,177.078705,2597.004395,0.427528,2.027384,21.625401
95.949997,35.576454,212.842346,2658.688232,0.071563,0.790397,11.722898
118.070000,34.925739,284.707001,2851.782959,0.041809,0.087683,0.614109
102.650002,20.653286,236.616379,2743.009766,0.068537,0.152254,0.975994
81.360001,29.513962,204.620834,2852.445313,0.355682,0.478701,2.237111
65.430000,21.033213,188.158188,2840.643555,0.781493,0.765836,5.274755
77.529999,20.672688,183.420929,2879.129395,0.740746,0.292663,4.397457
74.150002,18.766037,178.279755,2943.276611,0.708687,0.138055,0.318021
81.160004,19.735008,183.969879,2916.521973,0.583210,0.130639,0.438649
70.430000,22.957485,251.469101,2861.232422,0.444776,0.000000,0.000000
70.510002,14.128311,198.272385,2849.119141,0.447421,0.000000,0.000000
106.099998,16.657309,213.407440,2892.051270,0.445860,0.000000,0.000000
74.680000,17.391096,223.589386,2933.925293,0.445447,0.000000,0.000000
121.709999,16.456398,215.815826,2897.956055,0.446195,0.000000,0.000000
72.050003,15.544125,210.361389,2946.819092,0.444874,0.000000,0.000000
78.610001,20.561657,235.190964,2908.919434,0.444539,0.000000,0.000000
97.290001,16.800762,218.184555,2942.570801,0.443340,0.000000,0.000000
103.410004,16.942894,215.666016,3009.966064,0.449285,0.000000,0.000000
85.139999,13.625729,196.128204,3010.422363,0.454922,0.000000,0.000000
101.139999,15.369733,212.006454,3062.931152,0.456348,0.000000,0.000000
81.110001,16.129408,214.385986,3007.034180,0.449574,0.000000,0.000000
94.309998,14.346167,206.714417,2998.764893,0.457911,0.000000,0.000000
74.900002,14.431806,207.349548,3098.872314,0.447147,0.000000,0.000000
89.470001,15.355795,204.865082,3045.707031,0.450656,0.000000,0.000000
99.040001,12.367437,187.256393,3071.080322,0.454005,0.000000,0.000000
80.239998,15.710567,217.349213,3065.235840,0.454119,0.000000,0.000000
106.629997,15.110883,209.066940,3088.294434,0.453452,0.000000,0.000000
82.809998,14.018462,202.584534,3101.772949,0.462272,0.004385,0.010966
84.570000,14.077651,206.800232,3114.645264,0.459883,0.000000,0.000000
83.269997,9.686695,171.770508,3194.930176,0.469957,0.000000,0.000000
75.550003,12.421676,194.343750,3135.020508,0.466954,0.000000,0.000000
98.980003,15.099361,215.121841,3151.176758,0.464775,0.000000,0.000000
73.800003,12.694992,200.488815,3202.448975,0.470316,0.000000,0.000000
69.940002,9.431427,172.601669,3196.561035,0.469864,0.000000,0.000000
78.059998,14.044909,206.253754,3191.288818,0.472703,0.000000,0.000000
70.769997,13.686844,207.565323,3232.698975,0.473343,0.000000,0.000000
81.510002,18.226061,236.147217,3190.552490,0.402483,0.000000,0.000000
74.550003,16.618832,222.520782,3202.670654,0.318026,0.182944,0.318021
75.860001,11.509691,183.025986,3203.803711,0.256593,0.703243,3.662720
81.510002,8.788171,160.910965,3186.898193,0.289990,1.424797,8.575589
60.270000,7.067801,145.782120,3127.587402,0.264929,2.022655,16.559004
62.380001,7.047108,143.681961,3058.212402,0.406376,2.212034,17.436300
43.660000,3.122476,89.263580,2995.411133,0.524767,2.527848,23.884443
88.709999,15.696735,170.424698,2991.880859,0.853362,2.224865,18.752249
49.090000,5.274001,113.031509,3041.639404,1.136204,3.866096,24.323092
77.120003,0.159602,-12.682817,2870.380615,0.551385,2.707447,33.446995
75.070000,8.696005,149.212921,3017.482178,0.761051,4.023698,22.305307
50.990002,0.589360,28.002180,2889.324951,0.764773,1.960865,29.312725
43.330002,8.383200,128.710632,2939.912109,0.453420,2.969967,21.340279
54.650002,31.674383,207.925766,2851.028320,0.255581,1.641598,11.898356
134.419998,73.856766,327.047638,2874.360107,1.110997,1.612688,13.751649
78.760002,23.397490,163.792389,2896.693115,0.592898,4.674833,43.185005
71.000000,128.650055,477.086639,2617.664551,0.247636,0.919436,4.232964
107.940002,27.246176,207.435471,3103.254150,0.831548,2.452188,9.496752
80.110001,28.120598,211.810699,2816.984619,0.079495,0.049436,6.294615
84.059998,23.132278,235.240662,3045.912109,0.287896,0.164193,0.372852
129.339996,29.552475,294.665039,3059.316895,0.142313,0.111147,0.394784
113.879997,28.562433,296.268494,3261.427002,0.084998,0.186982,0.701839
94.779999,23.229891,265.876526,3178.008789,0.031225,0.073123,1.096623
104.860001,21.831699,264.658569,3246.648682,0.065924,0.000000,0.000000
82.239998,19.050362,244.494293,3266.122559,0.029779,0.037786,0.394784
98.570000,30.892611,313.349213,3292.127930,0.038192,0.000000,0.000000
87.889999,21.843287,267.405487,3328.397461,0.028100,0.000000,0.000000
103.410004,19.100462,248.739563,3384.669678,0.026126,0.000000,0.000000
96.589996,13.522918,212.780670,3454.088623,0.022102,0.000000,0.000000
72.660004,15.697993,228.202972,3466.750488,0.021340,0.000000,0.000000
105.269997,14.216379,221.447342,3540.903809,0.013388,0.000000,0.000000
75.510002,12.086816,200.155182,3502.984131,0.006165,0.000000,0.000000
79.230003,15.264146,222.815994,3525.704590,0.003853,0.000000,0.000000
73.849998,14.053338,206.351883,3529.583008,0.012315,0.000000,0.000000
75.169998,9.072609,172.329834,3480.958496,0.054743,0.036100,0.054831
67.339996,7.280528,147.356384,3491.570557,0.166231,0.160783,0.372852
51.049999,5.059512,121.151596,3431.739502,0.250521,0.622346,3.278902
42.099998,1.560148,50.345047,3302.998291,0.637116,1.146261,3.136341
35.400002,2.462646,32.609924,3175.481445,0.509836,1.835733,14.278028
39.099998,0.862804,40.972321,3204.180664,0.787323,2.520587,21.263515
25.230000,0.728832,38.906387,3167.007813,0.236960,1.973811,24.674011
53.869999,3.139612,61.261177,3152.932861,0.826322,2.414679,15.977795
36.570000,3.398445,64.635750,3232.324463,0.249351,3.016541,39.774506
63.180000,3.718518,97.295746,3207.419434,1.252503,1.943277,11.613235
45.240002,4.317237,104.062775,3207.354492,0.964508,3.647470,45.729168
20.100000,0.215772,23.668949,2979.157715,0.205205,0.579292,52.155376
93.730003,13.417214,198.898422,2999.535156,1.377669,2.501062,10.165691
196.610001,73.329529,449.545227,3664.862061,0.301568,1.197250,9.979267
182.380005,85.167938,473.336060,3553.599121,0.043708,0.124258,1.085656
172.789993,79.590874,494.648468,3712.432861,0.196753,0.263070,0.789568
104.300003,75.735687,529.653687,3799.811768,0.144231,0.001009,0.822467
159.029999,63.943432,453.897034,3973.467773,0.148414,0.386573,1.074690
160.789993,109.913078,559.546875,3955.928711,0.020411,-0.035620,2.127448
160.570007,124.184357,695.436462,4323.587891,0.116970,0.080304,0.098696
174.169998,44.893097,421.628113,4337.359863,0.133289,0.002214,0.054831
154.100006,45.181087,367.445679,4498.152344,0.063440,0.054352,0.318021
190.470001,46.529537,381.405487,4632.422852,0.077225,0.016949,0.010966
128.139999,44.218761,448.925476,4746.565918,0.076658,0.025046,0.098696
133.820007,53.958626,464.778564,4743.159180,0.053401,0.002389,0.175460
142.610001,89.974617,582.117859,4833.537109,0.129040,0.021063,0.010966
226.179993,46.889439,377.538757,4836.153320,0.061865,0.141723,0.482514
136.070007,44.908852,392.615448,4975.894043,0.066732,0.028840,0.021932
101.760002,95.198746,607.278870,4924.507813,0.050624,0.100337,0.219325
147.309998,86.482292,610.984924,5168.672363,0.117858,0.400939,1.699765
108.220001,34.702980,382.859070,5082.334961,0.102476,0.215730,2.686726
130.059998,30.569649,368.992279,5197.829590,0.142658,0.230990,2.171313
132.669998,30.244270,364.441345,5224.293945,0.205325,0.479588,2.116482
130.660004,29.324726,310.213989,5200.236816,0.130605,0.235645,1.414644
142.350006,49.174816,480.126801,5366.812988,0.340829,0.880516,2.982814
85.860001,13.651696,218.771286,5168.634766,0.363046,1.089433,7.566696
86.389999,27.282927,341.632294,5186.426758,0.381555,2.014819,14.365758
55.430000,15.618675,203.390015,5071.488281,0.251610,1.342352,12.709857
74.720001,9.705898,154.908066,5106.627930,0.439800,1.129864,17.633694
73.800003,3.189275,107.422966,4988.154297,0.632587,2.868498,14.628947
43.459999,1.902515,94.755920,5103.311035,0.565077,3.895186,41.441376
49.439999,0.902052,62.919708,5002.490234,0.810799,2.238409,22.480766
56.900002,0.666533,12.003928,4884.811523,1.214913,6.399266,50.740734
63.919998,0.373803,9.677799,4808.217773,0.779652,1.854618,52.714649
42.250000,0.110132,16.003716,4685.564453,2.016973,4.347102,22.042114
44.889999,0.417444,41.572445,4504.110352,0.810732,3.388182,65.292915
36.459999,0.767076,-39.602901,4272.755859,2.136678,2.315642,23.796711
-31.250000,9.678194,-184.286804,3848.556885,1.253490,7.090501,91.688614
-3.350000,12.210942,-201.410324,3531.877197,2.005683,0.189092,93.092300
-15.540000,44.340244,-286.735840,3022.772705,1.325271,5.752156,43.294666
7.240000,77.567413,-349.161377,2733.148682,1.990601,5.798209,156.356476
-0.170000,68.370163,-296.009888,2361.363037,1.514202,1.043976,80.272781
9.710000,50.516647,-247.299637,2174.039551,2.653491,4.790746,46.507767
-11.840000,93.143929,-231.128433,2267.885010,1.686865,1.702126,46.387138
-8.650000,351.578094,-404.904633,2233.782227,2.565612,4.544891,44.193890
44.340000,331.755737,-281.899750,1916.202637,1.788802,1.822981,39.072666
72.089996,177.407578,-81.311676,1743.228149,2.419737,0.323983,29.652679
87.139999,163.252487,140.061661,1879.377686,1.256188,0.211189,26.604067
44.610001,198.852219,-24.913076,1838.527466,1.352714,8.437969,103.685677
99.620003,214.993225,97.734497,1297.705566,1.558402,1.241124,8.904577
51.580002,91.505493,37.940994,1219.265991,2.858262,8.631315,29.323692
94.900002,101.586472,63.008064,916.414795,1.942394,2.656362,19.673414
43.630001,41.889362,109.221542,768.419189,1.069237,1.707938,16.646732
57.810001,20.196983,100.992455,627.137085,1.469250,2.784316,17.556931
84.320000,95.048447,168.910828,671.130676,1.315405,4.963566,20.199791
13.940000,4.435177,19.168743,476.116516,0.179026,1.311200,114.509331
110.209999,135.000244,101.888794,454.722107,2.425732,1.155008,18.434229
43.130001,53.070267,60.217197,450.122101,0.950017,6.546727,150.149582
34.570000,43.391888,49.973251,372.621857,0.159369,0.655428,52.572090
96.059998,94.497986,117.088806,340.162109,3.363022,11.677977,48.591351
22.219999,26.805265,54.215118,275.257813,0.006926,0.696240,123.468750
108.290001,148.800308,198.816803,318.696777,3.009786,1.287450,1.294015
33.700001,18.263428,62.837471,285.226898,0.217062,4.191176,91.403503
92.089996,105.969261,140.654785,235.147980,2.218585,-2.301021,19.179930
85.139999,153.105988,159.789200,299.751221,1.318859,3.244002,19.377323
30.299999,3.812974,18.042170,130.001938,1.875270,2.152170,25.759668
113.250000,133.456345,188.204025,275.934570,2.853682,1.523794,9.924437
22.219999,4.916513,23.084980,146.298981,1.850893,2.321632,19.530849
61.330002,108.729156,147.949402,294.401093,2.819692,2.866352,10.341153
48.439999,11.845681,27.036633,146.016632,2.164404,2.980369,21.438974
87.349998,200.174789,144.140121,155.820923,1.790508,0.046178,0.394784
106.040001,45.237900,74.580009,228.970062,2.045314,0.801759,10.034098
85.839996,125.401726,165.379913,230.280914,1.974059,1.072473,3.684652
89.410004,139.286987,188.910370,263.576721,1.957695,1.547692,1.370779
95.599998,108.887184,155.887955,232.767624,1.253468,3.997585,13.005946
81.360001,145.209625,195.344406,265.269409,1.433267,1.983875,2.917017
107.900002,127.370956,179.920776,259.313416,1.752069,3.000538,5.483114
76.870003,87.570915,151.229538,268.233917,0.921206,4.872344,27.656826
50.259998,171.779053,152.483536,198.856842,0.479131,2.797267,19.136066
89.760002,116.991791,191.808746,359.887909,1.548869,2.319296,3.958808
42.049999,44.976616,101.132240,273.739563,0.483153,4.140438,37.482567
95.360001,80.379822,119.859009,278.208466,0.382805,2.104035,13.433628
104.970001,95.563599,197.542267,450.328308,2.165249,0.780302,0.559278
71.389999,78.314682,154.933197,404.648010,0.800452,3.760475,18.434227
102.650002,138.815338,222.695114,417.591492,1.664821,0.939279,0.537345
100.379997,101.459778,182.729050,398.880829,1.531101,3.355095,7.413170
115.269997,100.576218,220.619904,545.989563,1.087226,1.847797,3.180206
108.459999,97.795540,228.982254,562.593018,1.678945,1.349829,1.107589
136.139999,112.116142,243.366119,564.968079,1.277618,0.826571,0.537345
98.099998,100.029984,246.922394,636.406616,1.700239,0.000000,0.000000
119.540001,94.222878,239.642578,658.209717,1.622374,0.665553,0.274156
90.230003,90.100838,248.101929,717.361572,1.505468,0.000000,0.000000
121.040001,92.588516,250.727371,746.354065,1.624342,0.266178,0.043865
107.309998,79.409744,252.292633,867.026428,1.600203,0.000000,0.000000
140.429993,88.839203,261.214905,857.201721,1.353514,0.586747,0.449615
145.929993,84.321663,263.337677,943.435547,1.496917,0.000000,0.000000
90.760002,89.239250,251.995743,945.673523,1.325875,0.359772,0.098696
106.959999,78.416138,247.058304,970.044067,1.399024,0.123175,0.010966
127.680000,74.897758,278.566345,1130.986084,1.442300,0.000000,0.000000
136.059998,70.986359,272.047943,1132.141113,1.368649,0.244052,0.043865
90.580002,63.632599,264.533142,1159.978394,1.442237,0.000000,0.000000
110.559998,58.892769,252.214706,1190.986816,1.429808,0.000000,0.000000
101.250000,62.757790,277.013428,1314.859985,1.398172,0.123067,0.010966
107.480003,61.559582,268.739136,1317.106812,1.368904,0.365154,0.098696
134.139999,51.002445,254.790207,1381.188721,1.267491,0.467678,0.175460
113.419998,49.377724,247.771729,1393.112061,1.275900,0.234463,0.043865
121.809998,49.452072,258.838654,1433.630127,1.320760,0.119233,0.010966
84.339996,47.983173,253.348129,1478.539063,1.300211,0.236377,0.043865
100.790001,44.451756,249.818542,1504.223511,1.273903,0.219155,0.054831
114.050003,43.817158,249.974304,1557.740723,1.321950,0.000000,0.000000
88.889999,46.613773,252.007858,1543.284424,1.320757,0.012283,0.274156
111.669998,37.300911,232.614624,1629.283813,1.333300,-0.029607,0.043865
97.290001,42.714085,252.106888,1652.855347,1.277731,0.000000,0.000000
104.860001,44.128376,256.066925,1633.703979,1.297855,0.371342,0.142561
91.040001,35.531944,227.062790,1707.822510,1.275582,0.000000,0.000000
75.070000,38.577759,228.989029,1785.601563,1.211875,-0.011673,0.010966
104.400002,32.070572,218.768127,1728.509277,1.245123,0.123696,0.021932
72.129997,29.721518,216.395889,1853.966675,1.279941,-0.002981,0.021932
105.050003,23.941082,201.041534,1887.107910,1.267185,0.232778,0.043865
89.290001,28.822083,208.143005,1899.333008,1.287935,0.000000,0.000000
76.650002,23.617966,183.180557,1938.666626,1.300390,0.000000,0.000000
70.160004,20.194771,179.681763,1931.820313,1.305122,0.000000,0.000000
67.400002,17.425297,165.870758,1921.019897,1.318470,0.118630,0.010966
60.980000,17.802361,174.768387,1965.019409,1.279998,0.000000,0.000000
88.120003,26.693508,193.508224,1941.065186,0.886778,0.000000,0.000000
73.540001,15.040321,144.233368,1964.640991,0.565070,1.330793,6.667467
53.630001,10.604500,127.800491,1963.034180,0.321784,0.134909,6.316547
62.700001,15.976372,158.626556,2051.314209,0.520891,0.053587,0.175460
54.119999,18.800308,132.917145,1755.538940,0.711301,-0.877123,3.553057
55.070000,2.922575,64.759529,1950.583008,0.776447,-2.121327,19.344423
33.470001,2.185836,56.005798,2039.199829,0.635902,-0.426734,4.386491
23.780001,0.431904,27.920750,1912.640991,0.925782,0.986931,7.555731
29.100000,1.000543,10.900450,1816.840820,1.341064,0.326817,1.535272
19.930000,0.284038,0.692184,1586.160156,2.298023,2.554031,6.426209
21.700001,1.673347,-40.654522,1514.230347,2.227980,4.777034,22.085983
20.129999,8.392862,-99.787933,1434.662231,2.746236,5.935163,29.970699
-13.080000,17.049368,-140.681046,1388.036011,2.641259,8.198251,39.686775
-3.350000,22.034540,-160.177429,1271.601440,2.662796,9.767238,45.641438
-3.530000,24.911726,-157.343018,1162.230835,1.126698,5.919149,58.296463
-10.420000,71.473038,-148.720078,975.724976,2.939389,8.284670,53.131371
39.779999,434.773987,-243.972778,775.388977,0.890498,5.929469,106.811050
35.560001,152.074707,-139.023544,763.377808,3.604177,1.400904,54.809196
10.400000,96.253746,-39.507221,720.380493,0.049682,-0.247262,123.402954
45.660000,44.701813,53.003746,637.423706,2.520174,8.637261,37.230343
50.910000,7.810132,39.808159,642.374634,1.019239,1.946107,138.020935
38.779999,5.709988,43.882484,695.446167,0.238370,1.989166,184.298401
31.549999,2.313481,34.239574,771.595581,0.499633,4.679584,95.965454
28.360001,1.607838,30.285461,847.332153,0.263986,3.028311,148.767838
23.790001,1.498392,29.404247,914.633789,0.361091,0.289740,69.580711
45.919998,12.478075,68.974442,906.762085,1.560403,7.537838,46.178780
25.910000,2.902607,37.445488,718.310730,0.154144,0.584603,72.673187
105.970001,38.384007,120.713272,533.008301,1.874377,0.602322,9.101970
47.849998,51.600178,110.796188,542.182800,0.780533,3.902764,50.663967
62.500000,133.132965,173.990082,494.544678,0.367805,1.535209,26.297014
77.510002,153.410416,201.853516,574.521790,0.266396,1.185845,10.988159
24.510000,9.397279,59.149097,636.151855,0.251981,1.416682,24.783672
96.650002,90.866318,176.613693,468.635742,0.420580,0.640240,5.022532
96.879997,100.381737,190.073090,448.993958,0.386640,1.404227,6.163020
63.849998,86.612206,182.663849,465.446960,0.356522,0.412870,5.230890
71.919998,79.467545,191.051971,590.685120,0.553975,0.280823,0.548311
68.410004,46.798347,178.176254,778.151611,0.119447,-0.369728,5.307654
65.720001,20.142376,124.291367,1035.355469,0.765508,1.941155,8.093077
21.490000,2.633708,35.700283,975.195190,0.253822,0.216060,63.560253
9.350000,13.642791,-53.579983,896.251404,0.366267,-0.005708,3.070544
1.050000,13.287750,-93.017647,687.803650,0.541265,2.398394,20.057228
-4.060000,41.460175,-133.906403,471.520782,0.185900,-0.190173,1.601069
-8.490000,67.671928,-140.309814,295.909027,0.197945,0.255430,2.335807
1.590000,57.127701,-104.150253,198.621719,1.369920,1.879771,5.241857
-0.700000,35.680828,-65.674973,128.745895,1.094152,5.483586,38.063774
3.350000,41.585022,-70.844223,124.941002,0.653281,1.228332,109.267479
12.690000,60.941494,-81.458900,112.019699,1.637703,3.208620,10.099895
3.350000,98.146332,-111.029648,130.788834,0.866449,2.301117,152.397644
14.830000,147.146729,-86.760979,57.762287,2.402666,-2.781313,95.033333
87.470001,132.477325,-38.131958,13.805456,6.187578,2.629699,31.451141
36.639999,86.108566,-10.282308,5.269297,1.692000,2.327494,311.715027
26.260000,74.103004,-3.407346,1.586350,1.790411,0.845594,282.490051
28.730000,76.435349,7.391760,1.486387,2.780865,1.708000,104.387505
84.300003,74.383080,15.824077,3.933171,2.820458,3.808695,9.222597
95.010002,255.069229,111.530106,55.478382,2.619875,4.154059,8.290468
141.300003,202.381073,132.179779,92.749031,3.216562,2.712380,3.344699
75.949997,161.683792,159.155716,170.355453,0.754228,3.618459,27.612961
106.019997,212.203033,220.344696,260.579468,1.173429,0.387198,0.230291
26.049999,6.748266,30.144768,145.625595,1.484464,0.405248,0.197392
94.660004,140.440552,231.623383,399.128876,1.796310,0.963567,0.537345
126.010002,4.704095,24.174999,129.964798,1.696832,0.095674,0.745703
55.810001,81.514252,188.922699,448.564026,1.548284,2.477818,4.496154
73.449997,80.364586,151.128204,316.451538,1.753171,1.726200,7.654427
85.209999,92.564934,178.338654,413.800415,1.456058,2.999326,7.248676
69.059998,57.336933,126.738647,427.403870,1.285420,1.917151,21.636364
83.160004,68.380646,166.631439,496.618652,0.749514,2.611020,9.266462
110.519997,88.913155,212.991058,556.934082,1.481843,1.255524,4.496153
71.000000,70.202682,187.037384,596.053833,0.912610,3.493064,13.587156
67.349998,76.201187,192.382706,613.260193,0.427145,1.860040,12.084782
107.480003,84.296112,218.171082,689.399292,0.783249,2.041601,8.586555
91.919998,73.541733,229.609741,746.949036,0.207118,0.567507,8.487860
114.050003,96.370750,295.977783,926.218384,0.592296,0.429292,0.449615
121.459999,88.099213,278.854340,917.515503,0.436321,0.267551,0.241257
102.519997,92.238121,297.991791,1015.117065,0.408868,0.033610,0.054831
140.169998,85.565193,303.180908,1099.539307,0.357297,0.000000,0.000000
123.309998,83.923973,303.562897,1165.413574,0.293917,0.000000,0.000000
94.370003,70.984833,292.099121,1224.438232,0.273701,0.000000,0.000000
131.339996,74.076088,306.964935,1344.828979,0.271523,0.000000,0.000000
88.599998,70.135246,308.809387,1397.956543,0.309729,0.002127,0.010966
122.440002,50.120739,258.633026,1463.156372,0.373723,0.000000,0.000000
103.870003,64.824013,281.448853,1530.398438,0.451685,0.057993,0.043865
103.919998,64.667786,269.305695,1551.251709,0.456991,0.118692,0.032899
98.980003,50.218086,268.010223,1689.057495,0.490715,0.077957,0.098696
70.910004,51.984989,264.317261,1709.371948,0.503832,0.000000,0.000000
82.459999,40.504128,236.270752,1781.041992,0.508938,0.000000,0.000000
104.750000,41.348503,246.240021,1821.717163,0.544372,0.046947,0.021932
76.459999,43.892754,236.288696,1905.855957,0.614503,0.144172,0.109662
70.690002,30.389606,206.621429,1919.147827,0.756592,0.203313,0.142561
70.860001,22.847450,169.003296,1948.468994,1.039573,0.373685,0.274156
51.169998,18.175379,147.889343,1863.678711,1.143194,1.123540,2.028752
42.779999,10.547408,61.284111,1849.272217,1.042525,1.348388,1.864259
-4.420000,15.800013,-67.411583,1685.348633,0.998091,1.307323,3.224071
-9.370000,27.382877,-179.558838,1467.991821,1.151774,2.185015,6.810028
-4.420000,135.766266,-398.145264,1176.858276,0.923826,1.795622,8.674286
-6.180000,234.916489,-421.168182,758.031067,0.880512,-0.248534,23.730915
0.700000,206.161102,-305.369598,463.760742,0.894318,1.987726,5.976594
-12.000000,199.674316,-257.106628,342.776123,1.122699,3.512971,23.961205
0.700000,202.783478,-197.021576,205.374573,0.803805,6.089434,69.756172
44.509998,178.564880,-138.751801,128.329285,2.086805,1.954785,3.618855
20.809999,85.208313,-62.214897,80.028656,0.641672,-1.748535,95.515839
11.650000,31.621231,-18.144444,29.741821,0.646598,3.703803,91.699585
24.320000,6.243338,-3.259206,7.489153,2.589021,1.323829,3.443395
19.559999,1.819715,-0.139950,2.082950,2.850179,3.468264,23.270334
27.530001,0.808743,0.191586,0.349408,2.613954,1.449919,49.753773
14.290000,0.960174,-0.019260,1.248541,2.754640,2.641361,46.891590
22.590000,1.145977,-0.071006,0.376556,1.074152,3.938374,19.618580
15.350000,1.297463,0.257410,0.113756,1.296221,5.095031,39.357792
18.530001,0.588194,0.784018,6.176374,1.856094,2.882287,14.881170
31.330000,1.304284,-3.667731,24.631557,2.725191,4.522259,12.655025
22.920000,4.439184,-11.478676,35.501625,2.284621,3.796441,18.182003
24.850000,3.544404,-8.194372,20.293856,2.125038,4.619091,11.097821
22.920000,2.899650,-7.725281,21.947760,1.767061,5.467173,29.214027
9.000000,1.296757,-3.987353,12.408359,0.629528,3.335553,57.145008
20.469999,0.259820,-0.939214,6.306311,1.573010,3.542113,14.409622
17.469999,0.099041,-0.235202,2.741021,1.357635,5.041483,28.972773
18.000000,0.079052,0.326567,2.122184,1.514600,3.817769,13.192371
22.250000,0.359641,0.512895,1.366831,2.019601,3.802189,9.003273
14.470000,0.429814,0.765081,1.616373,1.612788,4.871257,19.925636
16.230000,0.300664,0.486187,1.246056,1.283273,4.405819,22.820719
19.930000,0.477962,0.815856,1.632359,1.392250,4.626032,20.101095
15.000000,1.032783,0.160523,0.050445,1.239506,3.796407,16.635767
19.080000,2.128701,0.058368,0.084854,1.366694,3.432575,13.894210
15.170000,1.816049,-0.107430,0.251151,1.266606,3.222359,13.038844
16.230000,1.997238,-0.011232,0.000195,1.502925,2.906100,10.143761
16.070000,1.868021,0.034174,0.011600,1.249733,2.786474,12.128648
12.890000,2.228993,0.117435,0.008091,1.568744,2.189731,4.496153
12.710000,5.458984,0.329857,0.034117,0.932939,1.361098,8.093076
52.320000,40.650368,13.703680,5.317109,2.203736,2.897487,10.812700
16.770000,31.192276,9.028218,5.271051,1.262697,6.859075,68.878868
61.950001,172.099609,21.621544,4.107023,2.249032,3.224152,27.558128
21.850000,55.352669,17.356064,7.509476,0.744911,2.537399,69.789070
96.820000,321.688660,52.056343,12.063582,3.227397,2.411918,2.346773
93.430000,322.147461,34.435070,5.592093,1.465619,8.227539,55.686501
49.880001,268.077942,48.011280,12.882246,2.729039,1.385329,7.149980
54.619999,316.439636,60.605518,12.934054,2.575361,8.736276,31.571768
46.470001,429.971313,84.157448,20.908890,3.001315,5.096261,9.672213
70.379997,311.956024,118.245766,50.373486,2.297618,6.369210,21.296412
122.610001,271.711365,125.943596,64.209595,1.497018,4.274690,21.088057
106.430000,300.161957,179.093033,126.216492,2.435233,4.558847,13.302034
73.449997,175.092819,123.057556,114.574562,1.406671,4.338106,32.174915
127.400002,247.389282,180.128723,151.988235,2.138310,2.910671,5.526979
108.029999,256.601440,165.279633,171.289566,1.498109,3.353128,15.539144
150.960007,200.370834,129.135666,104.577255,1.195821,4.150442,20.550709
73.879997,212.946625,196.144318,191.904358,0.925351,2.000734,5.976594
180.979996,297.718811,175.598480,109.636047,1.490084,2.041315,6.864858
22.540001,19.160940,59.974983,197.938690,1.118599,1.691267,5.176060
102.349998,198.123749,276.432800,394.515228,1.453220,0.869132,0.888264
121.389999,173.175491,223.671204,302.320923,1.078436,1.621957,3.520159
130.639999,157.900543,241.133499,382.333130,0.888528,0.703500,0.712805
101.250000,149.998596,263.853394,469.571411,0.985070,1.231504,2.467401
142.259995,142.384705,252.456680,458.123596,0.681869,0.914609,2.566097
96.589996,141.069092,270.049042,527.854797,0.873635,0.389165,0.274156
108.400002,121.534630,270.532318,629.778198,0.820559,0.490816,0.570244
125.330002,115.499420,282.289001,713.942932,0.599296,0.813749,1.864259
125.580002,111.036911,294.927979,807.097656,0.433619,0.606764,2.807354
147.320007,101.446091,291.273285,859.216370,0.360135,0.620182,1.195319
106.080002,95.617165,291.805206,909.710510,0.397921,0.352259,0.493480
90.230003,93.464172,302.641022,987.894897,0.336989,0.306624,0.361886
103.160004,76.368202,285.165009,1080.359375,0.307745,0.472431,1.063724
102.589996,64.969353,275.811340,1190.524048,0.217955,0.317000,1.326914
89.480003,65.141312,283.689636,1258.742065,0.323937,0.000000,0.000000
83.989998,60.663475,276.712402,1271.200317,0.332103,0.000000,0.000000
94.839996,35.566139,217.094818,1366.188232,0.322156,0.000000,0.000000
76.610001,41.775108,220.061066,1381.318970,0.164510,0.000000,0.000000
69.849998,29.466415,174.632111,1413.887817,0.339754,1.063129,3.827213
67.300003,25.547050,167.599915,1434.634277,0.120902,0.438590,3.717551
55.560001,18.616255,121.043541,1434.090820,0.123728,0.395247,1.721698
44.389999,14.320501,116.557785,1403.885010,0.091525,0.182430,0.800535
38.750000,10.665457,105.729187,1421.495605,0.186359,0.064263,0.098696
52.110001,10.330774,107.947159,1493.407227,0.137509,0.000000,0.000000
42.980000,9.282587,101.941528,1480.663330,0.169877,0.049838,0.043865
36.970001,7.811321,105.293533,1474.358032,0.089301,0.000000,0.000000
61.720001,16.429749,152.134689,1459.605713,0.047509,0.000000,0.000000
62.520000,19.653496,169.114624,1498.457275,0.042557,0.000000,0.000000
83.489998,28.502157,209.477219,1564.823486,0.039946,0.009240,0.043865
98.919998,42.426388,264.052887,1681.677246,0.038187,0.000000,0.000000
102.360001,51.558159,295.508636,1701.485840,0.036880,0.000000,0.000000
101.820000,47.637699,286.554962,1756.432129,0.035163,0.005694,0.010966
94.260002,51.905716,298.835785,1757.432129,0.035929,0.000000,0.000000
121.160004,54.328606,313.268677,1815.668213,0.033864,0.000000,0.000000
119.290001,58.553986,331.546265,1889.499146,0.033018,0.000000,0.000000
146.800003,51.752178,313.695190,1944.159058,0.037166,-0.009670,0.010966
92.040001,39.885597,279.075745,1965.097900,0.033578,0.007794,0.010966
87.370003,34.348175,261.861328,2005.472900,0.031056,0.000000,0.000000
119.540001,42.296185,300.258392,2136.267578,0.029744,0.000000,0.000000
83.519997,29.933842,250.215515,2094.775879,0.028708,0.000000,0.000000
102.820000,46.545498,316.479980,2177.278809,0.041767,0.000000,0.000000
95.419998,31.273996,261.849854,2224.438477,0.210453,0.000000,0.000000
78.260002,38.686478,293.614319,2253.841797,0.598948,0.797184,1.590103
90.160004,18.618832,204.682480,2300.133545,0.863469,2.275985,12.490532
79.459999,12.054880,156.769379,2240.146729,1.669232,4.200418,22.206612
34.189999,0.714771,31.356670,2070.072266,1.184265,0.867329,66.005722
82.989998,12.914315,144.633820,1937.265747,2.986513,5.589147,18.785149
35.430000,2.344240,55.195763,1836.274658,1.360647,2.833660,213.556305
28.570000,10.437301,15.321157,1704.860840,1.338224,-0.198185,126.561226
95.300003,93.350471,111.188652,1485.357422,2.444007,4.803445,25.671936
55.080002,47.158386,36.287216,1214.633423,1.300637,2.399014,132.307526
42.250000,36.283833,93.574356,1119.389648,0.786938,1.817644,132.801025
79.830002,37.748249,120.372238,1017.370605,1.643375,2.960281,60.632263
40.990002,21.024330,114.826706,1014.455078,0.614564,2.673452,115.211182
45.889999,34.108997,110.281204,869.130737,1.374236,0.249228,72.826714
52.220001,29.969118,102.258331,756.978210,1.496453,1.495466,49.150631
110.480003,39.583408,115.767120,670.630737,1.909574,3.766131,52.517262
44.160000,32.893360,98.201317,580.368652,0.742492,1.879298,73.035072
75.769997,70.782562,148.059692,480.749451,0.933070,-0.163363,46.770958
172.100006,182.310303,263.784393,514.471069,1.115529,1.668921,8.345300
113.699997,133.201202,256.900665,575.230042,1.661316,2.419783,20.320417
57.080002,73.208328,142.469025,360.809692,1.231243,0.920226,40.202187
117.120003,166.792053,212.510696,348.828674,2.082039,1.644930,8.663320
73.980003,144.570938,135.704147,267.556519,1.634451,3.579429,38.897205
92.389999,236.262695,156.049835,254.094055,1.044205,3.194296,21.263515
130.910004,259.093292,212.876999,307.793152,0.794360,4.065347,21.285448
131.710007,420.052429,152.190491,233.283630,1.549363,2.546864,10.012166
19.559999,13.715628,46.917061,349.537659,0.797248,3.020996,12.468601
86.559998,246.515701,256.549408,328.863861,2.044271,2.331645,7.489933
91.809998,240.493820,168.781738,178.286880,1.390974,2.785849,6.250750
124.279999,178.476959,203.242676,262.142975,1.209013,3.236649,10.242456
90.230003,200.928833,226.370026,310.366150,1.686868,0.076934,0.098696
137.630005,146.474121,196.342377,365.442963,1.622843,0.895276,0.581210
104.680000,183.783997,216.398987,354.061249,1.821492,0.149268,0.098696
78.529999,150.248566,191.006470,262.941559,1.680222,0.863867,8.049211
112.019997,160.594040,196.189270,250.629395,1.850783,0.133566,1.633968
108.989998,189.187119,200.928894,257.854919,1.835721,0.731825,1.633968
94.309998,165.688736,211.019775,342.945038,1.933205,-0.002268,1.513339
100.489998,169.704590,200.390839,299.808746,1.800397,0.837537,3.355666
84.809998,156.296402,186.763535,288.354553,1.912744,1.166182,6.459108
104.559998,176.203247,232.986206,319.844299,1.444742,1.339770,3.410497
87.209999,175.907471,223.162430,284.084625,1.185278,1.815301,6.733264
110.690002,121.604965,201.288818,337.007599,1.145972,3.929937,15.319819
28.750000,8.111102,43.429970,277.244110,0.676235,3.536797,37.252277
76.639999,38.037235,71.241829,252.497650,1.831964,6.324039,28.556055
18.860001,2.747378,22.946035,214.367386,0.713485,2.646074,55.280750
66.209999,56.340225,117.976578,314.458862,3.232554,9.768795,35.300285
39.810001,34.812309,72.248459,252.488831,0.654347,1.486283,62.046913
70.860001,203.496643,200.898804,335.904999,2.053964,8.269642,36.660095
49.470001,24.912424,93.934128,531.886841,0.093375,1.147519,61.169617
110.279999,145.012283,257.196381,481.799255,0.765593,3.136479,27.920013
73.800003,76.725647,210.969437,665.446472,0.178661,0.331128,47.571495
126.029999,191.846008,350.232666,646.109863,0.275921,-0.314911,2.544165
128.550003,150.808762,331.882019,738.737976,0.078823,0.492006,4.540018
100.300003,152.826324,331.804718,826.836548,0.052875,0.040060,0.054831
109.309998,148.439270,321.732117,905.567932,0.216078,0.120078,0.175460
128.389999,133.966400,300.185852,831.251892,0.714664,0.938905,2.566097
113.669998,119.940445,260.702484,787.724731,0.713979,2.413811,17.392435
70.769997,55.279682,125.395462,719.301086,0.951531,1.941958,25.715803
54.230000,111.283356,216.044327,709.733215,1.069672,2.136236,21.164818
134.589996,59.603233,184.480164,900.093872,1.177969,1.042404,15.385616
89.940002,61.876556,217.350952,973.417725,1.338096,1.199862,9.792841
70.160004,23.889561,145.737091,995.633057,1.499264,0.169659,14.585083
80.010002,51.857349,215.679474,1083.213989,1.538505,0.840317,10.088930
122.010002,47.841526,189.497192,1004.167236,1.282486,1.263281,11.339079
135.539993,64.831078,274.102539,1168.372925,1.809866,1.060791,1.414643
47.270000,22.303492,147.882050,1059.904907,1.517854,1.050101,28.238035
80.190002,42.266506,149.599548,883.229126,1.892606,0.433338,2.324840
97.750000,68.758392,211.220856,964.286682,1.224296,2.984475,9.518684
73.489998,63.855911,262.399414,1108.351563,1.817111,0.248679,4.660646
103.589996,62.929718,253.595276,1075.026001,1.491228,3.169490,8.904576
93.269997,48.937130,190.288818,1021.943665,1.066832,0.299113,10.626274
142.869995,71.909157,246.808563,1059.373291,1.867291,1.675413,2.906050
60.980000,27.125790,151.432388,1064.989380,0.401075,1.619627,28.490259
187.529999,109.170868,273.057831,1057.257568,0.792220,0.077259,0.175460
131.770004,175.933823,404.665649,1193.043579,1.228800,1.629197,5.855965
107.000000,126.774956,324.354370,1264.770020,1.732162,0.904970,0.712805
37.849998,14.384278,91.606384,1202.727051,1.216630,4.587890,42.417366
40.840000,5.083486,57.910519,998.270203,1.199524,2.623133,48.021107
33.470001,180.867935,200.321152,846.504578,0.269916,2.980105,38.063774
84.489998,62.122345,213.243362,1350.815552,1.870399,1.626927,2.598996
69.639999,58.065552,216.682526,1139.837891,1.201946,3.050395,20.430080
69.110001,44.495037,195.080200,1241.041748,0.645729,4.442523,31.484039
47.770000,53.633453,211.362045,1319.221924,0.021478,0.567602,19.530849
143.559998,117.495102,394.411133,1333.764893,0.248470,0.064476,0.328987
139.119995,98.305664,354.079681,1370.783203,0.222761,-0.460301,9.398057
159.470001,118.251884,379.957642,1475.998779,0.360279,0.677068,1.776529
101.949997,62.027069,238.871231,1497.133789,0.185875,0.314773,21.417042
103.860001,117.008102,293.642029,1477.178223,0.119947,0.702565,6.700365
167.889999,225.931183,578.754456,1531.728638,0.191336,0.948900,8.772983
127.379997,81.945221,361.742523,1611.811401,0.083786,0.230515,1.853293
119.250000,84.739555,381.149139,1731.172729,0.115203,0.023072,0.109662
136.250000,72.526596,356.834900,1783.300049,0.065486,0.132233,0.701839
146.970001,73.277145,375.694153,1927.798218,0.103406,0.130909,0.975994
131.179993,68.012970,373.432007,2085.979004,0.130361,0.153117,0.668940
102.750000,60.340172,358.996887,2146.830078,0.184622,0.181907,0.350919
96.639999,52.553844,344.716431,2274.405029,0.252651,0.584842,3.300835
127.250000,35.895481,283.192963,2239.777832,0.339378,0.568484,1.118555
86.040001,30.166348,260.531952,2254.229004,0.284061,1.209559,5.592776
83.519997,35.847824,285.823608,2316.494141,0.378891,1.219643,4.759343
99.209999,18.495743,207.029938,2323.256836,0.503181,1.865190,8.520759
90.449997,13.517290,175.836853,2362.059326,0.538974,2.421071,14.288994
51.230000,4.413049,100.129761,2332.480713,0.597202,3.403599,23.412895
32.610001,0.583039,31.093893,2256.975586,0.677943,3.498606,29.510117
33.820000,0.249194,15.020033,2205.148926,1.217368,6.147975,38.524361
50.849998,1.285533,38.772266,2159.364258,0.922532,3.396024,28.402527
40.240002,0.558101,32.165302,2151.135742,0.833760,8.373374,100.582230
34.700001,0.274789,19.840645,2176.236328,0.995667,4.650663,87.444687
43.680000,0.989038,31.112999,2090.772705,1.895879,5.944538,87.356964
44.709999,1.799516,33.332649,2062.334717,1.271015,5.782981,113.829437
70.290001,0.281484,17.535004,1982.946167,1.310184,1.846847,50.949089
60.380001,0.167318,7.053192,1830.521729,3.331695,18.594643,179.857101
29.750000,0.443454,18.676575,1816.031738,0.020994,-1.404365,275.087860
33.270000,4.097538,60.374157,1743.534912,1.347554,3.761296,41.825188
51.680000,1.935258,45.866047,1854.912231,0.826472,2.021529,81.380371
88.709999,58.031445,325.243652,1907.930908,0.095499,1.254713,24.937199
98.389999,39.799156,275.316986,2151.067383,0.517024,2.042896,26.702763
131.850006,29.885279,185.550568,2194.581055,0.146948,-0.105805,20.649405
97.930000,32.982555,203.031189,1900.220947,0.361454,0.283522,5.812100
89.059998,48.136925,264.103394,1996.361084,0.279371,0.603721,6.864859
132.479996,56.302773,300.741058,1912.984619,0.410082,0.413120,0.668940
94.900002,42.016003,234.653076,2160.703857,0.798012,0.458219,1.326914
59.009998,21.619408,167.230392,1807.817627,0.509484,0.104203,21.526703
125.290001,48.236794,231.011612,1920.432739,0.142982,-0.182914,0.581210
119.580002,39.848434,283.988953,2086.842773,0.162198,0.388141,7.511865
88.660004,38.214283,284.074036,2224.939941,0.085615,-0.237691,1.502373
92.620003,34.440319,280.346375,2290.722168,0.044199,0.029523,0.328987
92.389999,32.258163,276.005981,2388.462891,0.008361,0.000000,0.000000
115.940002,25.877321,246.930206,2391.034668,0.012839,0.047767,0.219325
85.489998,24.655643,236.200485,2284.844727,0.020023,-0.019866,0.043865
80.379997,14.326235,179.143494,2277.982422,0.258705,0.319753,0.712805
62.380001,6.507020,119.998459,2220.902588,1.136133,2.702452,8.060177
25.549999,0.607033,24.562645,2091.484131,0.827535,5.869546,76.127541
41.040001,0.231841,8.252586,1996.795776,1.039289,4.794570,58.581581
47.880001,2.119020,57.864979,2015.766602,1.873036,5.427910,91.293839
32.549999,0.386615,27.020176,2000.604492,0.830840,3.502440,131.057373
34.990002,20.370560,156.347641,1905.672729,2.133478,1.466187,88.486481
96.940002,47.987740,183.692627,1851.654785,0.461116,-0.741484,177.159393
53.610001,24.088232,163.935486,1911.363159,1.363339,4.175399,133.711197
39.779999,0.572708,26.545614,1684.737793,0.836572,5.630524,109.892563
67.660004,48.496277,184.460907,1683.024048,1.772292,0.275895,57.430130
48.700001,1.556937,50.192986,1769.440308,1.386368,5.946783,237.736862
38.049999,7.052669,88.111992,1691.403564,0.049092,-1.419710,136.046997
108.290001,52.249237,268.121368,1774.285522,2.926148,7.896868,34.850670
27.330000,10.536771,117.450653,1464.018066,0.014375,1.207119,217.504135
56.020000,0.361136,17.125175,1343.426270,0.163240,0.869452,80.766258
63.709999,18.665802,47.302155,1268.442871,1.950062,4.690480,35.563473
24.160000,5.001494,13.781857,1291.790894,0.530121,2.017111,46.156849
49.580002,21.872931,70.556786,1171.466309,1.620421,1.510564,9.365158
37.849998,40.973854,43.272049,1308.401611,2.274053,5.320547,15.232090
25.040001,331.787354,-266.877075,1069.311279,1.168041,4.751264,78.189201
30.299999,222.767029,-88.265778,482.451294,0.618435,2.935189,41.649727
20.820000,64.134758,-11.932564,226.958282,1.280052,6.211934,32.975445
10.420000,31.416553,-40.677063,151.465424,1.854905,2.154427,46.617428
-5.120000,58.002140,-102.898880,195.560791,1.577197,4.937327,41.276878
6.170000,50.122021,-86.396561,149.861435,0.273876,3.089871,44.588676
4.230000,33.750946,-58.626316,117.969452,1.803107,7.671486,50.236286
-1.580000,41.477802,-54.937622,78.275414,0.042459,0.733475,58.230659
17.639999,49.354275,-37.215328,51.160225,0.936216,3.366607,15.297887
5.650000,16.181704,-14.502628,39.672108,0.264017,1.919916,33.446995
9.350000,4.635444,-9.960742,25.753086,0.304856,1.584788,16.076490
10.240000,2.228893,-2.362927,12.934591,0.460756,1.578442,13.795514
9.530000,1.394901,-1.330336,7.849431,0.370005,1.280894,6.371378
9.350000,2.071181,0.622438,0.651248,0.495420,1.395172,4.452288
8.650000,3.678712,-0.209704,1.010501,0.701207,0.912500,1.951988
14.110000,5.084427,-0.630824,2.196413,0.928178,0.507047,0.372852
12.710000,4.911998,-0.190282,1.083512,0.795345,0.924710,1.623002
12.700000,4.622467,-0.347080,1.534784,0.757748,0.854589,1.425610
13.240000,4.618974,-0.236463,0.738393,0.763786,0.887794,1.425610
20.129999,10.208646,0.082468,1.485071,1.358814,2.395647,5.154127
13.050000,34.125134,7.755986,10.195520,1.409442,6.254027,50.137589
30.299999,79.040359,16.791380,9.425644,0.430277,2.659209,24.761740
42.630001,148.096222,22.849463,4.985929,2.915970,9.338548,31.922686
57.919998,78.512909,0.754054,0.027879,0.703925,0.890920,28.972771
91.800003,201.689346,44.340328,12.222664,3.441312,8.274478,23.259369
67.110001,93.628448,6.074436,1.317751,0.688500,0.975893,47.494728
78.449997,243.296432,47.260811,13.233652,3.744935,6.800785,19.629547
25.910000,94.544220,23.311531,12.002804,0.472318,1.139268,78.704605
110.029999,326.167450,77.422607,18.912889,2.302667,3.837876,17.107315
40.889999,79.560074,26.076658,11.919850,1.183523,4.092389,50.642036
111.919998,313.838623,112.404282,40.533367,2.127414,2.191351,16.690598
44.439999,60.877003,36.562405,28.355154,0.616946,2.053813,67.935776
134.839996,353.741821,115.581665,38.531227,1.202974,1.922048,8.718150
40.160000,111.075142,75.999245,63.442211,0.611539,2.978171,51.387741
107.260002,265.245758,168.157013,109.568596,1.337922,2.145530,9.145834
55.389999,99.789116,99.273102,114.900627,0.531421,2.560468,44.555779
113.279999,207.508865,192.281250,184.115723,1.213336,1.572401,7.303507
79.510002,120.112534,136.545837,171.899170,0.781505,2.154003,21.318348
92.330002,131.271042,164.097549,207.169281,1.107791,2.055382,4.419390
103.169998,137.057831,148.355286,162.452667,0.536005,1.839397,9.617381
45.040001,108.062805,161.006180,267.068054,0.802976,1.074234,2.259043
104.860001,188.915283,212.002838,247.841614,0.504162,0.931074,3.125375
73.760002,99.727997,169.778244,314.258636,0.461671,0.800386,5.592776
92.919998,131.496124,217.795609,374.732422,0.444764,0.492879,1.853292
37.720001,16.919456,73.997879,345.760406,0.412171,-0.258134,10.286321
106.300003,183.427032,275.360077,432.324554,0.495384,0.378864,1.173386
20.459999,9.473328,54.122662,337.814911,0.055060,-0.098354,8.443995
119.290001,168.176010,297.407928,527.815186,0.480364,0.080525,2.061651
79.230003,108.615898,207.355209,424.646698,0.205412,0.077308,0.065797
114.190002,114.997704,249.293350,554.053345,0.230737,0.121822,0.109662
116.849998,104.258621,241.286057,579.635620,0.138912,0.335909,1.579137
87.019997,90.958511,250.855560,727.478699,0.074579,0.057373,0.986960
82.940002,74.331055,235.091003,768.478394,0.161143,-0.005865,0.010966
68.720001,68.826706,231.654480,819.364197,0.088212,0.084784,0.394784
79.709999,61.492912,226.840668,886.884766,0.088415,0.076665,0.109662
113.629997,50.897610,211.874695,945.452820,0.102660,0.036443,0.043865
74.980003,48.703892,212.996155,1007.824219,0.101247,0.036007,0.043865
62.090000,46.040855,214.620087,1060.739014,0.097306,0.032828,0.043865
68.760002,39.964027,195.359955,1073.060303,0.102520,0.000000,0.000000
58.130001,22.670164,145.422089,1124.153687,0.095130,0.090957,0.153527
57.459999,24.186325,151.829437,1095.515747,0.099869,0.000000,0.000000
43.279999,21.253887,139.098358,1080.620239,0.086135,-0.006290,0.010966
81.309998,102.096001,168.136353,341.600525,0.210348,-0.784070,6.777128
129.149994,377.720001,28.668072,6.805933,0.617855,0.286074,2.960881
48.820000,145.347839,22.703846,11.436118,0.735699,-3.723138,26.077686
45.740002,218.522659,148.032684,175.707321,0.075073,0.023050,0.153527
103.519997,218.817719,168.353455,133.248962,0.676075,0.863571,1.151454
78.910004,198.521240,125.455231,383.167358,0.670771,0.984940,3.750450
82.320000,152.754929,71.567871,486.233093,0.198724,0.590659,16.613834
71.349998,290.807159,81.482376,513.227112,0.019489,0.170652,2.752523
95.660004,312.653442,55.861267,477.294952,0.337410,0.552599,1.579137
94.019997,275.971619,54.938049,360.849762,0.259946,-0.073119,9.376124
104.529999,268.516632,103.151016,284.561432,0.328275,-0.362162,4.386491
117.059998,225.077164,166.228149,223.082779,0.368386,0.052549,0.010966
107.260002,260.209198,135.727005,199.053436,0.248340,0.087129,0.318021
109.930000,307.596893,115.969971,224.656464,0.293042,0.027241,1.140488
133.000000,339.544678,116.724869,221.201660,0.281981,-0.003414,0.405750
104.860001,350.626953,100.112633,208.745193,0.274639,0.000000,0.000000
100.489998,334.503540,132.907578,216.594833,0.270782,0.000000,0.000000
105.489998,348.513550,146.483002,150.649887,0.086949,-0.023482,0.010966
126.279999,403.859375,108.316803,97.233780,0.244266,0.647817,3.125375
137.110001,411.896576,96.289543,57.640240,0.074930,-0.088408,2.577064
101.870003,461.186646,111.746765,100.269081,0.074800,0.000000,0.000000
120.470001,398.023224,130.212280,248.445587,0.080080,0.000000,0.000000
124.110001,405.123474,139.916519,420.136566,0.077087,0.027799,0.054831
89.720001,391.511169,134.322083,463.203033,0.076581,0.028853,0.175460
112.860001,397.807922,137.448059,429.947845,0.080587,0.000000,0.000000
141.039993,387.343323,151.965118,406.452789,0.089166,0.000000,0.000000
138.070007,403.003174,141.660172,280.581238,0.088616,-0.186099,2.807354
158.139999,440.452942,144.149704,186.758240,0.108630,-0.002428,0.043865
99.610001,472.185547,115.284027,141.101547,0.102892,0.041448,0.394784
158.899994,485.441284,129.110504,133.295563,0.088596,0.000000,0.000000
100.589996,457.171570,140.763336,188.246460,0.085040,-0.001501,0.010966
163.179993,431.868469,157.893463,303.670807,0.087158,0.000000,0.000000
114.610001,422.769897,156.138519,364.143311,0.085618,0.000000,0.000000
129.529999,416.749512,158.837357,367.554443,0.087782,0.000000,0.000000
165.800003,441.761536,142.523315,265.122437,0.105349,-0.070383,0.274156
117.230003,438.075867,126.004089,177.413727,0.213942,-0.556878,2.467401
106.239998,443.541534,151.703491,260.950043,0.106557,0.000000,0.000000
125.269997,452.226563,146.737778,229.142914,0.091590,-0.003274,0.043865
131.869995,352.649078,129.613358,254.557983,0.274536,0.733633,3.213104
157.619995,428.323242,149.222076,290.562286,0.132855,0.371177,3.169239
147.750000,426.528625,138.730606,290.615479,0.102623,-0.098373,1.140488
109.790001,442.177246,159.029037,322.130341,0.091297,0.003150,0.285122
126.919998,437.004883,153.809555,327.841736,0.139375,-0.178247,0.712805
143.130005,406.142670,145.892456,288.179779,0.163764,0.225279,0.701839
132.050003,429.413574,148.052429,313.322266,0.101293,-0.007058,0.010966
109.589996,443.886292,147.415939,286.029236,0.098859,0.000000,0.000000
140.169998,429.822449,142.105148,290.499268,0.102813,0.015685,0.098696
126.050003,430.418640,149.319336,316.894653,0.103134,0.000000,0.000000
169.419998,443.843201,167.129364,353.525818,0.103877,-0.014517,0.394784
150.899994,421.925964,148.848297,312.157715,0.131421,-0.003854,0.010966
121.239998,446.813232,162.219742,321.649506,0.109011,0.003720,0.010966
122.410004,441.718933,144.449570,247.072571,0.108254,0.000000,0.000000
131.880005,452.984924,153.185364,236.923630,0.109147,0.000000,0.000000
135.380005,450.063782,160.442978,272.515015,0.110015,0.000000,0.000000
127.879997,431.070190,152.275543,310.854156,0.113585,0.000000,0.000000
166.910004,461.703369,166.678558,328.912964,0.114530,0.000000,0.000000
171.270004,454.936829,158.064453,273.126831,0.116900,-0.006253,0.010966
95.709999,384.156433,132.907700,245.798859,0.475824,-1.816381,9.222597
113.070000,444.573914,163.769501,400.616669,0.121690,-0.015307,0.274156
134.860001,463.718353,163.607880,316.063263,0.132821,0.340475,8.597523
114.989998,413.587189,132.208405,215.710617,0.244441,-0.775631,4.836106
139.119995,360.271851,130.006485,237.744537,0.451008,-0.124792,0.087730
129.440002,486.267487,166.249023,273.220551,0.126079,-0.049597,0.394784
108.540001,482.135864,163.973877,316.065277,0.126923,-0.017624,0.043865
158.100006,427.380798,141.739761,305.570007,0.139136,-0.233262,5.351519
151.160004,442.101349,129.772202,238.320038,0.310049,0.736731,3.213104
136.250000,490.516724,141.639130,209.420929,0.129812,-0.004893,0.043865
153.740005,483.121521,158.225861,233.441620,0.132400,-0.020021,0.043865
158.350006,461.601013,167.811066,284.859924,0.136540,-0.042148,0.394784
172.279999,441.347137,176.381256,372.244446,0.133668,-0.010735,0.043865
116.209999,432.232788,183.910934,429.590942,0.131119,0.000000,0.000000
125.620003,425.864319,167.539398,406.159851,0.133293,0.003333,0.043865
130.320007,442.106628,171.873138,360.781860,0.134346,0.000000,0.000000
96.809998,432.915894,171.951263,395.631836,0.137344,0.000000,0.000000
124.940002,433.008850,182.888885,425.641937,0.136421,0.000000,0.000000
161.460007,421.953766,174.644089,424.142273,0.138762,-0.011222,0.043865
162.179993,438.222778,185.745483,430.395569,0.140917,-0.011989,0.175460
158.320007,403.452393,166.617981,369.992371,0.341545,-1.081909,5.801134
120.839996,424.957855,193.862183,555.563660,0.146091,-0.013086,0.098696
143.830002,428.867432,173.983566,387.632507,0.157335,0.132410,1.096623
161.160004,384.655579,190.686874,457.944000,0.213572,-0.668121,6.327514
159.690002,380.619415,185.142487,464.031128,0.330522,-0.197513,0.197392
97.449997,399.554321,182.584396,459.640198,0.259788,-0.655309,3.553057
161.589996,416.718811,169.351120,375.581543,0.347799,-0.086424,0.087730
125.809998,432.223022,186.419800,385.748230,0.150186,-0.238345,11.229417
126.900002,377.233276,170.472504,333.809235,0.279235,-0.891158,6.316547
166.809998,431.301788,185.530945,320.788666,0.223733,-0.057296,0.043865
134.419998,431.920807,191.704453,342.601929,0.149238,0.016095,1.337880
149.919998,432.336792,197.134583,369.698792,0.209164,-0.360567,2.467401
134.070007,446.350372,190.498688,349.915253,0.172056,0.081313,0.394784
139.729996,458.179199,191.003464,386.063171,0.155476,-0.019935,0.054831
151.380005,453.292542,183.101807,329.810577,0.165463,0.018561,0.043865
160.339996,460.009277,197.641968,359.181335,0.162213,0.000000,0.000000
167.509995,418.329956,185.082886,421.281708,0.170938,0.000000,0.000000
127.379997,435.691833,199.202942,388.007568,0.159692,-0.010930,0.394784
112.589996,377.361481,163.568100,367.371918,0.375202,-1.068094,5.307654
136.690002,402.445435,192.616821,612.744446,0.169569,0.000000,0.000000
132.949997,404.934387,179.016800,488.817871,0.165638,0.351734,18.478092
58.830002,52.237671,72.631378,311.740234,0.395369,-3.998950,44.917667
66.300003,250.690063,135.678268,222.644989,0.648253,-3.128523,20.287518
121.089996,447.587158,183.649979,297.022858,0.235021,0.412595,2.193246
104.989998,620.402954,164.002472,183.938522,0.819901,3.573188,16.723495
109.760002,360.451355,153.259979,201.544540,0.413966,-0.939626,4.156200
179.169998,450.404724,216.070862,329.667786,0.347061,-0.011131,0.010966
121.809998,406.242432,173.700729,345.136780,0.168609,0.026451,0.899231
145.130005,422.986389,193.417297,371.395691,0.221215,-0.050096,0.043865
173.320007,426.125031,183.098068,348.102844,0.180624,-0.083471,0.394784
121.959999,417.383545,183.097534,372.565613,0.239539,-0.514450,3.553057
112.550003,436.429291,181.004593,340.886139,0.172862,0.039260,0.394784
116.269997,431.756104,182.475098,354.783539,0.170794,0.001273,0.098696
167.929993,445.732300,192.055054,366.781616,0.176999,0.000000,0.000000
166.429993,445.039246,181.276382,339.763184,0.176828,0.000000,0.000000
119.269997,436.884644,171.530228,335.570709,0.186597,-0.035062,0.109662
145.130005,447.482635,164.838806,286.165405,0.183081,0.009395,0.098696
99.610001,461.598145,164.218185,218.116898,0.233247,-0.610818,7.413170
150.279999,423.589203,171.572021,353.782440,0.210679,0.195368,1.326914
147.820007,445.640045,183.000000,288.105743,0.193882,-0.012182,0.274156
181.089996,461.737335,161.317703,524.680847,0.188655,-0.034352,0.394784
165.419998,445.449921,181.793716,336.947540,0.214258,0.410910,4.408424
118.160004,468.181885,154.770569,261.758972,0.192549,0.000000,0.000000
157.559998,461.740387,164.111053,259.708832,0.199427,-0.033507,0.043865
111.370003,446.467102,182.008240,330.544220,0.185194,-0.002931,0.098696
124.570000,432.398804,178.540222,374.489624,0.193256,-0.028240,0.318021
162.559998,434.991699,158.473419,313.202881,0.200800,-0.041600,0.186426
132.330002,434.094727,136.368073,245.040161,0.199698,-0.010070,0.010966
149.320007,440.768280,132.888123,208.529190,0.202098,0.000000,0.000000
88.430000,364.277313,110.694855,187.697845,0.212194,0.000000,0.000000
95.540001,300.007568,81.679337,111.501923,0.247201,-0.178668,2.149381
63.439999,195.535751,45.057514,47.418110,0.322559,0.000000,0.000000
29.059999,93.957161,-1.006189,2.346334,0.789949,0.374999,1.195319
34.849998,57.694191,-10.642025,3.939459,2.560142,2.915070,7.139014
14.260000,20.074902,-7.073807,16.804499,2.309594,6.112082,21.000326
29.100000,8.134702,9.122643,36.268383,2.051310,8.181210,45.685303
25.889999,18.633738,31.721561,67.748611,0.821519,4.203464,43.579788
56.200001,70.906502,75.638786,101.120171,1.498033,4.057297,15.769435
71.209999,100.591537,92.810310,101.719894,2.041860,2.927577,5.208958
59.009998,87.062119,50.900818,73.686081,2.108685,5.343792,35.366085
93.620003,234.112610,119.222115,119.562973,2.421368,5.692647,15.944895
80.080002,116.549873,75.462906,89.278595,1.667108,6.856261,45.937527
46.299999,95.753815,82.282814,104.329567,1.184265,5.785664,36.802662
101.250000,162.005432,156.497223,187.461121,0.634082,2.447709,13.444595
125.930000,199.670914,198.313843,238.317505,0.957278,0.618470,1.557204
98.220001,192.338074,234.760208,301.470703,0.345699,0.891970,5.132195
133.449997,173.096222,260.124451,428.463562,0.471675,0.049566,0.043865
104.730003,149.687653,272.562073,524.723999,0.392492,0.537290,1.875225
121.839996,132.281021,260.119049,549.698914,0.401745,0.000000,0.000000
116.320000,113.939133,265.908417,642.119873,0.293101,0.036364,0.043865
88.480003,96.169891,236.976013,592.323730,0.190557,-0.058207,1.590103
107.480003,95.949699,241.813141,620.456604,0.164072,0.029971,0.010966
83.589996,77.219582,229.996582,689.345947,0.078725,0.011594,0.010966
67.180000,64.524460,216.065582,727.620239,0.050087,0.000000,0.000000
86.250000,59.326698,213.839462,783.149841,0.044767,0.000000,0.000000
72.139999,38.471367,175.486542,844.655762,0.049297,0.000000,0.000000
50.779999,28.450796,145.089661,903.273926,0.162233,0.000000,0.000000
44.709999,11.815525,97.121643,874.318970,0.251355,0.064369,0.054831
20.620001,2.306399,37.905304,851.028748,0.025035,0.000000,0.000000
1.230000,0.884016,-22.020245,761.916748,0.036490,0.030144,0.043865
-3.000000,7.972357,-67.407051,590.086914,0.092706,0.047014,0.175460
-2.820000,22.612787,-99.577576,447.226410,0.128127,0.028243,0.010966
-7.590000,43.582092,-129.970428,401.415955,0.147055,0.212475,0.449615
-3.710000,85.332703,-153.787766,278.332092,0.429344,0.000000,0.000000
-0.350000,100.051186,-139.627869,211.713196,0.238165,0.509285,3.706584
0.000000,99.102890,-112.954170,178.448395,0.887516,0.479502,0.647007
32.230000,116.550797,-142.136063,204.871277,3.142545,-1.259290,67.606796
7.770000,94.070435,-105.674492,134.401840,0.313857,1.669692,131.879837
48.529999,82.669518,-78.324303,108.445114,2.093046,1.047440,28.852142
6.350000,76.419098,-75.018005,101.609108,0.568108,5.388256,94.846893
22.590000,53.574413,-33.800884,23.130993,1.323505,2.973005,43.974571
15.000000,34.994171,-12.163198,4.535388,1.723957,7.079571,60.862560
12.000000,27.896976,-8.992962,5.407373,0.285495,2.706186,51.914124
25.200001,24.110500,-8.292853,4.855407,2.005958,2.641107,16.427408
15.170000,20.310326,-2.237584,0.736053,1.457568,2.046111,4.989633
27.690001,17.911644,-0.956633,0.057999,1.912442,2.063913,5.713405
16.230000,16.935228,0.008744,0.002096,1.786922,1.238021,2.862185
15.520000,15.386727,0.184768,0.005897,1.557676,1.523799,4.057504
20.820000,16.115150,0.766411,0.078762,1.434956,1.150512,2.280975
14.810000,13.111685,1.638513,0.555720,1.306878,1.231825,2.785422
18.530001,12.776124,2.365211,0.751260,1.198437,1.057350,2.675760
17.110001,12.413294,1.696992,0.387425,1.235141,0.744796,2.478368
14.120000,14.101162,1.154917,0.210795,0.984820,0.778275,3.180206
16.570000,14.026907,0.728308,0.049031,1.139165,0.252580,0.701839
14.990000,15.290826,0.259925,0.014865,1.086804,0.485763,0.811501
14.820000,14.755903,0.229484,0.012477,1.077768,0.201422,0.701839
16.940001,15.681358,-0.034975,0.000195,1.001085,0.357742,0.449615
13.240000,15.970156,0.017487,0.000195,1.075193,0.121550,0.274156
16.219999,16.424133,0.134377,0.002534,1.083286,0.099124,0.175460
17.639999,16.092289,0.021561,0.001072,1.092463,0.076376,0.098696
14.110000,15.400878,0.013363,0.000195,1.090527,0.073650,0.098696
16.760000,17.113850,0.017078,0.000195,1.104132,0.050712,0.043865
13.590000,15.510885,-0.026512,0.000439,1.098395,0.044813,0.043865
15.180000,15.450171,0.034088,0.000780,1.113660,0.023579,0.010966
15.000000,16.154669,0.018987,0.000195,1.119183,0.000000,0.000000
16.240000,15.630280,0.000000,0.000000,1.142962,0.053283,0.043865
15.000000,15.970864,0.000000,0.000000,1.141317,0.024349,0.010966
16.070000,16.653908,0.000000,0.000000,1.160248,0.000000,0.000000
15.170000,15.827188,0.000000,0.000000,1.157449,0.023582,0.010966
14.120000,15.314498,0.000000,0.000000,1.176530,0.000000,0.000000
16.940001,16.230984,0.000000,0.000000,1.179998,0.000000,0.000000
15.880000,16.168917,0.000000,0.000000,1.191096,0.000000,0.000000
18.160000,16.076393,0.000000,0.000000,1.199083,0.000000,0.000000
16.230000,16.628963,0.000000,0.000000,1.212810,0.000000,0.000000
16.600000,16.930130,0.000000,0.000000,1.214568,0.000000,0.000000
15.540000,16.274542,0.000000,0.000000,1.230259,0.000000,0.000000
15.000000,16.322762,0.000000,0.000000,1.232837,0.000000,0.000000
17.120001,16.476841,0.000000,0.000000,1.232415,0.072256,0.010966
15.870000,16.706810,0.000000,0.000000,1.238873,0.000000,0.000000
15.360000,16.623701,0.016499,0.000195,1.233605,0.000000,0.000000
28.219999,48.706257,1.463614,0.052784,1.241626,0.000000,0.000000
28.900000,82.951302,13.454615,2.624584,1.254439,0.049997,0.043865
25.389999,52.337479,7.364216,1.584303,1.131013,0.261797,0.197392
18.000000,29.339462,5.730892,1.506126,0.985975,0.398660,0.592176
29.430000,85.645126,11.039301,2.300617,1.023550,0.293331,0.131595
34.520000,83.103302,5.851625,0.898889,0.990682,0.205602,0.274156
35.799999,83.071793,11.042692,2.252171,0.919952,0.359452,0.241257
41.240002,100.132805,14.103129,2.957762,0.860923,0.414364,0.471548
39.459999,113.217995,18.467697,4.443710,0.860902,0.163451,0.142561
39.810001,121.268082,27.209051,8.873676,0.853271,0.224445,0.098696
35.959999,102.664139,24.102058,8.149174,0.895300,0.011593,0.010966
48.240002,122.221535,41.049881,15.004284,0.877184,0.140938,0.043865
41.369999,110.558640,38.795036,14.157398,0.884793,0.000000,0.000000
63.160000,135.720901,45.479424,16.170067,0.763007,0.333962,0.230291
74.680000,201.050064,63.593880,23.307861,0.745060,0.245309,0.175460
58.340000,163.408218,65.410957,36.778824,0.625400,0.527414,1.140488
28.750000,20.447037,53.600708,145.011978,0.278937,0.039136,0.043865
27.850000,22.320620,56.864326,154.262451,0.275258,0.039410,0.043865
19.590000,13.678260,47.295612,172.709106,0.284762,0.000000,0.000000
16.230000,8.950974,38.452724,183.541534,0.292808,0.000000,0.000000
16.930000,6.934777,34.941578,183.622253,0.291223,0.000000,0.000000
17.480000,6.667267,33.370075,178.345810,0.290596,0.000000,0.000000
23.450001,6.112757,30.757519,171.591675,0.291754,0.000000,0.000000
22.590000,8.364840,36.672520,174.035339,0.294793,0.000000,0.000000
22.920000,9.796866,41.587036,180.792725,0.291867,0.000000,0.000000
17.110001,6.764351,34.743412,184.574066,0.294527,0.000000,0.000000
21.879999,9.535654,41.542118,189.220688,0.292231,0.000000,0.000000
30.879999,15.802441,48.548462,166.464218,0.300824,0.000000,0.000000
36.110001,53.961060,67.958633,135.879547,0.335557,0.000000,0.000000
72.970001,90.553787,89.760796,120.146759,0.324786,-1.357538,23.303232
80.379997,121.716782,135.817810,157.403366,0.213984,0.481745,11.229417
55.180000,93.499893,129.485657,193.842865,0.234351,-0.110788,5.307654
53.130001,67.668472,122.329956,252.314362,0.216453,-0.138480,4.430356
42.299999,22.563995,67.789124,260.195831,0.225446,-0.046006,1.513339
15.360000,5.866723,28.501091,297.100647,0.223734,-0.163096,1.908124
11.830000,1.597966,8.771992,311.654480,0.189485,0.015096,0.043865
13.420000,1.780000,11.814976,302.512421,0.195857,0.022933,0.274156
2.820000,5.431232,-34.136292,255.034531,0.216377,-0.045473,0.098696
10.940000,0.854176,2.769483,219.393234,0.215821,-0.012000,0.010966
16.240000,3.489783,31.508682,298.252319,0.234483,0.000000,0.000000
36.330002,31.223364,76.127617,223.466568,0.333646,0.145804,0.175460
78.599998,75.419922,131.043427,239.635834,0.229827,-0.013503,0.010966
39.990002,39.498901,88.588341,211.072571,0.280396,-0.079392,0.098696
31.200001,23.235653,76.298599,261.487152,0.216832,0.035812,0.010966
32.270000,15.274256,59.798264,253.886536,0.244224,0.067399,0.054831
26.450001,10.480902,52.799149,270.898987,0.238843,0.000000,0.000000
35.580002,17.123848,70.385155,291.713440,0.241140,0.026675,0.010966
24.000000,17.313416,0.532215,0.093773,3.266131,4.133801,13.466527
22.940001,9.117795,0.352108,0.554794,2.207631,4.618046,18.960606
24.190001,7.501392,1.342719,3.534000,1.853858,3.299808,24.575315
15.360000,7.773616,-0.015399,1.594880,1.577868,3.665650,20.243654
12.360000,7.351425,1.125993,0.699353,1.091810,2.228254,6.437175
13.610000,7.935302,1.144281,1.435016,0.686183,1.904522,56.212875
17.820000,6.696766,0.537089,1.371266,1.958364,2.644213,5.230891
19.070000,7.106893,0.697245,0.649347,1.341980,4.665255,32.174908
11.310000,6.999650,1.411382,0.722504,1.393441,1.854268,5.998527
13.590000,7.105730,1.770427,1.033506,2.145912,2.216480,6.864858
21.530001,7.756203,0.935711,0.375289,1.605100,1.557653,4.934802
14.640000,7.600817,0.902901,0.241988,2.247882,0.000000,0.000000
17.120001,8.715206,0.533561,0.172487,1.755238,1.056885,1.590103
15.010000,7.716927,0.207624,0.011405,2.096996,0.000000,0.000000
15.190000,8.811329,0.090479,0.020422,1.972228,0.467843,0.274156
25.600000,8.543888,0.016414,0.003022,2.026130,0.096208,0.010966
16.770000,8.947842,-0.073009,0.008237,1.980863,0.278799,0.098696
14.300000,9.611544,0.059058,0.004874,1.942631,0.269565,0.098696
23.850000,9.184131,0.041315,0.001755,1.867687,0.424079,0.274156
21.170000,9.395857,-0.029512,0.016912,1.872653,0.339388,0.175460
23.309999,11.532419,0.113097,0.004338,1.862704,0.249931,0.098696
21.360001,9.538246,0.031515,0.001657,1.883345,0.251409,0.098696
12.360000,8.967525,0.417822,0.044645,1.875215,0.247899,0.098696
22.260000,8.122799,0.011028,0.053515,1.899692,0.166295,0.043865
21.910000,8.790846,0.159636,0.007749,1.858332,0.239555,0.098696
19.240000,9.204966,0.500760,0.030316,1.868342,0.079220,0.010966
33.169998,12.500779,0.823824,0.083343,2.343105,0.692030,0.449615
22.590000,28.376152,6.808539,2.306953,1.496424,3.485407,12.742755
45.119999,64.751129,22.294697,13.908197,1.622336,3.836069,11.196518
61.970001,142.117157,42.152344,13.566391,1.069048,3.796618,16.493206
107.919998,210.620880,73.897324,28.735121,2.343210,6.128781,18.960608
60.630001,64.131905,20.893042,9.352681,1.456995,1.493339,67.146210
89.639999,211.514999,71.974777,25.122849,3.416670,1.643853,13.214302
36.810001,100.155441,46.035690,26.932419,2.207304,1.355873,84.198692
160.059998,333.025909,83.964684,26.824659,1.775416,1.945048,9.716077
151.940002,318.416290,155.146790,84.912956,2.070162,5.217781,20.649406
80.379997,91.751305,81.321129,77.550720,1.681121,0.219295,41.858089
11.840000,1.980804,-0.003528,0.273912,1.092217,0.187741,0.087730
12.360000,2.006467,-0.011522,0.037090,1.335623,0.557754,0.537345
12.890000,1.990768,0.033978,0.087486,1.049601,0.500826,1.096623
12.730000,2.295217,0.075847,0.003802,1.234170,0.066835,0.010966
13.950000,2.392563,0.055999,0.002583,1.303650,0.107534,0.043865
16.250000,2.719559,-0.000477,0.002388,1.313110,0.000000,0.000000
13.240000,2.425186,-0.007031,0.005897,1.283282,0.136196,0.043865
16.250000,2.681187,0.002471,0.000195,1.337427,0.000000,0.000000
13.780000,2.497116,0.023044,0.000780,1.283145,0.000000,0.000000
16.080000,2.289183,0.013124,0.000390,1.358888,0.000000,0.000000
15.360000,2.418145,0.000000,0.000000,1.363201,0.000000,0.000000
15.190000,2.310120,-0.000179,0.000439,1.377330,0.000000,0.000000
15.180000,2.525112,0.000000,0.000000,1.392986,0.000000,0.000000
14.830000,2.428403,0.000000,0.000000,1.390262,0.065676,0.010966
13.430000,2.123331,0.000000,0.000000,1.434522,0.000000,0.000000
15.030000,2.023898,0.000000,0.000000,1.409451,0.000000,0.000000
15.180000,2.689531,0.000000,0.000000,1.462163,0.066861,0.010966
15.540000,2.412678,0.020530,0.000877,1.477087,0.000000,0.000000
15.540000,2.372488,0.000000,0.000000,1.496596,0.084518,0.010966
15.740000,2.321599,0.000000,0.000000,1.510362,0.000000,0.000000
15.360000,2.640094,-0.001943,0.000439,1.507219,0.151243,0.021932
16.420000,3.775461,0.007789,0.000634,1.548405,0.000000,0.000000
15.730000,2.046856,0.000000,0.000000,1.540395,0.152723,0.021932
15.370000,2.237634,0.012766,0.000195,1.584617,0.000000,0.000000
15.540000,1.953563,0.010687,0.000390,1.573738,0.090561,0.010966
15.710000,2.198526,0.000375,0.000780,1.619040,0.064905,0.010966
17.120001,2.208361,0.025532,0.013257,1.610799,0.091447,0.010966
16.250000,2.328689,0.137700,0.045083,1.662904,0.000000,0.000000
16.610001,2.290966,-0.042338,0.142122,1.584036,0.270437,0.098696
17.139999,2.107672,0.048448,0.017205,1.688799,0.063556,0.010966
16.610001,2.106784,0.141484,0.048008,1.702033,0.000000,0.000000
17.500000,2.219310,0.000000,0.000000,1.735948,0.000000,0.000000
16.250000,2.365276,0.010388,0.001413,1.741925,0.000000,0.000000
16.610001,1.979667,0.000392,0.000195,1.769159,0.000000,0.000000
16.610001,2.128151,-0.017044,0.000634,1.790094,0.000000,0.000000
17.480000,2.424599,-0.014394,0.000877,1.810994,0.000000,0.000000
16.600000,2.530004,0.000801,0.000195,1.836993,0.000000,0.000000
18.030001,1.984240,0.000000,0.000000,1.857994,0.000000,0.000000
16.070000,2.225335,-0.002071,0.000439,1.879168,0.000000,0.000000
19.950001,2.451011,0.000392,0.000195,1.906820,0.000000,0.000000
18.709999,2.182558,0.079418,0.005507,1.933702,0.108296,0.010966
15.900000,2.286525,0.149282,0.015645,1.890662,0.211029,0.043865
21.000000,2.114220,0.068833,0.008091,1.920550,0.214187,0.043865
17.299999,2.115883,0.094493,0.006092,1.928476,0.214782,0.043865
76.389999,126.461090,49.104256,21.847940,1.896817,0.318953,0.098696
115.730003,257.521729,66.199921,19.390873,1.877763,0.168218,0.098696
33.840000,67.217552,54.408527,45.270195,0.431133,1.896637,41.485233
43.709999,28.849915,41.899452,63.734985,1.646036,0.065530,0.394784
22.780001,24.712917,40.402966,70.018333,0.558670,0.000000,0.000000
21.889999,35.603695,0.958184,0.038455,1.614543,0.000000,0.000000
52.810001,70.350250,10.763091,1.764052,3.579961,3.967937,5.022532
26.660000,59.400620,12.491138,9.338255,1.557159,1.351487,59.930428
126.779999,313.711243,27.538033,2.684776,2.575696,2.364234,4.309728
82.269997,260.298126,48.347530,9.473846,2.340163,5.281985,32.909645
58.980000,142.296616,25.751650,6.206689,2.426071,3.703281,47.428936
91.230003,393.079132,51.926956,8.328338,2.025904,4.836133,12.687925
124.360001,455.537964,92.820221,32.533817,3.025335,2.549628,7.511865
108.309998,308.503784,93.234009,63.307446,2.809029,5.319389,20.013367
158.589996,373.650391,132.907715,99.801933,1.909482,4.006583,9.321293
20.110001,32.492165,49.465099,140.573853,2.063924,2.489092,18.609686
102.639999,447.284882,157.429214,74.998711,1.679210,3.016814,23.434826
44.540001,92.090591,56.713226,64.549454,2.415349,5.715363,43.009541
103.440002,82.627319,64.295692,57.531506,0.042279,1.277975,58.866707
166.740005,431.344971,149.129562,67.027733,1.354067,2.857759,7.380271
66.129997,134.575897,112.503639,118.123093,1.793727,0.280953,38.973969
173.360001,371.417389,260.908508,233.217468,0.984240,3.638818,14.574116
28.590000,41.030106,66.785194,289.436096,0.973247,3.931499,16.394508
155.000000,410.771729,328.498413,337.151855,0.975954,2.716992,8.520759
96.589996,189.263229,201.529495,314.238281,1.517615,1.993924,3.004746
96.769997,77.917107,154.857971,437.663483,0.430833,2.462414,25.024929
146.270004,221.792679,291.866211,514.759216,1.071733,0.215397,0.438649
139.910004,215.858276,252.793945,505.759918,1.399955,1.715870,2.895084
112.480003,213.409882,296.929108,599.700073,1.319435,-0.117108,1.140488
146.190002,185.226746,292.142914,651.937378,1.532119,1.739914,4.342627
84.570000,131.563553,255.296219,664.387268,0.251127,0.880614,16.208082
157.660004,186.800629,326.005157,945.683105,0.597839,0.813561,1.370779
154.809998,181.021545,341.954926,1076.172852,0.338502,1.056606,5.976593
134.419998,213.355316,359.790344,1111.816284,0.342376,1.010181,3.871078
119.669998,149.385849,322.299225,1018.102661,0.301151,0.855471,5.307654
140.600006,161.235855,357.365295,1080.042480,0.298057,0.632022,1.897157
158.009995,185.062408,400.671600,1161.866455,0.254262,0.367997,1.337880
149.910004,191.981293,426.813110,1217.173340,0.278077,0.441396,2.346773
176.869995,187.910339,410.727203,1126.567139,0.366360,-0.626479,3.454361
125.400002,122.188797,319.889557,871.179871,1.002457,-1.872714,9.398057
182.429993,199.360168,437.301666,964.725891,0.301218,0.426903,2.807354
201.389999,170.914429,403.478027,978.111816,0.204743,0.251772,1.546238
195.580002,176.305939,448.383911,1150.321167,0.266720,0.072500,0.142561
153.550003,157.134583,449.841766,1354.888062,0.158175,0.343933,0.975994
140.080002,145.203415,453.230896,1469.838379,0.208311,0.078572,2.149381
200.589996,132.478394,449.385864,1597.491699,0.170875,0.292365,0.888264
147.289993,129.641052,469.824585,1744.738037,0.211278,0.000000,0.000000
137.820007,140.334274,494.371460,1762.487305,0.211639,0.137411,0.153527
147.130005,121.440186,490.782349,2017.795410,0.204235,0.002485,0.043865
164.839996,117.910980,482.364929,1990.577881,0.188081,-0.004013,0.043865
167.750000,130.534622,510.634216,2011.631348,0.161693,0.058503,0.175460
187.589996,123.681458,510.539429,2133.377441,0.122722,0.037876,0.109662
171.119995,134.074417,540.137207,2184.022705,0.126442,0.018041,0.098696
185.509995,121.207840,520.621460,2237.460938,0.176262,-0.087273,0.098696
161.539993,96.037720,478.352570,2409.534424,0.100121,-0.001288,0.986960
191.059998,89.505783,477.674683,2572.353760,0.113156,0.026626,0.109662
188.919998,98.872116,513.276611,2676.378174,0.090640,0.049037,0.087730
184.240005,95.531769,522.792419,2881.547607,0.107900,0.000000,0.000000
183.600006,97.481323,527.347473,2905.461670,0.123704,0.020132,0.010966
171.779999,80.884933,496.434479,3053.606934,0.203479,0.000000,0.000000
162.750000,105.586563,540.027100,2982.177246,0.067129,0.119894,0.438649
215.369995,9.532288,136.764069,2825.972168,0.698594,-0.456639,0.493480
107.699997,41.798088,298.102081,3152.396484,0.191264,0.407665,0.000000
90.639999,32.263649,348.632690,4416.229492,0.084450,0.000000,0.000000
127.959999,16.534912,222.458679,4339.197266,0.093050,0.015775,0.010966
96.589996,15.817209,262.259705,4558.005859,0.055813,-0.000348,0.010966
92.269997,7.637166,184.704071,4546.686035,0.063237,0.000000,0.000000
74.900002,7.218863,177.310608,4497.360352,0.064611,0.000000,0.000000
71.080002,8.166120,160.186584,4388.116699,0.058731,0.000000,0.000000
90.980003,4.430248,107.707092,4385.835938,0.064328,0.000000,0.000000
63.750000,5.178966,121.301437,4324.611328,0.060804,0.000000,0.000000
42.400002,3.637262,103.089432,4273.777832,0.057379,0.000000,0.000000
35.400002,2.106339,55.434162,4142.961914,0.056077,0.000000,0.000000
36.110001,1.102331,49.726776,4026.167480,0.031952,0.049667,0.098696
26.610001,0.659908,42.990841,3885.693604,0.030321,0.005474,0.043865
19.430000,1.212367,-33.595642,3864.262451,0.029559,0.000000,0.000000
9.710000,0.174879,-18.989420,3816.793945,0.030323,0.000000,0.000000
-1.590000,4.344151,-121.573273,3773.818359,0.029429,0.001394,0.010966
-0.700000,3.398354,-103.363113,3565.163818,0.029724,0.031881,0.043865
21.379999,8.051673,27.963718,119.299530,0.104058,0.037524,0.098696
17.670000,11.877974,35.383354,112.723297,0.117604,0.000000,0.000000
17.639999,7.515488,27.492462,110.066368,0.112475,0.014376,0.010966
14.110000,6.821997,25.212475,99.804123,0.116150,0.000000,0.000000
16.600000,7.850375,26.979610,106.571503,0.108555,0.023156,0.043865
16.430000,7.402754,25.585880,100.132324,0.112213,0.000000,0.000000
10.240000,3.478624,14.916617,87.428085,0.114534,0.000000,0.000000
11.650000,2.867252,13.590218,90.509491,0.118255,0.000000,0.000000
11.300000,2.042751,8.991710,72.265045,0.117543,0.000000,0.000000
7.240000,0.568584,3.255260,70.241905,0.116156,0.000000,0.000000
6.170000,1.625350,-6.178841,39.778355,0.118904,0.000000,0.000000
7.420000,0.153731,-0.336504,28.901123,0.122073,0.000000,0.000000
8.130000,25.367989,-13.190624,7.490615,0.119481,0.000000,0.000000
7.240000,6.442657,-5.530538,6.904629,0.115424,0.000000,0.000000
7.070000,0.200312,0.020794,0.700718,0.121453,0.000000,0.000000
6.360000,0.652729,0.532377,0.559619,0.122845,0.000000,0.000000
10.790000,12.690738,1.529319,0.363445,0.118145,0.000000,0.000000
10.770000,14.937388,3.031214,1.848955,0.121149,0.000000,0.000000
7.770000,2.745594,0.834392,0.387717,0.120056,0.000000,0.000000
8.130000,4.064223,0.404690,0.342634,0.122181,0.000000,0.000000
10.790000,15.236105,2.219747,0.369927,0.122046,0.000000,0.000000
10.600000,14.246874,3.830384,1.082878,0.127877,0.000000,0.000000
8.480000,9.637984,3.411786,1.391297,0.127653,0.000000,0.000000
7.240000,1.292042,0.786719,0.732154,0.130578,0.000000,0.000000
7.770000,1.431338,0.677994,0.556646,0.131714,0.000000,0.000000
6.350000,1.802330,0.379737,0.118435,0.130539,0.000000,0.000000
7.600000,2.663258,-0.022507,0.006336,0.134894,0.000000,0.000000
6.890000,2.410058,-0.117759,0.011844,0.138080,0.000000,0.000000
6.890000,2.820018,-0.037497,0.004045,0.138236,0.000000,0.000000
7.950000,3.023444,0.032307,0.001218,0.140618,0.000000,0.000000
6.890000,2.601190,-0.041400,0.002388,0.138649,0.000000,0.000000
8.130000,2.107857,-0.037830,0.001998,0.139849,0.000000,0.000000
7.600000,2.826419,0.020794,0.000634,0.146075,0.000000,0.000000
7.950000,3.097632,-0.017717,0.000439,0.146531,0.000000,0.000000
7.240000,3.248927,-0.021501,0.000877,0.149116,0.000000,0.000000
8.660000,2.681522,-0.018075,0.000439,0.149931,0.000000,0.000000
6.000000,2.285355,-0.015826,0.000439,0.150387,0.000000,0.000000
15.540000,3.854315,-0.005318,0.000195,0.324651,0.000000,0.000000
34.369999,7.442866,0.518997,0.105568,3.361772,4.768725,11.602268
13.580000,14.101835,2.809801,0.700961,1.556576,6.447667,33.139938
47.410000,25.094467,4.104038,1.388568,1.652025,4.250082,15.275955
37.939999,23.512321,4.185620,0.973314,2.337325,8.853437,47.538593
52.349998,47.968002,4.469117,0.532130,2.468991,2.626359,9.409022
26.129999,44.595669,6.898610,2.214447,3.517856,9.198235,28.841177
36.480000,80.209351,5.377941,0.389228,2.347561,6.082389,25.288118
68.790001,111.880280,24.166836,5.973133,3.667323,6.431584,12.742756
40.340000,55.983261,9.311945,1.937220,3.023685,6.186215,38.655952
58.900002,142.166336,24.498669,4.733803,3.206018,3.921150,12.117681
86.349998,151.651505,31.367393,7.491102,4.495792,5.228749,10.341152
41.240002,105.885864,14.602133,2.767388,2.745789,3.805232,34.368156
100.330002,211.048340,61.933205,18.948032,4.008870,1.111853,2.807354
30.879999,101.312836,31.420305,12.275302,3.087010,6.085803,35.651207
69.190002,143.204254,28.512280,11.317438,2.391705,1.092105,16.866056
107.459999,215.235443,99.870567,53.027119,3.545404,1.169931,4.627748
75.650002,178.634705,80.394043,37.366467,2.405503,2.125915,22.382069
100.849998,237.823151,128.383591,69.404915,3.422533,0.719347,1.107589
127.750000,224.787781,135.242920,81.796021,2.705713,1.365347,3.564023
139.809998,236.004684,162.854095,112.381065,2.852345,1.933361,1.655900
105.620003,225.244263,173.662659,134.699722,2.349700,2.073432,4.101369
137.550003,225.571686,198.217743,175.188400,2.016639,1.853425,1.842326
122.760002,182.272903,201.353333,225.393921,2.236504,0.986638,2.171313
106.910004,147.173370,194.439743,259.282104,2.070013,0.989395,3.651753
95.949997,148.093079,203.398804,281.243774,2.471739,-0.339377,2.390638
125.209999,124.287842,201.980988,332.844269,1.945478,1.106323,1.677833
109.820000,119.366211,211.931961,387.530548,1.981212,0.075927,0.175460
62.540001,97.646683,197.075912,406.659912,1.789268,1.469123,2.533199
132.029999,109.592865,219.786896,466.373474,1.571715,0.469791,0.800535
109.949997,78.346695,185.421021,451.985107,1.585459,0.931275,1.063724
89.120003,92.985367,217.835449,515.551270,1.551089,0.225225,0.043865
113.980003,94.253998,223.745850,536.728394,1.600354,0.233602,0.745703
75.070000,40.875946,144.713440,528.064575,1.677487,0.008653,0.010966
32.430000,8.666685,61.347168,478.671814,1.642910,0.000000,0.000000
19.230000,1.217257,16.908533,430.878479,1.602002,0.098570,0.175460
0.700000,9.053680,-52.030445,327.749695,1.583490,0.082528,0.098696
-3.530000,38.093002,-88.649277,211.901733,1.546670,1.129732,1.414644
6.190000,78.748711,-124.418320,200.712402,0.938492,2.864113,22.129845
15.540000,110.563766,-59.740181,114.661736,0.342335,0.118427,46.178776
33.000000,61.455013,-69.082024,114.083656,1.914139,2.074563,3.180206
10.600000,48.825039,-51.997841,65.151138,1.456703,4.378633,40.838230
11.640000,47.969189,-40.339409,58.445313,1.744317,2.868454,21.428009
34.759998,45.173286,-32.825439,48.966988,2.437243,3.618851,16.591902
14.480000,25.695473,-27.986237,41.156010,2.015070,3.535738,26.033821
34.610001,18.137629,-14.224229,22.653299,2.279440,3.273987,15.944895
19.070000,17.265697,-2.852198,15.961514,1.974893,2.331537,14.146433
17.469999,16.955376,4.422773,6.290763,1.879339,0.193476,1.590103
40.889999,53.171196,12.358593,10.994982,1.947937,0.331694,0.537345
38.599998,104.424675,22.260166,6.711380,1.631737,0.417921,3.728517
75.260002,165.535767,52.691818,20.123512,0.721371,0.282671,3.794315
78.500000,208.623077,84.556534,40.601944,1.297998,4.710668,28.786348
78.470001,41.948097,22.949562,39.743942,1.824539,2.204765,37.997978
107.040001,188.406891,120.481583,127.066788,3.037788,2.871527,3.772383
30.690001,55.078899,52.971779,126.180176,1.581516,1.567158,47.319271
84.320000,188.504166,92.194298,52.182236,1.946677,-0.932015,11.284248
95.480003,174.797958,135.001556,116.708679,2.244702,0.472346,6.897758
91.449997,169.848724,156.920151,146.451187,1.298002,0.579800,3.498227
94.199997,140.000610,153.008652,174.253204,1.812988,0.276888,2.127448
86.769997,103.809738,159.475983,247.031097,1.281806,0.684069,0.394784
60.099998,72.629890,131.915665,241.742523,1.836787,-0.480778,2.248077
66.419998,53.682259,122.390625,290.942932,1.527875,0.168860,0.888264
41.040001,37.416328,102.097260,305.369202,1.573655,0.475505,0.416717
37.189999,27.957096,81.820084,266.898865,1.467389,0.361308,0.745703
38.450001,18.436064,65.691757,264.832489,1.444570,0.459897,0.274156
37.340000,10.418361,46.152790,239.461029,1.475519,0.438899,0.197392
35.270000,13.245271,32.434559,171.007980,1.351674,0.702803,0.394784
23.820000,24.573923,23.636522,103.000359,0.370602,2.300170,20.287518
19.420000,24.837101,28.524576,93.209221,0.669786,0.167710,0.701839
17.299999,16.445742,31.382471,95.539337,0.304531,1.771435,18.434227
15.370000,8.336242,24.747522,86.789589,0.115071,0.208799,0.636041
18.889999,2.948397,17.218533,126.078117,0.406377,1.230138,4.879971
10.420000,0.589411,6.152499,135.501923,0.143605,-0.046479,5.537944
5.300000,1.172128,-9.401147,126.676300,0.197807,0.152254,0.537345
1.590000,12.599708,-36.465546,112.649277,0.294624,0.393367,8.268535
5.830000,23.108328,-42.578842,81.252876,0.989196,2.365173,8.542690
2.650000,19.014605,-33.312660,63.551033,0.881749,7.009456,76.511368
17.290001,21.597099,-27.144098,36.506863,0.764547,1.047650,90.581039
22.230000,17.412033,-23.014492,34.222523,2.415628,10.659788,50.773632
12.360000,13.338455,-15.756165,21.136354,0.622099,2.729239,44.709305
10.600000,10.100355,-14.875830,26.065844,0.878931,1.917270,72.420959
20.629999,8.961352,-13.461380,32.048775,2.947686,-3.602503,34.280426
11.830000,14.558096,-18.417740,25.700596,1.789131,3.940785,134.731064
6.710000,10.416203,-13.445599,19.528950,0.327403,0.093922,114.421616
25.230000,5.635712,-5.680594,10.710153,2.509818,1.505226,1.162420
8.130000,1.511094,-1.759808,5.100318,0.302573,2.373335,119.246750
20.469999,1.666626,2.426570,4.290085,2.083242,-3.864309,22.305305
12.010000,7.157322,7.204758,10.748364,0.567815,2.058143,68.900803
41.240002,47.633484,13.828512,4.205816,1.218902,-0.374238,1.370779
42.480000,93.363426,42.205673,21.229008,0.786072,3.384856,17.973646
73.849998,130.103470,63.091766,32.139187,0.863535,-0.228129,20.276552
84.720001,166.737915,100.162781,64.989960,0.533561,1.520813,7.128047
93.790001,193.783234,134.732132,100.206009,0.407103,1.584952,14.003871
90.400002,145.169403,138.947205,151.716019,0.465227,-0.450338,12.687924
80.589996,196.912506,197.699051,214.802307,0.431739,0.581609,1.348846
92.379997,160.327240,191.388641,257.596100,0.404951,-0.704034,14.760542
85.510002,185.917145,221.659012,274.761261,0.396362,0.254788,0.285122
135.619995,187.584900,228.828827,285.195496,0.292057,0.441772,0.997927
143.220001,186.385696,254.251190,396.664185,0.316265,0.219433,0.296088
123.010002,173.046722,247.043304,446.575745,1.279600,1.843699,3.377598
84.949997,94.227173,156.148651,447.191406,1.344672,5.278081,34.006275
76.459999,123.902466,170.722290,451.822815,0.688952,2.012117,17.458235
140.949997,305.231201,205.840668,188.195038,0.789796,2.371038,14.585082
119.769997,177.530884,201.039276,269.544952,1.471584,5.250462,41.079487
56.900002,40.345413,107.499840,405.549744,0.647441,0.844818,110.956276
48.029999,52.006927,114.992645,722.378296,0.691800,1.469140,55.818100
85.949997,102.994003,210.808990,544.307922,1.205772,6.210880,44.095200
41.570000,31.456438,90.016197,280.935516,1.107629,1.225844,42.910851
54.689999,87.867599,83.338379,152.050446,2.239296,1.085237,24.410822
157.289993,298.318909,228.315277,183.781647,1.092918,-0.193476,2.368705
154.910004,366.605682,245.811813,243.860321,0.820359,0.664312,0.932129
117.589996,220.558075,168.696777,201.402908,0.934487,0.782871,1.370779
143.399994,418.489746,109.178215,80.349205,0.843519,0.209790,0.274156
161.559998,55.466526,39.295612,53.482338,0.746837,0.625891,0.986960
98.629997,491.723297,53.073597,6.591141,0.521954,0.501318,6.305580
115.269997,555.396240,33.542091,5.637177,0.394052,0.539773,2.664793
110.910004,532.959656,47.832760,28.520086,0.411241,0.253546,3.015713
100.720001,554.273071,47.838814,37.850597,0.380104,0.292100,0.592176
153.779999,559.136780,48.872654,40.607449,0.477028,0.202484,0.318021
139.110001,575.023499,32.466133,20.030764,0.401659,0.090076,0.098696
140.169998,584.267639,32.734692,5.141211,0.407862,0.164193,0.142561
119.139999,582.337280,36.876724,5.316134,0.390704,0.073057,0.098696
148.449997,575.212036,49.767536,12.215597,0.447972,0.042594,0.010966
168.759995,537.963745,87.054428,46.904747,0.414008,0.159768,0.899231
134.750000,500.115173,124.057907,114.841942,0.453779,0.049748,0.010966
167.960007,462.635834,136.197891,190.111740,0.546786,0.054451,0.010966
150.440002,456.435883,140.670135,223.624649,0.618781,0.000000,0.000000
113.559998,444.280670,154.378937,176.976227,0.616007,0.116755,0.043865
120.440002,440.305054,158.479324,145.082581,0.663015,0.183169,0.098696
106.279999,460.155640,167.283096,136.000473,0.684917,0.302662,0.274156
179.279999,463.829102,141.528931,112.792709,0.727139,0.247501,0.175460
167.059998,502.340088,146.312332,104.325371,0.784335,0.319275,0.274156
128.389999,528.365417,128.337509,84.024193,0.783005,0.384337,0.405750
115.930000,522.718445,133.454132,78.961761,0.856451,0.202002,0.098696
156.009995,520.972656,125.836845,71.451202,0.903504,0.207676,0.098696
158.300003,488.627655,136.266937,87.815796,0.932337,0.278971,0.109662
172.490005,463.218445,150.279526,116.598038,0.892981,0.336041,0.274156
133.289993,462.096558,164.037140,132.706451,0.831839,0.375578,0.394784
167.399994,496.038300,155.418396,113.214844,0.752166,0.234078,0.175460
179.759995,478.438293,149.189621,104.286324,0.746556,0.152038,0.109662
165.649994,497.187683,157.416656,109.395660,0.755393,0.286848,0.274156
121.860001,494.685059,157.217667,111.152939,0.748642,0.336279,0.405750
118.480003,506.118042,142.339050,118.821312,0.747953,0.362341,0.537345
156.089996,521.229248,127.846283,134.838287,0.737238,0.420279,0.888264
166.259995,527.430725,122.908707,187.619629,0.698149,0.346273,0.405750
151.220001,533.987793,115.895248,161.808334,0.681953,0.156120,0.098696
148.449997,564.768677,125.490265,184.570129,0.693506,0.150160,0.098696
118.650002,520.165588,134.313644,205.639359,0.720711,0.222638,0.109662
162.479996,519.026917,138.954681,254.030899,0.738209,0.296948,0.394784
131.009995,515.319214,140.053314,230.416290,0.674789,0.360212,0.570244
111.750000,522.246826,136.128052,217.625473,0.676051,0.217291,0.274156
157.559998,528.634216,133.209579,217.199631,0.703201,0.094679,0.043865
142.339996,523.819336,135.678772,211.675446,0.710036,0.139047,0.087730
179.979996,523.913574,134.596130,201.078552,0.729937,0.048933,0.010966
157.139999,514.740112,138.565445,233.756546,0.751059,0.121899,0.021932
170.190002,504.838745,147.731934,288.508698,0.733956,0.038533,0.043865
136.250000,493.059113,146.405426,326.944672,0.765398,0.071776,0.010966
141.039993,500.175232,139.771408,287.562042,0.770645,0.020872,0.010966
128.500000,522.370605,136.622696,232.903412,0.727616,0.069722,0.010966
115.019997,533.588196,130.441605,185.710800,0.684168,0.000000,0.000000
133.029999,555.279541,133.947693,170.435089,0.685385,0.000000,0.000000
170.809998,526.556519,129.075012,193.010452,0.690301,0.000000,0.000000
169.139999,525.528259,134.005219,214.122437,0.712338,0.000000,0.000000
180.630005,513.133057,132.792633,245.207214,0.705401,0.000000,0.000000
170.710007,529.874329,135.006821,230.352936,0.682936,0.014748,0.010966
177.479996,537.417297,129.719681,211.675247,0.676446,0.000000,0.000000
127.459999,530.253540,133.564087,233.329346,0.686864,0.000000,0.000000
118.430000,528.004028,131.304718,218.432068,0.702025,0.000000,0.000000
164.020004,572.436829,129.501205,172.818466,0.693813,0.015981,0.010966
122.699997,537.179443,127.938622,155.378708,0.691751,0.000000,0.000000
144.080002,546.434326,141.208145,186.471939,0.721624,0.000000,0.000000
150.339996,517.528320,134.316086,191.655014,0.729713,0.000000,0.000000
145.389999,526.808167,136.777298,190.882568,0.754913,0.000000,0.000000
171.160004,508.521912,156.006287,260.976471,0.776175,0.000000,0.000000
139.729996,502.727661,152.003952,283.079742,0.763016,0.000000,0.000000
152.869995,493.504883,150.503937,299.521332,0.774351,0.000000,0.000000
112.309998,492.301086,155.318024,285.669830,0.791491,0.000000,0.000000
159.550003,500.994934,140.722641,220.293289,0.790283,0.000000,0.000000
169.320007,525.729492,140.501236,191.655014,0.800861,0.000000,0.000000
170.500000,525.047913,140.714493,182.111938,0.822312,-0.042740,0.043865
180.820007,496.719727,139.939026,199.464905,0.845017,0.000000,0.000000
127.730003,504.316650,145.379639,222.787140,0.866370,0.000000,0.000000
125.019997,475.090546,175.361160,326.439911,0.874919,0.000000,0.000000
149.130005,445.319824,174.144440,344.596924,0.841915,0.114120,0.186426
141.039993,452.343719,175.530563,344.078766,0.882569,0.000000,0.000000
154.339996,471.583252,189.182388,407.634888,0.903314,-0.020227,0.010966
159.529999,418.537811,166.798386,335.584869,0.875983,-0.032531,0.043865
142.520004,466.502991,168.139725,318.666290,0.893162,0.063360,0.010966
154.190002,460.984009,170.102921,282.140839,0.896418,0.000000,0.000000
117.849998,500.361755,166.806763,247.837936,0.894860,0.018030,0.010966
127.809998,471.901428,164.586334,289.933838,0.889155,0.000000,0.000000
113.040001,459.600891,177.166489,332.777130,0.906125,0.000000,0.000000
170.289993,436.477875,168.859497,376.401886,0.878963,0.016803,0.010966
179.470001,465.733307,168.527832,325.431580,0.882940,0.063160,0.010966
124.570000,475.021851,154.647217,284.490997,0.867087,0.000000,0.000000
181.500000,482.986481,150.731110,228.871918,0.874401,0.000000,0.000000
145.570007,498.762268,155.581696,221.123001,0.861570,0.000000,0.000000
128.500000,511.289978,152.000320,205.224609,0.860014,0.000000,0.000000
116.900002,506.111969,146.363724,228.065994,0.836042,0.000000,0.000000
144.429993,492.706238,153.326920,276.772400,0.812202,0.059589,0.010966
174.539993,503.363770,153.484283,283.550201,0.798646,0.000000,0.000000
140.520004,508.611389,143.094711,265.734802,0.759364,-0.011009,0.010966
170.679993,515.906982,130.987381,249.378998,0.723144,0.000000,0.000000
115.889999,561.842773,114.166519,152.388840,0.683876,0.000000,0.000000
157.059998,600.787354,76.027756,66.378036,0.612985,0.000000,0.000000
107.459999,622.315125,65.927750,52.222881,0.503170,0.000000,0.000000
102.790001,591.329529,51.448711,37.486462,0.363244,0.000000,0.000000
147.059998,580.334961,37.496788,14.090919,0.281899,0.089211,0.186426
128.990005,493.753418,39.232758,9.264463,0.347982,0.446309,0.986960
63.320000,315.902130,16.730721,6.703680,0.763373,2.674589,14.409623
42.549999,213.957581,-2.546229,0.644863,0.916094,1.812021,13.422663
63.439999,194.598618,11.401158,8.480743,1.746180,2.747738,4.638714
45.950001,114.045609,16.697721,34.209122,1.275385,4.661248,24.674011
28.730000,63.756626,-7.441665,1.438720,1.203873,3.983293,21.833757
50.349998,94.989563,9.440586,2.971604,1.348563,0.749222,16.591902
28.340000,10.618444,-2.483063,0.720408,2.750730,3.333178,51.914116
19.740000,60.939548,6.939925,2.193977,1.010492,1.170349,156.882843
61.720001,184.533981,-0.569669,0.037090,2.162283,4.089489,31.012491
58.580002,194.489838,24.656364,5.281677,3.073184,3.002012,7.128047
29.959999,55.737511,-1.598408,0.889434,1.951065,2.360543,62.003048
73.889999,145.993286,-0.932226,0.021201,2.112456,1.566539,2.949915
25.379999,196.884995,15.444630,3.773942,4.286886,7.848869,25.551308
34.369999,48.349316,-1.898668,2.203676,1.909460,1.891993,94.375359
53.799999,143.681274,7.606294,0.812963,2.209295,1.830266,8.016312
67.089996,188.384277,13.843223,2.087239,2.797159,3.148370,7.226744
61.150002,162.907532,11.430406,4.687111,2.281608,-0.032603,28.084509
52.110001,153.797546,13.585522,2.065842,2.720039,1.150729,1.184353
81.559998,163.144714,20.879362,5.065373,2.655281,0.686998,3.531125
85.839996,205.566406,33.006313,5.377789,2.810563,1.196504,4.298761
127.230003,275.839020,89.805176,57.215046,2.934771,0.947109,0.986960
34.700001,111.521255,46.557724,24.517511,1.531592,5.237645,49.852463
172.419998,395.468353,67.626274,16.418198,0.916219,1.971715,16.745428
29.270000,70.580505,30.837027,23.069187,1.131479,7.212684,62.364933
101.370003,215.879868,31.481430,6.429718,2.525558,3.703569,8.180805
53.099998,108.154175,13.242328,3.584348,0.676989,5.721996,62.518463
215.500000,105.430016,13.693131,9.775685,3.783155,2.986659,15.506246
117.800003,33.979279,15.466855,19.319860,0.446908,1.086504,22.338207
17.090000,38.032730,39.590816,48.269676,2.207672,5.991095,18.061377
110.800003,643.825195,101.595032,28.802670,3.020088,1.242149,1.370779
70.209999,29.240841,32.266911,49.363914,1.132494,4.427011,32.931580
40.660000,55.509785,29.273314,19.161558,0.559735,0.469566,42.373501
110.760002,297.263702,84.653198,43.478657,3.099684,2.471932,2.840253
226.589996,241.690613,38.925606,10.296214,0.821526,0.267968,3.443395
60.099998,176.427841,122.142029,92.089355,1.622056,3.068838,13.005945
193.539993,312.064514,195.247055,128.688858,1.307374,0.457395,0.241257
106.129997,248.628998,214.764084,242.900116,1.443505,1.093866,2.544165
110.489998,239.939682,226.467834,277.439453,1.429357,0.659503,0.943096
122.779999,225.127502,241.382523,302.172607,0.880327,1.681767,6.437176
119.000000,242.910339,272.622437,321.461029,0.839213,0.882873,1.195319
165.490005,226.113632,290.043701,374.956360,0.971147,0.410782,0.932129
126.139999,212.368195,310.983612,456.698456,0.929903,0.185329,0.800535
177.389999,206.124268,326.465271,520.821289,1.003666,0.083297,0.098696
161.910004,188.262161,335.098389,611.957275,0.977789,0.144196,0.701839
154.619995,193.831451,354.092926,648.298767,0.999244,0.000000,0.000000
115.169998,163.239304,351.542999,758.657959,0.936192,0.087716,1.326914
136.250000,156.045395,364.284393,868.636780,0.993672,0.000000,0.000000
135.639999,148.914139,371.529846,958.136230,0.786715,0.708834,0.701839
165.910004,155.204483,394.005310,1074.568604,0.584612,0.000000,0.000000
171.160004,141.533813,378.352234,1104.277222,0.865004,-0.026552,0.010966
139.559998,128.257721,392.914032,1207.556152,0.840345,-0.038189,0.043865
178.490005,108.067757,390.198669,1455.720215,0.773314,0.000000,0.000000
77.040001,66.051460,295.269470,1344.009399,0.067383,-0.244626,27.591026
131.179993,69.051735,234.407104,1435.818726,0.360485,-0.966769,4.879971
144.699997,96.047699,335.834747,1604.323853,0.807012,-2.126973,8.104042
76.199997,43.964069,226.115280,1590.482422,0.578875,-2.666048,19.344423
130.309998,73.947006,299.474121,1650.747314,0.713657,-2.151776,11.130721
122.110001,79.272797,341.357971,1816.276489,0.307271,-0.717198,9.398057
133.889999,85.532288,332.394470,1823.057739,0.260139,-0.509410,5.176059
116.279999,106.259911,374.787750,1796.619629,0.221567,0.243812,2.741557
169.490005,74.672653,350.731079,2079.764404,0.177832,0.077539,0.811501
181.440002,85.634064,393.752869,2036.830811,0.151539,0.149688,0.932129
143.570007,76.265549,370.820374,2234.980957,0.171493,0.182857,1.195319
116.349998,62.848938,304.434143,2370.663818,0.227153,-0.832003,7.413170
128.740005,66.298103,297.970245,2334.291992,0.168633,-0.186601,1.096623
147.300003,44.808544,331.775085,2578.028564,0.146299,0.000000,0.000000
96.000000,52.264782,341.530029,2476.287109,0.152304,-0.110839,0.548311
163.850006,60.322250,378.081848,2510.378662,0.141931,0.008998,0.010966
163.470001,50.344284,359.307251,2661.988770,0.132547,-0.006717,0.010966
125.970001,53.089180,359.376099,2652.802002,0.134685,0.013942,0.098696
99.080002,48.934448,365.529236,2827.625732,0.139694,0.000000,0.000000
149.490005,49.159161,365.342896,2862.330566,0.146095,-0.013653,0.010966
124.449997,50.094456,367.959717,2975.087402,0.138791,0.000000,0.000000
127.790001,41.332764,342.823853,3026.090820,0.140315,0.000000,0.000000
138.330002,43.375988,354.300507,3041.791260,0.132170,-0.025647,0.043865
142.779999,42.592995,350.799072,3079.329590,0.137069,0.000000,0.000000
118.720001,39.591087,324.226349,3144.520508,0.129063,0.000000,0.000000
87.150002,47.697136,340.058289,3136.497803,0.129334,0.000000,0.000000
119.669998,38.881447,339.756470,3295.471924,0.129672,0.000000,0.000000
127.610001,36.620266,325.945251,3284.560547,0.131919,0.000000,0.000000
113.980003,40.189331,309.850098,3331.068848,0.135256,-0.019088,0.021932
99.489998,35.725613,291.402985,3392.399414,0.138147,0.000000,0.000000
136.240005,37.381271,345.026062,3429.067871,0.128419,0.035145,0.010966
106.190002,32.182739,310.517273,3638.903320,0.115510,0.014824,0.043865
128.850006,38.188728,302.931824,3476.660889,0.126787,0.000000,0.000000
122.110001,38.063160,306.820160,3605.386719,0.122646,0.000000,0.000000
121.139999,32.281528,306.796631,3685.624756,0.119958,0.000000,0.000000
111.120003,29.850559,293.995605,3632.963867,0.121259,0.000000,0.000000
90.180000,28.629307,295.291870,3700.077393,0.122271,0.000000,0.000000
81.440002,29.308977,305.942017,3809.631592,0.122731,0.000000,0.000000
103.519997,30.084927,283.976471,3905.802002,0.124789,0.000000,0.000000
95.250000,24.361752,259.491455,3872.798340,0.126912,-0.002389,0.010966
84.989998,25.098434,269.948364,3892.607910,0.120789,0.007269,0.043865
114.919998,22.143188,281.466949,3923.583008,0.128485,0.000000,0.000000
127.849998,21.089561,249.470642,3871.501221,0.116066,-0.001312,0.010966
130.380005,32.463890,313.116028,3873.466797,0.110856,0.000000,0.000000
96.699997,23.697586,269.857544,3943.478516,0.125689,-0.055413,0.098696
110.839996,20.416746,228.251968,3881.712646,0.106286,0.000000,0.000000
77.989998,15.440544,208.859650,3958.906738,0.102913,0.000000,0.000000
116.669998,20.112877,259.549103,4027.406250,0.035875,0.000000,0.000000
121.459999,21.250185,228.171326,4086.622559,0.173649,0.538111,1.864259
83.220001,19.423586,260.732849,3992.247070,0.052751,-0.113822,5.877898
85.970001,14.381508,208.002258,4009.877930,0.039348,-0.023214,0.153527
109.300003,15.516461,219.825272,3932.521484,0.012638,-0.029090,0.372852
106.150002,15.733791,245.827347,3982.587402,0.016568,-0.022832,0.054831
93.379997,20.777519,286.370453,3991.271729,0.016354,-0.011159,0.021932
78.790001,18.889297,269.418732,4026.106445,0.021273,-0.012595,0.010966
75.720001,17.378523,255.257019,4000.570313,0.017825,-0.011460,0.010966
101.889999,13.057791,227.188354,4054.544678,0.023319,-0.001810,0.021932
87.250000,12.929993,224.495773,4027.402344,0.014194,0.000985,0.010966
85.269997,7.088992,167.042114,4029.442871,0.012966,0.000000,0.000000
50.720001,5.324247,145.492249,4049.183105,0.013807,0.000000,0.000000
48.700001,7.338306,169.717514,4028.991455,0.014735,0.000000,0.000000
18.879999,0.195971,-5.326040,3826.521729,0.013551,0.000000,0.000000
-2.290000,1.264575,-61.249069,3548.527588,0.014631,-0.013914,0.087730
1.940000,6.838163,-149.899933,3566.142578,0.012045,-0.004423,0.010966
-3.000000,7.800466,-158.976395,3430.458008,0.010150,0.000000,0.000000
-7.950000,66.967102,-458.512970,3174.941406,0.006023,0.000000,0.000000
7.600000,101.738632,-518.344482,2654.101563,0.007077,0.016374,0.098696
4.240000,116.422913,-512.069275,2270.700684,0.006553,0.003352,0.010966
-15.200000,134.456467,-514.192261,1978.656616,0.008638,0.005458,0.328987
-9.710000,150.820419,-475.076843,1519.828857,0.015267,-0.033314,0.153527
-1.410000,176.108398,-450.910248,1171.827393,0.029566,-0.103230,0.548311
-13.250000,185.217392,-422.109283,984.838623,0.073363,-0.114881,0.285122
-5.650000,236.197403,-424.398285,770.327942,0.033328,0.068925,9.474821
0.700000,327.087067,-377.643463,580.499329,0.275325,-0.212914,0.318021
-11.490000,245.646454,-284.097229,437.238922,2.307979,9.854115,71.993279
0.530000,176.737045,-242.708130,379.778931,1.246406,0.634848,147.166779
-1.060000,148.199326,-193.108368,274.730438,1.957492,2.457340,75.666969
-7.420000,118.728348,-147.790268,212.716507,1.079928,5.810562,43.217903
0.700000,94.271431,-116.595627,189.887283,1.174878,3.852535,22.996178
-1.760000,69.010056,-89.107338,127.007721,1.296426,5.183830,28.457359
21.000000,44.262688,-55.212673,92.977127,1.367620,2.943690,16.920889
12.700000,28.298046,-37.668510,55.459618,1.422660,5.223249,25.935127
4.760000,16.973629,-24.264492,37.670208,0.782564,3.191340,16.679632
21.690001,2.138476,-5.743258,17.750082,1.689322,2.082564,3.355666
11.460000,4.242925,5.915064,13.785425,0.608903,4.931622,49.369953
22.400000,18.094294,17.088154,22.555384,1.164203,-3.415015,23.610289
21.690001,44.534325,6.769287,3.719598,1.282840,5.927013,49.677010
22.209999,27.160772,9.462667,5.500709,1.384953,1.197883,60.040096
63.750000,157.421722,34.704712,8.683302,2.171866,3.342538,9.485786
32.740002,120.994095,29.243786,9.311498,1.554563,5.028601,42.537994
89.930000,210.419678,37.187187,7.550857,1.409981,3.687930,20.660372
79.010002,253.466187,67.991119,21.205759,2.111442,4.479132,11.339078
97.639999,227.061279,79.926620,31.640247,1.117755,4.143950,23.566422
110.279999,282.226135,95.911201,35.875938,2.248604,2.801449,4.572917
84.620003,213.412872,109.914330,60.627445,0.983245,4.595982,25.364882
152.649994,291.553619,132.716064,62.493500,1.238040,0.824342,1.853292
29.940001,66.550598,62.159004,81.344162,1.551819,2.567686,8.158874
121.139999,276.007599,172.368652,115.631645,1.389629,-0.687621,9.321293
32.430000,34.447811,47.333672,74.658615,1.414743,-0.666885,5.011565
127.769997,227.023407,190.200684,160.792282,2.471339,-1.101369,1.765563
15.860000,8.695908,24.870089,76.454491,0.972538,-1.484628,7.610561
110.410004,166.149811,221.282501,297.732513,1.423214,3.247140,10.757869
94.370003,294.418610,164.392059,103.696693,0.302535,-0.263686,12.775655
51.730000,19.346502,72.097321,397.983337,0.171277,1.015343,28.227068
83.690002,149.878845,199.301102,448.123291,0.275670,0.183563,9.277428
96.940002,184.400421,207.805130,552.537720,0.128671,0.183703,6.897758
96.589996,176.569916,251.329041,416.869202,0.113684,0.124344,4.803207
104.269997,163.965530,269.433472,458.053101,0.236267,0.191654,0.186426
141.130005,157.063950,284.275085,533.005493,0.248928,-0.016219,0.394784
154.110001,135.472580,287.413727,660.964417,0.235974,0.252686,0.383818
110.839996,137.185638,294.312286,706.722351,0.172653,0.000000,0.000000
129.089996,144.004684,318.603271,760.820190,0.213815,0.098435,0.175460
95.419998,129.481949,301.370544,716.343872,0.169926,-0.016809,0.010966
117.300003,101.231308,302.368774,947.982971,0.148722,0.121737,0.219325
112.830002,91.752235,317.320007,1106.226807,0.157023,0.000000,0.000000
87.849998,74.166595,295.560730,1197.001953,0.149617,0.017424,0.010966
143.830002,65.718834,277.819397,1356.722168,0.126148,0.149253,0.493480
88.730003,64.840317,273.621704,1471.925537,0.101679,-0.001672,0.098696
85.040001,71.698517,260.483978,1559.104492,0.128330,0.046236,0.098696
94.900002,78.047798,255.098160,1467.195679,0.117058,0.000000,0.000000
96.989998,73.983086,254.771866,1464.729004,0.121385,0.000000,0.000000
103.589996,62.213257,263.707062,1185.716064,0.124217,-0.052338,1.096623
99.849998,61.234467,268.207275,1231.003906,0.119816,0.008340,0.098696
93.500000,45.821823,227.197372,1140.311279,0.110163,0.008606,0.010966
76.300003,28.048510,184.175659,1221.744263,0.058506,0.080220,0.811501
29.790001,3.274554,57.000092,1182.807129,0.099574,0.000000,0.000000
0.880000,6.626783,-80.201279,1039.671387,0.102269,0.000000,0.000000
-13.240000,57.182167,-216.672363,823.541260,0.090861,0.000000,0.000000
-4.770000,138.494720,-265.650513,510.411133,0.361734,-0.013099,1.140488
-3.170000,99.638252,-149.961685,245.374634,2.310338,-1.708516,11.437775
0.170000,68.136444,-110.148621,180.098694,0.814895,2.783536,64.766541
3.170000,51.190697,-71.633919,109.988388,2.414328,3.073433,41.342674
4.060000,37.057610,-56.840027,92.030373,1.230072,2.408240,91.030655
12.170000,34.477234,-57.804432,100.638870,2.065218,3.435282,52.999775
42.070000,32.275631,-47.115162,69.411591,4.004702,-4.893075,29.192097
14.640000,47.677113,-42.299061,41.486019,1.220333,3.999512,222.120926
31.879999,82.968918,-0.315582,81.186974,0.063649,-2.647083,172.378128
37.369999,49.433132,-19.647436,70.728317,1.562121,4.091619,23.906374
25.200001,33.832157,-6.951217,12.043987,2.512186,10.547239,56.179981
15.160000,18.005804,2.311096,3.019319,0.148532,1.214005,37.734787
25.200001,11.077950,-0.036202,1.170998,3.074279,4.006784,12.512465
24.690001,32.281883,4.508583,7.244046,0.877989,3.939680,27.799385
20.110001,21.746117,0.874556,8.272873,1.670825,2.724147,10.286321
15.870000,4.342093,-1.613842,3.823558,0.746828,3.210814,17.907850
11.470000,2.176441,-1.241007,3.369994,1.157054,1.889621,18.708384
14.480000,7.025279,-0.060729,5.639370,0.921891,2.091225,14.661844
18.690001,17.061087,3.607488,8.705965,1.066599,1.400350,16.230015
11.110000,10.031181,0.242454,0.238820,0.806159,0.877037,13.817445
19.219999,19.157907,4.067997,2.123500,0.955009,0.693806,1.666867
11.120000,6.462172,0.084258,0.038894,0.982276,0.850364,4.430356
12.540000,3.486244,0.253243,0.173023,0.858297,0.419846,1.897157
15.700000,3.551327,0.367797,0.362519,1.085392,0.169968,0.109662
12.360000,3.597684,-0.050562,0.018862,1.087169,0.072229,0.010966
14.460000,4.229817,0.033918,0.001218,1.104329,0.073025,0.010966
13.760000,3.650697,-0.019277,0.000439,1.132247,0.000000,0.000000
10.590000,3.674252,0.022294,0.000439,1.138384,0.000000,0.000000
14.830000,3.855437,0.026751,0.000634,1.132857,0.000000,0.000000
14.640000,3.683645,0.007295,0.005069,1.147458,0.000000,0.000000
10.940000,3.819686,0.005045,0.003314,1.155801,0.000000,0.000000
15.540000,3.928059,0.038929,0.001950,1.160114,0.000000,0.000000
11.830000,3.795870,-0.012545,0.000195,1.168762,0.000000,0.000000
13.240000,4.159233,0.000000,0.000000,1.170154,0.036783,0.010966
15.890000,4.127869,0.000000,0.000000,1.191394,0.000000,0.000000
11.650000,4.415330,0.000000,0.000000,1.204428,0.000000,0.000000
16.250000,3.441207,0.000000,0.000000,1.210609,0.000000,0.000000
12.710000,4.021367,0.019558,0.000439,1.218194,0.000000,0.000000
11.480000,3.402838,0.000000,0.000000,1.228946,0.000000,0.000000
16.410000,3.845253,0.000000,0.000000,1.245691,0.000000,0.000000
14.120000,4.226150,0.000000,0.000000,1.256557,0.000000,0.000000
16.950001,3.846368,0.000000,0.000000,1.269699,0.000000,0.000000
15.880000,3.771423,0.000000,0.000000,1.280238,0.000000,0.000000
10.230000,4.343134,0.000000,0.000000,1.293372,0.000000,0.000000
15.530000,3.938426,0.000000,0.000000,1.317836,0.000000,0.000000
17.120001,3.966497,0.000000,0.000000,1.326145,0.000000,0.000000
16.410000,3.996780,0.000000,0.000000,1.342723,0.000000,0.000000
17.290001,3.610052,0.000000,0.000000,1.351308,0.000000,0.000000
11.290000,3.543429,0.004960,0.000195,1.370200,0.000000,0.000000
15.360000,3.821733,0.000000,0.000000,1.379523,0.000000,0.000000
18.360001,4.027022,0.000000,0.000000,1.391814,0.000000,0.000000
12.880000,4.668840,0.000000,0.000000,1.405756,0.000000,0.000000
17.830000,4.078105,0.000000,0.000000,1.432698,0.000000,0.000000
13.060000,4.449490,0.000000,0.000000,1.431835,0.000000,0.000000
10.950000,3.795323,0.000000,0.000000,1.449540,0.000000,0.000000
18.730000,3.635229,0.021450,0.000439,1.463894,0.000000,0.000000
9.700000,3.446458,0.000000,0.000000,1.476409,0.000000,0.000000
19.070000,3.726298,0.000000,0.000000,1.486535,0.000000,0.000000
17.120001,4.367776,0.006170,0.000195,1.495139,0.000000,0.000000
10.580000,3.980237,0.000000,0.000000,1.507862,0.000000,0.000000
17.120001,3.879323,0.000000,0.000000,1.523251,0.043550,0.010966
10.410000,3.507899,0.006170,0.000195,1.527704,0.000000,0.000000
17.299999,3.687519,0.000000,0.000000,1.538438,0.000000,0.000000
19.240000,4.437989,0.000000,0.000000,1.533823,0.000000,0.000000
10.240000,3.686079,0.004517,0.000195,1.562871,0.043370,0.010966
15.540000,3.504512,0.000000,0.000000,1.533298,0.133458,0.043865
12.360000,4.338142,0.004517,0.000195,1.514359,0.193816,0.098696
12.000000,4.243228,0.000000,0.000000,1.467291,0.280310,0.186426
20.820000,4.309788,0.000000,0.000000,1.442870,0.280599,0.274156
14.650000,4.010879,0.005744,0.000195,1.453095,0.171471,0.098696
10.240000,4.263041,0.004227,0.000195,1.408460,0.303548,0.285122
15.010000,4.416462,0.000000,0.000000,1.399295,0.201689,0.175460
10.070000,3.721140,0.000000,0.000000,1.400433,0.241632,0.186426
19.760000,4.335183,-0.030807,0.000439,1.420534,0.148928,0.098696
23.820000,19.939301,0.476173,0.023248,1.440329,0.104169,0.043865
32.250000,90.078232,19.473936,4.712358,1.420030,0.170408,0.109662
37.889999,108.189919,33.409798,10.824105,1.284775,0.361104,0.570244
42.099998,86.411354,41.084572,20.114498,1.055131,0.737057,0.844400
47.500000,105.054001,56.077911,30.430645,0.813192,1.085294,2.895084
60.700001,109.878525,85.687057,68.335236,0.603499,0.869523,3.355666
49.820000,68.197067,74.981682,85.335625,0.623123,0.479148,1.864259
31.040001,37.841949,57.478462,89.762711,0.552985,0.490547,1.754596
29.450001,22.212082,46.511436,108.199799,0.554635,0.265655,1.140488
16.059999,12.048080,32.050339,103.317116,0.556693,0.192975,0.888264
22.420000,12.003995,30.017729,95.018219,0.566039,0.119365,0.274156
23.820000,13.148660,33.358936,102.567169,0.539516,0.128801,0.701839
32.119999,16.918621,36.209618,94.750832,0.527984,0.071935,0.537345
22.750000,16.182362,36.239017,100.351608,0.524360,0.034653,1.096623
16.760000,16.271900,36.773968,105.055977,0.527436,-0.043326,0.701839
27.350000,16.894230,38.480453,111.323189,0.528906,-0.007868,0.274156
23.100000,16.226980,36.151073,103.564163,0.527445,-0.016717,0.175460
24.170000,14.985320,32.400608,94.067566,0.535172,0.000000,0.000000
19.400000,10.679194,26.136936,94.388214,0.535950,0.002154,0.043865
12.010000,1.985363,3.761832,83.458450,0.521883,0.037698,0.010966
10.240000,1.136734,-4.079000,70.040459,0.519924,0.299300,0.274156
8.820000,20.441803,-31.584715,50.458580,0.466775,0.000000,0.000000
7.760000,51.239464,-31.616493,20.221090,0.460820,0.138520,0.186426
9.890000,19.565994,-11.637997,7.215826,0.377745,0.099847,0.274156
9.010000,1.007691,0.292070,0.860240,0.402633,0.110721,0.175460
7.060000,0.537764,0.262464,0.316802,0.343931,0.021629,0.010966
14.480000,14.556261,8.145063,4.626871,0.402741,0.000000,0.000000
7.420000,5.970767,-0.454433,0.296527,0.366145,0.174563,0.405750
9.710000,3.218009,0.636594,0.167856,0.377061,0.000000,0.000000
8.820000,3.442019,1.735819,1.247957,0.344336,0.024953,0.010966
9.540000,8.262695,2.005288,0.600706,0.367968,0.056666,0.043865
10.960000,13.068952,3.586515,1.116947,0.369156,0.000000,0.000000
10.420000,9.380593,3.212471,1.255268,0.368291,0.000000,0.000000
8.830000,2.206291,0.633355,0.443231,0.365840,0.000000,0.000000
10.420000,1.584837,0.993406,0.830022,0.368255,0.000000,0.000000
7.240000,1.509887,0.224421,0.096600,0.368246,0.000000,0.000000
7.420000,2.478406,0.227881,0.027537,0.371827,0.000000,0.000000
7.420000,2.560851,0.023044,0.017448,0.372333,0.000000,0.000000
7.420000,2.798448,-0.005582,0.001218,0.375237,0.000000,0.000000
10.250000,2.697547,0.000000,0.000000,0.376811,0.000000,0.000000
8.120000,3.325645,0.018382,0.000439,0.378250,0.000000,0.000000
7.240000,2.621260,-0.012681,0.000195,0.381379,0.000000,0.000000
9.190000,2.718897,0.031702,0.001218,0.386946,0.000000,0.000000
6.880000,2.915768,-0.012834,0.000975,0.387950,0.000000,0.000000
9.530000,2.699651,0.007909,0.000195,0.385983,0.000000,0.000000
9.530000,2.459307,0.293860,0.039430,0.391267,0.000000,0.000000
7.950000,2.799667,0.142797,0.018959,0.393962,0.000000,0.000000
8.830000,1.634088,0.365889,0.090118,0.395648,0.000000,0.000000
9.360000,2.135047,0.220203,0.050201,0.401874,0.000000,0.000000
10.070000,2.423793,0.120997,0.009212,0.400673,0.000000,0.000000
51.400002,73.632408,7.894019,1.124014,0.398027,0.000000,0.000000
103.110001,446.319458,216.950378,111.796974,0.387361,0.312170,4.430356
122.089996,261.752808,161.649918,101.140541,0.303564,-0.027978,1.074690
50.560001,67.056892,103.352257,164.391968,0.238593,0.063483,0.548311
15.170000,4.813005,27.994228,174.739563,0.206788,0.243662,2.028752
11.130000,1.073049,11.065498,177.890671,0.161939,-0.045727,1.370779
8.830000,0.077376,2.769952,191.398285,0.191108,-0.059091,0.789568
7.590000,0.255200,-0.458839,164.946777,0.193899,-0.075030,0.668940
22.950001,6.719131,34.101227,186.967285,0.200547,0.003615,0.010966
23.290001,9.426597,40.806793,213.567383,0.189826,-0.015297,0.098696
17.299999,5.379595,29.341080,178.298141,0.188536,0.000000,0.000000
13.060000,1.019765,10.688983,184.910416,0.186432,-0.001914,0.043865
11.470000,1.594399,15.590068,178.157135,0.186950,0.000000,0.000000
20.110001,8.162766,37.814484,197.099152,0.188129,0.000000,0.000000
11.660000,2.691470,17.614206,175.344406,0.193596,-0.019192,0.043865
13.770000,3.368407,20.656925,162.816498,0.203865,-0.029010,0.043865
24.700001,8.609864,35.832886,163.190277,0.190365,0.000000,0.000000
34.209999,17.447380,56.348343,219.026886,0.194839,0.000000,0.000000
16.430000,4.570244,24.133438,172.513702,0.198752,-0.011471,0.010966
11.120000,2.241430,16.559502,184.593719,0.189656,-0.026233,0.493480
0.530000,5.065626,-28.038263,168.198471,0.191192,0.000000,0.000000
9.000000,0.469401,-1.866752,135.653732,0.183967,0.000000,0.000000
10.960000,1.894502,11.999327,176.307007,0.202583,-0.110454,1.162420
11.120000,0.300044,1.770597,202.504333,0.209332,0.023660,0.021932
8.470000,0.211582,-3.178041,151.710693,0.231134,-0.405403,3.344699
0.880000,9.658014,-30.122440,97.797112,0.269633,0.037367,0.021932
3.710000,7.003350,-23.593588,84.230865,0.297199,-0.458364,1.853292
6.710000,1.048145,-3.159906,72.204033,0.270725,0.000000,0.000000
10.950000,1.700798,8.615177,80.532898,0.230567,-0.067092,0.098696
12.190000,2.547388,10.256621,58.213802,0.243495,0.000000,0.000000
6.720000,0.743528,2.501846,44.262959,0.265920,-0.087865,0.098696
10.960000,1.364192,4.813010,32.317181,0.251130,0.000000,0.000000
12.720000,5.338171,11.921314,31.052212,0.263873,-0.034066,0.043865
12.010000,7.667551,10.262161,19.225210,0.261515,0.000000,0.000000
17.120001,14.902739,13.686850,15.437231,0.260880,0.000000,0.000000
14.320000,20.932243,12.762703,11.722799,0.260222,0.000000,0.000000
13.950000,21.958662,13.925112,10.803781,0.261491,0.000000,0.000000
27.700001,47.410339,23.974766,13.526817,0.261968,0.000000,0.000000
23.639999,54.080269,28.010454,15.157129,0.257322,0.000000,0.000000
21.000000,32.683296,19.201492,12.598439,0.254766,0.000000,0.000000
30.860001,53.869377,35.057335,23.773464,0.256073,0.000000,0.000000
27.160000,78.003464,43.610359,25.033117,0.255660,0.041699,0.043865
41.970001,74.661331,51.265022,36.188011,0.254602,0.000000,0.000000
46.529999,70.138710,64.565598,60.409145,0.257651,0.000000,0.000000
27.879999,508.595703,161.462921,140.079224,1.362678,1.295301,7.303507
106.739998,192.871674,171.562042,200.182175,1.143961,2.365983,12.249275
84.570000,187.877853,173.906860,220.385925,1.248146,2.151842,8.542691
85.339996,175.750061,179.146011,262.736206,0.796492,2.100239,7.281575
139.990005,233.040176,211.681915,327.762878,1.080800,1.341548,2.072617
153.970001,231.665619,246.680923,457.674805,0.873810,1.327807,2.555131
68.230003,125.666695,150.856384,449.078796,0.796090,1.447287,32.021381
124.430000,193.812393,174.221191,291.803131,1.219279,1.294189,5.801134
91.510002,153.956635,168.303284,251.621643,0.459462,1.627435,24.224394
104.750000,178.772903,206.196167,270.553162,0.275303,0.915991,23.204536
92.739998,171.332565,218.069290,279.416199,0.280907,0.139348,16.679630
92.389999,194.601700,278.724487,409.980438,0.297648,0.404594,0.712805
131.710007,181.410782,268.831116,503.239136,0.354419,0.328179,0.581210
74.709999,111.865074,219.324005,511.905304,0.933179,-1.591551,9.134868
64.430000,123.166443,217.816681,576.256531,0.801308,1.503406,15.681705
84.919998,54.629463,247.359894,1137.271118,0.100381,0.000000,0.000000
107.480003,72.940628,285.437012,1152.038696,0.096639,0.000000,0.000000
97.230003,78.018074,306.115967,1202.541626,0.096669,0.000000,0.000000
59.419998,35.528416,206.431061,1221.330566,0.092958,-0.000751,0.043865
127.680000,83.705803,329.771454,1309.402832,0.101239,-0.040232,0.175460
72.919998,8.641680,95.315224,1149.067383,0.089775,0.000000,0.000000
107.410004,98.335449,374.957855,1440.354858,0.087126,0.016031,0.274156
110.029999,83.898827,331.159576,1321.721191,0.088409,-0.037554,0.701839
150.279999,90.693771,347.745941,1358.677612,0.078304,-0.007441,0.274156
151.339996,97.956024,368.218994,1412.479126,0.081504,-0.018134,0.175460
162.130005,80.013649,331.920837,1400.738037,0.075004,0.027048,0.109662
100.190002,90.851227,357.576355,1509.341797,0.072179,0.000000,0.000000
93.209999,76.959839,329.671173,1536.781494,0.057738,0.042799,0.043865
143.479996,80.633331,315.375244,1725.994751,0.050814,0.000000,0.000000
94.199997,85.831085,303.046204,1782.542480,0.054935,0.009057,0.010966
138.860001,91.659798,314.810638,1644.545166,0.053332,0.000000,0.000000
124.629997,89.073685,323.972870,1607.111816,0.062845,0.084187,0.197392
153.639999,81.619324,292.276001,1544.375977,0.051646,0.000000,0.000000
124.980003,72.748108,330.196289,1695.383667,0.040538,0.000000,0.000000
140.339996,68.857010,318.165100,1797.627197,0.052581,-0.073329,0.537345
127.500000,69.269958,286.830261,1858.465698,0.039261,0.000000,0.000000
85.860001,65.094749,294.243164,1930.446899,0.052367,-0.135574,1.326914
109.580002,62.524033,297.106415,1739.310547,0.047488,0.000000,0.000000
98.620003,49.961800,287.274902,1661.909546,0.045574,0.062475,0.098696
86.910004,53.661282,309.773071,1827.547119,0.047166,0.000000,0.000000
121.459999,46.051273,293.314758,1922.077148,0.044265,0.010166,0.043865
116.919998,36.858444,261.860962,2001.227539,0.048466,0.000000,0.000000
109.750000,64.329704,282.511139,2001.131714,0.149077,0.049423,0.098696
105.339996,33.921227,217.950821,1935.439819,0.179393,-0.005475,15.539145
108.419998,37.689602,236.569168,2030.676270,0.110536,-0.045257,0.142561
93.320000,33.683296,253.485794,2010.165161,0.051172,-0.003194,0.043865
73.620003,32.082611,252.509277,2109.441162,0.065013,-0.023613,0.010966
89.750000,23.388168,214.408264,2230.570313,0.030949,0.073970,0.592176
67.879997,15.416231,169.598755,2280.688477,0.069677,0.093649,0.548311
65.550003,13.971771,171.288773,2383.108643,0.044291,0.029048,0.274156
52.430000,7.628794,112.470108,2311.355713,0.068998,0.058061,0.175460
33.110001,4.341832,72.404358,2197.564453,0.059078,0.000000,0.000000
28.570000,1.098242,20.618935,2115.219727,0.059110,0.000000,0.000000
7.750000,0.723961,11.354891,1908.377075,0.068684,0.000000,0.000000
8.650000,1.756297,-55.420326,1892.406006,0.069473,0.000000,0.000000
-7.240000,5.484858,-92.629570,1860.006592,0.062791,0.054975,0.087730
-6.710000,4.312204,-71.632820,1810.814941,0.069111,0.000000,0.000000
-1.940000,6.326482,-93.284737,1754.497559,0.067049,0.000000,0.000000
-5.120000,6.613598,-101.437759,1760.961792,0.071352,0.014058,0.010966
-2.650000,8.213089,-112.772034,1644.273926,0.071872,0.000000,0.000000
-3.000000,8.242998,-102.460602,1539.574585,0.071886,0.000000,0.000000
-1.060000,5.793410,-87.415764,1444.441895,0.072364,0.030359,0.043865
-0.350000,3.926267,-57.484474,1317.936646,0.045952,0.004451,2.642861
-2.650000,4.147547,-67.336365,1399.472534,0.064337,-0.030081,0.219325
-1.760000,3.605118,-63.643784,1295.487305,0.055304,-0.009168,0.098696
1.060000,1.178537,-37.364738,1300.457764,0.059616,0.000000,0.000000
7.950000,1.543365,-35.400475,1243.872803,0.053945,0.000000,0.000000
24.700001,0.723974,22.335033,1203.975220,0.053031,0.000000,0.000000
22.590000,1.937827,46.877361,1209.893066,0.049102,0.053720,0.175460
22.940001,3.172013,56.170532,1174.337646,0.044675,0.000000,0.000000
31.940001,3.191766,56.004395,1097.326416,0.046830,0.000000,0.000000
17.299999,1.975915,36.366280,1101.078613,0.046275,0.000000,0.000000
13.600000,0.103281,1.564814,1017.338501,0.049281,0.000000,0.000000
1.590000,1.255405,-33.035042,885.164551,0.055263,0.000000,0.000000
-7.410000,6.622265,-72.043373,840.842468,0.066445,0.000000,0.000000
-5.650000,29.627329,-151.191437,776.357422,0.089023,0.000000,0.000000
-7.960000,86.745125,-226.982361,595.986694,0.154400,0.000000,0.000000
-2.470000,116.609833,-198.136108,338.733032,0.354202,0.064205,0.043865
-5.300000,85.375572,-143.219055,241.119263,0.933457,0.875621,5.351519
2.120000,68.107864,-112.568840,187.574524,1.959164,2.218345,29.608814
-4.590000,65.978745,-97.319176,144.903427,2.046469,6.699385,39.324890
26.290001,47.636745,-71.078949,109.131882,2.892532,4.860143,34.784874
11.650000,39.220100,-61.945965,102.233749,2.043630,4.525577,59.458885
12.530000,35.097393,-60.164444,113.942795,2.731743,1.420653,12.260242
14.290000,24.524357,-40.412766,69.497513,2.200847,3.346271,80.196014
12.170000,13.230780,-24.089607,46.020378,2.966056,1.344055,37.318069
32.630001,8.475471,-15.560497,29.375355,3.681289,4.951532,18.445194
33.330002,3.589167,-6.505220,12.053004,3.328897,1.270048,50.291115
21.340000,1.081057,-2.904763,9.967278,3.903625,4.587535,9.200665
23.290001,0.359532,-0.750381,2.393757,3.308606,2.383384,54.896931
22.750000,0.186299,0.371624,1.291578,3.588523,1.867397,8.937475
24.850000,0.302623,0.660379,2.391613,4.432258,2.300193,4.134268
44.060001,0.029205,-0.013201,0.838161,3.889929,-0.790985,20.452011
27.860001,1.838364,0.935268,0.864139,3.937149,-0.139251,12.227344
22.219999,4.404344,5.410938,6.806079,1.937715,0.562482,0.318021
18.360001,9.744271,3.671498,2.549038,1.357467,5.818483,38.655952
19.059999,17.666580,8.867661,5.308288,1.534835,3.565536,20.649405
35.959999,26.064003,14.091216,8.623549,2.572933,3.365731,9.145834
28.920000,42.481094,19.339731,8.953510,1.335159,3.048559,12.874352
36.840000,58.672565,30.923765,16.455091,1.357776,1.665083,5.055430
40.540001,70.483276,33.852783,16.673538,1.000058,2.109579,8.093076
36.990002,77.272141,41.788475,22.848791,0.921095,1.115339,7.391237
41.419998,75.166702,52.060471,37.290970,0.681843,1.093338,6.020460
36.990002,74.059212,59.086437,48.455032,0.777418,0.781519,2.039718
43.860001,68.423851,60.644619,54.457115,0.786821,0.563389,0.986961
51.930000,62.205383,60.870087,60.775810,0.857919,0.343443,0.493480
47.029999,58.248299,67.800957,80.213470,0.870718,0.255579,0.197392
35.250000,52.091240,66.724174,87.908928,0.785570,0.444977,0.592176
51.610001,53.650833,70.878914,97.527786,0.775091,0.245384,0.274156
38.599998,50.175827,72.143112,110.492348,0.722999,0.391152,1.107589
36.660000,49.753441,78.515831,128.675171,0.722621,0.190355,0.274156
46.500000,48.794289,83.662285,145.592209,0.709487,0.158855,0.274156
35.599998,43.941673,80.262886,150.272156,0.699523,0.247606,0.350919
43.009998,42.682861,84.245277,179.984238,0.597374,-0.122407,6.711331
45.770000,47.177746,90.639557,184.963440,0.632119,0.055401,0.318021
57.180000,61.340073,107.763481,206.965790,0.613990,0.071541,0.098696
68.360001,68.675438,123.396286,223.448090,0.658316,-0.067055,0.043865
81.790001,77.082092,143.729950,272.603516,0.665196,0.000000,0.000000
60.060001,71.661041,157.465378,350.752869,0.627627,0.070546,0.010966
79.160004,63.899429,157.228729,397.041931,0.605235,0.139513,0.394784
64.239998,60.511189,157.712738,428.965210,0.627996,0.000000,0.000000
69.190002,71.678116,168.322876,412.832458,0.635490,0.000000,0.000000
73.540001,75.556084,183.173798,453.727936,0.630661,0.000000,0.000000
69.639999,73.288673,180.534882,457.060547,0.632653,0.000000,0.000000
95.190002,93.531212,182.790680,505.217285,0.678231,0.040766,0.043865
111.809998,93.419823,183.197723,570.042908,2.280219,1.058597,0.844400
84.190002,58.537621,135.878830,558.976440,1.508463,2.279155,22.162745
62.910000,58.750824,149.265594,588.401489,1.735069,0.445237,6.119155
77.400002,54.151234,152.448364,669.450134,1.920735,0.824670,1.995853
75.290001,40.245701,125.693924,659.067810,1.799820,0.226829,7.029351
49.759998,30.532833,116.164597,664.115234,1.712348,0.259986,0.921163
52.110001,24.348373,110.104210,700.550171,1.583229,0.033592,0.570244
37.169998,20.436449,95.744957,673.854553,1.529948,0.257296,0.043865
34.540001,11.721902,77.445267,662.033752,1.433403,0.000000,0.000000
34.919998,6.032869,59.320271,647.664917,0.802543,0.090611,0.010966
39.529999,4.258495,52.222912,653.193176,0.546615,0.148924,0.899231
31.410000,3.482737,45.256939,650.856323,0.656045,0.163392,0.043865
26.120001,3.076813,42.337090,652.773499,0.477806,0.100671,0.285122
25.410000,2.707399,37.865067,620.068481,0.640345,0.000000,0.000000
26.280001,3.273976,37.716293,553.364746,0.677089,-0.039502,0.175460
24.000000,3.565937,38.727390,569.151428,0.674293,0.000000,0.000000
17.290001,3.242606,34.230995,538.923645,0.702209,-0.008461,0.010966
20.480000,0.686987,15.122971,556.782959,0.715307,0.000000,0.000000
18.889999,0.820059,20.046658,540.025391,0.729177,0.007956,0.010966
15.170000,0.625893,12.876822,513.532166,0.740796,0.000000,0.000000
18.010000,0.946473,13.455866,500.820038,0.759145,0.000000,0.000000
17.469999,1.741265,17.361126,516.236633,0.777333,0.000000,0.000000
22.600000,1.048282,13.397890,486.381348,0.769388,0.000000,0.000000
22.250000,2.457924,24.189785,469.836487,0.786157,0.000000,0.000000
20.110001,3.687867,29.933800,491.260773,0.787875,0.000000,0.000000
27.330000,6.840385,45.853870,456.264648,0.784186,0.000000,0.000000
26.450001,11.712673,64.893906,487.621948,0.781883,0.000000,0.000000
37.540001,13.628270,74.304802,487.667480,0.764778,0.000000,0.000000
47.910000,19.215569,94.017105,480.549438,0.758811,0.000000,0.000000
57.209999,24.321354,107.467239,506.886566,0.745636,0.000000,0.000000
69.139999,33.786270,131.481689,515.450745,0.740153,0.000000,0.000000
58.340000,45.255585,160.011719,581.598572,0.724401,0.000000,0.000000
66.480003,56.579865,184.759979,614.737915,0.716701,0.000000,0.000000
73.190002,51.925606,183.377335,658.393005,0.715216,0.000000,0.000000
66.519997,54.681572,192.289001,682.129211,0.725934,-0.046636,0.043865
56.720001,43.656052,174.182495,708.257324,0.709801,0.000000,0.000000
66.070000,38.506371,162.756546,720.968201,0.737988,-0.047211,0.043865
65.190002,23.708981,133.345261,784.022583,0.697809,0.050592,0.888264
71.040001,22.494282,126.239021,744.027283,0.694547,-0.002475,0.010966
55.070000,21.379217,123.332481,790.301147,0.732094,0.000000,0.000000
50.380001,14.089331,102.642883,780.604004,0.743319,-0.072086,0.175460
40.160000,17.218372,117.967812,816.446289,0.742594,0.030036,0.043865
39.279999,12.930374,104.807289,867.960754,0.758242,0.000000,0.000000
53.200001,11.476799,94.999359,849.839355,0.751077,0.004227,0.043865
40.310001,12.870296,100.932716,827.147827,0.760886,0.000000,0.000000
39.459999,12.041964,95.009155,833.471191,0.768540,-0.000374,0.010966
53.369999,13.193151,103.796677,834.224121,0.770671,0.000000,0.000000
50.669998,14.061310,109.195412,881.506653,0.772995,0.000000,0.000000
61.439999,12.027451,103.445381,912.665039,0.779180,0.000000,0.000000
45.070000,9.820840,95.070183,929.600342,0.783419,0.000000,0.000000
44.570000,13.328936,109.482010,929.266907,0.775860,0.000000,0.000000
48.029999,13.106857,110.660446,952.841675,0.768819,0.000000,0.000000
42.980000,13.105946,110.492836,964.876282,0.490347,0.561559,0.701839
64.940002,27.200222,205.247925,2225.195313,0.258582,0.036393,0.043865
81.809998,25.439892,217.127533,2331.377197,0.251833,0.000000,0.000000
111.000000,25.010427,243.137146,2443.847900,0.138941,0.001306,0.021932
108.139999,35.425919,300.042725,2547.395996,0.075683,0.016784,0.021932
119.360001,25.927189,263.196075,2740.055908,0.047472,0.000000,0.000000
134.919998,28.533508,277.508606,2875.402832,0.042006,0.000000,0.000000
109.230003,31.575722,302.561401,3026.809082,0.041985,-0.006169,0.010966
19.770000,16.226521,-3.779840,4.564387,1.529066,3.024175,70.172882
41.750000,11.155472,-0.180055,1.897596,3.806918,2.984443,8.871678
11.300000,7.896943,0.655317,0.544169,0.927602,2.005132,62.211403
26.980000,31.521109,7.722578,2.473104,1.789070,1.227172,6.360412
34.189999,72.804832,29.562853,16.603453,0.690959,2.033526,16.493206
38.599998,55.340309,38.708416,31.645557,1.397255,2.932934,44.599644
109.080002,190.706009,86.173096,47.401199,1.598209,4.721829,14.892138
53.480000,92.423157,73.259827,74.977020,2.175260,7.021024,39.423588
42.980000,34.875149,42.122765,84.337257,2.371251,2.614368,60.423908
108.680000,58.309784,367.117920,2343.801514,0.100990,0.000000,0.000000
128.740005,48.281334,339.499634,2446.707275,0.089914,0.000000,0.000000
146.789993,58.428940,373.857300,2457.466553,0.086542,-0.015842,0.010966
117.650002,70.124840,390.023895,2328.537109,0.104384,0.000000,0.000000
80.589996,29.789158,240.926071,2429.608887,1.303560,-4.240730,15.012765
122.959999,24.510929,192.264725,2595.333008,0.418887,1.071103,3.202138
101.839996,37.904297,297.709503,2708.113770,0.336698,-0.538243,14.727641
104.680000,49.544643,303.026489,2815.657715,0.372667,0.000000,0.000000
133.710007,44.489670,291.901154,2251.563232,0.364247,0.135236,3.202139
66.599998,1.972590,39.599701,2399.483398,0.786564,-3.534444,20.276552
77.959999,42.247662,301.148102,3023.085205,0.615179,-3.153522,19.618578
91.570000,21.629009,228.976105,2960.420654,0.656778,-2.136325,7.424136
99.269997,34.040501,294.882477,2947.234375,0.104122,-0.349922,3.958808
137.460007,56.702263,287.102234,2706.837158,0.283204,-0.918590,5.987560
104.750000,37.732334,294.989349,2736.698486,0.130981,-0.277962,6.349445
104.510002,40.749424,310.780518,2796.735840,0.114225,0.086251,1.096623
159.130005,53.850586,321.967712,2563.457031,0.135577,0.064244,0.274156
142.429993,39.745567,311.992615,2472.697266,0.175387,-0.249931,1.096623
142.520004,71.690979,355.934845,2107.286377,0.097630,0.102954,0.877298
128.639999,61.144489,369.271973,2347.561279,0.248992,0.077660,0.844400
102.220001,62.109127,355.984131,2168.778320,0.065138,0.051234,1.239184
130.850006,57.364948,350.501434,2189.357422,0.260492,-0.008736,0.054831
169.669998,49.850517,334.354065,2308.797852,0.116002,0.067905,0.098696
119.220001,64.965019,362.913879,2248.160400,0.138155,0.021628,0.010966
143.309998,49.292049,350.653931,2499.606689,0.102140,0.072110,0.361886
130.139999,56.427910,364.947083,2399.373535,0.077342,0.104297,0.701839
126.300003,52.775345,352.923615,2381.744873,0.079457,-0.016619,0.010966
162.830002,59.807533,369.958313,2343.743652,0.060278,0.069926,0.394784
93.559998,46.954514,329.226440,2315.810791,0.087172,-0.011061,0.010966
102.570000,58.265022,358.404419,2255.195801,0.075217,0.026041,0.054831
142.869995,49.733887,336.450256,2312.627197,0.061444,0.014267,0.010966
116.730003,59.176285,365.830566,2306.978271,0.080508,0.000000,0.000000
127.339996,52.235992,339.104889,2297.131348,0.044986,0.019157,0.394784
132.050003,55.134003,351.461548,2284.521973,0.064599,0.000000,0.000000
143.740005,52.780060,349.631836,2382.824707,0.063323,0.000000,0.000000
105.779999,50.575253,341.229187,2317.278320,0.059755,-0.019194,0.010966
96.120003,40.899494,303.313965,2401.064209,0.064768,0.000000,0.000000
93.089996,46.751846,318.663574,2204.924072,0.056367,-0.016118,0.010966
108.070000,42.752472,306.784424,2292.281738,0.042938,0.000000,0.000000
104.290001,28.491409,241.225235,2132.943604,0.050237,0.043190,0.175460
84.320000,20.794201,195.948288,2132.730957,0.038890,0.004537,0.021932
68.529999,13.322515,128.069901,2048.232178,0.038762,0.000000,0.000000
46.070000,48.336121,124.928062,1839.485107,0.544298,0.000000,0.000000
30.650000,7.970098,48.384167,1789.750000,0.381426,0.422430,18.675486
30.670000,5.686689,54.146492,1835.747437,0.232427,-0.008024,0.109662
32.590000,3.893021,78.163628,1812.448730,0.049007,-0.007682,0.493480
55.669998,8.663013,122.235619,1734.292480,0.025841,0.000000,0.000000
88.690002,17.611618,172.437164,1700.548706,0.042184,0.000000,0.000000
64.139999,23.595562,198.079941,1679.637695,0.036876,0.000000,0.000000
102.139999,30.769459,228.980148,1712.347412,0.029588,0.000000,0.000000
94.430000,31.607292,226.188049,1638.848755,0.038275,0.010171,0.010966
84.389999,37.770454,245.515717,1617.071533,0.039915,0.000000,0.000000
98.339996,33.537922,224.958755,1530.401245,0.039917,0.000000,0.000000
88.889999,46.954514,268.405579,1535.375732,0.037786,0.000000,0.000000
88.940002,44.004932,260.022583,1564.068848,0.041930,-0.012020,0.010966
114.720001,57.294624,293.591217,1520.744385,0.040645,0.000000,0.000000
93.150002,57.768600,300.136414,1581.351563,0.039182,0.000000,0.000000
109.230003,55.151527,290.693634,1637.264282,0.037915,0.000000,0.000000
130.389999,70.433701,313.585510,1657.615479,0.038603,0.000000,0.000000
118.769997,67.068398,296.591400,1742.611816,0.036583,0.008939,0.010966
120.790001,73.217979,282.720917,1710.209717,0.034888,0.000000,0.000000
140.600006,79.400284,334.176453,1723.681396,0.038268,-0.031024,0.098696
119.839996,76.905319,321.311890,1854.781006,0.038740,0.000000,0.000000
154.729996,86.319138,366.384094,1926.697876,0.047710,-0.054462,0.175460
122.190002,93.047104,345.425751,2041.356689,0.040560,0.000000,0.000000
112.730003,98.611298,372.949799,1871.379272,0.066486,-0.081329,0.328987
136.070007,82.281693,346.751892,1822.687744,0.023187,0.006037,0.394784
135.210007,108.665848,392.111664,1760.346924,0.047622,0.000000,0.000000
164.169998,66.444870,353.287201,1901.081055,0.042287,0.029652,0.043865
160.419998,87.344437,420.543579,2180.779053,0.047863,-0.024658,0.175460
137.130005,86.129112,421.497253,2212.775879,0.096685,-0.017072,0.208358
177.080002,74.045151,408.762817,2384.312256,0.202660,0.193506,1.272082
181.399994,69.832687,404.760925,2417.356445,0.203503,0.193945,0.570244
117.260002,73.405525,428.768646,2553.241943,0.120359,0.096708,0.274156
144.949997,80.087845,457.517761,2638.187012,0.112389,0.024710,0.043865
148.089996,65.796494,424.004974,2766.359375,0.106552,0.000000,0.000000
157.600006,63.197121,420.461273,2922.165039,0.086120,0.000000,0.000000
122.730003,67.966354,437.690186,3042.542969,0.084131,0.000000,0.000000
135.039993,61.697620,398.084503,3111.665527,0.079546,0.000000,0.000000
139.729996,70.012352,410.317139,3129.719971,0.087061,0.000000,0.000000
168.759995,67.419090,421.847717,3222.230713,0.133455,0.000000,0.000000
149.220001,73.639862,373.127869,3207.133789,0.236885,0.008416,0.010966
165.669998,94.688232,532.097168,3310.356445,0.255147,0.063529,0.581210
139.729996,54.084248,368.618164,3303.321777,0.165063,0.031150,0.109662
177.270004,92.347427,544.086060,3478.943359,0.139443,0.000000,0.000000
119.419998,48.201099,405.496948,3700.273438,0.115407,0.000000,0.000000
140.600006,39.651878,380.211914,3856.150146,0.078786,-0.003299,0.010966
132.070007,32.527931,321.548798,3952.466309,0.034038,0.001957,0.010966
119.220001,40.301281,345.758270,3989.321777,0.029508,0.004102,0.010966
132.660004,27.563051,323.641754,4052.443848,0.044290,0.000000,0.000000
99.330002,23.974796,296.603180,4027.491211,0.022339,0.007740,0.701839
94.260002,14.104939,221.043793,3934.226318,0.033751,0.000000,0.000000
67.180000,6.225202,126.090065,3822.179932,0.025727,0.006540,0.010966
-4.590000,1.250337,-43.248589,3604.000000,0.031889,0.000000,0.000000
-39.200001,12.585885,-195.751419,3090.982422,0.026182,0.009072,0.010966
1.230000,94.727295,-485.653168,2515.823730,0.054953,0.006253,0.449615
9.350000,222.020065,-662.967407,1992.417480,0.059042,0.002964,0.054831
-18.540001,269.660004,-612.135803,1393.232056,0.251478,-1.171213,6.316547
-20.139999,289.470337,-536.279114,999.884644,0.662083,-3.286201,24.334057
5.120000,292.110107,-490.397980,825.119690,0.707323,-0.182543,2.752523
0.170000,272.052673,-407.478149,612.475830,2.099431,5.548049,39.752575
-15.180000,222.916992,-321.200531,476.744171,0.827145,5.011794,94.978493
3.170000,187.290894,-275.560486,418.861542,1.328825,5.004385,28.972773
-5.650000,207.040176,-262.358643,369.148712,0.867373,6.073394,56.914719
5.300000,268.680511,-212.242615,371.352875,1.063808,1.436007,42.187073
33.799999,213.785538,-106.003708,329.921082,2.257059,9.734267,80.963654
50.880001,174.783081,-39.231659,387.743408,0.548790,-0.186232,98.235466
25.549999,127.233009,-31.112455,288.598724,1.646501,4.508588,62.529427
23.469999,70.590836,-11.994563,144.807556,0.999620,1.988648,6.404277
32.060001,66.193764,-11.895033,89.998657,2.107261,2.907621,8.301435
46.970001,87.474693,4.039526,41.966145,2.337995,2.084397,3.147307
55.209999,131.318848,8.630856,43.307091,2.530647,2.213109,3.794315
37.689999,91.067688,8.620997,13.434504,2.748903,1.459306,3.432429
37.520000,69.022751,9.327013,20.502506,2.886810,1.740948,3.399530
30.490000,41.723831,0.441292,17.686625,2.827151,1.141525,3.081510
51.900002,81.242973,5.807106,7.697706,2.554281,1.122189,0.592176
50.669998,113.430840,9.074263,3.064597,2.532164,0.936828,2.752523
74.370003,168.369141,29.913502,12.219107,2.743140,1.247261,6.250750
59.849998,198.680511,64.195099,26.247690,1.728325,3.296067,14.727643
89.750000,223.449310,96.581795,43.867344,0.945363,0.734767,19.278627
42.000000,140.024246,89.069252,65.155914,0.438787,1.777296,41.594898
107.309998,221.507156,131.555328,91.124283,0.418471,1.129908,12.018986
75.070000,188.056885,111.425835,94.433395,0.460342,1.565482,11.700965
88.300003,181.397339,159.163422,140.447556,0.570801,0.620973,10.538544
100.080002,190.596344,199.531601,213.244568,0.734643,1.023633,3.739484
125.750000,173.470184,223.512238,294.506531,0.625087,0.745647,3.081510
123.660004,168.134033,225.106064,307.769409,0.484665,0.508684,4.254896
97.570000,158.977386,236.302612,359.605103,0.713961,0.432407,0.570244
71.699997,134.720642,232.694794,424.642212,0.917072,0.936578,3.169240
93.029999,99.599411,204.647278,465.604675,0.794794,1.227606,7.555731
87.959999,100.838882,224.610168,530.834534,0.870410,0.791827,3.169239
90.059998,98.884720,230.784454,568.152527,0.537625,1.595517,4.890937
122.610001,97.782776,232.761002,599.006104,0.487404,0.377908,0.888264
119.709999,84.553848,231.118469,671.273499,0.620515,1.004119,1.677833
92.739998,84.153503,247.971420,772.145020,0.384218,0.223933,0.394784
80.940002,66.510971,224.404724,823.447754,0.584121,0.412633,0.361886
80.889999,59.389824,222.935577,898.184326,0.439431,0.278439,1.096623
104.879997,53.844032,212.596298,926.188232,0.487228,0.273711,0.438649
86.839996,48.420517,207.078369,969.384155,0.357550,0.289086,1.272082
78.610001,48.771004,212.643799,1020.425049,0.420876,0.118398,0.109662
67.400002,53.024879,225.676147,1038.438232,0.288207,0.293862,2.116482
75.199997,41.351311,203.911285,1056.916382,0.348434,0.034710,0.043865
77.959999,41.987598,204.078613,1105.398926,0.281653,0.086994,0.175460
104.940002,38.211082,198.502914,1110.972168,0.348309,0.000000,0.000000
71.349998,36.766052,200.604279,1188.765747,0.282539,-0.047632,2.193246
70.730003,37.584885,205.517944,1253.423218,0.286480,0.022498,0.010966
76.480003,32.511765,184.179962,1130.769287,0.260356,0.088925,0.350919
89.290001,33.075111,195.400391,1233.539063,0.277404,0.000000,0.000000
77.309998,30.204025,189.594330,1241.144165,0.232362,0.038994,0.394784
65.599998,23.191986,173.834152,1354.216064,0.259145,0.000000,0.000000
59.009998,26.025486,191.697586,1431.625854,0.242343,0.025661,0.043865
71.739998,18.588638,163.843079,1468.717285,0.252773,0.000000,0.000000
57.950001,23.076727,179.763931,1429.790161,0.251577,0.000000,0.000000
68.760002,26.425652,193.079605,1432.578369,0.245636,0.016522,0.010966
86.070000,26.632149,196.007965,1458.376221,0.250491,0.000000,0.000000
73.269997,26.340122,193.083145,1421.062256,0.239456,0.016030,0.010966
109.739998,24.045866,189.562088,1529.943726,0.238163,0.000000,0.000000
89.519997,29.985531,210.318420,1539.898438,0.231995,0.030903,0.043865
78.180000,30.003380,216.091064,1599.010742,0.224940,0.000000,0.000000
78.529999,22.482552,197.168884,1759.576050,0.076164,0.263415,2.566097
57.529999,27.025791,210.368256,1653.149170,0.290503,-0.496355,1.151454
57.220001,20.031120,181.601685,1703.268921,0.086246,-0.393088,6.492007
84.339996,24.960569,199.609573,1643.733643,0.130689,0.121380,0.712805
74.500000,31.325888,225.792068,1645.902100,0.073824,0.008927,0.010966
106.320000,49.102898,245.457489,1731.652954,0.039921,0.057474,0.098696
112.089996,49.903240,210.758011,1736.742798,0.268811,0.365561,0.986961
87.190002,38.008015,220.273788,1818.282349,0.325830,0.427332,1.853292
77.339996,32.763947,187.565887,1880.581177,0.273841,0.273635,1.063724
69.199997,36.220276,213.445282,1969.306641,0.279008,0.000000,0.000000
89.169998,33.765606,225.282684,2016.156738,0.115443,0.148337,0.822467
68.320000,32.067215,219.062317,2040.604126,0.157957,-0.009017,0.010966
63.240002,30.849808,244.909729,2047.271729,0.074946,0.000000,0.000000
88.820000,26.836624,238.880402,2157.915771,0.025273,0.092497,0.701839
75.550003,25.667313,229.351349,2153.145020,0.016104,-0.042831,0.394784
105.730003,27.143660,234.183228,2186.332520,0.029715,0.000000,0.000000
71.209999,26.810747,239.161209,2249.985840,0.025773,0.002346,0.043865
86.489998,23.366344,212.771118,2313.355957,0.047533,-0.035302,0.000000
6.000000,4.951745,-53.955147,3962.797119,0.013551,0.000000,0.000000
7.240000,20.646255,-9.330322,3975.593750,0.040310,0.000000,0.000000
7.940000,8.631985,6.244522,4095.496094,0.233926,0.534661,1.469475
29.260000,6.105609,-4.289291,3810.099609,0.176665,-0.067059,5.757270
36.130001,2.427654,9.493441,3720.776367,0.146861,0.012786,0.153527
23.809999,0.804707,48.436024,3838.569336,0.140643,-0.115761,4.134267
23.820000,0.206080,-6.375148,3822.112793,0.069973,0.001401,0.010966
41.189999,0.663526,30.650265,3776.939697,0.058709,-0.013872,0.274156
41.240002,2.535461,83.965302,3670.527832,0.074128,-0.134551,1.140488
19.240000,1.055165,5.570949,3828.136719,0.050896,0.013415,0.054831
5.120000,2.388295,-73.637962,3901.796875,0.075249,0.000000,0.000000
0.170000,1.804943,-64.726669,3848.073730,0.050547,0.006500,0.043865
4.590000,2.024075,-70.412575,3873.984375,0.063296,-0.087789,0.701839
-7.420000,5.483125,-100.132401,3819.426270,0.222009,-0.664285,3.213104
-4.060000,5.783182,-122.302780,3703.683105,0.074067,-0.179930,1.096623
-14.480000,7.713200,-141.591888,3709.634033,0.084451,-0.207237,1.370779
-7.430000,4.800407,-106.509384,3597.014160,0.027727,0.000000,0.000000
-5.820000,26.223692,-281.250916,3099.181885,0.033228,-0.070432,0.186426
0.170000,104.159508,-514.661255,2555.279053,0.015521,-0.049204,3.564023
-1.940000,173.920364,-554.203064,1773.134766,0.313203,-0.786780,2.149381
-8.990000,220.251221,-543.295349,1345.103027,0.162299,0.360795,2.028752
1.060000,212.858337,-451.957001,966.814697,1.260071,2.780071,27.492332
3.710000,424.376129,-440.072998,713.211304,1.537668,9.655445,154.261917
16.580000,445.508575,-210.049484,569.341187,1.391739,7.741730,115.255035
70.680000,239.462372,-162.474625,640.020874,0.325971,-2.169257,92.335632
73.360001,240.068665,-101.587845,812.482788,3.523228,1.101832,27.810352
39.630001,9.019814,19.243708,1156.225342,2.452542,3.388562,58.131966
27.830000,11.287360,47.597038,1123.490479,1.237911,3.618077,75.239281
22.170000,27.377651,52.849472,776.798950,2.466590,1.843988,40.092525
55.389999,129.093826,34.583504,640.292664,0.771152,4.549294,103.828232
49.639999,38.964310,91.711060,724.232361,0.562245,2.422452,86.655121
46.950001,30.266407,63.776772,606.609314,1.749538,3.408324,51.903152
100.250000,249.394913,145.864426,450.415283,1.290964,2.579221,16.679632
64.839996,92.033928,88.612137,464.603424,2.417316,3.516165,36.649132
117.510002,213.793915,114.976410,285.191040,2.687290,2.991307,21.208685
113.809998,243.357178,169.453873,134.803055,3.260186,1.000948,7.983414
139.729996,154.182205,161.571472,192.722473,3.381164,2.433739,7.139014
110.320000,150.737442,184.987335,248.515640,3.398985,2.602750,5.910797
92.680000,107.631119,147.676971,215.122971,3.142778,2.528430,19.859837
98.739998,170.266403,170.862839,188.961792,2.457263,4.410783,15.122427
130.910004,101.640579,120.805382,180.907318,1.150053,3.228036,23.478691
79.459999,83.567520,56.309204,51.966751,2.897099,1.296026,29.948765
122.910004,263.192871,189.608658,150.069931,3.285083,1.724055,6.371378
131.960007,252.585815,134.848236,74.889481,3.266426,2.436029,11.075889
116.139999,288.848450,192.142731,133.596130,3.269162,2.518862,2.215178
87.370003,145.418304,114.827362,92.433594,3.396032,1.938603,2.917017
85.980003,231.868454,167.051361,128.801514,3.163765,2.609653,2.949915
118.489998,338.850342,99.992798,39.701687,3.247745,2.627195,2.862185
22.190001,53.811768,74.960518,119.974274,3.320539,2.199381,1.853293
120.440002,321.269592,220.760132,161.856186,2.678663,4.029913,6.612634
150.089996,380.734863,90.677917,29.324810,2.408875,4.150263,7.862785
33.270000,20.317551,37.864296,73.335007,1.478740,2.011984,4.243930
76.519997,101.144806,134.406677,190.840042,2.741520,3.828612,6.415243
113.419998,242.097717,138.839386,85.338394,2.287132,2.748634,4.660646
89.709999,169.483429,123.301346,101.421814,3.252331,1.539440,1.096623
23.590000,86.354904,67.760597,80.303528,1.737164,3.340317,8.783948
45.209999,35.468094,75.745895,173.148499,2.830382,2.576700,2.434503
195.350006,405.427155,177.398712,88.165390,2.823210,2.120683,5.669539
52.430000,62.241310,90.797188,141.565323,2.245377,2.186858,4.825140
191.470001,365.746124,235.521210,169.867004,2.778778,1.079121,0.438649
176.619995,10.384055,22.267750,58.440578,1.868135,1.975221,3.487261
30.280001,34.429073,77.818283,183.268494,2.627711,2.274458,3.443395
122.180000,357.847076,272.948395,212.346268,2.715809,0.731112,1.118555
70.290001,150.550140,157.929886,166.647995,2.297499,3.171739,4.485187
128.279999,177.271896,193.394470,213.693893,1.396679,3.293544,8.334333
117.980003,203.123291,207.190918,231.905853,1.885569,2.217020,3.520159
103.220001,182.071091,236.281158,309.346832,1.765694,2.176421,3.037645
111.220001,135.281647,182.662537,264.743347,2.199826,2.488639,10.757870
51.450001,56.308067,96.162590,211.620163,1.722258,6.486905,27.108513
31.200001,2.907056,18.209827,171.239685,1.594143,2.607411,15.166292
36.970001,27.838488,91.635223,338.351563,2.174883,4.373030,11.788694
93.790001,204.466660,253.570496,376.764771,2.016817,2.215757,3.574990
109.709999,251.514954,156.198135,196.607498,1.070951,2.705649,8.433029
111.260002,185.504944,255.591949,385.900970,1.253848,2.792598,7.522832
109.050003,190.011826,261.084442,438.306335,1.041903,2.508213,7.226744
177.710007,196.500763,267.958069,455.502869,1.297019,1.449466,2.149381
120.589996,172.028900,316.042725,620.238892,1.501502,0.815681,0.537345
163.050003,175.533234,342.715027,674.001526,0.916054,1.802016,5.318621
166.149994,177.381500,360.162292,744.344421,0.929565,0.791616,0.888264
128.850006,154.982162,342.018311,764.598877,0.742504,1.888545,5.801134
140.429993,138.749207,347.571594,872.803833,0.212098,1.240273,11.942222
185.570007,158.634552,405.705444,1041.314941,0.324166,0.926437,3.169239
198.360001,163.812256,429.394897,1127.547485,0.387030,0.626923,1.096623
184.809998,136.771606,412.455627,1246.170532,0.131552,0.856330,6.864858
202.550003,159.498993,477.281921,1431.421143,0.330726,0.000000,0.000000
159.899994,131.608902,456.036804,1592.628052,0.173786,0.931555,6.590703
198.119995,142.847198,486.657043,1676.125244,0.032766,0.064310,0.285122
174.589996,127.863472,470.158661,1762.646606,0.199123,0.000000,0.000000
169.139999,140.527786,509.443481,1860.360840,0.025891,0.000000,0.000000
156.729996,120.250954,492.542633,2018.915649,0.110310,0.095691,0.098696
181.759995,127.093613,518.200623,2138.578857,0.080786,0.012327,0.109662
164.880005,121.511360,518.805359,2220.526611,0.106731,0.033633,0.021932
181.240005,103.754486,491.063721,2326.614014,0.092633,0.037835,0.021932
176.449997,103.514374,507.021576,2486.374512,0.097718,0.000000,0.000000
177.190002,91.359360,484.885376,2582.263184,0.094787,0.000000,0.000000
190.300003,82.206139,478.585449,2791.168701,0.093499,0.000000,0.000000
182.850006,81.665634,481.123047,2983.762451,0.079636,0.000000,0.000000
150.589996,72.889252,450.296539,3124.236328,0.101423,0.000000,0.000000
166.190002,80.066490,450.830933,3169.478760,0.092562,0.008201,0.010966
163.869995,63.204929,452.233978,3287.735596,0.086669,0.032215,0.043865
196.729996,59.778294,441.471649,3321.883545,0.084754,0.000000,0.000000
149.300003,61.664291,452.440674,3425.603516,0.079153,0.000000,0.000000
139.389999,59.516712,434.544434,3475.680908,0.075400,0.000000,0.000000
128.330002,48.571739,373.912903,3555.380859,0.076047,0.000000,0.000000
201.089996,111.873947,601.507263,3631.385010,0.073485,0.000000,0.000000
115.580002,42.015556,395.387909,3949.025146,0.068751,0.000000,0.000000
146.880005,34.931519,364.583435,4050.644043,0.075038,0.003084,0.010966
140.600006,31.772726,337.242249,4162.625000,0.071928,0.000000,0.000000
132.149994,30.302044,302.309021,4152.001953,0.074838,0.000000,0.000000
122.650002,66.307304,510.517456,4157.887695,0.070706,0.000000,0.000000
128.309998,28.162346,342.499390,4384.608398,0.073540,-0.010400,0.098696
116.879997,29.712803,341.697449,4278.100098,0.069666,0.002236,0.175460
97.339996,15.508987,239.822845,4333.464355,0.069116,0.000000,0.000000
90.290001,16.448072,223.680145,4325.699707,0.070434,0.000000,0.000000
98.279999,15.398413,253.155548,4314.676270,0.071261,0.000000,0.000000
71.559998,12.039241,209.528305,4445.929199,0.073918,-0.004889,0.010966
81.639999,9.210680,166.213165,4448.194336,0.073316,0.001808,0.010966
88.070000,6.991325,162.624741,4360.073242,0.074207,0.000000,0.000000
68.930000,2.911463,100.546722,4375.070801,0.073809,0.000000,0.000000
71.779999,6.121408,113.132622,4228.331055,0.071173,0.000000,0.000000
46.740002,5.668399,132.557724,4218.762695,0.072648,0.000000,0.000000
38.660000,2.710791,88.331306,4095.192871,0.074350,0.000000,0.000000
30.100000,2.827217,67.106422,4031.545410,0.074175,0.000000,0.000000
28.360001,1.848485,5.197844,4003.999268,0.073071,0.000000,0.000000
20.320000,1.483771,13.784781,4041.759277,0.071419,0.000000,0.000000
17.280001,2.674438,-14.854931,3852.719482,0.071198,0.000000,0.000000
23.450001,0.474331,-7.438479,3837.557861,0.073922,0.000000,0.000000
31.200001,2.166568,33.792404,3835.821777,0.070784,0.000000,0.000000
22.730000,1.082286,-9.397244,3756.558350,0.067914,0.000000,0.000000
40.490002,0.887182,42.778923,3743.697998,0.068191,0.000000,0.000000
48.880001,16.872532,101.731438,3753.638428,0.044593,0.000000,0.000000
63.180000,19.062838,91.869080,3742.828613,0.234638,0.192822,0.274156
58.580002,11.145957,131.205017,3641.213867,0.292819,0.779467,2.609962
48.470001,9.210463,146.466354,3905.381104,0.107951,0.091840,0.142561
87.949997,13.775637,181.794434,3774.720459,0.078192,0.112513,0.285122
184.110001,44.529213,414.547333,3868.691895,0.094710,0.000000,0.000000
174.949997,45.611927,419.569153,3994.155518,0.084964,0.000000,0.000000
149.470001,44.819397,421.889648,4084.252197,0.088144,0.000000,0.000000
154.179993,47.402061,441.268127,4137.414063,0.086082,-0.006801,0.175460
176.020004,35.604759,387.635132,4288.014648,0.094220,-0.010892,0.010966
149.210007,33.436501,373.011841,4299.166992,0.085046,0.017435,0.087730
136.250000,47.672970,372.081543,4290.278320,0.084097,0.006092,0.010966
147.139999,44.454357,273.217407,4185.411133,1.529356,-7.123812,34.433956
153.130005,17.181740,227.703735,4531.007324,0.293803,-1.976978,20.320417
104.489998,33.523495,350.815399,4559.347656,0.093742,0.000000,0.000000
109.970001,45.604805,392.563904,4611.276367,0.095668,-0.003866,0.010966
136.250000,25.019754,329.760132,4613.655762,0.056601,0.095084,1.469475
125.519997,24.084911,325.087952,4596.400879,0.095567,-0.156656,0.581210
94.779999,18.603975,278.424530,4595.672363,0.006535,0.029450,1.644934
48.090000,6.212887,148.526978,4471.093750,0.044625,0.056465,0.098696
158.529999,51.675632,514.551514,6583.617188,0.042064,0.000135,0.010966
179.630005,57.792938,514.840088,6792.774414,0.039015,0.000000,0.000000
113.320000,54.748283,593.819824,6731.262695,0.041488,0.007301,0.010966
96.059998,20.727768,249.077026,5851.636230,0.039637,0.000000,0.000000
136.080002,21.085571,228.470505,6136.380859,0.186918,-1.194158,9.979267
66.879997,5.455674,152.413757,6913.999512,0.489182,-2.258543,11.229417
80.669998,11.775100,256.946594,6302.039063,0.085743,-0.299695,2.182279
78.720001,9.258390,223.136414,6019.188965,0.034494,0.031937,2.467401
82.059998,6.254507,178.933716,6117.099609,0.013548,0.062241,0.636041
78.120003,18.943190,283.148865,6000.948730,0.019143,0.028146,0.109662
87.500000,26.581173,241.958588,5479.357422,0.027122,-0.084681,1.206285
70.300003,10.420046,203.517136,5548.282227,0.076085,-0.313942,1.721698
66.320000,9.944019,217.674515,5969.732422,0.041177,-0.150350,1.973921
63.169998,6.348787,107.997398,6457.806641,0.102136,0.214163,0.888264
42.000000,3.232759,59.928463,6465.714844,0.011857,-0.001831,0.581210
56.200001,7.103683,29.864891,6253.011230,0.027263,0.035084,0.120629
84.639999,11.457962,75.937294,6214.243652,0.009797,0.011426,0.043865
93.379997,10.021287,180.540192,5858.358398,0.013368,0.000000,0.000000
111.290001,10.698263,188.724014,5673.058105,0.009734,0.005350,0.010966
124.449997,13.146391,219.660950,5406.504395,0.009640,0.001094,0.054831
105.139999,18.461842,279.037079,5397.154297,0.008019,0.000000,0.000000
83.709999,11.873032,224.867035,5485.456055,0.009853,0.000000,0.000000
132.050003,14.221748,210.293060,5585.830566,0.008670,0.000000,0.000000
80.610001,13.788637,266.588287,5872.673340,0.009277,0.000000,0.000000
118.370003,18.224205,282.793365,5886.265625,0.009006,0.000000,0.000000
88.029999,16.015774,263.347076,6053.351563,0.007916,0.000000,0.000000
95.480003,16.296610,303.563904,6189.429688,0.007975,-0.001373,0.010966
184.119995,10.388140,193.531952,6055.587402,0.006966,0.000000,0.000000
132.940002,23.729561,312.310059,6296.157715,0.194858,0.144604,0.153527
117.089996,25.557650,303.035889,6338.208984,0.150800,0.787350,4.529052
95.889999,32.952003,359.519318,6210.325684,0.146061,-0.026739,0.548311
140.339996,27.106071,359.800812,6143.293457,0.172105,0.040254,0.043865
118.800003,91.753677,625.110718,6154.916016,0.089992,0.002477,0.043865
96.059998,23.368629,357.551300,6523.522949,0.031595,0.021649,0.054831
152.690002,36.331314,353.571198,6274.683594,0.012931,0.045623,0.274156
137.380005,16.796490,313.982208,6591.938477,0.037557,-0.006416,0.285122
124.669998,46.454475,517.598694,6555.993652,0.026511,-0.008552,0.054831
99.370003,30.229929,392.271484,6484.063477,0.021323,0.037317,0.285122
98.610001,27.445944,389.142883,6583.064453,0.009154,0.028092,0.219325
131.729996,21.443504,306.989380,6603.913574,0.021435,0.012227,0.054831
212.240005,23.476219,333.706604,6610.266113,0.014309,0.004026,0.021932
189.889999,24.976751,339.696960,6611.623047,0.024334,0.008472,0.010966
109.550003,21.955652,346.253052,6667.420898,0.014944,0.022704,0.142561
137.470001,17.577293,306.009460,6756.392090,0.018298,0.000000,0.000000
97.400002,19.862581,297.004822,6667.026367,0.017619,0.000000,0.000000
89.769997,13.822430,263.346039,6689.294434,0.015862,0.009749,0.010966
110.629997,10.629681,211.860870,6776.823242,0.018727,0.000000,0.000000
81.190002,5.640319,128.107269,6729.587402,0.021099,0.000000,0.000000
56.340000,7.488939,140.177704,6667.335938,0.022823,0.000000,0.000000
-7.230000,12.218302,-142.648102,6442.992188,0.024957,0.000000,0.000000
-9.370000,15.316049,-218.968582,6224.172852,0.025870,0.000000,0.000000
-14.300000,33.989590,-386.369843,5839.293945,0.038797,0.000000,0.000000
-15.180000,65.687157,-569.505188,5155.426758,0.055448,-0.460326,5.483114
18.709999,196.244736,-900.706848,4512.611328,0.066895,-0.366441,3.871078
-20.850000,229.881470,-903.615051,3621.310547,0.056387,-0.249035,5.384418
-19.879999,257.621155,-845.797974,2948.568848,0.176506,-0.558276,2.577064
-3.160000,270.726135,-777.755310,2388.539307,0.440138,-1.740781,10.363085
-3.350000,239.810989,-570.936768,2024.161377,0.658770,1.136567,4.090403
18.700001,222.315796,-565.680298,1919.983154,0.900043,4.765738,101.788521
-11.640000,300.109375,-700.659851,1856.701416,2.123871,2.514133,67.530029
-0.170000,323.406525,-625.156006,1250.255615,1.157040,6.892131,84.571548
0.000000,301.213562,-497.731720,826.791870,0.922493,0.763942,69.898727
-2.990000,285.835480,-412.858582,598.697998,0.141276,1.965363,36.254349
-9.170000,220.307144,-340.743011,531.235291,1.328447,-3.167052,11.415843
-1.230000,216.994354,-303.221619,431.986023,1.563121,-2.329788,19.322491
16.040001,200.282013,-251.147400,322.389771,4.319990,-0.500813,28.709583
3.170000,146.184753,-187.723328,249.833496,1.412849,1.500887,189.748627
2.820000,123.812729,-165.193512,241.087463,1.211166,-0.992121,65.961861
-3.340000,108.033035,-143.321259,198.021698,2.072967,4.562899,28.523155
11.990000,79.525246,-102.492592,137.624420,2.032588,5.937236,48.975174
8.810000,52.594017,-66.079414,89.136116,1.765447,2.036186,62.145607
22.719999,35.845402,-45.767254,65.042595,2.452114,6.288499,22.042116
21.150000,82.910858,-34.148834,51.363323,0.410031,1.539052,58.822838
27.459999,65.637199,7.293899,44.447289,1.987766,3.274198,10.922362
12.870000,10.722311,-6.521574,6.632667,1.396573,3.863053,16.997652
14.280000,1.401879,-0.815319,1.428436,1.241233,2.761945,8.389164
14.640000,0.940207,-0.524732,3.092135,1.501088,2.025544,5.636641
18.340000,0.592253,0.410715,1.677492,1.759477,1.507084,1.590103
19.910000,14.225191,-0.049028,1.444471,1.581274,1.894302,2.609962
16.400000,14.218264,0.446584,0.137102,1.400374,1.862272,5.230890
19.219999,15.066119,3.023732,1.061238,1.507052,1.400764,2.324840
17.620001,12.476549,2.472189,1.332421,1.395128,1.822461,4.945768
16.920000,18.904131,5.937921,2.358275,1.379739,2.799656,10.801734
41.900002,45.094212,23.121120,14.196146,1.151415,4.319883,19.508919
49.230000,93.998238,38.892582,20.631617,1.531574,4.039553,40.662773
95.599998,251.684601,63.225464,16.521133,1.857422,2.018750,3.125375
125.500000,316.010071,95.332695,34.631783,2.915313,2.711090,4.704512
46.070000,68.241234,36.502197,25.738028,1.936338,2.208606,101.514366
43.520000,77.558769,45.879093,28.115358,0.226964,1.609193,44.544815
111.190002,398.684662,211.672668,115.284393,2.848436,1.976213,2.906050
57.990002,39.794758,23.939220,22.474529,1.636825,1.729360,58.142937
177.000000,333.631836,130.827545,53.562702,1.657087,1.378788,5.154127
104.989998,656.386230,188.464920,56.820610,1.911336,1.998040,13.444594
117.199997,67.444016,58.480225,52.834312,1.677567,0.025004,15.012765
80.959999,240.392273,176.068787,129.996002,2.288984,0.230723,0.274156
100.379997,219.435654,149.436218,138.189377,1.688555,-0.254479,11.942222
145.910004,251.038849,225.302582,210.205276,1.764535,0.149508,0.142561
113.070000,201.355225,207.656586,216.962616,1.586470,-0.065959,6.415244
110.290001,224.627457,206.426559,205.457367,1.614982,-0.103869,3.256970
167.649994,231.678238,221.159073,242.445297,1.629935,0.000000,0.000000
147.410004,234.790451,297.223511,390.875549,1.664706,0.024219,0.010966
113.769997,83.928177,328.846100,2294.631104,0.872297,0.026412,0.175460
103.860001,57.893642,348.905945,2514.042480,1.014478,0.137181,0.438649
98.379997,60.949619,327.008514,2401.420410,0.881000,0.001998,0.010966
130.339996,56.786659,328.729187,2404.277344,0.852370,0.088940,0.197392
182.279999,91.738731,442.782318,2479.355469,0.880403,0.000000,0.000000
92.690002,58.712994,326.779175,2563.033936,0.837353,0.070405,0.537345
140.429993,48.614704,305.981445,2666.615723,0.815258,-0.000229,0.109662
109.589996,237.076996,298.678345,398.101807,1.256067,0.000000,0.000000
146.089996,235.770386,312.317810,436.222412,1.256192,-0.027867,0.010966
123.180000,218.989792,313.116516,478.142975,1.222339,0.046901,0.098696
130.770004,208.545212,309.397308,505.350525,1.237014,0.000000,0.000000
96.989998,198.443909,314.685333,540.529663,1.221402,0.075550,0.098696
114.959999,196.137238,326.823090,594.872559,1.200807,0.000000,0.000000
155.470001,196.808472,326.201599,596.031067,1.114320,0.220378,0.175460
119.699997,205.222580,341.441101,613.369202,1.036963,0.000000,0.000000
146.440002,203.388870,350.212219,656.738037,1.127100,0.057997,0.010966
129.289993,199.916382,351.393921,690.292419,1.086160,0.108721,0.043865
165.169998,200.554123,371.240051,755.333740,1.075131,0.000000,0.000000
160.190002,192.105453,353.449707,741.489624,1.082647,0.177758,0.043865
124.669998,192.165359,364.219391,769.379822,1.084492,0.000000,0.000000
130.750000,178.458923,355.870728,804.056763,1.073928,0.000000,0.000000
115.720001,177.726059,358.010498,827.814392,1.085499,0.000000,0.000000
139.389999,176.687302,372.077515,893.989868,1.085618,0.028562,0.010966
154.259995,187.901123,389.211334,889.376465,1.026869,0.274974,0.438649
133.649994,172.506439,370.667725,907.044067,0.946499,0.198083,0.372852
172.339996,172.827057,379.596375,969.177490,1.012449,0.000000,0.000000
137.300003,180.585968,387.169983,948.650757,0.985346,0.045191,0.274156
109.800003,172.188538,383.513092,974.569031,0.963779,0.023512,0.043865
117.779999,177.640289,397.683716,1027.591553,0.958883,0.024090,0.098696
100.339996,161.964447,381.250183,1026.974365,0.979593,0.171274,0.109662
140.600006,161.954834,386.883240,1054.621216,0.864679,0.216266,0.285122
146.169998,168.426208,399.730713,1063.862793,0.852669,0.000000,0.000000
116.169998,173.436462,408.957977,1102.196289,0.916321,0.000000,0.000000
140.949997,164.743317,391.230743,1124.751831,0.910685,0.025734,0.021932
144.869995,162.760574,401.851135,1151.874146,0.884007,0.000000,0.000000
129.720001,161.801285,400.869659,1149.444824,0.890504,0.000000,0.000000
171.779999,167.270203,412.356293,1164.668701,0.867063,0.087695,0.010966
144.259995,165.309662,418.338440,1207.833618,0.815043,0.114126,0.175460
129.479996,164.181564,416.689392,1204.785889,0.844244,0.043114,0.098696
118.500000,165.851471,428.457092,1253.759277,0.840494,0.026481,0.043865
108.410004,154.778854,406.422729,1246.624756,0.783487,0.000000,0.000000
121.860001,157.283905,412.103516,1262.495117,0.817328,-0.014714,0.010966
143.130005,167.561462,426.408234,1264.098999,0.815460,0.057075,0.142561
163.970001,158.080292,420.168121,1290.639648,0.809166,0.000000,0.000000
154.940002,157.878296,422.938843,1296.083252,0.821526,0.023957,0.043865
170.539993,163.573105,430.001831,1292.283447,0.812355,0.178725,0.043865
130.080002,166.977341,431.397980,1283.768433,0.820086,0.012244,0.010966
106.669998,166.158646,431.438141,1292.653198,0.800593,0.060558,0.054831
173.070007,161.952286,434.183167,1366.690674,0.815056,0.000000,0.000000
128.339996,153.809875,424.091949,1362.245361,0.628850,1.638976,4.836106
107.970001,182.494308,482.913086,1387.818359,0.312386,0.181234,0.153527
181.350006,158.280304,426.160706,1364.763062,0.230468,-0.069534,0.098696
123.769997,163.072601,437.564941,1341.499756,0.312464,0.272987,1.425610
121.040001,172.936066,465.726868,1416.255615,0.202363,0.180387,1.337880
176.580002,170.067749,457.988464,1397.128174,0.232505,0.084491,0.372852
149.630005,154.826111,435.606201,1439.210693,0.265380,0.000000,0.000000
130.460007,164.555923,446.670898,1419.009277,0.289413,0.012061,0.010966
181.050003,168.545532,467.209839,1463.860718,0.281624,0.000000,0.000000
153.720001,163.568268,456.573975,1452.252441,0.282165,0.012927,0.010966
151.889999,164.741409,457.411621,1442.634277,0.260744,-0.078159,0.065797
164.259995,168.507538,461.905212,1424.009521,0.277762,0.014341,0.010966
116.900002,166.933960,465.681366,1503.145996,0.254686,0.079492,0.054831
156.669998,172.737091,465.952881,1438.867188,0.272644,0.012942,0.010966
123.839996,159.004471,451.678436,1495.917969,0.260495,0.010023,0.010966
131.570007,160.964111,457.416168,1524.020508,0.271763,0.015845,0.010966
174.169998,135.464767,402.065582,1441.666260,0.257257,0.000706,0.021932
140.520004,142.724854,420.119202,1463.696899,0.250449,0.138577,0.098696
159.070007,130.927490,393.216309,1428.079712,0.248125,0.030755,0.043865
104.839996,125.822601,371.589722,1377.488647,0.235393,0.009713,0.010966
97.220001,110.793152,340.823303,1324.197998,0.215715,0.084973,0.043865
87.150002,94.583961,300.281006,1281.388062,0.314393,0.000000,0.000000
85.860001,81.696396,261.217712,1233.739624,0.238079,0.000000,0.000000
53.500000,65.305817,211.918976,1164.287109,0.211375,0.000000,0.000000
14.980000,46.164341,104.820129,1028.566162,0.255194,0.048283,0.010966
-19.400000,57.881493,-34.636063,777.568359,0.217852,0.082881,0.109662
-6.340000,103.196861,-83.577454,524.122009,0.186340,0.038201,0.010966
-5.640000,133.190643,-67.765610,418.928802,0.276188,0.129057,0.328987
3.000000,106.081329,-21.120823,234.753098,0.850131,1.913924,6.546838
2.110000,98.706749,-6.895375,204.463562,1.462875,5.133331,40.432476
11.990000,92.989403,-6.033773,143.311951,0.783477,1.741536,43.755245
3.170000,84.804077,4.900740,123.186897,0.123682,2.365152,86.709961
4.580000,79.574203,2.178722,115.196556,0.960779,0.845308,88.135559
40.970001,72.651093,-1.010017,85.180435,6.014721,-7.357010,33.019310
13.220000,52.797462,22.039713,42.233177,1.467812,1.209112,112.096764
17.980000,51.051659,16.479366,33.744640,1.719476,2.000371,60.423912
27.650000,50.940914,15.408155,23.234610,2.749883,2.526738,4.452288
9.870000,49.877548,15.037577,23.781847,2.135134,5.304826,50.729767
29.750000,48.419773,6.007690,4.598553,2.057377,1.903016,6.634568
36.090000,46.857544,2.645742,1.547846,3.423825,2.983327,5.548911
27.270000,45.468727,0.931621,1.193272,2.907823,3.077034,12.040917
35.740002,45.015148,0.915377,0.237553,2.989567,3.274586,9.858638
19.020000,45.903461,-2.999469,2.007161,2.943782,3.474433,15.122427
17.980000,45.917126,-5.599669,0.946897,2.265264,4.985958,22.305304
28.900000,45.874287,-2.556268,0.583988,2.125073,2.897860,7.994380
19.730000,45.613499,-0.963067,0.030267,3.223968,0.999736,1.272082
27.850000,46.222416,-0.364840,0.004338,2.477917,2.302891,4.825140
20.959999,46.304680,0.315122,0.004045,2.452738,0.791385,0.504447
15.340000,46.278160,-0.405482,0.011015,2.858811,1.766062,2.006820
28.020000,45.664097,0.343552,0.002827,2.395631,0.778037,0.844400
15.490000,45.834282,-0.245761,0.002973,2.767877,0.595727,0.263189
29.410000,45.958759,0.232355,0.001218,2.843697,0.153043,0.043865
25.030001,46.114994,0.345342,0.002827,2.839583,0.344156,0.142561
16.209999,46.274223,0.325298,0.002388,2.905065,0.222908,0.054831
25.700001,46.122276,0.220851,0.002437,2.876785,0.425842,0.197392
17.440001,46.062637,-0.324019,0.004776,2.957280,0.311037,0.175460
22.370001,45.951054,0.345316,0.002827,2.950189,0.376456,0.142561
30.809999,46.216034,-0.071006,0.000634,2.975041,0.458818,0.219325
19.730000,46.103905,0.232355,0.001218,3.074594,0.166657,0.043865
20.080000,45.825363,0.127210,0.000634,3.061295,0.311648,0.087730
17.959999,46.141216,0.046769,0.002388,3.151407,0.172393,0.043865
18.330000,46.441612,-0.314091,0.002973,3.120268,0.307134,0.109662
33.110001,46.060368,0.581881,0.013549,3.248648,0.178241,0.043865
19.709999,46.106216,0.015093,0.017643,3.185854,0.405238,0.142561
18.490000,45.767181,-0.203466,0.003217,3.196985,0.406381,0.142561
64.160004,147.412659,10.441372,1.022783,3.218246,0.553985,0.318021
97.930000,311.681519,72.454559,19.929142,3.061136,1.466991,2.862185
100.150002,293.339172,46.218811,14.667158,2.233439,2.658707,12.227344
67.970001,188.905548,63.305176,29.092667,2.554920,0.913979,1.063724
110.419998,318.066864,125.739540,59.247894,2.330094,2.611770,6.294614
108.459999,298.791656,120.474503,62.465088,1.891561,3.484920,8.411097
55.220001,182.814041,95.769913,75.186157,1.143819,3.492084,16.569969
94.949997,255.732391,139.482071,92.706085,1.499382,1.687672,5.285722
43.520000,73.369400,40.286636,45.487473,2.065092,1.302405,1.633968
74.540001,231.495911,152.308212,122.516975,1.930847,1.603406,5.801134
104.000000,173.551422,68.993820,42.174839,2.185912,-0.577758,17.743355
93.790001,235.284454,96.588577,52.016666,3.415074,-1.339672,10.812699
62.830002,253.209015,80.175934,45.070320,2.917936,0.078340,22.513662
175.539993,302.213318,86.637970,43.919792,1.915866,0.989002,13.378796
13.910000,60.706036,40.597740,111.094940,1.306345,0.876301,12.117681
133.729996,565.099609,167.142441,83.047935,1.942446,1.234563,5.121228
56.480000,202.206787,101.753189,147.248886,1.887306,0.696183,12.676957
47.299999,112.165955,79.629532,67.096695,1.883340,-0.093067,9.222597
109.980003,403.105469,157.215927,66.591080,1.961672,0.553601,0.274156
17.600000,60.037712,19.768147,9.187651,1.472313,0.156495,1.283049
54.270000,182.524628,105.608704,63.011795,1.547386,1.899944,5.483114
51.490002,145.339478,37.036015,13.319578,1.997349,-0.063190,0.219325
31.840000,117.646027,51.023537,24.051958,1.527242,1.503250,3.344699
81.360001,221.692001,77.534271,32.065102,1.492594,1.025183,1.623002
21.139999,64.697319,23.701239,31.219387,1.022057,1.446309,10.571444
13.560000,46.251881,12.384926,9.758041,0.993439,0.284185,0.493480
16.200001,46.877098,14.832436,19.161654,0.967319,0.625784,1.239184
9.160000,46.508385,11.726456,5.978592,1.105603,0.453613,0.493480
8.630000,45.062050,4.381500,0.584524,1.023363,0.450288,0.888264
28.870001,68.311752,12.881306,6.315231,1.093222,0.172304,0.098696
20.440001,87.610275,6.849804,1.759763,1.046433,0.265288,0.274156
25.350000,74.553566,11.724658,14.907538,1.137741,0.000000,0.000000
22.190001,82.057098,18.463331,23.983963,0.987585,0.423451,0.219325
25.350000,81.738892,23.734970,35.841431,0.766289,0.636862,0.932129
45.860001,103.150909,34.452240,62.673500,0.739554,0.627836,0.986960
22.180000,81.675781,22.956959,47.278088,0.299536,0.886813,7.698292
28.709999,75.818527,23.702278,69.763870,0.445981,-0.075469,2.851219
22.719999,69.824196,19.941978,76.424850,0.256817,0.581650,6.163019
25.889999,65.261559,16.636858,91.889725,0.484782,-1.541940,13.444594
23.430000,63.902618,17.037046,95.054970,0.214007,0.139105,1.436576
57.810001,95.363823,51.396255,115.820160,0.277120,0.007443,0.274156
48.849998,59.014484,94.933556,154.854767,0.233316,0.126497,1.096623
19.370001,9.887968,38.703922,180.116791,0.339343,-0.575087,4.386491
8.640000,0.612910,6.484869,146.913376,0.295800,-0.069026,0.274156
10.580000,1.852527,13.602004,127.544823,0.304462,0.106871,0.043865
25.190001,6.273798,30.282784,150.979752,0.261178,0.098170,0.043865
23.620001,20.122917,58.424782,208.155472,0.244657,0.185030,0.175460
15.870000,3.643742,19.598351,121.369278,0.294298,-0.014994,0.010966
16.740000,2.111970,16.886282,143.031281,0.303233,-0.020193,0.010966
17.980000,5.597197,28.518032,152.759277,0.295653,0.000000,0.000000
15.340000,7.161542,29.674767,150.748383,0.294249,0.000000,0.000000
11.640000,1.922601,13.194689,112.719116,0.296569,0.000000,0.000000
19.740000,9.516093,32.809689,128.836975,0.300199,0.000000,0.000000
26.420000,6.987446,25.312943,115.962883,0.306630,0.000000,0.000000
13.920000,7.649952,28.047459,110.756653,0.309602,0.000000,0.000000
11.280000,2.582054,14.230970,98.917664,0.312482,0.000000,0.000000
10.040000,1.897705,11.101624,78.139481,0.314269,0.000000,0.000000
7.930000,0.076617,0.057686,61.274940,0.309515,0.000000,0.000000
7.230000,0.347401,-3.083216,44.045876,0.312721,0.000000,0.000000
7.940000,22.954071,-18.142527,14.471861,0.314884,0.000000,0.000000
10.580000,37.507324,-16.063633,9.428178,0.318406,0.000000,0.000000
7.580000,2.482124,-1.809296,1.531470,0.299674,0.000000,0.000000
6.870000,0.675051,0.502532,1.454414,0.258323,0.121532,0.087730
9.700000,8.119838,1.716874,0.645545,0.224021,0.018298,0.010966
13.580000,26.004509,1.104977,0.118630,0.271596,0.096426,0.043865
7.410000,2.281056,0.356369,0.092068,0.266843,0.000000,0.000000
8.120000,1.172139,0.191262,0.072231,0.270302,0.000000,0.000000
10.230000,12.995937,0.854197,0.078469,0.266717,0.000000,0.000000
12.700000,15.726763,2.585116,0.502887,0.267969,0.000000,0.000000
12.000000,12.993559,3.997426,1.246495,0.264740,0.000000,0.000000
7.230000,4.406278,1.965967,0.955183,0.272000,0.000000,0.000000
8.640000,0.240092,0.174405,0.150018,0.272745,0.000000,0.000000
6.340000,0.274321,-0.309447,0.559229,0.272217,0.000000,0.000000
9.700000,9.301302,4.538529,3.662135,0.278459,0.000000,0.000000
9.700000,10.473356,-0.601678,0.074229,0.279878,0.000000,0.000000
10.770000,13.516715,3.690068,1.088581,0.275646,0.000000,0.000000
8.990000,9.220942,1.781548,0.374509,0.278107,0.000000,0.000000
10.940000,9.118370,1.788630,0.381527,0.279664,0.000000,0.000000
9.530000,9.780446,2.548394,0.734883,0.279394,0.000000,0.000000
12.340000,8.737062,3.222442,1.202922,0.281675,0.000000,0.000000
10.410000,8.598280,2.855522,1.002606,0.282614,0.000000,0.000000
11.280000,10.488644,2.975266,0.969609,0.551840,0.000000,0.000000
41.020000,25.320641,8.089840,2.708658,3.542434,4.210993,5.680506
21.150000,23.708315,10.641514,6.144402,1.350000,4.549498,70.589600
58.580002,86.098221,19.935436,6.445656,2.348449,3.607913,6.766162
24.860001,39.997967,18.706495,12.167734,1.583027,5.419506,68.670517
81.690002,146.102554,28.157835,11.605873,2.710367,-5.082641,11.503572
27.650000,55.094147,33.609280,30.193974,0.381754,2.145106,74.416817
158.720001,416.246674,85.690376,21.417824,2.320938,1.950513,5.494081
54.930000,230.771912,70.917015,53.470840,1.978452,7.762526,31.341476
116.349998,252.346069,52.145172,22.357651,0.668791,2.904688,34.061100
121.690002,329.647980,107.998520,59.352776,2.784364,4.618247,11.668066
25.360001,62.861168,47.413071,48.511765,0.375073,2.368485,92.006645
111.050003,305.496094,107.570099,44.820045,1.026730,1.399829,20.759068
86.320000,200.525513,128.950134,91.783661,1.398549,6.376803,37.043915
46.770000,113.150887,39.000423,20.424185,0.345588,1.395406,89.714699
137.300003,351.106720,178.232620,123.912811,1.194375,1.013187,2.138414
65.820000,187.268280,152.571869,136.405212,0.612057,3.248794,49.194496
231.630005,465.458069,195.165527,95.363770,0.955734,2.918653,10.242456
148.440002,230.120972,252.149109,301.572266,0.402853,1.378162,24.432756
50.689999,195.226013,197.788269,211.266602,0.591875,0.815353,10.757869
123.260002,320.924561,270.198273,235.781006,0.761492,0.984249,1.633968
77.820000,270.984924,155.686188,131.334946,0.546553,0.866133,4.178133
87.330002,210.902985,238.966522,347.431976,0.739092,1.313741,2.873152
85.000000,237.059158,256.023804,277.282654,0.511674,1.850952,8.125975
110.290001,155.651978,213.802856,296.635681,0.225231,0.812571,12.676957
130.240005,238.100708,313.667389,415.832520,0.760125,0.596626,0.712805
158.529999,200.346268,295.621918,457.228638,0.749122,1.944862,6.590703
111.709999,137.410889,252.160751,468.041870,0.332390,1.422580,16.953787
129.289993,189.628510,330.358154,590.925049,0.816856,0.855587,1.195319
131.889999,150.395309,310.218140,650.468384,0.570442,1.831467,9.869605
147.210007,121.103600,283.222351,701.466919,0.268913,0.877282,11.328113
122.260002,153.575012,342.031067,796.856445,0.317356,0.823193,5.318621
162.259995,143.286041,358.033081,925.077148,0.251089,0.364625,3.180206
120.690002,149.305466,391.530640,1053.159424,0.569974,0.000000,0.000000
123.470001,133.584991,379.679321,1099.408569,0.274539,0.457029,2.511266
175.389999,119.414368,386.873413,1278.994385,0.373376,0.262739,0.394784
169.589996,118.860718,386.751709,1294.815308,0.285307,0.131138,0.175460
127.900002,109.233734,393.580933,1428.762695,0.376522,0.000000,0.000000
181.460007,96.768204,381.897461,1520.325928,0.239033,0.209815,0.712805
172.029999,97.692932,386.141724,1639.065186,0.229075,0.214195,0.537345
146.529999,106.705124,346.409302,1711.145752,0.735745,0.871781,1.151454
98.040001,66.047173,255.728241,1711.753418,0.514460,1.553059,14.541218
99.889999,111.084213,389.412750,1755.133423,0.259868,0.362827,0.701839
137.470001,74.383469,375.242004,1960.841309,0.270349,0.216281,2.324840
144.960007,75.253975,386.775482,2001.307617,0.151225,0.003392,0.043865
133.740005,63.531731,366.421875,2118.540527,0.097593,0.007421,0.021932
144.779999,56.519382,353.865997,2233.961914,0.093768,0.000000,0.000000
163.880005,53.796047,353.087891,2338.811035,0.129144,-0.000237,0.010966
117.150002,59.071976,368.899994,2342.282227,0.141071,0.000000,0.000000
125.000000,50.992390,350.876099,2424.529297,0.090096,0.003460,0.010966
122.930000,50.866829,355.875610,2491.842529,0.062974,0.000000,0.000000
147.559998,47.248028,349.658691,2596.256348,0.056245,0.000000,0.000000
127.360001,43.249775,339.692169,2718.886475,0.054536,-0.004993,0.021932
125.790001,43.869942,345.915710,2766.614746,0.054309,0.000000,0.000000
131.539993,37.999809,325.869446,2853.988770,0.052961,-0.002242,0.010966
105.889999,38.107426,328.247864,2844.781006,0.055046,0.000000,0.000000
96.120003,33.019939,303.920166,2910.105469,0.054845,0.000000,0.000000
121.410004,40.234447,340.297272,2956.472900,0.053892,0.000000,0.000000
95.480003,28.365475,291.857056,3067.658447,0.054614,0.000000,0.000000
85.459999,23.075218,264.288696,3076.049316,0.053641,0.000000,0.000000
106.889999,21.163677,250.968719,3130.679199,0.053960,-0.000258,0.010966
81.660004,15.312498,217.713287,3126.314209,0.056046,-0.001209,0.010966
50.369999,9.747365,170.471863,3099.680664,0.057571,0.000000,0.000000
43.400002,2.938632,89.093330,3108.107910,0.058654,0.000000,0.000000
13.910000,1.116671,-51.302567,2942.478516,0.061712,0.000000,0.000000
-0.170000,3.593303,-96.764816,2630.788818,0.069314,0.000000,0.000000
-3.710000,5.759914,-118.762100,2719.960449,0.068894,0.000000,0.000000
-7.940000,35.866665,-292.865784,2441.454102,0.073514,0.000000,0.000000
-10.240000,96.778305,-442.260040,2030.480225,0.103457,-0.182149,1.326914
-13.410000,115.469185,-441.850769,1691.625000,0.077484,0.026647,0.021932
-3.700000,163.883514,-467.417725,1342.693726,0.105332,-0.097709,0.405750
0.520000,202.801697,-431.296783,920.372559,0.038256,0.134906,4.386491
-7.060000,239.431274,-412.669037,718.085938,0.357424,0.085908,0.054831
-3.880000,232.469604,-386.512268,652.901978,0.859248,1.165440,2.960881
1.230000,200.402100,-302.814270,460.844543,1.800687,5.075469,26.735659
-9.700000,194.314911,-266.191650,366.563171,0.581947,0.750517,74.296188
-4.410000,144.523315,-197.714874,274.141510,2.419565,4.633524,19.761141
-2.470000,112.073959,-160.362122,240.142319,0.510041,1.264079,97.928406
-6.000000,101.827057,-128.435364,164.765656,1.765994,-3.490369,34.412018
0.350000,59.740181,-81.417000,115.878708,0.502994,6.319942,155.720413
10.050000,42.059547,-53.260384,70.544762,0.115372,0.951958,102.018814
11.110000,26.048615,-34.909672,48.131115,1.907600,4.178197,35.113857
10.580000,13.176683,-16.298061,21.986118,0.295856,2.636277,66.082481
14.980000,5.849494,-7.174794,14.211305,1.205884,2.625180,17.480165
11.280000,1.824540,-1.017396,1.891698,1.265624,5.173006,27.777454
21.850000,0.269665,0.134658,0.323967,1.653567,2.075420,14.530251
11.470000,0.827618,0.190972,0.158596,1.575280,3.925083,16.251949
19.219999,1.696291,-0.407476,1.319115,1.195197,2.096765,14.409623
12.340000,1.711364,-0.616226,0.847031,1.183666,2.228005,11.251348
13.910000,1.616634,-0.505830,1.109977,1.563036,1.683018,4.013639
16.570000,1.527984,-0.540106,1.614180,1.188781,1.920235,8.213704
17.459999,1.878966,-1.073071,2.019346,1.508178,1.166031,1.162420
26.440001,25.093845,1.911067,2.399849,1.270207,0.965136,1.425610
21.150000,16.608912,3.761354,10.773512,1.429571,0.890767,1.239184
12.690000,10.615047,1.945003,0.536127,1.084272,0.870781,2.675760
18.520000,7.556352,6.683478,6.483331,1.443788,0.000000,0.000000
20.629999,6.223516,3.408787,2.546748,1.301084,0.295958,0.438649
16.219999,6.564239,5.488609,5.523031,1.294980,0.372116,0.219325
19.219999,7.236415,3.639429,3.635962,1.229790,0.369772,0.274156
14.810000,7.531519,4.635085,3.886772,1.211007,0.363860,0.274156
13.580000,8.011636,4.147534,3.012935,1.124581,0.531812,0.548311
18.150000,7.206409,3.984651,2.727910,1.054774,0.394124,0.372852
12.690000,7.794656,4.114026,2.758372,1.107205,0.344091,0.274156
19.059999,7.486310,4.323210,2.683850,1.024523,0.249962,0.197392
14.460000,8.197693,3.680565,1.918066,1.057377,0.266834,0.175460
12.530000,9.366973,3.549666,1.418201,1.054834,0.321743,0.274156
17.100000,10.021235,2.323427,0.763249,1.005443,0.247710,0.175460
11.280000,11.009373,2.625536,0.834652,1.021762,0.194975,0.098696
16.219999,12.014076,2.427593,0.556987,1.011407,0.128720,0.043865
16.049999,12.480975,1.179589,0.193201,1.033208,0.132659,0.043865
11.470000,13.433919,0.687880,0.045571,1.013324,0.150533,0.054831
17.090000,14.902505,1.262432,0.182381,1.047062,0.067430,0.010966
13.750000,14.875589,0.653365,0.046643,1.072812,0.019786,0.010966
14.810000,14.903390,0.927053,0.074034,1.080221,0.000000,0.000000
20.280001,14.751316,0.435693,0.018862,1.087642,0.000000,0.000000
13.580000,15.113196,0.114597,0.001657,1.105069,0.000000,0.000000
13.390000,15.612098,0.062510,0.001218,1.115510,0.000000,0.000000
13.060000,15.092093,0.314722,0.014914,1.129713,0.000000,0.000000
14.110000,14.318033,0.895206,0.080419,1.137168,0.000000,0.000000
19.040001,14.395413,1.490774,0.299549,1.148437,0.000000,0.000000
14.810000,13.977810,1.951880,0.285317,1.164147,0.000000,0.000000
12.170000,13.833911,0.996781,0.110247,1.139630,0.070625,0.010966
16.580000,12.623188,1.987570,0.373826,1.162171,0.000000,0.000000
12.340000,14.500672,1.738094,0.294918,1.119455,0.068172,0.010966
17.629999,14.680479,0.587719,0.059900,1.149616,0.140990,0.043865
34.500000,25.486423,1.407240,0.089387,1.627632,0.271249,0.098696
37.099998,76.236496,15.521200,3.945405,3.869670,7.307704,18.653553
84.989998,201.455978,28.355370,6.032205,1.707986,1.910053,28.830214
63.810001,199.011749,46.027115,12.035653,3.450484,5.884057,10.812700
123.160004,371.774414,87.201279,27.151649,4.196994,2.982236,5.351519
73.709999,199.525711,37.792557,18.152710,3.067354,2.318455,37.394836
107.870003,209.945221,79.164337,45.179588,6.101251,2.574049,4.046538
77.750000,139.606384,27.995831,11.004875,2.181149,2.626072,118.698441
112.550003,313.214447,68.155243,22.152071,4.414499,3.194753,3.980740
38.130001,155.171875,25.324812,7.255062,2.670758,1.778638,135.663208
127.690002,398.469788,86.983765,33.343472,3.139557,1.179054,14.859239
83.040001,129.140564,42.730415,19.228231,4.855222,7.316282,36.287243
92.220001,247.279343,43.375324,8.328581,2.194489,5.903292,21.285448
72.879997,112.417450,56.339573,46.091827,4.843675,5.546748,20.528778
76.690002,251.502060,104.802597,62.865292,0.924759,3.273903,45.235687
111.739998,174.262512,139.425964,140.799820,4.358417,3.855212,23.248402
29.889999,66.224800,77.327782,91.322693,0.349720,1.459431,126.089676
118.559998,243.602356,113.960686,97.214447,3.395029,-1.198546,28.062572
65.230003,303.999847,119.772812,102.862434,0.798028,5.115326,40.289917
188.690002,440.672974,266.790405,196.980820,2.268850,0.124680,0.296088
94.550003,206.398987,173.046310,174.747208,1.320501,1.908258,9.792841
132.690002,199.853668,232.923889,320.505432,1.508820,0.788069,0.800535
117.750000,146.575119,223.875900,360.956299,1.223783,1.994293,9.134868
111.779999,284.107605,266.201843,429.349335,0.702158,0.667633,13.313000
111.570000,182.815842,261.759583,429.284943,1.064369,-0.185058,5.230890
125.989998,246.036102,277.253937,358.335266,1.223168,0.127678,0.361885
131.830002,203.018494,296.763489,445.400146,1.237248,-0.337382,2.204212
142.690002,197.772675,314.967590,521.962646,1.249011,0.050548,0.394784
167.089996,192.842041,324.490448,564.693848,1.219963,0.168267,0.581210
169.770004,172.610657,324.223022,614.808960,1.255955,0.000000,0.000000
177.860001,190.735748,346.887634,633.002563,1.258040,0.000000,0.000000
141.130005,175.947235,334.697968,640.956055,1.266220,0.000000,0.000000
133.740005,162.340500,348.958649,752.339661,1.204736,0.169399,0.043865
128.339996,162.484726,364.879578,822.243835,1.131491,0.336360,0.175460
156.380005,154.887665,372.083862,899.192017,1.078914,0.513710,0.394784
141.729996,151.056000,384.158691,978.636719,1.094036,0.375286,0.186426
181.000000,137.833710,387.817932,1093.963013,1.133702,0.380736,0.175460
164.559998,126.437721,380.744202,1156.066284,0.614410,1.620527,6.897757
154.509995,122.989143,393.094727,1265.214844,0.258240,0.792218,9.047138
178.570007,139.208740,443.152222,1413.011719,0.509471,0.536931,0.975994
127.139999,124.611977,429.894623,1488.633789,0.367421,0.965115,4.561951
182.729996,115.516846,428.508301,1601.400635,0.162437,0.246575,6.897757
154.470001,131.930969,482.200562,1766.893677,0.387084,0.150431,0.098696
169.559998,122.395210,472.760071,1845.575806,0.205661,0.327831,2.467401
173.850006,133.425369,507.292114,1934.026733,0.255051,0.162627,0.274156
194.100006,110.322449,471.469482,2029.682007,0.235389,0.199038,0.537345
183.199997,109.193146,488.972656,2195.686279,0.297997,0.000000,0.000000
184.990005,99.291153,481.964172,2351.375244,0.194107,0.182274,1.326914
184.179993,102.384140,500.472931,2482.891602,0.200800,0.102069,0.109662
175.500000,89.152473,446.665588,2598.453369,0.227894,0.243464,0.274156
149.639999,77.390869,357.040955,2657.357910,0.105687,0.726761,7.424136
207.279999,81.212181,405.625061,2729.140381,0.035066,0.116678,1.513340
171.470001,67.544403,432.370056,2831.661377,0.142485,-0.057505,0.274156
168.100006,67.345398,392.119568,2935.607422,0.129792,-0.159644,0.888264
146.509995,72.493271,412.174255,2993.733887,0.117517,-0.040984,0.285122
136.699997,61.822495,382.553772,3063.277344,0.084938,-0.053781,0.175460
152.500000,41.941097,362.785950,3270.372803,0.076846,0.000000,0.000000
161.460007,75.762161,487.178711,3160.314209,0.075633,0.035224,0.021932
155.380005,46.048363,392.683167,3369.654053,0.081062,-0.018498,0.109662
145.559998,53.985100,429.441132,3436.362549,0.084077,0.000000,0.000000
133.649994,50.141747,410.870789,3465.558105,0.087637,0.000000,0.000000
124.169998,46.604958,402.204956,3525.427246,0.080948,0.000000,0.000000
144.169998,34.365044,346.486877,3569.783203,0.077294,0.000000,0.000000
129.100006,31.799387,331.233551,3554.648926,0.082733,-0.079224,0.438649
115.410004,23.306149,296.834778,3815.772461,0.076387,-0.011757,0.537345
71.699997,20.508085,259.831451,3752.513672,0.067355,0.005862,0.032899
90.000000,14.492445,219.430298,3640.275146,0.085148,-0.029687,0.054831
70.860001,10.330917,173.392746,3579.889893,0.074421,0.000000,0.000000
22.540001,2.951422,79.976700,3529.869385,0.076438,0.000000,0.000000
-2.290000,5.432759,-121.333038,3127.004639,0.064214,0.090892,0.142561
-5.110000,38.365829,-324.832550,2771.758789,0.028010,0.003352,0.043865
10.410000,235.816284,-686.907837,2008.838135,0.034990,0.187062,6.590703
-4.940000,247.513733,-541.001160,1195.368408,0.080922,-0.132904,0.822467
29.240000,1.961736,0.740120,0.787375,2.581190,2.360341,3.432429
23.059999,3.103845,0.470659,0.512488,3.423748,1.439813,2.982814
28.549999,3.337119,0.178572,0.170829,3.023351,2.047370,2.237111
23.940001,3.501512,0.102274,0.250420,3.205329,1.007522,2.149381
22.530001,3.176802,-0.097476,0.135201,3.032432,1.980559,2.324840
30.139999,3.799447,0.390756,0.461166,2.742797,1.440667,3.596922
19.740000,3.972676,-0.332397,0.502448,2.730675,2.464534,3.322767
28.530001,4.039051,-0.318344,0.237602,2.244097,1.912012,2.598996
20.440001,3.646199,0.049266,0.003412,2.719027,1.084574,1.853292
20.090000,3.970437,0.037591,0.004045,2.794769,1.090245,1.853292
29.770000,4.070136,-0.007073,0.002291,2.834410,1.109580,1.853292
19.900000,3.925998,0.041494,0.000877,2.849233,1.183845,2.149381
27.459999,4.037518,0.043889,0.002778,2.850827,1.248392,2.467401
26.580000,4.106189,0.036304,0.001218,2.857163,1.259370,2.467401
18.330000,4.018124,0.021783,0.000439,2.734646,1.198989,2.807354
23.260000,3.777747,0.041827,0.000877,2.746979,0.831707,1.326914
17.959999,3.542718,0.052948,0.001072,2.808705,0.557048,0.537345
23.430000,3.822829,0.000000,0.000000,2.865545,0.415363,0.274156
29.240000,3.789920,0.000000,0.000000,2.830803,0.473047,0.394784
18.500000,3.887853,0.052650,0.001657,2.871823,0.312569,0.109662
22.190001,4.029147,0.021808,0.000439,2.924222,0.253718,0.098696
31.000000,4.172453,-0.030782,0.000780,2.931007,0.167676,0.043865
21.139999,4.082410,0.036347,0.001218,2.908475,0.313974,0.109662
29.770000,3.857781,-0.014147,0.000195,2.928502,0.165958,0.043865
21.320000,3.789107,0.019967,0.000439,2.899826,0.241335,0.098696
19.549999,3.779432,0.000000,0.000000,2.922382,0.164484,0.043865
27.830000,4.266247,-0.014522,0.000195,2.918958,0.163839,0.043865
19.200001,3.794382,0.000000,0.000000,2.920233,0.163104,0.043865
27.850000,3.744940,0.019967,0.000439,2.936284,0.163923,0.043865
24.670000,3.562292,0.020453,0.000439,2.934525,0.163646,0.043865
18.320000,4.285835,-0.020479,0.000439,2.969712,0.083431,0.010966
27.490000,4.073027,0.000000,0.000000,2.948016,0.162522,0.043865
17.090000,4.037133,-0.029077,0.000780,2.957275,0.162832,0.043865
24.830000,3.510670,-0.053246,0.003119,2.952647,0.162536,0.043865
29.610001,4.184845,0.042824,0.000877,2.978000,0.163704,0.043865
17.090000,4.120933,0.021808,0.000439,2.994194,0.165991,0.043865
22.910000,3.925572,0.035665,0.001218,2.963403,0.162166,0.043865
17.629999,3.888680,0.108913,0.010966,2.950011,0.161325,0.043865
22.910000,3.917637,0.090675,0.003265,2.970026,0.161591,0.043865
33.470001,3.999993,0.158435,0.018813,2.933249,0.000000,0.000000
19.030001,3.790036,0.085085,0.004386,3.030047,0.251382,0.098696
32.060001,3.745411,0.055360,0.001072,3.026813,0.000000,0.000000
22.030001,4.220496,0.042082,0.000877,2.954268,0.233713,0.098696
18.150000,4.088984,-0.012971,0.000195,3.010910,0.080910,0.010966
29.059999,3.823665,0.034583,0.000634,2.992349,0.158504,0.043865
26.950001,4.327698,-0.014164,0.000195,3.024614,0.080944,0.010966
16.920000,4.320779,0.066992,0.002583,3.014238,0.080864,0.010966
27.830000,3.916182,0.022711,0.001072,3.004273,0.156977,0.043865
16.209999,4.291023,0.037122,0.000634,3.037479,0.080414,0.010966
28.020000,4.538581,0.066251,0.003753,3.037360,0.000000,0.000000
29.240000,4.399318,0.095107,0.002096,3.068030,0.165536,0.043865
16.219999,3.855291,0.117230,0.008870,3.078995,0.000000,0.000000
33.090000,4.440953,0.034770,0.001218,3.084389,0.000000,0.000000
18.860001,4.367579,0.007559,0.000634,3.024108,0.000000,0.000000
21.660000,4.290639,0.057431,0.001657,3.087822,0.000000,0.000000
34.680000,3.915341,0.041571,0.000877,3.104713,0.083398,0.010966
21.680000,4.116492,-0.008923,0.002388,3.112401,0.000000,0.000000
34.189999,4.464893,0.037625,0.001218,3.123514,0.000000,0.000000
22.230000,4.280595,0.049786,0.001413,3.085310,0.000000,0.000000
17.280001,3.846832,0.019124,0.000439,3.139395,0.084228,0.010966
34.169998,4.568758,0.022396,0.000439,3.150584,0.000000,0.000000
25.910000,4.348598,0.006468,0.000634,3.127567,0.000000,0.000000
31.000000,4.135506,0.095874,0.006092,3.158813,0.000000,0.000000
29.059999,4.094420,0.096649,0.004581,3.168672,0.000000,0.000000
15.510000,3.854996,0.215294,0.017497,3.183936,0.000000,0.000000
28.010000,4.038325,0.305484,0.031339,3.159759,0.169881,0.043865
31.879999,3.118035,0.241858,0.038357,3.122433,0.160688,0.043865
300.989990,716.040894,222.427582,73.683777,3.123050,0.166338,0.043865
24.320000,43.780430,60.144188,90.206474,0.781158,1.756861,34.499752
110.349998,88.912743,48.638042,45.913010,0.205895,0.880112,18.927706
70.379997,207.124435,219.777267,234.914017,1.100606,0.102783,5.143161
39.480000,26.663940,59.500519,136.760986,0.367307,0.725054,11.032023
9.700000,0.314572,-1.901369,217.666061,0.574350,-0.226698,9.200665
4.940000,9.206558,-31.552656,115.689354,0.292705,0.552440,7.489933
-0.880000,16.013210,-35.987095,81.360580,0.510376,-0.306210,5.768235
1.230000,19.124584,-39.405876,81.301315,0.087443,0.659205,5.647607
8.470000,15.461879,-20.000885,26.043131,0.326573,-0.004542,0.010966
5.470000,7.432893,-10.078074,13.860823,0.221420,0.234136,0.701839
8.990000,3.025657,-2.971951,3.152912,0.295366,0.000000,0.000000
7.230000,0.947963,-0.842846,0.858875,0.281555,0.000000,0.000000
5.990000,0.168088,-0.017598,0.052199,0.273517,0.000000,0.000000
7.060000,0.030132,-0.018493,0.059364,0.276785,0.038831,0.010966
6.530000,0.013347,-0.005522,0.017107,0.274394,0.000000,0.000000
7.760000,0.006500,0.005258,0.019398,0.259126,0.036420,0.010966
8.460000,0.015937,0.005531,0.015109,0.261553,0.000000,0.000000
6.000000,0.025518,0.021067,0.022517,0.256317,0.000000,0.000000
7.050000,0.016706,-0.017138,0.039820,0.251266,0.000000,0.000000
8.820000,0.019339,-0.001389,0.008822,0.248351,0.000000,0.000000
6.350000,0.029750,0.023785,0.021884,0.241123,0.000000,0.000000
8.470000,0.015198,0.009937,0.012818,0.239832,0.000000,0.000000
6.880000,0.033176,0.009102,0.014134,0.240674,0.000000,0.000000
6.700000,0.013193,0.003775,0.006970,0.234278,0.000000,0.000000
9.530000,0.054069,-0.009937,0.011990,0.235457,0.000000,0.000000
6.170000,0.012419,0.004372,0.009894,0.230531,0.000000,0.000000
6.350000,0.012183,-0.003051,0.009699,0.000097,0.002734,0.274156
6.000000,0.015105,-0.013226,0.016864,0.000008,0.000000,0.000000
6.000000,0.025080,-0.006511,0.023102,0.000015,0.000000,0.000000
6.880000,0.020495,-0.003068,0.020470,0.000006,0.000000,0.000000
5.820000,0.031608,-0.004022,0.005946,0.000018,0.000000,0.000000
6.350000,0.017610,-0.007891,0.045522,0.000013,0.000000,0.000000
6.710000,0.006774,-0.002233,0.010820,0.000014,0.000000,0.000000
5.470000,0.012329,0.007934,0.021348,0.000011,0.000000,0.000000
4.760000,0.006200,0.004099,0.019252,0.000032,0.000000,0.000000
5.820000,0.031097,-0.011957,0.014183,0.000032,0.000000,0.000000
5.820000,0.011668,0.008113,0.016474,0.000014,0.000000,0.000000
5.830000,0.007950,0.003341,0.020617,0.000010,0.000000,0.000000
6.530000,0.024477,0.014709,0.012282,0.000016,0.000000,0.000000
5.830000,0.010429,0.008207,0.010235,0.000014,0.000000,0.000000
5.270000,0.009423,0.006460,0.007993,0.000008,0.000000,0.000000
2.090000,0.037648,-0.005130,0.008676,0.000007,0.000000,0.000000
10.960000,4.064253,0.399832,0.041867,0.212293,0.000000,0.000000
48.590000,89.123024,54.096951,33.898510,0.178187,0.000000,0.000000
101.080002,328.282440,67.213585,14.261847,0.084987,0.205162,0.986960
120.139999,382.290100,203.860306,109.104210,0.080816,0.072250,2.083583
131.979996,356.292023,283.038788,227.038055,0.054712,-0.035791,1.326914
117.330002,159.000732,223.182281,315.314972,0.073788,-0.317580,3.553058
106.169998,155.196350,274.367889,488.940765,0.190084,-0.376845,2.664793
152.100006,149.930542,305.078888,622.100952,0.059513,-0.266026,1.633968
129.720001,125.295952,308.404388,759.488770,0.161827,-0.057190,0.570244
123.449997,114.100639,317.098480,891.031494,0.069091,-0.059358,0.142561
98.730003,95.230865,316.924103,1064.991089,0.128074,-0.146736,0.394784
135.289993,91.922989,327.179626,1165.296631,0.105002,-0.085792,0.274156
114.160004,36.401985,293.339752,2597.419922,0.207746,0.055002,0.054831
90.470001,22.703558,234.017303,2521.150391,0.273298,-0.017040,0.010966
103.050003,32.221313,293.282440,2687.984619,0.258988,0.000000,0.000000
114.430000,27.653915,263.592987,2579.681152,0.266568,0.000000,0.000000
79.040001,26.434715,263.402252,2723.131348,0.249852,0.164346,0.274156
98.220001,32.756729,297.362244,2726.643555,0.251726,-0.210902,0.416717
109.339996,20.504494,233.676361,2711.527832,0.293566,0.000000,0.000000
100.190002,29.910126,282.795837,2750.658936,0.199628,0.053887,0.285122
99.900002,26.554979,272.554443,2804.354004,0.256892,0.000000,0.000000
102.169998,33.918327,302.030579,2782.710693,0.259571,0.000000,0.000000
106.720001,27.972229,281.997742,2843.728027,0.249486,0.028201,0.010966
124.709999,29.073051,282.702271,2798.820068,0.305944,-0.141647,0.175460
98.160004,30.739874,285.400970,2793.334229,0.271437,0.000000,0.000000
78.169998,28.142448,281.845825,2847.198242,0.275504,0.000000,0.000000
52.730000,5.849304,123.253494,2779.752930,0.267248,-0.085948,0.098696
92.739998,26.031530,269.964050,2823.035889,0.232739,0.107429,0.087730
52.299999,8.038136,146.455429,2758.501953,0.227391,-0.148118,0.548311
146.970001,30.680275,285.523376,2796.400879,0.311916,0.179465,0.186426
64.330002,15.272589,190.454025,2783.620117,0.258151,0.000000,0.000000
112.620003,23.095966,250.168274,2747.360596,0.292293,-0.100145,0.098696
64.989998,19.723761,231.465057,2734.792480,0.202092,0.038825,1.579137
85.110001,16.352385,207.630219,2701.454834,0.264857,0.000000,0.000000
81.309998,22.671070,249.695160,2776.604248,0.280998,0.000000,0.000000
99.669998,14.956018,177.534225,2558.030273,0.273091,0.028271,0.010966
116.989998,28.019211,279.247192,2798.246338,0.289877,0.000000,0.000000
76.959999,7.725827,127.067139,2569.033936,0.283483,0.000000,0.000000
86.330002,27.168438,276.325439,2879.998047,0.277213,-0.029175,0.010966
29.910000,1.231848,53.374283,2504.104492,0.370639,-0.300976,0.537345
101.650002,31.092939,292.935333,2803.080811,0.270969,0.031635,0.010966
41.490002,6.427176,120.556725,2594.269287,0.317606,-0.038670,0.043865
90.070000,32.853291,290.885590,2659.349121,0.317804,0.000000,0.000000
51.599998,18.641893,214.038101,2610.801758,0.311044,0.030314,0.010966
113.419998,25.335354,246.870209,2524.543945,0.314080,0.000000,0.000000
92.800003,25.490673,258.631348,2674.004883,0.358102,-0.020967,0.010966
108.180000,4.673261,63.124096,2402.512451,0.335607,0.000000,0.000000
120.690002,33.289482,298.723846,2686.750000,0.342651,0.000000,0.000000
46.540001,1.630963,58.048347,2450.588379,0.305006,0.076292,0.098696
92.800003,37.067112,312.810852,2729.811768,0.313679,0.028179,0.010966
26.549999,1.304941,51.767242,2439.421387,0.243693,0.007374,0.010966
113.769997,33.449577,296.791901,2706.643799,0.367626,0.076511,0.043865
44.459999,4.196033,99.622116,2504.138184,0.330039,-0.028350,0.010966
95.070000,37.882187,315.369781,2656.346191,0.337727,0.000000,0.000000
48.470001,5.708775,115.239586,2506.238037,0.320953,0.046535,0.054831
114.709999,36.320881,295.112823,2498.049316,0.336195,0.000000,0.000000
68.370003,17.269464,210.836700,2660.628662,0.289569,-0.062259,0.043865
111.040001,29.737312,263.814514,2395.879150,0.292469,0.000000,0.000000
70.860001,28.090551,272.319214,2657.719727,0.330378,0.000000,0.000000
95.010002,15.190975,171.791016,2404.382568,0.316035,0.060912,0.054831
99.199997,29.574841,284.264587,2740.172852,0.316195,0.038339,0.032899
34.259998,1.405351,49.255280,2383.947510,0.236787,0.069883,0.537345
108.330002,26.801472,266.824158,2743.382324,0.359653,-0.144330,0.175460
45.310001,2.745582,78.759781,2489.227539,0.279106,0.089214,0.701839
101.760002,39.340172,326.239166,2745.001953,0.303909,0.155083,0.745703
35.320000,4.401042,94.021080,2551.548828,0.430391,0.000000,0.000000
124.820000,30.974371,274.160675,2530.130859,0.325411,-0.081211,0.098696
72.050003,27.510345,267.581116,2610.901611,0.340817,0.001679,0.065797
104.250000,22.838875,232.099701,2435.185791,0.315307,0.094336,0.098696
97.930000,28.461464,272.052185,2650.347412,0.320460,0.000000,0.000000
60.849998,4.342170,88.548027,2495.358887,0.292262,0.000000,0.000000
115.029999,33.489895,303.283325,2792.606689,0.284613,0.149320,0.274156
43.400002,1.616558,59.236210,2514.419434,0.275448,0.045562,0.438649
94.839996,29.297251,285.671722,2809.704346,0.379652,-0.445421,1.140488
50.160000,4.490550,103.507355,2588.684570,0.315937,-0.159751,0.098696
136.089996,31.551155,284.575531,2627.724121,0.297109,0.000000,0.000000
77.339996,16.460674,215.579575,2869.622070,0.302189,-0.055100,0.109662
120.720001,18.104803,205.795929,2550.632813,0.281014,0.031037,0.010966
82.940002,24.191433,252.012909,2772.418457,0.310952,-0.021945,0.010966
90.349998,9.787847,148.122253,2550.884766,0.295539,0.033353,0.010966
91.580002,29.137730,282.011719,2829.333252,0.312555,0.000000,0.000000
66.919998,1.817921,56.092434,2602.527344,0.274778,0.090308,0.098696
102.000000,23.928715,261.445923,2859.438232,0.345806,-0.157848,0.175460
31.450001,1.310655,56.796371,2579.674072,0.366416,-0.147097,1.590103
140.169998,31.246193,301.170319,2930.400635,0.344698,-0.156497,0.975994
47.009998,14.924294,195.322113,2720.486084,0.360093,-0.247069,0.318021
100.889999,36.154995,311.478271,2692.724365,0.272033,-0.050033,0.043865
91.860001,17.909870,225.237579,2940.145508,0.319348,0.083671,0.186426
87.680000,20.105988,220.898712,2663.274170,0.324049,-0.022439,0.010966
79.570000,28.082596,284.740723,2924.658203,0.279814,-0.016145,0.010966
92.570000,6.670796,125.463654,2662.412354,0.325822,0.000000,0.000000
108.809998,22.337439,253.641632,3013.117432,0.297197,0.000000,0.000000
35.119999,1.064751,50.523930,2700.603027,0.326090,-0.085639,0.098696
123.059998,30.593052,302.330139,3023.352783,0.288116,0.000000,0.000000
30.910000,5.199631,111.941696,2741.825684,0.308860,0.021144,0.010966
123.080002,26.754639,277.709076,2894.257568,0.325330,0.000000,0.000000
93.260002,16.642075,218.453812,2900.994629,0.312929,0.049832,0.043865
121.389999,13.266184,187.039169,2788.866699,0.336556,0.000000,0.000000
87.139999,16.917255,222.013626,2923.650391,0.230905,0.157140,0.537345
93.790001,9.790469,156.813965,2769.721436,0.324726,0.000000,0.000000
116.220001,24.030844,266.146057,2967.406250,0.317430,0.000000,0.000000
54.020000,2.184035,69.821465,2847.139160,0.319220,0.000000,0.000000
92.279999,27.639257,282.515472,2998.198242,0.300891,0.019136,0.010966
59.560001,5.626962,127.031860,2908.329102,0.300918,0.018475,0.109662
105.320000,19.946148,240.848312,2945.195557,0.316975,0.000000,0.000000
84.690002,10.479567,174.742844,2975.049316,0.279741,-0.180449,1.107589
122.779999,13.168470,196.228577,2981.485352,0.373437,0.059103,0.493480
75.410004,17.580833,226.119324,3043.874268,0.193242,-0.049132,0.054831
69.599998,13.247736,193.691803,2912.734863,0.290962,0.088377,0.098696
66.360001,18.588165,236.437164,3106.339111,0.302818,0.000000,0.000000
47.389999,2.147220,76.093475,2895.567139,0.334534,0.026530,0.010966
114.430000,26.804977,279.710052,3068.325195,0.298355,0.000000,0.000000
66.879997,14.395102,190.948425,3039.310547,0.289275,0.038602,0.010966
103.050003,27.050310,212.193390,2982.465088,0.343914,0.000000,0.000000
61.279999,29.467981,218.047668,3008.112305,0.664107,0.515618,1.721698
159.539993,35.942379,166.468277,2892.759277,0.982304,0.276845,7.939548
39.209999,14.775368,38.644184,3023.431396,2.405842,-0.397395,0.932129
54.900002,25.049694,101.620430,2910.213135,1.759508,2.120441,14.157398
74.889999,39.393772,170.114792,2884.414551,2.148015,1.686803,2.774456
78.339996,36.859818,170.702667,2882.259766,2.273714,1.411082,4.978667
64.139999,39.015717,195.423309,2836.090088,2.303687,0.980805,1.820394
127.169998,52.319096,243.038177,2941.584229,2.356433,0.159269,1.063724
69.290001,56.349564,155.766235,2695.986816,1.043978,1.212154,19.629547
13.380000,18.203522,-37.778454,2380.425293,0.793949,2.571187,86.128754
53.900002,14.079460,-30.516140,2380.343018,2.138435,1.306008,25.858362
46.740002,13.602059,58.976978,2544.345459,0.275496,1.164545,49.764740
100.129997,36.573467,176.989426,2480.579590,3.037977,2.224480,27.086582
93.620003,56.440128,171.608170,2303.765381,0.870094,5.708312,37.603188
34.459999,2.583268,71.078712,2302.355713,1.740805,1.132232,38.710785
90.230003,22.195791,153.910980,2235.694580,2.809199,2.319482,16.065523
36.700001,3.284079,79.699791,2349.524414,1.214160,5.806103,74.581306
114.400002,27.885735,184.780151,2029.574097,0.634628,0.651776,16.405476
68.980003,14.822202,172.900726,2252.783447,1.124450,4.239566,25.321018
45.480000,14.803961,102.469223,1722.786865,0.516814,0.306566,60.303284
232.929993,131.611176,442.986938,1886.831543,0.715138,-0.867297,25.847397
94.949997,67.776360,310.662231,1742.955933,0.639304,0.590341,9.145833
73.660004,42.253998,258.212585,1882.775635,0.445779,-0.733052,20.671337
150.669998,83.630363,345.281067,1763.617432,0.443143,0.194568,1.392711
123.820000,79.728775,349.399994,1829.215576,0.342421,0.028091,0.087730
158.100006,88.248711,395.075226,1859.310669,0.362927,0.075743,0.274156
87.849998,52.223793,296.017853,1948.038086,0.579121,-0.566984,5.110261
77.470001,44.155457,256.635223,1929.550171,0.570687,1.015620,21.998251
107.370003,25.359095,201.694672,1837.069824,0.521162,2.342338,13.696818
30.260000,1.430105,43.263168,1465.645752,0.086580,1.680141,41.858093
126.650002,146.785400,148.053314,946.613647,0.330821,2.767882,31.078289
148.130005,5.510220,29.448980,810.329651,0.147635,0.722247,54.600842
104.169998,107.626740,282.400330,1314.476807,0.807494,2.648960,22.623325
24.469999,2.214873,42.007805,1396.136719,0.193454,2.121592,69.525879
99.779999,159.953629,361.344574,1403.109009,0.098906,0.030951,21.921488
105.580002,99.829582,321.729889,1823.940186,0.598065,1.229355,8.005346
64.779999,42.128345,181.606995,1570.976318,0.023768,0.248612,23.676083
54.770000,12.147909,94.709274,1721.745483,0.233904,0.189573,0.888264
81.540001,115.978394,363.273438,1885.601563,0.199836,0.694820,4.090403
96.000000,51.773510,226.187485,1803.460693,0.262766,0.132034,2.237111
116.879997,63.567379,262.748444,1923.900146,0.327586,0.086756,0.197392
129.789993,62.260895,302.435455,1689.711182,0.335252,0.017315,0.054831
30.430000,6.151563,87.115219,1579.461060,0.889881,-4.553191,30.804132
112.860001,48.072533,292.708649,1799.770142,0.222533,0.000000,0.000000
94.839996,48.639851,288.293823,1776.805420,0.343095,-0.564861,2.818321
69.160004,54.125374,312.467438,1948.474365,0.235514,0.005506,0.043865
129.360001,35.423523,256.747253,1994.376465,0.303704,-0.227417,0.888264
110.599998,37.164459,273.876282,2126.091553,0.256977,0.007365,0.010966
92.860001,41.602631,295.965790,2194.535156,0.273878,0.000000,0.000000
91.400002,34.419472,277.045624,2304.066895,0.309032,-0.214176,0.537345
108.220001,31.281063,252.242859,2216.684814,0.274274,-0.226771,3.169239
85.230003,22.295002,233.402435,2461.045166,0.269204,0.332318,1.469475
73.050003,22.082348,233.080994,2515.058594,0.198434,-0.016657,1.315947
73.790001,15.228365,193.834686,2631.718750,0.645949,-1.683324,6.415244
67.930000,16.131565,192.720444,2419.501953,0.397706,-1.339527,10.538544
108.349998,18.492355,208.755035,2498.216064,0.519882,-1.092189,3.958808
94.199997,27.746513,262.118011,2544.877441,0.108888,0.081951,1.491407
93.620003,23.052744,240.771637,2631.641357,0.292481,-0.116875,0.318021
78.120003,23.387596,248.711670,2655.757568,0.208680,0.000000,0.000000
102.000000,19.475683,223.635834,2682.596191,0.215768,0.000000,0.000000
78.769997,22.668983,242.929260,2765.929199,0.221643,-0.107187,0.175460
85.459999,16.708586,206.324524,2628.093750,0.241399,0.115368,0.274156
92.099998,14.044027,191.304459,2742.889160,0.686965,0.163611,0.043865
76.379997,6.108153,123.932327,2808.521484,0.326315,-2.246876,19.388288
68.629997,10.297855,157.877060,2914.798340,0.927452,0.083747,0.537345
78.739998,20.826115,236.797852,2756.506836,0.159933,0.581297,3.180206
91.110001,18.215445,219.672119,2728.877441,0.281466,-0.305376,0.537345
85.629997,20.565166,242.163010,2865.356934,0.155914,0.019492,0.043865
79.040001,16.908005,220.068649,2889.071777,0.252271,-0.076067,0.043865
67.930000,18.085203,227.144348,2895.097168,0.178341,0.000000,0.000000
81.010002,14.732198,204.981064,2947.564697,0.187464,0.130900,0.274156
89.300003,13.490656,196.731598,2933.872559,0.254392,-0.215664,0.394784
109.860001,15.407726,209.801880,2903.122559,0.177218,0.000000,0.000000
96.760002,10.005668,167.771744,2956.625488,0.138923,-0.360471,7.994380
82.410004,14.777869,195.312622,2976.339844,0.166091,-0.741944,11.942222
58.509998,20.886539,226.976624,2960.320557,0.164077,0.544768,8.005345
83.809998,18.471584,222.898117,2888.839600,0.242171,-0.363204,1.096623
83.360001,16.765467,220.726776,2990.244385,0.195681,0.060920,0.109662
80.910004,16.120859,216.830444,3009.459717,0.181843,-0.050821,0.043865
76.589996,13.016309,192.644638,3021.877930,0.201019,0.000000,0.000000
80.440002,13.005647,191.848663,3036.364502,0.195499,-0.032554,0.010966
70.599998,14.141465,204.630981,3084.626465,0.170581,-0.119328,0.394784
103.519997,12.558506,189.999329,3034.428223,0.266222,0.234082,0.394784
68.199997,13.188174,191.591553,3097.602539,0.194051,0.000000,0.000000
76.510002,13.919666,205.790100,3169.561523,0.213230,-0.023552,0.010966
70.379997,13.639631,201.362518,3223.661133,0.192818,-0.047049,0.054831
73.309998,13.589697,202.301468,3092.135010,0.211485,0.000000,0.000000
77.120003,14.392398,204.023666,3120.346191,0.209275,0.020823,0.010966
74.709999,13.022441,193.062805,3143.906006,0.209138,0.000000,0.000000
101.080002,11.536470,185.721588,3133.398926,0.226944,-0.070536,0.043865
84.040001,7.520644,150.566086,3145.385742,0.200936,-0.068112,0.109662
80.889999,11.190403,181.446335,3073.259033,0.158119,0.019487,0.109662
68.110001,13.249524,201.006775,3114.220703,0.296405,-0.185165,0.328987
68.940002,8.173483,146.816757,3257.685059,0.212397,0.000000,0.000000
77.559998,12.224240,191.210785,3298.135498,0.123086,0.042030,1.590103
79.959999,10.120067,174.278473,3251.641602,0.192720,0.076464,0.054831
79.260002,10.290140,171.200348,3235.046143,0.173436,0.000000,0.000000
72.790001,12.525578,191.128723,3135.635742,0.187255,0.000000,0.000000
74.540001,11.451139,187.193619,3196.279785,0.192055,0.000000,0.000000
73.180000,13.208769,201.146896,3149.318359,0.154896,-0.174056,0.318021
60.090000,10.405835,180.390701,3206.192627,0.214128,0.065769,0.043865
74.709999,13.407151,200.514923,3173.795410,0.211642,0.000000,0.000000
79.739998,10.024530,164.356400,3169.476074,0.212168,0.062157,0.043865
72.089996,11.906476,187.361542,3262.373291,0.202078,-0.262379,0.888264
60.610001,10.728326,177.799377,3317.148682,0.142918,0.120464,1.579137
62.680000,9.786656,163.264709,3289.076172,0.185205,-0.048587,0.043865
78.910004,9.523228,169.196991,3130.506348,0.227529,0.033160,0.010966
70.510002,10.771252,184.184143,3191.722412,0.204015,0.057280,0.043865
65.790001,11.902121,194.967529,3250.634277,0.247123,-0.070698,0.043865
96.820000,6.465868,136.855972,3203.970703,0.213439,0.000000,0.000000
89.760002,9.201166,167.796295,3217.149170,0.206878,0.000000,0.000000
75.190002,7.791676,157.034348,3224.714355,0.177732,-0.050751,0.021932
65.480003,12.641153,192.030518,3213.787109,0.238744,-0.065938,0.043865
58.860001,11.963888,192.404602,3305.020020,0.227861,0.000000,0.000000
68.370003,11.258510,190.150665,3367.653809,0.226536,0.000000,0.000000
77.690002,11.268009,182.621643,3203.302490,0.233774,0.000000,0.000000
80.959999,9.713432,167.733398,3215.974854,0.232573,0.000000,0.000000
61.070000,7.140775,150.632813,3218.569824,0.235344,0.000000,0.000000
72.790001,9.621176,175.206650,3233.785889,0.247186,0.000000,0.000000
74.589996,12.245503,195.980347,3246.725098,0.247826,-0.032079,0.010966
67.540001,9.228916,171.301926,3213.304688,0.226135,0.000000,0.000000
83.059998,9.717139,170.704163,3231.135010,0.174606,-0.018424,0.010966
90.290001,9.770374,168.985229,3196.418213,0.252507,0.000000,0.000000
69.110001,10.694080,172.472900,3366.604980,0.284383,-0.162633,0.186426
68.669998,6.504890,141.726318,3323.060791,0.253795,-0.030178,0.087730
104.570000,9.909595,176.848312,3298.865967,0.207696,-0.040054,0.043865
88.480003,9.513039,171.141479,3157.736572,0.371498,-0.376563,0.888264
71.959999,8.582894,165.169205,3197.249023,0.198719,0.070422,0.701839
58.860001,9.585683,168.741821,3243.182861,0.268213,0.032424,0.010966
65.660004,10.110546,172.578461,3211.325684,0.254375,0.000000,0.000000
65.480003,11.271246,188.342102,3185.166016,0.238905,0.000000,0.000000
63.380001,13.022314,203.684418,3224.430420,0.203503,0.075692,0.098696
63.029999,11.035820,186.892853,3215.942627,0.360202,0.040902,0.010966
61.490002,10.777822,179.096924,3352.603516,0.237792,0.177122,0.932129
74.410004,11.083248,173.874695,3309.712891,0.181696,-0.047282,0.021932
63.240002,7.807067,151.892746,3309.222168,0.176178,0.051908,0.098696
75.589996,10.995636,178.110291,3099.501465,0.314498,-0.267891,0.537345
71.260002,10.813334,183.625488,3215.379639,0.193558,0.063100,0.175460
75.809998,8.313087,162.590271,3250.610840,0.305274,-0.322087,0.701839
74.889999,11.971314,176.681000,3214.875977,0.256969,-0.074192,0.043865
68.320000,12.108212,191.487366,3167.524170,0.213359,-0.079717,0.230291
72.309998,13.315514,202.899658,3217.860352,0.221309,0.000000,0.000000
60.750000,8.425334,159.387680,3324.068115,0.279477,-0.324938,0.712805
72.529999,10.265362,164.657593,3351.288086,0.160370,0.154599,1.096623
65.519997,8.121650,146.423172,3305.050293,0.205501,0.000000,0.000000
82.160004,16.172977,224.790451,3185.803711,0.242397,-0.356433,0.932129
79.389999,14.260837,210.724045,3205.413818,0.185008,0.143036,0.285122
86.790001,8.696618,166.387680,3252.516602,0.297569,-0.192999,0.285122
67.970001,10.641222,184.235931,3268.140625,0.214700,0.084632,0.098696
70.860001,9.967115,176.288116,3277.433594,0.260750,0.000000,0.000000
92.449997,6.180618,139.273071,3230.252441,0.254643,0.000000,0.000000
65.830002,12.753607,200.564667,3232.633301,0.226937,-0.242806,0.888264
62.540001,8.612722,159.719788,3302.929688,0.248668,0.000000,0.000000
66.919998,8.039850,157.002167,3315.693848,0.272249,0.000000,0.000000
62.330002,10.211422,169.466431,3215.242188,0.288817,-0.053001,161.588333
51.490002,220.614517,-41.043674,51.462605,0.105441,0.924393,96.722130
40.990002,176.021667,-15.290646,201.995712,2.392554,2.684200,72.300331
25.160000,71.046082,17.643555,289.779022,0.184666,1.585569,108.159897
113.250000,86.492325,42.514847,450.253876,2.979651,5.592820,61.871452
30.420000,50.938999,-4.931962,508.063629,0.139580,0.296919,72.256477
78.839996,25.015072,91.969048,699.966309,2.409534,3.093511,78.178230
64.599998,67.307968,156.700577,508.257263,0.171758,0.920980,74.252327
183.720001,108.388649,427.581757,1855.180786,0.630118,0.006893,0.098696
179.089996,90.144913,420.447510,2001.024414,0.619514,0.041963,0.098696
130.199997,97.624619,433.446777,2070.423340,0.522262,0.612086,1.897158
130.380005,92.885582,417.115692,2035.730957,0.507098,0.000000,0.000000
223.889999,95.635674,433.131683,2025.012207,0.535901,0.084959,0.537345
112.730003,100.079552,442.072571,2114.349121,0.531958,0.003744,0.438649
145.119995,102.859192,431.848053,2060.043945,0.585763,-0.117041,0.285122
162.610001,98.360222,436.326813,2074.109131,0.507291,0.000000,0.000000
-1.580000,778.490479,-943.590332,1312.036743,0.782744,0.400169,0.932129
60.680000,750.304443,-214.412933,226.374573,0.915978,4.496017,41.945824
45.689999,163.530945,-23.701052,64.213249,0.666065,3.367374,103.192200
36.830002,189.858551,-30.531025,141.620544,0.248980,-0.123543,150.489532
29.150000,188.430588,-20.866653,240.031754,1.816100,7.022336,61.794693
26.690001,136.388504,-8.253353,223.159012,0.321858,0.155465,95.285545
102.809998,334.618927,146.426971,223.085709,2.115498,6.192409,24.761742
48.619999,150.477478,91.475220,550.676819,0.453740,0.875697,110.331207
66.400002,72.432487,77.716141,825.499878,2.094734,1.978312,47.176712
131.389999,180.022324,214.633759,1014.250061,1.012521,-1.071552,50.992958
32.169998,50.913345,25.195032,1453.308960,1.243235,0.254133,14.936002
137.460007,114.473923,258.513763,1941.473755,1.117059,1.777530,11.646133
95.070000,50.472458,269.744690,2586.293457,1.299332,1.550392,7.303507
95.599998,26.473343,158.928619,3056.970703,1.454650,1.343516,10.121828
107.739998,30.675583,224.470001,1646.406860,1.579638,0.986523,10.374050
143.910004,271.396088,366.471558,1102.727783,1.481124,1.171583,3.585957
78.209999,104.469620,204.234589,454.009644,0.951223,3.041542,18.543890
133.539993,155.732285,218.198715,368.277161,1.002115,2.725953,12.808554
54.689999,51.185753,127.574547,456.702820,0.436280,3.215057,31.297609
26.360001,19.752064,50.125263,349.052856,0.291584,1.117808,42.285774
113.279999,135.138168,288.951630,701.191162,1.098431,1.675267,5.197992
39.180000,30.949888,92.863335,672.528870,0.149131,2.605510,52.692722
96.459999,84.135094,162.502075,381.554291,0.310309,1.234585,13.696818
70.949997,243.962219,283.844025,478.297150,0.189740,1.920107,22.382069
170.050003,181.026642,298.354004,567.698303,0.208212,1.082318,6.897757
110.110001,250.198776,320.820984,778.945068,0.184990,0.472195,12.534399
142.259995,145.809296,380.766785,1015.611023,0.161333,0.579828,3.739484
167.550003,301.010986,477.223083,1156.524414,0.029977,0.213754,7.248676
134.869995,98.415588,365.700073,1442.378662,0.056973,-0.522991,11.733864
117.029999,138.620880,425.795288,1520.838135,0.130923,-0.028168,0.372852
130.520004,124.007034,430.093018,1562.395020,0.078207,-0.670814,8.893610
204.270004,121.481873,433.854309,1654.231689,0.037678,-0.005915,0.241257
164.529999,105.967728,406.203369,1647.347900,0.125425,-0.791330,6.864859
184.639999,125.187866,432.530029,1603.223145,0.122376,-0.561674,3.081510
220.399994,107.485260,393.738281,1696.867188,0.071512,-0.160908,4.331659
168.350006,229.649109,603.732971,1965.389648,0.023064,-0.005462,0.328987
114.419998,92.496689,420.588379,2159.684326,0.182154,-0.753943,3.651753
146.330002,119.508095,461.636292,2131.243408,0.033885,-0.047783,0.449615
156.089996,88.864601,449.336426,2329.545410,0.092107,-0.460543,3.344699
159.029999,103.651855,456.429382,2464.535156,0.023845,0.003040,0.197392
189.550003,94.791519,417.018799,2235.293945,0.026682,-0.014103,0.186426
163.039993,66.533829,422.921570,2968.221680,0.179088,-0.175506,6.108189
154.050003,57.455524,384.571594,3035.840576,0.061336,-0.138185,5.483114
191.460007,87.646622,521.344482,3441.949219,0.236420,-1.371085,9.310328
263.140015,45.898186,311.963898,2811.072510,0.059580,0.502525,13.433628
129.160004,94.240616,500.250183,3144.703125,0.062838,-0.424910,7.347372
145.119995,93.707062,440.657837,2609.414551,0.227602,0.108590,0.098696
154.050003,131.065735,536.861206,2894.859375,0.357630,-1.008277,2.873152
143.380005,90.293091,465.716278,2924.234375,0.030794,-0.063034,0.449615
224.820007,105.298782,502.059265,2984.062988,0.079671,-0.274261,1.118555
195.789993,67.350456,440.495605,3262.742676,0.013122,0.007510,0.010966
167.889999,138.169312,621.084473,3395.705566,0.038635,-0.137369,0.811501
239.330002,82.044327,450.292633,3451.860840,0.009812,-0.016291,0.274156
186.839996,135.680725,628.889160,3750.265381,0.011530,0.000000,0.000000
175.470001,79.386009,477.540527,3807.255371,0.001043,0.006446,0.285122
147.360001,80.155022,491.400543,3874.921875,0.037545,-0.118175,0.394784
162.080002,77.561638,505.079346,3771.781738,0.009635,0.001891,0.054831
185.570007,73.791656,437.188354,3896.956543,0.066450,0.067690,0.197392
127.519997,126.946655,623.201904,3856.715332,0.019783,-0.088438,1.546238
158.089996,65.173599,444.677795,4038.689453,0.001721,-0.004479,0.021932
208.529999,83.745766,471.708191,4075.035645,0.020371,-0.015553,0.043865
160.440002,70.568558,519.322266,4303.103027,0.011138,-0.003384,0.098696
203.860001,81.420441,495.507874,4293.200195,0.007807,-0.039148,0.219325
191.100006,74.083549,498.146729,4487.702637,0.015110,-0.001527,0.394784
179.000000,78.394852,513.188843,4409.190430,0.019619,-0.022145,0.109662
161.500000,58.258556,430.843750,4579.453613,0.012488,-0.000485,0.285122
169.619995,80.542999,503.298706,4555.514648,0.022257,-0.023751,0.087730
136.789993,75.269608,519.914307,4507.537109,0.015211,0.003029,0.285122
22.719999,1068.352051,-1602.794067,2567.186035,0.090889,0.000000,0.000000
187.360001,1160.009888,-560.060059,594.531494,2.180851,2.236958,6.696548
112.480003,93.141518,252.546494,908.831421,0.226583,-0.496259,12.293141
96.470001,96.501625,290.992889,915.264709,0.253324,0.096957,9.496753
96.580002,73.793037,251.890594,960.917480,0.749973,-0.662541,3.136341
95.010002,82.742325,308.276611,1159.393433,0.284410,-0.116840,0.932129
141.559998,79.258041,314.293457,1248.775146,0.302028,-0.134915,0.175460
100.830002,68.957458,315.807037,1453.809204,0.229366,-0.031722,0.010966
145.300003,52.541672,285.313995,1560.208862,0.269139,0.010805,0.054831
82.260002,56.749149,308.892151,1687.599609,0.277499,0.000000,0.000000
84.779999,52.459408,302.777710,1806.386963,0.261245,0.000000,0.000000
94.080002,49.303932,298.528076,1866.433838,0.280070,-0.149712,0.186426
100.180000,40.502361,275.449127,1930.700073,0.296563,0.000000,0.000000
98.730003,38.391167,275.783508,2000.510986,0.291312,0.000000,0.000000
97.160004,34.923988,267.793488,2065.764404,0.276720,0.311560,1.579137
108.570000,25.405060,228.715408,2156.754150,0.359969,-0.557251,2.149381
85.000000,27.631689,236.078934,2177.197998,0.248272,0.269400,1.853292
83.779999,23.273079,224.031876,2258.376221,0.366890,-0.689203,3.169239
85.879997,26.117924,241.730392,2272.070557,0.259048,0.303176,2.149381
72.480003,26.843473,247.137726,2341.009033,0.314926,-0.358201,1.326914
100.949997,27.677330,250.547882,2346.599609,0.375069,0.204910,0.274156
95.540001,27.216232,254.541168,2448.056641,0.310677,0.000000,0.000000
109.269997,22.160652,230.308044,2453.576660,0.373444,-0.120581,0.098696
82.790001,21.950502,228.734894,2520.025635,0.242983,0.027209,0.043865
88.379997,21.269886,225.132355,2561.345459,0.403974,0.130715,0.098696
80.690002,20.213684,218.104996,2543.769043,0.338816,-0.137440,0.175460
79.120003,18.609966,212.780182,2544.900391,0.245389,0.099061,1.853292
83.830002,16.331228,196.877167,2605.186523,0.519304,-0.890036,2.807354
76.900002,20.055315,224.978516,2615.396484,0.248314,0.136755,1.326914
72.529999,21.201626,234.518738,2705.278564,0.393540,-0.409418,1.096623
79.989998,17.456022,207.947235,2651.139404,0.324565,0.000000,0.000000
84.360001,23.545185,246.451904,2687.520020,0.326021,0.000000,0.000000
95.540001,18.356941,219.731171,2744.151367,0.325334,0.000000,0.000000
85.580002,16.188864,192.523132,2728.605957,0.393964,-0.261252,0.537345
72.830002,24.735662,219.139297,2800.230713,0.435502,0.044260,0.010966
81.209999,28.727398,227.929596,2785.338867,0.599646,-0.124307,0.142561
68.239998,23.316118,189.473190,2690.843750,0.710605,0.000000,0.000000
67.809998,25.984138,202.489365,2720.632813,0.796579,0.036800,0.098696
72.790001,19.921122,184.735107,2795.977539,0.983290,-0.424052,1.579137
92.970001,27.961107,211.684555,2771.498535,0.947057,0.000000,0.000000
98.510002,23.269012,180.696609,2741.812500,1.008380,-0.055690,0.098696
92.510002,26.783844,191.362534,2735.601807,0.852313,0.747189,1.623002
73.970001,14.820881,120.611740,2698.228027,0.590793,0.590076,3.267935
102.050003,30.932369,234.242813,2821.873047,0.471866,0.278244,0.197392
95.709999,33.066189,213.618988,2727.750977,0.638058,1.132920,6.349445
83.139999,29.454563,196.912689,2897.153564,0.620295,1.395675,12.304107
111.639999,40.484909,190.338165,2824.147217,1.174122,0.576981,4.002673
81.040001,33.809021,181.063416,2798.781006,0.988949,2.294272,12.929182
110.070000,43.883286,229.136993,2803.444336,1.089740,0.457182,2.555131
98.970001,36.429817,212.061066,2750.326660,1.276182,1.754292,4.978667
80.120003,34.079239,226.684006,2752.226074,0.799030,1.376789,7.336407
95.589996,38.482780,236.538162,2773.665527,1.278386,-0.043569,0.318021
80.489998,34.602898,247.763123,2672.183105,0.943480,0.924601,1.842326
83.029999,30.946392,234.694901,2708.528564,1.144885,0.125107,0.932129
111.300003,28.705711,220.532959,2766.534912,0.921918,0.374429,0.394784
90.889999,38.772926,257.452271,2836.402344,0.980022,-0.002091,0.010966
89.489998,33.130508,222.107895,2678.223389,0.769435,0.087621,0.021932
119.000000,46.591820,233.444794,2593.421387,0.865413,-0.018027,0.043865
100.940002,45.997650,222.847122,2637.719727,0.627913,0.608609,1.195319
128.139999,37.157761,221.084488,2626.669678,0.516916,0.518213,1.337880
95.010002,50.652287,233.592072,2687.593262,0.540842,0.395503,0.745703
99.769997,63.259697,287.143433,2671.187012,0.748132,0.114605,0.098696
118.000000,47.381386,237.573898,2687.970459,0.772764,0.293517,0.219325
102.220001,47.776760,231.165710,2729.069336,0.804736,0.248363,0.394784
87.620003,86.589066,163.643768,2666.786865,0.784980,0.521368,0.877298
91.000000,84.409241,202.234680,2571.017578,1.180662,0.519210,0.296088
29.889999,15.595892,-6.886771,2390.404297,1.030054,3.662194,77.180313
235.289993,128.519348,181.311447,2272.602051,0.019926,0.351389,17.688526
40.209999,7.494323,-0.122004,2267.254395,3.607169,12.057606,47.757919
18.129999,5.239573,-17.306396,1945.277710,1.214879,1.699550,103.060600
161.360001,147.283813,338.474701,1797.236328,1.619121,1.497520,4.265862
91.750000,31.668955,186.950729,2083.559326,1.160661,1.761242,6.820993
90.529999,37.623016,178.581726,2240.808105,2.007113,0.259867,8.597523
72.699997,39.389046,235.762115,2164.134277,1.801491,0.252893,0.208358
59.209999,42.504425,220.902222,2291.503174,1.593518,0.844033,3.355666
90.769997,48.324780,203.819550,2371.956055,1.779081,0.000000,0.000000
69.989998,46.561176,220.274017,2515.212646,1.425132,0.864379,1.601069
107.889999,48.890854,246.511993,1808.657959,1.469725,0.320611,0.997927
64.309998,27.359823,188.336929,1801.916504,1.456118,-1.535561,15.297887
123.699997,49.606152,250.165009,1713.659790,1.294226,0.311865,0.405750
120.290001,79.796814,317.851837,1738.645752,1.233934,0.116917,0.986960
112.099998,57.089809,244.805054,1770.935181,1.097640,0.127146,3.794315
118.110001,65.706085,271.448212,1760.564087,1.020119,0.129041,1.074690
136.770004,68.561691,290.706329,1840.922241,1.080170,-0.083612,0.175460
90.419998,72.200294,292.318207,1761.925171,0.998615,0.011954,0.888264
86.010002,62.133057,269.912262,1808.791504,1.018765,0.000000,0.000000
82.980003,66.335831,278.776276,1781.170776,0.994841,-0.033869,0.043865
125.370003,56.996311,268.752930,1833.647705,0.978423,-0.013810,0.010966
139.820007,60.568577,275.942200,1858.834106,0.982434,0.017147,0.109662
89.370003,65.457306,305.927521,1874.483643,0.989793,-0.015222,0.010966
115.339996,90.855560,352.574219,1838.377319,0.971603,0.014155,0.274156
155.899994,103.516922,322.012390,1915.185669,0.537537,-0.044079,0.098696
86.400002,60.170593,244.053772,1776.381104,1.718171,3.299752,9.277428
26.879999,1.756760,38.468719,1697.199707,0.335382,2.770132,89.572144
44.779999,4.626222,72.253235,1688.119873,1.409898,0.414746,38.984936
35.080002,120.910568,207.446198,1503.608398,1.068134,4.196714,34.872601
82.610001,80.401146,241.131180,1488.847168,0.873641,0.824824,42.351570
102.699997,29.204332,166.041245,1615.148682,1.055473,1.050600,10.198592
63.200001,33.153847,201.520966,1976.907959,0.901161,1.308709,10.154726
129.789993,43.446957,182.976440,2223.814941,0.902495,0.325817,9.913470
114.750000,75.711029,203.815613,2192.376953,1.251585,0.275936,0.350919
120.089996,92.031303,303.837463,1973.835327,1.018560,0.829998,4.594849
113.809998,51.691193,245.826492,1494.041504,1.225725,-0.204803,0.745703
101.110001,74.656570,290.679199,1424.205200,1.110056,0.396138,0.789568
94.839996,81.571945,308.880859,1583.031006,0.992752,0.557506,1.381745
90.190002,70.337326,288.327881,1669.790283,0.997065,0.075678,0.712805
130.940002,61.174507,282.420349,1846.186035,1.056129,0.234191,0.372852
107.220001,63.711948,307.638947,1909.181641,1.038496,0.230711,0.142561
110.220001,47.860485,283.788666,2011.827148,1.095542,-0.103689,0.394784
113.529999,60.673622,279.969574,2027.452271,1.011330,0.064844,0.054831
137.210007,53.127357,272.768005,2103.365967,0.879873,0.366201,2.807354
113.250000,49.967598,266.257080,2216.734375,1.108559,0.192413,0.175460
114.290001,66.261017,268.063873,2009.609863,1.027385,0.301415,0.153527
112.870003,41.755325,271.726227,2387.785400,1.113925,0.637957,1.140488
80.419998,67.001358,296.484436,2834.471680,0.962137,0.564521,0.548311
91.769997,33.522186,212.721985,2928.167969,0.565514,1.464337,5.757270
136.179993,41.766006,271.653168,2353.885254,0.933774,0.103317,2.686726
115.269997,53.132236,285.788025,2242.230225,0.900851,0.243190,1.776529
175.610001,50.322945,269.866486,2183.179688,1.226979,-0.402630,0.318021
83.980003,68.668594,183.682434,2160.761475,1.102093,0.251066,0.098696
136.949997,60.387287,323.308716,2733.947754,1.142202,1.623524,5.812100
27.730000,4.010215,5.882292,2626.133545,0.367679,2.621064,66.301804
180.199997,62.775970,102.597313,1907.146362,1.148769,3.191212,28.358664
25.080000,12.150582,82.550507,2120.140137,3.250938,6.943696,18.489059
115.370003,24.899761,43.497566,1929.675537,1.694232,1.569248,39.928032
61.029999,45.308128,126.853600,2123.164795,3.607381,2.746155,10.056030
34.090000,1.172508,36.068607,2167.886719,0.197596,0.706952,109.366188
118.400002,105.547310,314.472015,1928.880859,1.059960,4.165500,22.886517
112.800003,100.776115,256.686310,2105.066406,1.031010,0.885205,8.454961
142.080002,72.190521,333.109863,2175.438965,1.556135,0.677644,8.389164
63.709999,71.147758,240.165024,2194.967041,1.440187,0.707200,1.557204
98.849998,53.570293,247.754898,1759.909424,1.538358,0.583281,0.975994
61.630001,16.183636,98.760544,1802.501709,1.408282,-0.649608,35.552509
82.389999,49.117489,200.098618,2054.302246,1.508386,-0.763659,5.230890
121.230003,43.256889,239.660904,2047.503662,1.081940,0.524389,1.085656
118.500000,79.012260,325.244110,1875.118652,1.151708,0.520280,1.261116
137.479996,32.683331,227.100250,1865.745850,1.178064,0.136926,0.109662
100.980003,69.986046,305.684021,1467.639160,1.074123,0.185971,1.820394
109.150002,101.043488,331.166473,1416.534546,1.062312,0.030792,0.021932
122.260002,80.267776,277.135071,1592.972412,0.870220,0.092241,3.914943
149.750000,96.631203,350.914948,1715.186523,0.436043,1.082054,2.982814
139.389999,89.824326,319.998260,1698.063354,0.136315,0.369661,2.566097
138.339996,75.488441,317.379211,1799.083130,0.510122,0.000000,0.000000
132.259995,63.356297,306.234406,2046.551758,0.504579,-0.067370,0.712805
120.839996,50.461975,270.893219,1906.516602,0.588805,-0.804141,6.590703
126.699997,64.891945,313.906433,1990.023193,0.608812,-0.662890,3.169239
112.410004,55.647213,301.974915,2013.665039,0.536427,-0.625565,4.386491
137.300003,62.430782,323.900513,2114.829590,0.412679,-0.057911,2.149381
75.150002,77.703484,144.794922,2025.527588,0.313358,-0.125824,7.457035
135.039993,117.845932,248.620422,1751.398315,1.952255,1.703957,2.390638
25.650000,9.745919,40.608818,1679.347900,0.983371,5.928429,98.213531
43.549999,27.456045,47.215805,1436.119385,0.064723,1.241443,91.798286
58.330002,10.429825,83.286942,1488.329102,1.894874,4.606910,21.987286
31.450001,0.591703,23.689316,1513.056641,1.176058,3.197507,92.445297
36.849998,174.412872,221.406052,1298.941284,0.518772,1.157141,80.470169
128.800003,9.601027,110.951889,1408.787109,1.315661,3.301968,14.343824
22.080000,2.317300,44.509399,1533.272705,0.360568,2.455586,42.537994
98.379997,68.099121,247.616638,1625.678833,0.274081,1.351134,13.323966
81.389999,96.249329,247.904800,2007.965332,0.709469,1.116560,8.674286
119.150002,122.674225,224.517319,1955.400635,0.795655,0.263564,2.149381
72.570000,87.157219,226.779312,1971.005615,0.678212,0.290880,5.713405
106.339996,125.100143,239.686829,1875.652832,0.728920,-0.023718,0.537345
121.489998,77.477188,316.572388,1798.835449,0.688261,0.044076,0.021932
140.949997,68.345779,276.992767,1300.964600,0.863521,-1.195178,5.954661
136.619995,93.938919,300.699768,1205.287598,0.521648,0.372571,0.318021
125.410004,78.918106,314.007202,1490.200684,0.690399,-0.446615,1.425610
159.199997,113.173386,342.687500,1525.412354,0.609743,0.144532,0.186426
86.760002,79.773590,351.669342,1742.045776,0.566038,-0.005064,0.010966
119.800003,67.309509,301.995911,1883.311279,0.594559,0.000000,0.000000
113.839996,67.092743,305.074524,1938.144775,0.584903,0.000000,0.000000
119.000000,91.900345,369.242920,2054.210938,0.576795,0.000000,0.000000
110.879997,58.477203,297.478027,2191.779785,0.563488,0.193739,0.394784
101.459999,59.199787,301.840027,2125.911621,0.624698,-0.190088,0.274156
132.690002,55.433319,310.812134,2201.631348,0.608040,0.141199,0.274156
97.389999,57.253372,300.684387,2286.879883,0.740719,-0.088343,0.054831
110.980003,62.657021,309.183990,2344.926758,0.574971,0.858158,2.149381
125.910004,54.552490,316.122742,2574.029053,0.635005,0.188086,0.098696
128.850006,53.263062,272.625000,2342.464600,0.769634,0.279914,0.175460
110.419998,47.656834,320.162079,2692.641846,0.731730,0.431087,0.537345
107.519997,67.514320,292.423096,2650.588623,0.284726,0.359669,1.096623
44.349998,29.347919,134.061111,2221.394531,1.853429,6.234647,31.001524
18.650000,111.488617,104.766777,1995.849487,0.737542,2.001606,68.264763
29.309999,153.590317,152.470795,2003.388184,2.839087,3.222930,11.218451
12.330000,8.861726,-27.555733,1717.551392,1.057061,5.676399,68.100266
43.430000,4.080380,-22.990120,1593.500000,1.735777,1.895263,29.071468
24.610001,7.192738,47.555534,1713.211060,1.635038,6.485882,35.135792
155.380005,232.468018,455.086456,1489.343628,2.100423,1.689134,23.522556
27.780001,1.125112,32.345673,1598.548828,1.276651,3.905915,51.343876
33.669998,2.976216,68.472694,1652.793213,1.091816,1.402032,8.125975
60.950001,38.242828,210.067093,1748.115845,0.909529,3.784399,18.127174
83.449997,65.215240,258.220703,1995.000610,1.386390,0.531767,2.259043
128.929993,114.237198,297.805176,2077.940430,1.645840,0.353237,0.800535
132.699997,84.908112,308.552551,2142.117432,1.649967,0.525169,1.995853
71.209999,87.237495,213.117950,2162.116455,1.419770,0.536417,1.173386
104.540001,65.460876,245.914230,2264.707520,1.551249,0.332988,1.776529
70.430000,77.302780,243.924164,1494.183960,1.494475,-0.371598,22.436899
94.660004,52.614479,242.889923,1287.765259,1.622792,-1.818320,12.479567
99.309998,86.096329,277.515533,1221.570068,1.048566,0.405417,4.660646
133.740005,88.576057,287.142548,1310.467651,1.281155,-0.338856,2.730591
153.289993,116.531601,315.569397,1305.047485,1.026480,0.253242,3.574990
116.760002,97.954811,314.037781,1367.666626,1.098499,-0.131963,1.370779
86.709999,108.034676,362.951904,1434.494385,1.074419,0.032668,0.043865
153.479996,85.477768,316.966522,1541.404907,0.739546,1.027118,1.732664
116.169998,103.735451,356.013885,1596.074585,0.369029,1.033928,3.311801
120.940002,82.104950,319.729614,1554.045288,0.713258,0.532750,2.851219
105.730003,79.822464,319.445831,1616.765259,0.325685,0.869732,2.686726
120.790001,79.142151,359.832458,1670.934692,0.472818,0.022329,0.219325
92.459999,60.978443,307.130890,1924.685791,0.370669,0.102896,0.241257
89.139999,73.508163,322.929565,1707.145508,0.422620,0.556038,11.328113
87.169998,92.351852,332.926300,1809.698486,0.578135,-1.260725,8.049211
147.199997,77.249344,227.094849,1627.624023,0.277644,-0.602939,6.360412
77.449997,101.222870,226.914291,1559.213867,2.337379,4.370294,8.959408
44.230000,13.737761,49.961178,1447.160645,0.108521,2.532516,109.333298
33.110001,10.415779,43.774010,1330.004150,0.351062,0.948173,72.486763
54.619999,5.204268,76.544113,1490.048584,1.733738,5.492592,28.183203
102.860001,77.453140,270.299469,1507.184082,0.609160,2.354799,97.895508
36.900002,0.460178,17.945623,1347.175049,1.592710,2.010312,50.587208
60.580002,9.289786,102.552826,1413.383545,2.038982,3.732269,19.859837
27.230000,1.937167,36.035313,1440.656738,0.420740,2.319807,60.796764
162.750000,76.779854,207.187317,1435.889771,1.145037,0.597096,3.267935
92.389999,104.632919,231.345322,1719.317993,0.821564,2.120817,10.549510
122.209999,129.667343,271.842102,1696.153564,0.603050,0.248792,8.608488
80.489998,194.922012,275.334076,1857.652832,0.915203,0.385738,0.493480
88.669998,135.730804,332.883514,1949.996826,0.792920,0.575370,1.513340
69.989998,126.526863,219.288086,1937.975220,0.984204,0.021313,0.010966
96.349998,224.102554,447.074493,1292.197021,0.905628,0.495948,5.351519
77.000000,85.815178,295.620270,1302.382324,1.061853,-0.629090,4.013639
135.910004,137.560638,326.663513,1051.222534,0.879056,0.000000,0.000000
162.899994,82.967957,303.112366,1375.191040,0.906577,-0.149688,1.425610
143.809998,95.879715,307.020996,1350.937744,0.905346,0.056909,0.021932
149.050003,87.001312,317.141174,1624.449829,0.758190,0.356058,0.636041
128.339996,119.095642,357.033142,1710.721924,0.872382,0.027123,0.043865
157.190002,75.185745,315.925507,1911.293823,0.917414,0.000000,0.000000
124.070000,65.664978,310.567139,1917.112061,0.977634,0.000000,0.000000
163.660004,65.857246,304.560608,1998.365723,1.049033,-0.049029,0.098696
124.000000,60.098473,305.132507,2066.382080,1.041726,0.258529,0.394784
148.949997,59.117294,304.401642,2151.345215,1.071489,-0.087634,0.043865
104.989998,51.942276,282.531189,2211.218506,0.998884,0.130310,0.175460
77.849998,58.918236,303.420227,2220.128906,0.963576,1.371647,4.386491
114.330002,70.604080,322.601410,2275.091309,0.623311,0.000000,0.000000
109.559998,58.279907,294.533386,2410.184814,0.904252,0.000000,0.000000
99.550003,52.311054,289.539154,2386.703613,0.696428,0.310331,1.590103
113.000000,47.529446,291.354767,2457.151611,0.811044,0.203291,0.274156
109.129997,60.704845,258.676331,2612.429199,0.542466,0.187866,6.974521
104.900002,75.859138,149.381378,2202.870850,2.114965,0.486928,0.975994
18.490000,13.946383,-58.272137,2034.560181,1.326493,3.167648,93.015533
25.459999,166.009323,115.492943,1804.062256,2.030730,0.754367,31.341475
108.440002,14.311336,19.149878,1744.722778,1.436685,3.858006,19.947567
25.090000,25.425121,36.914352,1625.060913,1.491085,2.360581,45.202789
80.790001,7.943510,50.014183,1705.395752,3.227721,-6.522731,19.519884
50.230000,0.238439,19.325481,1739.953613,4.555133,4.695665,23.577389
46.419998,1.655491,39.125336,1751.802612,2.834587,0.504824,20.035295
36.660000,1.455568,42.730091,1686.552002,2.478365,2.471670,32.131042
45.200001,1.680829,48.922165,1683.678955,1.691053,4.761695,23.917343
111.510002,42.723907,224.884140,1708.779053,0.138213,1.086786,68.462158
68.550003,182.436340,326.621521,1803.120117,2.046668,1.631821,18.171038
43.619999,27.165970,122.934624,1219.125366,1.016483,2.503805,32.438099
101.230003,72.021698,182.275589,1034.164429,0.746075,0.334371,15.593975
135.729996,85.753403,262.002441,1196.716431,1.094631,1.040921,4.123302
64.230003,42.003498,185.475143,1107.148193,0.910207,-0.856835,22.996178
142.080002,110.715630,336.625519,1284.297363,1.009946,-0.012091,0.888264
141.820007,93.756813,312.892212,1312.627808,0.972526,0.308522,3.914943
136.339996,91.900696,317.737061,1409.207520,1.042611,-0.004765,0.010966
127.660004,91.514259,341.796509,1503.453613,0.998496,-0.054906,0.043865
116.750000,76.194504,306.568085,1525.562256,0.977600,0.122547,0.274156
116.370003,76.365852,324.619171,1598.109619,0.970832,0.018882,0.142561
158.830002,62.350658,296.916443,1754.236084,0.938275,0.331316,1.908124
111.470001,47.741806,263.562592,1956.285889,0.936113,0.146065,4.386491
86.639999,63.678585,291.110809,1575.648315,0.939308,-0.184282,2.149381
98.949997,71.682137,304.238647,1613.544922,1.026847,-0.286452,0.986960
140.429993,59.491600,280.297852,1645.893311,1.070806,-0.061366,0.054831
151.350006,79.761742,312.393616,1573.772827,0.940628,0.056271,0.054831
120.669998,88.159508,315.772003,1563.239868,0.956535,-0.319131,3.180206
119.650002,67.190720,301.062012,1747.902832,0.924577,-0.206103,3.081510
97.919998,65.925041,256.792419,1586.064331,0.223601,0.274926,23.489656
73.790001,196.334427,274.453308,1644.912354,0.220084,-0.931551,12.874351
97.510002,72.920883,200.505585,1613.919922,2.785935,3.127453,7.961481
26.900000,1.746364,14.022392,1433.408081,1.084325,3.699443,84.264488
28.320000,0.650628,20.530457,1245.301758,1.365876,2.637868,59.645309
46.750000,129.120041,236.917984,1038.891113,1.847918,2.593154,47.176708
23.059999,0.164138,12.945187,1172.449707,1.099797,2.378982,76.829391
43.650002,218.141541,310.775146,947.155640,1.124200,1.524846,80.437279
67.720001,27.535831,78.383965,766.026611,2.104281,-6.808728,55.763268
36.330002,13.584438,79.435730,916.942139,1.089822,-0.548893,88.278130
131.339996,2.665403,30.772350,773.451172,0.223291,-0.346275,15.583008
99.660004,167.263962,349.838196,887.990845,0.391451,-0.096019,0.318021
99.070000,115.317543,312.110931,1025.886475,0.368458,0.504078,3.180206
130.080002,107.496933,301.364105,1109.996338,0.681984,0.000000,0.000000
150.179993,112.819885,304.951599,1038.116211,0.768941,0.276840,0.811501
115.919998,95.302856,298.070313,1067.997070,0.905696,0.000000,0.000000
87.110001,82.865257,294.079742,1146.419434,0.933150,0.408269,1.239184
119.199997,81.993347,301.730347,1212.716553,0.951810,0.104559,0.175460
108.720001,74.943558,291.534576,1306.194214,0.997513,-0.031126,0.010966
117.290001,67.273140,292.663696,1414.522217,1.018018,0.000000,0.000000
129.289993,51.514427,263.819244,1521.911011,0.928509,0.000000,0.000000
104.599998,57.579071,275.075958,1628.107910,0.952773,0.156535,0.186426
84.010002,55.360748,250.844116,1658.643433,0.911250,0.316046,2.807354
116.980003,78.679665,363.397430,1790.644897,0.918014,0.000000,0.000000
65.320000,31.144901,219.123688,1726.577637,0.971291,-0.958193,8.597523
120.320000,41.380524,264.703613,1791.130493,0.866821,-0.009104,0.010966
108.050003,46.166172,283.508850,1820.166016,0.892991,-0.028510,0.219325
101.529999,45.831604,276.624817,1895.855713,0.873732,0.000491,0.043865
124.230003,43.813965,265.840332,1883.028320,0.878914,-0.040104,0.274156
111.510002,41.649372,265.573425,2028.220215,0.838857,0.042703,0.043865
97.690002,41.185841,259.393219,1988.822021,0.805988,0.034998,0.548311
130.240005,31.760057,236.051193,2020.218628,0.870651,-0.079804,0.175460
104.320000,39.256924,263.085327,2039.285522,0.854505,-0.079340,0.109662
92.110001,30.454229,241.148727,2124.859131,0.850139,-0.021325,0.043865
114.430000,30.786236,247.570404,2186.522461,0.875716,0.000000,0.000000
65.070000,35.625443,265.424377,2246.137451,0.839273,0.000000,0.000000
108.330002,33.647743,252.568939,2237.580566,0.661930,0.377855,0.493480
94.949997,31.855703,242.709030,2250.370361,0.672664,0.229778,0.098696
81.110001,27.194569,226.949127,2327.644043,0.740916,-0.014374,0.098696
70.910004,26.444019,215.263748,2273.247559,0.809692,-0.175033,0.636041
100.070000,28.336105,244.709686,2305.310303,0.689609,0.102779,0.197392
107.870003,34.245705,246.633667,2386.520996,0.713373,-0.445038,1.250150
91.230003,34.345226,235.526611,2432.298828,0.484290,-0.040103,0.186426
98.389999,32.220798,209.315567,2427.785400,0.544865,-0.060115,3.553057
109.940002,34.787277,234.279160,2478.243652,0.538774,0.011598,2.028752
107.040001,35.558559,228.475403,2508.031738,0.587832,0.293948,3.081510
72.389999,37.060577,266.469421,2565.713867,0.497905,-0.052693,0.548311
107.389999,46.180977,277.284027,2682.352295,0.796056,0.456459,1.414644
82.910004,28.215744,215.542358,2767.772949,0.587681,-0.058213,10.034098
72.699997,41.577610,250.533417,2668.324951,0.685882,0.092207,0.361886
97.040001,35.255615,224.311615,2743.916748,0.777614,0.173552,0.274156
78.290001,17.595581,173.215210,2647.254150,0.878560,-2.143915,21.197716
130.500000,40.359825,252.810806,2710.862305,0.620359,-0.167955,0.537345
96.930000,44.143051,264.257416,2756.887939,0.694314,0.913054,3.070544
108.610001,42.149261,267.009094,2788.515137,0.321598,-0.021030,0.043865
108.650002,90.431274,331.918457,2796.741211,0.553254,-0.063090,0.701839
96.519997,61.534290,266.033142,2920.947266,1.267907,1.198428,1.546238
53.459999,9.987782,38.721764,2570.942139,3.452298,4.539058,19.333458
56.590000,8.417000,-4.628227,2682.556641,3.257719,1.105855,15.275955
113.180000,5.104320,-56.757759,2396.509277,2.828176,2.029339,40.399582
150.080002,4.690447,-2.556458,2354.669189,1.052938,2.181773,19.048336
63.790001,27.707748,165.064758,2493.691895,2.692410,3.465089,9.759942
22.500000,1.866397,12.625618,2219.309326,0.077012,0.522162,56.136120
130.350006,73.852432,290.942871,2331.215332,1.183485,-0.100252,2.467401
99.959999,35.610046,223.535950,2299.116455,0.780045,1.738828,6.689398
100.480003,46.467663,290.361786,2308.150146,1.219894,0.121860,6.283648
87.169998,35.850597,248.699600,2494.725098,1.216840,0.035159,0.098696
70.389999,36.197258,241.091934,2445.839600,1.163387,0.401480,3.882044
101.000000,48.626987,308.265564,2319.273682,0.475979,1.124428,5.110261
105.760002,35.549774,259.107635,2510.009766,0.674378,0.223431,3.136341
113.279999,31.736540,262.138153,2460.149902,0.357460,0.379240,11.755796
131.020004,44.241833,290.994354,2604.766846,0.524412,0.078171,0.109662
86.519997,31.279558,268.025909,2540.164551,0.489139,-0.362343,2.851219
99.419998,37.569756,267.509125,2600.032471,0.319686,0.234984,2.862185
98.610001,38.167320,255.128143,2570.924805,0.417675,-0.202020,0.745703
94.720001,41.507736,303.185822,2640.427002,0.304352,0.122103,0.372852
115.370003,35.342392,262.099579,2673.189697,0.325042,-0.002602,0.142561
104.650002,33.668148,272.643646,2684.113037,0.294411,-0.061030,0.098696
91.349998,102.416061,259.634521,2683.013672,0.171975,-0.053746,0.087730
63.869999,34.731628,94.846184,2760.397705,2.219606,5.937270,16.723497
155.839996,93.962914,90.764259,2378.750488,0.677556,2.983958,40.026726
14.580000,14.344995,-7.207363,2274.481201,1.423402,2.592074,36.067921
28.080000,15.368562,-23.014763,2271.718018,1.544966,4.109231,73.418892
27.230000,7.519865,-18.783833,2251.314697,0.012666,-0.389595,65.139389
124.449997,128.638931,291.813538,2192.018066,1.706710,0.875633,7.610561
62.250000,37.754932,165.650055,1959.442139,0.564906,1.213120,20.605539
121.410004,58.269356,276.009064,2329.651611,1.281150,-0.022004,2.149381
61.200001,43.217506,163.582794,2333.982910,0.268890,0.369035,17.392437
100.010002,70.135941,309.369690,2281.407959,0.560982,0.984310,3.410497
81.889999,75.459808,316.063293,2017.953979,0.711986,-0.148799,0.888264
72.650002,46.010162,273.842865,2219.965576,0.357125,0.806013,3.871078
145.649994,59.764633,303.274017,2130.078857,0.403464,0.000000,0.000000
131.740005,57.919945,316.272064,2149.522705,0.383978,0.183517,1.140488
109.000000,43.657349,251.726135,2205.162842,0.427402,0.022094,0.581210
129.020004,50.562752,305.337708,2298.393799,0.318922,0.319599,1.721698
125.540001,42.967316,262.639099,2360.812012,0.488843,0.075769,0.087730
118.800003,44.771980,273.267700,2334.018555,0.293566,0.156226,0.647007
134.699997,44.590511,266.425537,2496.679443,0.386350,0.032449,0.098696
104.190002,47.127296,265.352936,2517.738037,0.365666,0.168919,0.175460
83.680000,53.783447,318.477448,2678.562256,0.321352,0.086259,0.043865
91.470001,49.061310,282.704773,2611.095947,0.312355,0.156159,0.219325
101.750000,49.838066,324.330841,2724.941895,0.228064,-0.037919,0.043865
94.430000,74.088165,320.426331,2932.506592,0.369396,0.231583,0.274156
24.379999,21.378551,52.691856,2605.994141,2.449132,5.432932,25.156525
18.809999,44.740425,66.230728,2548.602539,0.074181,1.707739,69.218826
48.410000,8.892859,-46.692703,2495.903564,2.914796,-0.280681,25.101694
42.090000,81.450562,168.784164,2303.621094,0.041970,1.653467,110.758896
54.419998,7.754742,55.423012,2471.533447,1.358128,0.036250,59.283421
74.669998,37.904903,213.112350,2461.839844,0.193194,0.946289,39.346825
60.650002,6.750813,95.113579,2313.285889,0.474999,0.946100,8.487860
91.930000,32.024967,217.752090,2314.917480,0.516535,0.098958,18.258770
102.980003,47.641407,271.376770,2320.113037,0.468663,0.669141,13.126575
115.169998,43.910606,244.601044,2192.222168,0.471602,0.298810,13.411696
106.559998,46.105675,251.206009,2097.914795,0.898991,-0.935473,6.864858
100.820000,77.834961,353.962158,2171.690918,0.588498,0.704651,2.215178
66.190002,39.820606,243.469131,2154.281006,1.060182,-1.773445,14.091601
85.730003,63.963844,318.574585,2137.175537,0.698515,0.248324,1.337880
119.620003,57.476967,302.247833,2128.020996,0.697909,0.995411,7.610562
124.610001,63.197041,328.954803,2246.770996,0.565894,0.215718,0.372852
113.739998,54.784973,309.319183,2273.052246,0.572069,0.993985,4.101369
147.990005,51.592361,298.235870,2326.846436,0.421890,0.192304,4.825140
104.989998,47.700024,307.928253,2475.527100,0.520539,0.206768,1.326914
93.559998,50.692085,301.318878,2374.572754,0.606726,-0.548480,5.483114
158.789993,57.568581,341.110992,2396.222900,0.592181,0.152484,0.285122
127.820000,48.178799,294.673401,2281.742920,0.632658,-0.551936,5.132195
116.760002,65.719528,354.763733,2273.481934,0.715002,-0.599558,2.423536
64.529999,268.214020,262.634094,2178.781738,0.586822,0.136949,0.943096
114.389999,101.380981,255.273941,2206.213867,2.175848,0.313886,0.285122
19.690001,20.331133,43.825600,2186.257080,0.236235,2.963414,96.031250
54.450001,33.706600,59.742687,1897.027954,1.684373,1.314095,40.673737
60.580002,12.451869,57.765820,1919.283691,2.391307,1.419546,59.842705
38.110001,4.602703,22.308132,1977.314575,0.960569,2.089609,87.795609
110.699997,57.689690,177.515930,2011.419067,0.889957,2.597468,25.200390
26.360001,9.945534,34.545769,2141.772705,0.863951,3.060902,92.883934
33.889999,6.624035,33.657822,1537.180908,0.612315,2.873271,117.459251
60.580002,15.865895,86.440880,1532.677246,1.098003,0.219230,62.880348
49.290001,11.352034,105.305450,1535.375854,0.663118,3.376878,38.096672
255.520004,118.158470,248.640411,1248.614380,0.189878,0.789918,40.443451
95.190002,39.968147,248.049667,1760.171143,0.716069,0.806954,10.231490
48.849998,18.059975,117.682526,1593.900513,0.066727,-0.026139,36.188553
156.770004,122.958862,345.308075,1531.629150,0.282241,0.144906,0.943096
131.050003,92.594894,311.041138,1484.037842,0.397082,0.541430,4.068470
132.770004,87.169495,335.682373,1868.688965,0.449965,0.083757,0.109662
130.880005,99.888496,343.455505,1805.777954,0.373166,0.263941,0.668940
99.599998,108.670944,370.746399,1742.846436,0.437233,-0.039889,0.548311
107.930000,83.612885,333.299377,1576.889282,0.463513,-0.087316,0.318021
146.419998,97.060730,337.789093,1516.346191,0.434266,0.007163,0.274156
117.440002,89.362610,346.243378,1658.723267,0.444997,0.000000,0.000000
168.520004,87.521576,346.427979,1770.848633,0.432520,0.139957,0.098696
147.460007,82.576172,334.145538,1852.260742,0.417458,0.000000,0.000000
109.739998,87.465408,358.691162,2016.484009,0.380818,0.046015,0.010966
102.190002,81.107285,362.570404,2164.726563,0.424390,0.000000,0.000000
130.899994,66.018005,344.658508,2254.059570,0.426200,0.000000,0.000000
103.580002,72.777046,351.501343,2337.237305,0.405676,0.151151,0.098696
98.599998,64.089203,340.169128,2452.040039,0.346039,0.091034,0.043865
122.029999,61.566044,326.943787,2407.622803,0.310141,0.110299,0.274156
74.050003,134.275055,200.734711,2401.782227,0.214342,0.277799,0.592176
110.080002,117.845139,170.949921,2333.984863,1.479253,0.985950,1.041792
132.179993,16.650860,-53.615398,1998.955811,0.310592,1.265561,54.403458
15.830000,18.083233,-22.533142,2112.406738,2.215667,2.385572,35.760864
32.270000,249.540833,266.921936,1904.299805,0.654662,2.790145,63.362858
28.969999,8.344039,11.774734,1941.239746,2.709808,5.967394,36.616230
31.750000,13.986244,64.550064,1919.791992,0.096073,2.248725,108.324387
133.309998,70.541008,303.369537,2109.622803,1.605849,5.640059,26.329910
83.260002,2.704628,25.930775,1985.771973,0.192745,1.571896,73.013138
51.380001,25.339470,161.356781,2019.871948,1.703223,3.676573,19.837906
33.189999,2.331670,42.576385,2162.571533,0.650903,1.488039,86.128746
42.340000,18.958199,170.495117,1838.474121,0.393147,-0.561047,65.501282
106.930000,58.477074,263.880554,2222.577637,0.804414,3.277006,19.662445
27.430000,4.058759,60.158909,1119.397827,0.318191,2.644488,56.541870
46.660000,156.461014,249.428650,828.892212,0.155012,-0.296845,76.939049
143.210007,96.559174,249.583954,859.420593,0.196534,0.354341,2.248077
113.629997,139.666931,298.067108,823.510498,0.183314,0.267161,8.794913
111.330002,109.060608,290.463104,841.161865,0.441580,-1.110644,8.575589
88.510002,126.563782,315.278687,908.282349,0.170337,0.639850,6.250750
127.900002,163.271057,326.780060,1031.120605,0.377648,0.579879,12.819520
102.680000,49.179993,240.078598,1223.591797,0.108877,0.634536,13.773580
102.330002,66.250992,273.879486,1236.977661,0.576090,1.363993,4.660646
71.430000,120.732117,278.438782,1343.244873,1.099653,2.337105,7.259643
108.440002,47.372520,198.874512,1522.788574,0.725466,2.373517,13.927109
44.500000,19.453506,125.953964,1518.990967,1.061393,1.664152,24.608212
135.320007,110.316032,290.638458,1580.895508,0.469333,1.632700,9.792841
98.209999,59.584225,231.620880,1721.545410,1.191116,1.600875,3.838179
111.919998,55.188576,217.494186,1706.359375,0.952737,0.833821,6.513939
129.960007,44.168335,206.297607,1836.452026,1.068112,-0.509202,4.836106
114.540001,52.701881,230.919891,1959.560059,0.923697,0.982678,2.302908
78.800003,43.660034,234.404648,2010.927124,1.052852,0.250146,0.142561
102.570000,46.046150,247.165344,2079.421631,0.784630,0.681402,0.954062
104.250000,45.792358,255.182861,2179.029785,0.627705,0.433581,1.162420
91.699997,41.986183,253.626511,2199.533691,0.887366,0.256082,0.394784
110.529999,40.514732,235.688141,2279.122070,0.601800,0.600520,2.160347
109.309998,34.028893,233.503220,2373.298340,0.738509,0.256617,0.142561
91.180000,36.454849,234.331848,2457.255859,0.738289,0.078897,0.043865
93.500000,26.854364,222.991882,2456.104248,0.687706,0.161683,0.274156
89.889999,27.020710,219.005219,2433.014404,0.733704,0.081366,0.745703
94.430000,28.826387,232.729523,2496.895996,0.695656,0.132046,0.054831
93.209999,29.447369,248.066559,2544.564209,0.568252,0.121715,0.054831
80.989998,31.629951,232.773712,2671.314941,0.614552,0.228763,0.318021
104.669998,24.881195,217.447479,2685.706543,0.646599,-0.010872,0.010966
65.320000,27.694469,240.160172,2736.502930,0.647642,0.000000,0.000000
73.309998,24.582275,218.483810,2708.565674,0.658120,-0.009663,0.010966
94.139999,18.532471,200.088165,2794.015137,0.629312,0.208992,0.142561
93.849998,22.226440,196.095459,2769.347656,0.610438,0.000000,0.000000
94.260002,24.021526,223.686554,2855.774414,0.455315,0.000000,0.000000
77.199997,20.739632,199.753693,2849.353027,0.462866,0.373412,3.004746
82.389999,18.064129,194.758072,2837.264648,0.445478,0.096156,0.098696
82.389999,19.134516,190.307861,2871.206543,0.489057,0.000000,0.000000
85.230003,20.970526,186.221130,2791.732666,0.485367,0.000000,0.000000
74.269997,19.914822,212.692719,2916.161621,0.455858,0.141776,0.372852
92.220001,17.558483,201.081650,2936.548828,0.444089,0.000000,0.000000
68.720001,19.395306,211.492859,3013.990723,0.459401,0.000000,0.000000
72.830002,19.221142,197.053818,2932.671387,0.465126,0.000000,0.000000
105.010002,18.384190,215.011520,2961.089844,0.456525,-0.039848,0.043865
97.459999,16.154942,202.366837,3033.448975,0.408934,0.186404,0.274156
78.589996,19.863621,194.106857,3016.400146,0.469298,-0.208054,0.405750
82.040001,18.320517,209.686874,3049.971191,0.366296,0.248494,0.888264
66.269997,17.736214,218.401154,3044.728516,0.396704,0.000000,0.000000
79.070000,15.341336,195.186584,3052.430664,0.393460,0.089515,0.054831
98.160004,11.730741,168.744446,3089.697021,0.404772,-0.050124,0.043865
79.639999,10.743919,153.960205,3130.209473,0.398924,0.000000,0.000000
101.349998,11.749502,168.200638,3129.145020,0.424184,-0.058724,0.043865
81.860001,14.528869,185.089722,3130.692383,0.403435,0.000000,0.000000
56.830002,15.081511,200.648621,3147.114258,0.417716,0.043580,0.010966
67.500000,13.607068,196.958649,3212.559814,0.379286,0.175364,0.701839
73.790001,14.312502,184.116760,3195.777344,0.386189,0.000000,0.000000
79.989998,10.607357,164.725708,3147.395996,0.406181,0.000000,0.000000
83.660004,13.948027,174.557068,3153.757324,0.414858,-0.057172,0.043865
60.150002,10.810791,168.717743,3183.690674,0.412339,0.000000,0.000000
70.080002,9.070452,152.771805,3184.189941,0.391471,0.000000,0.000000
75.500000,9.517821,167.361847,3201.481934,0.407533,0.000000,0.000000
55.639999,10.743544,174.285370,3249.710693,0.413979,0.000000,0.000000
74.839996,12.272319,181.918747,3237.208984,0.413599,0.000000,0.000000
91.580002,12.605636,183.823151,3235.930908,0.413039,0.000000,0.000000
62.700001,9.454678,169.010681,3270.841553,0.360550,0.086778,0.712805
72.529999,10.689312,154.775116,3225.343262,0.510887,-0.368996,0.899231
74.050003,11.218081,176.197876,3244.370850,0.368934,0.124508,0.537345
63.650002,14.024725,190.438293,3197.478516,0.471870,-0.249700,0.416717
80.389999,12.077072,180.611801,3240.063232,0.387344,0.088493,0.175460
79.470001,11.980545,182.171173,3182.306396,0.455435,-0.109755,0.098696
74.269997,12.043677,176.640045,3260.880371,0.395126,-0.049166,0.043865
67.150002,17.763279,225.459015,3243.759766,0.424096,0.000000,0.000000
61.200001,12.447283,184.489777,3270.485596,0.423059,0.000000,0.000000
79.989998,8.357194,142.010544,3242.554443,0.412207,-0.043035,0.010966
101.589996,7.257011,125.780624,3272.741211,0.365347,-0.049742,0.098696
68.900002,9.968194,170.051788,3273.953613,0.511504,-0.085237,0.043865
87.379997,8.331642,151.329514,3217.866211,0.365482,0.018525,0.010966
65.750000,14.970158,194.798523,3221.748291,0.485484,0.081285,0.043865
65.580002,10.323706,168.247055,3184.192871,0.403145,-0.209950,0.701839
68.680000,10.239855,158.724686,3217.983643,0.426691,0.127066,0.175460
53.830002,11.147648,172.613220,3232.405273,0.447488,0.000000,0.000000
77.940002,9.031670,158.630386,3219.310547,0.432331,0.000000,0.000000
83.889999,9.641931,158.138901,3245.689453,0.437944,0.000000,0.000000
63.130001,10.404573,163.917526,3260.078613,0.407561,0.249969,0.888264
62.430000,9.994040,172.665375,3251.020264,0.453816,-0.450358,1.853292
69.769997,11.709682,179.592468,3233.476074,0.425588,0.227036,0.701839
50.220001,10.396650,179.707245,3269.654053,0.408225,-0.231012,0.932129
81.209999,9.419720,156.722794,3206.644287,0.481131,0.156434,0.175460
83.489998,10.983383,154.510834,3230.744141,0.421062,-0.207979,0.537345
74.580002,9.230847,165.607162,3190.791748,0.454449,0.000000,0.000000
73.050003,8.979793,167.247009,3250.409424,0.434961,0.000000,0.000000
56.619999,11.356785,181.022034,3281.916260,0.377021,0.000000,0.000000
71.129997,12.568572,186.458191,3263.556641,0.431756,0.032682,0.010966
92.389999,10.701174,161.445221,3266.727051,0.348327,0.091137,1.326914
66.760002,9.306087,148.918762,3279.560547,0.499321,-0.319735,0.548311
77.720001,11.447313,191.945908,3290.511719,0.371393,0.137530,0.888264
90.820000,9.866295,152.380081,3270.543213,0.620489,-0.789446,2.193246
62.250000,12.111443,187.134735,3256.938965,0.393051,0.207662,0.548311
55.259998,12.338377,190.899780,3240.453857,0.484649,-0.110938,0.098696
72.570000,10.495697,169.565338,3242.752441,0.432626,-0.027769,0.010966
66.620003,9.626664,169.134933,3293.659180,0.420851,-0.023132,0.010966
66.099998,9.231485,168.301590,3303.222412,0.446327,0.000000,0.000000
65.970001,12.000387,172.056747,3257.434082,0.454594,0.033326,0.010966
72.180000,6.901093,130.713776,3310.262695,0.364266,-0.053138,0.175460
84.930000,9.519313,147.902008,3250.250488,0.608937,-0.052991,0.010966
64.000000,12.141263,192.615173,3298.073486,0.369285,0.113890,0.701839
51.759998,11.110259,177.038788,3268.498047,0.473968,-0.027347,0.010966
88.379997,7.907918,146.430878,3261.991699,0.433009,-0.023385,0.010966
75.889999,11.609913,183.179260,3206.376709,0.444113,0.000000,0.000000
62.599998,8.782646,154.961731,3270.501953,0.476169,0.029676,0.010966
87.440002,13.759748,201.937958,3265.860107,0.453847,0.000000,0.000000
85.760002,11.385990,186.940308,3290.751221,0.453708,0.000000,0.000000
66.760002,10.205011,154.012299,3260.110352,0.442304,0.236574,0.701839
72.879997,10.197989,168.975342,3246.254883,0.467041,-0.202176,0.394784
59.840000,8.255484,154.530334,3250.897949,0.427241,0.082182,0.098696
75.370003,8.595750,155.354645,3242.143311,0.475631,-0.174227,0.274156
59.669998,12.025664,192.612427,3265.692383,0.458405,0.000000,0.000000
71.349998,8.503220,156.726822,3263.876221,0.522893,-0.303730,0.537345
88.550003,12.214378,184.010620,3198.937500,0.460010,0.031737,0.010966
98.330002,11.862740,188.506714,3252.086426,0.476928,0.000000,0.000000
55.610001,13.390272,192.210083,3217.019531,0.470956,0.000000,0.000000
68.290001,10.253843,175.443253,3273.697754,0.479740,0.000000,0.000000
69.730003,9.175953,159.456009,3220.072998,0.395391,0.128415,0.888264
55.990002,10.354216,166.130249,3257.465820,0.642842,-0.653678,1.579137
69.250000,13.085551,203.105469,3242.875000,0.388665,0.000000,0.000000
84.879997,11.124016,178.675720,3267.794434,0.471395,-0.260287,0.701839
77.070000,8.876717,158.613556,3265.565186,0.470448,0.032227,0.010966
71.300003,9.641030,172.384247,3234.927979,0.518798,-0.077746,0.043865
64.489998,10.053815,172.164307,3215.963867,0.497309,0.000000,0.000000
60.849998,11.815205,192.971664,3280.831543,0.476455,0.033653,0.010966
69.989998,10.068865,167.104294,3185.241943,0.481173,0.000000,0.000000
68.720001,11.148146,182.649002,3314.603271,0.463033,0.000000,0.000000
94.139999,9.971233,155.823135,3219.765625,0.418910,-0.024713,0.087730
62.560001,9.886883,171.288879,3283.785156,0.540616,-0.040962,0.010966
68.589996,9.123863,157.751358,3287.252441,0.423993,0.060090,0.021932
69.550003,11.092253,178.776245,3246.713867,0.520479,-0.155847,0.175460
73.750000,9.694035,173.888977,3283.132813,0.470431,0.000000,0.000000
60.849998,9.781521,167.063095,3264.140381,0.477971,0.000000,0.000000
87.559998,5.822268,134.657913,3266.565430,0.511200,-0.074301,0.043865
77.820000,8.859385,154.451736,3337.507568,0.476485,0.000000,0.000000
80.169998,7.339862,141.737503,3247.543701,0.483953,0.000000,0.000000
71.349998,8.589594,158.499817,3293.155029,0.472000,0.350207,1.107589
62.740002,10.849638,183.869324,3280.895508,0.508207,-0.415243,1.107589
70.430000,10.236135,172.022675,3253.397705,0.502278,0.217868,0.285122
78.989998,10.818145,164.618958,3305.817383,0.466709,0.000000,0.000000
58.930000,10.598831,180.685577,3237.070557,0.500722,-0.035211,0.010966
84.989998,15.097121,220.675980,3297.396729,0.480883,0.000000,0.000000
75.720001,8.980145,156.551620,3224.148193,0.470433,-0.092172,0.098696
63.520000,7.581511,142.304306,3271.050781,0.525074,0.115006,0.098696
70.470001,9.386156,168.249802,3338.917969,0.479670,0.000000,0.000000
72.349998,10.626327,161.676071,3201.473877,0.485384,0.000000,0.000000
55.959999,9.776052,147.927124,3273.527344,0.423011,0.135789,0.537345
97.919998,9.226601,157.296661,3248.833008,0.514915,0.000000,0.000000
78.639999,8.791778,158.944992,3268.516602,0.450733,0.000000,0.000000
74.750000,7.945617,145.403091,3284.189941,0.467470,-0.060093,0.043865
77.639999,11.330089,173.115997,3226.607666,0.471258,0.000000,0.000000
56.660000,11.140813,179.312485,3253.481445,0.480738,-0.025896,0.010966
73.750000,8.965237,161.460876,3217.304443,0.509788,-0.183624,0.274156
76.419998,7.997869,156.775116,3250.295898,0.511143,0.088263,0.098696
60.930000,8.565000,159.376617,3294.043457,0.508414,-0.032893,0.010966
79.989998,11.411963,172.218613,3216.144287,0.477028,0.026271,0.010966
75.500000,12.308718,190.724518,3238.531250,0.419348,0.093891,0.274156
53.540001,11.182202,178.333923,3282.535156,0.578423,0.000000,0.000000
78.169998,8.257090,154.377808,3232.421631,0.472980,0.000000,0.000000
98.860001,8.052889,155.593597,3268.838135,0.487139,0.000000,0.000000
73.050003,8.248831,155.397766,3254.578613,0.481302,0.000000,0.000000
71.519997,10.215424,181.053284,3241.676270,0.524740,0.114123,0.098696
60.680000,10.666464,181.856110,3256.225586,0.522300,-0.157650,0.175460
75.849998,8.360060,158.101685,3288.175293,0.452621,0.112000,0.175460
76.849998,8.161765,156.597855,3272.496094,0.514311,-0.116881,0.098696
69.379997,7.151751,133.013092,3264.671631,0.437145,0.161281,0.285122
66.269997,13.320557,187.396484,3221.725342,0.436210,-0.074771,0.098696
96.290001,7.275011,135.873260,3292.561279,0.480257,0.000000,0.000000
61.169998,6.986483,143.152725,3283.592773,0.484085,-0.056628,0.043865
51.380001,10.290271,172.840027,3282.937988,0.471227,0.000000,0.000000
68.900002,9.496824,175.085419,3291.622803,0.477227,-0.131598,0.175460
76.669998,9.372565,164.830246,3250.004883,0.487109,0.000000,0.000000
80.519997,8.356050,164.964340,3278.211670,0.510606,0.000000,0.000000
77.419998,5.814753,130.324127,3318.708008,0.469554,0.032045,0.010966
67.970001,6.817229,142.691696,3281.463623,0.509253,-0.012931,0.021932
69.769997,8.291539,165.465714,3330.180176,0.489492,-0.029120,0.010966
80.040001,11.810562,172.898712,3201.661377,0.435674,0.043365,0.043865
61.549999,12.813444,189.230865,3306.163086,0.475411,0.000000,0.000000
87.209999,8.971318,160.536041,3258.694824,0.459186,-0.025550,0.010966
71.349998,11.534653,188.382370,3261.587646,0.470497,0.000000,0.000000
69.949997,10.453945,173.014069,3313.371094,0.478554,0.000000,0.000000
66.269997,8.464663,161.860535,3216.966797,0.465052,0.000000,0.000000
63.480000,8.413795,156.587494,3278.987305,0.503713,0.036825,0.010966
64.919998,11.309826,185.569824,3306.925537,0.456155,-0.057166,0.043865
75.970001,10.588011,182.218857,3273.356934,0.470579,0.089237,0.054831
63.959999,8.798693,162.256378,3312.328857,0.410510,0.136533,0.285122
60.820000,8.554249,153.737869,3229.616455,0.488588,-0.139883,0.175460
81.559998,10.974905,176.316406,3259.856445,0.446667,0.000000,0.000000
55.259998,10.782579,180.472809,3258.516846,0.449394,-0.050528,0.043865
69.900002,8.355190,154.511871,3284.807129,0.447918,-0.029118,0.010966
79.220001,9.707470,160.861328,3261.539063,0.457875,-0.044729,0.010966
64.529999,12.648746,185.806305,3246.542480,0.467759,-0.061786,0.043865
74.620003,13.262895,205.214264,3268.199707,0.473018,0.112195,0.054831
68.070000,7.390158,149.367706,3275.034180,0.456250,0.000000,0.000000
63.650002,9.751317,163.004944,3249.980469,0.467814,0.000000,0.000000
72.919998,10.012465,164.441559,3260.695801,0.400470,0.118669,0.537345
89.769997,11.350693,186.547394,3219.755859,0.463925,0.000000,0.000000
65.190002,8.893217,157.624680,3249.581055,0.455479,0.000000,0.000000
75.320000,10.100620,164.682587,3277.047363,0.452800,0.000000,0.000000
74.190002,7.780535,149.875732,3258.169678,0.455197,0.000000,0.000000
59.240002,7.873448,157.408829,3239.035400,0.479152,0.035857,0.010966
71.870003,12.196104,194.591309,3248.879150,0.468052,0.000000,0.000000
64.139999,8.847961,165.633850,3297.525635,0.456204,0.000000,0.000000
55.959999,12.252851,187.581329,3308.793701,0.464530,0.000000,0.000000
70.120003,9.677132,172.130585,3310.412598,0.461760,-0.051562,0.043865
87.500000,9.763753,163.903748,3267.285400,0.389658,0.105223,0.701839
69.209999,7.813531,149.535446,3285.787109,0.442950,0.000000,0.000000
81.489998,11.957279,188.269547,3275.429932,0.422571,0.109358,0.054831
68.330002,9.934619,164.019623,3266.462158,0.426759,0.000000,0.000000
72.180000,7.560238,141.437531,3282.551758,0.437059,0.000000,0.000000
69.900002,8.153271,148.359589,3247.814941,0.443994,0.000000,0.000000
64.309998,11.505130,184.279327,3280.302979,0.484972,0.000000,0.000000
84.589996,9.255959,169.020905,3286.000732,0.445634,0.000000,0.000000
72.349998,8.364013,154.520721,3310.289795,0.467850,0.000000,0.000000
64.180000,8.655378,146.999054,3318.300293,0.448074,0.000000,0.000000
69.339996,10.681721,181.743790,3242.079834,0.397192,-0.015881,0.010966
66.800003,8.772442,158.494507,3264.961914,0.443510,0.000000,0.000000
56.970001,13.044579,181.033478,3229.119141,0.438256,0.000000,0.000000
75.019997,7.466751,145.313965,3299.116455,0.421423,0.050665,0.043865
70.250000,10.301430,173.836884,3254.975098,0.473584,-0.173695,0.274156
78.639999,7.666607,143.060516,3220.041992,0.413667,0.116148,0.274156
94.199997,10.820356,175.129410,3272.321045,0.492220,0.042695,0.010966
62.779999,11.139933,178.416168,3299.937012,0.435162,0.000000,0.000000
73.269997,10.849524,177.394150,3290.134766,0.447127,0.000000,0.000000
76.550003,10.725406,180.340027,3268.569336,0.434740,-0.084266,0.043865
67.849998,7.453769,142.803391,3295.148438,0.410815,-0.023297,0.010966
78.339996,6.707067,140.725067,3258.437988,0.436889,0.062048,0.054831
73.089996,10.904459,168.729614,3245.964111,0.427609,-0.091235,0.120629
82.660004,10.147226,165.909424,3263.985352,0.400809,0.040496,0.010966
77.239998,11.813801,177.656738,3227.429199,0.426709,-0.162479,0.394784
76.419998,10.044838,171.771729,3217.794189,0.404305,0.071663,0.054831
62.250000,8.297928,147.580124,3271.766846,0.501455,-0.118717,0.098696
73.570000,10.450300,181.479279,3251.290283,0.404749,0.044754,0.043865
65.269997,11.739942,183.052200,3279.242676,0.479736,0.035565,0.010966
74.620003,10.077505,177.447449,3254.055176,0.378195,0.061571,0.098696
74.620003,11.226168,186.594604,3264.527832,0.452320,-0.127576,0.175460
79.220001,15.276769,200.961960,3255.422852,0.423691,0.000000,0.000000
65.879997,8.793079,158.484909,3258.352051,0.438787,-0.090424,0.098696
60.720001,13.149324,186.589844,3233.812988,0.424377,0.000000,0.000000
71.870003,12.321189,193.452927,3251.654297,0.436372,0.000000,0.000000
67.669998,14.153413,210.711594,3245.805664,0.423882,0.000000,0.000000
85.580002,10.521508,163.224380,3299.513916,0.437314,0.000000,0.000000
65.580002,12.466652,184.447571,3318.117920,0.431736,0.000000,0.000000
71.129997,12.091305,184.178909,3286.542480,0.457639,-0.057988,0.043865
59.799999,9.029604,165.153732,3269.797363,0.374560,0.125851,0.899231
64.879997,10.632097,167.388367,3314.504395,0.485352,-0.211156,0.394784
63.790001,10.092403,162.785538,3225.717773,0.404791,0.000000,0.000000
73.919998,10.189489,153.701996,3267.978516,0.419582,0.000000,0.000000
86.110001,10.539153,158.674789,3216.769531,0.413082,0.000000,0.000000
69.949997,10.755421,183.450241,3283.237793,0.426587,-0.025904,0.010966
75.410004,9.666569,166.356613,3214.379150,0.454033,-0.095760,0.098696
62.040001,7.738200,147.786224,3326.489990,0.425747,0.000000,0.000000
73.440002,12.180697,185.386078,3277.811279,0.454850,-0.064043,0.043865
61.200001,10.026960,167.732391,3246.965088,0.422652,-0.016120,0.021932
79.870003,8.096786,151.922501,3284.090576,0.403861,0.092009,0.274156
84.110001,9.451523,166.428070,3279.482910,0.470733,-0.090877,0.219325
84.180000,8.319921,157.938538,3239.625977,0.426309,0.000000,0.000000
68.019997,12.553724,183.740753,3216.086670,0.433810,0.000000,0.000000
59.980000,9.652969,157.194397,3237.735840,0.432322,0.026404,0.010966
75.320000,9.703427,162.692795,3225.810059,0.452386,0.031183,0.010966
81.139999,12.187820,173.835220,3211.230713,0.420807,-0.104775,0.175460
59.840000,10.747590,178.907791,3278.386230,0.429391,0.138299,0.274156
69.070000,11.696428,167.852234,3275.573242,0.425721,-0.137342,0.274156
77.940002,9.583238,165.076080,3222.528320,0.433188,0.070695,0.098696
66.620003,8.577153,157.997498,3247.299561,0.374478,0.011191,0.098696
59.279999,9.092642,168.093979,3284.596680,0.417134,0.040028,0.010966
69.769997,10.035626,166.690216,3248.616455,0.422280,-0.027399,0.010966
73.089996,12.353672,186.901779,3234.868896,0.410109,-0.039088,0.010966
71.519997,11.404992,147.758377,3234.511719,0.416914,0.000000,0.000000
65.580002,11.929369,180.704865,3184.206543,0.446573,-0.061965,0.043865
68.160004,9.963446,173.193771,3224.784424,0.418670,0.000000,0.000000
101.480003,10.221706,172.395813,3247.413574,0.400972,0.043923,0.043865
65.580002,10.044983,169.096542,3248.772461,0.449400,-0.092384,0.098696
69.900002,8.971554,159.738266,3227.575684,0.414868,-0.040849,0.010966
94.660004,9.671472,147.030762,3258.452881,0.368880,0.068646,0.109662
56.689999,14.377603,194.728287,3235.384277,0.417730,0.000000,0.000000
74.139999,10.303895,174.746368,3221.186523,0.414386,0.000000,0.000000
76.849998,10.332348,166.032959,3223.542969,0.412248,-0.080189,0.043865
65.529999,9.860924,163.716888,3221.000488,0.407844,0.000000,0.000000
77.820000,8.497885,160.692810,3259.539795,0.404923,0.046664,0.043865
81.959999,8.337710,155.989777,3244.468750,0.443281,-0.126686,0.175460
70.120003,7.427092,143.657074,3271.266846,0.389586,0.058639,0.098696
81.559998,10.305361,168.888901,3239.249268,0.469510,-0.198892,0.285122
57.360001,12.236339,183.679398,3245.787109,0.375535,0.070881,0.274156
79.739998,10.365357,164.077728,3316.874512,0.397593,-0.017900,0.010966
61.590000,9.571436,160.699234,3261.832031,0.432362,0.054919,0.043865
74.970001,11.483540,180.507874,3243.162842,0.395419,0.038768,0.010966
74.320000,14.252761,201.808044,3225.561523,0.410070,-0.025027,0.010966
76.900002,11.269573,155.374634,3184.072998,0.403744,-0.048844,0.043865
66.190002,12.381366,192.137619,3246.956055,0.424040,0.029006,0.010966
73.970001,11.446373,172.643478,3219.516113,0.460581,0.000000,0.000000
57.040001,9.525770,169.626160,3281.264893,0.439730,0.000000,0.000000
87.379997,7.914071,152.638824,3179.455078,0.414818,-0.023632,0.010966
74.099998,10.048584,170.179535,3257.593750,0.429417,-0.041875,0.010966
66.099998,10.002680,168.920700,3266.676270,0.358520,0.005909,0.010966
75.849998,9.458373,153.154572,3208.344482,0.444240,0.012034,0.021932
-5.810000,4.864714,-97.838814,3065.947754,0.408808,-0.079307,0.043865
-34.759998,67.709915,-396.396545,2492.875977,0.375818,0.104995,0.098696
-4.230000,271.107574,-722.518188,1941.484009,0.386249,0.028279,1.381745
-5.460000,313.507599,-660.585449,1396.823853,0.285575,-0.126563,1.688799
-5.810000,290.261322,-524.343994,949.751343,0.318910,0.048386,0.186426
-10.580000,210.948807,-353.997253,595.254883,0.326739,-0.018078,0.043865
-7.930000,135.788040,-211.924377,331.112305,0.307992,-0.006536,0.010966
-4.230000,77.794235,-121.148636,188.733704,0.302087,-0.068894,0.043865
-2.460000,36.685951,-59.380142,97.258247,0.290880,0.034233,0.010966
0.520000,16.990955,-27.763866,45.706551,0.295765,0.000000,0.000000
3.350000,6.014362,-10.404983,19.182320,0.253537,0.139487,0.175460
5.460000,1.266137,-3.342314,8.896241,0.190085,0.157557,0.701839
8.980000,0.132902,-0.501279,2.083047,0.260262,0.000000,0.000000
8.270000,0.142676,0.383708,1.158180,0.197521,0.000000,0.000000
6.520000,0.300334,0.635929,1.425317,0.245979,0.000000,0.000000
7.050000,0.545360,0.556520,0.752966,0.238461,0.000000,0.000000
6.520000,0.666240,0.356625,0.424125,0.248112,0.000000,0.000000
8.100000,1.452367,-0.103424,0.016961,0.242872,0.000000,0.000000
8.450000,1.674583,0.064777,0.011161,0.241075,0.000000,0.000000
6.160000,1.784988,0.096411,0.006385,0.241055,0.000000,0.000000
7.920000,1.874182,0.060976,0.002876,0.241959,0.000000,0.000000
7.920000,2.069105,0.056246,0.004386,0.241611,0.000000,0.000000
6.160000,1.981254,0.030006,0.001267,0.238507,0.000000,0.000000
8.630000,1.827303,0.030560,0.002778,0.238011,0.000000,0.000000
7.400000,1.810051,0.057814,0.003607,0.239335,0.000000,0.000000
7.050000,1.695432,0.095789,0.013354,0.001097,0.000000,0.000000
6.160000,1.876587,0.141936,0.039625,0.000007,0.000000,0.000000
6.520000,1.718502,0.062382,0.003412,0.000007,0.000000,0.000000
7.390000,1.717101,0.054448,0.004533,0.000002,0.000000,0.000000
5.990000,2.041452,0.083491,0.021689,0.000032,0.000000,0.000000
7.050000,1.827821,0.081062,0.008676,0.000012,0.000000,0.000000
7.040000,1.732054,0.044179,0.002583,0.000009,0.000000,0.000000
6.690000,2.109556,-0.009255,0.001072,0.000006,0.000000,0.000000
7.040000,2.020708,-0.017590,0.000780,0.000013,0.000000,0.000000
6.160000,1.822008,0.013397,0.000439,0.000013,0.000000,0.000000
6.160000,1.680614,0.000000,0.000000,0.000016,0.000000,0.000000
6.870000,1.837711,-0.031089,0.003119,0.000003,0.000000,0.000000
6.160000,1.726112,-0.004806,0.001218,0.000006,0.000000,0.000000
5.990000,1.920041,0.029504,0.000877,0.000016,0.000000,0.000000
6.870000,1.913734,0.044025,0.003948,0.000027,0.000000,0.000000
6.170000,1.737134,0.027203,0.002388,0.000018,0.000000,0.000000
7.050000,2.244647,-0.078676,0.012477,0.000023,0.000000,0.000000
6.870000,1.899068,0.013218,0.000439,0.000019,0.000000,0.000000
6.700000,1.792386,0.014777,0.000439,0.000022,0.000000,0.000000
6.520000,2.115144,-0.008795,0.000195,0.000003,0.000000,0.000000
5.810000,1.791224,0.000000,0.000000,0.000023,0.000000,0.000000
7.040000,2.459322,0.000000,0.000000,0.000009,0.000000,0.000000
5.990000,1.883903,0.014777,0.000439,0.000013,0.000000,0.000000
5.810000,1.803467,-0.034907,0.003119,0.000001,0.000000,0.000000
6.690000,1.895769,0.030663,0.002388,0.000003,0.000000,0.000000
5.810000,1.994309,-0.021919,0.000780,0.000025,0.000000,0.000000
5.990000,1.606008,-0.008778,0.000195,0.000031,0.000000,0.000000
15.660000,2.914789,-0.015885,0.017790,0.911936,0.000000,0.000000
38.610001,6.097256,0.782143,0.134032,2.924850,2.868824,5.132195
19.360001,7.514188,0.802289,0.571852,2.351176,14.255808,89.714706
13.740000,4.077919,0.500632,0.385134,0.086491,1.459053,65.194214
47.330002,2.017245,0.433094,0.325039,4.825974,7.108456,10.845598
6.520000,1.452525,0.211212,0.325039,0.079341,1.580467,154.799271
22.709999,1.329286,0.325519,0.128524,1.344983,0.169914,0.318021
9.330000,1.193163,0.421436,0.277129,1.476363,6.991440,37.822517
12.500000,1.111700,0.318625,0.426464,0.460788,0.636605,6.272682
13.030000,1.480950,0.197688,0.099378,1.861898,2.019148,2.730591
13.550000,1.827161,0.153228,0.018228,1.184568,0.587908,1.754596
17.950001,1.824179,-0.009102,0.001657,1.535113,0.648208,0.318021
11.620000,1.851115,0.014138,0.000439,1.479295,0.140973,0.098696
14.610000,1.817730,0.040420,0.003948,1.487787,0.092771,0.043865
7.400000,1.903698,0.049769,0.002827,0.124364,0.048485,0.098696
6.160000,1.780225,0.039781,0.001316,0.000230,0.043567,9.145834
6.870000,1.899519,0.050630,0.002827,0.000015,0.000000,0.000000
7.230000,1.773681,-0.018033,0.000780,0.000012,0.000000,0.000000
32.410000,2.083756,-0.036066,0.003119,0.149478,0.000000,0.000000
10.920000,7.896400,0.927436,0.127598,1.108808,3.680524,12.830485
36.000000,58.297318,22.215691,10.861390,1.342219,-0.403305,0.394784
72.660004,194.694336,51.898392,14.270375,0.961968,1.698902,3.147307
120.820000,370.816010,133.984314,48.888855,1.246085,0.691718,1.063724
198.589996,508.323425,262.674866,167.265030,0.763927,1.417258,9.792841
99.489998,220.443512,176.812546,269.315826,0.823778,0.983384,4.408423
117.709999,236.006073,204.296402,293.615662,1.028094,0.822843,2.324840
98.620003,183.179260,153.519836,245.399689,0.753809,0.694383,15.012764
116.110001,227.062103,177.755829,186.927567,0.791449,1.091355,9.058104
144.960007,237.278534,201.574097,185.180786,0.854686,1.282266,3.717551
85.300003,201.659668,215.280212,241.200012,0.869273,1.146733,2.160347
91.459999,171.723175,207.466721,259.092529,0.954430,1.475790,3.092476
87.500000,140.689926,192.730057,266.228302,0.484115,1.579920,9.617382
76.550003,128.013229,187.721420,276.766968,0.356696,1.227371,11.514538
113.040001,148.113068,223.908478,340.508484,0.771954,0.483416,0.975994
107.110001,121.569771,205.133423,357.172180,0.507083,1.204960,4.704512
82.910004,116.816437,213.083435,405.047974,0.427650,0.956805,5.055430
80.070000,117.919083,212.960541,406.296509,0.600711,0.605445,1.239184
101.529999,105.054672,211.032425,462.903931,0.586685,0.881665,2.160347
80.690002,99.113899,209.549973,480.653992,0.425142,0.915647,4.232964
110.419998,100.260971,216.785645,523.724487,0.484093,0.504887,1.403677
111.230003,95.688660,220.731705,550.570313,0.586647,0.419430,0.493480
135.029999,117.156143,252.960022,610.117126,0.582386,0.175337,0.449615
99.080002,111.377014,257.847046,636.318726,0.646698,0.000000,0.000000
85.419998,119.526764,280.590607,713.090515,0.493796,0.372664,0.493480
102.150002,122.301773,293.283447,786.551941,0.431696,0.422853,1.096623
131.660004,133.573807,319.756897,846.237793,0.348464,0.422841,1.337880
123.129997,126.221207,324.807983,918.107910,0.402457,0.222454,0.274156
148.080002,110.380089,313.072052,984.898010,0.395190,0.214809,0.274156
115.440002,113.932587,329.594604,1032.561523,0.290138,0.551591,3.958808
131.130005,124.109459,354.259338,1146.131470,0.133092,0.338492,1.491407
111.440002,103.514206,322.510559,1116.134644,0.205159,0.208192,0.296088
145.119995,112.287445,339.558380,1203.471069,0.125821,0.177777,0.394784
135.559998,97.683823,340.761108,1314.179565,0.153309,0.159635,0.405750
102.559998,83.337448,313.414154,1334.526367,0.182646,0.090895,0.098696
139.470001,68.424049,284.260010,1386.793213,0.142785,0.140190,0.274156
121.790001,72.454697,294.335052,1488.903198,0.138041,0.120476,0.274156
105.930000,64.851646,272.368805,1528.791748,0.144315,0.104344,0.175460
135.039993,64.849442,289.829895,1650.431030,0.123592,0.103205,0.186426
85.129997,57.971344,279.110962,1672.583862,0.125921,0.083421,0.109662
82.040001,50.571358,252.634232,1712.953613,0.122958,0.065793,0.098696
94.610001,38.784981,220.773788,1755.267578,0.146346,0.029067,0.043865
91.230003,34.568424,189.589325,1767.699829,0.117000,0.076362,0.109662
61.799999,29.341412,166.663361,1830.881226,0.104511,0.081849,0.274156
54.869999,18.869947,102.352432,1707.709961,0.130242,0.000000,0.000000
33.389999,9.614367,42.924274,1663.371338,0.133048,0.000000,0.000000
11.970000,11.478087,-18.091412,1628.090576,0.123799,0.110458,0.274156
-3.880000,15.740860,-77.944443,1507.998291,0.120018,0.000000,0.000000
-3.880000,16.464645,-84.133179,1411.196655,0.126459,0.000000,0.000000
2.110000,29.388943,-145.939850,1314.200562,0.124117,0.000000,0.000000
-6.690000,49.199390,-218.065445,1178.134277,0.128020,0.000000,0.000000
-8.460000,122.969025,-320.736176,891.158569,0.114969,0.000000,0.000000
-5.990000,153.129272,-319.996246,690.082153,0.156394,0.000000,0.000000
-2.110000,156.296356,-254.926483,420.715027,0.132197,0.062691,0.175460
-5.630000,138.990173,-203.764069,303.548187,0.173229,-0.032735,0.010966
-8.270000,120.056152,-165.228455,232.117188,0.129259,0.018924,0.010966
-4.050000,96.361076,-147.778595,242.040588,0.156747,0.000000,0.000000
-2.990000,86.037132,-126.817192,190.248871,0.198070,-0.121389,0.175460
-2.810000,68.697304,-88.930588,122.205490,0.194771,0.029261,0.010966
-2.290000,50.504440,-69.086288,98.993256,0.201494,-0.060480,0.043865
0.000000,36.511971,-49.640388,69.523254,0.184999,0.000000,0.000000
1.230000,27.470640,-36.385395,48.952995,0.185463,0.013392,0.010966
5.810000,16.472418,-21.908356,30.438593,0.193569,0.000000,0.000000
5.810000,10.497615,-10.465677,12.588887,0.141255,0.000000,0.000000
34.090000,8.380275,-1.835417,4.571503,1.586462,0.991522,1.853292
25.860001,35.364418,17.491199,17.421144,0.644364,7.016240,91.348671
48.349998,101.089455,20.746998,9.794887,1.694257,2.249407,4.232964
74.709999,191.893768,40.217243,11.719973,2.016901,8.594417,37.833481
94.660004,276.502441,72.510986,20.092564,1.216461,3.922296,60.829659
130.830002,328.681152,105.049438,38.550919,1.988652,4.835328,16.942822
153.449997,348.998840,152.735641,93.058624,2.372346,5.430039,20.759068
133.919998,337.529907,174.628815,165.584045,1.677600,6.003226,32.832882
38.330002,186.919800,120.106689,368.045929,1.551802,6.808496,42.505096
124.400002,228.119034,57.566040,335.913666,1.164658,5.680295,39.379719
126.199997,345.790222,229.692810,199.386047,2.289798,4.388497,27.733589
19.889999,17.062803,33.990784,80.262840,0.827810,4.807992,51.650932
190.869995,407.162506,277.487671,195.900955,2.559894,4.634528,13.707784
33.930000,22.099186,45.670006,132.270630,1.520742,5.074033,32.273605
183.720001,330.210907,161.355743,81.416435,1.130362,4.497260,60.040092
58.689999,118.941833,205.131531,382.845764,2.138616,6.192039,36.177582
101.230003,29.418037,33.316696,65.647682,0.888978,2.533925,75.743729
196.589996,295.925568,361.485657,454.965515,2.363113,5.725260,27.404600
11.080000,2.105683,14.832809,120.550415,0.030361,1.356311,144.600677
237.679993,324.024384,376.258484,459.991302,1.724869,3.205203,17.151180
20.420000,11.012409,50.135117,266.115112,0.658997,4.350501,85.865562
178.490005,325.640167,330.295868,347.717957,0.115265,0.460783,29.543015
120.089996,93.810440,202.098572,470.624725,1.227313,3.509796,12.830486
36.959999,48.050007,106.484245,303.302917,0.165427,-0.270455,30.584808
101.449997,185.808990,330.020935,675.059937,0.817543,0.143877,0.054831
119.839996,107.686272,236.759430,535.647400,0.189198,0.920558,11.602268
106.580002,96.839233,237.214310,587.530273,0.527264,-0.728429,7.698292
114.849998,129.120010,298.120117,702.486084,0.334055,0.059846,1.644934
143.559998,116.198799,289.668732,729.562256,0.354791,-0.020027,2.149381
133.820007,126.461777,324.620850,839.567017,0.257426,0.174255,0.219325
139.740005,117.935196,326.250977,912.535278,0.337012,0.032241,0.043865
131.660004,102.489586,322.669312,1029.856201,0.262491,0.143259,0.175460
100.230003,104.059570,334.937317,1087.111816,0.275216,0.083475,0.054831
150.770004,111.253746,365.293549,1212.072510,0.277089,0.000000,0.000000
98.430000,97.883713,349.818420,1258.068848,0.271100,0.048443,0.043865
122.779999,90.536224,352.515564,1394.597290,0.246636,0.093871,0.175460
139.559998,83.635567,349.994934,1510.545776,0.191542,0.120262,0.274156
121.830002,71.462189,335.288483,1584.668823,0.200493,0.066169,0.054831
107.500000,75.856667,357.166565,1732.511353,0.183021,0.069137,0.054831
140.339996,63.672787,334.894409,1798.666016,0.144082,0.068736,0.087730
113.489998,68.027046,354.482483,1862.114746,0.174475,0.000000,0.000000
122.160004,52.719730,313.332916,1930.273926,0.165807,0.088168,0.175460
110.879997,52.246853,322.834381,2043.279907,0.141654,0.012716,0.010966
119.349998,49.579292,319.291473,2094.207764,0.118567,0.079084,0.109662
148.770004,39.027325,286.836700,2128.388672,0.118890,0.004737,0.109662
122.160004,33.999084,272.115784,2215.594238,0.122825,0.000000,0.000000
140.869995,42.639023,304.784546,2240.567871,0.105504,0.001840,0.010966
107.150002,36.425022,288.798553,2337.670654,0.106964,0.000000,0.000000
68.419998,37.614521,295.841370,2374.951416,0.107413,0.000000,0.000000
131.639999,32.003265,274.993561,2431.709961,0.099980,0.000000,0.000000
118.230003,27.948792,259.988129,2513.755371,0.100040,0.000000,0.000000
87.970001,28.149963,257.752869,2461.992188,0.084854,0.000000,0.000000
79.940002,21.281132,224.906036,2593.173828,0.092081,0.000000,0.000000
89.540001,21.790131,231.026566,2561.238037,0.080534,0.000000,0.000000
64.180000,16.526886,202.201538,2586.331055,0.088081,0.000000,0.000000
86.680000,13.494338,181.734924,2561.841797,0.085973,0.000000,0.000000
78.690002,8.922358,150.543182,2565.791504,0.082490,0.000000,0.000000
61.630001,7.093967,133.146805,2540.845215,0.073919,0.018295,0.010966
42.599998,7.167807,121.633766,2454.908691,0.093916,-0.047482,0.043865
45.389999,4.465571,101.432899,2452.104736,0.044604,0.073752,3.553057
32.160000,2.258880,61.277237,2430.231445,0.041617,-0.001146,0.394784
30.770000,1.014699,23.795109,2330.771484,0.045209,0.038816,0.537345
15.140000,0.591449,-7.733139,2328.563965,0.053467,-0.034024,0.098696
16.190001,1.049176,-4.178750,2246.405273,0.048711,0.012418,0.098696
11.800000,1.426835,-29.335243,2186.950684,0.049976,-0.009575,0.010966
5.280000,2.258047,-29.726337,2103.516602,0.046403,0.000000,0.000000
-5.640000,3.381374,-69.782227,2039.507202,0.047323,0.000000,0.000000
-8.280000,5.356380,-85.901871,1906.876465,0.045711,0.000000,0.000000
-1.760000,8.018857,-115.411728,1859.203125,0.050919,-0.009369,0.010966
-3.520000,17.291475,-167.056702,1708.959717,0.047447,0.000000,0.000000
-2.460000,40.598316,-247.623306,1550.118530,0.046251,0.000000,0.000000
-8.980000,45.250294,-245.722778,1372.976318,0.043311,0.012246,0.043865
-4.930000,50.088409,-240.180618,1164.210571,0.042325,0.000000,0.000000
-5.290000,46.601181,-221.573853,1075.631348,0.041684,0.012781,0.043865
-3.350000,45.840328,-203.997208,940.180054,0.037013,0.000000,0.000000
-2.110000,52.557056,-204.676926,825.718994,0.036976,-0.007843,0.098696
-9.700000,79.923790,-233.889374,694.092041,0.038565,0.005587,0.010966
-10.220000,122.474022,-243.566269,490.355896,0.039446,-0.002463,0.010966
-4.050000,120.430618,-210.385040,368.978821,0.038310,0.000000,0.000000
-2.110000,95.635170,-148.046631,231.256104,0.038071,0.000000,0.000000
-2.990000,73.992645,-114.729149,180.245102,0.038479,0.000000,0.000000
-1.580000,58.502151,-83.166115,119.732674,0.039171,0.039894,0.043865
-1.760000,47.084217,-69.398186,106.382393,0.039108,0.000000,0.000000
-2.110000,35.892017,-52.880989,79.177521,0.037419,0.000000,0.000000
-0.170000,22.988461,-32.700607,47.111351,0.037269,0.000000,0.000000
2.820000,14.137238,-19.731083,28.759735,0.036987,0.000000,0.000000
4.220000,7.614665,-11.171939,17.167458,0.037667,0.000000,0.000000
5.280000,3.574519,-5.902136,11.667969,0.038918,0.000000,0.000000
5.980000,2.032022,-2.379085,4.595824,0.036950,0.000000,0.000000
6.340000,0.773840,-0.626674,1.824878,0.037315,0.000000,0.000000
5.640000,0.637914,0.160471,1.085754,0.000016,0.000000,0.000000
5.630000,0.565778,0.376584,0.866673,0.000001,0.000000,0.000000
6.160000,0.770237,0.340493,0.617910,0.000002,0.000000,0.000000
6.520000,0.836353,0.215771,0.082710,0.000003,0.000000,0.000000
6.160000,1.398294,-0.029563,0.059705,0.000003,0.000000,0.000000
6.870000,1.821715,-0.224046,0.037334,0.000006,0.000000,0.000000
6.690000,1.558222,-0.000571,0.007360,0.000011,0.000000,0.000000
5.820000,1.417185,0.084028,0.023151,0.000005,0.000000,0.000000
6.700000,1.277502,0.187060,0.171073,0.000003,0.000000,0.000000
5.990000,1.461683,0.081514,0.014280,0.000004,0.000000,0.000000
5.990000,1.552132,-0.029700,0.003753,0.000004,0.000000,0.000000
7.230000,1.486543,-0.009988,0.004776,0.000004,0.000000,0.000000
6.340000,1.160786,0.104012,0.023102,0.000006,0.000000,0.000000
5.640000,1.352571,0.028097,0.009991,0.000002,0.000000,0.000000
6.340000,1.362227,-0.015681,0.004192,0.000003,0.000000,0.000000
5.820000,1.205282,-0.040693,0.011210,0.000005,0.000000,0.000000
5.990000,1.360443,-0.055445,0.003753,0.000002,0.000000,0.000000
6.340000,1.343772,-0.052607,0.007847,0.000013,0.000000,0.000000
6.170000,1.424578,-0.017095,0.000975,0.000002,0.000000,0.000000
6.160000,1.577350,-0.026291,0.022469,0.000001,0.000000,0.000000
6.160000,1.388925,0.008982,0.006141,0.000013,0.000000,0.000000
6.690000,1.352049,0.065953,0.006531,0.000002,0.000000,0.000000
6.340000,1.521419,-0.037787,0.008334,0.000008,0.000000,0.000000
6.340000,1.350461,-0.004525,0.002632,0.000008,0.000000,0.000000
6.160000,1.306933,0.038247,0.001852,0.000006,0.000000,0.000000
6.160000,1.616318,-0.068654,0.005507,0.000001,0.000000,0.000000
5.640000,1.511504,0.083764,0.008724,0.000007,0.000000,0.000000
6.700000,1.500936,0.027697,0.001852,0.000005,0.000000,0.000000
5.460000,1.346402,-0.039057,0.010771,0.000008,0.000000,0.000000
5.810000,1.437862,0.111137,0.015353,0.000003,0.000000,0.000000
5.630000,1.460847,0.069174,0.022712,0.000006,0.000000,0.000000
4.750000,1.589556,0.017317,0.003802,0.000010,0.000000,0.000000
5.820000,1.414408,-0.016473,0.007262,0.000006,0.000000,0.000000
6.870000,1.359537,0.031702,0.010235,0.000004,0.000000,0.000000
6.170000,1.439475,0.082903,0.008724,0.000007,0.000000,0.000000
7.050000,1.228687,-0.034071,0.001950,0.000007,0.000000,0.000000
5.990000,1.620787,-0.017965,0.005556,0.000007,0.000000,0.000000
6.340000,1.388952,-0.045184,0.003314,0.000004,0.000000,0.000000
5.640000,1.419420,0.010815,0.001852,0.000007,0.000000,0.000000
6.520000,1.470007,0.087258,0.008091,0.000004,0.000000,0.000000
6.510000,1.145069,-0.022319,0.012185,0.000003,0.000000,0.000000
6.160000,1.511616,0.082630,0.011405,0.000006,0.000000,0.000000
5.990000,1.481044,0.013158,0.004338,0.000008,0.000000,0.000000
5.990000,1.442678,0.065075,0.006677,0.000005,0.000000,0.000000
6.340000,1.527044,0.142899,0.018472,0.000004,0.000000,0.000000
6.870000,1.476414,-0.053008,0.002973,0.000008,0.000000,0.000000
5.460000,1.402050,0.040616,0.022907,0.000003,0.000000,0.000000
6.340000,1.397140,0.059152,0.009504,0.000004,0.000000,0.000000
5.640000,1.371852,0.064044,0.014768,0.000003,0.000000,0.000000
7.580000,1.363960,0.116139,0.036457,0.000009,0.000000,0.000000
7.760000,1.410946,0.120886,0.103814,0.000004,0.000000,0.000000
6.340000,1.653741,0.167979,0.097965,0.000004,0.000000,0.000000
5.810000,1.183836,0.156594,0.071597,0.000002,0.000000,0.000000
5.810000,1.205042,0.045056,0.004728,0.000002,0.000000,0.000000
5.640000,1.324518,0.045389,0.002827,0.000023,0.000000,0.000000
6.340000,1.459131,0.017172,0.001657,0.000005,0.000000,0.000000
6.170000,1.474215,0.014061,0.000439,0.000006,0.000000,0.000000
5.990000,1.493078,0.010584,0.001657,0.000017,0.000000,0.000000
5.820000,1.396701,0.000000,0.000000,0.000004,0.000000,0.000000
5.460000,1.482567,-0.023291,0.002632,0.000002,0.000000,0.000000
6.160000,1.288489,-0.031447,0.002193,0.000001,0.000000,0.000000
5.990000,1.445755,-0.014641,0.000634,0.000005,0.000000,0.000000
5.640000,1.570647,0.025609,0.001218,0.000005,0.000000,0.000000
6.700000,1.413663,-0.010244,0.000195,0.000007,0.000000,0.000000
6.520000,1.849310,0.032691,0.002388,0.000001,0.000000,0.000000
6.520000,1.342009,0.027151,0.000877,0.000005,0.000000,0.000000
6.170000,1.377878,0.009664,0.000877,0.000005,0.000000,0.000000
5.990000,1.564659,-0.020487,0.000780,0.000008,0.000000,0.000000
5.990000,1.481496,0.014061,0.000439,0.000005,0.000000,0.000000
5.640000,1.277211,0.014036,0.000439,0.000004,0.000000,0.000000
5.640000,1.489398,0.032750,0.002388,0.000002,0.000000,0.000000
6.170000,1.398633,0.015365,0.000439,0.000010,0.000000,0.000000
6.340000,1.698263,-0.019805,0.000780,0.000003,0.000000,0.000000
6.340000,1.505056,0.019328,0.003607,0.000003,0.000000,0.000000
6.170000,1.469502,0.000000,0.000000,0.000007,0.000000,0.000000
5.810000,1.432549,0.043028,0.003948,0.000002,0.000000,0.000000
6.520000,1.307921,-0.018033,0.000780,0.000004,0.000000,0.000000
6.520000,1.443423,0.013525,0.000439,0.000006,0.000000,0.000000
5.640000,1.526341,0.016669,0.000439,0.000005,0.000000,0.000000
6.700000,1.431428,0.000000,0.000000,0.000005,0.000000,0.000000
6.170000,1.357640,-0.018749,0.000780,0.000004,0.000000,0.000000
6.170000,1.554790,0.013525,0.000439,0.000004,0.000000,0.000000
6.700000,1.373515,0.000000,0.000000,0.000002,0.000000,0.000000
6.340000,1.402371,0.022541,0.001218,0.000001,0.000000,0.000000
6.520000,1.540038,0.014036,0.000439,0.000004,0.000000,0.000000
5.640000,1.515439,0.024757,0.001218,0.000008,0.000000,0.000000
6.170000,1.462617,0.000000,0.000000,0.000002,0.000000,0.000000
6.160000,1.545738,0.040574,0.003948,0.000003,0.000000,0.000000
6.340000,1.252805,-0.009374,0.000195,0.000003,0.000000,0.000000
5.990000,2.190636,0.023393,0.001218,0.000001,0.000000,0.000000
6.700000,1.380573,0.000000,0.000000,0.000003,0.000000,0.000000
6.000000,1.349586,-0.027049,0.001755,0.000004,0.000000,0.000000
5.470000,1.393931,0.024757,0.001218,0.000003,0.000000,0.000000
6.170000,1.315196,-0.008147,0.000195,0.000003,0.000000,0.000000
6.700000,1.481198,-0.009016,0.000195,0.000004,0.000000,0.000000
6.700000,1.244251,0.036585,0.003948,0.000002,0.000000,0.000000
6.160000,1.292948,0.009639,0.000877,0.000003,0.000000,0.000000
5.990000,1.302217,0.014061,0.000439,0.000008,0.000000,0.000000
6.520000,1.373075,0.031617,0.002388,0.000007,0.000000,0.000000
6.700000,1.349822,-0.018715,0.000780,0.000003,0.000000,0.000000
6.170000,1.211455,0.012988,0.000439,0.000003,0.000000,0.000000
5.290000,1.355837,0.023393,0.001218,0.000007,0.000000,0.000000
6.700000,1.263945,0.022541,0.001218,0.000003,0.000000,0.000000
7.410000,1.572624,0.022541,0.001218,0.000003,0.000000,0.000000
7.400000,1.410876,0.022541,0.001218,0.000001,0.000000,0.000000
6.520000,1.608159,0.014854,0.000439,0.000003,0.000000,0.000000
7.050000,1.370302,0.000000,0.000000,0.000004,0.000000,0.000000
5.990000,1.419048,-0.018715,0.000780,0.000002,0.000000,0.000000
6.520000,1.280466,0.039807,0.003265,0.000008,0.000000,0.000000
7.050000,1.444969,0.000000,0.000000,0.000011,0.000000,0.000000
6.160000,1.391153,0.000000,0.000000,0.000001,0.000000,0.000000
6.700000,1.265475,0.013525,0.000439,0.000002,0.000000,0.000000
5.820000,1.153301,-0.003221,0.000439,0.000004,0.000000,0.000000
6.870000,1.731880,0.000000,0.000000,0.000001,0.000000,0.000000
6.340000,1.633470,0.044562,0.003948,0.000013,0.000000,0.000000
6.520000,1.305748,-0.016976,0.000780,0.000003,0.000000,0.000000
7.050000,1.427083,0.031557,0.002388,0.000002,0.000000,0.000000
6.000000,1.336323,0.000000,0.000000,0.000004,0.000000,0.000000
5.460000,1.311567,-0.006289,0.000439,0.000007,0.000000,0.000000
6.520000,1.438293,-0.014104,0.001413,0.000004,0.000000,0.000000
6.530000,1.354013,-0.027049,0.001755,0.000004,0.000000,0.000000
7.230000,1.215588,0.000000,0.000000,0.000017,0.000000,0.000000
6.870000,1.420115,-0.009374,0.000195,0.000000,0.000000,0.000000
6.700000,1.463559,0.025566,0.001218,0.000003,0.000000,0.000000
5.640000,1.358682,0.021689,0.001218,0.000002,0.000000,0.000000
5.990000,1.722138,-0.018715,0.000780,0.000007,0.000000,0.000000
6.870000,1.409742,0.014854,0.000439,0.000005,0.000000,0.000000
38.310001,3.980820,0.409811,0.052199,3.483798,3.167906,9.869605
65.129997,69.735138,14.134270,4.109118,5.075266,6.098561,74.416824
197.309998,174.052734,82.366753,46.769547,10.001072,16.878807,65.205185
96.699997,203.940369,139.223206,102.869644,0.533874,1.336812,588.952209
38.860001,258.651733,82.551620,33.432274,0.151171,4.325707,265.580078
151.979996,166.134109,114.539963,87.599785,12.063978,17.374918,50.674934
39.139999,65.839836,48.609695,44.853134,0.082615,2.969443,349.844574
107.459999,48.049500,33.557568,28.026850,5.363760,4.820596,44.281624
14.630000,24.625626,15.534325,10.210825,0.585231,8.456631,264.110596
66.220001,5.074535,4.805033,7.386266,3.982752,0.159577,62.606186
93.559998,4.176347,3.302354,3.243810,4.023296,11.545511,116.943848
61.570000,0.172962,0.224387,3.359370,5.317976,2.561219,319.764221
101.889999,0.723630,-0.390347,1.430873,4.116354,6.921434,152.715668
63.849998,2.706550,-5.506632,12.645227,4.303319,4.829414,223.085968
34.770000,3.182879,-2.866627,6.156439,4.240518,2.671351,122.086998
9.170000,3.103608,-1.265858,5.422775,2.921050,1.447889,103.532158
35.009998,1.540551,0.026316,2.005114,7.363760,5.355909,60.862560
28.850000,0.576016,0.524085,1.936392,2.137123,5.938263,191.908966
48.439999,0.984460,0.109722,0.122676,3.960979,5.992065,33.973370
17.610001,1.302673,0.233029,0.096746,2.149897,6.426169,156.838974
47.419998,1.551154,-0.150978,0.195296,3.377915,6.409047,20.123026
25.520000,2.042052,-0.647792,0.242281,4.169754,18.415293,94.188919
19.559999,2.030437,-0.565238,0.422419,0.403272,0.868948,76.642960
62.439999,2.086294,-0.631761,0.624051,7.287763,11.315796,20.726171
9.170000,1.805176,0.190819,0.333568,0.400209,0.584767,127.350800
58.060001,1.820026,-0.162150,0.268502,6.290006,1.457636,1.151454
7.050000,1.236369,0.222231,0.204995,0.061267,2.603721,152.408615
6.690000,1.683260,-0.089883,0.146363,0.000324,0.046749,13.082709
6.700000,1.527911,-0.177976,0.044499,0.000117,0.020009,4.386491
5.120000,1.655886,0.004559,0.000634,0.000018,0.000000,0.000000
6.530000,1.390730,-0.005701,0.000439,0.000007,0.000000,0.000000
7.060000,1.362599,0.001969,0.002437,0.000028,0.000000,0.000000
5.990000,1.568925,0.028941,0.001316,0.000007,0.000000,0.000000
7.050000,1.670286,0.016286,0.000439,0.000021,0.000000,0.000000
6.170000,1.334292,0.020087,0.000634,0.000006,0.000000,0.000000
5.640000,1.446088,0.024501,0.001218,0.000001,0.000000,0.000000
7.400000,1.309268,0.023180,0.001218,0.000011,0.000000,0.000000
7.220000,1.535031,0.048533,0.002437,0.000004,0.000000,0.000000
6.340000,1.307663,0.025592,0.000877,0.000024,0.000000,0.000000
7.580000,1.465598,0.000000,0.000000,0.000006,0.000000,0.000000
7.220000,1.586063,0.011224,0.000877,0.000008,0.000082,0.010966
6.170000,1.729575,0.027100,0.001316,0.000015,0.000000,0.000000
5.640000,1.735680,0.005224,0.000634,0.000017,0.000000,0.000000
6.340000,1.469782,-0.006673,0.001218,0.000012,0.000000,0.000000
6.340000,1.230207,0.012374,0.001657,0.000011,0.000000,0.000000
6.700000,1.367335,0.035588,0.002096,0.000007,0.000000,0.000000
5.810000,1.744045,0.017232,0.000439,0.000010,0.000000,0.000000
7.050000,1.669533,0.012706,0.000877,0.000000,0.000000,0.000000
5.810000,1.412401,0.014701,0.000439,0.000008,0.000000,0.000000
6.340000,1.369788,0.034779,0.001657,0.000004,0.000000,0.000000
7.230000,1.485448,-0.021101,0.000829,0.000017,0.000000,0.000000
6.690000,1.428635,-0.022430,0.001998,0.000004,0.000000,0.000000
6.530000,1.610449,0.035853,0.002388,0.000005,0.000000,0.000000
6.870000,1.653650,0.014701,0.000439,0.000013,0.000000,0.000000
6.170000,1.494490,0.039807,0.001657,0.000004,0.000000,0.000000
6.170000,1.642899,0.009664,0.000877,0.000022,0.000000,0.000000
6.700000,1.593246,0.020317,0.002583,0.000008,0.000000,0.000000
5.990000,1.468256,0.011479,0.000877,0.000005,0.000000,0.000000
5.990000,1.674963,0.026308,0.001316,0.000010,0.000000,0.000000
7.050000,1.556878,-0.004321,0.000439,0.000029,0.000000,0.000000
5.820000,1.370536,0.000000,0.000000,0.000005,0.000000,0.000000
5.820000,1.486521,-0.017965,0.000780,0.000006,0.000000,0.000000
6.160000,1.428202,0.037361,0.001657,0.000011,0.000000,0.000000
6.340000,1.698402,0.005838,0.001657,0.000011,0.000000,0.000000
5.290000,1.814929,0.054022,0.002827,0.000008,0.000000,0.000000
6.870000,1.853497,0.000000,0.000000,0.000004,0.000000,0.000000
6.350000,1.374751,0.000000,0.000000,0.000009,0.000000,0.000000
5.650000,2.009225,0.046326,0.001657,0.000003,0.000000,0.000000
7.050000,1.752654,0.015365,0.000439,0.000009,0.000000,0.000000
5.820000,1.560740,-0.012008,0.000634,0.000005,0.000000,0.000000
5.640000,1.648083,0.031455,0.002827,0.000005,0.000000,0.000000
6.700000,1.343475,0.003647,0.000634,0.000001,0.000000,0.000000
6.180000,1.782094,0.004321,0.000634,0.000018,0.000000,0.000000
6.700000,1.823677,0.018152,0.000439,0.000018,0.000000,0.000000
6.690000,1.641356,0.034838,0.002096,0.000011,0.000000,0.000000
5.640000,1.527433,0.011888,0.000877,0.000001,0.000000,0.000000
5.640000,1.468047,0.004355,0.000634,0.000014,0.000000,0.000000
6.880000,1.619902,0.015365,0.000439,0.000004,0.000000,0.000000
7.060000,1.612088,0.016260,0.000439,0.000020,0.000000,0.000000
6.700000,1.655610,0.014701,0.000439,0.000014,0.000000,0.000000
6.870000,1.298822,0.004892,0.000634,0.000012,0.000000,0.000000
6.170000,1.867549,0.032086,0.000877,0.000014,0.000000,0.000000
5.820000,1.558118,0.035725,0.001657,0.000001,0.000000,0.000000
6.520000,1.573974,0.000000,0.000000,0.000010,0.000000,0.000000
5.640000,1.409778,0.002318,0.000195,0.000010,0.000000,0.000000
5.990000,1.582536,0.037881,0.001657,0.000009,0.000000,0.000000
6.340000,1.487741,0.002863,0.001072,0.000013,0.000000,0.000000
6.350000,1.544997,0.026376,0.001218,0.000016,0.000000,0.000000
6.340000,1.460470,0.000000,0.000000,0.000001,0.000000,0.000000
5.820000,1.823840,0.016541,0.000634,0.000012,0.000000,0.000000
5.290000,1.557976,-0.008982,0.000195,0.000014,0.000000,0.000000
7.050000,1.640400,0.024501,0.001218,0.000010,0.000000,0.000000
6.880000,1.593380,-0.010244,0.000195,0.000011,0.000000,0.000000
6.170000,1.842630,0.014368,0.000439,0.000004,0.000000,0.000000
6.700000,1.366247,0.030893,0.001072,0.000005,0.000000,0.000000
5.990000,1.614772,0.023223,0.001218,0.000006,0.000000,0.000000
4.760000,1.733783,0.054755,0.002437,0.000012,0.000000,0.000000
6.700000,1.561627,0.011019,0.000877,0.000009,0.000000,0.000000
6.520000,1.449655,0.029410,0.003265,0.000001,0.000000,0.000000
5.820000,1.635326,0.039253,0.001657,0.000007,0.000000,0.000000
7.050000,1.548730,0.000000,0.000000,0.000009,0.000000,0.000000
5.820000,1.914979,-0.022089,0.000780,0.000012,0.000000,0.000000
6.160000,1.054956,0.000000,0.000000,0.000002,0.000000,0.000000
6.880000,1.620981,0.022413,0.001218,0.000006,0.000000,0.000000
6.340000,1.473895,0.023223,0.001218,0.000010,0.000000,0.000000
6.170000,1.599269,0.030961,0.000877,0.000002,0.000000,0.000000
4.230000,1.689365,0.007491,0.003168,0.000022,0.000000,0.000000
8.280000,1.442072,-0.008360,0.001657,0.000006,0.000000,0.000000
7.220000,1.726553,-0.043744,0.007457,0.000002,0.000000,0.000000
7.930000,1.910669,-0.077909,0.009553,0.000018,0.000000,0.000000
7.050000,1.522265,0.000000,0.000000,0.000008,0.000000,0.000000
6.870000,1.261233,-0.008301,0.000195,0.000009,0.000000,0.000000
6.700000,1.658981,0.063481,0.008237,0.000004,0.000000,0.000000
6.700000,1.228572,0.129204,0.057414,0.000004,0.000000,0.000000
4.580000,1.272878,-0.001338,0.001998,0.000009,0.000000,0.000000
7.570000,1.516603,0.147501,0.054734,0.000009,0.000000,0.000000
7.760000,1.350342,0.054618,0.008237,0.000002,0.000000,0.000000
6.340000,1.537713,0.008667,0.000877,0.000003,0.000000,0.000000
6.340000,1.318669,0.026248,0.005313,0.000011,0.000000,0.000000
5.820000,1.794092,-0.055291,0.017887,0.000007,0.000000,0.000000
6.350000,1.575118,0.003528,0.000634,0.000007,0.000000,0.000000
7.230000,1.682880,-0.006997,0.001218,0.000030,0.000000,0.000000
7.050000,1.371303,0.024058,0.001316,0.000007,0.000000,0.000000
6.530000,1.411811,0.014368,0.000439,0.000005,0.000000,0.000000
6.170000,1.657246,0.007610,0.001657,0.000011,0.000000,0.000000
5.110000,1.563107,0.037438,0.001657,0.000018,0.000000,0.000000
7.240000,1.476653,0.013090,0.000439,0.000022,0.000000,0.000000
6.340000,1.570991,-0.005676,0.000439,0.000020,0.000000,0.000000
6.700000,1.769362,-0.015101,0.000634,0.000001,0.000000,0.000000
6.350000,1.371804,-0.003094,0.003022,0.000022,0.000000,0.000000
4.760000,1.664117,0.014726,0.000439,0.000007,0.000000,0.000000
6.170000,1.486382,0.020018,0.002437,0.000001,0.000000,0.000000
6.870000,1.473980,0.015365,0.000439,0.000001,0.000000,0.000000
5.990000,1.554777,-0.015928,0.002193,0.000005,0.000000,0.000000
4.230000,1.647042,-0.037548,0.005751,0.000004,0.000000,0.000000
4.050000,1.938236,-0.011897,0.000195,0.000009,0.000000,0.000000
7.230000,1.759122,-0.009502,0.001218,0.000017,0.000000,0.000000
7.050000,1.405220,0.073759,0.010966,0.000008,0.000000,0.000000
5.830000,1.436561,0.031430,0.004581,0.000013,0.000000,0.000000
7.050000,1.506951,0.066242,0.006336,0.000018,0.000000,0.000000
6.170000,1.668677,0.012860,0.000439,0.000015,0.000000,0.000000
5.110000,1.543035,0.053954,0.003607,0.000010,0.000000,0.000000
6.340000,1.662160,0.004568,0.000634,0.000014,0.000000,0.000000
5.820000,1.830851,-0.038426,0.002193,0.000015,0.000000,0.000000
6.530000,1.628810,-0.005292,0.000439,0.000010,0.000000,0.000000
6.340000,1.476779,0.010508,0.000877,0.000020,0.000000,0.000000
5.290000,1.614241,0.025566,0.001218,0.000006,0.000000,0.000000
6.350000,1.728465,0.016260,0.000439,0.000005,0.000000,0.000000
6.340000,1.108556,0.008087,0.000634,0.000012,0.000000,0.000000
6.180000,1.996663,0.030254,0.001218,0.000014,0.000000,0.000000
5.470000,1.812506,0.006443,0.000634,0.000024,0.000000,0.000000
5.990000,1.567271,0.013473,0.000439,0.000005,0.000000,0.000000
6.880000,1.578578,-0.015510,0.000634,0.000005,0.000000,0.000000
5.820000,1.562276,0.000043,0.001072,0.000006,0.000000,0.000000
6.700000,1.391877,0.062450,0.005605,0.000002,0.000000,0.000000
7.050000,1.698205,0.000503,0.001218,0.000034,0.000000,0.000000
6.340000,1.778476,-0.010550,0.000195,0.000002,0.000000,0.000000
5.820000,1.409501,0.015732,0.001657,0.000004,0.000000,0.000000
6.340000,1.334269,0.030543,0.002388,0.000009,0.000000,0.000000
6.340000,1.653752,0.016618,0.000439,0.000004,0.000000,0.000000
6.170000,1.255795,0.026410,0.000877,0.000006,0.000000,0.000000
6.000000,1.608826,0.012937,0.001413,0.000009,0.000000,0.000000
6.880000,1.653983,-0.000315,0.001852,0.000006,0.000000,0.000000
6.530000,1.709045,-0.021067,0.000780,0.000013,0.000000,0.000000
5.640000,1.532397,0.015033,0.001413,0.000008,0.000000,0.000000
6.340000,1.306303,0.021817,0.001218,0.000004,0.000000,0.000000
6.350000,1.542862,0.005369,0.001998,0.000011,0.000000,0.000000
6.170000,1.849927,0.007073,0.000634,0.000005,0.000000,0.000000
83.589996,1.459208,0.000000,0.000000,3.604441,0.000000,0.000000
13.400000,1.255470,0.083244,0.414377,0.216243,1.823930,95.340370
16.049999,18.533476,8.259720,4.262207,0.715957,3.651108,63.483482
38.730000,60.560757,23.060894,13.825341,1.162003,3.355798,28.117409
83.110001,150.838699,44.140320,14.094671,2.200886,5.388823,17.425337
109.550003,335.657349,114.907501,39.877930,0.358778,4.201245,59.349220
294.750000,694.223022,318.996582,160.420761,1.226238,1.341806,3.125375
100.599998,262.617828,204.029144,258.900330,1.241255,3.188211,10.220524
65.389999,49.021454,140.759796,425.936188,0.085110,-0.027798,35.026127
145.919998,93.857521,272.310974,805.369141,0.080108,0.077964,2.927983
87.980003,128.060760,309.884064,943.721313,0.520841,0.177928,1.118555
81.989998,187.714355,248.717194,688.881348,0.458702,0.462231,6.097222
159.250000,232.534576,271.148987,427.951813,0.487599,0.134395,0.548311
97.279999,212.829681,249.770126,306.962036,0.543435,0.336837,1.063724
93.209999,157.899902,193.145432,242.019363,0.490963,0.075216,0.405750
71.779999,93.538277,160.996155,297.401550,0.512361,0.062312,0.098696
29.559999,33.950409,89.757729,262.862213,0.514627,0.070741,0.098696
11.630000,2.709059,8.801547,131.970459,0.540446,0.053096,0.043865
4.760000,4.589925,-14.928258,66.921234,0.501889,0.196781,0.350919
8.810000,5.412182,-9.571111,18.167969,0.490709,0.338494,0.537345
6.700000,4.272375,-5.390281,7.728754,0.402382,0.262791,1.590103
6.870000,2.898565,-2.084935,2.725375,0.388370,0.452339,1.261116
8.640000,1.322356,-1.311093,3.780424,0.398598,0.342210,3.202138
6.520000,1.318380,-1.487578,3.872882,0.340868,0.287115,2.642861
8.460000,1.607106,-2.395303,6.129829,0.431044,0.485918,2.193246
7.220000,2.433804,-2.415142,3.269252,0.373501,0.295329,4.847072
7.930000,1.633918,-1.583989,1.960956,0.439445,0.298002,0.975994
9.350000,0.818503,0.480323,0.337906,0.489269,0.345664,1.425610
10.230000,0.549100,-0.571979,5.383637,0.587286,0.181599,0.274156
8.280000,3.151612,-6.304150,17.663862,0.485619,0.508989,0.888264
9.520000,4.305090,-6.581681,13.907417,0.559289,0.505788,0.493480
4.580000,4.601161,-8.127856,16.766825,0.000019,0.000925,0.318021
10.050000,2.052732,-3.615192,7.939548,0.697805,0.090873,0.043865
17.610001,10.555223,10.764071,14.612131,0.272448,0.741744,4.002673
55.279999,95.707367,59.557114,39.281170,0.681450,0.684563,1.425610
72.919998,246.700745,85.453568,31.244097,0.469189,0.366968,0.449615
165.630005,440.959442,179.172760,78.183167,0.580819,0.975066,2.993780
249.800003,618.938049,325.940613,197.260925,0.456612,0.409797,7.950515
106.320000,346.209381,220.416428,206.880661,0.619578,0.468013,2.642861
166.990005,322.372498,273.640900,366.839203,0.591247,0.899747,2.566097
141.470001,253.656342,252.481735,488.159363,0.359588,1.151402,10.077962
152.789993,183.329285,273.310638,585.006897,0.297191,1.000875,9.705112
96.820000,189.891937,300.343964,606.699280,0.356490,1.283652,10.582409
107.080002,165.778625,319.869354,648.737793,0.372714,0.728540,8.465928
107.470001,159.536530,308.994080,625.538391,0.491445,0.956508,8.959409
151.570007,168.335495,311.707306,585.212341,0.490205,0.834423,7.193846
166.300003,189.886444,334.739624,609.561829,0.438163,1.039579,4.232964
161.110001,180.254669,336.012329,643.786194,0.664480,0.581819,1.425610
89.190002,96.939865,252.612701,662.173645,0.397947,2.046677,25.639040
92.400002,281.060272,308.219086,644.802307,0.305136,0.927578,4.243930
132.070007,139.313812,272.383911,688.623352,0.498620,1.920363,16.208084
83.459999,66.518761,166.376984,507.879791,0.443507,-0.149641,24.268261
115.730003,76.946938,159.074509,460.116180,0.598388,0.926223,10.417916
65.169998,51.926144,135.717728,539.710327,0.547163,1.149953,10.615309
37.209999,32.906036,57.761040,293.177246,0.695053,0.637736,5.724371
14.100000,2.885021,-4.203550,254.584427,0.884028,0.698501,8.597523
3.880000,11.227196,-36.709743,134.036972,1.116334,0.292322,0.394784
7.230000,17.488487,-37.042618,79.599159,0.981288,0.758904,4.386491
7.750000,17.786692,-35.893127,73.639526,1.074051,0.922842,1.754596
5.460000,21.019348,-38.060768,69.337547,1.021858,1.244868,3.487260
4.750000,17.585741,-29.734402,50.706078,0.906155,0.689161,10.538544
11.630000,12.714575,-20.550322,34.735062,0.939761,-0.132312,3.169239
10.040000,8.595981,-15.418816,29.596819,1.001441,0.367711,1.853292
14.630000,4.139367,-6.436182,11.829781,0.969165,-0.005204,3.969774
9.700000,1.166226,-1.905272,4.520083,0.956455,0.054427,0.175460
13.580000,0.336099,-0.087283,1.830580,0.964483,0.103349,0.701839
14.630000,0.581463,-0.440031,0.453319,1.053008,0.201607,0.098696
9.690000,1.871006,-1.551741,1.625438,0.955490,0.332694,0.219325
5.640000,2.347195,-1.216413,0.706664,0.296727,0.199096,0.394784
5.640000,2.896742,-1.437766,0.744144,0.000017,0.001125,0.537345
5.820000,2.838532,-1.379705,0.729620,0.000023,0.000000,0.000000
5.820000,3.413442,-2.789919,2.688382,0.000006,0.000000,0.000000
6.180000,2.763806,-1.436990,0.816375,0.000009,0.000000,0.000000
6.530000,1.911275,-0.202298,0.029828,0.000000,0.000000,0.000000
6.700000,1.363918,0.022984,0.168782,0.000005,0.000000,0.000000
15.860000,1.204731,-0.018271,0.029048,0.050656,0.000000,0.000000
8.640000,0.251368,0.090190,0.037529,0.533240,2.514854,16.537071
27.459999,23.051683,11.874451,6.565894,1.094628,0.000000,0.000000
68.540001,166.031830,81.773788,42.889206,0.848671,1.242334,1.908124
154.940002,461.037079,169.291428,63.368118,0.722152,0.629258,1.173386
153.050003,503.927490,348.228088,304.159668,0.908264,0.980296,1.315947
142.000000,272.526917,218.013214,481.086853,0.416317,1.527486,8.213705
156.089996,271.894592,239.561005,661.733215,0.747678,0.891334,1.677833
149.130005,289.829102,246.855392,806.402405,0.628690,1.369927,3.520159
98.839996,278.419098,241.147980,1001.014343,0.639596,1.292560,3.355665
158.580002,288.742249,228.045807,1014.157593,0.525463,1.099344,3.443395
122.029999,224.115173,317.552612,761.502747,0.679037,1.074988,2.555131
120.690002,199.030594,326.671906,621.274048,0.762206,0.901406,1.875225
154.699997,170.559540,311.498810,596.211182,0.471897,1.389548,9.266462
159.850006,157.223831,300.358582,590.725098,0.670433,1.105722,3.169239
82.790001,123.987328,263.945557,565.532043,0.569412,1.385575,6.853892
63.730000,78.825287,208.633179,553.023071,0.456842,1.341919,11.229417
85.160004,61.504974,186.068771,578.668823,0.579768,0.712867,1.853292
40.389999,18.156155,92.406860,552.690369,0.861306,1.242202,2.807354
0.170000,2.669299,-20.565689,478.978821,0.475359,0.741179,3.553057
-6.170000,31.360605,-88.751175,264.051636,0.708575,0.662554,1.096623
1.590000,54.548462,-103.117813,197.435608,0.211313,0.380089,6.612634
-2.820000,59.522125,-86.048599,127.174797,0.476669,0.294629,0.197392
0.700000,57.223053,-72.413017,93.465103,0.276979,0.699303,1.897157
0.170000,44.052612,-54.947941,70.888084,0.448810,-0.029413,0.043865
5.110000,41.146114,-50.399963,64.629723,0.311330,-0.307811,4.430356
5.110000,36.124348,-44.869312,57.990627,0.310057,-0.060740,0.043865
2.820000,31.005404,-41.542480,55.798698,0.274952,0.170408,1.425610
7.590000,26.394861,-35.147030,48.058693,0.335566,0.045047,0.098696
7.580000,17.068178,-16.630951,16.967823,0.229640,0.103830,0.274156
8.290000,8.610335,-7.814055,8.857690,0.304127,0.000000,0.000000
9.530000,2.929176,-1.276502,2.261577,0.310552,0.000000,0.000000
7.580000,1.216760,-0.813819,2.322598,0.317974,0.000000,0.000000
5.990000,0.747316,-0.845573,3.053144,0.002061,0.000000,0.000000
5.990000,0.885767,-0.996474,2.513849,0.000053,0.000097,0.098696
6.170000,0.825566,-0.998468,2.889040,0.000006,0.000000,0.000000
5.820000,0.792564,-1.158726,4.082312,0.000001,0.000000,0.000000
5.470000,0.899966,-2.071556,7.423989,0.000026,0.000000,0.000000
5.110000,1.079026,-2.023746,4.761877,0.000017,0.000000,0.000000
5.290000,1.686597,-3.345135,9.662611,0.000004,0.000000,0.000000
5.990000,1.776722,-3.709165,9.302431,0.000012,0.000000,0.000000
5.470000,2.409293,-4.803993,10.149657,0.000004,0.000000,0.000000
4.940000,2.840498,-5.318397,10.570518,0.000000,0.000012,0.010966
5.290000,3.085586,-5.514405,10.524361,0.000012,0.000000,0.000000
5.110000,2.318960,-4.094987,8.150441,0.000009,0.000000,0.000000
5.460000,1.511185,-2.647054,5.677728,0.000018,0.000000,0.000000
5.290000,1.255444,-1.809151,4.291401,0.000010,0.000000,0.000000
6.170000,0.960861,-0.956701,2.691746,0.000007,0.000000,0.000000
5.820000,0.303809,-0.180788,2.656800,0.000005,0.000000,0.000000
6.870000,0.223979,-0.187913,0.660167,0.000007,0.000000,0.000000
5.640000,0.111157,0.152614,0.748140,0.000018,0.000000,0.000000
6.160000,0.147668,0.103339,0.764663,0.000018,0.000000,0.000000
5.990000,0.147429,0.130439,0.476909,0.000007,0.000000,0.000000
5.820000,0.354707,0.168687,0.389862,0.000011,0.000000,0.000000
6.520000,0.230037,0.135527,0.445473,0.000019,0.000000,0.000000
4.750000,0.440636,-0.029887,0.010576,0.000007,0.000000,0.000000
3.700000,0.545341,-0.003128,0.011649,0.000001,0.000000,0.000000
3.340000,0.467929,0.060873,0.012233,0.000003,0.000160,0.010966
13.190000,0.473335,0.115679,0.116339,0.000010,0.000000,0.000000
2.980000,0.501886,0.018314,0.010284,0.000028,0.000000,0.000000
15.130000,0.478011,0.109833,0.059754,0.000011,0.000000,0.000000
8.630000,0.482222,0.241764,0.244620,0.000003,0.000000,0.000000
6.530000,0.549489,0.118219,0.281613,0.000021,0.000000,0.000000
5.470000,0.471322,-0.027526,0.231850,0.000021,0.000000,0.000000
5.460000,0.568351,0.076230,0.069696,0.000006,0.000000,0.000000
5.290000,0.507206,0.086448,0.051566,0.000021,0.000000,0.000000
5.820000,0.733075,-0.027561,0.001950,0.000032,0.000000,0.000000
4.930000,0.762942,-0.033253,0.009991,0.000006,0.000000,0.000000
6.000000,0.709219,0.002113,0.001072,0.000010,0.000000,0.000000
4.940000,0.650504,0.009971,0.000439,0.000017,0.000000,0.000000
6.520000,0.698762,0.009639,0.000439,0.000003,0.000000,0.000000
5.990000,0.654216,0.010448,0.000634,0.000008,0.000000,0.000000
5.110000,0.658527,0.000409,0.000439,0.000004,0.000000,0.000000
6.350000,0.846688,0.000341,0.001218,0.000002,0.000000,0.000000
6.340000,0.729667,0.019141,0.001072,0.000015,0.000000,0.000000
5.820000,0.910550,0.023146,0.002388,0.000019,0.000000,0.000000
7.060000,0.725384,0.029657,0.004728,0.000010,0.000000,0.000000
6.170000,0.459544,0.014573,0.003607,0.000016,0.000000,0.000000
5.650000,0.569983,0.036705,0.006775,0.000048,0.000000,0.000000
6.530000,0.641659,0.017717,0.000877,0.000009,0.000000,0.000000
5.120000,0.476509,0.007772,0.000439,0.000008,0.000000,0.000000
6.000000,0.549187,0.000000,0.000000,0.000007,0.000000,0.000000
6.170000,0.648329,0.001670,0.000195,0.000008,0.000000,0.000000
6.870000,0.710498,0.006860,0.001657,0.000002,0.000000,0.000000
6.170000,0.765088,-0.003477,0.001413,0.000001,0.000000,0.000000
6.170000,0.546156,0.005599,0.000877,0.000008,0.000000,0.000000
5.820000,0.634041,-0.000614,0.000439,0.000015,0.000000,0.000000
6.170000,0.731449,-0.007874,0.002388,0.000020,0.000000,0.000000
7.400000,0.475833,0.011249,0.001413,0.000001,0.000000,0.000000
6.700000,0.570460,0.014794,0.001413,0.000008,0.000000,0.000000
4.940000,0.577572,-0.001065,0.001218,0.000011,0.000000,0.000000
6.350000,0.640130,0.038963,0.004484,0.000009,0.000000,0.000000
6.000000,0.661001,0.037600,0.004825,0.000006,0.000000,0.000000
5.640000,0.742844,0.019984,0.003265,0.000001,0.000000,0.000000
5.990000,0.576469,-0.013329,0.014086,0.000005,0.000000,0.000000
5.640000,0.667499,-0.033441,0.007018,0.000023,0.000000,0.000000
6.000000,0.965463,-0.052164,0.012916,0.000003,0.000000,0.000000
5.470000,0.773434,-0.005599,0.003753,0.000001,0.000000,0.000000
6.170000,0.808619,0.009443,0.031875,0.000012,0.000000,0.000000
5.990000,0.596145,0.027816,0.008286,0.000018,0.000000,0.000000
6.340000,0.794537,0.079409,0.028512,0.000019,0.000000,0.000000
5.990000,0.557283,0.023538,0.004045,0.000006,0.000000,0.000000
5.810000,0.893779,-0.008130,0.000439,0.000003,0.000000,0.000000
5.640000,0.796115,-0.006818,0.000195,0.000002,0.000000,0.000000
6.350000,0.798239,-0.003511,0.000975,0.000007,0.000000,0.000000
5.640000,0.650914,-0.007909,0.000975,0.000005,0.000000,0.000000
4.930000,0.569215,0.030628,0.002827,0.000007,0.000000,0.000000
5.640000,0.740992,0.016797,0.001413,0.000002,0.000000,0.000000
7.400000,0.738229,0.008403,0.001998,0.000005,0.000000,0.000000
6.520000,0.685988,0.020530,0.000877,0.000021,0.000000,0.000000
6.170000,0.848815,0.012655,0.005020,0.000004,0.000000,0.000000
6.180000,0.794272,-0.006008,0.000634,0.000035,0.000000,0.000000
6.170000,0.565353,-0.027654,0.003558,0.000034,0.000000,0.000000
6.000000,0.568002,-0.001619,0.003607,0.000005,0.000000,0.000000
6.530000,0.663908,0.018970,0.004045,0.000021,0.000000,0.000000
5.820000,0.534697,0.016797,0.002827,0.000011,0.000000,0.000000
6.520000,0.640427,-0.011599,0.001218,0.000009,0.000000,0.000000
5.990000,0.697111,0.022814,0.001852,0.000030,0.000000,0.000000
6.700000,0.636320,0.006997,0.001413,0.000019,0.000000,0.000000
6.000000,0.504413,0.001040,0.000195,0.000008,0.000000,0.000000
5.640000,0.709921,0.000895,0.002388,0.000021,0.000000,0.000000
6.340000,0.736795,-0.003699,0.002388,0.000049,0.000000,0.000000
6.350000,0.608161,0.000000,0.000000,0.000019,0.000000,0.000000
6.350000,0.633961,-0.004449,0.000975,0.000011,-0.000069,0.010966
4.230000,0.486675,-0.011769,0.001218,0.000008,0.000000,0.000000
6.170000,0.592062,0.002131,0.001218,0.000006,0.000000,0.000000
7.050000,0.751589,0.000392,0.000195,0.000004,0.000000,0.000000
5.470000,0.781254,0.013346,0.001657,0.000022,0.000000,0.000000
6.170000,0.925170,0.006144,0.003168,0.000002,0.000000,0.000000
5.640000,0.564645,0.009076,0.000439,0.000021,0.000000,0.000000
6.000000,0.827125,0.001943,0.000780,0.000027,0.000000,0.000000
6.700000,0.519735,0.051431,0.005800,0.000015,0.000000,0.000000
6.000000,0.473006,0.002071,0.074570,0.000010,0.000000,0.000000
5.990000,0.758006,0.092857,0.037090,0.000005,0.000000,0.000000
6.000000,0.527292,0.000801,0.054490,0.000005,0.000000,0.000000
5.650000,0.750543,0.050144,0.006531,0.000004,0.000000,0.000000
6.880000,0.609514,-0.005471,0.000390,0.000012,0.000000,0.000000
6.870000,0.593796,0.034242,0.002534,0.000012,0.000000,0.000000
5.820000,0.664991,0.058769,0.006775,0.000024,0.000000,0.000000
6.000000,0.657408,0.002207,0.001998,0.000016,0.000000,0.000000
6.700000,0.558384,0.020172,0.003071,0.000005,0.000000,0.000000
6.530000,0.754479,0.009996,0.000877,0.000002,0.000000,0.000000
5.820000,0.654913,0.027799,0.001852,0.000025,0.000000,0.000000
7.580000,0.757791,0.013755,0.004240,0.000037,0.000000,0.000000
5.820000,0.697587,0.018791,0.001316,0.000012,0.000000,0.000000
6.170000,0.670780,-0.049300,0.012380,0.000004,0.000000,0.000000
6.000000,0.694185,-0.024203,0.003997,0.000012,0.000000,0.000000
5.470000,0.691806,-0.013473,0.002193,0.000005,0.000000,0.000000
6.700000,0.630720,0.024024,0.002096,0.000004,0.000000,0.000000
6.180000,0.630060,-0.000443,0.003850,0.000027,0.000000,0.000000
5.820000,0.665995,0.049198,0.006336,0.000014,0.000000,0.000000
6.170000,0.818007,0.056953,0.007555,0.000001,0.000000,0.000000
5.650000,0.589815,-0.051030,0.007018,0.000014,0.000000,0.000000
6.350000,0.902914,0.040548,0.003265,0.000010,0.000000,0.000000
6.700000,0.710900,-0.018817,0.001218,0.000007,0.000000,0.000000
6.350000,0.787035,0.021825,0.001413,0.000016,0.000000,0.000000
5.820000,0.717504,0.026887,0.002096,0.000028,0.000000,0.000000
5.460000,0.699392,-0.009604,0.004192,0.000005,0.000000,0.000000
6.170000,0.591025,0.014385,0.003022,0.000013,0.000000,0.000000
5.640000,0.797218,0.031106,0.006531,0.000005,0.000000,0.000000
6.350000,0.759037,0.083926,0.012818,0.000018,0.000000,0.000000
5.640000,0.686480,0.044443,0.009455,0.000006,0.000000,0.000000
6.350000,0.653833,0.073392,0.014524,0.000009,0.000000,0.000000
5.640000,0.574550,0.009383,0.002827,0.000023,0.000000,0.000000
5.470000,0.682744,-0.033952,0.003119,0.000008,0.000000,0.000000
5.820000,0.905259,-0.016516,0.000585,0.000004,0.000000,0.000000
5.640000,0.830956,0.003426,0.002096,0.000009,0.000000,0.000000
6.180000,0.696918,-0.012442,0.001413,0.000003,0.000000,0.000000
3.510000,0.717321,0.038861,0.004045,0.000003,0.000000,0.000000
4.170000,0.800635,0.077807,0.012185,0.000012,0.000000,0.000000
10.800000,0.711037,0.080048,0.011844,2.443288,0.000000,0.000000
29.260000,12.064412,2.383977,0.505909,0.879897,1.255060,17.173113
32.189999,29.759369,22.647564,21.962721,3.483601,1.939038,32.043312
38.380001,81.546066,23.327375,10.086688,0.471543,-0.058811,135.849640
184.929993,451.591949,61.466946,16.940920,1.690817,1.905760,25.551308
25.030001,76.679466,19.801996,10.235877,0.548965,1.114955,133.963440
27.990000,125.547829,34.581055,10.667214,0.183064,0.428950,44.193893
134.000000,485.520447,157.068863,59.447620,1.501852,1.964254,3.553058
26.209999,247.328613,137.020859,98.325684,0.681712,3.209451,21.373177
194.940002,457.820251,165.307220,81.036514,0.852059,0.078474,0.010966
129.279999,377.918549,155.861938,87.038254,0.970271,1.864015,7.160947
144.789993,311.248627,158.588318,95.370499,0.243943,0.329272,12.260242
153.119995,323.596252,226.849319,175.671600,0.742608,0.020319,0.010966
110.699997,250.909210,236.909607,250.357208,0.475803,0.378108,4.660647
125.889999,233.980057,261.819275,352.506409,0.519075,0.157237,0.350919
135.039993,189.922516,276.314056,535.975525,0.556997,0.497366,2.807354
118.269997,143.760040,230.508865,652.238281,0.470193,-0.217684,11.229417
142.869995,180.677170,249.293457,763.180054,0.478567,0.322655,3.344699
82.680000,138.858505,243.824463,831.868286,0.465457,0.325484,14.914068
109.309998,159.456497,207.535751,790.968018,0.466611,-0.301899,8.005345
104.839996,193.403702,255.271027,818.283569,0.558539,0.322479,0.899231
152.550003,190.383270,281.325775,580.957886,0.473929,0.395525,4.847072
129.740005,201.283768,269.289001,394.782837,0.705255,-0.181400,1.337880
158.119995,247.826080,274.506409,327.512634,0.621680,-0.042281,0.175460
124.250000,199.331406,283.613861,474.098694,0.740422,-0.003822,0.043865
88.559998,185.615112,287.262329,778.294739,0.603058,0.514733,1.590103
140.259995,141.095825,267.030060,1091.849731,0.693087,-0.929121,3.969774
118.110001,165.893509,305.192383,1263.729614,0.682574,0.038213,1.195319
115.830002,135.303009,238.733551,1215.889160,0.490449,0.415686,3.969774
135.110001,137.313751,254.401947,1126.892212,0.461770,0.397502,3.487261
139.899994,135.998001,242.232391,1123.035156,0.484965,0.997679,3.443396
80.989998,103.246346,253.901886,759.829468,0.230258,0.547711,11.635168
107.910004,141.346176,282.154480,583.966858,0.560273,-0.273784,4.836106
126.050003,153.530685,278.793884,571.728760,0.250099,0.827341,6.206885
107.279999,163.507141,290.065491,629.292236,0.429215,0.552858,3.651753
147.559998,185.777924,271.976379,708.814209,0.347533,0.038608,1.381745
136.779999,165.424362,263.157166,1052.155518,0.443867,0.143834,0.504447
106.690002,205.011475,235.123688,1066.429688,0.386136,0.013299,0.098696
148.779999,186.084015,239.340851,1162.814819,0.276844,0.649386,1.601069
84.550003,174.959015,296.256714,1190.236084,0.163519,0.536745,2.478368
96.410004,143.481689,245.536545,1400.449219,0.344675,0.170282,0.296088
89.309998,105.013489,211.365341,1565.495605,0.428803,0.050338,0.087730
124.919998,90.080643,277.379272,1698.238770,0.443812,0.028270,0.318021
108.610001,93.688553,288.390320,1076.456421,0.407804,0.203696,3.564024
152.009995,97.421631,300.812653,935.453735,0.296150,0.172995,2.862185
109.519997,107.229576,296.496338,896.379517,0.289001,0.350059,1.370778
118.589996,109.099716,311.593170,1167.302612,0.196101,0.522741,4.309727
92.220001,55.938354,185.995209,1215.048462,0.603730,-1.717829,17.216976
111.400002,93.481003,277.002991,1347.336792,0.331844,0.418187,2.346773
100.720001,78.544853,262.373047,1626.790894,0.410249,0.414627,6.678432
118.849998,64.763443,279.951996,1760.366699,0.157713,-0.005846,7.413170
92.459999,104.008842,234.098587,1719.497925,0.180986,0.173128,0.701839
100.010002,57.594444,233.789536,1925.711670,0.983112,-0.887893,2.653827
84.160004,42.127007,216.302475,1168.631714,0.207920,-1.732170,23.105839
94.199997,84.069229,308.125122,1338.217285,0.161626,-0.674122,5.307654
101.919998,100.906357,300.392639,1381.792969,0.046247,-0.230140,1.897157
100.680000,111.014389,322.101257,960.281860,0.142166,-0.050802,0.372852
131.130005,120.453461,325.394897,925.843750,0.018491,-0.021325,0.065797
108.059998,104.725601,325.905090,1122.990479,0.017889,0.001906,0.010966
131.720001,85.886047,304.796936,1461.950684,0.031272,-0.010255,0.010966
109.349998,75.118759,294.918427,1541.701660,0.033920,0.009938,0.098696
99.830002,62.663425,277.896210,1666.126953,0.044004,0.146324,1.370779
88.040001,64.516296,296.884094,1555.575073,0.214423,0.226725,0.274156
128.899994,61.772095,263.070862,1761.588867,0.274803,0.260437,0.285122
109.760002,63.593048,287.984436,1324.676270,0.097105,0.209146,3.256969
97.220001,64.538193,293.163574,1396.974121,0.247979,0.141786,0.811501
108.800003,73.542496,303.194031,1328.270264,0.066270,-0.378637,3.903977
107.949997,56.813808,244.283478,1322.529175,0.666805,-0.396274,4.726444
101.260002,100.743103,253.233856,1283.721802,0.767792,-1.859280,4.847072
98.860001,56.687267,244.320297,1452.967773,0.604576,-1.997718,7.478967
136.240005,57.203247,267.145813,1785.028809,0.141439,-0.212234,3.564023
85.000000,45.120258,224.287140,1878.293335,0.093257,-0.146923,0.647007
129.279999,54.659737,301.715454,1940.226929,0.076076,0.041715,0.405750
116.110001,60.377838,299.252930,1547.152100,0.105865,-0.190632,0.888264
92.570000,47.110600,241.881134,1558.987671,0.337490,-1.766135,11.459708
111.570000,80.450134,303.676086,1532.257813,0.066653,0.067075,0.318021
131.639999,82.139107,318.340210,1528.054565,0.090736,-0.026884,0.010966
102.919998,70.907913,305.696838,1560.010376,0.050293,0.048971,0.109662
107.559998,59.104561,284.917023,1714.378418,0.115522,-0.192563,0.537345
126.050003,55.327240,280.172668,1858.475830,0.076896,-0.165733,0.712805
96.529999,59.480560,263.333618,1909.824585,0.052503,0.030679,0.186426
82.040001,57.790340,280.455292,1975.104492,0.043078,0.014869,0.021932
118.620003,47.790573,298.010620,2130.356689,0.063191,-0.076697,0.241257
33.740002,3.496006,71.850998,1795.593750,0.000369,-0.016561,3.344699
19.549999,0.103040,8.371053,1619.567749,0.000213,0.016710,4.978667
15.470000,0.105728,2.263559,1484.757813,0.000103,0.026587,11.953187
17.440001,0.213780,11.472173,1348.681641,0.000056,0.014265,11.766762
16.910000,0.455609,21.489077,1170.893799,0.000038,0.010190,5.230890
15.330000,0.364842,18.252487,1014.920044,0.000035,0.000000,0.000000
12.860000,0.455076,14.278020,902.795959,0.000011,0.000000,0.000000
16.389999,0.149873,8.094067,803.433228,0.000035,0.000000,0.000000
10.040000,0.424677,12.877734,669.777832,0.000018,-0.001218,0.109662
11.090000,0.230272,10.653650,579.994385,0.000073,-0.002775,0.219325
13.740000,0.260665,8.001491,481.190979,0.000035,-0.000955,0.087730
9.160000,0.124232,6.052807,407.888824,0.000089,0.001519,2.028752
10.400000,0.198160,6.763688,314.252594,0.000039,0.003781,2.741557
8.990000,0.192873,5.903772,261.187744,0.000016,0.006271,4.002673
7.400000,0.102085,4.491845,213.261368,0.000024,-0.002949,1.414643
8.460000,0.100955,2.999700,187.008881,0.000019,-0.000182,0.274156
7.050000,0.158748,4.149554,153.334747,0.000008,-0.001001,0.274156
7.230000,0.131688,3.058613,116.156914,0.000024,0.000162,0.274156
7.750000,0.124787,2.928455,94.223419,0.000038,0.003476,0.394784
6.880000,0.177160,2.930355,55.442612,0.000027,-0.002404,0.888264
7.050000,0.100084,1.735333,36.089855,0.000008,-0.000119,0.537345
5.110000,0.184184,1.302290,17.123253,0.000002,0.000403,0.274156
5.990000,0.267787,1.032574,6.550347,0.000019,-0.000020,0.010966
6.170000,0.506012,0.031012,0.445765,0.000003,0.000152,0.043865
5.990000,0.057440,-0.248599,1.596195,0.000015,0.000000,0.000000
6.350000,0.065610,-0.402840,6.274046,0.000017,0.000000,0.000000
6.700000,0.011058,-0.130550,10.033318,0.000011,0.000000,0.000000
5.640000,0.028677,0.193742,10.934499,0.000000,0.000000,0.000000
6.700000,0.057591,0.284400,6.642170,0.000016,-0.000623,0.054831
6.170000,0.010048,0.082196,8.191820,0.000001,0.000000,0.000000
5.640000,0.007316,0.017462,2.823828,0.000008,0.000000,0.000000
6.520000,0.208862,0.216769,2.675077,0.000008,0.000000,0.000000
6.170000,0.026801,0.083423,0.266747,0.000008,0.000000,0.000000
5.640000,0.004287,0.026785,0.227805,0.000005,0.000000,0.000000
4.940000,0.016834,0.006536,0.063312,0.000008,0.000000,0.000000
5.470000,0.017996,-0.022456,0.177994,0.000008,0.000000,0.000000
7.050000,0.003870,-0.015323,0.069258,0.000000,0.000000,0.000000
5.460000,0.009222,0.016550,0.152601,0.000010,0.000000,0.000000
6.700000,0.012726,0.007142,0.142415,0.000025,0.000000,0.000000
6.870000,0.020598,0.008190,0.028268,0.000003,0.000000,0.000000
5.460000,0.054480,0.000009,0.001998,0.000016,0.000000,0.000000
6.700000,0.007591,0.008445,0.012233,0.000004,0.000000,0.000000
6.170000,0.006662,0.000724,0.001657,0.000004,0.000000,0.000000
5.820000,0.006388,0.004747,0.009455,0.000003,0.000000,0.000000
5.470000,0.003929,0.002863,0.003119,0.000006,0.000000,0.000000
5.640000,0.023213,0.000767,0.004874,0.000016,0.000000,0.000000
6.870000,0.017139,-0.001508,0.000877,0.000005,0.000000,0.000000
6.170000,0.019829,0.008283,0.007018,0.000006,0.000000,0.000000
5.820000,0.024714,-0.002932,0.013111,0.000010,0.000000,0.000000
7.050000,0.006208,0.000170,0.001218,0.000010,0.000000,0.000000
6.350000,0.008355,-0.003094,0.014865,0.000007,0.000000,0.000000
6.700000,0.016104,-0.007517,0.008773,0.000003,0.000000,0.000000
6.340000,0.012153,-0.002267,0.004776,0.000002,0.000000,0.000000
5.820000,0.011775,0.002488,0.019496,0.000033,0.000000,0.000000
5.640000,0.010809,-0.008880,0.012672,0.000016,0.000000,0.000000
6.170000,0.002119,0.004363,0.017302,0.000026,0.000000,0.000000
6.170000,0.018440,0.000000,0.000000,0.000012,0.000000,0.000000
6.340000,0.016959,-0.005216,0.016571,0.000021,0.000000,0.000000
5.820000,0.013369,0.001406,0.011844,0.000010,0.000097,0.010966
6.170000,0.030723,-0.002540,0.011356,0.000008,0.000000,0.000000
6.520000,0.191629,0.046326,0.014232,0.000011,0.000000,0.000000
5.640000,0.033484,0.010150,0.018180,0.000008,0.000000,0.000000
6.870000,0.016965,-0.004525,0.001657,0.000013,0.000000,0.000000
5.820000,0.101356,-0.005164,0.000390,0.000014,0.000000,0.000000
5.820000,0.003468,-0.000946,0.018180,0.000005,0.000000,0.000000
6.350000,0.029522,0.001781,0.005897,0.000003,0.000000,0.000000
6.000000,0.010830,-0.000716,0.000780,0.000003,0.000000,0.000000
6.700000,0.004333,-0.002480,0.007067,0.000019,0.000000,0.000000
5.820000,0.001922,-0.000980,0.001218,0.000003,0.000000,0.000000
6.000000,0.002821,-0.001875,0.011795,0.000020,0.000000,0.000000
5.990000,0.008138,-0.007022,0.019349,0.000004,0.000000,0.000000
7.760000,0.007167,-0.001560,0.007701,0.000015,-0.000145,0.010966
6.880000,0.011085,0.003630,0.010430,0.000010,0.000000,0.000000
6.170000,0.012222,-0.015834,0.033825,0.000009,0.000000,0.000000
6.180000,0.008060,-0.004159,0.004338,0.000015,0.000000,0.000000
5.820000,0.012599,0.013243,0.015353,0.000011,0.000000,0.000000
6.530000,0.008234,0.000503,0.002583,0.000003,0.000000,0.000000
5.990000,0.016898,0.005531,0.004143,0.000006,0.000000,0.000000
6.170000,0.005457,-0.000477,0.005507,0.000012,0.000000,0.000000
5.990000,0.003497,0.002582,0.008432,0.000017,0.000000,0.000000
5.460000,0.005279,-0.000528,0.001998,0.000008,0.000000,0.000000
6.170000,0.078119,-0.010917,0.002096,0.000008,0.000000,0.000000
6.530000,0.024995,-0.007286,0.013159,0.000006,0.000000,0.000000
5.470000,0.015429,0.003699,0.005751,0.000003,0.000000,0.000000
6.870000,0.017998,-0.003554,0.004728,0.000010,0.000000,0.000000
6.170000,0.007001,0.000341,0.021250,0.000004,0.000000,0.000000
5.290000,0.010031,0.002625,0.003314,0.000010,0.000000,0.000000
6.700000,0.011028,0.010056,0.014232,0.000005,0.000000,0.000000
6.000000,0.014506,0.004355,0.004143,0.000005,0.000000,0.000000
6.170000,0.015804,-0.014232,0.022469,0.000007,0.000000,0.000000
5.990000,0.011854,0.007269,0.006677,0.000012,0.000000,0.000000
6.350000,0.035490,0.004270,0.007067,0.000005,0.000000,0.000000
6.530000,0.005272,0.004304,0.024321,0.000006,0.000000,0.000000
6.530000,0.008586,-0.005906,0.007457,0.000014,0.000000,0.000000
6.700000,0.004143,-0.001150,0.010966,0.000002,0.000000,0.000000
6.000000,0.033163,0.009451,0.011746,0.000019,0.000000,0.000000
6.180000,0.015344,0.002122,0.025880,0.000016,0.000000,0.000000
6.350000,0.027405,-0.002071,0.000439,0.000009,0.000000,0.000000
7.050000,0.006084,-0.001781,0.001852,0.000006,0.000000,0.000000
6.530000,0.017634,0.005573,0.007213,0.000009,0.000000,0.000000
5.640000,0.047173,-0.000562,0.004386,0.000008,0.000000,0.000000
6.000000,0.005081,-0.000119,0.006531,0.000003,0.000000,0.000000
5.650000,0.029670,0.002753,0.002827,0.000004,0.000000,0.000000
6.170000,0.012876,-0.003537,0.001218,0.000009,0.000000,0.000000
6.340000,0.026025,0.005718,0.007116,0.000007,0.000000,0.000000
5.990000,0.133966,0.001602,0.016181,0.000011,0.000000,0.000000
6.000000,0.008233,-0.002284,0.010333,0.000002,0.000000,0.000000
5.820000,0.034510,0.002148,0.013354,0.000003,0.000000,0.000000
5.290000,0.015317,-0.000460,0.004045,0.000018,0.000000,0.000000
5.820000,0.034724,0.003579,0.013354,0.000006,0.000000,0.000000
6.000000,0.008470,-0.000912,0.000829,0.000003,0.000000,0.000000
5.820000,0.034830,0.002667,0.000634,0.000006,0.000000,0.000000
6.170000,0.012496,0.000920,0.001560,0.000004,0.000000,0.000000
5.640000,0.015096,0.000145,0.002583,0.000006,0.000000,0.000000
6.180000,0.015341,-0.005599,0.011405,0.000014,0.000000,0.000000
6.350000,0.007959,-0.000597,0.005313,0.000017,0.000000,0.000000
6.180000,0.007302,0.000435,0.004728,0.000004,0.000000,0.000000
7.050000,0.003491,0.000273,0.000975,0.000003,0.000000,0.000000
6.530000,0.026813,0.007602,0.005166,0.000002,0.000000,0.000000
5.290000,0.004792,-0.000102,0.004386,0.000005,0.000000,0.000000
6.350000,0.004302,-0.002846,0.014086,0.000008,0.000000,0.000000
4.940000,0.022951,0.000716,0.000195,0.000008,0.000000,0.000000
5.470000,0.007805,-0.005216,0.014086,0.000000,0.000000,0.000000
6.530000,0.049348,0.017479,0.014134,0.000002,0.000000,0.000000
5.640000,0.005141,0.003733,0.003509,0.000014,0.000000,0.000000
5.470000,0.006530,0.000452,0.000634,0.000002,0.000000,0.000000
6.350000,0.013341,0.009187,0.007116,0.000008,0.000000,0.000000
5.820000,0.000986,0.001662,0.004386,0.000010,0.000000,0.000000
6.340000,0.006205,0.001142,0.000975,0.000004,0.000000,0.000000
6.870000,0.004143,-0.002301,0.009260,0.000008,0.000000,0.000000
5.640000,0.007917,-0.001312,0.003168,0.000004,0.000000,0.000000
5.820000,0.009285,-0.001500,0.002973,0.000003,0.000000,0.000000
6.180000,0.004520,0.002454,0.020470,0.000003,0.000000,0.000000
5.990000,0.011006,-0.004005,0.006677,0.000001,0.000000,0.000000
6.880000,0.545993,0.037864,0.003558,0.000022,0.000000,0.000000
6.350000,0.018373,0.002787,0.000877,0.000022,0.000000,0.000000
6.170000,0.016394,0.000000,0.000000,0.000015,0.000000,0.000000
5.640000,0.009499,0.000273,0.006628,0.000007,0.000000,0.000000
5.120000,0.090513,-0.016465,0.009407,0.000007,0.000000,0.000000
6.700000,0.021486,-0.007414,0.083295,0.000007,0.000000,0.000000
6.170000,0.011256,-0.001670,0.002827,0.000027,0.000000,0.000000
6.710000,0.024202,-0.010789,0.049567,0.000008,0.000000,0.000000
6.180000,0.017199,-0.005829,0.018472,0.000004,0.000000,0.000000
6.710000,0.015780,0.001704,0.008724,0.000022,0.000000,0.000000
5.460000,0.011505,0.002344,0.007116,0.000000,0.000000,0.000000
6.000000,0.007071,0.004278,0.009991,0.000004,0.000000,0.000000
6.700000,0.007142,-0.001994,0.003607,0.000003,0.000000,0.000000
6.000000,0.006130,0.000051,0.011844,0.000006,0.000000,0.000000
6.350000,0.007828,-0.000324,0.003412,0.000003,0.000000,0.000000
5.820000,0.045194,0.001585,0.002827,0.000003,0.000000,0.000000
6.530000,0.035350,-0.012349,0.025783,0.000011,0.000000,0.000000
6.350000,0.001825,-0.003579,0.045620,0.000011,0.000000,0.000000
6.340000,0.012971,0.002684,0.006287,0.000004,0.000000,0.000000
6.170000,0.010982,0.003971,0.015791,0.000018,0.000000,0.000000
5.470000,0.002387,-0.000605,0.000634,0.000033,0.000000,0.000000
6.700000,0.015967,-0.001253,0.007652,0.000012,0.000000,0.000000
5.990000,0.078721,-0.000588,0.007896,0.000005,0.000000,0.000000
6.000000,0.034033,-0.006903,0.005605,0.000010,0.000000,0.000000
6.520000,0.012745,-0.001040,0.003022,0.000012,0.000000,0.000000
6.350000,0.022198,0.002403,0.006628,0.000026,0.000000,0.000000
5.640000,0.017196,0.004534,0.004776,0.000002,0.000000,0.000000
6.540000,0.004515,0.006971,0.046253,0.000004,0.000000,0.000000
6.530000,0.013147,0.002284,0.003899,0.000017,0.000000,0.000000
6.350000,0.022247,0.000562,0.000439,0.000002,0.000000,0.000000
5.290000,0.001417,0.002327,0.008237,0.000012,0.000000,0.000000
6.000000,0.011441,-0.004193,0.019496,0.000037,0.000000,0.000000
5.640000,0.036949,-0.022013,3.095547,0.000002,0.000000,0.000000
7.760000,0.001453,0.001176,0.003558,0.000005,0.000000,0.000000
5.470000,0.026420,-0.020692,0.041428,0.000008,0.000000,0.000000
5.640000,0.015095,-0.009443,0.008432,0.000002,0.000000,0.000000
6.710000,0.005196,0.000793,0.001072,0.000008,0.000000,0.000000
5.820000,0.014459,0.003733,0.007993,0.000013,0.000000,0.000000
6.880000,0.002800,-0.000767,0.003948,0.000007,0.000000,0.000000
7.410000,0.014852,-0.003656,0.002827,0.000005,0.000000,0.000000
6.170000,0.034896,-0.000818,0.000780,0.000004,0.000000,0.000000
6.710000,0.017296,-0.002258,0.001998,0.000006,0.000000,0.000000
5.640000,0.024842,0.002054,0.079201,0.000019,0.000000,0.000000
6.700000,0.018850,0.005599,0.013696,0.000016,0.000000,0.000000
6.000000,0.027813,0.006315,0.007457,0.000010,0.000000,0.000000
5.820000,0.000983,0.002659,0.008676,0.000011,0.000000,0.000000
7.050000,0.038525,0.005965,0.009407,0.000034,0.000000,0.000000
6.530000,0.015222,0.006000,0.006628,0.000009,0.000000,0.000000
6.000000,0.011533,0.002471,0.000975,0.000007,0.000000,0.000000
6.530000,0.015248,0.006460,0.007116,0.000016,0.000000,0.000000
6.350000,0.035907,0.002557,0.037285,0.000003,0.000000,0.000000
6.700000,0.005163,0.000682,0.007213,0.000008,0.000000,0.000000
5.650000,0.006114,-0.002327,0.002827,0.000004,0.000000,0.000000
6.180000,0.019163,-0.002812,0.011405,0.000012,0.000000,0.000000
6.530000,0.033507,-0.000307,0.005313,0.000007,0.000000,0.000000
5.820000,0.045626,0.006588,0.004728,0.000004,0.000000,0.000000
5.650000,0.013682,-0.003426,0.001413,0.000004,0.000000,0.000000
5.830000,0.026868,0.003469,0.005897,0.000006,0.000000,0.000000
6.530000,0.004207,-0.001287,0.003168,0.000010,0.000000,0.000000
6.170000,0.005431,-0.008590,0.023882,0.000020,0.000000,0.000000
5.470000,0.006814,0.003204,0.003899,0.000007,0.000000,0.000000
6.350000,0.009868,-0.001551,0.001413,0.000012,0.000000,0.000000
5.470000,0.007793,0.004150,0.018033,0.000006,0.000000,0.000000
6.170000,0.010078,-0.008232,0.011892,0.000003,0.000000,0.000000
6.000000,0.005156,0.003741,0.003558,0.000008,0.000000,0.000000
6.000000,0.018090,-0.017232,0.057122,0.000005,0.000000,0.000000
6.530000,0.020632,-0.001619,0.001218,0.000004,0.000000,0.000000
5.820000,0.005999,-0.001304,0.001316,0.000012,0.000000,0.000000
6.350000,0.038370,-0.006715,0.011161,0.000004,0.000000,0.000000
5.820000,0.015496,-0.003179,0.010771,0.000015,0.000000,0.000000
6.530000,0.005803,-0.003605,0.004386,0.000010,0.000000,0.000000
5.470000,0.001389,-0.003605,0.017010,0.000015,0.000000,0.000000
6.000000,0.009099,0.008411,0.012380,0.000001,0.000000,0.000000
6.700000,0.006911,-0.001832,0.011746,0.000010,0.000000,0.000000
5.110000,0.020371,0.009894,0.011405,0.000015,0.000000,0.000000
7.060000,0.011288,0.003085,0.012672,0.000015,0.000000,0.000000
6.000000,0.018281,0.001346,0.003558,0.000012,0.000000,0.000000
5.290000,0.013335,-0.001764,0.003607,0.000004,0.000000,0.000000
6.530000,0.026530,0.002949,0.003314,0.000008,0.000000,0.000000
6.000000,0.010893,0.003119,0.002534,0.000006,0.000000,0.000000
5.290000,0.027218,0.000511,0.000439,0.000007,0.000000,0.000000
6.170000,0.007395,-0.002446,0.002388,0.000007,0.000000,0.000000
5.650000,0.026116,0.016797,0.022371,0.000006,0.000000,0.000000
6.000000,0.017288,-0.003750,0.010771,0.000012,0.000000,0.000000
5.820000,0.026956,-0.002557,0.002193,0.000009,0.000000,0.000000
5.640000,0.073253,0.007159,0.003119,0.000003,0.000000,0.000000
6.530000,0.023791,0.028881,0.092311,0.000006,0.000000,0.000000
4.760000,0.025262,-0.013107,0.013354,0.000006,0.000000,0.000000
5.650000,0.007774,-0.002020,0.004386,0.000026,0.000000,0.000000
6.880000,0.068651,0.001406,0.005897,0.000007,0.000000,0.000000
5.650000,0.047188,-0.015936,0.024369,0.000003,0.000000,0.000000
6.350000,0.002030,0.000537,0.014524,0.000014,0.000000,0.000000
6.700000,0.011149,0.001329,0.005313,0.000004,0.000000,0.000000
5.120000,0.005111,0.002855,0.005751,0.000009,0.000000,0.000000
6.350000,0.020546,0.007866,0.009017,0.000002,0.000000,0.000000
7.230000,0.039969,0.001236,0.000634,0.000007,0.000000,0.000000
