I0,I1,I2,I3,I4,I5,I6
5.360000,0.000008,0.000000,0.000000,0.000000,0.000000,0.000000
6.430000,0.000008,0.000000,0.000000,0.000000,0.000000,0.000000
5.360000,0.000021,0.000000,0.000000,0.000000,0.000000,0.000000
5.000000,0.000005,0.000000,0.000000,0.000000,0.000000,0.000000
5.180000,0.000013,0.000000,0.000000,0.000000,0.000000,0.000000
4.460000,0.000010,0.000000,0.000000,0.000000,0.000000,0.000000
5.360000,0.000040,0.000000,0.000000,0.000000,0.000000,0.000000
4.640000,0.000015,0.000000,0.000000,0.000000,0.000000,0.000000
5.180000,0.000008,0.000000,0.000000,0.000000,0.000000,0.000000
6.070000,0.000002,0.000000,0.000000,0.000000,0.000000,0.000000
4.820000,0.000014,0.000000,0.000000,0.000000,0.000000,0.000000
5.000000,0.000011,0.000000,0.000000,0.000000,0.000000,0.000000
5.000000,0.000013,0.000000,0.000000,0.000000,0.000000,0.000000
5.180000,0.000014,0.000000,0.000000,0.000000,0.000000,0.000000
5.360000,0.000011,0.000000,0.000000,0.000000,0.000000,0.000000
4.990000,0.000004,0.000000,0.000000,0.000000,0.000000,0.000000
5.360000,0.000012,0.000000,0.000000,0.000000,0.000000,0.000000
6.070000,0.000009,0.000000,0.000000,0.000000,0.000000,0.000000
5.530000,0.000004,0.000000,0.000000,0.000000,0.000000,0.000000
5.000000,0.000019,0.000000,0.000000,0.000000,0.000000,0.000000
6.070000,0.000002,0.000000,0.000000,0.000000,0.000000,0.000000
5.180000,0.000010,0.000000,0.000000,0.000000,0.000000,0.000000
5.180000,0.000001,0.000000,0.000000,0.000000,0.000000,0.000000
5.890000,0.000004,0.000000,0.000000,0.000000,0.000000,0.000000
4.640000,0.000007,0.000000,0.000000,0.000000,0.000000,0.000000
5.360000,0.000033,0.000000,0.000000,0.000000,0.000000,0.000000
5.180000,0.000005,0.000000,0.000000,0.000000,0.000000,0.000000
4.640000,0.000002,0.000000,0.000000,0.000000,0.000000,0.000000
5.710000,0.000029,0.000000,0.000000,0.000000,0.000000,0.000000
5.180000,0.000003,0.000000,0.000000,0.000000,0.000000,0.000000
5.360000,0.000003,0.000000,0.000000,0.000000,0.000000,0.000000
6.070000,0.000014,0.000000,0.000000,0.000000,0.000000,0.000000
5.000000,0.000003,0.000000,0.000000,0.000000,0.000000,0.000000
5.890000,0.000005,0.000000,0.000000,0.000000,0.000000,0.000000
4.640000,0.000003,0.000000,0.000000,0.000000,0.000000,0.000000
4.640000,0.000021,0.000000,0.000000,0.000000,0.000000,0.000000
5.710000,0.000004,0.000000,0.000000,0.000000,0.000000,0.000000
5.530000,0.000002,0.000000,0.000000,0.000000,0.000000,0.000000
5.360000,0.000008,0.000000,0.000000,0.000000,0.000000,0.000000
5.710000,0.000014,0.000000,0.000000,0.000000,0.000000,0.000000
5.000000,0.000013,0.000000,0.000000,0.000000,0.000000,0.000000
4.460000,0.000032,0.000000,0.000000,0.000000,0.000000,0.000000
4.110000,0.000006,0.000000,0.000000,0.000000,0.000000,0.000000
5.890000,0.000025,0.000000,0.000000,0.000000,0.000000,0.000000
5.890000,0.000020,0.000000,0.000000,0.000000,0.000000,0.000000
5.000000,0.000007,0.000000,0.000000,0.000000,0.000000,0.000000
5.710000,0.000010,0.000000,0.000000,0.000000,0.000000,0.000000
4.820000,0.000023,0.000000,0.000000,0.000000,0.000000,0.000000
5.710000,0.000005,0.000000,0.000000,0.000000,0.000000,0.000000
5.710000,0.000003,0.000000,0.000000,0.000000,0.000000,0.000000
5.000000,0.000004,0.000000,0.000000,0.000000,0.000000,0.000000
5.710000,0.000006,0.000000,0.000000,0.000000,0.000000,0.000000
6.070000,0.000003,0.000000,0.000000,0.000000,0.000000,0.000000
5.180000,0.000010,0.000000,0.000000,0.000000,0.000000,0.000000
5.000000,0.000014,0.000000,0.000000,0.000000,0.000000,0.000000
5.360000,0.000003,0.000000,0.000000,0.000000,0.000000,0.000000
5.000000,0.000013,0.000000,0.000000,0.000000,0.000000,0.000000
4.470000,0.000016,0.000000,0.000000,0.000000,0.000000,0.000000
4.110000,0.000010,0.000000,0.000000,0.000000,0.000000,0.000000
5.180000,0.000003,0.000000,0.000000,0.000000,0.000000,0.000000
5.180000,0.000002,0.000000,0.000000,0.000000,0.000000,0.000000
4.820000,0.000006,0.000000,0.000000,0.000000,0.000000,0.000000
5.890000,0.000007,0.000000,0.000000,0.000000,0.000000,0.000000
4.460000,0.000026,0.000000,0.000000,0.000000,0.000000,0.000000
4.820000,0.000015,0.000000,0.000000,0.000000,0.000000,0.000000
5.720000,0.000006,0.000000,0.000000,0.000000,0.000000,0.000000
4.640000,0.000009,0.000000,0.000000,0.000000,0.000000,0.000000
5.720000,0.000003,0.000000,0.000000,0.000000,0.000000,0.000000
6.610000,0.000017,0.000000,0.000000,0.000000,0.000000,0.000000
6.070000,0.000013,0.000000,0.000000,0.000000,0.000000,0.000000
5.530000,0.000023,0.000000,0.000000,0.000000,0.000000,0.000000
5.000000,0.000028,0.000000,0.000000,0.000000,0.000000,0.000000
6.070000,0.000004,0.000000,0.000000,0.000000,0.000000,0.000000
5.890000,0.000008,0.000000,0.000000,0.000000,0.000000,0.000000
5.180000,0.000003,0.000000,0.000000,0.000000,0.000000,0.000000
5.000000,0.000022,0.000000,0.000000,0.000000,0.000000,0.000000
6.610000,0.000018,0.000000,0.000000,0.000000,0.000000,0.000000
5.540000,0.000013,0.000000,0.000000,0.000000,0.000000,0.000000
4.830000,0.000001,0.000000,0.000000,0.000000,0.000000,0.000000
5.360000,0.000001,0.000000,0.000000,0.000000,0.000000,0.000000
5.180000,0.000003,0.000000,0.000000,0.000000,0.000000,0.000000
5.710000,0.000010,0.000000,0.000000,0.000000,0.000000,0.000000
5.000000,0.000015,0.000000,0.000000,0.000000,0.000000,0.000000
5.170000,0.000002,0.000000,0.000000,0.000000,0.000000,0.000000
4.820000,0.000002,0.000000,0.000000,0.000000,0.000000,0.000000
6.070000,0.000002,0.000000,0.000000,0.000000,0.000000,0.000000
4.290000,0.000010,0.000000,0.000000,0.000000,0.000000,0.000000
5.000000,0.000017,0.000000,0.000000,0.000000,0.000000,0.000000
5.350000,0.000006,0.000000,0.000000,0.000000,0.000000,0.000000
5.540000,0.000008,0.000000,0.000000,0.000000,0.000000,0.000000
5.530000,0.000002,0.000000,0.000000,0.000000,0.000000,0.000000
5.000000,0.000003,0.000000,0.000000,0.000000,0.000000,0.000000
6.610000,0.000019,0.000000,0.000000,0.000000,0.000000,0.000000
5.180000,0.000009,0.000000,0.000000,0.000000,0.000000,0.000000
5.720000,0.000012,0.000000,0.000000,0.000000,0.000000,0.000000
5.360000,0.000032,0.000000,0.000000,0.000000,0.000000,0.000000
5.360000,0.000015,0.000000,0.000000,0.000000,0.000000,0.000000
6.070000,0.000010,0.000000,0.000000,0.000000,0.000000,0.000000
5.530000,0.000011,0.000000,0.000000,0.000000,0.000000,0.000000
5.890000,0.000015,0.000000,0.000000,0.000000,0.000000,0.000000
5.360000,0.000011,0.000000,0.000000,0.000000,0.000000,0.000000
5.180000,0.000008,0.000000,0.000000,0.000000,0.000000,0.000000
5.180000,0.000019,0.000000,0.000000,0.000000,0.000000,0.000000
5.530000,0.000003,0.000000,0.000000,0.000000,0.000000,0.000000
5.540000,0.000017,0.000000,0.000000,0.000000,0.000000,0.000000
6.070000,0.000009,0.000000,0.000000,0.000000,0.000000,0.000000
5.000000,0.000018,0.000000,0.000000,0.000000,0.000000,0.000000
4.290000,0.000010,0.000000,0.000000,0.000000,0.000000,0.000000
5.000000,0.000015,0.000000,0.000000,0.000000,0.000000,0.000000
5.000000,0.000002,0.000000,0.000000,0.000000,0.000000,0.000000
5.890000,0.000018,0.000000,0.000000,0.000000,0.000000,0.000000
5.890000,0.000007,0.000000,0.000000,0.000000,0.000000,0.000000
4.640000,0.000004,0.000000,0.000000,0.000000,0.000000,0.000000
5.710000,0.000035,0.000000,0.000000,0.000000,0.000000,0.000000
5.180000,0.000003,0.000000,0.000000,0.000000,0.000000,0.000000
5.360000,0.000014,0.000000,0.000000,0.000000,0.000000,0.000000
146.039993,10.655267,0.000000,0.000000,0.000000,0.000000,0.000000
72.339996,8.183374,73.137665,773.130005,0.000000,0.000000,0.000000
19.059999,3.675881,-13.445776,812.542603,0.000000,0.000000,0.000000
104.139999,13.617710,-9.955306,89.813400,0.000000,0.000000,0.000000
65.660004,6.722211,-40.651947,342.639771,0.000000,0.000000,0.000000
79.580002,9.689083,-18.631266,103.093491,0.000000,0.000000,0.000000
44.610001,3.412508,-14.370682,237.649109,0.000000,0.000000,0.000000
28.420000,3.705210,0.393026,48.492657,0.000000,0.000000,0.000000
29.719999,4.485972,0.027877,65.852196,0.000000,0.000000,0.000000
44.110001,4.915566,-6.572752,32.679356,0.000000,0.000000,0.000000
46.389999,5.580950,-15.669656,101.985909,0.000000,0.000000,0.000000
66.660004,5.031298,-15.694722,90.306885,0.000000,0.000000,0.000000
35.439999,3.799613,-11.293264,75.677925,0.000000,0.000000,0.000000
24.750000,3.274085,-8.736515,66.696587,0.000000,0.000000,0.000000
26.920000,1.634180,0.438272,50.027931,0.000000,0.000000,0.000000
15.510000,3.365877,3.468528,8.005346,0.000000,0.000000,0.000000
27.080000,4.599361,-3.741609,5.417315,0.000000,0.000000,0.000000
67.989998,6.500295,-22.683399,122.525650,0.000000,0.000000,0.000000
30.410000,4.504132,-19.025291,129.763367,0.000000,0.000000,0.000000
46.779999,3.087175,-12.998353,131.035461,0.000000,0.000000,0.000000
39.889999,2.470300,-8.226088,126.879234,0.000000,0.000000,0.000000
19.980000,2.764245,3.975912,15.023731,0.000000,0.000000,0.000000
29.940001,7.022802,-12.099517,29.828138,0.000000,0.000000,0.000000
41.950001,4.791507,-14.146287,65.720596,0.000000,0.000000,0.000000
38.240002,5.139536,-19.937660,121.648346,0.000000,0.000000,0.000000
24.400000,4.324731,-12.885941,67.606789,0.000000,0.000000,0.000000
17.299999,1.803931,0.575216,52.385670,0.000000,0.000000,0.000000
21.219999,3.308343,2.901983,6.108189,0.000000,0.000000,0.000000
21.559999,5.045100,-4.991772,7.994380,0.000000,0.000000,0.000000
46.869999,6.288397,-22.937134,123.753876,0.000000,0.000000,0.000000
61.009998,4.805640,-14.961516,79.932831,0.000000,0.000000,0.000000
32.750000,3.145264,-12.607650,132.801010,0.000000,0.000000,0.000000
41.490002,2.464056,-5.533590,79.230995,0.000000,0.000000,0.000000
11.940000,3.135568,3.761193,14.387690,0.000000,0.000000,0.000000
15.500000,6.712420,-10.077902,22.305305,0.000000,0.000000,0.000000
60.970001,5.124161,-13.540900,58.439026,0.000000,0.000000,0.000000
38.750000,5.885206,-22.683371,135.114883,0.000000,0.000000,0.000000
37.930000,4.572469,-14.623718,88.881264,0.000000,0.000000,0.000000
27.639999,2.067411,0.247956,65.029724,0.000000,0.000000,0.000000
12.120000,3.418962,4.176590,13.433628,0.000000,0.000000,0.000000
29.379999,5.354950,-4.867245,7.457035,0.000000,0.000000,0.000000
49.709999,6.725750,-25.268835,140.027740,0.000000,0.000000,0.000000
35.040001,5.013768,-16.341820,94.846901,0.000000,0.000000,0.000000
72.349998,2.936095,-10.240418,145.072205,0.000000,0.000000,0.000000
24.750000,2.507358,-5.101182,103.181221,0.000000,0.000000,0.000000
13.180000,4.046236,3.775648,7.457035,0.000000,0.000000,0.000000
28.469999,7.443185,-16.657589,53.734512,0.000000,0.000000,0.000000
36.439999,5.492273,-17.019125,92.862007,0.000000,0.000000,0.000000
62.880001,5.810135,-23.049381,150.160553,0.000000,0.000000,0.000000
34.189999,4.225296,-17.914656,171.445999,0.000000,0.000000,0.000000
10.520000,2.556710,3.698619,33.216702,0.000000,0.000000,0.000000
15.860000,5.808561,-2.185904,1.326914,0.000000,0.000000,0.000000
48.610001,5.526510,-13.356218,53.778378,0.000000,0.000000,0.000000
62.840000,5.909237,-20.386742,111.910347,0.000000,0.000000,0.000000
55.279999,4.954563,-18.247551,123.216530,0.000000,0.000000,0.000000
33.610001,2.542887,-6.270281,125.552322,0.000000,0.000000,0.000000
43.810001,2.314190,0.375921,44.961533,0.000000,0.000000,0.000000
11.220000,5.211262,2.310243,1.853292,0.000000,0.000000,0.000000
54.790001,8.505236,-14.188886,38.272133,0.000000,0.000000,0.000000
67.239998,7.855363,-12.685562,282.819000,0.000000,0.000000,0.000000
64.800003,7.205022,-4.750798,161.039047,0.000000,0.000000,0.000000
62.389999,4.104287,-11.839203,256.258789,0.000000,0.000000,0.000000
36.099998,3.231348,7.469513,158.494888,0.000000,0.000000,0.000000
22.270000,2.281843,12.817653,124.521507,0.000000,0.000000,0.000000
37.930000,3.945919,7.646292,26.604069,0.000000,0.000000,0.000000
28.650000,5.289142,5.216528,35.015160,0.000000,0.000000,0.000000
36.080002,5.682870,-13.922501,117.854042,0.000000,0.000000,0.000000
61.349998,7.174947,-15.255695,103.817276,0.000000,0.000000,0.000000
36.389999,5.919732,-17.530228,153.998703,0.000000,0.000000,0.000000
52.610001,5.365021,-14.519453,129.182144,0.000000,0.000000,0.000000
29.920000,3.081976,7.355031,65.994751,0.000000,0.000000,0.000000
10.500000,6.264941,4.687200,12.556331,0.000000,0.000000,0.000000
77.180000,6.658383,-10.445421,63.878273,0.000000,0.000000,0.000000
53.509998,7.468121,-24.362806,166.226089,0.000000,0.000000,0.000000
47.990002,6.162834,-23.898937,239.206314,0.000000,0.000000,0.000000
54.599998,2.053308,0.438266,120.376274,0.000000,0.000000,0.000000
13.000000,4.015962,6.649351,17.491131,0.000000,0.000000,0.000000
44.639999,6.281631,-8.060162,26.198315,0.000000,0.000000,0.000000
66.449997,7.631773,-31.082624,197.183716,0.000000,0.000000,0.000000
39.590000,5.852668,-24.509655,162.179520,0.000000,0.000000,0.000000
78.699997,3.335660,-13.042024,160.611359,0.000000,0.000000,0.000000
20.670000,2.176788,2.350431,53.778378,0.000000,0.000000,0.000000
30.969999,6.263155,-3.073201,2.895084,0.000000,0.000000,0.000000
77.610001,7.547346,-28.379820,150.116684,0.000000,0.000000,0.000000
41.360001,6.261992,-23.575520,135.213577,0.000000,0.000000,0.000000
59.900002,4.820828,-23.009586,199.870468,0.000000,0.000000,0.000000
46.090000,2.172010,-1.607841,99.014061,0.000000,0.000000,0.000000
20.309999,4.558802,2.251065,1.897157,0.000000,0.000000,0.000000
61.779999,7.029881,-16.079897,53.734512,0.000000,0.000000,0.000000
54.639999,6.468926,-29.036806,196.953430,0.000000,0.000000,0.000000
55.810001,6.573410,-25.322657,147.561554,0.000000,0.000000,0.000000
60.470001,2.841323,-11.023269,179.714539,0.000000,0.000000,0.000000
14.250000,3.346293,4.213330,15.835231,0.000000,0.000000,0.000000
43.900002,6.849351,-8.533045,15.835231,0.000000,0.000000,0.000000
61.349998,6.716111,-24.878897,137.560364,0.000000,0.000000,0.000000
46.509998,6.740028,-28.870050,188.202377,0.000000,0.000000,0.000000
66.169998,4.319522,-19.331928,176.896225,0.000000,0.000000,0.000000
11.400000,2.393634,0.000000,0.000000,0.000000,0.000000,0.000000
45.709999,5.251627,-9.783006,34.444923,0.000000,0.000000,0.000000
49.270000,5.156217,-12.039985,50.707829,0.000000,0.000000,0.000000
38.369999,5.829002,-17.921421,92.862007,0.000000,0.000000,0.000000
63.240002,5.822448,-19.460125,105.330612,0.000000,0.000000,0.000000
32.330002,2.930594,-8.793605,132.735214,0.000000,0.000000,0.000000
34.529999,2.558805,4.414325,55.368481,0.000000,0.000000,0.000000
26.340000,6.336981,-3.361512,2.807354,0.000000,0.000000,0.000000
49.110001,7.392238,-28.786116,166.050598,0.000000,0.000000,0.000000
72.029999,6.295821,-26.309427,171.391174,0.000000,0.000000,0.000000
30.750000,5.997511,-27.134684,199.947235,0.000000,0.000000,0.000000
36.970001,2.356874,-3.147539,142.615784,0.000000,0.000000,0.000000
24.219999,3.755569,3.644190,6.163020,0.000000,0.000000,0.000000
40.830002,7.758488,-10.312088,27.141415,0.000000,0.000000,0.000000
20.290001,7.308282,3.393838,4.649680,0.000000,0.000000,0.000000
34.040001,5.943386,12.059813,28.446392,0.000000,0.000000,0.000000
39.029999,6.986811,34.723557,193.477142,0.000000,0.000000,0.000000
70.919998,3.876817,21.056620,137.055908,0.000000,0.000000,0.000000
39.709999,7.819404,16.568623,67.442291,0.000000,0.000000,0.000000
37.119999,2.743486,-12.364040,180.515076,0.000000,0.000000,0.000000
40.529999,3.566869,3.463476,348.747986,0.000000,0.000000,0.000000
22.020000,2.984502,6.486272,141.694626,0.000000,0.000000,0.000000
88.230003,5.312756,11.316617,76.292046,0.000000,0.000000,0.000000
39.150002,3.988234,15.830348,102.007843,0.000000,0.000000,0.000000
21.160000,5.886460,6.587037,58.449989,0.000000,0.000000,0.000000
60.279999,7.376482,1.838143,97.434929,0.000000,0.000000,0.000000
36.590000,5.613536,-5.269865,126.177414,0.000000,0.000000,0.000000
83.029999,6.222403,-4.621650,92.620743,0.000000,0.000000,0.000000
55.880001,2.325185,-1.247269,118.325577,0.000000,0.000000,0.000000
19.379999,5.088336,-4.809934,55.280750,0.000000,0.000000,0.000000
28.170000,2.492252,4.965485,29.882969,0.000000,0.000000,0.000000
16.740000,4.277532,1.871597,1.096623,0.000000,0.000000,0.000000
23.309999,6.172678,-5.459930,8.597523,0.000000,0.000000,0.000000
58.340000,6.023291,-11.368067,52.561131,0.000000,0.000000,0.000000
47.250000,5.743505,-13.789802,66.817215,0.000000,0.000000,0.000000
73.370003,5.751762,-16.928867,101.240219,0.000000,0.000000,0.000000
35.770000,5.486817,-18.991949,142.560959,0.000000,0.000000,0.000000
25.790001,2.810634,-1.873314,114.092621,0.000000,0.000000,0.000000
41.849998,2.847255,1.680722,29.652679,0.000000,0.000000,0.000000
37.500000,5.696361,2.580181,1.579137,0.000000,0.000000,0.000000
33.480000,3.049694,-16.824753,159.087051,0.000000,0.000000,0.000000
27.620001,2.034760,-2.373270,102.391655,0.000000,0.000000,0.000000
54.570000,5.704750,8.653478,92.576889,0.000000,0.000000,0.000000
20.309999,1.334737,0.512229,333.351379,0.000000,0.000000,0.000000
78.110001,3.510195,5.616995,21.855690,0.000000,0.000000,0.000000
7.310000,1.828535,9.807549,111.910347,0.000000,0.000000,0.000000
34.209999,2.580165,0.797052,14.870203,0.000000,0.000000,0.000000
14.080000,3.609358,3.865965,6.634567,0.000000,0.000000,0.000000
9.990000,2.624811,-2.519009,22.700089,0.000000,0.000000,0.000000
32.610001,4.161824,-0.974447,3.574990,0.000000,0.000000,0.000000
13.370000,2.297715,-4.486426,40.366688,0.000000,0.000000,0.000000
51.759998,3.679533,-6.690098,24.377920,0.000000,0.000000,0.000000
24.600000,2.606391,-5.572691,36.901356,0.000000,0.000000,0.000000
22.440001,3.605695,-7.314597,29.751375,0.000000,0.000000,0.000000
41.320000,2.651886,-6.651731,50.707829,0.000000,0.000000,0.000000
22.600000,2.830978,-7.887889,55.324615,0.000000,0.000000,0.000000
36.509998,1.705304,0.312672,60.051060,0.000000,0.000000,0.000000
24.770000,2.145271,3.628299,27.459433,0.000000,0.000000,0.000000
11.940000,4.948301,-1.529315,0.701839,0.000000,0.000000,0.000000
68.839996,6.896157,-24.937975,118.610718,0.000000,0.000000,0.000000
43.700001,5.967999,-27.518026,171.391174,0.000000,0.000000,0.000000
49.240002,4.720031,-25.808655,208.840836,0.000000,0.000000,0.000000
50.540001,1.687422,-7.469455,150.511475,0.000000,0.000000,0.000000
12.290000,3.844621,5.764589,11.448742,0.000000,0.000000,0.000000
18.330000,6.383104,-18.933170,98.981171,0.000000,0.000000,0.000000
55.490002,7.378526,-12.738968,134.950394,0.000000,0.000000,0.000000
9.800000,1.840074,-4.944061,415.685822,0.000000,0.000000,0.000000
73.849998,2.980852,13.236151,67.519066,0.000000,0.000000,0.000000
53.540001,5.885232,15.163029,115.266006,0.000000,0.000000,0.000000
13.360000,3.409365,-1.855185,531.971680,0.000000,0.000000,0.000000
116.730003,6.587187,9.016330,117.711487,0.000000,0.000000,0.000000
31.790001,7.081232,24.380165,282.786133,0.000000,0.000000,0.000000
33.299999,3.114172,-9.382011,312.383972,0.000000,0.000000,0.000000
96.779999,8.917677,17.974344,76.752632,0.000000,0.000000,0.000000
26.680000,3.067308,-9.798203,233.141983,0.000000,0.000000,0.000000
63.439999,5.955201,-3.281798,7.215777,0.000000,0.000000,0.000000
12.830000,2.630349,2.288693,75.590210,0.000000,0.000000,0.000000
30.610001,2.799840,-0.766272,4.002673,0.000000,0.000000,0.000000
29.040001,3.157462,3.418710,18.576788,0.000000,0.000000,0.000000
43.849998,6.692759,3.491263,13.817447,0.000000,0.000000,0.000000
24.200001,3.653025,10.284496,46.102016,0.000000,0.000000,0.000000
49.400002,8.696534,25.425655,100.527405,0.000000,0.000000,0.000000
57.660000,7.015766,22.633293,277.686798,0.000000,0.000000,0.000000
83.790001,6.155381,10.187449,209.389160,0.000000,0.000000,0.000000
43.459999,7.580552,17.263105,109.826767,0.000000,0.000000,0.000000
21.709999,4.319577,6.533924,131.221863,0.000000,0.000000,0.000000
51.549999,5.887902,8.211934,18.839979,0.000000,0.000000,0.000000
14.780000,4.101141,11.260532,47.187675,0.000000,0.000000,0.000000
30.250000,3.103782,2.241224,2.368705,0.000000,0.000000,0.000000
35.770000,4.202265,5.486464,15.725570,0.000000,0.000000,0.000000
17.820000,3.045916,1.003946,2.390638,0.000000,0.000000,0.000000
37.020000,3.726961,2.133133,9.540618,0.000000,0.000000,0.000000
19.410000,3.097003,0.128973,5.801135,0.000000,0.000000,0.000000
23.340000,3.425126,0.527673,8.038244,0.000000,0.000000,0.000000
43.630001,3.772108,-1.142350,4.397458,0.000000,0.000000,0.000000
18.870001,3.325138,-0.450980,6.853892,0.000000,0.000000,0.000000
42.209999,3.905307,-1.877385,8.740084,0.000000,0.000000,0.000000
22.969999,3.417998,-0.891592,7.413170,0.000000,0.000000,0.000000
19.049999,3.740864,-1.699387,6.360412,0.000000,0.000000,0.000000
35.099998,3.381192,-0.940231,8.038244,0.000000,0.000000,0.000000
35.259998,3.999492,-2.659625,10.582409,0.000000,0.000000,0.000000
34.369999,3.607239,-2.115455,14.256095,0.000000,0.000000,0.000000
41.639999,4.416588,-3.999760,15.879096,0.000000,0.000000,0.000000
19.230000,3.943433,-3.589340,21.252548,0.000000,0.000000,0.000000
37.529999,4.676950,-5.349232,21.230618,0.000000,0.000000,0.000000
46.810001,4.357231,-5.328734,29.696545,0.000000,0.000000,0.000000
37.330002,5.046020,-7.158734,30.858963,0.000000,0.000000,0.000000
55.810001,4.971261,-8.459310,44.928635,0.000000,0.000000,0.000000
36.410000,5.691436,-10.425743,46.343277,0.000000,0.000000,0.000000
34.330002,5.415386,-10.010411,50.718796,0.000000,0.000000,0.000000
61.110001,5.140311,-8.663419,42.154175,0.000000,0.000000,0.000000
27.030001,5.064695,-9.475811,55.324615,0.000000,0.000000,0.000000
53.000000,4.953597,-8.626018,47.790821,0.000000,0.000000,0.000000
19.600000,3.297982,0.165566,0.043865,0.000000,0.000000,0.000000
19.049999,3.230780,0.644543,3.596922,0.000000,0.000000,0.000000
20.309999,3.188245,1.693817,6.075290,0.000000,0.000000,0.000000
15.500000,2.493765,1.203544,3.487261,0.000000,0.000000,0.000000
37.910000,3.236266,6.820670,19.190899,0.000000,0.000000,0.000000
58.799999,2.670886,14.267038,79.867027,0.000000,0.000000,0.000000
18.340000,2.974865,23.695845,318.217957,0.000000,0.000000,0.000000
15.160000,0.961393,10.335913,200.495529,0.000000,0.000000,0.000000
29.900000,3.428809,6.523550,25.891260,0.000000,0.000000,0.000000
33.790001,2.481954,3.420777,87.324066,0.000000,0.000000,0.000000
14.070000,1.913882,20.292240,324.709991,0.000000,0.000000,0.000000
17.629999,2.592873,4.692787,165.809357,0.000000,0.000000,0.000000
48.220001,5.876522,16.387655,78.770409,0.000000,0.000000,0.000000
12.480000,1.417962,1.551278,244.174011,0.000000,0.000000,0.000000
37.349998,3.957231,10.407974,52.966877,0.000000,0.000000,0.000000
25.840000,3.043314,10.142613,93.311630,0.000000,0.000000,0.000000
17.459999,2.599696,2.286875,43.568821,0.000000,0.000000,0.000000
30.250000,4.587594,5.813063,23.248402,0.000000,0.000000,0.000000
13.730000,1.538132,2.456356,64.020836,0.000000,0.000000,0.000000
33.950001,4.441675,0.429287,0.098696,0.000000,0.000000,0.000000
47.959999,3.998615,19.519966,135.509659,0.000000,0.000000,0.000000
35.099998,2.445817,11.892075,133.382202,0.000000,0.000000,0.000000
60.599998,7.088726,19.323528,63.439625,0.000000,0.000000,0.000000
28.299999,2.951105,16.220119,270.580688,0.000000,0.000000,0.000000
26.500000,3.253416,8.997809,81.797089,0.000000,0.000000,0.000000
53.220001,5.880156,10.271980,56.355438,0.000000,0.000000,0.000000
37.730000,3.787606,7.122497,87.960114,0.000000,0.000000,0.000000
32.700001,4.842264,9.030620,69.854858,0.000000,0.000000,0.000000
43.750000,3.765718,7.061497,79.702538,0.000000,0.000000,0.000000
28.120001,3.988763,7.445715,48.733910,0.000000,0.000000,0.000000
33.810001,3.643473,8.706761,46.825790,0.000000,0.000000,0.000000
34.169998,3.781382,6.035818,23.390961,0.000000,0.000000,0.000000
19.940001,3.396555,6.609225,40.191227,0.000000,0.000000,0.000000
22.459999,1.853045,1.683433,21.197716,0.000000,0.000000,0.000000
26.160000,3.935681,2.529238,4.002673,0.000000,0.000000,0.000000
10.690000,1.781950,1.137777,14.310925,0.000000,0.000000,0.000000
32.049999,3.222847,1.004087,0.548311,0.000000,0.000000,0.000000
18.900000,2.019788,1.102218,3.267935,0.000000,0.000000,0.000000
27.260000,2.750098,0.167055,0.043865,0.000000,0.000000,0.000000
18.360001,2.168990,1.157400,1.951988,0.000000,0.000000,0.000000
15.870000,2.506863,0.258087,0.054831,0.000000,0.000000,0.000000
23.520000,2.478404,0.104856,0.010966,0.000000,0.000000,0.000000
20.500000,2.405402,0.505883,0.197392,0.000000,0.000000,0.000000
14.260000,2.498231,0.000000,0.000000,0.000000,0.000000,0.000000
23.879999,2.410184,0.000000,0.000000,0.000000,0.000000,0.000000
14.260000,2.476496,0.000000,0.000000,0.000000,0.000000,0.000000
17.990000,2.484711,0.000000,0.000000,0.000000,0.000000,0.000000
25.120001,2.524536,0.000000,0.000000,0.000000,0.000000,0.000000
19.600000,2.622840,0.348703,0.153527,0.000000,0.000000,0.000000
24.250000,2.423020,0.912679,0.636041,0.000000,0.000000,0.000000
24.070000,2.604893,0.970291,0.690872,0.000000,0.000000,0.000000
14.610000,2.387501,1.217281,0.745703,0.000000,0.000000,0.000000
20.320000,2.519301,0.787468,0.274156,0.000000,0.000000,0.000000
15.870000,2.561184,0.270456,0.274156,0.000000,0.000000,0.000000
19.240000,2.595945,0.530147,0.394784,0.000000,0.000000,0.000000
26.180000,3.031012,2.026670,2.598996,0.000000,0.000000,0.000000
55.070000,4.352047,12.884102,41.178177,0.000000,0.000000,0.000000
24.570000,1.594772,17.633909,209.959381,0.000000,0.000000,0.000000
27.240000,1.797812,16.595901,154.985703,0.000000,0.000000,0.000000
29.559999,2.424713,18.722418,172.071045,0.000000,0.000000,0.000000
42.810001,5.400927,15.511551,125.771652,0.000000,0.000000,0.000000
31.320000,2.990901,10.788971,347.081085,0.000000,0.000000,0.000000
54.860001,4.371251,16.099730,147.671219,0.000000,0.000000,0.000000
30.250000,4.217347,25.522465,222.844696,0.000000,0.000000,0.000000
41.970001,3.074174,9.216397,180.405396,0.000000,0.000000,0.000000
24.559999,3.607962,7.965808,141.475296,0.000000,0.000000,0.000000
30.080000,2.690128,-0.504478,71.510765,0.000000,0.000000,0.000000
21.740000,3.124286,5.736541,39.895134,0.000000,0.000000,0.000000
12.480000,1.175516,0.353401,24.959135,0.000000,0.000000,0.000000
64.580002,6.288027,9.013488,20.605541,0.000000,0.000000,0.000000
53.470001,2.951958,21.070433,265.492340,0.000000,0.000000,0.000000
25.850000,1.943560,10.149961,181.085297,0.000000,0.000000,0.000000
63.160000,5.099306,10.805458,27.086578,0.000000,0.000000,0.000000
20.830000,3.367865,27.014416,279.452362,0.000000,0.000000,0.000000
25.459999,1.436556,10.341238,145.532791,0.000000,0.000000,0.000000
38.189999,5.429043,15.840878,68.835007,0.000000,0.000000,0.000000
48.560001,4.111159,14.015069,96.524734,0.000000,0.000000,0.000000
37.200001,4.241425,15.138893,66.181175,0.000000,0.000000,0.000000
49.619999,4.585669,13.099916,45.784000,0.000000,0.000000,0.000000
36.459999,5.334847,11.826846,33.567623,0.000000,0.000000,0.000000
23.850000,3.728522,6.482451,14.705709,0.000000,0.000000,0.000000
33.279999,4.968677,5.324159,7.829886,0.000000,0.000000,0.000000
30.629999,3.913547,2.483269,3.903977,0.000000,0.000000,0.000000
31.520000,4.533093,8.353130,21.241583,0.000000,0.000000,0.000000
29.030001,3.839577,-1.627231,8.992307,0.000000,0.000000,0.000000
33.610001,4.722337,4.393559,6.952589,0.000000,0.000000,0.000000
30.610001,3.865239,0.254894,0.098696,0.000000,0.000000,0.000000
33.279999,4.306718,1.892671,1.754596,0.000000,0.000000,0.000000
20.120001,3.608148,-0.153027,0.043865,0.000000,0.000000,0.000000
35.389999,4.153018,0.361313,0.098696,0.000000,0.000000,0.000000
22.969999,3.292408,-2.285057,16.723495,0.000000,0.000000,0.000000
32.209999,4.091007,-0.393134,0.186426,0.000000,0.000000,0.000000
31.520000,3.206757,-0.227324,0.438649,0.000000,0.000000,0.000000
27.620001,4.047204,-0.225373,0.043865,0.000000,0.000000,0.000000
30.650000,3.150972,-0.162908,0.098696,0.000000,0.000000,0.000000
30.270000,3.729364,0.252196,0.054831,0.000000,0.000000,0.000000
19.780001,3.019865,0.080284,0.043865,0.000000,0.000000,0.000000
30.469999,3.535515,1.209321,1.590103,0.000000,0.000000,0.000000
15.860000,2.901357,0.465976,3.169239,0.000000,0.000000,0.000000
28.510000,3.340094,2.004392,7.413170,0.000000,0.000000,0.000000
24.770000,2.824106,0.597159,6.415244,0.000000,0.000000,0.000000
15.500000,3.202763,2.563824,12.040917,0.000000,0.000000,0.000000
31.139999,3.338040,0.290425,5.230890,0.000000,0.000000,0.000000
57.200001,4.562940,3.417277,11.700964,0.000000,0.000000,0.000000
60.139999,6.765375,14.459246,41.090454,0.000000,0.000000,0.000000
44.110001,3.912776,21.352211,119.992470,0.000000,0.000000,0.000000
58.900002,6.124316,17.871077,62.628120,0.000000,0.000000,0.000000
36.570000,5.510639,22.151093,101.788513,0.000000,0.000000,0.000000
35.389999,2.018048,8.743059,65.830261,0.000000,0.000000,0.000000
23.129999,2.450905,18.947027,200.462631,0.000000,0.000000,0.000000
40.369999,3.268366,11.163168,144.381348,0.000000,0.000000,0.000000
74.599998,6.297468,15.691222,76.522331,0.000000,0.000000,0.000000
67.989998,4.662531,16.893652,177.466431,0.000000,0.000000,0.000000
72.389999,5.020637,21.656620,272.982300,0.000000,0.000000,0.000000
29.879999,2.953473,23.375523,342.310791,0.000000,0.000000,0.000000
81.580002,7.382868,31.122620,143.986572,0.000000,0.000000,0.000000
65.209999,6.246916,37.706047,346.225739,0.000000,0.000000,0.000000
28.990000,4.147465,18.292427,122.942368,0.000000,0.000000,0.000000
106.790001,10.941241,23.966213,85.207581,0.000000,0.000000,0.000000
57.700001,5.996158,4.897727,312.197510,0.000000,0.000000,0.000000
80.699997,7.704663,6.216406,100.231316,0.000000,0.000000,0.000000
46.689999,5.391336,7.784667,184.331314,0.000000,0.000000,0.000000
84.639999,5.528034,-5.621748,213.644012,0.000000,0.000000,0.000000
57.799999,5.614886,-1.347806,103.422485,0.000000,0.000000,0.000000
44.259998,3.823644,1.337853,174.395905,0.000000,0.000000,0.000000
20.820000,3.791376,8.684278,103.323799,0.000000,0.000000,0.000000
31.120001,7.557971,-0.500890,12.929182,0.000000,0.000000,0.000000
72.250000,8.135315,0.532138,1.546238,0.000000,0.000000,0.000000
70.209999,7.044464,-11.749202,49.995026,0.000000,0.000000,0.000000
87.650002,9.030046,-27.431087,146.300415,0.000000,0.000000,0.000000
56.630001,6.899896,-17.006504,97.040131,0.000000,0.000000,0.000000
53.790001,5.301898,-16.707405,156.356461,0.000000,0.000000,0.000000
36.990002,3.674278,-4.656525,160.567490,0.000000,0.000000,0.000000
20.299999,3.503085,4.834217,95.197823,0.000000,0.000000,0.000000
26.139999,5.728787,7.882855,26.373777,0.000000,0.000000,0.000000
75.709999,7.097441,0.047588,0.109662,0.000000,0.000000,0.000000
68.129997,8.796256,-10.562871,21.274483,0.000000,0.000000,0.000000
64.139999,6.908816,-20.750563,125.596184,0.000000,0.000000,0.000000
70.209999,8.605518,0.220615,0.098696,0.000000,0.000000,0.000000
29.559999,3.528718,1.524598,53.745480,0.000000,0.000000,0.000000
24.750000,3.475326,1.688975,52.254074,0.000000,0.000000,0.000000
21.370001,3.766920,2.868093,36.890388,0.000000,0.000000,0.000000
29.719999,5.580470,-1.026809,0.745703,0.000000,0.000000,0.000000
27.549999,6.179458,5.605442,11.942222,0.000000,0.000000,0.000000
49.320000,6.804729,0.463261,0.054831,0.000000,0.000000,0.000000
85.830002,8.812897,-8.412758,13.433628,0.000000,0.000000,0.000000
71.279999,7.148719,-20.398422,116.340706,0.000000,0.000000,0.000000
60.950001,8.874595,-27.402184,142.528061,0.000000,0.000000,0.000000
60.709999,5.810738,-18.186234,150.116684,0.000000,0.000000,0.000000
45.150002,4.310168,-7.904329,88.870300,0.000000,0.000000,0.000000
27.600000,3.718941,3.162003,98.970200,0.000000,0.000000,0.000000
22.240000,5.440835,8.032324,35.629272,0.000000,0.000000,0.000000
38.880001,7.509768,3.101632,2.467401,0.000000,0.000000,0.000000
78.449997,7.425250,-7.660579,15.846197,0.000000,0.000000,0.000000
70.790001,8.967983,-23.961079,107.479980,0.000000,0.000000,0.000000
55.209999,7.029705,-20.317108,120.902649,0.000000,0.000000,0.000000
82.620003,5.480604,-17.461174,160.556519,0.000000,0.000000,0.000000
29.520000,3.659333,-4.435566,155.292740,0.000000,0.000000,0.000000
28.299999,3.564854,5.378946,86.907341,0.000000,0.000000,0.000000
26.480000,6.045382,6.892221,18.434227,0.000000,0.000000,0.000000
68.879997,7.377158,-2.534726,2.204212,0.000000,0.000000,0.000000
98.150002,8.679981,-13.921682,36.934254,0.000000,0.000000,0.000000
62.939999,6.847457,-23.843075,160.567490,0.000000,0.000000,0.000000
49.669998,7.079180,-20.331654,107.523842,0.000000,0.000000,0.000000
52.230000,4.467175,-12.525171,103.181221,0.000000,0.000000,0.000000
22.610001,2.600665,-3.920442,179.670670,0.000000,0.000000,0.000000
11.420000,1.964196,4.774942,83.003372,0.000000,0.000000,0.000000
38.040001,3.628942,11.333291,41.441376,0.000000,0.000000,0.000000
22.969999,2.638286,-3.722419,60.687103,0.000000,0.000000,0.000000
74.470001,8.322645,14.481271,79.943794,0.000000,0.000000,0.000000
24.570000,2.759946,3.864688,289.376801,0.000000,0.000000,0.000000
23.830000,4.288383,4.372325,36.155651,0.000000,0.000000,0.000000
88.949997,4.638356,-3.225974,44.062294,0.000000,0.000000,0.000000
22.070000,3.038509,-9.661653,314.138550,0.000000,0.000000,0.000000
71.500000,4.920247,6.956949,29.872005,0.000000,0.000000,0.000000
21.340000,3.495813,6.733939,148.833618,0.000000,0.000000,0.000000
30.969999,2.890946,4.034590,33.128971,0.000000,0.000000,0.000000
19.780001,3.355180,9.490829,70.644440,0.000000,0.000000,0.000000
22.790001,3.770266,4.691337,18.521961,0.000000,0.000000,0.000000
28.100000,5.179966,5.910303,11.942222,0.000000,0.000000,0.000000
42.130001,5.230162,2.329316,1.535272,0.000000,0.000000,0.000000
48.970001,6.596129,-2.710965,3.542091,0.000000,0.000000,0.000000
64.440002,5.916340,-10.198606,42.296738,0.000000,0.000000,0.000000
64.050003,6.531062,-15.469613,72.223564,0.000000,0.000000,0.000000
40.470001,5.743241,-14.208354,77.377693,0.000000,0.000000,0.000000
72.080002,5.485046,-17.442032,123.710007,0.000000,0.000000,0.000000
34.660000,3.724234,-8.258201,94.846901,0.000000,0.000000,0.000000
27.420000,3.074608,-2.226585,182.631546,0.000000,0.000000,0.000000
17.620001,5.331089,1.067606,0.405750,0.000000,0.000000,0.000000
29.490000,5.996638,2.921727,2.511266,0.000000,0.000000,0.000000
91.900002,7.876177,-8.911343,15.846197,0.000000,0.000000,0.000000
56.200001,6.810389,-19.615429,96.908539,0.000000,0.000000,0.000000
62.980000,7.712013,-27.631727,155.303711,0.000000,0.000000,0.000000
37.840000,5.080066,-19.894186,174.099808,0.000000,0.000000,0.000000
33.790001,2.915028,-2.835986,77.377693,0.000000,0.000000,0.000000
16.559999,3.022408,4.635310,109.662270,0.000000,0.000000,0.000000
21.530001,4.665762,7.760439,33.172836,0.000000,0.000000,0.000000
42.990002,6.870035,1.124482,0.285122,0.000000,0.000000,0.000000
82.870003,6.876446,-10.717722,28.523155,0.000000,0.000000,0.000000
74.730003,7.546462,-21.510874,98.981163,0.000000,0.000000,0.000000
63.910000,6.551178,-20.345976,111.866486,0.000000,0.000000,0.000000
58.759998,4.979168,-18.802034,168.616699,0.000000,0.000000,0.000000
24.540001,2.977558,-4.896043,185.329239,0.000000,0.000000,0.000000
21.190001,3.314857,6.051263,83.025299,0.000000,0.000000,0.000000
26.850000,5.641304,6.599503,15.835231,0.000000,0.000000,0.000000
37.790001,6.972542,-2.456681,1.590103,0.000000,0.000000,0.000000
95.559998,8.085608,-14.703755,42.165142,0.000000,0.000000,0.000000
48.610001,6.738147,-26.665846,185.329239,0.000000,0.000000,0.000000
60.139999,6.404871,-19.117579,105.330612,0.000000,0.000000,0.000000
40.139999,4.029763,-11.363525,116.340706,0.000000,0.000000,0.000000
26.709999,2.958604,-1.449880,168.616699,0.000000,0.000000,0.000000
19.410000,4.052811,8.116984,58.439026,0.000000,0.000000,0.000000
35.880001,5.876524,4.283591,6.316547,0.000000,0.000000,0.000000
68.000000,7.975821,-6.720535,9.233563,0.000000,0.000000,0.000000
86.059998,7.004900,-19.138288,90.811333,0.000000,0.000000,0.000000
49.110001,7.871124,-28.443298,165.919006,0.000000,0.000000,0.000000
66.080002,5.366686,-20.846062,182.488983,0.000000,0.000000,0.000000
35.730000,3.589824,-7.940961,109.662270,0.000000,0.000000,0.000000
19.049999,3.131108,3.934041,118.610718,0.000000,0.000000,0.000000
27.230000,4.854402,7.753138,33.172836,0.000000,0.000000,0.000000
41.009998,7.143631,0.495315,0.054831,0.000000,0.000000,0.000000
81.809998,7.150701,-11.868534,34.390091,0.000000,0.000000,0.000000
88.010002,8.099339,-24.825653,123.227493,0.000000,0.000000,0.000000
42.279999,6.357309,-19.023481,109.662270,0.000000,0.000000,0.000000
63.509998,4.846391,-16.626734,157.913681,0.000000,0.000000,0.000000
36.639999,3.094688,-1.550154,152.693741,0.000000,0.000000,0.000000
23.670000,4.019811,7.395602,60.051060,0.000000,0.000000,0.000000
39.259998,6.223724,5.534214,9.869605,0.000000,0.000000,0.000000
62.330002,7.283649,-4.914817,5.801134,0.000000,0.000000,0.000000
71.139999,8.388275,-16.786474,53.734512,0.000000,0.000000,0.000000
48.970001,7.026498,-26.080826,174.099808,0.000000,0.000000,0.000000
53.220001,6.337058,-20.180593,127.910072,0.000000,0.000000,0.000000
69.639999,4.114542,-10.476547,111.877449,0.000000,0.000000,0.000000
22.959999,3.178392,-0.605459,157.913681,0.000000,0.000000,0.000000
21.000000,4.366576,8.440777,58.439026,0.000000,0.000000,0.000000
45.299999,6.183392,4.169101,5.801134,0.000000,0.000000,0.000000
63.919998,8.155362,-7.004166,9.869605,0.000000,0.000000,0.000000
81.279999,7.228840,-18.719868,86.863480,0.000000,0.000000,0.000000
74.470001,8.131266,-28.074402,160.556519,0.000000,0.000000,0.000000
59.860001,5.626688,-21.699333,193.981598,0.000000,0.000000,0.000000
37.860001,3.738142,-7.919329,125.552322,0.000000,0.000000,0.000000
18.700001,3.401991,4.386433,111.866486,0.000000,0.000000,0.000000
28.100000,5.122365,8.036045,34.390091,0.000000,0.000000,0.000000
61.029999,7.329637,0.577561,0.065797,0.000000,0.000000,0.000000
59.849998,7.417282,-12.634681,38.173435,0.000000,0.000000,0.000000
93.849998,8.265350,-26.925329,145.028336,0.000000,0.000000,0.000000
43.139999,6.882983,-19.375879,103.181221,0.000000,0.000000,0.000000
50.380001,5.065767,-15.978317,142.517090,0.000000,0.000000,0.000000
40.730000,3.321284,-3.488448,182.488983,0.000000,0.000000,0.000000
19.930000,3.925185,6.843570,71.949409,0.000000,0.000000,0.000000
40.320000,6.086686,6.199142,13.433628,0.000000,0.000000,0.000000
68.349998,7.423494,-2.778621,1.853292,0.000000,0.000000,0.000000
65.519997,8.282403,-15.886042,50.718796,0.000000,0.000000,0.000000
84.570000,7.112734,-25.639610,168.616699,0.000000,0.000000,0.000000
41.869999,6.202610,-20.472223,140.027740,0.000000,0.000000,0.000000
71.589996,4.039895,-9.620215,107.479980,0.000000,0.000000,0.000000
38.419998,3.050303,1.085876,145.028336,0.000000,0.000000,0.000000
20.290001,4.554451,8.799565,52.210209,0.000000,0.000000,0.000000
54.470001,6.311007,3.959873,4.836106,0.000000,0.000000,0.000000
61.410000,7.896895,-8.267876,14.223196,0.000000,0.000000,0.000000
59.889999,7.147816,-19.796993,94.846901,0.000000,0.000000,0.000000
78.900002,7.710608,-27.909157,165.908035,0.000000,0.000000,0.000000
39.259998,5.423716,-20.786215,176.874283,0.000000,0.000000,0.000000
32.169998,3.356397,-6.883801,130.289749,0.000000,0.000000,0.000000
21.709999,3.627260,7.967043,94.846901,0.000000,0.000000,0.000000
30.910000,5.621674,5.972630,13.433628,0.000000,0.000000,0.000000
86.010002,7.641650,-4.935417,5.318621,0.000000,0.000000,0.000000
63.830002,7.114984,-17.124434,70.183861,0.000000,0.000000,0.000000
54.959999,7.667372,-31.371969,208.840836,0.000000,0.000000,0.000000
43.700001,5.717862,-23.252615,196.909561,0.000000,0.000000,0.000000
28.790001,3.790075,-8.503590,98.981163,0.000000,0.000000,0.000000
24.750000,3.248811,3.704717,120.913612,0.000000,0.000000,0.000000
25.090000,5.029317,8.132473,38.184402,0.000000,0.000000,0.000000
43.259998,7.757821,1.829367,0.625075,0.000000,0.000000,0.000000
93.029999,8.174025,-11.254525,38.644985,0.000000,0.000000,0.000000
105.690002,10.347168,-18.707142,99.430786,0.000000,0.000000,0.000000
59.360001,7.514500,-2.328100,195.012421,0.000000,0.000000,0.000000
101.519997,9.250467,28.598713,183.344345,0.000000,0.000000,0.000000
43.110001,5.219903,28.918854,412.582336,0.000000,0.000000,0.000000
42.220001,5.893739,21.333683,163.330994,0.000000,0.000000,0.000000
87.730003,11.274883,14.570225,114.158424,0.000000,0.000000,0.000000
30.750000,4.713561,0.945184,441.664795,0.000000,0.000000,0.000000
92.379997,8.655906,17.196417,46.003319,0.000000,0.000000,0.000000
69.940002,9.811127,53.673782,321.946503,0.000000,0.000000,0.000000
77.050003,7.517952,-0.045884,364.966980,0.000000,0.000000,0.000000
47.990002,8.074603,28.927204,410.553589,0.000000,0.000000,0.000000
57.689999,6.489306,16.160515,170.097137,0.000000,0.000000,0.000000
150.720001,10.331620,19.688622,100.527405,0.000000,0.000000,0.000000
52.900002,5.456249,-0.913954,288.740753,0.000000,0.000000,0.000000
74.500000,7.869810,8.201505,24.981064,0.000000,0.000000,0.000000
34.500000,4.240810,11.160467,49.567345,0.000000,0.000000,0.000000
63.730000,4.876616,6.746134,9.924437,0.000000,0.000000,0.000000
35.389999,4.480314,5.276064,7.237710,0.000000,0.000000,0.000000
49.590000,5.048293,1.453543,0.537345,0.000000,0.000000,0.000000
22.049999,4.876747,2.116418,1.239184,0.000000,0.000000,0.000000
34.189999,3.649987,2.465672,2.127448,0.000000,0.000000,0.000000
38.950001,3.843724,0.773769,0.438649,0.000000,0.000000,0.000000
22.780001,3.522273,1.237600,1.272082,0.000000,0.000000,0.000000
34.700001,3.579276,0.243827,0.175460,0.000000,0.000000,0.000000
21.370001,3.600950,0.340020,0.274156,0.000000,0.000000,0.000000
33.660000,3.495890,0.277226,0.175460,0.000000,0.000000,0.000000
31.520000,3.388819,0.452516,0.219325,0.000000,0.000000,0.000000
17.100000,3.187656,0.530538,0.318021,0.000000,0.000000,0.000000
26.350000,2.999959,0.858177,0.712805,0.000000,0.000000,0.000000
16.389999,2.720254,1.110980,1.096623,0.000000,0.000000,0.000000
14.430000,2.386441,1.531931,1.984887,0.000000,0.000000,0.000000
18.170000,2.139939,1.732788,2.467401,0.000000,0.000000,0.000000
17.469999,2.059624,2.234086,3.651754,0.000000,0.000000,0.000000
15.870000,1.781217,3.324120,7.500899,0.000000,0.000000,0.000000
16.209999,1.397204,3.635113,10.374050,0.000000,0.000000,0.000000
18.350000,1.636158,3.882415,10.308253,0.000000,0.000000,0.000000
16.030001,1.407499,4.212747,12.962081,0.000000,0.000000,0.000000
17.650000,1.726264,3.995799,9.507719,0.000000,0.000000,0.000000
17.990000,1.691503,4.082452,10.933329,0.000000,0.000000,0.000000
19.059999,1.819315,3.468589,7.117082,0.000000,0.000000,0.000000
19.600000,2.279250,3.641592,6.283648,0.000000,0.000000,0.000000
19.059999,2.264115,2.431179,3.136341,0.000000,0.000000,0.000000
17.459999,2.117810,1.973350,2.182279,0.000000,0.000000,0.000000
15.320000,2.183194,1.444174,1.107589,0.000000,0.000000,0.000000
19.790001,1.942744,1.259649,0.954062,0.000000,0.000000,0.000000
18.010000,2.020608,0.977883,0.548311,0.000000,0.000000,0.000000
12.110000,1.783461,0.551247,0.274156,0.000000,0.000000,0.000000
17.290001,1.880553,0.385038,0.142561,0.000000,0.000000,0.000000
12.480000,1.696428,0.381027,0.142561,0.000000,0.000000,0.000000
18.889999,1.853225,0.273591,0.109662,0.000000,0.000000,0.000000
16.570000,1.764072,0.146788,0.043865,0.000000,0.000000,0.000000
16.389999,1.665597,0.378412,0.197392,0.000000,0.000000,0.000000
18.170000,1.762167,0.503676,0.274156,0.000000,0.000000,0.000000
16.590000,1.697742,1.312104,1.403677,0.000000,0.000000,0.000000
17.270000,2.183863,4.105384,8.707185,0.000000,0.000000,0.000000
49.380001,3.681592,14.950379,68.758240,0.000000,0.000000,0.000000
51.980000,4.024781,28.919075,279.989685,0.000000,0.000000,0.000000
34.570000,2.273655,1.245646,411.661163,0.000000,0.000000,0.000000
67.910004,4.551523,26.988773,178.815308,0.000000,0.000000,0.000000
38.189999,5.484651,13.604585,461.546509,0.000000,0.000000,0.000000
41.639999,2.312587,-0.641756,386.493683,0.000000,0.000000,0.000000
71.360001,8.242126,34.511799,160.084991,0.000000,0.000000,0.000000
22.040001,3.350974,31.548183,587.592346,0.000000,0.000000,0.000000
60.680000,4.832209,20.353378,305.551971,0.000000,0.000000,0.000000
41.490002,6.335679,34.302380,262.224426,0.000000,0.000000,0.000000
40.730000,3.409463,15.554512,281.415314,0.000000,0.000000,0.000000
36.009998,5.521422,22.301455,127.010834,0.000000,0.000000,0.000000
17.260000,3.227633,16.353191,177.323898,0.000000,0.000000,0.000000
34.009998,2.454609,6.948396,31.198917,0.000000,0.000000,0.000000
24.360001,4.849871,7.772343,17.074415,0.000000,0.000000,0.000000
16.379999,2.284355,4.123598,22.349171,0.000000,0.000000,0.000000
37.400002,3.700876,1.788518,1.381745,0.000000,0.000000,0.000000
25.110001,2.731755,2.046819,4.890937,0.000000,0.000000,0.000000
30.610001,2.816227,0.809158,0.668940,0.000000,0.000000,0.000000
17.450001,2.989185,1.331619,1.436576,0.000000,0.000000,0.000000
28.670000,2.676139,0.423137,0.581210,0.000000,0.000000,0.000000
27.959999,2.635151,0.271934,0.043865,0.000000,0.000000,0.000000
25.639999,2.701880,0.000000,0.000000,0.000000,0.000000,0.000000
27.600000,2.648270,-0.027297,0.010966,0.000000,0.000000,0.000000
20.309999,2.536542,0.560488,0.142561,0.000000,0.000000,0.000000
12.830000,2.638698,0.000000,0.000000,0.000000,0.000000,0.000000
23.520000,2.561187,0.000000,0.000000,0.000000,0.000000,0.000000
26.180000,2.577593,0.080945,0.010966,0.000000,0.000000,0.000000
23.500000,2.580767,0.000000,0.000000,0.000000,0.000000,0.000000
26.000000,2.573717,0.269392,0.043865,0.000000,0.000000,0.000000
13.720000,2.556419,0.000000,0.000000,0.000000,0.000000,0.000000
20.299999,2.460542,0.096151,0.021932,0.000000,0.000000,0.000000
26.709999,2.503842,0.000000,0.000000,0.000000,0.000000,0.000000
17.100000,2.501986,0.132455,0.010966,0.000000,0.000000,0.000000
27.780001,2.501877,0.000000,0.000000,0.000000,0.000000,0.000000
16.209999,2.487238,0.000000,0.000000,0.000000,0.000000,0.000000
14.420000,2.338217,0.000000,0.000000,0.000000,0.000000,0.000000
25.299999,2.371469,0.000000,0.000000,0.000000,0.000000,0.000000
11.940000,2.245208,0.000000,0.000000,0.000000,0.000000,0.000000
21.750000,2.023034,0.000000,0.000000,0.000000,0.000000,0.000000
15.150000,1.690429,0.063745,0.010966,0.000000,0.000000,0.000000
16.049999,1.309518,0.198435,0.416717,0.000000,0.000000,0.000000
31.700001,1.818152,2.905768,6.557803,0.000000,0.000000,0.000000
35.730000,3.602746,20.702961,119.992455,0.000000,0.000000,0.000000
13.010000,0.725305,7.931730,324.052002,0.000000,0.000000,0.000000
61.389999,4.459107,19.650579,93.234856,0.000000,0.000000,0.000000
28.990000,2.263495,9.928208,182.149033,0.000000,0.000000,0.000000
15.500000,2.141563,14.763581,221.594543,0.000000,0.000000,0.000000
38.700001,4.068571,14.762758,109.684204,0.000000,0.000000,0.000000
34.459999,4.352692,14.296191,146.399139,0.000000,0.000000,0.000000
30.610001,2.962446,12.776559,140.477356,0.000000,0.000000,0.000000
102.690002,8.386703,27.734850,116.735489,0.000000,0.000000,0.000000
5.710000,0.369685,6.832084,297.382111,0.000000,0.000000,0.000000
13.720000,1.238219,4.540250,40.300884,0.000000,0.000000,0.000000
32.880001,3.599044,16.049938,85.437866,0.000000,0.000000,0.000000
25.290001,1.574314,11.913709,95.647430,0.000000,0.000000,0.000000
28.100000,3.257198,10.478499,46.080086,0.000000,0.000000,0.000000
26.690001,3.689748,10.677641,53.394562,0.000000,0.000000,0.000000
33.990002,3.590893,6.193554,15.100494,0.000000,0.000000,0.000000
34.330002,4.654889,10.494581,31.078289,0.000000,0.000000,0.000000
30.790001,2.974659,8.239358,37.427734,0.000000,0.000000,0.000000
18.350000,2.372966,6.180391,28.665714,0.000000,0.000000,0.000000
18.870001,2.724659,2.525522,2.588030,0.000000,0.000000,0.000000
24.400000,2.449760,4.231756,14.354790,0.000000,0.000000,0.000000
18.160000,2.004964,0.248793,0.449615,0.000000,0.000000,0.000000
20.309999,2.285073,2.684404,6.897757,0.000000,0.000000,0.000000
22.790001,1.713116,0.230922,0.131595,0.000000,0.000000,0.000000
15.690000,2.167201,0.374302,0.142561,0.000000,0.000000,0.000000
21.020000,1.844309,0.170129,0.021932,0.000000,0.000000,0.000000
15.700000,2.041797,0.406946,0.274156,0.000000,0.000000,0.000000
15.680000,2.104504,0.000000,0.000000,0.000000,0.000000,0.000000
18.530001,2.108279,0.000000,0.000000,0.000000,0.000000,0.000000
18.910000,2.126802,0.082545,0.010966,0.000000,0.000000,0.000000
17.990000,2.146651,0.000000,0.000000,0.000000,0.000000,0.000000
21.920000,2.183738,0.000000,0.000000,0.000000,0.000000,0.000000
15.140000,2.176987,0.000000,0.000000,0.000000,0.000000,0.000000
24.049999,2.232353,0.234632,0.043865,0.000000,0.000000,0.000000
25.120001,2.222518,0.508932,0.142561,0.000000,0.000000,0.000000
14.420000,2.413213,1.191526,0.668940,0.000000,0.000000,0.000000
42.529999,2.997110,3.510016,4.836106,0.000000,0.000000,0.000000
39.919998,5.422421,11.564342,27.174309,0.000000,0.000000,0.000000
52.580002,3.495447,20.740101,139.863251,0.000000,0.000000,0.000000
51.720001,2.940128,16.723164,99.737839,0.000000,0.000000,0.000000
39.130001,3.898278,17.067455,84.549606,0.000000,0.000000,0.000000
63.549999,3.080771,4.668013,140.345779,0.000000,0.000000,0.000000
33.080002,3.206608,23.876860,357.959534,0.000000,0.000000,0.000000
21.520000,3.236616,16.848930,124.685997,0.000000,0.000000,0.000000
42.630001,5.198213,19.824398,87.181503,0.000000,0.000000,0.000000
32.770000,2.267908,11.374788,107.216797,0.000000,0.000000,0.000000
26.520000,3.283126,7.976610,49.512516,0.000000,0.000000,0.000000
44.639999,3.898644,7.940412,29.499151,0.000000,0.000000,0.000000
17.629999,2.278697,2.632397,32.328438,0.000000,0.000000,0.000000
23.850000,4.044446,1.573820,0.844400,0.000000,0.000000,0.000000
15.490000,2.169179,2.530373,20.539742,0.000000,0.000000,0.000000
31.320000,3.063942,1.154801,0.745703,0.000000,0.000000,0.000000
31.680000,3.224644,15.400222,76.719727,0.000000,0.000000,0.000000
21.040001,0.852085,-7.528446,124.982079,0.000000,0.000000,0.000000
9.620000,1.091097,3.163211,78.715576,0.000000,0.000000,0.000000
50.770000,5.025946,18.028498,83.792938,0.000000,0.000000,0.000000
10.520000,1.144888,3.269562,264.373810,0.000000,0.000000,0.000000
49.740002,4.255323,6.091370,9.233563,0.000000,0.000000,0.000000
33.610001,3.445262,12.219429,88.201370,0.000000,0.000000,0.000000
37.959999,3.974021,18.193474,174.692001,0.000000,0.000000,0.000000
115.550003,8.046734,40.419991,368.399414,0.000000,0.000000,0.000000
42.220001,4.050920,43.689163,682.735352,0.000000,0.000000,0.000000
102.419998,4.259895,38.042309,457.500000,0.000000,0.000000,0.000000
86.550003,8.871576,51.088322,399.192627,0.000000,0.000000,0.000000
22.240000,2.834673,28.301481,572.151917,0.000000,0.000000,0.000000
85.160004,3.440548,8.736210,94.495979,0.000000,0.000000,0.000000
56.169998,8.467197,15.275894,79.680603,0.000000,0.000000,0.000000
14.600000,2.333161,2.651835,64.459480,0.000000,0.000000,0.000000
41.740002,5.619753,5.306525,5.044465,0.000000,0.000000,0.000000
25.639999,3.141113,3.109955,4.178133,0.000000,0.000000,0.000000
25.969999,4.548270,2.325355,1.513340,0.000000,0.000000,0.000000
49.880001,5.926057,5.756229,6.579736,0.000000,0.000000,0.000000
45.570000,6.785309,14.373742,37.032951,0.000000,0.000000,0.000000
107.220001,9.412895,25.863277,82.487961,0.000000,0.000000,0.000000
127.029999,11.715808,58.297859,322.911499,0.000000,0.000000,0.000000
42.930000,5.242743,46.612034,663.500610,0.000000,0.000000,0.000000
101.559998,7.354916,44.877792,399.773773,0.000000,0.000000,0.000000
61.230000,7.593637,60.078072,506.617737,0.000000,0.000000,0.000000
9.090000,0.640203,9.298676,562.929321,0.000000,0.000000,0.000000
52.299999,4.072648,16.203552,78.627846,0.000000,0.000000,0.000000
48.820000,3.855684,17.640104,128.502258,0.000000,0.000000,0.000000
81.739998,4.920022,27.165604,211.231445,0.000000,0.000000,0.000000
48.880001,4.230284,13.478912,277.664856,0.000000,0.000000,0.000000
54.209999,3.181804,20.527168,222.055130,0.000000,0.000000,0.000000
44.439999,3.116056,18.369255,179.615829,0.000000,0.000000,0.000000
50.090000,3.901755,13.422977,100.856392,0.000000,0.000000,0.000000
32.939999,2.492349,15.113339,210.562531,0.000000,0.000000,0.000000
28.459999,2.457049,12.431248,78.353691,0.000000,0.000000,0.000000
28.790001,3.505939,18.190880,114.597069,0.000000,0.000000,0.000000
21.719999,1.710150,3.376979,113.895226,0.000000,0.000000,0.000000
34.500000,3.397628,2.693430,12.907249,0.000000,0.000000,0.000000
35.060001,3.251345,2.645707,12.797587,0.000000,0.000000,0.000000
31.500000,2.770246,3.887767,19.168964,0.000000,0.000000,0.000000
37.529999,3.229732,5.879097,13.455561,0.000000,0.000000,0.000000
56.520000,4.237639,10.260878,29.521084,0.000000,0.000000,0.000000
70.260002,5.343330,17.008871,94.978493,0.000000,0.000000,0.000000
84.809998,5.897197,21.307152,125.398811,0.000000,0.000000,0.000000
71.989998,5.619977,27.240112,188.246246,0.000000,0.000000,0.000000
33.570000,4.578345,20.490967,185.263428,0.000000,0.000000,0.000000
97.029999,8.748737,17.993572,125.826492,0.000000,0.000000,0.000000
83.459999,7.333372,10.087318,211.363068,0.000000,0.000000,0.000000
75.400002,6.689017,16.663664,154.316742,0.000000,0.000000,0.000000
41.740002,4.708087,17.597206,185.175705,0.000000,0.000000,0.000000
72.120003,3.898041,10.131063,76.138519,0.000000,0.000000,0.000000
37.299999,5.901193,15.169090,89.276054,0.000000,0.000000,0.000000
52.009998,3.363121,12.556318,72.278397,0.000000,0.000000,0.000000
60.700001,7.991468,23.367849,74.285217,0.000000,0.000000,0.000000
83.300003,7.317215,28.006123,257.728271,0.000000,0.000000,0.000000
76.449997,7.537903,26.722500,306.593781,0.000000,0.000000,0.000000
55.110001,7.181693,38.524529,472.578552,0.000000,0.000000,0.000000
55.959999,5.103504,30.474684,330.357574,0.000000,0.000000,0.000000
53.020000,9.335447,28.708359,191.678680,0.000000,0.000000,0.000000
57.900002,7.889657,14.735390,397.799927,0.000000,0.000000,0.000000
26.180000,2.015771,4.496484,149.250366,0.000000,0.000000,0.000000
53.009998,7.091207,18.169363,86.062958,0.000000,0.000000,0.000000
12.290000,1.868486,5.603780,83.628441,0.000000,0.000000,0.000000
40.020000,4.449550,3.441807,3.564024,0.000000,0.000000,0.000000
13.180000,2.204961,-0.168682,21.438972,0.000000,0.000000,0.000000
14.430000,1.802904,-1.509087,9.266462,0.000000,0.000000,0.000000
22.790001,1.173569,-0.074785,7.851819,0.000000,0.000000,0.000000
10.520000,0.365890,0.369610,55.763260,0.000000,0.000000,0.000000
52.189999,3.430061,9.965839,36.024059,0.000000,0.000000,0.000000
19.219999,2.885637,13.385765,193.148163,0.000000,0.000000,0.000000
46.750000,4.082169,8.918596,111.208519,0.000000,0.000000,0.000000
44.320000,6.843651,18.418541,106.021484,0.000000,0.000000,0.000000
27.580000,2.774027,-2.563293,174.330124,0.000000,0.000000,0.000000
99.099998,8.159924,11.550999,39.456486,0.000000,0.000000,0.000000
21.340000,3.113150,3.834259,127.975868,0.000000,0.000000,0.000000
61.759998,6.958915,14.294182,37.230343,0.000000,0.000000,0.000000
37.709999,3.757998,14.235197,102.939972,0.000000,0.000000,0.000000
42.279999,4.565359,8.601041,24.334057,0.000000,0.000000,0.000000
51.270000,7.005582,9.803246,34.565548,0.000000,0.000000,0.000000
36.459999,4.469093,7.988249,69.339455,0.000000,0.000000,0.000000
70.430000,6.416075,6.399812,14.267061,0.000000,0.000000,0.000000
59.290001,6.315763,12.657148,63.450592,0.000000,0.000000,0.000000
52.900002,4.912297,14.484718,50.466579,0.000000,0.000000,0.000000
25.770000,6.464699,21.327679,72.102943,0.000000,0.000000,0.000000
52.939999,4.393981,11.524118,80.821091,0.000000,0.000000,0.000000
40.220001,7.555648,10.685745,48.262367,0.000000,0.000000,0.000000
44.610001,3.357312,11.886124,96.173813,0.000000,0.000000,0.000000
65.690002,4.513864,9.820211,33.918537,0.000000,0.000000,0.000000
23.299999,4.248151,11.989669,42.176109,0.000000,0.000000,0.000000
57.380001,4.420026,9.027135,20.934528,0.000000,0.000000,0.000000
27.180000,5.472657,9.339970,28.501221,0.000000,0.000000,0.000000
22.230000,3.456937,7.744986,27.941948,0.000000,0.000000,0.000000
42.689999,3.618161,3.949226,8.707185,0.000000,0.000000,0.000000
24.559999,3.561671,3.518905,7.007419,0.000000,0.000000,0.000000
32.049999,3.047152,2.408667,2.840253,0.000000,0.000000,0.000000
16.379999,3.365719,1.402024,0.921163,0.000000,0.000000,0.000000
29.030001,2.882370,0.725872,0.318021,0.000000,0.000000,0.000000
27.940001,3.259166,0.507573,0.098696,0.000000,0.000000,0.000000
13.890000,3.051301,0.360567,0.098696,0.000000,0.000000,0.000000
27.420000,3.069086,0.000000,0.000000,0.000000,0.000000,0.000000
26.549999,2.970161,0.237181,0.043865,0.000000,0.000000,0.000000
25.639999,2.949392,0.000000,0.000000,0.000000,0.000000,0.000000
22.959999,2.946538,0.000000,0.000000,0.000000,0.000000,0.000000
27.780001,2.879237,0.000000,0.000000,0.000000,0.000000,0.000000
19.059999,2.542664,0.000000,0.000000,0.000000,0.000000,0.000000
16.770000,1.648638,0.000000,0.000000,0.000000,0.000000,0.000000
6.950000,0.645011,-0.424928,0.416717,0.000000,0.000000,0.000000
6.060000,0.078715,0.150259,4.452289,0.000000,0.000000,0.000000
20.129999,0.714097,3.536633,18.280701,0.000000,0.000000,0.000000
19.410000,1.718617,8.591254,43.711384,0.000000,0.000000,0.000000
24.040001,1.573888,11.067531,83.463951,0.000000,0.000000,0.000000
33.610001,2.809865,12.053616,61.048988,0.000000,0.000000,0.000000
19.400000,2.576171,12.336105,66.367607,0.000000,0.000000,0.000000
42.150002,3.278332,11.092278,40.311852,0.000000,0.000000,0.000000
30.730000,4.772773,16.142576,59.086029,0.000000,0.000000,0.000000
34.500000,3.129943,15.876236,88.278122,0.000000,0.000000,0.000000
34.990002,5.000595,16.013588,54.227993,0.000000,0.000000,0.000000
30.200001,4.776479,19.081305,84.757965,0.000000,0.000000,0.000000
42.279999,4.124268,16.347662,74.033005,0.000000,0.000000,0.000000
48.930000,6.979187,18.358032,60.807732,0.000000,0.000000,0.000000
32.880001,4.175512,18.695799,104.255920,0.000000,0.000000,0.000000
77.480003,6.716107,15.395505,48.514591,0.000000,0.000000,0.000000
35.060001,4.497301,15.374168,80.371475,0.000000,0.000000,0.000000
34.330002,3.521154,7.753173,35.684101,0.000000,0.000000,0.000000
42.099998,6.090459,7.612820,18.576788,0.000000,0.000000,0.000000
24.750000,2.976968,8.301691,28.885042,0.000000,0.000000,0.000000
35.419998,3.383385,1.788277,3.037645,0.000000,0.000000,0.000000
20.660000,3.540726,2.173051,3.728517,0.000000,0.000000,0.000000
15.850000,3.091716,0.260853,0.142561,0.000000,0.000000,0.000000
23.150000,3.589630,1.522545,2.851219,0.000000,0.000000,0.000000
14.240000,3.022352,0.557783,0.186426,0.000000,0.000000,0.000000
23.670000,3.319888,1.247727,2.851219,0.000000,0.000000,0.000000
27.959999,2.863565,0.168355,0.932129,0.000000,0.000000,0.000000
13.530000,3.235759,0.765446,2.807354,0.000000,0.000000,0.000000
29.360001,2.956202,-0.219275,2.149381,0.000000,0.000000,0.000000
13.720000,2.772667,0.515698,2.807354,0.000000,0.000000,0.000000
25.500000,2.196763,-0.404293,4.836106,0.000000,0.000000,0.000000
18.520000,1.466160,-0.012723,2.467401,0.000000,0.000000,0.000000
9.450000,0.815906,-0.402862,9.321293,0.000000,0.000000,0.000000
10.340000,0.395911,-0.465707,2.566097,0.000000,0.000000,0.000000
4.630000,0.171637,0.939626,18.532925,0.000000,0.000000,0.000000
12.660000,0.338892,0.900710,4.232964,0.000000,0.000000,0.000000
13.730000,1.032190,4.414386,24.597246,0.000000,0.000000,0.000000
19.959999,1.167147,4.755112,25.858364,0.000000,0.000000,0.000000
32.189999,3.456141,10.925866,42.790215,0.000000,0.000000,0.000000
20.660000,2.154452,9.057920,94.945587,0.000000,0.000000,0.000000
32.880001,4.483690,9.842931,37.614155,0.000000,0.000000,0.000000
45.500000,4.494524,14.367871,64.525276,0.000000,0.000000,0.000000
42.810001,4.496674,12.066663,64.547211,0.000000,0.000000,0.000000
46.450001,6.535800,13.687882,52.440498,0.000000,0.000000,0.000000
55.919998,5.050239,14.704319,109.607437,0.000000,0.000000,0.000000
49.880001,5.537340,14.529078,67.650658,0.000000,0.000000,0.000000
45.740002,5.343649,15.230377,110.046082,0.000000,0.000000,0.000000
55.570000,5.687426,13.142689,73.605309,0.000000,0.000000,0.000000
27.209999,3.687328,14.856516,70.523804,0.000000,0.000000,0.000000
27.570000,4.251976,11.837738,44.632549,0.000000,0.000000,0.000000
42.630001,5.481573,10.659476,40.289921,0.000000,0.000000,0.000000
22.570000,4.078431,8.812986,49.238358,0.000000,0.000000,0.000000
39.480000,4.080955,6.133104,28.983736,0.000000,0.000000,0.000000
24.190001,3.852045,4.557395,15.495279,0.000000,0.000000,0.000000
24.570000,2.588807,4.637605,17.655624,0.000000,0.000000,0.000000
28.830000,3.642833,0.991751,2.774456,0.000000,0.000000,0.000000
14.970000,2.604442,2.369333,8.136940,0.000000,0.000000,0.000000
35.570000,3.497693,-0.802951,2.873152,0.000000,0.000000,0.000000
20.830000,2.519109,0.565119,1.677833,0.000000,0.000000,0.000000
28.299999,3.351450,0.881744,0.350919,0.000000,0.000000,0.000000
13.900000,2.414609,-0.119560,0.701839,0.000000,0.000000,0.000000
16.389999,3.037734,2.053975,5.801134,0.000000,0.000000,0.000000
21.549999,2.397216,-0.458696,4.836106,0.000000,0.000000,0.000000
22.260000,2.679419,1.807855,9.869605,0.000000,0.000000,0.000000
21.190001,2.450075,-1.264638,7.994380,0.000000,0.000000,0.000000
11.930000,1.841952,0.541254,7.994380,0.000000,0.000000,0.000000
10.690000,1.258565,-1.664687,12.698890,0.000000,0.000000,0.000000
7.490000,0.420925,-0.711723,5.702439,0.000000,0.000000,0.000000
7.850000,0.074589,-0.601878,38.568222,0.000000,0.000000,0.000000
12.290000,0.402329,-0.178389,12.172513,0.000000,0.000000,0.000000
12.110000,0.972004,7.223017,82.367325,0.000000,0.000000,0.000000
13.190000,0.904223,5.915867,43.821041,0.000000,0.000000,0.000000
22.240000,3.393256,14.529384,67.365532,0.000000,0.000000,0.000000
26.549999,2.443489,9.538655,70.304482,0.000000,0.000000,0.000000
20.639999,2.952292,9.541568,49.534447,0.000000,0.000000,0.000000
25.110001,2.654067,7.200300,30.957657,0.000000,0.000000,0.000000
30.969999,3.076671,6.101467,15.637839,0.000000,0.000000,0.000000
21.719999,2.594939,5.036944,12.150579,0.000000,0.000000,0.000000
40.549999,4.211343,4.125017,5.844999,0.000000,0.000000,0.000000
20.830000,3.008470,7.485351,30.431280,0.000000,0.000000,0.000000
42.299999,4.550119,6.553350,11.997052,0.000000,0.000000,0.000000
45.529999,4.114365,10.154029,34.192696,0.000000,0.000000,0.000000
36.259998,4.481605,10.106188,24.509518,0.000000,0.000000,0.000000
36.040001,5.829620,13.914831,34.806805,0.000000,0.000000,0.000000
31.820000,4.865195,13.069446,64.898132,0.000000,0.000000,0.000000
38.189999,4.701767,12.268203,39.807404,0.000000,0.000000,0.000000
64.760002,5.443909,13.726938,54.118332,0.000000,0.000000,0.000000
40.139999,4.724582,13.062340,40.191223,0.000000,0.000000,0.000000
40.650002,6.056869,13.066661,29.137264,0.000000,0.000000,0.000000
35.750000,3.507847,11.376534,65.336784,0.000000,0.000000,0.000000
52.720001,5.635947,7.717336,16.734463,0.000000,0.000000,0.000000
31.320000,3.736142,8.773948,45.213753,0.000000,0.000000,0.000000
39.990002,4.017164,3.850460,9.409022,0.000000,0.000000,0.000000
17.959999,4.134387,6.074695,19.794039,0.000000,0.000000,0.000000
38.060001,3.779062,3.380368,6.261715,0.000000,0.000000,0.000000
44.910000,4.883858,1.228650,0.701839,0.000000,0.000000,0.000000
33.240002,4.011916,2.652395,2.642861,0.000000,0.000000,0.000000
38.820000,4.438199,3.646309,5.055430,0.000000,0.000000,0.000000
27.209999,4.378957,1.558395,1.436576,0.000000,0.000000,0.000000
34.529999,3.688489,2.571958,2.423537,0.000000,0.000000,0.000000
23.670000,3.879678,0.850120,0.394784,0.000000,0.000000,0.000000
19.760000,3.238462,0.414254,0.098696,0.000000,0.000000,0.000000
25.639999,2.654095,0.000000,0.000000,0.000000,0.000000,0.000000
11.590000,1.703693,-0.089067,0.054831,0.000000,0.000000,0.000000
12.120000,0.950961,-0.110434,0.197392,0.000000,0.000000,0.000000
5.520000,0.498694,-0.071345,0.493480,0.000000,0.000000,0.000000
7.310000,0.284687,0.079190,0.548311,0.000000,0.000000,0.000000
6.240000,0.202866,0.183937,0.668940,0.000000,0.000000,0.000000
5.880000,0.242007,0.285577,0.625075,0.000000,0.000000,0.000000
7.130000,0.286163,0.377691,0.975994,0.000000,0.000000,0.000000
8.020000,0.439803,1.002233,2.598996,0.000000,0.000000,0.000000
9.800000,0.646440,1.503191,4.594850,0.000000,0.000000,0.000000
13.550000,0.845341,3.262380,13.093676,0.000000,0.000000,0.000000
19.600000,1.415216,4.071723,15.067596,0.000000,0.000000,0.000000
21.020000,1.717528,6.970986,31.374378,0.000000,0.000000,0.000000
33.680000,2.671145,7.521024,24.246328,0.000000,0.000000,0.000000
24.910000,3.106539,10.565289,47.900478,0.000000,0.000000,0.000000
30.230000,3.328094,9.564548,42.428329,0.000000,0.000000,0.000000
46.810001,4.092722,10.494507,41.726494,0.000000,0.000000,0.000000
27.049999,3.102244,10.221145,39.072666,0.000000,0.000000,0.000000
61.919998,5.651164,9.468704,19.059303,0.000000,0.000000,0.000000
31.280001,5.236503,14.708931,56.092251,0.000000,0.000000,0.000000
40.139999,4.403245,12.265318,50.554306,0.000000,0.000000,0.000000
85.650002,8.594546,14.482155,46.299408,0.000000,0.000000,0.000000
36.279999,2.884328,7.424514,159.108994,0.000000,0.000000,0.000000
122.410004,10.502973,9.206458,21.778927,0.000000,0.000000,0.000000
29.360001,2.765167,12.462105,206.197968,0.000000,0.000000,0.000000
46.299999,4.848204,9.229349,24.674011,0.000000,0.000000,0.000000
41.060001,5.557356,18.464142,93.662537,0.000000,0.000000,0.000000
20.100000,3.336116,9.429573,53.723545,0.000000,0.000000,0.000000
40.139999,4.777071,7.854464,19.848873,0.000000,0.000000,0.000000
35.950001,3.623321,6.857733,19.541817,0.000000,0.000000,0.000000
22.080000,2.486361,4.722314,10.845599,0.000000,0.000000,0.000000
27.410000,4.058218,2.242762,2.840253,0.000000,0.000000,0.000000
27.600000,2.690196,2.149088,3.191172,0.000000,0.000000,0.000000
21.190001,3.293502,1.123055,0.548311,0.000000,0.000000,0.000000
26.889999,3.018724,0.619806,0.274156,0.000000,0.000000,0.000000
17.639999,2.707529,0.000000,0.000000,0.000000,0.000000,0.000000
11.230000,1.728540,-0.151915,0.054831,0.000000,0.000000,0.000000
7.480000,0.706828,-0.253563,0.296088,0.000000,0.000000,0.000000
5.170000,0.183321,-0.273451,2.138414,0.000000,0.000000,0.000000
6.950000,0.113628,0.390011,3.059577,0.000000,0.000000,0.000000
8.200000,0.346708,1.428848,6.766163,0.000000,0.000000,0.000000
14.610000,0.930994,3.185457,14.497352,0.000000,0.000000,0.000000
21.719999,1.344704,7.029105,37.877350,0.000000,0.000000,0.000000
25.459999,1.676938,8.752357,48.580383,0.000000,0.000000,0.000000
29.010000,2.504060,10.509378,55.313656,0.000000,0.000000,0.000000
21.559999,2.157311,10.774931,59.645309,0.000000,0.000000,0.000000
22.070000,2.633848,7.432369,23.708982,0.000000,0.000000,0.000000
33.610001,3.485827,8.439066,21.417042,0.000000,0.000000,0.000000
21.900000,2.875100,8.125540,27.305904,0.000000,0.000000,0.000000
44.439999,4.314411,8.197808,17.688526,0.000000,0.000000,0.000000
36.310001,3.422376,9.966346,35.585407,0.000000,0.000000,0.000000
29.150000,4.443657,8.252645,15.758469,0.000000,0.000000,0.000000
31.120001,4.787251,10.587365,24.904303,0.000000,0.000000,0.000000
28.809999,4.205859,8.946089,22.085981,0.000000,0.000000,0.000000
38.209999,5.546147,9.267772,21.449940,0.000000,0.000000,0.000000
44.259998,4.394288,11.059991,33.874676,0.000000,0.000000,0.000000
37.299999,4.887984,9.591763,22.996180,0.000000,0.000000,0.000000
30.219999,4.725488,10.843523,30.869928,0.000000,0.000000,0.000000
28.809999,4.391876,9.452315,24.695942,0.000000,0.000000,0.000000
34.820000,5.884542,9.808833,16.734463,0.000000,0.000000,0.000000
41.209999,4.789808,11.852057,34.061104,0.000000,0.000000,0.000000
40.880001,3.810988,8.989692,27.601994,0.000000,0.000000,0.000000
34.590000,6.179850,9.116139,15.659772,0.000000,0.000000,0.000000
30.610001,3.349153,10.916092,39.489384,0.000000,0.000000,0.000000
44.590000,4.986515,3.792381,3.344700,0.000000,0.000000,0.000000
23.670000,4.291233,8.856199,19.607613,0.000000,0.000000,0.000000
42.509998,3.802027,1.717236,1.469475,0.000000,0.000000,0.000000
23.129999,4.262517,2.087198,2.544165,0.000000,0.000000,0.000000
35.439999,3.817698,1.145324,1.469475,0.000000,0.000000,0.000000
24.200001,3.866820,1.206230,0.592176,0.000000,0.000000,0.000000
21.709999,3.639885,0.139757,0.010966,0.000000,0.000000,0.000000
21.559999,2.736496,0.000000,0.000000,0.000000,0.000000,0.000000
14.610000,1.545174,-0.077546,0.043865,0.000000,0.000000,0.000000
9.270000,0.664000,-0.120749,0.274156,0.000000,0.000000,0.000000
4.990000,0.189483,0.056612,1.370779,0.000000,0.000000,0.000000
6.240000,0.202640,0.795352,4.890937,0.000000,0.000000,0.000000
15.870000,0.550380,1.823061,7.698292,0.000000,0.000000,0.000000
13.180000,1.017398,4.614087,21.219650,0.000000,0.000000,0.000000
31.879999,1.992491,6.525234,23.105841,0.000000,0.000000,0.000000
13.350000,1.797025,10.991611,75.919189,0.000000,0.000000,0.000000
22.410000,2.958287,8.879902,50.258217,0.000000,0.000000,0.000000
30.950001,3.736822,10.091968,45.564674,0.000000,0.000000,0.000000
34.169998,3.173594,8.805527,42.537994,0.000000,0.000000,0.000000
47.639999,4.730253,9.228815,20.298487,0.000000,0.000000,0.000000
34.459999,4.594929,13.706959,59.952362,0.000000,0.000000,0.000000
36.330002,4.117653,9.407938,39.895130,0.000000,0.000000,0.000000
51.980000,7.944394,15.629227,48.415894,0.000000,0.000000,0.000000
39.639999,2.373467,9.517463,79.110359,0.000000,0.000000,0.000000
98.690002,8.697388,12.986652,28.347700,0.000000,0.000000,0.000000
33.459999,3.270040,16.035549,113.544312,0.000000,0.000000,0.000000
44.590000,4.275844,8.230577,27.437500,0.000000,0.000000,0.000000
36.900002,6.767835,13.883333,44.566750,0.000000,0.000000,0.000000
32.209999,3.411337,10.250813,61.213478,0.000000,0.000000,0.000000
62.759998,6.181851,8.277782,17.732389,0.000000,0.000000,0.000000
22.590000,3.236685,10.459085,55.511040,0.000000,0.000000,0.000000
44.610001,3.910976,3.480274,4.770308,0.000000,0.000000,0.000000
20.820000,3.713195,7.585438,20.660372,0.000000,0.000000,0.000000
31.320000,2.667037,2.076582,3.180206,0.000000,0.000000,0.000000
32.389999,3.840939,1.724340,2.302908,0.000000,0.000000,0.000000
29.540001,3.271238,1.163961,0.592176,0.000000,0.000000,0.000000
29.379999,3.403324,0.971725,0.318021,0.000000,0.000000,0.000000
24.740000,3.609317,0.660116,0.274156,0.000000,0.000000,0.000000
31.860001,4.272242,1.510458,0.647007,0.000000,0.000000,0.000000
44.439999,5.008440,4.114567,3.443395,0.000000,0.000000,0.000000
52.720001,5.657217,7.950281,12.391836,0.000000,0.000000,0.000000
52.900002,5.483483,14.134604,38.623051,0.000000,0.000000,0.000000
52.549999,5.936317,17.560040,60.698067,0.000000,0.000000,0.000000
48.730000,6.627619,21.946133,85.086952,0.000000,0.000000,0.000000
67.550003,6.680688,25.955189,115.891090,0.000000,0.000000,0.000000
42.599998,5.757835,24.383900,122.306335,0.000000,0.000000,0.000000
83.169998,8.022493,24.637764,95.384247,0.000000,0.000000,0.000000
83.830002,7.812024,34.474979,160.677155,0.000000,0.000000,0.000000
57.369999,6.698237,38.893410,274.561432,0.000000,0.000000,0.000000
102.620003,8.764997,46.897503,269.177002,0.000000,0.000000,0.000000
98.849998,8.808505,49.559464,331.859924,0.000000,0.000000,0.000000
65.519997,6.192214,39.378937,453.661865,0.000000,0.000000,0.000000
78.269997,6.358871,38.355373,307.394318,0.000000,0.000000,0.000000
68.660004,7.801039,36.626045,200.221375,0.000000,0.000000,0.000000
37.099998,6.258549,25.322172,198.806717,0.000000,0.000000,0.000000
36.590000,4.759047,11.794830,74.734840,0.000000,0.000000,0.000000
29.490000,4.589159,6.673170,36.879421,0.000000,0.000000,0.000000
27.230000,3.003973,4.569510,18.532923,0.000000,0.000000,0.000000
28.120001,2.640027,1.616873,10.187625,0.000000,0.000000,0.000000
16.200001,2.300832,-0.209062,7.204812,0.000000,0.000000,0.000000
21.020000,1.922248,-1.180527,5.746303,0.000000,0.000000,0.000000
13.540000,1.243229,-1.314791,8.794914,0.000000,0.000000,0.000000
13.550000,0.954632,-1.089577,4.002673,0.000000,0.000000,0.000000
9.630000,0.516884,-0.884701,22.546564,0.000000,0.000000,0.000000
9.810000,0.741364,-1.422477,5.187025,0.000000,0.000000,0.000000
7.310000,0.301223,-0.392596,28.238035,0.000000,0.000000,0.000000
9.800000,0.751022,-0.854271,3.267936,0.000000,0.000000,0.000000
8.730000,0.274314,0.959359,21.077087,0.000000,0.000000,0.000000
15.150000,0.786876,0.227119,1.798461,0.000000,0.000000,0.000000
7.310000,0.447257,1.785059,10.417915,0.000000,0.000000,0.000000
8.200000,0.943005,0.743134,1.381745,0.000000,0.000000,0.000000
6.950000,0.633879,1.284434,2.960881,0.000000,0.000000,0.000000
10.510000,0.853639,0.183234,0.109662,0.000000,0.000000,0.000000
8.560000,0.534081,0.000000,0.000000,0.000000,0.000000,0.000000
6.070000,0.143655,0.000000,0.000000,0.000000,0.000000,0.000000
6.060000,0.139470,0.039356,0.526379,0.000000,0.000000,0.000000
14.430000,0.741670,1.261723,3.465328,0.000000,0.000000,0.000000
20.120001,2.190462,3.723348,11.317146,0.000000,0.000000,0.000000
33.439999,3.599177,7.319086,23.807678,0.000000,0.000000,0.000000
55.669998,5.835955,10.773581,28.281900,0.000000,0.000000,0.000000
42.099998,4.727323,14.627329,48.108841,0.000000,0.000000,0.000000
34.840000,4.889502,12.298765,37.011017,0.000000,0.000000,0.000000
33.240002,4.637221,9.632996,24.652081,0.000000,0.000000,0.000000
38.900002,4.486317,7.604677,19.530849,0.000000,0.000000,0.000000
40.860001,4.417246,8.270597,19.662445,0.000000,0.000000,0.000000
38.209999,4.041684,8.254364,18.346500,0.000000,0.000000,0.000000
38.590000,4.717110,7.677676,20.802933,0.000000,0.000000,0.000000
36.099998,4.306138,8.890891,26.000925,0.000000,0.000000,0.000000
41.950001,4.622951,9.177073,26.077688,0.000000,0.000000,0.000000
38.980000,3.913885,9.848372,37.307106,0.000000,0.000000,0.000000
38.720001,4.410422,8.346806,26.560202,0.000000,0.000000,0.000000
32.189999,4.004277,9.738571,39.686775,0.000000,0.000000,0.000000
36.610001,3.843668,7.985315,31.867855,0.000000,0.000000,0.000000
29.170000,4.249041,8.611387,45.213753,0.000000,0.000000,0.000000
47.070000,4.371816,8.845638,21.186749,0.000000,0.000000,0.000000
26.320000,3.304475,9.278937,41.485237,0.000000,0.000000,0.000000
37.150002,3.926337,6.339703,17.556931,0.000000,0.000000,0.000000
29.879999,3.672853,8.299375,24.608213,0.000000,0.000000,0.000000
31.299999,3.425698,5.692493,18.587753,0.000000,0.000000,0.000000
30.950001,4.123796,5.294456,10.395983,0.000000,0.000000,0.000000
22.440001,2.966143,4.621972,12.271208,0.000000,0.000000,0.000000
25.980000,3.739900,2.933933,5.779202,0.000000,0.000000,0.000000
25.790001,3.382087,2.104402,2.478368,0.000000,0.000000,0.000000
28.830000,3.767038,1.417730,1.315947,0.000000,0.000000,0.000000
26.520000,3.633824,0.851100,0.493480,0.000000,0.000000,0.000000
24.570000,3.120920,0.428421,0.087730,0.000000,0.000000,0.000000
20.299999,2.695434,0.113718,0.010966,0.000000,0.000000,0.000000
15.140000,2.055815,0.000000,0.000000,0.000000,0.000000,0.000000
13.190000,1.183797,-0.159452,0.098696,0.000000,0.000000,0.000000
6.780000,0.503537,-0.395105,0.570244,0.000000,0.000000,0.000000
5.700000,0.122656,-0.058673,3.267936,0.000000,0.000000,0.000000
8.740000,0.312848,1.208338,5.647607,0.000000,0.000000,0.000000
12.830000,0.807874,3.921381,20.331387,0.000000,0.000000,0.000000
24.040001,1.859331,6.216608,25.485514,0.000000,0.000000,0.000000
20.830000,1.667069,9.459243,66.170212,0.000000,0.000000,0.000000
28.990000,2.667218,9.650862,41.934853,0.000000,0.000000,0.000000
24.740000,3.167142,12.766544,59.853668,0.000000,0.000000,0.000000
17.459999,1.765193,7.220545,35.727966,0.000000,0.000000,0.000000
40.680000,4.881936,9.367430,19.717278,0.000000,0.000000,0.000000
22.590000,2.227142,7.066570,60.369080,0.000000,0.000000,0.000000
50.270000,4.711240,5.741840,14.596048,0.000000,0.000000,0.000000
26.190001,2.920839,9.365717,60.698067,0.000000,0.000000,0.000000
40.369999,3.763834,7.277925,19.969500,0.000000,0.000000,0.000000
37.330002,4.749890,8.958158,22.140812,0.000000,0.000000,0.000000
33.590000,4.253133,9.713657,34.324295,0.000000,0.000000,0.000000
44.439999,4.769189,9.381584,20.243656,0.000000,0.000000,0.000000
38.930000,4.690948,11.162752,28.709583,0.000000,0.000000,0.000000
38.060001,3.743207,7.318974,27.031750,0.000000,0.000000,0.000000
36.590000,5.588180,7.742868,17.238909,0.000000,0.000000,0.000000
29.010000,3.451244,7.499565,35.157722,0.000000,0.000000,0.000000
44.200001,5.234852,6.540533,9.156799,0.000000,0.000000,0.000000
28.100000,3.740506,6.295115,20.934526,0.000000,0.000000,0.000000
43.369999,4.508933,6.346390,11.075890,0.000000,0.000000,0.000000
27.049999,4.074431,5.277067,8.970374,0.000000,0.000000,0.000000
24.020000,3.634429,4.370908,5.406350,0.000000,0.000000,0.000000
30.430000,3.593575,1.351061,0.668940,0.000000,0.000000,0.000000
21.010000,3.305989,1.251143,0.614109,0.000000,0.000000,0.000000
21.020000,2.565498,0.000000,0.000000,0.000000,0.000000,0.000000
11.230000,1.445837,-0.025225,0.010966,0.000000,0.000000,0.000000
6.950000,0.604670,-0.223666,0.449615,0.000000,0.000000,0.000000
7.140000,0.192980,0.024900,1.217251,0.000000,0.000000,0.000000
8.920000,0.256045,0.718778,3.377598,0.000000,0.000000,0.000000
11.420000,0.778500,2.716781,10.428882,0.000000,0.000000,0.000000
16.219999,1.039538,5.227351,29.718473,0.000000,0.000000,0.000000
19.400000,1.734295,6.121534,22.031151,0.000000,0.000000,0.000000
18.170000,1.784904,8.374128,46.661293,0.000000,0.000000,0.000000
16.930000,1.815611,5.416513,23.061977,0.000000,0.000000,0.000000
27.410000,3.251094,6.882928,15.593975,0.000000,0.000000,0.000000
20.670000,2.041656,5.563329,24.893333,0.000000,0.000000,0.000000
30.930000,4.026278,3.973625,11.722897,0.000000,0.000000,0.000000
29.010000,2.880751,7.150152,44.906696,0.000000,0.000000,0.000000
28.469999,2.830284,6.281267,27.503296,0.000000,0.000000,0.000000
33.060001,4.677314,10.910267,29.510117,0.000000,0.000000,0.000000
30.809999,2.605944,10.927378,61.158649,0.000000,0.000000,0.000000
52.369999,5.271092,8.585920,17.019585,0.000000,0.000000,0.000000
24.900000,4.784239,13.439370,85.898453,0.000000,0.000000,0.000000
26.680000,2.593540,6.407557,29.148232,0.000000,0.000000,0.000000
31.770000,7.616547,17.821888,52.594021,0.000000,0.000000,0.000000
21.180000,2.651398,7.284827,69.602646,0.000000,0.000000,0.000000
54.639999,6.268701,7.349945,24.005074,0.000000,0.000000,0.000000
26.680000,3.848547,6.118542,61.542465,0.000000,0.000000,0.000000
24.910000,4.390556,3.645393,21.296413,0.000000,0.000000,0.000000
26.139999,3.750935,4.181695,18.730316,0.000000,0.000000,0.000000
28.830000,3.530641,2.773129,8.641388,0.000000,0.000000,0.000000
32.549999,3.374298,2.115189,3.289868,0.000000,0.000000,0.000000
22.070000,3.558357,0.827846,0.460582,0.000000,0.000000,0.000000
32.209999,3.591931,0.595488,0.142561,0.000000,0.000000,0.000000
22.420000,3.650669,0.281472,0.043865,0.000000,0.000000,0.000000
20.459999,3.557786,0.000000,0.000000,0.000000,0.000000,0.000000
27.580000,3.125409,0.000000,0.000000,0.000000,0.000000,0.000000
15.680000,2.215793,0.000000,0.000000,0.000000,0.000000,0.000000
13.370000,1.193007,-0.290304,0.241257,0.000000,0.000000,0.000000
6.240000,0.460193,-0.290348,0.888264,0.000000,0.000000,0.000000
6.600000,0.151172,0.284881,5.132195,0.000000,0.000000,0.000000
12.660000,0.641936,2.329249,10.023131,0.000000,0.000000,0.000000
17.280001,0.866329,6.251310,46.014290,0.000000,0.000000,0.000000
30.990000,1.762017,8.889048,48.668114,0.000000,0.000000,0.000000
26.730000,1.886416,11.038475,73.824638,0.000000,0.000000,0.000000
19.940001,2.488490,9.785100,53.120403,0.000000,0.000000,0.000000
26.000000,2.832171,10.229062,40.026730,0.000000,0.000000,0.000000
34.680000,2.663853,8.801223,37.208412,0.000000,0.000000,0.000000
36.259998,3.006131,9.024058,32.383266,0.000000,0.000000,0.000000
38.090000,3.218233,8.661991,23.599323,0.000000,0.000000,0.000000
31.320000,3.424763,9.035300,36.342075,0.000000,0.000000,0.000000
24.900000,3.932663,8.695682,24.674011,0.000000,0.000000,0.000000
44.259998,4.254841,9.833694,30.321619,0.000000,0.000000,0.000000
23.280001,4.086274,9.273941,31.429207,0.000000,0.000000,0.000000
49.740002,4.815857,9.299812,24.005072,0.000000,0.000000,0.000000
47.279999,4.529811,11.251154,43.404327,0.000000,0.000000,0.000000
25.590000,4.269979,9.209343,34.028202,0.000000,0.000000,0.000000
45.240002,5.567932,9.255440,32.076218,0.000000,0.000000,0.000000
31.320000,3.183839,9.099913,52.791412,0.000000,0.000000,0.000000
35.930000,4.666714,7.192557,19.936602,0.000000,0.000000,0.000000
49.209999,4.521666,8.060303,40.476345,0.000000,0.000000,0.000000
23.469999,3.968015,6.836129,16.339678,0.000000,0.000000,0.000000
25.980000,3.146802,6.394979,20.737135,0.000000,0.000000,0.000000
54.570000,4.687617,2.583685,2.467402,0.000000,0.000000,0.000000
23.670000,3.656622,4.489921,6.810028,0.000000,0.000000,0.000000
43.580002,4.424701,2.708441,2.149381,0.000000,0.000000,0.000000
26.160000,3.913998,2.400117,1.820394,0.000000,0.000000,0.000000
19.219999,4.092947,1.957426,0.997927,0.000000,0.000000,0.000000
37.910000,4.059357,0.725818,0.197392,0.000000,0.000000,0.000000
16.370001,3.540198,0.420959,0.098696,0.000000,0.000000,0.000000
24.400000,2.745204,0.000000,0.000000,0.000000,0.000000,0.000000
13.550000,1.602923,-0.209076,0.098696,0.000000,0.000000,0.000000
5.530000,0.687888,-0.220684,0.449615,0.000000,0.000000,0.000000
6.420000,0.206232,-0.034700,1.875225,0.000000,0.000000,0.000000
6.600000,0.288898,0.796122,3.289868,0.000000,0.000000,0.000000
12.300000,0.713279,2.618857,10.363084,0.000000,0.000000,0.000000
25.290001,1.519800,5.774186,22.404001,0.000000,0.000000,0.000000
13.710000,1.800585,8.827031,46.759995,0.000000,0.000000,0.000000
23.150000,1.599821,7.886495,54.732437,0.000000,0.000000,0.000000
26.520000,3.143738,8.649700,29.411421,0.000000,0.000000,0.000000
17.459999,2.246293,8.830925,42.263836,0.000000,0.000000,0.000000
52.110001,3.589624,4.771482,6.996453,0.000000,0.000000,0.000000
21.709999,3.556123,10.603542,38.381794,0.000000,0.000000,0.000000
23.670000,3.120760,6.180363,23.555454,0.000000,0.000000,0.000000
46.180000,5.239079,9.620189,25.770634,0.000000,0.000000,0.000000
16.370001,2.523270,9.922444,54.875000,0.000000,0.000000,0.000000
58.580002,4.846310,8.367657,17.491133,0.000000,0.000000,0.000000
34.860001,3.723687,11.925713,54.271862,0.000000,0.000000,0.000000
21.700001,3.352889,8.591991,29.203060,0.000000,0.000000,0.000000
49.529999,5.687183,9.853521,17.184078,0.000000,0.000000,0.000000
17.980000,3.181297,8.923548,46.562603,0.000000,0.000000,0.000000
52.549999,5.891680,5.821783,15.473347,0.000000,0.000000,0.000000
43.549999,3.764958,8.468992,49.523483,0.000000,0.000000,0.000000
20.809999,3.093066,5.855254,26.647930,0.000000,0.000000,0.000000
54.209999,4.835681,6.041867,21.899557,0.000000,0.000000,0.000000
16.740000,2.666982,6.420555,26.022858,0.000000,0.000000,0.000000
22.410000,4.114151,4.603844,7.840852,0.000000,0.000000,0.000000
38.639999,3.473209,6.292515,15.780401,0.000000,0.000000,0.000000
28.100000,3.710828,1.566597,1.337880,0.000000,0.000000,0.000000
38.980000,3.557184,4.197947,6.535872,0.000000,0.000000,0.000000
24.379999,3.269681,1.456953,0.997927,0.000000,0.000000,0.000000
14.420000,3.578043,0.771849,0.274156,0.000000,0.000000,0.000000
36.480000,3.443810,0.462152,0.109662,0.000000,0.000000,0.000000
25.459999,3.459727,0.260631,0.043865,0.000000,0.000000,0.000000
35.590000,3.458565,0.000000,0.000000,0.000000,0.000000,0.000000
25.459999,3.224612,0.000000,0.000000,0.000000,0.000000,0.000000
10.690000,2.615314,0.000000,0.000000,0.000000,0.000000,0.000000
17.110001,1.741623,-0.047802,0.010966,0.000000,0.000000,0.000000
10.520000,0.977907,-0.495442,0.361885,0.000000,0.000000,0.000000
7.670000,0.318915,-0.369065,1.304981,0.000000,0.000000,0.000000
7.130000,0.102251,0.163590,3.487260,0.000000,0.000000,0.000000
8.550000,0.322140,1.342749,6.349446,0.000000,0.000000,0.000000
7.840000,0.623567,2.897779,14.157399,0.000000,0.000000,0.000000
27.980000,1.197908,4.687629,18.532925,0.000000,0.000000,0.000000
10.510000,1.330227,8.439591,59.820763,0.000000,0.000000,0.000000
35.259998,1.776518,8.114182,42.581860,0.000000,0.000000,0.000000
26.690001,3.464562,11.845531,48.591351,0.000000,0.000000,0.000000
9.980000,1.273005,7.197525,73.221504,0.000000,0.000000,0.000000
51.900002,3.784334,4.230941,6.042392,0.000000,0.000000,0.000000
18.530001,1.549500,6.207283,45.115063,0.000000,0.000000,0.000000
32.590000,2.100412,1.045553,2.423536,0.000000,0.000000,0.000000
20.309999,2.359656,4.903302,18.752249,0.000000,0.000000,0.000000
14.950000,2.352201,1.918966,2.653827,0.000000,0.000000,0.000000
27.580000,3.228279,5.507132,13.652954,0.000000,0.000000,0.000000
18.520000,2.792718,4.805030,10.549510,0.000000,0.000000,0.000000
28.629999,3.916226,6.866862,14.552184,0.000000,0.000000,0.000000
46.070000,3.808699,7.330456,16.548037,0.000000,0.000000,0.000000
24.879999,4.199883,8.959801,23.171638,0.000000,0.000000,0.000000
25.420000,4.527806,8.787434,18.960608,0.000000,0.000000,0.000000
26.870001,4.273233,8.882972,29.005671,0.000000,0.000000,0.000000
22.230000,4.097911,8.370370,18.938673,0.000000,0.000000,0.000000
45.889999,4.050539,7.873099,16.953787,0.000000,0.000000,0.000000
30.590000,4.215334,5.364293,14.431556,0.000000,0.000000,0.000000
16.719999,3.919154,5.481074,11.042991,0.000000,0.000000,0.000000
13.710000,3.276670,2.211271,7.654427,0.000000,0.000000,0.000000
14.410000,3.578579,1.954522,2.149380,0.000000,0.000000,0.000000
29.030001,2.616350,0.368087,0.098696,0.000000,0.000000,0.000000
14.250000,1.835087,0.032159,0.010966,0.000000,0.000000,0.000000
6.410000,0.785177,-0.219986,0.296088,0.000000,0.000000,0.000000
6.240000,0.218748,0.063056,1.721698,0.000000,0.000000,0.000000
7.310000,0.200455,1.026548,6.810027,0.000000,0.000000,0.000000
10.170000,0.609856,2.133212,8.707185,0.000000,0.000000,0.000000
14.970000,0.760665,3.656828,21.120955,0.000000,0.000000,0.000000
12.300000,1.154185,2.662224,9.189699,0.000000,0.000000,0.000000
11.940000,1.505349,4.005128,13.663919,0.000000,0.000000,0.000000
11.410000,0.946351,3.149868,14.585082,0.000000,0.000000,0.000000
16.740000,2.351988,3.383320,5.110262,0.000000,0.000000,0.000000
23.700001,1.698114,5.835934,27.744553,0.000000,0.000000,0.000000
26.160000,2.777790,4.389050,9.047137,0.000000,0.000000,0.000000
16.549999,3.246019,9.639281,35.409950,0.000000,0.000000,0.000000
25.110001,2.353558,7.556429,33.754047,0.000000,0.000000,0.000000
24.160000,4.947511,9.774022,19.892736,0.000000,0.000000,0.000000
33.439999,3.267444,13.035896,83.727150,0.000000,0.000000,0.000000
42.580002,4.835208,7.979701,20.627474,0.000000,0.000000,0.000000
20.770000,6.573553,25.498924,133.798935,0.000000,0.000000,0.000000
37.369999,2.522114,11.770554,80.919785,0.000000,0.000000,0.000000
44.650002,7.872722,15.364494,33.819843,0.000000,0.000000,0.000000
27.730000,4.364579,11.926079,124.587303,0.000000,0.000000,0.000000
59.330002,5.263595,5.026616,27.755520,0.000000,0.000000,0.000000
17.620001,3.477623,6.531896,41.024654,0.000000,0.000000,0.000000
51.759998,3.938861,2.804411,6.327513,0.000000,0.000000,0.000000
17.260000,3.141619,2.710647,4.265862,0.000000,0.000000,0.000000
18.700001,3.235995,0.703152,0.274156,0.000000,0.000000,0.000000
30.629999,2.472545,-0.060216,0.010966,0.000000,0.000000,0.000000
13.540000,1.808189,0.000000,0.000000,0.000000,0.000000,0.000000
14.610000,1.214962,-0.126314,0.109662,0.000000,0.000000,0.000000
8.020000,0.750849,-0.200973,0.372852,0.000000,0.000000,0.000000
4.810000,0.399505,-0.169018,1.008893,0.000000,0.000000,0.000000
7.310000,0.218408,0.104509,1.732664,0.000000,0.000000,0.000000
8.910000,0.319422,0.832970,3.300835,0.000000,0.000000,0.000000
11.230000,0.480788,2.135784,10.406950,0.000000,0.000000,0.000000
21.379999,1.009065,4.330181,21.000324,0.000000,0.000000,0.000000
11.760000,1.429612,8.437290,52.308899,0.000000,0.000000,0.000000
23.490000,1.699709,10.125955,64.207260,0.000000,0.000000,0.000000
47.639999,3.619398,14.663940,73.704018,0.000000,0.000000,0.000000
23.490000,2.285035,13.443608,100.900261,0.000000,0.000000,0.000000
50.450001,3.280779,10.623912,35.826664,0.000000,0.000000,0.000000
15.300000,2.903727,11.011003,48.624249,0.000000,0.000000,0.000000
19.049999,2.269341,5.611552,17.381470,0.000000,0.000000,0.000000
43.220001,3.966551,3.840640,5.395384,0.000000,0.000000,0.000000
12.650000,2.090935,3.042170,9.430956,0.000000,0.000000,0.000000
37.200001,3.337235,1.126248,0.526379,0.000000,0.000000,0.000000
20.480000,2.470488,1.350049,1.239184,0.000000,0.000000,0.000000
14.410000,3.032269,1.266508,0.690872,0.000000,0.000000,0.000000
35.240002,3.040685,0.769274,0.241257,0.000000,0.000000,0.000000
15.120000,3.394800,2.468829,2.039718,0.000000,0.000000,0.000000
33.610001,3.436617,2.480517,1.897157,0.000000,0.000000,0.000000
35.950001,3.663203,3.585377,3.640788,0.000000,0.000000,0.000000
16.549999,3.598990,3.323448,3.267936,0.000000,0.000000,0.000000
29.700001,3.591780,3.669294,4.287795,0.000000,0.000000,0.000000
16.719999,3.547840,3.408832,3.662720,0.000000,0.000000,0.000000
27.580000,3.571660,3.265014,3.224071,0.000000,0.000000,0.000000
38.770000,3.616503,2.931733,2.500300,0.000000,0.000000,0.000000
21.889999,4.064612,2.955965,2.697692,0.000000,0.000000,0.000000
25.790001,4.339332,4.140196,5.011566,0.000000,0.000000,0.000000
22.420000,3.716638,4.229813,7.084183,0.000000,0.000000,0.000000
14.970000,3.019593,2.869526,5.406350,0.000000,0.000000,0.000000
40.529999,3.118181,6.036227,14.936001,0.000000,0.000000,0.000000
29.129999,3.769392,21.197098,162.585281,0.000000,0.000000,0.000000
14.430000,1.136919,-3.610186,145.291534,0.000000,0.000000,0.000000
8.200000,0.495244,-0.180342,84.801834,0.000000,0.000000,0.000000
25.420000,3.708084,6.728034,26.220249,0.000000,0.000000,0.000000
19.240000,1.071738,-1.935607,148.427887,0.000000,0.000000,0.000000
48.849998,2.790747,-0.601798,8.904575,0.000000,0.000000,0.000000
8.190000,1.026074,1.112695,54.940800,0.000000,0.000000,0.000000
29.540001,1.725486,-2.151430,7.128048,0.000000,0.000000,0.000000
7.310000,1.001627,1.569743,24.005072,0.000000,0.000000,0.000000
21.200001,1.554373,-2.225032,7.950515,0.000000,0.000000,0.000000
13.370000,0.702194,0.030694,11.547437,0.000000,0.000000,0.000000
9.270000,1.267576,-1.075559,3.553057,0.000000,0.000000,0.000000
14.260000,0.774096,0.076828,8.871678,0.000000,0.000000,0.000000
10.690000,1.239940,-1.467992,8.608489,0.000000,0.000000,0.000000
11.220000,0.878788,-0.370975,13.477493,0.000000,0.000000,0.000000
21.930000,1.251203,-2.115970,11.942222,0.000000,0.000000,0.000000
11.240000,0.916903,-0.749261,19.344423,0.000000,0.000000,0.000000
26.920000,1.325466,-2.857062,19.344423,0.000000,0.000000,0.000000
15.140000,0.980505,-1.335496,27.415567,0.000000,0.000000,0.000000
17.280001,1.367946,-3.250745,24.224394,0.000000,0.000000,0.000000
21.379999,0.984329,-1.067931,27.415567,0.000000,0.000000,0.000000
18.170000,1.156944,-2.060823,20.276552,0.000000,0.000000,0.000000
15.330000,0.978084,0.325374,18.434227,0.000000,0.000000,0.000000
14.970000,1.136720,0.706292,25.364885,0.000000,0.000000,0.000000
10.690000,1.256037,2.399246,11.602269,0.000000,0.000000,0.000000
21.020000,2.039443,2.720978,5.592776,0.000000,0.000000,0.000000
18.180000,1.191551,2.604984,35.662170,0.000000,0.000000,0.000000
26.160000,2.781399,4.096607,11.646133,0.000000,0.000000,0.000000
21.719999,2.046625,7.705140,44.829941,0.000000,0.000000,0.000000
24.360001,2.619179,6.320347,23.917343,0.000000,0.000000,0.000000
24.719999,3.527273,9.775055,42.472198,0.000000,0.000000,0.000000
29.920000,2.297041,6.989623,28.567020,0.000000,0.000000,0.000000
36.439999,4.246975,8.284373,17.337605,0.000000,0.000000,0.000000
32.919998,2.981956,5.717693,13.005945,0.000000,0.000000,0.000000
31.680000,2.605859,3.063255,4.583883,0.000000,0.000000,0.000000
12.830000,2.943938,3.254412,4.869005,0.000000,0.000000,0.000000
22.440001,1.914203,0.529711,0.186426,0.000000,0.000000,0.000000
16.930000,1.941321,0.094900,0.010966,0.000000,0.000000,0.000000
10.690000,1.173666,-0.061882,0.043865,0.000000,0.000000,0.000000
7.310000,0.434001,-0.140386,0.197392,0.000000,0.000000,0.000000
4.990000,0.071298,-0.062593,1.864259,0.000000,0.000000,0.000000
8.200000,0.140970,0.775464,4.978667,0.000000,0.000000,0.000000
10.520000,0.451196,2.310366,12.731791,0.000000,0.000000,0.000000
12.300000,0.756766,3.829768,21.033224,0.000000,0.000000,0.000000
18.350000,1.267957,5.111051,22.535597,0.000000,0.000000,0.000000
14.610000,1.547582,5.270304,31.944618,0.000000,0.000000,0.000000
21.200001,2.015189,4.567263,13.839379,0.000000,0.000000,0.000000
23.879999,1.762713,5.177761,18.708385,0.000000,0.000000,0.000000
15.680000,2.090620,2.204919,3.443396,0.000000,0.000000,0.000000
22.969999,2.012596,3.196320,5.592776,0.000000,0.000000,0.000000
17.980000,1.994285,0.989361,0.537345,0.000000,0.000000,0.000000
13.360000,2.065825,1.500581,1.326913,0.000000,0.000000,0.000000
23.340000,2.091966,0.298523,0.230291,0.000000,0.000000,0.000000
12.470000,1.915929,0.406994,0.153527,0.000000,0.000000,0.000000
20.850000,2.109777,0.247564,0.087730,0.000000,0.000000,0.000000
19.959999,2.071299,0.115961,0.043865,0.000000,0.000000,0.000000
13.900000,2.129144,0.191408,0.054831,0.000000,0.000000,0.000000
19.410000,2.122104,0.112780,0.043865,0.000000,0.000000,0.000000
14.070000,2.127358,0.057435,0.010966,0.000000,0.000000,0.000000
16.750000,2.156157,0.056554,0.010966,0.000000,0.000000,0.000000
23.150000,2.176071,0.120124,0.021932,0.000000,0.000000,0.000000
15.680000,2.238250,0.000000,0.000000,0.000000,0.000000,0.000000
16.200001,2.283710,0.068510,0.010966,0.000000,0.000000,0.000000
14.790000,2.301318,0.355893,0.098696,0.000000,0.000000,0.000000
16.030001,2.264783,1.210753,0.789568,0.000000,0.000000,0.000000
33.119999,2.726689,2.066742,1.633968,0.000000,0.000000,0.000000
46.509998,5.394449,7.755208,15.977794,0.000000,0.000000,0.000000
45.209999,6.823366,26.428949,103.312820,0.000000,0.000000,0.000000
38.750000,3.430189,24.610666,210.441895,0.000000,0.000000,0.000000
22.780001,2.883118,16.299290,124.675034,0.000000,0.000000,0.000000
46.900002,4.171148,19.835590,102.128464,0.000000,0.000000,0.000000
37.169998,3.595259,18.823839,289.289063,0.000000,0.000000,0.000000
58.970001,5.763685,24.596107,145.006439,0.000000,0.000000,0.000000
51.840000,4.411760,31.523003,375.165588,0.000000,0.000000,0.000000
26.340000,2.412870,16.063316,178.771423,0.000000,0.000000,0.000000
45.980000,4.577529,12.747610,59.118927,0.000000,0.000000,0.000000
24.219999,3.100620,3.554621,95.077187,0.000000,0.000000,0.000000
21.889999,4.069320,3.608135,4.507120,0.000000,0.000000,0.000000
28.280001,3.158641,2.698946,26.373779,0.000000,0.000000,0.000000
19.570000,3.114468,1.135498,2.324840,0.000000,0.000000,0.000000
16.750000,2.390603,2.239929,5.998526,0.000000,0.000000,0.000000
29.920000,2.821542,0.728992,0.844400,0.000000,0.000000,0.000000
16.740000,2.456335,0.804511,0.416717,0.000000,0.000000,0.000000
24.040001,2.564589,0.694573,0.263189,0.000000,0.000000,0.000000
19.230000,2.668797,0.236701,0.098696,0.000000,0.000000,0.000000
16.209999,2.566973,0.279599,0.054831,0.000000,0.000000,0.000000
24.400000,2.618364,0.159975,0.043865,0.000000,0.000000,0.000000
19.940001,2.671968,0.000000,0.000000,0.000000,0.000000,0.000000
21.190001,2.569398,0.000000,0.000000,0.000000,0.000000,0.000000
22.610001,2.639250,0.251097,0.098696,0.000000,0.000000,0.000000
15.500000,2.633604,0.000000,0.000000,0.000000,0.000000,0.000000
19.230000,2.603130,0.000000,0.000000,0.000000,0.000000,0.000000
24.040001,2.648998,0.000000,0.000000,0.000000,0.000000,0.000000
18.530001,2.654036,0.000000,0.000000,0.000000,0.000000,0.000000
24.950001,2.652057,0.000000,0.000000,0.000000,0.000000,0.000000
15.860000,2.657852,0.083807,0.010966,0.000000,0.000000,0.000000
17.629999,2.659629,0.000000,0.000000,0.000000,0.000000,0.000000
26.350000,2.695791,0.084502,0.010966,0.000000,0.000000,0.000000
17.270000,2.693139,0.000000,0.000000,0.000000,0.000000,0.000000
24.770000,2.668909,0.000000,0.000000,0.000000,0.000000,0.000000
19.600000,2.706861,0.085312,0.010966,0.000000,0.000000,0.000000
16.020000,2.682777,0.000000,0.000000,0.000000,0.000000,0.000000
24.040001,2.724632,0.086102,0.010966,0.000000,0.000000,0.000000
16.910000,2.711894,0.000000,0.000000,0.000000,0.000000,0.000000
23.129999,2.700841,0.000000,0.000000,0.000000,0.000000,0.000000
21.719999,2.714097,0.086202,0.010966,0.000000,0.000000,0.000000
18.350000,2.726686,0.000000,0.000000,0.000000,0.000000,0.000000
20.490000,2.723861,0.000000,0.000000,0.000000,0.000000,0.000000
25.459999,2.713966,0.085254,0.010966,0.000000,0.000000,0.000000
19.940001,2.718819,0.085469,0.010966,0.000000,0.000000,0.000000
25.110001,2.710593,0.170608,0.043865,0.000000,0.000000,0.000000
17.459999,2.754420,0.000000,0.000000,0.000000,0.000000,0.000000
18.350000,2.737608,0.000000,0.000000,0.000000,0.000000,0.000000
26.180000,2.779269,0.173759,0.043865,0.000000,0.000000,0.000000
18.340000,2.785938,0.000000,0.000000,0.000000,0.000000,0.000000
26.370001,2.760664,0.000000,0.000000,0.000000,0.000000,0.000000
18.870001,2.809104,0.086059,0.010966,0.000000,0.000000,0.000000
17.270000,2.795223,0.000000,0.000000,0.000000,0.000000,0.000000
24.590000,2.787187,0.000000,0.000000,0.000000,0.000000,0.000000
17.100000,2.838306,0.085419,0.010966,0.000000,0.000000,0.000000
21.370001,2.816729,0.083363,0.010966,0.000000,0.000000,0.000000
24.040001,2.825973,0.083022,0.010966,0.000000,0.000000,0.000000
17.809999,2.872771,0.000000,0.000000,0.000000,0.000000,0.000000
20.639999,2.863722,0.000000,0.000000,0.000000,0.000000,0.000000
17.270000,2.855263,0.000000,0.000000,0.000000,0.000000,0.000000
19.049999,2.885680,0.000000,0.000000,0.000000,0.000000,0.000000
26.530001,2.901172,0.000000,0.000000,0.000000,0.000000,0.000000
17.980000,2.912550,0.000000,0.000000,0.000000,0.000000,0.000000
18.520000,2.904454,0.000000,0.000000,0.000000,0.000000,0.000000
19.230000,2.917590,0.000000,0.000000,0.000000,0.000000,0.000000
17.809999,2.883960,0.000000,0.000000,0.000000,0.000000,0.000000
25.820000,2.900420,0.000000,0.000000,0.000000,0.000000,0.000000
20.309999,2.842281,0.084732,0.010966,0.000000,0.000000,0.000000
17.280001,2.836829,0.000000,0.000000,0.000000,0.000000,0.000000
18.870001,2.763952,0.083797,0.010966,0.000000,0.000000,0.000000
17.450001,2.774240,0.000000,0.000000,0.000000,0.000000,0.000000
22.440001,2.750113,0.000000,0.000000,0.000000,0.000000,0.000000
21.190001,2.700566,0.170414,0.043865,0.000000,0.000000,0.000000
17.639999,2.711597,0.000000,0.000000,0.000000,0.000000,0.000000
21.719999,2.682835,0.000000,0.000000,0.000000,0.000000,0.000000
17.980000,2.608371,0.163829,0.043865,0.000000,0.000000,0.000000
18.870001,2.665743,0.000000,0.000000,0.000000,0.000000,0.000000
24.570000,2.620251,0.000000,0.000000,0.000000,0.000000,0.000000
17.980000,2.651175,0.000000,0.000000,0.000000,0.000000,0.000000
24.590000,2.629236,0.000000,0.000000,0.000000,0.000000,0.000000
17.639999,2.632263,0.000000,0.000000,0.000000,0.000000,0.000000
17.629999,2.615251,0.000000,0.000000,0.000000,0.000000,0.000000
23.500000,2.598454,0.083786,0.010966,0.000000,0.000000,0.000000
19.940001,2.597585,0.000000,0.000000,0.000000,0.000000,0.000000
23.340000,2.590032,0.000000,0.000000,0.000000,0.000000,0.000000
18.870001,2.607432,0.000000,0.000000,0.000000,0.000000,0.000000
16.580000,2.620511,0.000000,0.000000,0.000000,0.000000,0.000000
21.900000,2.626769,0.000000,0.000000,0.000000,0.000000,0.000000
20.670000,2.591876,0.000000,0.000000,0.000000,0.000000,0.000000
19.590000,2.600014,0.082935,0.010966,0.000000,0.000000,0.000000
22.080000,2.612785,0.000000,0.000000,0.000000,0.000000,0.000000
17.820000,2.619642,0.000000,0.000000,0.000000,0.000000,0.000000
18.520000,2.603682,0.081852,0.010966,0.000000,0.000000,0.000000
23.700001,2.625856,0.000000,0.000000,0.000000,0.000000,0.000000
17.090000,2.636233,0.000000,0.000000,0.000000,0.000000,0.000000
23.860001,2.632664,0.000000,0.000000,0.000000,0.000000,0.000000
19.590000,2.634063,0.000000,0.000000,0.000000,0.000000,0.000000
17.639999,2.626067,0.082035,0.010966,0.000000,0.000000,0.000000
23.340000,2.619791,0.000000,0.000000,0.000000,0.000000,0.000000
16.559999,2.630954,0.000000,0.000000,0.000000,0.000000,0.000000
24.040001,2.632166,0.000000,0.000000,0.000000,0.000000,0.000000
20.830000,2.626164,0.000000,0.000000,0.000000,0.000000,0.000000
16.940001,2.627313,0.000000,0.000000,0.000000,0.000000,0.000000
20.490000,2.629549,0.000000,0.000000,0.000000,0.000000,0.000000
16.930000,2.642928,0.000000,0.000000,0.000000,0.000000,0.000000
18.340000,2.603608,0.000000,0.000000,0.000000,0.000000,0.000000
23.520000,2.633290,0.000000,0.000000,0.000000,0.000000,0.000000
18.530001,2.632543,0.000000,0.000000,0.000000,0.000000,0.000000
17.270000,2.624297,0.000000,0.000000,0.000000,0.000000,0.000000
17.270000,2.610410,0.000000,0.000000,0.000000,0.000000,0.000000
17.459999,2.593651,0.000000,0.000000,0.000000,0.000000,0.000000
23.150000,2.596492,0.080041,0.010966,0.000000,0.000000,0.000000
18.520000,2.577847,0.000000,0.000000,0.000000,0.000000,0.000000
17.100000,2.588423,0.000000,0.000000,0.000000,0.000000,0.000000
18.870001,2.596469,0.000000,0.000000,0.000000,0.000000,0.000000
15.680000,2.585371,0.000000,0.000000,0.000000,0.000000,0.000000
22.610001,2.587722,0.000000,0.000000,0.000000,0.000000,0.000000
21.010000,2.587606,0.000000,0.000000,0.000000,0.000000,0.000000
16.559999,2.585329,0.000000,0.000000,0.000000,0.000000,0.000000
21.549999,2.582556,0.000000,0.000000,0.000000,0.000000,0.000000
15.490000,2.579906,0.000000,0.000000,0.000000,0.000000,0.000000
19.240000,2.578594,0.000000,0.000000,0.000000,0.000000,0.000000
23.150000,2.585257,0.000000,0.000000,0.000000,0.000000,0.000000
17.450001,2.574016,0.000000,0.000000,0.000000,0.000000,0.000000
22.440001,2.564995,0.000000,0.000000,0.000000,0.000000,0.000000
18.530001,2.574518,0.000000,0.000000,0.000000,0.000000,0.000000
16.910000,2.586802,0.000000,0.000000,0.000000,0.000000,0.000000
23.160000,2.579020,0.000000,0.000000,0.000000,0.000000,0.000000
20.129999,2.574518,0.000000,0.000000,0.000000,0.000000,0.000000
16.389999,2.586710,0.000000,0.000000,0.000000,0.000000,0.000000
19.049999,2.573837,0.079017,0.010966,0.000000,0.000000,0.000000
16.379999,2.594485,0.000000,0.000000,0.000000,0.000000,0.000000
23.309999,2.591693,0.000000,0.000000,0.000000,0.000000,0.000000
22.260000,2.590803,0.000000,0.000000,0.000000,0.000000,0.000000
16.200001,2.587729,0.000000,0.000000,0.000000,0.000000,0.000000
22.969999,2.594143,0.000000,0.000000,0.000000,0.000000,0.000000
16.930000,2.602303,0.000000,0.000000,0.000000,0.000000,0.000000
19.059999,2.613427,0.000000,0.000000,0.000000,0.000000,0.000000
24.410000,2.599166,0.000000,0.000000,0.000000,0.000000,0.000000
17.639999,2.604534,0.000000,0.000000,0.000000,0.000000,0.000000
22.809999,2.616156,0.000000,0.000000,0.000000,0.000000,0.000000
16.910000,2.617699,0.000000,0.000000,0.000000,0.000000,0.000000
17.270000,2.636278,0.000000,0.000000,0.000000,0.000000,0.000000
17.459999,2.305211,0.000000,0.000000,0.000000,0.000000,0.000000
5.170000,1.616229,5.147779,20.013367,0.000000,0.000000,0.000000
5.710000,0.000759,0.083422,10.143761,0.000000,0.000000,0.000000
4.820000,0.000150,0.012812,1.107589,0.000000,0.000000,0.000000
5.710000,0.000003,0.000000,0.000000,0.000000,0.000000,0.000000
5.530000,0.000002,0.000000,0.000000,0.000000,0.000000,0.000000
4.990000,0.000014,0.000000,0.000000,0.000000,0.000000,0.000000
5.880000,0.000018,0.000000,0.000000,0.000000,0.000000,0.000000
5.530000,0.000020,0.000000,0.000000,0.000000,0.000000,0.000000
5.530000,0.000005,0.000000,0.000000,0.000000,0.000000,0.000000
5.350000,0.000010,0.000000,0.000000,0.000000,0.000000,0.000000
5.170000,0.000002,0.000000,0.000000,0.000000,0.000000,0.000000
5.710000,0.000009,0.000000,0.000000,0.000000,0.000000,0.000000
5.880000,0.000001,0.000000,0.000000,0.000000,0.000000,0.000000
5.710000,0.000004,0.000000,0.000000,0.000000,0.000000,0.000000
5.710000,0.000022,0.000000,0.000000,0.000000,0.000000,0.000000
5.710000,0.000009,0.000000,0.000000,0.000000,0.000000,0.000000
5.350000,0.000006,0.000000,0.000000,0.000000,0.000000,0.000000
5.710000,0.000011,0.000000,0.000000,0.000000,0.000000,0.000000
4.990000,0.000018,0.000000,0.000000,0.000000,0.000000,0.000000
5.880000,0.000001,0.000000,0.000000,0.000000,0.000000,0.000000
5.710000,0.000013,0.000000,0.000000,0.000000,0.000000,0.000000
6.240000,0.000003,0.000000,0.000000,0.000000,0.000000,0.000000
5.350000,0.000007,0.000000,0.000000,0.000000,0.000000,0.000000
4.990000,0.000019,0.000000,0.000000,0.000000,0.000000,0.000000
4.810000,0.000003,0.000000,0.000000,0.000000,0.000000,0.000000
5.350000,0.000020,0.000000,0.000000,0.000000,0.000000,0.000000
4.990000,0.000011,0.000000,0.000000,0.000000,0.000000,0.000000
5.170000,0.000013,0.000000,0.000000,0.000000,0.000000,0.000000
4.820000,0.000005,0.000000,0.000000,0.000000,0.000000,0.000000
4.990000,0.000004,0.000000,0.000000,0.000000,0.000000,0.000000
5.180000,0.000004,0.000000,0.000000,0.000000,0.000000,0.000000
4.640000,0.000010,0.000000,0.000000,0.000000,0.000000,0.000000
5.530000,0.000003,0.000000,0.000000,0.000000,0.000000,0.000000
6.420000,0.000032,0.000000,0.000000,0.000000,0.000000,0.000000
4.990000,0.000023,0.000000,0.000000,0.000000,0.000000,0.000000
4.990000,0.000002,0.000000,0.000000,0.000000,0.000000,0.000000
6.420000,0.000005,0.000000,0.000000,0.000000,0.000000,0.000000
6.060000,0.000016,0.000000,0.000000,0.000000,0.000000,0.000000
5.530000,0.000003,0.000000,0.000000,0.000000,0.000000,0.000000
4.990000,0.000010,0.000000,0.000000,0.000000,0.000000,0.000000
4.990000,0.000007,0.000000,0.000000,0.000000,0.000000,0.000000
5.530000,0.000001,0.000000,0.000000,0.000000,0.000000,0.000000
5.350000,0.000014,0.000000,0.000000,0.000000,0.000000,0.000000
5.890000,0.000010,0.000000,0.000000,0.000000,0.000000,0.000000
4.990000,0.000010,0.000000,0.000000,0.000000,0.000000,0.000000
4.990000,0.000012,0.000000,0.000000,0.000000,0.000000,0.000000
4.990000,0.000036,0.000000,0.000000,0.000000,0.000000,0.000000
4.990000,0.000005,0.000000,0.000000,0.000000,0.000000,0.000000
4.820000,0.000013,0.000000,0.000000,0.000000,0.000000,0.000000
5.890000,0.000004,0.000000,0.000000,0.000000,0.000000,0.000000
5.530000,0.000003,0.000000,0.000000,0.000000,0.000000,0.000000
5.170000,0.000010,0.000000,0.000000,0.000000,0.000000,0.000000
5.350000,0.000012,0.000000,0.000000,0.000000,0.000000,0.000000
5.350000,0.000008,0.000000,0.000000,0.000000,0.000000,0.000000
5.350000,0.000005,0.000000,0.000000,0.000000,0.000000,0.000000
6.240000,0.000013,0.000000,0.000000,0.000000,0.000000,0.000000
5.710000,0.000010,0.000000,0.000000,0.000000,0.000000,0.000000
4.280000,0.000008,0.000000,0.000000,0.000000,0.000000,0.000000
5.890000,0.000003,0.000000,0.000000,0.000000,0.000000,0.000000
5.530000,0.000016,0.000000,0.000000,0.000000,0.000000,0.000000
4.990000,0.000003,0.000000,0.000000,0.000000,0.000000,0.000000
5.350000,0.000027,0.000000,0.000000,0.000000,0.000000,0.000000
4.820000,0.000013,0.000000,0.000000,0.000000,0.000000,0.000000
4.280000,0.000009,0.000000,0.000000,0.000000,0.000000,0.000000
4.630000,0.000012,0.000000,0.000000,0.000000,0.000000,0.000000
6.070000,0.000005,0.000000,0.000000,0.000000,0.000000,0.000000
4.640000,0.000014,0.000000,0.000000,0.000000,0.000000,0.000000
4.640000,0.000003,0.000000,0.000000,0.000000,0.000000,0.000000
5.710000,0.000004,0.000000,0.000000,0.000000,0.000000,0.000000
5.350000,0.000020,0.000000,0.000000,0.000000,0.000000,0.000000
6.070000,0.000043,0.000000,0.000000,0.000000,0.000000,0.000000
5.350000,0.000004,0.000000,0.000000,0.000000,0.000000,0.000000
6.600000,0.000008,0.000000,0.000000,0.000000,0.000000,0.000000
4.820000,0.000008,0.000000,0.000000,0.000000,0.000000,0.000000
5.710000,0.000007,0.000000,0.000000,0.000000,0.000000,0.000000
5.880000,0.000004,0.000000,0.000000,0.000000,0.000000,0.000000
5.170000,0.000016,0.000000,0.000000,0.000000,0.000000,0.000000
5.530000,0.000007,0.000000,0.000000,0.000000,0.000000,0.000000
5.530000,0.000009,0.000000,0.000000,0.000000,0.000000,0.000000
6.070000,0.000001,0.000000,0.000000,0.000000,0.000000,0.000000
4.640000,0.000007,0.000000,0.000000,0.000000,0.000000,0.000000
5.530000,0.000008,0.000000,0.000000,0.000000,0.000000,0.000000
5.170000,0.000010,0.000000,0.000000,0.000000,0.000000,0.000000
4.460000,0.000009,0.000000,0.000000,0.000000,0.000000,0.000000
6.240000,0.000003,0.000000,0.000000,0.000000,0.000000,0.000000
5.530000,0.000013,0.000000,0.000000,0.000000,0.000000,0.000000
4.810000,0.000007,0.000000,0.000000,0.000000,0.000000,0.000000
4.630000,0.000015,0.000000,0.000000,0.000000,0.000000,0.000000
6.420000,0.000014,0.000000,0.000000,0.000000,0.000000,0.000000
4.280000,0.000005,0.000000,0.000000,0.000000,0.000000,0.000000
4.810000,0.000001,0.000000,0.000000,0.000000,0.000000,0.000000
5.880000,0.000008,0.000000,0.000000,0.000000,0.000000,0.000000
5.710000,0.000012,0.000000,0.000000,0.000000,0.000000,0.000000
4.990000,0.000001,0.000000,0.000000,0.000000,0.000000,0.000000
6.600000,0.000016,0.000000,0.000000,0.000000,0.000000,0.000000
5.170000,0.000015,0.000000,0.000000,0.000000,0.000000,0.000000
4.280000,0.000011,0.000000,0.000000,0.000000,0.000000,0.000000
5.350000,0.000014,0.000000,0.000000,0.000000,0.000000,0.000000
5.710000,0.000004,0.000000,0.000000,0.000000,0.000000,0.000000
4.820000,0.000003,0.000000,0.000000,0.000000,0.000000,0.000000
4.810000,0.000003,0.000000,0.000000,0.000000,0.000000,0.000000
4.820000,0.000011,0.000000,0.000000,0.000000,0.000000,0.000000
5.530000,0.000006,0.000000,0.000000,0.000000,0.000000,0.000000
4.460000,0.000037,0.000000,0.000000,0.000000,0.000000,0.000000
6.420000,0.000007,0.000000,0.000000,0.000000,0.000000,0.000000
5.170000,0.000015,0.000000,0.000000,0.000000,0.000000,0.000000
5.710000,0.000001,0.000000,0.000000,0.000000,0.000000,0.000000
6.600000,0.000004,0.000000,0.000000,0.000000,0.000000,0.000000
5.530000,0.000022,0.000000,0.000000,0.000000,0.000000,0.000000
5.350000,0.000017,0.000000,0.000000,0.000000,0.000000,0.000000
5.890000,0.000019,0.000000,0.000000,0.000000,0.000000,0.000000
4.990000,0.000008,0.000000,0.000000,0.000000,0.000000,0.000000
4.990000,0.000012,0.000000,0.000000,0.000000,0.000000,0.000000
4.100000,0.000010,0.000000,0.000000,0.000000,0.000000,0.000000
5.170000,0.000009,0.000000,0.000000,0.000000,0.000000,0.000000
5.170000,0.000014,0.000000,0.000000,0.000000,0.000000,0.000000
4.820000,0.000013,0.000000,0.000000,0.000000,0.000000,0.000000
5.350000,0.000013,0.000000,0.000000,0.000000,0.000000,0.000000
4.460000,0.000021,0.000000,0.000000,0.000000,0.000000,0.000000
4.640000,0.000014,0.000000,0.000000,0.000000,0.000000,0.000000
4.990000,0.000008,0.000000,0.000000,0.000000,0.000000,0.000000
5.350000,0.000019,0.000000,0.000000,0.000000,0.000000,0.000000
4.630000,0.000022,0.000000,0.000000,0.000000,0.000000,0.000000
5.710000,0.000003,0.000000,0.000000,0.000000,0.000000,0.000000
5.350000,0.000007,0.000000,0.000000,0.000000,0.000000,0.000000
5.710000,0.000020,0.000000,0.000000,0.000000,0.000000,0.000000
5.360000,0.000011,0.000000,0.000000,0.000000,0.000000,0.000000
5.170000,0.000022,0.000000,0.000000,0.000000,0.000000,0.000000
4.990000,0.000005,0.000000,0.000000,0.000000,0.000000,0.000000
5.530000,0.000019,0.000000,0.000000,0.000000,0.000000,0.000000
4.990000,0.000001,0.000000,0.000000,0.000000,0.000000,0.000000
4.640000,0.000016,0.000000,0.000000,0.000000,0.000000,0.000000
4.630000,0.000007,0.000000,0.000000,0.000000,0.000000,0.000000
5.170000,0.000023,0.000000,0.000000,0.000000,0.000000,0.000000
5.530000,0.000013,0.000000,0.000000,0.000000,0.000000,0.000000
4.640000,0.000019,0.000000,0.000000,0.000000,0.000000,0.000000
5.880000,0.000014,0.000000,0.000000,0.000000,0.000000,0.000000
5.350000,0.000004,0.000000,0.000000,0.000000,0.000000,0.000000
4.460000,0.000002,0.000000,0.000000,0.000000,0.000000,0.000000
6.600000,0.000019,0.000000,0.000000,0.000000,0.000000,0.000000
5.710000,0.000010,0.000000,0.000000,0.000000,0.000000,0.000000
5.350000,0.000011,0.000000,0.000000,0.000000,0.000000,0.000000
5.880000,0.000030,0.000000,0.000000,0.000000,0.000000,0.000000
5.710000,0.000005,0.000000,0.000000,0.000000,0.000000,0.000000
4.280000,0.000017,0.000000,0.000000,0.000000,0.000000,0.000000
5.530000,0.000008,0.000000,0.000000,0.000000,0.000000,0.000000
5.530000,0.000004,0.000000,0.000000,0.000000,0.000000,0.000000
4.630000,0.000003,0.000000,0.000000,0.000000,0.000000,0.000000
4.990000,0.000013,0.000000,0.000000,0.000000,0.000000,0.000000
5.170000,0.000003,0.000000,0.000000,0.000000,0.000000,0.000000
4.810000,0.000010,0.000000,0.000000,0.000000,0.000000,0.000000
5.170000,0.000013,0.000000,0.000000,0.000000,0.000000,0.000000
5.350000,0.000005,0.000000,0.000000,0.000000,0.000000,0.000000
4.990000,0.000012,0.000000,0.000000,0.000000,0.000000,0.000000
5.530000,0.000004,0.000000,0.000000,0.000000,0.000000,0.000000
6.240000,0.000005,0.000000,0.000000,0.000000,0.000000,0.000000
5.530000,0.000002,0.000000,0.000000,0.000000,0.000000,0.000000
4.640000,0.000013,0.000000,0.000000,0.000000,0.000000,0.000000
4.630000,0.000012,0.000000,0.000000,0.000000,0.000000,0.000000
5.710000,0.000015,0.000000,0.000000,0.000000,0.000000,0.000000
6.240000,0.000005,0.000000,0.000000,0.000000,0.000000,0.000000
4.820000,0.000005,0.000000,0.000000,0.000000,0.000000,0.000000
4.280000,0.000010,0.000000,0.000000,0.000000,0.000000,0.000000
4.990000,0.000028,0.000000,0.000000,0.000000,0.000000,0.000000
4.460000,0.000012,0.000000,0.000000,0.000000,0.000000,0.000000
4.460000,0.000007,0.000000,0.000000,0.000000,0.000000,0.000000
6.240000,0.000029,0.000000,0.000000,0.000000,0.000000,0.000000
4.820000,0.000004,0.000000,0.000000,0.000000,0.000000,0.000000
5.530000,0.000009,0.000000,0.000000,0.000000,0.000000,0.000000
5.350000,0.000006,0.000000,0.000000,0.000000,0.000000,0.000000
4.990000,0.000003,0.000000,0.000000,0.000000,0.000000,0.000000
5.350000,0.000006,0.000000,0.000000,0.000000,0.000000,0.000000
5.710000,0.000010,0.000000,0.000000,0.000000,0.000000,0.000000
5.350000,0.000003,0.000000,0.000000,0.000000,0.000000,0.000000
4.460000,0.000002,0.000000,0.000000,0.000000,0.000000,0.000000
4.100000,0.000014,0.000000,0.000000,0.000000,0.000000,0.000000
5.710000,0.000013,0.000000,0.000000,0.000000,0.000000,0.000000
5.880000,0.000007,0.000000,0.000000,0.000000,0.000000,0.000000
6.070000,0.000014,0.000000,0.000000,0.000000,0.000000,0.000000
5.170000,0.000007,0.000000,0.000000,0.000000,0.000000,0.000000
5.180000,0.000007,0.000000,0.000000,0.000000,0.000000,0.000000
4.810000,0.000004,0.000000,0.000000,0.000000,0.000000,0.000000
5.170000,0.000015,0.000000,0.000000,0.000000,0.000000,0.000000
4.820000,0.000002,0.000000,0.000000,0.000000,0.000000,0.000000
6.420000,0.000009,0.000000,0.000000,0.000000,0.000000,0.000000
4.990000,0.000012,0.000000,0.000000,0.000000,0.000000,0.000000
4.280000,0.000018,0.000000,0.000000,0.000000,0.000000,0.000000
4.990000,0.000029,0.000000,0.000000,0.000000,0.000000,0.000000
5.710000,0.000005,0.000000,0.000000,0.000000,0.000000,0.000000
5.710000,0.000003,0.000000,0.000000,0.000000,0.000000,0.000000
5.170000,0.000019,0.000000,0.000000,0.000000,0.000000,0.000000
5.890000,0.000043,0.000000,0.000000,0.000000,0.000000,0.000000
4.810000,0.000015,0.000000,0.000000,0.000000,0.000000,0.000000
4.460000,0.000014,0.000000,0.000000,0.000000,0.000000,0.000000
5.530000,0.000029,0.000000,0.000000,0.000000,0.000000,0.000000
4.990000,0.000005,0.000000,0.000000,0.000000,0.000000,0.000000
4.280000,0.000008,0.000000,0.000000,0.000000,0.000000,0.000000
5.170000,0.000005,0.000000,0.000000,0.000000,0.000000,0.000000
5.170000,0.000013,0.000000,0.000000,0.000000,0.000000,0.000000
5.170000,0.000005,0.000000,0.000000,0.000000,0.000000,0.000000
5.000000,0.000018,0.000000,0.000000,0.000000,0.000000,0.000000
4.990000,0.000012,0.000000,0.000000,0.000000,0.000000,0.000000
5.350000,0.000005,0.000000,0.000000,0.000000,0.000000,0.000000
6.610000,0.000019,0.000000,0.000000,0.000000,0.000000,0.000000
5.710000,0.000015,0.000000,0.000000,0.000000,0.000000,0.000000
4.630000,0.000014,0.000000,0.000000,0.000000,0.000000,0.000000
4.820000,0.000015,0.000000,0.000000,0.000000,0.000000,0.000000
5.170000,0.000018,0.000000,0.000000,0.000000,0.000000,0.000000
5.170000,0.000012,0.000000,0.000000,0.000000,0.000000,0.000000
4.990000,0.000001,0.000000,0.000000,0.000000,0.000000,0.000000
5.350000,0.000009,0.000000,0.000000,0.000000,0.000000,0.000000
6.070000,0.000016,0.000000,0.000000,0.000000,0.000000,0.000000
4.280000,0.000002,0.000000,0.000000,0.000000,0.000000,0.000000
5.350000,0.000019,0.000000,0.000000,0.000000,0.000000,0.000000
5.170000,0.000011,-0.000299,0.010966,0.000000,0.000000,0.000000
4.640000,0.000011,0.000000,0.000000,0.000000,0.000000,0.000000
4.990000,0.000007,0.000000,0.000000,0.000000,0.000000,0.000000
5.530000,0.000003,0.000000,0.000000,0.000000,0.000000,0.000000
5.170000,0.000010,0.000000,0.000000,0.000000,0.000000,0.000000
5.170000,0.000030,0.000000,0.000000,0.000000,0.000000,0.000000
5.890000,0.000024,0.000000,0.000000,0.000000,0.000000,0.000000
4.640000,0.000018,0.000000,0.000000,0.000000,0.000000,0.000000
4.990000,0.000013,0.000000,0.000000,0.000000,0.000000,0.000000
5.350000,0.000011,0.000000,0.000000,0.000000,0.000000,0.000000
5.170000,0.000012,0.000000,0.000000,0.000000,0.000000,0.000000
4.630000,0.000011,0.000000,0.000000,0.000000,0.000000,0.000000
4.640000,0.000005,0.000000,0.000000,0.000000,0.000000,0.000000
5.170000,0.000028,0.000000,0.000000,0.000000,0.000000,0.000000
4.820000,0.000027,0.000000,0.000000,0.000000,0.000000,0.000000
5.530000,0.000012,0.000000,0.000000,0.000000,0.000000,0.000000
5.530000,0.000007,0.000000,0.000000,0.000000,0.000000,0.000000
5.530000,0.000009,0.000000,0.000000,0.000000,0.000000,0.000000
5.170000,0.000060,0.000000,0.000000,0.000000,0.000000,0.000000
4.990000,0.000025,-0.000590,0.054831,0.000000,0.000000,0.000000
4.990000,0.000017,0.000505,0.098696,0.000000,0.000000,0.000000
5.530000,0.000036,0.000000,0.000000,0.000000,0.000000,0.000000
6.070000,0.000012,0.000000,0.000000,0.000000,0.000000,0.000000
6.070000,0.000018,0.000000,0.000000,0.000000,0.000000,0.000000
4.990000,0.000012,0.000261,0.010966,0.000000,0.000000,0.000000
5.890000,0.000013,0.000000,0.000000,0.000000,0.000000,0.000000
5.350000,0.000010,0.000000,0.000000,0.000000,0.000000,0.000000
4.460000,0.000021,0.000000,0.000000,0.000000,0.000000,0.000000
5.350000,0.000015,0.000000,0.000000,0.000000,0.000000,0.000000
5.530000,0.000009,0.000000,0.000000,0.000000,0.000000,0.000000
5.890000,0.000013,0.000000,0.000000,0.000000,0.000000,0.000000
5.890000,0.000005,0.000000,0.000000,0.000000,0.000000,0.000000
6.070000,0.000023,0.000000,0.000000,0.000000,0.000000,0.000000
4.640000,0.000006,0.000000,0.000000,0.000000,0.000000,0.000000
6.420000,0.000038,0.000000,0.000000,0.000000,0.000000,0.000000
5.890000,0.000001,0.000000,0.000000,0.000000,0.000000,0.000000
5.170000,0.000011,0.000000,0.000000,0.000000,0.000000,0.000000
5.710000,0.000009,0.000000,0.000000,0.000000,0.000000,0.000000
4.820000,0.000004,0.000000,0.000000,0.000000,0.000000,0.000000
4.640000,0.000001,0.000000,0.000000,0.000000,0.000000,0.000000
4.280000,0.000019,0.000000,0.000000,0.000000,0.000000,0.000000
5.350000,0.000007,0.000000,0.000000,0.000000,0.000000,0.000000
5.890000,0.000015,0.000000,0.000000,0.000000,0.000000,0.000000
4.460000,0.000021,0.000000,0.000000,0.000000,0.000000,0.000000
6.240000,0.000034,0.000000,0.000000,0.000000,0.000000,0.000000
5.350000,0.000025,0.000000,0.000000,0.000000,0.000000,0.000000
4.100000,0.000013,0.000000,0.000000,0.000000,0.000000,0.000000
5.890000,0.000008,0.000000,0.000000,0.000000,0.000000,0.000000
5.350000,0.000038,0.000000,0.000000,0.000000,0.000000,0.000000
5.170000,0.000004,0.000000,0.000000,0.000000,0.000000,0.000000
4.460000,0.000024,0.000000,0.000000,0.000000,0.000000,0.000000
4.640000,0.000005,0.000000,0.000000,0.000000,0.000000,0.000000
4.640000,0.000013,0.000000,0.000000,0.000000,0.000000,0.000000
4.990000,0.000018,0.000000,0.000000,0.000000,0.000000,0.000000
5.170000,0.000019,0.000000,0.000000,0.000000,0.000000,0.000000
4.460000,0.000008,0.000000,0.000000,0.000000,0.000000,0.000000
4.820000,0.000007,0.000000,0.000000,0.000000,0.000000,0.000000
5.530000,0.000006,0.000000,0.000000,0.000000,0.000000,0.000000
6.070000,0.000015,0.000000,0.000000,0.000000,0.000000,0.000000
5.710000,0.000007,0.000000,0.000000,0.000000,0.000000,0.000000
6.600000,0.000005,0.000000,0.000000,0.000000,0.000000,0.000000
4.990000,0.000004,0.000000,0.000000,0.000000,0.000000,0.000000
4.460000,0.000008,0.000000,0.000000,0.000000,0.000000,0.000000
5.350000,0.000012,0.000000,0.000000,0.000000,0.000000,0.000000
5.350000,0.000002,0.000000,0.000000,0.000000,0.000000,0.000000
5.170000,0.000005,0.000000,0.000000,0.000000,0.000000,0.000000
5.350000,0.000015,0.000000,0.000000,0.000000,0.000000,0.000000
4.990000,0.000002,0.000000,0.000000,0.000000,0.000000,0.000000
5.170000,0.000027,0.000000,0.000000,0.000000,0.000000,0.000000
5.170000,0.000006,0.000000,0.000000,0.000000,0.000000,0.000000
5.170000,0.000008,0.000000,0.000000,0.000000,0.000000,0.000000
4.990000,0.000012,0.000000,0.000000,0.000000,0.000000,0.000000
4.460000,0.000024,0.000000,0.000000,0.000000,0.000000,0.000000
5.350000,0.000006,0.000000,0.000000,0.000000,0.000000,0.000000
6.240000,0.000010,0.000000,0.000000,0.000000,0.000000,0.000000
5.530000,0.000030,0.000000,0.000000,0.000000,0.000000,0.000000
5.890000,0.000017,0.000000,0.000000,0.000000,0.000000,0.000000
5.880000,0.000012,0.000000,0.000000,0.000000,0.000000,0.000000
5.880000,0.000036,0.000000,0.000000,0.000000,0.000000,0.000000
5.360000,0.000016,0.000000,0.000000,0.000000,0.000000,0.000000
3.920000,0.000028,0.000000,0.000000,0.000000,0.000000,0.000000
5.710000,0.000019,0.000000,0.000000,0.000000,0.000000,0.000000
5.170000,0.000016,0.000000,0.000000,0.000000,0.000000,0.000000
5.350000,0.000001,0.000000,0.000000,0.000000,0.000000,0.000000
6.240000,0.000000,0.000000,0.000000,0.000000,0.000000,0.000000
5.710000,0.000006,0.000000,0.000000,0.000000,0.000000,0.000000
5.170000,0.000014,0.000000,0.000000,0.000000,0.000000,0.000000
5.710000,0.000002,0.000000,0.000000,0.000000,0.000000,0.000000
4.640000,0.000004,0.000000,0.000000,0.000000,0.000000,0.000000
5.170000,0.000007,0.000000,0.000000,0.000000,0.000000,0.000000
5.530000,0.000010,0.000000,0.000000,0.000000,0.000000,0.000000
5.170000,0.000004,0.000000,0.000000,0.000000,0.000000,0.000000
5.350000,0.000005,0.000000,0.000000,0.000000,0.000000,0.000000
5.530000,0.000030,0.000000,0.000000,0.000000,0.000000,0.000000
4.640000,0.000002,0.000000,0.000000,0.000000,0.000000,0.000000
4.820000,0.000007,0.000000,0.000000,0.000000,0.000000,0.000000
5.180000,0.000006,0.000000,0.000000,0.000000,0.000000,0.000000
5.530000,0.000010,0.000000,0.000000,0.000000,0.000000,0.000000
5.350000,0.000014,0.000000,0.000000,0.000000,0.000000,0.000000
5.350000,0.000022,0.000000,0.000000,0.000000,0.000000,0.000000
6.070000,0.000004,-0.000032,0.010966,0.000000,0.000000,0.000000
4.820000,0.000010,0.000000,0.000000,0.000000,0.000000,0.000000
5.880000,0.000002,0.000000,0.000000,0.000000,0.000000,0.000000
6.240000,0.000005,0.000000,0.000000,0.000000,0.000000,0.000000
5.170000,0.000020,0.000000,0.000000,0.000000,0.000000,0.000000
5.710000,0.000020,0.000000,0.000000,0.000000,0.000000,0.000000
5.350000,0.000004,0.000000,0.000000,0.000000,0.000000,0.000000
5.530000,0.000020,0.000000,0.000000,0.000000,0.000000,0.000000
5.000000,0.000011,0.000000,0.000000,0.000000,0.000000,0.000000
5.710000,0.000009,0.000000,0.000000,0.000000,0.000000,0.000000
5.350000,0.000009,0.000000,0.000000,0.000000,0.000000,0.000000
4.990000,0.000012,0.000000,0.000000,0.000000,0.000000,0.000000
5.350000,0.000015,0.000000,0.000000,0.000000,0.000000,0.000000
5.170000,0.000009,0.000236,0.010966,0.000000,0.000000,0.000000
4.640000,0.000014,0.000000,0.000000,0.000000,0.000000,0.000000
5.710000,0.000009,0.000000,0.000000,0.000000,0.000000,0.000000
5.350000,0.000018,0.000000,0.000000,0.000000,0.000000,0.000000
5.880000,0.000004,0.000000,0.000000,0.000000,0.000000,0.000000
5.350000,0.000004,0.000000,0.000000,0.000000,0.000000,0.000000
5.710000,0.000007,0.000000,0.000000,0.000000,0.000000,0.000000
5.530000,0.000031,0.000000,0.000000,0.000000,0.000000,0.000000
6.060000,0.000046,0.000000,0.000000,0.000000,0.000000,0.000000
5.350000,0.000006,0.000000,0.000000,0.000000,0.000000,0.000000
5.530000,0.000006,0.000000,0.000000,0.000000,0.000000,0.000000
5.350000,0.000009,0.000000,0.000000,0.000000,0.000000,0.000000
5.170000,0.000021,0.000000,0.000000,0.000000,0.000000,0.000000
5.890000,0.000026,0.000000,0.000000,0.000000,0.000000,0.000000
5.170000,0.000009,0.000000,0.000000,0.000000,0.000000,0.000000
5.530000,0.000015,0.000000,0.000000,0.000000,0.000000,0.000000
5.710000,0.000001,0.000000,0.000000,0.000000,0.000000,0.000000
5.710000,0.000004,0.000000,0.000000,0.000000,0.000000,0.000000
5.890000,0.000015,0.000000,0.000000,0.000000,0.000000,0.000000
5.530000,0.000005,0.000000,0.000000,0.000000,0.000000,0.000000
5.530000,0.000006,0.000000,0.000000,0.000000,0.000000,0.000000
4.990000,0.000009,0.000000,0.000000,0.000000,0.000000,0.000000
5.000000,0.000013,0.000000,0.000000,0.000000,0.000000,0.000000
4.630000,0.000035,0.000000,0.000000,0.000000,0.000000,0.000000
5.350000,0.000009,0.000000,0.000000,0.000000,0.000000,0.000000
4.990000,0.000013,0.000000,0.000000,0.000000,0.000000,0.000000
5.530000,0.000012,0.000000,0.000000,0.000000,0.000000,0.000000
5.350000,0.000014,0.000000,0.000000,0.000000,0.000000,0.000000
5.890000,0.000002,0.000000,0.000000,0.000000,0.000000,0.000000
5.710000,0.000002,0.000000,0.000000,0.000000,0.000000,0.000000
5.000000,0.000011,0.000000,0.000000,0.000000,0.000000,0.000000
5.170000,0.000004,0.000000,0.000000,0.000000,0.000000,0.000000
5.530000,0.000006,0.000000,0.000000,0.000000,0.000000,0.000000
5.530000,0.000005,0.000000,0.000000,0.000000,0.000000,0.000000
5.890000,0.000017,0.000000,0.000000,0.000000,0.000000,0.000000
5.710000,0.000007,0.000000,0.000000,0.000000,0.000000,0.000000
4.460000,0.000001,0.000000,0.000000,0.000000,0.000000,0.000000
5.170000,0.000019,0.000000,0.000000,0.000000,0.000000,0.000000
4.460000,0.000033,0.000000,0.000000,0.000000,0.000000,0.000000
5.170000,0.000004,0.000000,0.000000,0.000000,0.000000,0.000000
6.070000,0.000023,0.000000,0.000000,0.000000,0.000000,0.000000
5.890000,0.000021,0.000000,0.000000,0.000000,0.000000,0.000000
4.990000,0.000007,0.000000,0.000000,0.000000,0.000000,0.000000
5.000000,0.000021,0.000000,0.000000,0.000000,0.000000,0.000000
5.530000,0.000020,0.000000,0.000000,0.000000,0.000000,0.000000
4.990000,0.000015,0.000000,0.000000,0.000000,0.000000,0.000000
4.460000,0.000010,0.000000,0.000000,0.000000,0.000000,0.000000
6.070000,0.000011,0.000000,0.000000,0.000000,0.000000,0.000000
5.530000,0.000011,0.000000,0.000000,0.000000,0.000000,0.000000
4.990000,0.000008,0.000000,0.000000,0.000000,0.000000,0.000000
5.530000,0.000015,0.000000,0.000000,0.000000,0.000000,0.000000
4.820000,0.000008,0.000000,0.000000,0.000000,0.000000,0.000000
5.170000,0.000012,0.000000,0.000000,0.000000,0.000000,0.000000
5.170000,0.000023,0.000000,0.000000,0.000000,0.000000,0.000000
4.640000,0.000020,0.000000,0.000000,0.000000,0.000000,0.000000
4.640000,0.000010,0.000000,0.000000,0.000000,0.000000,0.000000
5.350000,0.000005,0.000000,0.000000,0.000000,0.000000,0.000000
4.460000,0.000008,0.000000,0.000000,0.000000,0.000000,0.000000
4.810000,0.000003,0.000000,0.000000,0.000000,0.000000,0.000000
4.810000,0.000006,0.000000,0.000000,0.000000,0.000000,0.000000
4.630000,0.000001,0.000000,0.000000,0.000000,0.000000,0.000000
5.890000,0.000008,0.000000,0.000000,0.000000,0.000000,0.000000
5.180000,0.000045,0.000000,0.000000,0.000000,0.000000,0.000000
6.240000,0.000010,0.000000,0.000000,0.000000,0.000000,0.000000
5.880000,0.000012,0.000000,0.000000,0.000000,0.000000,0.000000
4.820000,0.000008,0.000000,0.000000,0.000000,0.000000,0.000000
6.420000,0.000031,0.000000,0.000000,0.000000,0.000000,0.000000
5.710000,0.000007,0.000000,0.000000,0.000000,0.000000,0.000000
4.990000,0.000022,0.000000,0.000000,0.000000,0.000000,0.000000
4.820000,0.000003,0.000000,0.000000,0.000000,0.000000,0.000000
4.990000,0.000014,0.000000,0.000000,0.000000,0.000000,0.000000
5.170000,0.000012,0.000000,0.000000,0.000000,0.000000,0.000000
5.170000,0.000014,0.000000,0.000000,0.000000,0.000000,0.000000
5.530000,0.000013,0.000000,0.000000,0.000000,0.000000,0.000000
5.530000,0.000022,0.000000,0.000000,0.000000,0.000000,0.000000
4.990000,0.000005,0.000000,0.000000,0.000000,0.000000,0.000000
6.060000,0.000028,0.000000,0.000000,0.000000,0.000000,0.000000
5.890000,0.000016,0.000000,0.000000,0.000000,0.000000,0.000000
5.350000,0.000007,0.000000,0.000000,0.000000,0.000000,0.000000
5.350000,0.000007,0.000000,0.000000,0.000000,0.000000,0.000000
5.890000,0.000009,0.000000,0.000000,0.000000,0.000000,0.000000
5.710000,0.000004,0.000000,0.000000,0.000000,0.000000,0.000000
5.170000,0.000006,0.000000,0.000000,0.000000,0.000000,0.000000
5.710000,0.000012,0.000000,0.000000,0.000000,0.000000,0.000000
5.530000,0.000014,0.000000,0.000000,0.000000,0.000000,0.000000
4.990000,0.000012,0.000000,0.000000,0.000000,0.000000,0.000000
5.530000,0.000006,0.000000,0.000000,0.000000,0.000000,0.000000
4.640000,0.000010,0.000000,0.000000,0.000000,0.000000,0.000000
5.170000,0.000002,0.000000,0.000000,0.000000,0.000000,0.000000
5.530000,0.000014,0.000000,0.000000,0.000000,0.000000,0.000000
5.710000,0.000006,0.000000,0.000000,0.000000,0.000000,0.000000
6.060000,0.000013,0.000000,0.000000,0.000000,0.000000,0.000000
5.710000,0.000013,0.000000,0.000000,0.000000,0.000000,0.000000
5.530000,0.000004,0.000000,0.000000,0.000000,0.000000,0.000000
5.530000,0.000022,0.000000,0.000000,0.000000,0.000000,0.000000
5.170000,0.000004,0.000000,0.000000,0.000000,0.000000,0.000000
4.990000,0.000027,0.000000,0.000000,0.000000,0.000000,0.000000
5.880000,0.000002,0.000000,0.000000,0.000000,0.000000,0.000000
4.990000,0.000014,0.000000,0.000000,0.000000,0.000000,0.000000
4.460000,0.000005,0.000000,0.000000,0.000000,0.000000,0.000000
5.350000,0.000002,0.000000,0.000000,0.000000,0.000000,0.000000
4.990000,0.000002,0.000025,0.010966,0.000000,0.000000,0.000000
4.990000,0.000007,0.000000,0.000000,0.000000,0.000000,0.000000
5.710000,0.000007,0.000000,0.000000,0.000000,0.000000,0.000000
5.170000,0.000018,0.000000,0.000000,0.000000,0.000000,0.000000
5.530000,0.000011,0.000000,0.000000,0.000000,0.000000,0.000000
5.530000,0.000011,0.000000,0.000000,0.000000,0.000000,0.000000
5.530000,0.000021,0.000000,0.000000,0.000000,0.000000,0.000000
6.070000,0.000019,0.000000,0.000000,0.000000,0.000000,0.000000
5.530000,0.000004,0.000000,0.000000,0.000000,0.000000,0.000000
4.990000,0.000001,0.000000,0.000000,0.000000,0.000000,0.000000
5.350000,0.000030,0.000000,0.000000,0.000000,0.000000,0.000000
6.240000,0.000006,0.000000,0.000000,0.000000,0.000000,0.000000
5.350000,0.000006,0.000000,0.000000,0.000000,0.000000,0.000000
5.350000,0.000018,0.000000,0.000000,0.000000,0.000000,0.000000
6.600000,0.000013,0.000000,0.000000,0.000000,0.000000,0.000000
4.640000,0.000008,0.000000,0.000000,0.000000,0.000000,0.000000
4.280000,0.000025,0.000000,0.000000,0.000000,0.000000,0.000000
5.170000,0.000010,0.000000,0.000000,0.000000,0.000000,0.000000
5.000000,0.000042,0.000000,0.000000,0.000000,0.000000,0.000000
5.170000,0.000014,0.000000,0.000000,0.000000,0.000000,0.000000
5.880000,0.000013,0.000000,0.000000,0.000000,0.000000,0.000000
5.530000,0.000004,0.000000,0.000000,0.000000,0.000000,0.000000
5.710000,0.000020,0.000000,0.000000,0.000000,0.000000,0.000000
4.990000,0.000020,0.000000,0.000000,0.000000,0.000000,0.000000
4.280000,0.000026,0.000000,0.000000,0.000000,0.000000,0.000000
5.530000,0.000019,0.000000,0.000000,0.000000,0.000000,0.000000
5.350000,0.000010,0.000000,0.000000,0.000000,0.000000,0.000000
5.180000,0.000006,0.000000,0.000000,0.000000,0.000000,0.000000
4.990000,0.000009,0.000000,0.000000,0.000000,0.000000,0.000000
4.820000,0.000016,0.000000,0.000000,0.000000,0.000000,0.000000
5.530000,0.000018,0.000000,0.000000,0.000000,0.000000,0.000000
4.990000,0.000022,0.000000,0.000000,0.000000,0.000000,0.000000
5.890000,0.000011,0.000000,0.000000,0.000000,0.000000,0.000000
5.890000,0.000019,0.000000,0.000000,0.000000,0.000000,0.000000
4.820000,0.000009,0.000000,0.000000,0.000000,0.000000,0.000000
4.640000,0.000027,0.000000,0.000000,0.000000,0.000000,0.000000
6.070000,0.000007,0.000000,0.000000,0.000000,0.000000,0.000000
4.990000,0.000010,0.000000,0.000000,0.000000,0.000000,0.000000
5.710000,0.000009,0.000000,0.000000,0.000000,0.000000,0.000000
5.530000,0.000022,0.000000,0.000000,0.000000,0.000000,0.000000
4.990000,0.000005,0.000000,0.000000,0.000000,0.000000,0.000000
5.530000,0.000007,0.000000,0.000000,0.000000,0.000000,0.000000
4.820000,0.000003,0.000000,0.000000,0.000000,0.000000,0.000000
6.420000,0.000008,0.000000,0.000000,0.000000,0.000000,0.000000
5.890000,0.000022,0.000000,0.000000,0.000000,0.000000,0.000000
5.530000,0.000005,0.000000,0.000000,0.000000,0.000000,0.000000
5.890000,0.000018,0.000000,0.000000,0.000000,0.000000,0.000000
5.530000,0.000007,0.000000,0.000000,0.000000,0.000000,0.000000
4.280000,0.000016,0.000000,0.000000,0.000000,0.000000,0.000000
5.350000,0.000012,0.000000,0.000000,0.000000,0.000000,0.000000
5.170000,0.000005,0.000000,0.000000,0.000000,0.000000,0.000000
5.170000,0.000008,0.000000,0.000000,0.000000,0.000000,0.000000
5.890000,0.000007,0.000000,0.000000,0.000000,0.000000,0.000000
4.100000,0.000007,0.000000,0.000000,0.000000,0.000000,0.000000
5.530000,0.000005,0.000000,0.000000,0.000000,0.000000,0.000000
5.710000,0.000020,0.000000,0.000000,0.000000,0.000000,0.000000
4.810000,0.000020,0.000000,0.000000,0.000000,0.000000,0.000000
5.350000,0.000014,0.000000,0.000000,0.000000,0.000000,0.000000
5.170000,0.000010,0.000000,0.000000,0.000000,0.000000,0.000000
5.530000,0.000024,0.000000,0.000000,0.000000,0.000000,0.000000
5.710000,0.000004,0.000000,0.000000,0.000000,0.000000,0.000000
5.530000,0.000018,0.000000,0.000000,0.000000,0.000000,0.000000
6.240000,0.000014,0.000000,0.000000,0.000000,0.000000,0.000000
6.070000,0.000008,0.000000,0.000000,0.000000,0.000000,0.000000
5.170000,0.000013,0.000000,0.000000,0.000000,0.000000,0.000000
4.990000,0.000002,0.000000,0.000000,0.000000,0.000000,0.000000
5.530000,0.000006,0.000000,0.000000,0.000000,0.000000,0.000000
4.820000,0.000011,0.000000,0.000000,0.000000,0.000000,0.000000
5.880000,0.000002,0.000000,0.000000,0.000000,0.000000,0.000000
3.920000,0.000004,0.000000,0.000000,0.000000,0.000000,0.000000
5.350000,0.000014,0.000000,0.000000,0.000000,0.000000,0.000000
5.530000,0.000020,0.000000,0.000000,0.000000,0.000000,0.000000
4.640000,0.000001,0.000000,0.000000,0.000000,0.000000,0.000000
6.240000,0.000020,0.000000,0.000000,0.000000,0.000000,0.000000
4.630000,0.000025,0.000000,0.000000,0.000000,0.000000,0.000000
5.170000,0.000022,0.000000,0.000000,0.000000,0.000000,0.000000
5.350000,0.000008,0.000000,0.000000,0.000000,0.000000,0.000000
4.820000,0.000013,0.000000,0.000000,0.000000,0.000000,0.000000
5.350000,0.000005,0.000000,0.000000,0.000000,0.000000,0.000000
5.350000,0.000004,0.000000,0.000000,0.000000,0.000000,0.000000
5.000000,0.000017,0.000000,0.000000,0.000000,0.000000,0.000000
4.640000,0.000015,0.000000,0.000000,0.000000,0.000000,0.000000
5.530000,0.000006,0.000000,0.000000,0.000000,0.000000,0.000000
4.820000,0.000009,0.000000,0.000000,0.000000,0.000000,0.000000
4.990000,0.000011,0.000000,0.000000,0.000000,0.000000,0.000000
6.070000,0.000014,0.000000,0.000000,0.000000,0.000000,0.000000
5.360000,0.000002,0.000000,0.000000,0.000000,0.000000,0.000000
4.460000,0.000021,0.000000,0.000000,0.000000,0.000000,0.000000
5.530000,0.000004,0.000000,0.000000,0.000000,0.000000,0.000000
4.820000,0.000005,0.000000,0.000000,0.000000,0.000000,0.000000
4.820000,0.000001,0.000000,0.000000,0.000000,0.000000,0.000000
5.350000,0.000023,0.000000,0.000000,0.000000,0.000000,0.000000
5.530000,0.000004,0.000000,0.000000,0.000000,0.000000,0.000000
4.630000,0.000014,0.000000,0.000000,0.000000,0.000000,0.000000
5.890000,0.000004,0.000000,0.000000,0.000000,0.000000,0.000000
4.100000,0.000031,0.000000,0.000000,0.000000,0.000000,0.000000
6.240000,0.000009,0.000000,0.000000,0.000000,0.000000,0.000000
6.070000,0.000021,0.000000,0.000000,0.000000,0.000000,0.000000
4.640000,0.000006,0.000000,0.000000,0.000000,0.000000,0.000000
4.640000,0.000016,0.000000,0.000000,0.000000,0.000000,0.000000
5.170000,0.000019,0.000000,0.000000,0.000000,0.000000,0.000000
5.350000,0.000008,0.000000,0.000000,0.000000,0.000000,0.000000
4.990000,0.000003,0.000000,0.000000,0.000000,0.000000,0.000000
5.890000,0.000004,0.000000,0.000000,0.000000,0.000000,0.000000
5.710000,0.000002,0.000000,0.000000,0.000000,0.000000,0.000000
4.820000,0.000003,0.000000,0.000000,0.000000,0.000000,0.000000
4.630000,0.000018,0.000000,0.000000,0.000000,0.000000,0.000000
6.420000,0.000006,0.000000,0.000000,0.000000,0.000000,0.000000
5.710000,0.000005,0.000000,0.000000,0.000000,0.000000,0.000000
5.890000,0.000009,0.000000,0.000000,0.000000,0.000000,0.000000
5.710000,0.000009,0.000000,0.000000,0.000000,0.000000,0.000000
5.170000,0.000014,0.000000,0.000000,0.000000,0.000000,0.000000
5.350000,0.000004,0.000000,0.000000,0.000000,0.000000,0.000000
5.350000,0.000014,0.000000,0.000000,0.000000,0.000000,0.000000
3.920000,0.000006,0.000000,0.000000,0.000000,0.000000,0.000000
6.070000,0.000008,0.000000,0.000000,0.000000,0.000000,0.000000
5.710000,0.000005,0.000000,0.000000,0.000000,0.000000,0.000000
5.530000,0.000006,0.000000,0.000000,0.000000,0.000000,0.000000
5.000000,0.000009,0.000000,0.000000,0.000000,0.000000,0.000000
5.350000,0.000007,0.000000,0.000000,0.000000,0.000000,0.000000
5.710000,0.000013,0.000000,0.000000,0.000000,0.000000,0.000000
5.530000,0.000042,0.000000,0.000000,0.000000,0.000000,0.000000
5.710000,0.000007,0.000000,0.000000,0.000000,0.000000,0.000000
4.640000,0.000003,0.000000,0.000000,0.000000,0.000000,0.000000
5.360000,0.000013,0.000000,0.000000,0.000000,0.000000,0.000000
4.640000,0.000008,0.000000,0.000000,0.000000,0.000000,0.000000
5.350000,0.000016,0.000000,0.000000,0.000000,0.000000,0.000000
4.100000,0.000019,0.000000,0.000000,0.000000,0.000000,0.000000
6.240000,0.000010,0.000000,0.000000,0.000000,0.000000,0.000000
5.350000,0.000014,0.000000,0.000000,0.000000,0.000000,0.000000
5.170000,0.000015,0.000000,0.000000,0.000000,0.000000,0.000000
6.070000,0.000009,0.000000,0.000000,0.000000,0.000000,0.000000
5.350000,0.000010,0.000000,0.000000,0.000000,0.000000,0.000000
5.350000,0.000006,0.000000,0.000000,0.000000,0.000000,0.000000
5.350000,0.000018,0.000000,0.000000,0.000000,0.000000,0.000000
5.710000,0.000005,0.000000,0.000000,0.000000,0.000000,0.000000
5.710000,0.000019,0.000000,0.000000,0.000000,0.000000,0.000000
4.820000,0.000009,0.000000,0.000000,0.000000,0.000000,0.000000
5.530000,0.000013,0.000000,0.000000,0.000000,0.000000,0.000000
5.350000,0.000012,0.000000,0.000000,0.000000,0.000000,0.000000
4.990000,0.000004,0.000000,0.000000,0.000000,0.000000,0.000000
4.460000,0.000010,0.000000,0.000000,0.000000,0.000000,0.000000
5.530000,0.000048,0.000000,0.000000,0.000000,0.000000,0.000000
4.280000,0.000021,0.000000,0.000000,0.000000,0.000000,0.000000
5.710000,0.000014,0.000000,0.000000,0.000000,0.000000,0.000000
4.820000,0.000007,0.000000,0.000000,0.000000,0.000000,0.000000
4.820000,0.000010,0.000000,0.000000,0.000000,0.000000,0.000000
5.890000,0.000013,0.000000,0.000000,0.000000,0.000000,0.000000
5.180000,0.000012,0.000000,0.000000,0.000000,0.000000,0.000000
4.990000,0.000024,0.000000,0.000000,0.000000,0.000000,0.000000
5.170000,0.000004,0.000000,0.000000,0.000000,0.000000,0.000000
5.350000,0.000001,0.000000,0.000000,0.000000,0.000000,0.000000
5.710000,0.000498,0.000000,0.000000,0.000000,0.000000,0.000000
6.070000,0.000017,0.000000,0.000000,0.000000,0.000000,0.000000
5.350000,0.000030,0.000000,0.000000,0.000000,0.000000,0.000000
4.280000,0.000047,0.000000,0.000000,0.000000,0.000000,0.000000
5.350000,0.000010,0.000000,0.000000,0.000000,0.000000,0.000000
5.530000,0.000035,0.000000,0.000000,0.000000,0.000000,0.000000
5.530000,0.000057,0.000000,0.000000,0.000000,0.000000,0.000000
6.060000,0.000016,0.001231,0.175460,0.000000,0.000000,0.000000
4.460000,0.000017,0.000000,0.000000,0.000000,0.000000,0.000000
4.460000,0.000034,0.000000,0.000000,0.000000,0.000000,0.000000
4.810000,0.000021,0.000000,0.000000,0.000000,0.000000,0.000000
5.880000,0.000006,0.000000,0.000000,0.000000,0.000000,0.000000
5.170000,0.000009,0.000000,0.000000,0.000000,0.000000,0.000000
4.990000,0.000473,-0.000035,0.010966,0.000000,0.000000,0.000000
4.810000,0.000073,0.000000,0.000000,0.000000,0.000000,0.000000
5.350000,0.000085,0.000000,0.000000,0.000000,0.000000,0.000000
6.240000,0.000137,-0.001373,0.142561,0.000000,0.000000,0.000000
4.820000,0.000070,0.000000,0.000000,0.000000,0.000000,0.000000
4.640000,0.000019,-0.000125,0.010966,0.000000,0.000000,0.000000
5.350000,0.000020,-0.000367,0.010966,0.000000,0.000000,0.000000
4.640000,0.000110,0.003438,0.186426,0.000000,0.000000,0.000000
4.820000,0.000176,-0.000286,0.010966,0.000000,0.000000,0.000000
3.740000,0.000031,-0.000171,0.142561,0.000000,0.000000,0.000000
5.530000,0.000023,0.000483,0.197392,0.000000,0.000000,0.000000
6.240000,0.000046,0.000000,0.000000,0.000000,0.000000,0.000000
5.350000,0.000172,0.000000,0.000000,0.000000,0.000000,0.000000
5.170000,0.000015,0.001027,0.098696,0.000000,0.000000,0.000000
6.060000,0.000007,0.000000,0.000000,0.000000,0.000000,0.000000
4.990000,0.000022,0.000000,0.000000,0.000000,0.000000,0.000000
5.170000,0.000001,0.000000,0.000000,0.000000,0.000000,0.000000
5.170000,0.000063,-0.000318,0.010966,0.000000,0.000000,0.000000
5.710000,0.000038,0.000000,0.000000,0.000000,0.000000,0.000000
5.710000,0.000034,-0.000247,0.043865,0.000000,0.000000,0.000000
4.990000,0.000017,-0.000722,0.109662,0.000000,0.000000,0.000000
4.460000,0.000005,0.000358,0.043865,0.000000,0.000000,0.000000
4.990000,0.000027,0.000000,0.000000,0.000000,0.000000,0.000000
4.460000,0.000009,-0.000143,0.043865,0.000000,0.000000,0.000000
4.640000,0.000440,0.000000,0.000000,0.000000,0.000000,0.000000
4.460000,0.000026,0.000327,0.142561,0.000000,0.000000,0.000000
4.820000,0.000018,-0.000563,0.043865,0.000000,0.000000,0.000000
4.820000,0.000012,0.000000,0.000000,0.000000,0.000000,0.000000
4.820000,0.000033,0.000000,0.000000,0.000000,0.000000,0.000000
5.710000,0.000005,0.000000,0.000000,0.000000,0.000000,0.000000
5.000000,0.000011,-0.000108,0.010966,0.000000,0.000000,0.000000
5.350000,0.000006,0.000000,0.000000,0.000000,0.000000,0.000000
4.820000,0.000008,0.000000,0.000000,0.000000,0.000000,0.000000
5.710000,0.000003,0.000000,0.000000,0.000000,0.000000,0.000000
4.820000,0.000010,0.000000,0.000000,0.000000,0.000000,0.000000
6.070000,0.000015,0.000000,0.000000,0.000000,0.000000,0.000000
5.350000,0.000008,0.000000,0.000000,0.000000,0.000000,0.000000
5.530000,0.000031,0.000000,0.000000,0.000000,0.000000,0.000000
5.170000,0.000010,0.000000,0.000000,0.000000,0.000000,0.000000
5.170000,0.000001,0.000000,0.000000,0.000000,0.000000,0.000000
5.170000,0.000006,0.000000,0.000000,0.000000,0.000000,0.000000
6.060000,0.000006,0.000000,0.000000,0.000000,0.000000,0.000000
5.530000,0.000001,0.000000,0.000000,0.000000,0.000000,0.000000
5.890000,0.000034,0.000000,0.000000,0.000000,0.000000,0.000000
5.710000,0.000003,0.000000,0.000000,0.000000,0.000000,0.000000
5.350000,0.000024,0.000000,0.000000,0.000000,0.000000,0.000000
4.990000,0.000005,0.000000,0.000000,0.000000,0.000000,0.000000
5.710000,0.000009,0.000000,0.000000,0.000000,0.000000,0.000000
5.350000,0.000010,0.000000,0.000000,0.000000,0.000000,0.000000
5.530000,0.000003,0.000000,0.000000,0.000000,0.000000,0.000000
5.170000,0.000009,0.000000,0.000000,0.000000,0.000000,0.000000
4.460000,0.000006,0.000000,0.000000,0.000000,0.000000,0.000000
5.350000,0.000016,0.000000,0.000000,0.000000,0.000000,0.000000
6.780000,0.000006,0.000000,0.000000,0.000000,0.000000,0.000000
5.350000,0.000014,0.000000,0.000000,0.000000,0.000000,0.000000
5.530000,0.000017,0.000000,0.000000,0.000000,0.000000,0.000000
5.350000,0.000004,0.000000,0.000000,0.000000,0.000000,0.000000
5.530000,0.000019,0.000000,0.000000,0.000000,0.000000,0.000000
5.530000,0.000012,0.000000,0.000000,0.000000,0.000000,0.000000
5.180000,0.000014,0.000000,0.000000,0.000000,0.000000,0.000000
6.420000,0.000007,0.000000,0.000000,0.000000,0.000000,0.000000
5.530000,0.000019,0.000000,0.000000,0.000000,0.000000,0.000000
4.990000,0.000002,0.000000,0.000000,0.000000,0.000000,0.000000
4.640000,0.000007,0.000000,0.000000,0.000000,0.000000,0.000000
5.530000,0.000010,0.000000,0.000000,0.000000,0.000000,0.000000
5.710000,0.000014,0.000000,0.000000,0.000000,0.000000,0.000000
4.990000,0.000008,0.000000,0.000000,0.000000,0.000000,0.000000
5.520000,0.000006,0.000000,0.000000,0.000000,0.000000,0.000000
6.070000,0.000002,0.000000,0.000000,0.000000,0.000000,0.000000
5.180000,0.000006,0.000000,0.000000,0.000000,0.000000,0.000000
4.640000,0.000006,0.000000,0.000000,0.000000,0.000000,0.000000
5.710000,0.000003,0.000000,0.000000,0.000000,0.000000,0.000000
4.990000,0.000014,0.000000,0.000000,0.000000,0.000000,0.000000
4.990000,0.000018,0.000000,0.000000,0.000000,0.000000,0.000000
5.170000,0.000010,0.000000,0.000000,0.000000,0.000000,0.000000
5.710000,0.000000,0.000000,0.000000,0.000000,0.000000,0.000000
5.170000,0.000011,0.000000,0.000000,0.000000,0.000000,0.000000
4.990000,0.000002,0.000000,0.000000,0.000000,0.000000,0.000000
4.280000,0.000007,0.000000,0.000000,0.000000,0.000000,0.000000
5.000000,0.000004,0.000000,0.000000,0.000000,0.000000,0.000000
4.820000,0.000011,0.000000,0.000000,0.000000,0.000000,0.000000
5.530000,0.000005,0.000000,0.000000,0.000000,0.000000,0.000000
4.990000,0.000010,0.000000,0.000000,0.000000,0.000000,0.000000
5.890000,0.000002,0.000000,0.000000,0.000000,0.000000,0.000000
6.240000,0.000010,0.000000,0.000000,0.000000,0.000000,0.000000
5.530000,0.000019,0.000000,0.000000,0.000000,0.000000,0.000000
5.530000,0.000018,0.000000,0.000000,0.000000,0.000000,0.000000
5.710000,0.000011,0.000000,0.000000,0.000000,0.000000,0.000000
5.350000,0.000018,0.000000,0.000000,0.000000,0.000000,0.000000
5.880000,0.000015,0.000000,0.000000,0.000000,0.000000,0.000000
5.170000,0.000011,0.000000,0.000000,0.000000,0.000000,0.000000
5.350000,0.000010,0.000000,0.000000,0.000000,0.000000,0.000000
5.530000,0.000017,0.000000,0.000000,0.000000,0.000000,0.000000
4.820000,0.000039,0.000000,0.000000,0.000000,0.000000,0.000000
5.350000,0.000010,0.000000,0.000000,0.000000,0.000000,0.000000
6.420000,0.000018,0.000000,0.000000,0.000000,0.000000,0.000000
6.070000,0.000013,0.000000,0.000000,0.000000,0.000000,0.000000
5.170000,0.000006,0.000000,0.000000,0.000000,0.000000,0.000000
3.920000,0.000006,0.000000,0.000000,0.000000,0.000000,0.000000
4.820000,0.000016,0.000000,0.000000,0.000000,0.000000,0.000000
5.350000,0.000014,0.000000,0.000000,0.000000,0.000000,0.000000
5.530000,0.000015,0.000000,0.000000,0.000000,0.000000,0.000000
4.100000,0.000021,0.000000,0.000000,0.000000,0.000000,0.000000
5.360000,0.000008,0.000000,0.000000,0.000000,0.000000,0.000000
5.710000,0.000007,0.000000,0.000000,0.000000,0.000000,0.000000
4.990000,0.000003,0.000000,0.000000,0.000000,0.000000,0.000000
5.710000,0.000003,0.000000,0.000000,0.000000,0.000000,0.000000
5.170000,0.000005,0.000000,0.000000,0.000000,0.000000,0.000000
5.350000,0.000007,0.000000,0.000000,0.000000,0.000000,0.000000
5.170000,0.000011,0.000000,0.000000,0.000000,0.000000,0.000000
6.420000,0.000007,0.000000,0.000000,0.000000,0.000000,0.000000
5.710000,0.000006,0.000000,0.000000,0.000000,0.000000,0.000000
4.810000,0.000012,0.000000,0.000000,0.000000,0.000000,0.000000
5.170000,0.000011,0.000000,0.000000,0.000000,0.000000,0.000000
5.350000,0.000031,0.000000,0.000000,0.000000,0.000000,0.000000
5.890000,0.000003,0.000000,0.000000,0.000000,0.000000,0.000000
5.710000,0.000030,0.000000,0.000000,0.000000,0.000000,0.000000
5.710000,0.000014,0.000000,0.000000,0.000000,0.000000,0.000000
5.530000,0.000011,0.000000,0.000000,0.000000,0.000000,0.000000
5.880000,0.000008,0.000000,0.000000,0.000000,0.000000,0.000000
5.890000,0.000002,0.000000,0.000000,0.000000,0.000000,0.000000
5.710000,0.000022,0.000000,0.000000,0.000000,0.000000,0.000000
5.170000,0.000004,0.000000,0.000000,0.000000,0.000000,0.000000
5.350000,0.000022,0.000000,0.000000,0.000000,0.000000,0.000000
5.350000,0.000014,0.000000,0.000000,0.000000,0.000000,0.000000
5.710000,0.000008,0.000000,0.000000,0.000000,0.000000,0.000000
5.000000,0.000010,0.000000,0.000000,0.000000,0.000000,0.000000
5.170000,0.000010,0.000000,0.000000,0.000000,0.000000,0.000000
5.710000,0.000015,0.000000,0.000000,0.000000,0.000000,0.000000
5.360000,0.000022,0.000000,0.000000,0.000000,0.000000,0.000000
4.280000,0.000016,0.000000,0.000000,0.000000,0.000000,0.000000
5.530000,0.000015,0.000000,0.000000,0.000000,0.000000,0.000000
4.990000,0.000017,0.000000,0.000000,0.000000,0.000000,0.000000
5.170000,0.000008,0.000000,0.000000,0.000000,0.000000,0.000000
5.350000,0.000001,0.000000,0.000000,0.000000,0.000000,0.000000
5.170000,0.000001,0.000000,0.000000,0.000000,0.000000,0.000000
4.460000,0.000017,0.000000,0.000000,0.000000,0.000000,0.000000
4.460000,0.000004,0.000000,0.000000,0.000000,0.000000,0.000000
5.530000,0.000019,0.000000,0.000000,0.000000,0.000000,0.000000
5.710000,0.000017,0.000000,0.000000,0.000000,0.000000,0.000000
5.530000,0.000007,-0.000105,0.010966,0.000000,0.000000,0.000000
5.350000,0.000004,0.000000,0.000000,0.000000,0.000000,0.000000
5.890000,0.000005,0.000000,0.000000,0.000000,0.000000,0.000000
4.820000,0.000026,0.000000,0.000000,0.000000,0.000000,0.000000
6.420000,0.000004,0.000000,0.000000,0.000000,0.000000,0.000000
5.530000,0.000002,0.000000,0.000000,0.000000,0.000000,0.000000
5.350000,0.000007,0.000000,0.000000,0.000000,0.000000,0.000000
5.530000,0.000012,0.000000,0.000000,0.000000,0.000000,0.000000
5.710000,0.000003,0.000000,0.000000,0.000000,0.000000,0.000000
5.720000,0.000013,0.000000,0.000000,0.000000,0.000000,0.000000
5.170000,0.000008,0.000000,0.000000,0.000000,0.000000,0.000000
4.640000,0.000006,0.000000,0.000000,0.000000,0.000000,0.000000
5.710000,0.000004,0.000000,0.000000,0.000000,0.000000,0.000000
6.060000,0.000012,0.000000,0.000000,0.000000,0.000000,0.000000
4.460000,0.000015,0.000000,0.000000,0.000000,0.000000,0.000000
6.060000,0.000001,0.000000,0.000000,0.000000,0.000000,0.000000
5.350000,0.000010,0.000000,0.000000,0.000000,0.000000,0.000000
5.710000,0.000012,0.000000,0.000000,0.000000,0.000000,0.000000
5.710000,0.000009,0.000000,0.000000,0.000000,0.000000,0.000000
6.240000,0.000012,0.000000,0.000000,0.000000,0.000000,0.000000
5.350000,0.000017,0.000000,0.000000,0.000000,0.000000,0.000000
5.880000,0.000009,0.000000,0.000000,0.000000,0.000000,0.000000
5.170000,0.000020,0.000000,0.000000,0.000000,0.000000,0.000000
5.530000,0.000001,0.000000,0.000000,0.000000,0.000000,0.000000
5.530000,0.000004,0.000000,0.000000,0.000000,0.000000,0.000000
5.350000,0.000003,0.000000,0.000000,0.000000,0.000000,0.000000
4.990000,0.000013,0.000000,0.000000,0.000000,0.000000,0.000000
4.990000,0.000012,0.000000,0.000000,0.000000,0.000000,0.000000
6.780000,0.000005,0.000000,0.000000,0.000000,0.000000,0.000000
4.820000,0.000022,0.000000,0.000000,0.000000,0.000000,0.000000
6.060000,0.000010,0.000000,0.000000,0.000000,0.000000,0.000000
5.530000,0.000021,0.000000,0.000000,0.000000,0.000000,0.000000
4.990000,0.000009,0.000000,0.000000,0.000000,0.000000,0.000000
5.710000,0.000006,0.000000,0.000000,0.000000,0.000000,0.000000
4.630000,0.000017,0.000000,0.000000,0.000000,0.000000,0.000000
5.170000,0.000018,0.000000,0.000000,0.000000,0.000000,0.000000
5.530000,0.000022,0.000000,0.000000,0.000000,0.000000,0.000000
5.350000,0.000016,0.000000,0.000000,0.000000,0.000000,0.000000
137.419998,12.749510,0.000000,0.000000,0.000000,0.000000,0.000000
31.719999,0.798634,6.377812,488.293182,0.000000,0.000000,0.000000
8.270000,2.691628,-5.410730,18.708384,0.000000,0.000000,0.000000
18.870001,0.623857,1.163284,8.169839,0.000000,0.000000,0.000000
19.740000,1.880564,5.434752,16.350645,0.000000,0.000000,0.000000
20.120001,1.631047,1.929279,15.232089,0.000000,0.000000,0.000000
32.230000,2.945045,0.824719,0.745703,0.000000,0.000000,0.000000
16.219999,1.840211,1.451368,10.834632,0.000000,0.000000,0.000000
25.110001,2.364945,0.703757,0.230291,0.000000,0.000000,0.000000
22.820000,1.992864,1.038988,1.601069,0.000000,0.000000,0.000000
15.500000,2.241743,0.268429,0.065797,0.000000,0.000000,0.000000
23.000000,2.175115,0.466618,0.318021,0.000000,0.000000,0.000000
14.260000,2.255426,0.000000,0.000000,0.000000,0.000000,0.000000
13.370000,2.311377,0.000000,0.000000,0.000000,0.000000,0.000000
17.290001,2.319435,0.000000,0.000000,0.000000,0.000000,0.000000
13.010000,2.340018,0.000000,0.000000,0.000000,0.000000,0.000000
23.700001,2.351603,0.000000,0.000000,0.000000,0.000000,0.000000
20.150000,2.384689,0.000000,0.000000,0.000000,0.000000,0.000000
11.590000,2.412644,0.000000,0.000000,0.000000,0.000000,0.000000
22.459999,2.421902,0.000000,0.000000,0.000000,0.000000,0.000000
12.110000,2.406934,0.064695,0.010966,0.000000,0.000000,0.000000
20.309999,2.449412,0.000000,0.000000,0.000000,0.000000,0.000000
11.940000,2.461254,0.000000,0.000000,0.000000,0.000000,0.000000
19.959999,2.491927,0.000000,0.000000,0.000000,0.000000,0.000000
18.180000,2.516204,0.000000,0.000000,0.000000,0.000000,0.000000
13.720000,2.543402,0.000000,0.000000,0.000000,0.000000,0.000000
16.930000,2.581842,0.000000,0.000000,0.000000,0.000000,0.000000
15.860000,2.590538,0.000000,0.000000,0.000000,0.000000,0.000000
16.570000,2.607209,0.000000,0.000000,0.000000,0.000000,0.000000
15.310000,2.613572,0.000000,0.000000,0.000000,0.000000,0.000000
19.240000,2.630472,0.000000,0.000000,0.000000,0.000000,0.000000
14.610000,2.538121,0.201531,0.043865,0.000000,0.000000,0.000000
24.770000,2.595308,0.000000,0.000000,0.000000,0.000000,0.000000
20.520000,2.465551,0.281908,0.098696,0.000000,0.000000,0.000000
12.650000,2.556722,0.000000,0.000000,0.000000,0.000000,0.000000
21.740000,2.586926,0.000000,0.000000,0.000000,0.000000,0.000000
13.190000,2.620643,0.000000,0.000000,0.000000,0.000000,0.000000
21.750000,2.635314,0.000000,0.000000,0.000000,0.000000,0.000000
13.890000,2.658111,0.000000,0.000000,0.000000,0.000000,0.000000
14.260000,2.677982,0.000000,0.000000,0.000000,0.000000,0.000000
22.969999,2.696889,0.000000,0.000000,0.000000,0.000000,0.000000
14.790000,2.730124,0.000000,0.000000,0.000000,0.000000,0.000000
21.200001,2.761253,0.000000,0.000000,0.000000,0.000000,0.000000
25.299999,2.775220,0.000000,0.000000,0.000000,0.000000,0.000000
17.450001,2.799102,0.000000,0.000000,0.000000,0.000000,0.000000
27.080000,2.821735,0.000000,0.000000,0.000000,0.000000,0.000000
20.129999,2.843632,0.000000,0.000000,0.000000,0.000000,0.000000
27.799999,2.853846,0.000000,0.000000,0.000000,0.000000,0.000000
27.240000,2.799183,0.106811,0.010966,0.000000,0.000000,0.000000
21.020000,2.737895,0.206309,0.043865,0.000000,0.000000,0.000000
25.820000,2.780763,0.000000,0.000000,0.000000,0.000000,0.000000
22.459999,2.697232,0.200327,0.043865,0.000000,0.000000,0.000000
13.180000,2.758696,0.000000,0.000000,0.000000,0.000000,0.000000
22.980000,2.729349,0.100292,0.010966,0.000000,0.000000,0.000000
22.809999,2.756992,0.000000,0.000000,0.000000,0.000000,0.000000
24.040001,2.768113,0.000000,0.000000,0.000000,0.000000,0.000000
22.980000,2.788354,0.000000,0.000000,0.000000,0.000000,0.000000
14.590000,2.790713,0.000000,0.000000,0.000000,0.000000,0.000000
24.040001,2.805095,0.000000,0.000000,0.000000,0.000000,0.000000
24.900000,2.809037,0.072316,0.010966,0.000000,0.000000,0.000000
25.590000,2.748741,0.134640,0.043865,0.000000,0.000000,0.000000
31.990000,2.768954,0.172808,0.021932,0.000000,0.000000,0.000000
9.420000,2.520595,0.723032,0.263189,0.000000,0.000000,0.000000
23.450001,2.106565,0.656616,0.438649,0.000000,0.000000,0.000000
31.280001,2.421698,0.187674,0.054831,0.000000,0.000000,0.000000
10.140000,1.922319,0.130659,0.098696,0.000000,0.000000,0.000000
20.120001,2.183040,0.699620,0.394784,0.000000,0.000000,0.000000
13.360000,2.133028,0.073442,0.043865,0.000000,0.000000,0.000000
22.290001,2.166229,0.078381,0.043865,0.000000,0.000000,0.000000
21.549999,2.201281,0.000000,0.000000,0.000000,0.000000,0.000000
12.830000,2.196732,0.000000,0.000000,0.000000,0.000000,0.000000
22.809999,2.179164,0.000000,0.000000,0.000000,0.000000,0.000000
16.760000,2.134295,0.061251,0.010966,0.000000,0.000000,0.000000
13.000000,2.160876,0.000000,0.000000,0.000000,0.000000,0.000000
19.610001,2.137327,0.000000,0.000000,0.000000,0.000000,0.000000
13.540000,1.924965,0.400700,0.175460,0.000000,0.000000,0.000000
16.389999,1.849840,0.379141,0.175460,0.000000,0.000000,0.000000
13.730000,1.938010,0.000000,0.000000,0.000000,0.000000,0.000000
11.040000,1.960523,0.000000,0.000000,0.000000,0.000000,0.000000
15.500000,1.957567,0.000000,0.000000,0.000000,0.000000,0.000000
13.720000,1.947441,0.000000,0.000000,0.000000,0.000000,0.000000
15.140000,1.935651,0.000000,0.000000,0.000000,0.000000,0.000000
19.969999,1.929918,0.000000,0.000000,0.000000,0.000000,0.000000
12.290000,1.890133,0.000000,0.000000,0.000000,0.000000,0.000000
12.660000,1.899514,0.000000,0.000000,0.000000,0.000000,0.000000
19.080000,1.909510,0.000000,0.000000,0.000000,0.000000,0.000000
11.760000,1.900749,0.000000,0.000000,0.000000,0.000000,0.000000
19.959999,1.918548,0.000000,0.000000,0.000000,0.000000,0.000000
12.480000,1.925021,0.000000,0.000000,0.000000,0.000000,0.000000
12.650000,1.927359,0.000000,0.000000,0.000000,0.000000,0.000000
18.180000,1.939842,0.000000,0.000000,0.000000,0.000000,0.000000
13.010000,1.863771,0.000000,0.000000,0.000000,0.000000,0.000000
16.750000,1.921496,0.000000,0.000000,0.000000,0.000000,0.000000
17.820000,1.933015,0.000000,0.000000,0.000000,0.000000,0.000000
10.870000,1.938458,0.000000,0.000000,0.000000,0.000000,0.000000
17.100000,1.947206,0.000000,0.000000,0.000000,0.000000,0.000000
11.570000,1.959181,0.000000,0.000000,0.000000,0.000000,0.000000
14.960000,1.930582,0.000000,0.000000,0.000000,0.000000,0.000000
15.310000,1.954600,0.000000,0.000000,0.000000,0.000000,0.000000
3.190000,1.940604,0.000000,0.000000,0.000000,0.000000,0.000000
3.910000,1.791711,0.226573,0.098696,0.000000,0.000000,0.000000
16.719999,1.736719,0.210917,0.098696,0.000000,0.000000,0.000000
19.590000,1.694813,0.133542,0.043865,0.000000,0.000000,0.000000
13.180000,1.688531,0.065743,0.010966,0.000000,0.000000,0.000000
14.610000,1.702510,0.000000,0.000000,0.000000,0.000000,0.000000
10.690000,1.440634,0.491941,0.394784,0.000000,0.000000,0.000000
11.760000,1.595282,0.000000,0.000000,0.000000,0.000000,0.000000
19.959999,1.400617,0.000000,0.000000,0.000000,0.000000,0.000000
13.180000,1.406807,0.469785,0.230291,0.000000,0.000000,0.000000
12.660000,1.255284,0.118559,0.054831,0.000000,0.000000,0.000000
13.560000,1.179903,0.407487,0.230291,0.000000,0.000000,0.000000
13.370000,1.250151,0.048066,0.098696,0.000000,0.000000,0.000000
10.880000,1.231035,0.037309,0.098696,0.000000,0.000000,0.000000
11.940000,1.215230,0.029656,0.098696,0.000000,0.000000,0.000000
13.200000,1.186500,0.019957,0.043865,0.000000,0.000000,0.000000
9.800000,1.152404,0.000000,0.000000,0.000000,0.000000,0.000000
14.970000,1.107864,0.061005,0.010966,0.000000,0.000000,0.000000
9.980000,1.136837,0.000000,0.000000,0.000000,0.000000,0.000000
14.440000,1.124433,0.000000,0.000000,0.000000,0.000000,0.000000
14.790000,1.116142,0.000000,0.000000,0.000000,0.000000,0.000000
11.220000,1.118624,0.000000,0.000000,0.000000,0.000000,0.000000
13.730000,1.110759,0.000000,0.000000,0.000000,0.000000,0.000000
10.340000,1.107400,0.000000,0.000000,0.000000,0.000000,0.000000
13.560000,1.106426,0.000000,0.000000,0.000000,0.000000,0.000000
12.660000,1.099771,0.000000,0.000000,0.000000,0.000000,0.000000
12.660000,1.095503,0.000000,0.000000,0.000000,0.000000,0.000000
12.830000,1.094684,0.000000,0.000000,0.000000,0.000000,0.000000
12.660000,1.096488,0.000000,0.000000,0.000000,0.000000,0.000000
8.910000,1.092899,0.000000,0.000000,0.000000,0.000000,0.000000
12.480000,1.095674,0.000000,0.000000,0.000000,0.000000,0.000000
13.370000,1.098716,0.000000,0.000000,0.000000,0.000000,0.000000
12.130000,1.099314,0.000000,0.000000,0.000000,0.000000,0.000000
14.270000,1.104298,0.000000,0.000000,0.000000,0.000000,0.000000
10.690000,1.101720,0.000000,0.000000,0.000000,0.000000,0.000000
11.760000,1.115695,0.000000,0.000000,0.000000,0.000000,0.000000
13.010000,1.120652,0.000000,0.000000,0.000000,0.000000,0.000000
10.170000,1.119701,0.000000,0.000000,0.000000,0.000000,0.000000
10.690000,1.126043,0.000000,0.000000,0.000000,0.000000,0.000000
11.050000,1.131679,0.000000,0.000000,0.000000,0.000000,0.000000
9.800000,1.136271,0.000000,0.000000,0.000000,0.000000,0.000000
12.480000,1.138073,0.000000,0.000000,0.000000,0.000000,0.000000
10.710000,1.139058,0.000000,0.000000,0.000000,0.000000,0.000000
13.740000,1.149529,0.000000,0.000000,0.000000,0.000000,0.000000
12.300000,1.147653,0.000000,0.000000,0.000000,0.000000,0.000000
9.630000,1.154404,0.000000,0.000000,0.000000,0.000000,0.000000
12.660000,1.170105,0.000000,0.000000,0.000000,0.000000,0.000000
9.270000,1.170581,0.000000,0.000000,0.000000,0.000000,0.000000
12.840000,1.176936,0.000000,0.000000,0.000000,0.000000,0.000000
9.270000,1.191388,0.000000,0.000000,0.000000,0.000000,0.000000
9.800000,1.200289,0.000000,0.000000,0.000000,0.000000,0.000000
13.550000,1.205936,0.000000,0.000000,0.000000,0.000000,0.000000
8.730000,1.215267,0.000000,0.000000,0.000000,0.000000,0.000000
9.620000,1.222022,0.000000,0.000000,0.000000,0.000000,0.000000
11.760000,1.232872,0.000000,0.000000,0.000000,0.000000,0.000000
15.680000,1.243214,0.000000,0.000000,0.000000,0.000000,0.000000
8.910000,1.237869,0.000000,0.000000,0.000000,0.000000,0.000000
13.370000,1.248329,0.000000,0.000000,0.000000,0.000000,0.000000
10.690000,1.256323,0.000000,0.000000,0.000000,0.000000,0.000000
14.790000,1.257762,0.000000,0.000000,0.000000,0.000000,0.000000
13.180000,1.261847,0.000000,0.000000,0.000000,0.000000,0.000000
10.340000,1.263798,0.000000,0.000000,0.000000,0.000000,0.000000
15.330000,1.259559,0.000000,0.000000,0.000000,0.000000,0.000000
9.270000,1.261113,0.000000,0.000000,0.000000,0.000000,0.000000
14.070000,1.250405,0.000000,0.000000,0.000000,0.000000,0.000000
10.520000,1.254445,0.000000,0.000000,0.000000,0.000000,0.000000
10.520000,1.257218,0.000000,0.000000,0.000000,0.000000,0.000000
12.120000,1.252475,0.000000,0.000000,0.000000,0.000000,0.000000
11.580000,1.249694,0.000000,0.000000,0.000000,0.000000,0.000000
14.800000,1.239796,0.000000,0.000000,0.000000,0.000000,0.000000
13.720000,1.240023,0.000000,0.000000,0.000000,0.000000,0.000000
11.940000,1.247923,0.000000,0.000000,0.000000,0.000000,0.000000
9.990000,1.249091,0.000000,0.000000,0.000000,0.000000,0.000000
14.970000,1.254801,0.000000,0.000000,0.000000,0.000000,0.000000
9.620000,1.260335,0.000000,0.000000,0.000000,0.000000,0.000000
13.740000,1.270211,0.000000,0.000000,0.000000,0.000000,0.000000
14.800000,1.272637,0.000000,0.000000,0.000000,0.000000,0.000000
9.800000,1.288117,0.000000,0.000000,0.000000,0.000000,0.000000
15.870000,1.285808,0.000000,0.000000,0.000000,0.000000,0.000000
13.190000,1.291020,0.000000,0.000000,0.000000,0.000000,0.000000
14.800000,1.300546,0.000000,0.000000,0.000000,0.000000,0.000000
15.510000,1.305204,0.000000,0.000000,0.000000,0.000000,0.000000
10.690000,1.312194,0.000000,0.000000,0.000000,0.000000,0.000000
15.510000,1.317133,0.000000,0.000000,0.000000,0.000000,0.000000
10.520000,1.381387,0.000000,0.000000,0.000000,0.000000,0.000000
69.370003,5.810860,7.864705,10.856565,0.000000,0.000000,0.000000
47.750000,4.438375,25.275311,158.472946,0.000000,0.000000,0.000000
27.740000,3.269128,17.304609,146.135941,0.000000,0.000000,0.000000
31.520000,1.937018,6.560970,44.018436,0.000000,0.000000,0.000000
77.989998,8.976359,20.794161,93.958626,0.000000,0.000000,0.000000
17.990000,1.718950,12.717425,238.504486,0.000000,0.000000,0.000000
73.580002,6.738204,13.980542,44.226795,0.000000,0.000000,0.000000
53.110001,4.023222,16.231844,112.919250,0.000000,0.000000,0.000000
41.740002,3.790673,13.535314,83.968391,0.000000,0.000000,0.000000
40.369999,2.683727,13.494986,83.310425,0.000000,0.000000,0.000000
27.600000,3.050957,7.837334,33.655354,0.000000,0.000000,0.000000
21.180000,3.289710,6.489741,19.848873,0.000000,0.000000,0.000000
30.629999,3.045736,3.484544,10.637240,0.000000,0.000000,0.000000
22.070000,3.616332,2.260176,2.566097,0.000000,0.000000,0.000000
25.980000,2.707422,3.013176,5.658573,0.000000,0.000000,0.000000
25.290001,3.211648,0.895125,0.537345,0.000000,0.000000,0.000000
17.629999,2.913594,2.369872,2.917017,0.000000,0.000000,0.000000
28.490000,2.468676,1.433586,1.579137,0.000000,0.000000,0.000000
19.930000,3.487688,2.411786,2.215178,0.000000,0.000000,0.000000
27.580000,3.010365,5.963517,15.988759,0.000000,0.000000,0.000000
72.739998,4.896999,12.336693,33.403130,0.000000,0.000000,0.000000
21.350000,2.599185,15.358046,117.415390,0.000000,0.000000,0.000000
51.660000,4.799462,15.715636,57.879745,0.000000,0.000000,0.000000
48.290001,4.127496,17.265057,90.032722,0.000000,0.000000,0.000000
43.459999,5.162245,29.753593,201.745682,0.000000,0.000000,0.000000
26.870001,4.043798,9.757666,229.369598,0.000000,0.000000,0.000000
47.900002,6.631901,19.511147,94.419212,0.000000,0.000000,0.000000
25.450001,3.222549,15.144931,185.153778,0.000000,0.000000,0.000000
38.720001,3.766614,13.396460,55.719398,0.000000,0.000000,0.000000
75.790001,7.193357,16.579706,70.074188,0.000000,0.000000,0.000000
34.480000,2.566238,24.353207,258.989380,0.000000,0.000000,0.000000
47.099998,3.219712,15.636612,91.907951,0.000000,0.000000,0.000000
48.080002,4.574491,13.470232,51.738659,0.000000,0.000000,0.000000
46.009998,4.241377,25.572035,166.324768,0.000000,0.000000,0.000000
42.130001,3.066148,20.888973,237.144669,0.000000,0.000000,0.000000
42.130001,3.726558,20.428705,141.563034,0.000000,0.000000,0.000000
32.009998,3.498010,10.818170,77.147400,0.000000,0.000000,0.000000
32.700001,4.490225,6.667508,14.091603,0.000000,0.000000,0.000000
40.730000,4.960561,7.546674,13.521358,0.000000,0.000000,0.000000
27.980000,3.762794,6.068096,11.393910,0.000000,0.000000,0.000000
35.570000,4.114452,6.283278,15.835232,0.000000,0.000000,0.000000
31.340000,3.287512,5.097981,26.691799,0.000000,0.000000,0.000000
30.930000,4.242806,3.075825,3.564023,0.000000,0.000000,0.000000
28.139999,2.765367,3.515096,27.909048,0.000000,0.000000,0.000000
21.900000,3.219140,1.176143,0.986960,0.000000,0.000000,0.000000
19.780001,3.330126,2.318688,3.498226,0.000000,0.000000,0.000000
29.540001,2.836793,1.013848,1.864259,0.000000,0.000000,0.000000
20.830000,3.113728,0.803322,0.241257,0.000000,0.000000,0.000000
26.000000,2.878226,0.908709,1.107589,0.000000,0.000000,0.000000
17.809999,2.931713,0.523376,0.197392,0.000000,0.000000,0.000000
17.639999,2.908143,0.725818,0.438649,0.000000,0.000000,0.000000
23.860001,2.703882,1.003473,0.800535,0.000000,0.000000,0.000000
24.740000,2.924583,2.041996,2.193246,0.000000,0.000000,0.000000
69.989998,4.757071,18.990585,83.233665,0.000000,0.000000,0.000000
80.720001,7.117241,34.875412,433.977478,0.000000,0.000000,0.000000
44.740002,3.301605,32.152416,609.711182,0.000000,0.000000,0.000000
74.900002,5.213160,44.528671,432.902771,0.000000,0.000000,0.000000
82.699997,7.364241,40.765385,524.646240,0.000000,0.000000,0.000000
32.349998,3.065963,27.922123,487.821655,0.000000,0.000000,0.000000
60.040001,3.338453,16.002523,159.328323,0.000000,0.000000,0.000000
31.280001,5.361349,12.605412,46.924484,0.000000,0.000000,0.000000
28.150000,3.596650,5.215755,55.467178,0.000000,0.000000,0.000000
47.130001,3.866787,1.810593,13.477491,0.000000,0.000000,0.000000
23.150000,3.266700,3.774415,12.720825,0.000000,0.000000,0.000000
27.420000,3.275762,0.613102,0.285122,0.000000,0.000000,0.000000
26.709999,3.324423,1.020005,2.116482,0.000000,0.000000,0.000000
20.110001,3.563307,0.285132,0.043865,0.000000,0.000000,0.000000
26.320000,3.610195,0.000000,0.000000,0.000000,0.000000,0.000000
29.900000,3.615727,0.000000,0.000000,0.000000,0.000000,0.000000
22.969999,3.475779,0.281499,0.043865,0.000000,0.000000,0.000000
21.350000,3.380600,0.274580,0.043865,0.000000,0.000000,0.000000
21.559999,3.411803,0.000000,0.000000,0.000000,0.000000,0.000000
17.629999,3.353748,0.000000,0.000000,0.000000,0.000000,0.000000
28.870001,3.392309,0.000000,0.000000,0.000000,0.000000,0.000000
19.760000,3.417833,0.000000,0.000000,0.000000,0.000000,0.000000
30.990000,3.442952,0.000000,0.000000,0.000000,0.000000,0.000000
25.090000,3.468224,0.000000,0.000000,0.000000,0.000000,0.000000
19.040001,3.518785,0.000000,0.000000,0.000000,0.000000,0.000000
30.250000,3.546954,0.000000,0.000000,0.000000,0.000000,0.000000
29.740000,3.578479,0.000000,0.000000,0.000000,0.000000,0.000000
28.670000,3.597251,0.000000,0.000000,0.000000,0.000000,0.000000
27.240000,3.600934,0.000000,0.000000,0.000000,0.000000,0.000000
21.709999,3.596647,0.000000,0.000000,0.000000,0.000000,0.000000
24.379999,3.543337,0.194052,0.054831,0.000000,0.000000,0.000000
24.400000,3.473170,0.503819,0.241257,0.000000,0.000000,0.000000
25.110001,3.165472,2.849718,4.046538,0.000000,0.000000,0.000000
45.680000,4.101607,9.212497,25.660971,0.000000,0.000000,0.000000
33.590000,4.013302,23.870689,176.972961,0.000000,0.000000,0.000000
27.049999,2.242581,10.924131,290.758545,0.000000,0.000000,0.000000
52.480000,4.711044,20.550735,95.910622,0.000000,0.000000,0.000000
109.160004,9.049322,40.855297,245.928619,0.000000,0.000000,0.000000
61.209999,5.301875,44.993099,443.353577,0.000000,0.000000,0.000000
64.540001,5.410429,29.610483,366.282959,0.000000,0.000000,0.000000
99.510002,8.895835,36.451431,196.843750,0.000000,0.000000,0.000000
31.440001,5.372302,20.645306,221.243637,0.000000,0.000000,0.000000
90.430000,7.781173,16.660452,53.306831,0.000000,0.000000,0.000000
39.610001,4.679363,17.183411,160.600388,0.000000,0.000000,0.000000
57.840000,5.308836,15.140965,59.557579,0.000000,0.000000,0.000000
20.969999,4.510000,13.721527,50.916195,0.000000,0.000000,0.000000
37.880001,3.812316,7.897286,23.544489,0.000000,0.000000,0.000000
20.629999,4.290825,4.553330,6.777128,0.000000,0.000000,0.000000
27.740000,3.630463,3.523727,5.307654,0.000000,0.000000,0.000000
37.709999,3.566200,2.014151,2.116482,0.000000,0.000000,0.000000
20.120001,3.639562,1.509743,0.888264,0.000000,0.000000,0.000000
36.310001,3.247417,0.952599,0.394784,0.000000,0.000000,0.000000
16.900000,3.321410,1.056702,0.372852,0.000000,0.000000,0.000000
17.450001,3.065510,0.461674,0.098696,0.000000,0.000000,0.000000
33.299999,3.224827,0.573622,0.142561,0.000000,0.000000,0.000000
22.610001,3.104923,0.393902,0.054831,0.000000,0.000000,0.000000
29.920000,3.089037,0.318966,0.054831,0.000000,0.000000,0.000000
26.530001,3.051728,0.153413,0.010966,0.000000,0.000000,0.000000
14.420000,2.992816,0.000000,0.000000,0.000000,0.000000,0.000000
24.570000,2.815020,0.459844,0.087730,0.000000,0.000000,0.000000
26.160000,2.704740,0.000000,0.000000,0.000000,0.000000,0.000000
21.190001,2.418911,0.000000,0.000000,0.000000,0.000000,0.000000
20.120001,1.964218,0.000000,0.000000,0.000000,0.000000,0.000000
7.670000,1.256175,-0.024352,0.043865,0.000000,0.000000,0.000000
8.200000,0.527323,0.115801,0.581210,0.000000,0.000000,0.000000
26.709999,1.638114,5.225903,31.571768,0.000000,0.000000,0.000000
31.420000,5.878078,23.255997,119.509941,0.000000,0.000000,0.000000
28.459999,2.783403,18.963598,131.221863,0.000000,0.000000,0.000000
45.619999,5.245478,16.325247,77.048714,0.000000,0.000000,0.000000
66.809998,9.732520,20.021282,65.413544,0.000000,0.000000,0.000000
31.320000,2.441864,8.388523,400.815582,0.000000,0.000000,0.000000
89.959999,6.490442,19.495106,165.041718,0.000000,0.000000,0.000000
29.520000,2.694403,21.176477,232.494995,0.000000,0.000000,0.000000
48.700001,3.274511,8.299811,106.701385,0.000000,0.000000,0.000000
25.040001,4.550955,14.958063,54.293785,0.000000,0.000000,0.000000
48.320000,3.841589,6.786686,71.784920,0.000000,0.000000,0.000000
14.430000,1.497605,11.626431,202.754578,0.000000,0.000000,0.000000
12.830000,0.273133,2.859607,90.306877,0.000000,0.000000,0.000000
59.790001,3.673450,12.947380,45.652405,0.000000,0.000000,0.000000
12.990000,2.984244,19.270618,320.718292,0.000000,0.000000,0.000000
26.160000,2.134497,2.900882,229.194122,0.000000,0.000000,0.000000
25.790001,4.441507,18.732182,80.470169,0.000000,0.000000,0.000000
39.689999,2.026003,11.926869,114.333885,0.000000,0.000000,0.000000
15.880000,2.271543,3.342413,126.890213,0.000000,0.000000,0.000000
16.030001,1.444191,4.762261,23.708984,0.000000,0.000000,0.000000
11.940000,1.952475,4.634555,35.815701,0.000000,0.000000,0.000000
15.150000,1.097631,1.350007,9.036172,0.000000,0.000000,0.000000
24.219999,2.190776,0.483150,0.219325,0.000000,0.000000,0.000000
12.130000,1.284463,0.426321,12.117682,0.000000,0.000000,0.000000
17.990000,1.731130,-0.125993,0.372852,0.000000,0.000000,0.000000
9.090000,1.234422,0.495634,5.406351,0.000000,0.000000,0.000000
16.760000,1.699133,-0.488640,0.932129,0.000000,0.000000,0.000000
11.050000,1.226582,0.300340,1.623002,0.000000,0.000000,0.000000
13.720000,1.637103,0.214213,0.054831,0.000000,0.000000,0.000000
16.389999,1.232231,0.096025,0.219325,0.000000,0.000000,0.000000
11.760000,1.467534,0.776927,2.807354,0.000000,0.000000,0.000000
15.130000,1.346988,-0.470154,1.853292,0.000000,0.000000,0.000000
9.620000,1.237480,0.327577,3.180206,0.000000,0.000000,0.000000
19.080000,1.589929,-1.069430,3.169239,0.000000,0.000000,0.000000
14.070000,1.180462,-0.109132,3.958808,0.000000,0.000000,0.000000
15.130000,1.720175,-1.383788,3.553057,0.000000,0.000000,0.000000
8.910000,1.173607,-0.418333,6.853892,0.000000,0.000000,0.000000
17.809999,1.816363,-0.888257,1.096623,0.000000,0.000000,0.000000
7.130000,0.911223,0.215511,3.947842,0.000000,0.000000,0.000000
25.840000,2.242740,1.943103,1.820394,0.000000,0.000000,0.000000
23.150000,1.706425,5.886554,35.552505,0.000000,0.000000,0.000000
58.080002,5.706668,21.436100,124.028030,0.000000,0.000000,0.000000
88.790001,10.084932,31.445427,435.348206,0.000000,0.000000,0.000000
23.129999,1.601402,12.057898,723.672180,0.000000,0.000000,0.000000
111.070000,6.403269,30.014648,232.330490,0.000000,0.000000,0.000000
75.129997,6.911474,30.579594,431.137207,0.000000,0.000000,0.000000
28.100000,3.661518,1.534212,551.118713,0.000000,0.000000,0.000000
109.010002,7.535626,13.196054,90.855194,0.000000,0.000000,0.000000
34.480000,4.389040,-0.881900,313.864349,0.000000,0.000000,0.000000
25.250000,2.301448,1.153607,193.422318,0.000000,0.000000,0.000000
63.730000,5.910930,8.530364,68.582779,0.000000,0.000000,0.000000
10.330000,3.285196,4.172927,76.873245,0.000000,0.000000,0.000000
44.200001,6.045832,0.107018,1.151454,0.000000,0.000000,0.000000
36.770000,5.938652,-4.625430,19.300560,0.000000,0.000000,0.000000
31.100000,4.770411,-11.183215,49.600243,0.000000,0.000000,0.000000
42.250000,5.229082,-14.198724,77.947937,0.000000,0.000000,0.000000
54.750000,4.370912,-10.152153,49.227390,0.000000,0.000000,0.000000
50.299999,3.883161,-8.959913,61.860485,0.000000,0.000000,0.000000
45.349998,3.359149,-7.067457,46.332310,0.000000,0.000000,0.000000
20.459999,2.871919,-4.397167,40.849197,0.000000,0.000000,0.000000
21.549999,2.455747,-2.206862,44.917667,0.000000,0.000000,0.000000
47.990002,2.376939,-0.916689,58.439026,0.000000,0.000000,0.000000
15.290000,2.383631,-0.065473,39.478420,0.000000,0.000000,0.000000
13.530000,2.491578,1.801355,35.629272,0.000000,0.000000,0.000000
16.219999,2.574772,2.047063,19.344423,0.000000,0.000000,0.000000
11.930000,2.855369,3.228555,18.478092,0.000000,0.000000,0.000000
27.070000,3.026941,3.001280,13.433628,0.000000,0.000000,0.000000
12.990000,3.576531,2.315412,3.969774,0.000000,0.000000,0.000000
28.120001,3.580171,1.656506,1.864259,0.000000,0.000000,0.000000
23.309999,4.068772,-0.270486,0.043865,0.000000,0.000000,0.000000
13.350000,4.020968,-0.954880,0.537345,0.000000,0.000000,0.000000
27.580000,4.235673,-3.813198,7.994380,0.000000,0.000000,0.000000
44.200001,4.880429,-3.773791,5.801134,0.000000,0.000000,0.000000
35.570000,4.422366,-6.751421,23.204536,0.000000,0.000000,0.000000
44.970001,4.366335,-6.824244,24.224394,0.000000,0.000000,0.000000
27.020000,4.332251,-9.170731,44.917667,0.000000,0.000000,0.000000
35.349998,4.581778,-10.121914,47.768887,0.000000,0.000000,0.000000
30.750000,4.245769,-9.189663,46.332310,0.000000,0.000000,0.000000
55.459999,4.344581,-9.958311,49.227390,0.000000,0.000000,0.000000
44.290001,3.388608,-7.952970,49.227390,0.000000,0.000000,0.000000
49.000000,3.876102,-10.452761,44.917667,0.000000,0.000000,0.000000
33.730000,2.484630,-0.119065,153.954849,0.000000,0.000000,0.000000
64.099998,5.992911,29.975212,223.425903,0.000000,0.000000,0.000000
31.660000,2.798815,-2.489973,316.803345,0.000000,0.000000,0.000000
35.750000,4.343162,4.832655,88.530350,0.000000,0.000000,0.000000
22.070000,3.473723,7.148854,233.120056,0.000000,0.000000,0.000000
71.669998,7.402565,20.332535,101.678864,0.000000,0.000000,0.000000
16.549999,2.913701,0.503052,286.218506,0.000000,0.000000,0.000000
35.189999,3.047836,0.248523,41.101421,0.000000,0.000000,0.000000
25.270000,3.280743,5.987913,136.573395,0.000000,0.000000,0.000000
26.530001,2.016240,5.834208,39.752571,0.000000,0.000000,0.000000
15.670000,2.745156,5.282244,36.035023,0.000000,0.000000,0.000000
25.110001,2.775909,1.959460,6.316547,0.000000,0.000000,0.000000
16.740000,2.410819,1.252971,3.169239,0.000000,0.000000,0.000000
11.040000,1.989164,0.907341,3.169239,0.000000,0.000000,0.000000
20.490000,1.716924,0.684614,3.958808,0.000000,0.000000,0.000000
12.110000,1.521857,0.714530,6.853892,0.000000,0.000000,0.000000
18.530001,1.286546,-0.206136,2.149381,0.000000,0.000000,0.000000
11.220000,1.058316,-0.103022,3.553057,0.000000,0.000000,0.000000
8.020000,1.035931,-0.565011,1.337880,0.000000,0.000000,0.000000
10.170000,0.559446,0.229652,1.195319,0.000000,0.000000,0.000000
10.340000,0.729724,0.621279,0.855366,0.000000,0.000000,0.000000
8.730000,0.838706,0.497455,1.151454,0.000000,0.000000,0.000000
14.080000,1.141014,0.747163,0.943096,0.000000,0.000000,0.000000
16.570000,1.742310,1.520314,1.743630,0.000000,0.000000,0.000000
25.270000,2.573678,5.252357,11.876425,0.000000,0.000000,0.000000
39.660000,2.735953,11.239676,47.132843,0.000000,0.000000,0.000000
35.549999,3.755376,18.328680,103.685669,0.000000,0.000000,0.000000
61.419998,3.861064,18.179211,162.870392,0.000000,0.000000,0.000000
65.480003,7.600427,25.359377,127.098572,0.000000,0.000000,0.000000
27.020000,3.074869,28.096886,285.670197,0.000000,0.000000,0.000000
73.980003,4.214240,15.239504,181.798111,0.000000,0.000000,0.000000
60.779999,6.121044,21.675426,123.501648,0.000000,0.000000,0.000000
12.290000,0.828487,9.611465,217.120316,0.000000,0.000000,0.000000
46.130001,5.957977,7.968134,13.148506,0.000000,0.000000,0.000000
8.010000,2.134378,10.826752,87.751740,0.000000,0.000000,0.000000
46.419998,2.933195,0.754890,3.706585,0.000000,0.000000,0.000000
19.600000,3.209452,5.517798,11.350044,0.000000,0.000000,0.000000
25.110001,2.115042,0.638459,2.467401,0.000000,0.000000,0.000000
26.889999,3.162200,0.913433,0.537345,0.000000,0.000000,0.000000
16.730000,2.514037,0.000000,0.000000,0.000000,0.000000,0.000000
22.260000,2.914706,0.000000,0.000000,0.000000,0.000000,0.000000
28.309999,2.720775,0.234265,0.043865,0.000000,0.000000,0.000000
19.240000,2.797513,0.238315,0.043865,0.000000,0.000000,0.000000
29.740000,2.871958,0.239113,0.043865,0.000000,0.000000,0.000000
20.660000,3.141743,0.434360,0.087730,0.000000,0.000000,0.000000
19.940001,3.355286,0.784602,0.274156,0.000000,0.000000,0.000000
34.900002,3.458814,1.623068,0.811501,0.000000,0.000000,0.000000
40.580002,3.781267,2.928517,2.598996,0.000000,0.000000,0.000000
47.669998,4.382533,6.159386,10.626274,0.000000,0.000000,0.000000
36.410000,4.286016,9.817239,25.682905,0.000000,0.000000,0.000000
27.570000,4.010313,10.794526,31.769161,0.000000,0.000000,0.000000
55.180000,5.308000,12.525509,34.675209,0.000000,0.000000,0.000000
58.900002,5.384617,16.940380,63.329956,0.000000,0.000000,0.000000
83.480003,7.667248,25.225357,110.506683,0.000000,0.000000,0.000000
79.480003,9.248208,49.505928,308.414185,0.000000,0.000000,0.000000
47.130001,4.879670,41.513256,552.719727,0.000000,0.000000,0.000000
81.349998,6.964201,50.138443,440.513336,0.000000,0.000000,0.000000
57.160000,7.440077,43.567802,546.469055,0.000000,0.000000,0.000000
62.680000,5.634100,33.136143,365.975891,0.000000,0.000000,0.000000
47.549999,5.803226,36.373295,315.640900,0.000000,0.000000,0.000000
37.250000,6.031012,20.558956,162.738800,0.000000,0.000000,0.000000
48.290001,6.456156,25.475426,142.604813,0.000000,0.000000,0.000000
31.299999,3.898407,8.675346,64.974899,0.000000,0.000000,0.000000
24.190001,4.298438,6.670448,16.997652,0.000000,0.000000,0.000000
38.419998,2.908870,4.007038,7.818920,0.000000,0.000000,0.000000
23.129999,2.973694,1.606062,3.882045,0.000000,0.000000,0.000000
14.960000,2.774203,1.871294,3.903977,0.000000,0.000000,0.000000
17.440001,2.691001,0.140650,2.127448,0.000000,0.000000,0.000000
12.290000,2.340330,0.766847,3.443395,0.000000,0.000000,0.000000
31.320000,3.154394,-0.336481,1.502373,0.000000,0.000000,0.000000
30.969999,3.128513,0.899669,0.493480,0.000000,0.000000,0.000000
19.559999,4.369361,3.702739,5.230890,0.000000,0.000000,0.000000
39.310001,3.770989,3.845728,4.605815,0.000000,0.000000,0.000000
35.169998,5.989497,6.218339,11.119754,0.000000,0.000000,0.000000
38.720001,5.136375,11.626674,28.885042,0.000000,0.000000,0.000000
56.279999,4.917765,11.549004,46.069126,0.000000,0.000000,0.000000
58.830002,7.678648,14.963236,56.651527,0.000000,0.000000,0.000000
28.620001,2.681983,17.431866,158.067200,0.000000,0.000000,0.000000
80.699997,6.571082,17.339954,57.408203,0.000000,0.000000,0.000000
18.490000,4.033650,24.906998,265.843292,0.000000,0.000000,0.000000
24.570000,2.106713,6.578575,125.036926,0.000000,0.000000,0.000000
53.580002,6.648632,15.445047,61.038025,0.000000,0.000000,0.000000
14.790000,1.373283,0.514560,156.224869,0.000000,0.000000,0.000000
49.139999,5.128587,1.725885,10.034098,0.000000,0.000000,0.000000
13.170000,2.068057,1.455154,64.941994,0.000000,0.000000,0.000000
32.549999,2.926459,-0.765878,8.520759,0.000000,0.000000,0.000000
21.010000,2.064127,0.599199,20.813898,0.000000,0.000000,0.000000
29.719999,2.956500,-1.923976,8.882644,0.000000,0.000000,0.000000
22.790001,2.088792,-0.683898,12.117682,0.000000,0.000000,0.000000
18.700001,2.462258,-0.540735,2.423536,0.000000,0.000000,0.000000
13.710000,2.027853,-0.200604,0.537345,0.000000,0.000000,0.000000
17.280001,2.008949,0.329080,0.274156,0.000000,0.000000,0.000000
14.970000,1.284010,0.171132,3.969774,0.000000,0.000000,0.000000
10.520000,1.062721,0.550187,4.847072,0.000000,0.000000,0.000000
10.340000,0.819106,-0.601364,5.844999,0.000000,0.000000,0.000000
9.090000,0.724695,-0.256718,4.430356,0.000000,0.000000,0.000000
18.530001,1.187204,-1.083163,3.958808,0.000000,0.000000,0.000000
17.820000,1.635350,0.182886,5.307654,0.000000,0.000000,0.000000
53.049999,5.475551,1.435276,1.644934,0.000000,0.000000,0.000000
84.709999,7.061558,19.658764,101.645958,0.000000,0.000000,0.000000
99.610001,8.308148,54.438416,416.826263,0.000000,0.000000,0.000000
28.420000,2.731672,37.134647,1013.476868,0.000000,0.000000,0.000000
91.730003,6.475254,42.795197,527.925171,0.000000,0.000000,0.000000
96.730003,9.490645,59.665970,560.034241,0.000000,0.000000,0.000000
77.910004,5.076270,45.825592,670.661560,0.000000,0.000000,0.000000
68.400002,5.820485,27.532026,561.744995,0.000000,0.000000,0.000000
62.549999,5.489021,32.207771,383.181885,0.000000,0.000000,0.000000
33.610001,3.846063,18.484495,220.739197,0.000000,0.000000,0.000000
19.750000,1.841408,5.191873,113.774605,0.000000,0.000000,0.000000
36.820000,2.602046,1.372703,11.722898,0.000000,0.000000,0.000000
17.090000,2.084536,0.568638,13.916143,0.000000,0.000000,0.000000
16.200001,1.795762,-1.420147,6.886791,0.000000,0.000000,0.000000
20.309999,1.902728,-1.197525,7.029351,0.000000,0.000000,0.000000
9.790000,1.794518,-0.764019,1.425610,0.000000,0.000000,0.000000
17.100000,1.567356,0.525511,1.239184,0.000000,0.000000,0.000000
17.100000,1.546283,0.555160,2.467401,0.000000,0.000000,0.000000
17.969999,1.742281,-0.467271,9.222597,0.000000,0.000000,0.000000
23.340000,2.376095,0.418988,13.477493,0.000000,0.000000,0.000000
26.520000,3.192620,-0.084768,4.452288,0.000000,0.000000,0.000000
27.740000,3.330167,2.351065,15.736536,0.000000,0.000000,0.000000
38.930000,4.086984,1.907434,5.702438,0.000000,0.000000,0.000000
22.230000,3.153816,3.730159,16.460308,0.000000,0.000000,0.000000
36.770000,4.248450,2.403499,5.318621,0.000000,0.000000,0.000000
30.590000,3.474256,6.735572,19.684378,0.000000,0.000000,0.000000
43.970001,5.470721,8.065422,26.275080,0.000000,0.000000,0.000000
45.650002,4.835299,15.361870,71.335312,0.000000,0.000000,0.000000
58.900002,5.304314,16.232983,83.749077,0.000000,0.000000,0.000000
47.220001,5.088011,20.014774,97.785843,0.000000,0.000000,0.000000
30.950001,3.233896,18.257223,118.501053,0.000000,0.000000,0.000000
47.369999,5.586956,13.970653,65.139397,0.000000,0.000000,0.000000
44.230000,4.099769,14.013309,116.022690,0.000000,0.000000,0.000000
46.900002,3.174642,12.598396,76.281082,0.000000,0.000000,0.000000
43.139999,4.397913,14.882587,58.066170,0.000000,0.000000,0.000000
22.420000,2.362964,10.310325,102.589050,0.000000,0.000000,0.000000
62.630001,5.372538,6.584295,16.175184,0.000000,0.000000,0.000000
17.260000,2.337626,13.119534,156.488068,0.000000,0.000000,0.000000
47.779999,3.339417,5.096629,76.226242,0.000000,0.000000,0.000000
79.099998,7.105994,20.631618,94.814003,0.000000,0.000000,0.000000
9.790000,1.142708,9.251156,470.791107,0.000000,0.000000,0.000000
32.230000,0.299312,4.782346,81.369400,0.000000,0.000000,0.000000
45.650002,4.458933,20.242590,98.367050,0.000000,0.000000,0.000000
8.550000,0.683507,-2.084300,248.768860,0.000000,0.000000,0.000000
52.009998,2.874482,5.215187,28.577986,0.000000,0.000000,0.000000
6.950000,0.367699,4.553277,141.771393,0.000000,0.000000,0.000000
16.209999,0.541015,0.772960,4.485188,0.000000,0.000000,0.000000
13.730000,1.428109,5.475415,28.972771,0.000000,0.000000,0.000000
8.910000,0.576857,0.086245,12.830486,0.000000,0.000000,0.000000
10.690000,1.040162,0.764280,0.701839,0.000000,0.000000,0.000000
8.910000,0.831002,0.598381,1.096623,0.000000,0.000000,0.000000
11.230000,1.218632,0.000000,0.000000,0.000000,0.000000,0.000000
13.200000,1.192683,0.000000,0.000000,0.000000,0.000000,0.000000
11.940000,1.214578,0.000000,0.000000,0.000000,0.000000,0.000000
11.930000,1.233443,0.000000,0.000000,0.000000,0.000000,0.000000
10.330000,1.248053,0.000000,0.000000,0.000000,0.000000,0.000000
10.330000,1.249167,0.000000,0.000000,0.000000,0.000000,0.000000
11.940000,1.268394,0.000000,0.000000,0.000000,0.000000,0.000000
14.250000,1.287000,0.000000,0.000000,0.000000,0.000000,0.000000
10.520000,1.302067,0.000000,0.000000,0.000000,0.000000,0.000000
14.620000,1.319135,0.000000,0.000000,0.000000,0.000000,0.000000
11.220000,1.333894,0.000000,0.000000,0.000000,0.000000,0.000000
12.660000,1.351638,0.000000,0.000000,0.000000,0.000000,0.000000
16.030001,1.368369,0.000000,0.000000,0.000000,0.000000,0.000000
11.410000,1.379656,0.000000,0.000000,0.000000,0.000000,0.000000
15.500000,1.403240,0.000000,0.000000,0.000000,0.000000,0.000000
12.110000,1.413229,0.000000,0.000000,0.000000,0.000000,0.000000
11.940000,1.429345,0.000000,0.000000,0.000000,0.000000,0.000000
16.030001,1.448781,0.000000,0.000000,0.000000,0.000000,0.000000
11.590000,1.435686,0.089374,0.010966,0.000000,0.000000,0.000000
12.830000,1.469717,0.000000,0.000000,0.000000,0.000000,0.000000
13.360000,1.491120,0.000000,0.000000,0.000000,0.000000,0.000000
11.590000,1.483072,0.090315,0.010966,0.000000,0.000000,0.000000
16.030001,1.527454,0.000000,0.000000,0.000000,0.000000,0.000000
14.610000,1.486032,0.000000,0.000000,0.000000,0.000000,0.000000
14.800000,1.536225,0.091366,0.010966,0.000000,0.000000,0.000000
16.030001,1.547812,0.000000,0.000000,0.000000,0.000000,0.000000
11.760000,1.543106,0.000000,0.000000,0.000000,0.000000,0.000000
13.180000,1.492707,0.172056,0.043865,0.000000,0.000000,0.000000
23.850000,1.916695,0.000000,0.000000,0.000000,0.000000,0.000000
105.910004,8.987676,18.580925,39.840305,0.000000,0.000000,0.000000
19.559999,2.128960,18.987562,366.984772,0.000000,0.000000,0.000000
60.209999,7.144385,14.195351,74.142662,0.000000,0.000000,0.000000
33.389999,4.384809,21.037819,195.352371,0.000000,0.000000,0.000000
25.090000,3.620761,-0.347705,53.822243,0.000000,0.000000,0.000000
27.190001,4.413282,6.035779,10.165693,0.000000,0.000000,0.000000
26.850000,3.149169,1.656473,22.930380,0.000000,0.000000,0.000000
20.809999,3.793110,3.091070,7.402203,0.000000,0.000000,0.000000
24.400000,2.591675,1.727276,7.742156,0.000000,0.000000,0.000000
27.230000,3.420022,0.788593,0.394784,0.000000,0.000000,0.000000
19.049999,2.694298,1.369810,1.261116,0.000000,0.000000,0.000000
22.260000,2.986900,1.040145,0.493480,0.000000,0.000000,0.000000
19.240000,2.802992,0.676413,0.416717,0.000000,0.000000,0.000000
21.549999,2.617302,0.818778,0.350919,0.000000,0.000000,0.000000
20.820000,2.609152,0.778083,0.372852,0.000000,0.000000,0.000000
22.780001,2.637212,0.382324,0.274156,0.000000,0.000000,0.000000
22.260000,2.705880,0.242231,0.098696,0.000000,0.000000,0.000000
18.520000,2.673982,0.232200,0.098696,0.000000,0.000000,0.000000
20.290001,2.753451,0.000000,0.000000,0.000000,0.000000,0.000000
23.160000,2.705342,0.154768,0.043865,0.000000,0.000000,0.000000
21.549999,2.705957,0.125261,0.010966,0.000000,0.000000,0.000000
23.860001,2.759801,0.000000,0.000000,0.000000,0.000000,0.000000
20.820000,2.809991,0.156908,0.043865,0.000000,0.000000,0.000000
17.629999,2.802740,0.000000,0.000000,0.000000,0.000000,0.000000
24.020000,2.815649,0.000000,0.000000,0.000000,0.000000,0.000000
21.549999,2.771786,0.000000,0.000000,0.000000,0.000000,0.000000
24.750000,2.851406,0.000000,0.000000,0.000000,0.000000,0.000000
24.020000,2.865935,0.000000,0.000000,0.000000,0.000000,0.000000
6.410000,1.211304,0.000000,0.000000,0.000000,0.000000,0.000000
26.480000,2.646415,8.632015,35.673138,0.000000,0.000000,0.000000
28.990000,2.812204,20.204309,150.928177,0.000000,0.000000,0.000000
21.000000,1.948001,10.641205,165.293930,0.000000,0.000000,0.000000
32.349998,3.414593,15.289435,102.084602,0.000000,0.000000,0.000000
41.740002,3.006198,-0.500728,63.242229,0.000000,0.000000,0.000000
35.169998,5.192607,16.259876,114.224220,0.000000,0.000000,0.000000
22.420000,3.106987,6.686385,207.261673,0.000000,0.000000,0.000000
53.189999,5.199925,9.523997,18.697416,0.000000,0.000000,0.000000
22.790001,2.820624,10.652838,190.340805,0.000000,0.000000,0.000000
26.530001,1.752207,4.372049,76.215279,0.000000,0.000000,0.000000
64.669998,5.773438,5.878907,8.641388,0.000000,0.000000,0.000000
21.719999,2.236659,-5.053130,147.605423,0.000000,0.000000,0.000000
26.160000,3.403225,1.217132,0.932129,0.000000,0.000000,0.000000
21.379999,2.322212,1.844764,16.679630,0.000000,0.000000,0.000000
23.309999,2.968926,0.223363,0.098696,0.000000,0.000000,0.000000
16.910000,2.572587,0.911535,1.853292,0.000000,0.000000,0.000000
25.110001,2.874036,0.000000,0.000000,0.000000,0.000000,0.000000
19.219999,2.854577,0.248312,0.098696,0.000000,0.000000,0.000000
22.959999,2.947597,0.088292,0.010966,0.000000,0.000000,0.000000
21.010000,2.863225,0.259659,0.098696,0.000000,0.000000,0.000000
20.830000,2.786557,0.337855,0.087730,0.000000,0.000000,0.000000
19.940001,2.687349,0.164004,0.021932,0.000000,0.000000,0.000000
20.660000,2.735504,0.000000,0.000000,0.000000,0.000000,0.000000
20.660000,2.783885,0.000000,0.000000,0.000000,0.000000,0.000000
23.309999,2.854678,0.081828,0.010966,0.000000,0.000000,0.000000
23.490000,2.865111,0.000000,0.000000,0.000000,0.000000,0.000000
19.410000,2.631436,0.656938,0.318021,0.000000,0.000000,0.000000
26.500000,2.446078,2.187643,3.213104,0.000000,0.000000,0.000000
19.940001,1.760220,4.979978,22.393036,0.000000,0.000000,0.000000
10.690000,1.097676,4.892075,45.301487,0.000000,0.000000,0.000000
26.870001,1.655812,6.167082,44.522881,0.000000,0.000000,0.000000
45.980000,3.484732,14.105820,76.796486,0.000000,0.000000,0.000000
25.059999,2.138591,17.754925,207.535858,0.000000,0.000000,0.000000
25.090000,1.603613,13.772161,198.905426,0.000000,0.000000,0.000000
55.110001,5.307492,21.170698,110.693085,0.000000,0.000000,0.000000
43.160000,3.525233,22.529882,231.014526,0.000000,0.000000,0.000000
47.220001,4.041582,18.334864,177.630936,0.000000,0.000000,0.000000
52.160000,5.362159,23.964767,151.048813,0.000000,0.000000,0.000000
42.990002,3.969019,20.549086,191.634796,0.000000,0.000000,0.000000
55.180000,6.089015,12.400422,98.125809,0.000000,0.000000,0.000000
8.200000,1.113200,-1.006911,98.981163,0.000000,0.000000,0.000000
20.299999,2.127944,7.682763,45.509846,0.000000,0.000000,0.000000
49.139999,4.018507,7.532517,96.075119,0.000000,0.000000,0.000000
54.040001,5.907684,14.375007,127.756531,0.000000,0.000000,0.000000
22.760000,2.202436,8.821620,162.113724,0.000000,0.000000,0.000000
54.250000,5.333101,13.217144,46.562603,0.000000,0.000000,0.000000
19.590000,3.454506,11.013605,101.053780,0.000000,0.000000,0.000000
30.750000,4.177432,7.415832,61.367008,0.000000,0.000000,0.000000
29.330000,4.071414,6.546830,38.392765,0.000000,0.000000,0.000000
23.120001,3.610266,9.409568,89.001900,0.000000,0.000000,0.000000
18.700001,2.151237,3.396313,46.705162,0.000000,0.000000,0.000000
37.330002,4.914639,0.210264,0.021932,0.000000,0.000000,0.000000
19.410000,2.416953,-1.523460,42.198040,0.000000,0.000000,0.000000
28.469999,3.390547,0.386208,0.175460,0.000000,0.000000,0.000000
22.780001,2.359800,0.619065,0.394784,0.000000,0.000000,0.000000
19.410000,2.965168,0.570197,0.219325,0.000000,0.000000,0.000000
25.090000,2.886724,0.313405,0.098696,0.000000,0.000000,0.000000
22.240000,2.981540,0.086371,0.010966,0.000000,0.000000,0.000000
24.740000,2.992665,0.000000,0.000000,0.000000,0.000000,0.000000
22.080000,2.950238,0.085218,0.010966,0.000000,0.000000,0.000000
19.219999,2.971340,0.000000,0.000000,0.000000,0.000000,0.000000
24.400000,2.946883,0.171164,0.043865,0.000000,0.000000,0.000000
20.299999,2.964546,0.000000,0.000000,0.000000,0.000000,0.000000
23.160000,2.959382,0.000000,0.000000,0.000000,0.000000,0.000000
24.219999,2.958916,0.000000,0.000000,0.000000,0.000000,0.000000
17.809999,2.962560,0.084700,0.010966,0.000000,0.000000,0.000000
18.680000,2.782078,0.000000,0.000000,0.000000,0.000000,0.000000
51.340000,3.422771,4.301139,6.853892,0.000000,0.000000,0.000000
27.870001,2.748798,22.636269,250.918259,0.000000,0.000000,0.000000
55.990002,3.997276,10.623637,355.283844,0.000000,0.000000,0.000000
72.860001,7.272486,36.804729,202.579102,0.000000,0.000000,0.000000
34.259998,3.501964,24.837692,702.255188,0.000000,0.000000,0.000000
78.900002,3.736514,33.663055,380.407440,0.000000,0.000000,0.000000
43.439999,5.226447,35.597137,536.928406,0.000000,0.000000,0.000000
60.180000,3.691648,9.978836,668.161255,0.000000,0.000000,0.000000
81.529999,8.029049,28.981197,353.320862,0.000000,0.000000,0.000000
40.599998,5.297425,33.985966,379.288879,0.000000,0.000000,0.000000
66.489998,5.154661,19.056797,319.413269,0.000000,0.000000,0.000000
59.779999,7.799973,29.119963,288.389832,0.000000,0.000000,0.000000
47.250000,3.668550,13.532516,278.651825,0.000000,0.000000,0.000000
53.900002,5.500863,19.131046,87.170547,0.000000,0.000000,0.000000
23.469999,3.674065,14.557625,79.877998,0.000000,0.000000,0.000000
53.720001,6.183375,6.044846,20.682304,0.000000,0.000000,0.000000
22.930000,4.268817,8.017833,23.522560,0.000000,0.000000,0.000000
34.660000,4.019839,3.715389,11.130721,0.000000,0.000000,0.000000
42.130001,4.672970,3.633114,4.485188,0.000000,0.000000,0.000000
17.090000,2.939793,2.685436,4.254896,0.000000,0.000000,0.000000
23.490000,3.583391,0.746362,0.274156,0.000000,0.000000,0.000000
15.300000,2.848266,1.043327,0.701839,0.000000,0.000000,0.000000
17.629999,2.939813,0.000000,0.000000,0.000000,0.000000,0.000000
27.600000,2.518627,0.000000,0.000000,0.000000,0.000000,0.000000
15.480000,2.366088,0.000000,0.000000,0.000000,0.000000,0.000000
14.240000,2.244294,0.000000,0.000000,0.000000,0.000000,0.000000
17.450001,2.178108,0.000000,0.000000,0.000000,0.000000,0.000000
13.180000,2.161691,0.000000,0.000000,0.000000,0.000000,0.000000
21.370001,2.142575,0.000000,0.000000,0.000000,0.000000,0.000000
19.590000,2.149352,0.000000,0.000000,0.000000,0.000000,0.000000
22.070000,2.125386,0.000000,0.000000,0.000000,0.000000,0.000000
24.740000,2.122637,0.000000,0.000000,0.000000,0.000000,0.000000
16.740000,2.715207,0.277532,0.098696,0.000000,0.000000,0.000000
35.900002,4.239828,2.461153,2.862185,0.000000,0.000000,0.000000
49.240002,4.803012,5.546196,27.558128,0.000000,0.000000,0.000000
26.660000,5.164521,7.653840,21.526703,0.000000,0.000000,0.000000
80.570000,6.389342,9.453211,28.687651,0.000000,0.000000,0.000000
77.769997,13.363893,36.361767,215.267029,0.000000,0.000000,0.000000
38.669998,4.441609,29.640984,518.121338,0.000000,0.000000,0.000000
96.029999,8.024055,16.912901,162.947174,0.000000,0.000000,0.000000
70.559998,7.690214,3.562213,269.725311,0.000000,0.000000,0.000000
35.680000,6.144427,0.707951,403.908112,0.000000,0.000000,0.000000
20.100000,1.719376,17.182594,313.151581,0.000000,0.000000,0.000000
26.320000,4.823288,13.646458,57.046314,0.000000,0.000000,0.000000
35.880001,2.852742,2.280387,61.246376,0.000000,0.000000,0.000000
11.040000,0.954319,-1.817185,194.080292,0.000000,0.000000,0.000000
46.070000,1.801633,1.725401,18.017511,0.000000,0.000000,0.000000
19.080000,2.109137,9.939775,112.217400,0.000000,0.000000,0.000000
20.290001,1.500386,-2.374890,110.594398,0.000000,0.000000,0.000000
31.639999,2.506491,4.799752,72.256470,0.000000,0.000000,0.000000
35.590000,1.684378,3.005770,105.725388,0.000000,0.000000,0.000000
17.450001,1.595207,2.359907,49.019035,0.000000,0.000000,0.000000
25.110001,2.397878,3.679179,23.752846,0.000000,0.000000,0.000000
11.220000,1.897055,4.264673,34.368156,0.000000,0.000000,0.000000
12.280000,2.144757,2.306417,14.212230,0.000000,0.000000,0.000000
18.709999,2.432663,3.935621,14.212230,0.000000,0.000000,0.000000
9.980000,1.818099,1.756562,4.561951,0.000000,0.000000,0.000000
24.719999,3.727713,5.187299,12.084783,0.000000,0.000000,0.000000
31.459999,2.920111,1.908719,3.267936,0.000000,0.000000,0.000000
79.029999,12.078514,31.437691,171.127991,0.000000,0.000000,0.000000
37.169998,2.320689,12.234760,378.170349,0.000000,0.000000,0.000000
95.199997,10.499052,34.026062,152.090607,0.000000,0.000000,0.000000
39.130001,3.341230,22.201023,500.783691,0.000000,0.000000,0.000000
101.470001,4.805101,21.180456,211.330154,0.000000,0.000000,0.000000
36.849998,7.437875,31.780991,430.237946,0.000000,0.000000,0.000000
56.950001,3.119375,14.068600,245.533829,0.000000,0.000000,0.000000
41.990002,7.607582,23.164707,121.692215,0.000000,0.000000,0.000000
28.620001,4.195184,0.179420,176.402740,0.000000,0.000000,0.000000
77.459999,8.167691,0.655663,19.399256,0.000000,0.000000,0.000000
22.760000,3.600026,-2.044601,141.234024,0.000000,0.000000,0.000000
42.200001,5.350125,-2.101062,23.599323,0.000000,0.000000,0.000000
51.189999,4.097137,-1.865608,96.886612,0.000000,0.000000,0.000000
27.889999,3.173190,-2.021323,22.919415,0.000000,0.000000,0.000000
37.549999,3.458301,0.988041,33.951439,0.000000,0.000000,0.000000
30.770000,3.178209,-0.524186,15.407549,0.000000,0.000000,0.000000
17.950001,3.442514,1.797950,23.785748,0.000000,0.000000,0.000000
46.599998,3.044172,-1.130320,12.676957,0.000000,0.000000,0.000000
14.410000,3.312191,1.265095,13.828412,0.000000,0.000000,0.000000
37.150002,3.294587,-1.112579,7.994380,0.000000,0.000000,0.000000
24.559999,3.106643,0.081341,4.836106,0.000000,0.000000,0.000000
14.060000,3.207365,-1.006907,4.836106,0.000000,0.000000,0.000000
27.230000,2.856548,0.000000,0.000000,0.000000,0.000000,0.000000
10.510000,2.577845,0.000000,0.000000,0.000000,0.000000,0.000000
16.930000,1.741633,-0.130262,0.054831,0.000000,0.000000,0.000000
10.520000,0.766325,0.193975,1.853293,0.000000,0.000000,0.000000
12.110000,1.207500,3.921219,14.365758,0.000000,0.000000,0.000000
25.950001,2.429490,12.832601,78.803307,0.000000,0.000000,0.000000
30.709999,3.257482,17.688913,223.173691,0.000000,0.000000,0.000000
84.360001,6.786793,38.346817,249.997070,0.000000,0.000000,0.000000
24.719999,1.950435,30.986965,580.387512,0.000000,0.000000,0.000000
31.559999,2.076511,14.360147,202.458496,0.000000,0.000000,0.000000
138.389999,13.295956,51.475372,221.309418,0.000000,0.000000,0.000000
21.290001,2.260896,-12.882393,903.913208,0.000000,0.000000,0.000000
125.230003,5.539462,12.374305,67.650650,0.000000,0.000000,0.000000
11.800000,1.411047,19.674330,391.702667,0.000000,0.000000,0.000000
42.779999,3.084166,-2.113297,32.207809,0.000000,0.000000,0.000000
69.459999,6.449052,8.816143,21.899557,0.000000,0.000000,0.000000
31.920000,2.430456,-6.400231,182.192886,0.000000,0.000000,0.000000
73.699997,9.365003,-2.515364,19.969498,0.000000,0.000000,0.000000
26.680000,3.078890,0.084861,184.210678,0.000000,0.000000,0.000000
59.540001,4.850127,1.573008,29.016636,0.000000,0.000000,0.000000
21.680000,3.853575,2.244335,121.703186,0.000000,0.000000,0.000000
46.040001,2.464657,4.796277,23.456758,0.000000,0.000000,0.000000
21.870001,3.897594,4.671140,28.358667,0.000000,0.000000,0.000000
21.500000,3.200179,7.456413,22.217575,0.000000,0.000000,0.000000
61.820000,4.224535,13.820054,75.677933,0.000000,0.000000,0.000000
48.490002,7.582743,25.077999,118.950661,0.000000,0.000000,0.000000
91.610001,7.177338,32.586609,354.143311,0.000000,0.000000,0.000000
37.889999,5.995108,46.517319,366.502289,0.000000,0.000000,0.000000
37.790001,5.234931,43.029232,430.117371,0.000000,0.000000,0.000000
49.029999,2.416321,7.356714,338.439697,0.000000,0.000000,0.000000
39.459999,2.664912,14.672773,172.312332,0.000000,0.000000,0.000000
43.900002,3.317348,12.545484,141.541092,0.000000,0.000000,0.000000
31.480000,2.467030,15.692726,154.777313,0.000000,0.000000,0.000000
14.240000,2.509425,9.833525,192.194092,0.000000,0.000000,0.000000
28.080000,3.022885,12.770254,123.019135,0.000000,0.000000,0.000000
37.330002,4.025827,16.412102,116.867088,0.000000,0.000000,0.000000
30.910000,3.428585,6.543977,140.707657,0.000000,0.000000,0.000000
50.799999,4.753284,4.656686,104.277847,0.000000,0.000000,0.000000
21.500000,4.695327,-0.482564,47.121880,0.000000,0.000000,0.000000
25.580000,6.257549,-4.280682,16.120354,0.000000,0.000000,0.000000
62.090000,5.066637,-8.836551,57.221779,0.000000,0.000000,0.000000
33.200001,4.406211,-11.934956,64.843300,0.000000,0.000000,0.000000
62.270000,4.307120,-7.618753,81.128143,0.000000,0.000000,0.000000
49.500000,3.898807,-8.323203,120.167915,0.000000,0.000000,0.000000
28.559999,4.592201,-4.491581,238.647018,0.000000,0.000000,0.000000
129.320007,7.550893,9.356667,170.426147,0.000000,0.000000,0.000000
21.830000,4.471708,30.603153,467.983734,0.000000,0.000000,0.000000
89.839996,4.977756,32.852303,283.992371,0.000000,0.000000,0.000000
78.400002,9.182769,42.857128,293.774231,0.000000,0.000000,0.000000
18.780001,3.222262,34.883671,516.147400,0.000000,0.000000,0.000000
117.989998,7.546023,29.704067,255.513092,0.000000,0.000000,0.000000
54.290001,6.738802,47.496773,394.871918,0.000000,0.000000,0.000000
32.150002,2.858784,30.801517,515.127502,0.000000,0.000000,0.000000
92.669998,8.184997,32.725780,255.096375,0.000000,0.000000,0.000000
26.580000,6.635615,34.701508,554.287964,0.000000,0.000000,0.000000
59.360001,3.604849,14.064678,536.062073,0.000000,0.000000,0.000000
57.580002,7.271523,43.187763,382.370392,0.000000,0.000000,0.000000
41.810001,6.439575,17.622314,534.603577,0.000000,0.000000,0.000000
106.620003,7.092892,16.909077,382.140076,0.000000,0.000000,0.000000
70.959999,7.524990,21.258997,429.623840,0.000000,0.000000,0.000000
30.180000,3.164095,13.411896,442.849121,0.000000,0.000000,0.000000
41.340000,4.610631,17.643755,250.128677,0.000000,0.000000,0.000000
9.780000,3.608605,7.755189,82.005440,0.000000,0.000000,0.000000
29.360001,1.732574,-13.360986,120.036324,0.000000,0.000000,0.000000
32.549999,2.421162,2.360439,43.053406,0.000000,0.000000,0.000000
85.489998,7.037642,13.785385,78.540115,0.000000,0.000000,0.000000
45.240002,4.840798,33.019062,435.150879,0.000000,0.000000,0.000000
78.900002,8.562175,22.537163,344.065399,0.000000,0.000000,0.000000
108.169998,7.328180,42.667877,485.036194,0.000000,0.000000,0.000000
79.739998,4.214981,29.547028,693.668701,0.000000,0.000000,0.000000
62.250000,6.567034,42.982544,414.293060,0.000000,0.000000,0.000000
106.860001,7.445540,23.106163,610.533752,0.000000,0.000000,0.000000
37.480000,2.735819,16.683344,643.542053,0.000000,0.000000,0.000000
87.120003,4.582808,36.374737,315.553192,0.000000,0.000000,0.000000
59.220001,3.267706,29.999874,520.862915,0.000000,0.000000,0.000000
42.630001,3.576495,17.427015,316.518219,0.000000,0.000000,0.000000
30.830000,3.259312,17.134066,118.753273,0.000000,0.000000,0.000000
60.070000,4.596307,12.358147,257.497955,0.000000,0.000000,0.000000
7.120000,0.643414,-0.826826,321.255615,0.000000,0.000000,0.000000
17.809999,0.978805,2.963511,43.974571,0.000000,0.000000,0.000000
72.680000,8.900329,24.624146,71.225639,0.000000,0.000000,0.000000
21.180000,4.184838,27.605709,411.891479,0.000000,0.000000,0.000000
71.900002,4.361774,22.324791,245.928604,0.000000,0.000000,0.000000
80.489998,9.491102,35.716869,170.086182,0.000000,0.000000,0.000000
31.440001,3.302271,22.071432,411.617340,0.000000,0.000000,0.000000
61.090000,5.769017,25.297676,146.574600,0.000000,0.000000,0.000000
30.340000,4.557775,22.491688,211.066971,0.000000,0.000000,0.000000
53.110001,3.043578,16.737864,103.773407,0.000000,0.000000,0.000000
32.840000,5.188974,14.823335,61.652130,0.000000,0.000000,0.000000
16.170000,3.001626,10.915676,45.915592,0.000000,0.000000,0.000000
49.919998,4.272510,9.525709,29.608814,0.000000,0.000000,0.000000
28.790001,3.691842,9.923571,62.342999,0.000000,0.000000,0.000000
63.340000,4.027677,17.967133,101.174408,0.000000,0.000000,0.000000
42.450001,2.609604,23.171476,285.461884,0.000000,0.000000,0.000000
77.330002,5.231352,39.837597,358.979431,0.000000,0.000000,0.000000
43.549999,2.675642,36.292828,665.386841,0.000000,0.000000,0.000000
52.980000,5.892648,34.638329,374.474731,0.000000,0.000000,0.000000
59.180000,5.266798,29.029655,477.491455,0.000000,0.000000,0.000000
85.830002,3.928385,-1.267354,434.295502,0.000000,0.000000,0.000000
32.639999,2.572007,7.866470,229.610840,0.000000,0.000000,0.000000
30.020000,3.306477,16.568256,112.184502,0.000000,0.000000,0.000000
32.720001,1.501523,8.780203,172.367172,0.000000,0.000000,0.000000
22.040001,2.776229,15.149115,154.766373,0.000000,0.000000,0.000000
40.700001,3.001102,10.379162,168.726379,0.000000,0.000000,0.000000
30.510000,4.287376,19.504625,122.920441,0.000000,0.000000,0.000000
22.219999,2.475281,15.939974,271.534729,0.000000,0.000000,0.000000
65.150002,3.059644,14.490715,333.735168,0.000000,0.000000,0.000000
43.590000,3.764413,23.668686,303.578033,0.000000,0.000000,0.000000
75.440002,5.566050,25.346682,416.299896,0.000000,0.000000,0.000000
47.340000,5.879978,20.369144,487.701050,0.000000,0.000000,0.000000
45.919998,5.375431,31.827311,321.200775,0.000000,0.000000,0.000000
50.380001,3.876743,8.503564,533.145081,0.000000,0.000000,0.000000
22.559999,4.066161,9.115814,156.356476,0.000000,0.000000,0.000000
26.320000,3.993378,7.937553,156.707367,0.000000,0.000000,0.000000
27.080000,1.643624,-2.762770,69.251724,0.000000,0.000000,0.000000
12.280000,2.812533,1.415869,12.468601,0.000000,0.000000,0.000000
12.450000,1.206739,-1.835568,24.575314,0.000000,0.000000,0.000000
8.200000,0.847861,0.817168,11.953188,0.000000,0.000000,0.000000
22.760000,2.162049,3.139656,14.343824,0.000000,0.000000,0.000000
26.680000,1.980281,10.370738,114.947998,0.000000,0.000000,0.000000
31.930000,4.441974,17.882292,136.266327,0.000000,0.000000,0.000000
51.169998,5.049005,21.482666,242.989655,0.000000,0.000000,0.000000
43.110001,4.726012,31.500023,358.167969,0.000000,0.000000,0.000000
45.889999,5.607673,36.748032,334.294434,0.000000,0.000000,0.000000
25.629999,1.869934,19.526953,321.156921,0.000000,0.000000,0.000000
16.190001,1.473321,4.994946,184.298401,0.000000,0.000000,0.000000
11.760000,1.233655,8.964560,79.976692,0.000000,0.000000,0.000000
12.650000,0.069233,1.514665,59.086033,0.000000,0.000000,0.000000
21.500000,1.772781,2.590317,32.273605,0.000000,0.000000,0.000000
87.239998,6.615208,18.981976,70.326416,0.000000,0.000000,0.000000
45.090000,3.537879,24.889702,198.642242,0.000000,0.000000,0.000000
45.709999,3.972100,16.281731,107.052307,0.000000,0.000000,0.000000
127.389999,13.070134,44.966850,283.180847,0.000000,0.000000,0.000000
17.080000,1.513876,7.351764,712.881470,0.000000,0.000000,0.000000
75.160004,5.766936,24.778297,155.117279,0.000000,0.000000,0.000000
20.639999,1.334453,10.863912,313.294159,0.000000,0.000000,0.000000
30.200001,2.406814,6.207447,156.312592,0.000000,0.000000,0.000000
74.730003,7.139969,17.667032,133.908600,0.000000,0.000000,0.000000
43.880001,3.801350,3.985762,175.075806,0.000000,0.000000,0.000000
42.580002,6.423767,15.030961,80.590805,0.000000,0.000000,0.000000
32.009998,1.679172,8.223917,112.305130,0.000000,0.000000,0.000000
60.180000,4.771658,7.596975,16.679630,0.000000,0.000000,0.000000
41.889999,4.024693,13.625173,51.365814,0.000000,0.000000,0.000000
56.419998,3.498818,15.819778,81.577759,0.000000,0.000000,0.000000
51.880001,6.038815,26.666391,206.757233,0.000000,0.000000,0.000000
27.549999,2.441261,26.639654,499.226501,0.000000,0.000000,0.000000
53.540001,3.294194,15.769179,275.855438,0.000000,0.000000,0.000000
80.699997,7.914731,27.602842,374.694031,0.000000,0.000000,0.000000
63.119999,3.927437,20.621025,559.200806,0.000000,0.000000,0.000000
40.950001,4.263727,18.749306,278.509247,0.000000,0.000000,0.000000
43.970001,3.791689,15.333423,342.902954,0.000000,0.000000,0.000000
65.379997,4.819433,33.406239,246.630463,0.000000,0.000000,0.000000
32.110001,6.042046,25.563540,217.317719,0.000000,0.000000,0.000000
16.910000,1.734368,-3.415914,315.608032,0.000000,0.000000,0.000000
24.320000,4.588013,8.661057,42.384468,0.000000,0.000000,0.000000
24.530001,2.217699,9.205523,138.766647,0.000000,0.000000,0.000000
72.379997,7.356304,11.884930,93.037476,0.000000,0.000000,0.000000
18.520000,0.494395,9.014027,219.258743,0.000000,0.000000,0.000000
68.220001,3.551396,21.665497,138.547302,0.000000,0.000000,0.000000
49.849998,4.485518,33.062801,296.274536,0.000000,0.000000,0.000000
40.450001,6.262540,-4.386827,247.814804,0.000000,0.000000,0.000000
46.160000,4.683095,1.971985,177.598053,0.000000,0.000000,0.000000
64.500000,4.974383,17.062469,144.096222,0.000000,0.000000,0.000000
90.790001,7.584774,26.191935,270.580688,0.000000,0.000000,0.000000
65.519997,5.704400,45.716484,600.664124,0.000000,0.000000,0.000000
67.029999,7.531616,28.814045,504.139374,0.000000,0.000000,0.000000
89.900002,7.789615,18.025560,527.069702,0.000000,0.000000,0.000000
84.470001,4.407914,21.440397,505.488251,0.000000,0.000000,0.000000
31.930000,6.708211,37.235062,265.492340,0.000000,0.000000,0.000000
23.670000,3.093904,-22.824215,295.232758,0.000000,0.000000,0.000000
79.809998,6.138716,-5.759938,67.530029,0.000000,0.000000,0.000000
23.120001,0.807043,4.119090,318.656647,0.000000,0.000000,0.000000
77.639999,8.730127,30.689978,189.551254,0.000000,0.000000,0.000000
18.139999,3.952372,14.469670,292.008698,0.000000,0.000000,0.000000
43.490002,5.005676,-0.220883,122.229561,0.000000,0.000000,0.000000
51.950001,5.365787,9.210358,102.567116,0.000000,0.000000,0.000000
23.309999,0.578872,-3.101157,222.658264,0.000000,0.000000,0.000000
51.029999,3.712486,14.170452,83.288483,0.000000,0.000000,0.000000
48.220001,4.796803,16.981508,85.470779,0.000000,0.000000,0.000000
50.029999,1.883225,21.204311,273.706055,0.000000,0.000000,0.000000
58.119999,5.252991,34.380569,296.943481,0.000000,0.000000,0.000000
9.610000,2.082335,21.715437,443.836060,0.000000,0.000000,0.000000
65.650002,8.245707,3.750984,24.421785,0.000000,0.000000,0.000000
17.430000,2.915432,-18.914234,239.162460,0.000000,0.000000,0.000000
48.900002,4.767941,-1.018255,35.059029,0.000000,0.000000,0.000000
34.279999,5.945756,12.537853,48.229469,0.000000,0.000000,0.000000
77.769997,6.615097,-8.197517,97.413002,0.000000,0.000000,0.000000
16.740000,2.008138,3.235272,265.612976,0.000000,0.000000,0.000000
40.980000,4.311110,0.892065,50.269188,0.000000,0.000000,0.000000
37.080002,6.048451,15.898957,88.234268,0.000000,0.000000,0.000000
55.490002,4.844502,18.387190,129.478241,0.000000,0.000000,0.000000
39.430000,2.893813,17.188980,188.312042,0.000000,0.000000,0.000000
47.720001,3.169708,20.375120,170.437103,0.000000,0.000000,0.000000
20.290001,2.189944,14.380625,263.869354,0.000000,0.000000,0.000000
27.549999,2.912755,5.984174,53.131374,0.000000,0.000000,0.000000
28.280001,2.003863,14.418049,140.378662,0.000000,0.000000,0.000000
47.549999,5.331836,28.111319,153.242050,0.000000,0.000000,0.000000
63.919998,4.935892,-2.310048,194.606659,0.000000,0.000000,0.000000
44.029999,3.901660,15.600565,200.232346,0.000000,0.000000,0.000000
48.820000,3.305416,13.023321,78.265961,0.000000,0.000000,0.000000
80.769997,5.800475,20.618233,93.794144,0.000000,0.000000,0.000000
11.020000,1.611871,23.235332,372.182770,0.000000,0.000000,0.000000
55.919998,2.577122,5.777476,140.378677,0.000000,0.000000,0.000000
59.139999,6.419991,18.800282,89.199287,0.000000,0.000000,0.000000
24.740000,2.506610,11.888143,407.932709,0.000000,0.000000,0.000000
42.599998,4.297577,19.527466,161.050003,0.000000,0.000000,0.000000
63.000000,6.553246,2.947146,110.375076,0.000000,0.000000,0.000000
30.219999,2.842802,18.287096,197.556564,0.000000,0.000000,0.000000
36.240002,2.900193,17.258827,139.676834,0.000000,0.000000,0.000000
15.660000,2.227148,12.046623,78.902008,0.000000,0.000000,0.000000
29.879999,2.828943,11.431631,142.155212,0.000000,0.000000,0.000000
41.950001,1.665357,9.623688,118.720367,0.000000,0.000000,0.000000
39.180000,5.186204,23.574543,148.603333,0.000000,0.000000,0.000000
25.090000,1.477522,16.070202,289.080719,0.000000,0.000000,0.000000
25.770000,1.648635,12.553357,123.490677,0.000000,0.000000,0.000000
11.040000,1.905124,13.543983,167.267868,0.000000,0.000000,0.000000
23.650000,2.196803,8.199373,66.696594,0.000000,0.000000,0.000000
43.700001,3.790691,12.852369,57.835880,0.000000,0.000000,0.000000
30.180000,4.250887,15.985641,89.626968,0.000000,0.000000,0.000000
46.130001,4.085626,18.905428,98.882469,0.000000,0.000000,0.000000
64.099998,6.078978,35.238522,225.136658,0.000000,0.000000,0.000000
42.049999,4.157148,10.560822,459.802917,0.000000,0.000000,0.000000
122.559998,9.262978,42.069172,195.714264,0.000000,0.000000,0.000000
31.950001,2.916292,29.326677,770.805054,0.000000,0.000000,0.000000
79.410004,5.526024,27.325888,320.937622,0.000000,0.000000,0.000000
70.599998,8.629973,52.769402,537.005127,0.000000,0.000000,0.000000
56.560001,4.864689,7.161264,616.356812,0.000000,0.000000,0.000000
97.150002,6.017969,26.044035,284.628418,0.000000,0.000000,0.000000
47.130001,5.889614,22.428852,348.561523,0.000000,0.000000,0.000000
18.160000,1.665059,14.144843,199.859482,0.000000,0.000000,0.000000
37.590000,5.469522,14.325937,58.329361,0.000000,0.000000,0.000000
36.770000,3.043853,-6.462696,264.757629,0.000000,0.000000,0.000000
43.520000,1.952466,4.256586,77.926010,0.000000,0.000000,0.000000
55.779999,4.591975,12.032926,94.112160,0.000000,0.000000,0.000000
31.600000,3.733263,27.754374,269.889832,0.000000,0.000000,0.000000
70.959999,5.691921,28.995022,271.414124,0.000000,0.000000,0.000000
64.239998,5.493373,37.300407,314.533325,0.000000,0.000000,0.000000
64.459999,4.917669,27.468254,492.756409,0.000000,0.000000,0.000000
44.910000,4.455153,25.035152,403.304901,0.000000,0.000000,0.000000
129.399994,9.338610,-2.122717,90.295914,0.000000,0.000000,0.000000
9.980000,0.577050,3.791480,551.316040,0.000000,0.000000,0.000000
35.330002,2.122586,13.503200,158.418121,0.000000,0.000000,0.000000
42.759998,5.563212,22.901217,137.878372,0.000000,0.000000,0.000000
17.620001,2.935318,-11.028449,199.486633,0.000000,0.000000,0.000000
50.060001,3.524614,2.777990,43.097271,0.000000,0.000000,0.000000
25.250000,1.729590,4.990676,118.139153,0.000000,0.000000,0.000000
16.730000,1.669466,-1.345763,114.542252,0.000000,0.000000,0.000000
42.959999,3.214622,3.197723,53.383598,0.000000,0.000000,0.000000
29.129999,3.052399,-0.389668,101.262138,0.000000,0.000000,0.000000
35.529999,3.278126,3.748903,40.607937,0.000000,0.000000,0.000000
63.570000,6.504529,13.210256,77.915039,0.000000,0.000000,0.000000
41.540001,2.914297,19.825710,233.887695,0.000000,0.000000,0.000000
109.230003,10.052239,30.299068,243.921799,0.000000,0.000000,0.000000
14.400000,1.817897,28.230247,535.283447,0.000000,0.000000,0.000000
80.239998,7.328478,21.508633,213.369873,0.000000,0.000000,0.000000
33.349998,6.368336,39.737385,501.671997,0.000000,0.000000,0.000000
57.759998,4.914979,17.814405,405.509125,0.000000,0.000000,0.000000
45.619999,4.374418,26.917324,311.210571,0.000000,0.000000,0.000000
74.199997,6.037463,22.365185,354.242035,0.000000,0.000000,0.000000
59.570000,4.074997,23.756014,318.788208,0.000000,0.000000,0.000000
53.930000,4.056703,19.638496,260.272430,0.000000,0.000000,0.000000
28.629999,1.464000,14.790949,168.638641,0.000000,0.000000,0.000000
56.419998,5.130301,20.436466,91.195137,0.000000,0.000000,0.000000
68.570000,4.844529,21.918663,193.641663,0.000000,0.000000,0.000000
64.059998,6.279573,38.997883,270.405212,0.000000,0.000000,0.000000
23.469999,3.120587,23.835514,543.310730,0.000000,0.000000,0.000000
94.849998,6.948832,6.730294,135.498703,0.000000,0.000000,0.000000
14.780000,0.369138,2.563596,342.387543,0.000000,0.000000,0.000000
44.709999,3.568164,13.335140,65.073593,0.000000,0.000000,0.000000
53.900002,5.488797,-14.215214,307.832947,0.000000,0.000000,0.000000
96.150002,7.001176,-12.472965,215.924988,0.000000,0.000000,0.000000
55.110001,5.238447,12.248241,128.798325,0.000000,0.000000,0.000000
20.080000,2.254451,17.661892,214.609070,0.000000,0.000000,0.000000
35.330002,4.173460,9.598099,104.771332,0.000000,0.000000,0.000000
38.700001,2.318664,8.696770,148.022141,0.000000,0.000000,0.000000
39.049999,3.206708,19.089701,222.066101,0.000000,0.000000,0.000000
139.179993,12.077559,36.110825,329.206146,0.000000,0.000000,0.000000
8.170000,4.111558,16.521051,753.270142,0.000000,0.000000,0.000000
68.260002,5.897114,33.584183,262.345032,0.000000,0.000000,0.000000
47.810001,8.292596,35.092766,394.564819,0.000000,0.000000,0.000000
34.820000,3.812706,18.132015,378.510315,0.000000,0.000000,0.000000
60.910000,6.353406,20.588604,161.006149,0.000000,0.000000,0.000000
18.680000,1.504843,-14.805174,421.289551,0.000000,0.000000,0.000000
58.650002,5.503218,10.528562,76.522331,0.000000,0.000000,0.000000
32.680000,2.537651,13.529186,208.336365,0.000000,0.000000,0.000000
24.719999,2.225190,8.597863,134.599472,0.000000,0.000000,0.000000
39.740002,4.522592,14.862385,78.529152,0.000000,0.000000,0.000000
20.820000,1.437101,11.037559,290.550201,0.000000,0.000000,0.000000
44.880001,3.075675,16.461962,162.683990,0.000000,0.000000,0.000000
61.660000,3.779382,29.706200,354.823242,0.000000,0.000000,0.000000
14.410000,1.458769,16.748207,467.238068,0.000000,0.000000,0.000000
105.599998,6.704903,26.578798,156.224884,0.000000,0.000000,0.000000
132.500000,11.388679,19.607830,484.805969,0.000000,0.000000,0.000000
21.860001,2.668358,4.466117,745.177063,0.000000,0.000000,0.000000
104.500000,8.456520,30.245304,199.618225,0.000000,0.000000,0.000000
80.489998,8.667120,50.617195,486.593384,0.000000,0.000000,0.000000
52.980000,4.222163,-19.972078,651.174561,0.000000,0.000000,0.000000
67.250000,6.444623,31.498108,304.148315,0.000000,0.000000,0.000000
28.420000,3.591675,13.297652,339.349884,0.000000,0.000000,0.000000
60.910000,4.210086,24.176765,160.063049,0.000000,0.000000,0.000000
48.930000,4.991258,17.043541,181.238831,0.000000,0.000000,0.000000
45.060001,5.331194,9.741402,180.207993,0.000000,0.000000,0.000000
88.839996,7.228897,15.468007,67.804184,0.000000,0.000000,0.000000
27.350000,3.126449,24.298258,248.549530,0.000000,0.000000,0.000000
82.720001,6.560036,21.301691,88.760658,0.000000,0.000000,0.000000
70.519997,7.870952,43.584000,265.207214,0.000000,0.000000,0.000000
25.040001,3.268192,13.422193,364.561249,0.000000,0.000000,0.000000
65.570000,8.885511,-0.178257,37.230339,0.000000,0.000000,0.000000
37.660000,3.047904,12.713875,260.963318,0.000000,0.000000,0.000000
48.259998,4.040933,10.188990,96.206711,0.000000,0.000000,0.000000
67.250000,7.123011,20.828165,77.695724,0.000000,0.000000,0.000000
28.400000,3.612918,20.268547,167.059494,0.000000,0.000000,0.000000
38.650002,5.214796,15.733296,69.646507,0.000000,0.000000,0.000000
63.000000,4.044121,10.171988,211.779785,0.000000,0.000000,0.000000
28.240000,2.224330,-0.633832,282.292603,0.000000,0.000000,0.000000
55.349998,3.702160,19.458748,196.317413,0.000000,0.000000,0.000000
57.759998,4.181162,20.988230,163.078766,0.000000,0.000000,0.000000
65.440002,8.215884,18.453388,241.673706,0.000000,0.000000,0.000000
70.260002,5.011250,19.754265,314.149506,0.000000,0.000000,0.000000
67.860001,2.953864,-2.183123,343.911804,0.000000,0.000000,0.000000
70.830002,5.738194,18.028803,192.676620,0.000000,0.000000,0.000000
100.970001,8.434286,26.581705,209.334320,0.000000,0.000000,0.000000
47.310001,4.544552,23.132133,467.687653,0.000000,0.000000,0.000000
15.660000,0.787568,-3.119853,379.584961,0.000000,0.000000,0.000000
66.800003,4.181524,11.917772,84.604431,0.000000,0.000000,0.000000
56.169998,4.905809,8.543011,149.634155,0.000000,0.000000,0.000000
78.949997,7.295939,16.056704,156.093262,0.000000,0.000000,0.000000
25.080000,2.629960,-10.940317,466.930969,0.000000,0.000000,0.000000
22.930000,4.878101,23.196276,152.913055,0.000000,0.000000,0.000000
13.350000,0.638470,3.696470,85.712021,0.000000,0.000000,0.000000
43.610001,5.754736,18.545979,64.898132,0.000000,0.000000,0.000000
37.630001,3.117092,22.120115,222.767944,0.000000,0.000000,0.000000
101.500000,8.707121,12.663914,126.528320,0.000000,0.000000,0.000000
91.379997,6.335947,12.741640,384.914581,0.000000,0.000000,0.000000
44.299999,4.658694,24.572914,314.467529,0.000000,0.000000,0.000000
49.470001,3.291960,16.476440,324.271301,0.000000,0.000000,0.000000
54.290001,6.294149,23.848301,257.070313,0.000000,0.000000,0.000000
29.330000,1.929090,1.697259,216.089493,0.000000,0.000000,0.000000
60.029999,2.913791,9.366072,83.113037,0.000000,0.000000,0.000000
30.370001,2.684304,15.306412,153.011765,0.000000,0.000000,0.000000
28.620001,2.816319,17.336939,125.025955,0.000000,0.000000,0.000000
30.020000,3.595232,16.730047,90.657799,0.000000,0.000000,0.000000
38.520000,3.755225,18.500412,118.380417,0.000000,0.000000,0.000000
32.880001,2.107936,16.081488,232.626556,0.000000,0.000000,0.000000
24.510000,2.562601,23.860531,227.198303,0.000000,0.000000,0.000000
52.480000,4.787354,30.468777,321.584595,0.000000,0.000000,0.000000
90.910004,7.998264,7.668521,220.892715,0.000000,0.000000,0.000000
75.870003,5.994246,14.746289,574.487732,0.000000,0.000000,0.000000
68.040001,5.542307,12.612679,495.914734,0.000000,0.000000,0.000000
56.799999,3.765969,31.445183,499.467773,0.000000,0.000000,0.000000
72.860001,6.765500,29.907835,242.474243,0.000000,0.000000,0.000000
35.349998,4.292346,8.167449,512.813721,0.000000,0.000000,0.000000
87.129997,6.352171,29.376175,171.204742,0.000000,0.000000,0.000000
24.870001,3.576748,33.639977,367.741455,0.000000,0.000000,0.000000
35.660000,5.597512,9.517024,172.093002,0.000000,0.000000,0.000000
79.410004,6.714575,24.375862,91.206108,0.000000,0.000000,0.000000
45.889999,6.088334,29.670238,274.144714,0.000000,0.000000,0.000000
64.500000,5.424895,22.223667,209.696182,0.000000,0.000000,0.000000
126.430000,12.241654,38.402115,155.150177,0.000000,0.000000,0.000000
18.510000,3.580178,6.450721,520.193970,0.000000,0.000000,0.000000
61.029999,2.468063,8.237221,53.317799,0.000000,0.000000,0.000000
29.629999,5.168743,28.422356,217.734436,0.000000,0.000000,0.000000
28.260000,1.952169,8.971704,174.253357,0.000000,0.000000,0.000000
97.849998,8.419830,18.633106,73.188599,0.000000,0.000000,0.000000
22.790001,1.319224,13.808434,304.839172,0.000000,0.000000,0.000000
44.230000,1.244494,-2.649213,162.629150,0.000000,0.000000,0.000000
56.869999,6.500988,39.305405,311.232483,0.000000,0.000000,0.000000
32.020000,3.234012,0.134141,376.031891,0.000000,0.000000,0.000000
107.309998,9.312363,31.423512,127.405624,0.000000,0.000000,0.000000
32.639999,3.326142,28.042530,474.366089,0.000000,0.000000,0.000000
54.820000,2.316573,15.300866,221.232666,0.000000,0.000000,0.000000
99.489998,8.615087,33.221386,136.134735,0.000000,0.000000,0.000000
16.719999,1.679588,16.730915,582.427307,0.000000,0.000000,0.000000
94.849998,5.834604,27.446106,190.132446,0.000000,0.000000,0.000000
38.119999,4.539813,36.989914,435.600464,0.000000,0.000000,0.000000
44.200001,3.316047,-25.242004,444.625671,0.000000,0.000000,0.000000
51.419998,4.958421,15.424146,124.598282,0.000000,0.000000,0.000000
23.299999,2.526079,15.511008,187.599243,0.000000,0.000000,0.000000
11.560000,1.603900,6.874504,66.214073,0.000000,0.000000,0.000000
19.940001,0.970592,2.908261,14.541218,0.000000,0.000000,0.000000
19.740000,1.514823,9.029683,74.285233,0.000000,0.000000,0.000000
9.980000,0.346476,3.710967,73.945267,0.000000,0.000000,0.000000
19.920000,2.053062,0.812142,2.686726,0.000000,0.000000,0.000000
22.230000,1.925567,7.067534,53.372627,0.000000,0.000000,0.000000
38.209999,2.529294,5.022460,38.337929,0.000000,0.000000,0.000000
15.830000,3.045240,20.207516,136.540497,0.000000,0.000000,0.000000
14.600000,0.451530,-5.644488,205.507111,0.000000,0.000000,0.000000
64.410004,6.003215,15.941877,51.025856,0.000000,0.000000,0.000000
30.910000,2.526135,21.994968,455.065552,0.000000,0.000000,0.000000
37.860001,1.794871,13.885813,183.464981,0.000000,0.000000,0.000000
44.169998,4.544010,19.170219,187.511505,0.000000,0.000000,0.000000
63.790001,4.305725,7.616616,253.648834,0.000000,0.000000,0.000000
56.740002,4.011420,23.573776,147.309326,0.000000,0.000000,0.000000
29.610001,4.638969,32.461678,300.200439,0.000000,0.000000,0.000000
56.060001,3.262054,17.073721,266.852173,0.000000,0.000000,0.000000
45.980000,3.381805,10.017917,177.927032,0.000000,0.000000,0.000000
31.080000,1.290122,12.885244,172.147827,0.000000,0.000000,0.000000
44.759998,3.128340,18.289610,121.396118,0.000000,0.000000,0.000000
32.799999,3.979642,18.530947,105.166122,0.000000,0.000000,0.000000
29.129999,3.032405,14.901791,115.112495,0.000000,0.000000,0.000000
38.930000,3.677132,12.908493,67.606789,0.000000,0.000000,0.000000
12.800000,2.013172,7.438678,40.586010,0.000000,0.000000,0.000000
38.930000,3.676812,4.051133,5.910797,0.000000,0.000000,0.000000
17.450001,2.382526,4.333674,11.130720,0.000000,0.000000,0.000000
15.290000,3.097038,1.008464,1.579137,0.000000,0.000000,0.000000
22.969999,2.130447,2.225922,3.004746,0.000000,0.000000,0.000000
13.870000,2.694427,0.518694,0.394784,0.000000,0.000000,0.000000
24.559999,2.877031,1.541012,1.590103,0.000000,0.000000,0.000000
24.190001,2.834625,4.748223,13.422663,0.000000,0.000000,0.000000
27.900000,2.464645,2.572743,22.382069,0.000000,0.000000,0.000000
54.680000,7.610166,25.930157,104.760361,0.000000,0.000000,0.000000
9.960000,0.701576,-10.880752,412.209473,0.000000,0.000000,0.000000
76.269997,7.913594,18.534172,75.337982,0.000000,0.000000,0.000000
67.639999,5.299881,21.959888,256.543915,0.000000,0.000000,0.000000
44.150002,5.785941,2.786657,269.878845,0.000000,0.000000,0.000000
69.239998,7.614230,31.232643,167.454285,0.000000,0.000000,0.000000
25.750000,3.540772,-0.148564,366.469391,0.000000,0.000000,0.000000
75.389999,6.596912,11.345805,108.039276,0.000000,0.000000,0.000000
25.969999,2.400762,11.176803,196.624451,0.000000,0.000000,0.000000
23.100000,3.382143,4.360126,27.075615,0.000000,0.000000,0.000000
11.030000,2.605106,7.970589,32.953514,0.000000,0.000000,0.000000
12.290000,1.441506,-1.238288,18.620653,0.000000,0.000000,0.000000
8.540000,1.255369,0.187549,1.217251,0.000000,0.000000,0.000000
6.940000,0.562519,2.283173,13.400730,0.000000,0.000000,0.000000
17.270000,0.789066,5.310979,48.810677,0.000000,0.000000,0.000000
36.919998,3.065891,12.298355,69.723274,0.000000,0.000000,0.000000
42.930000,3.582767,23.738401,205.254883,0.000000,0.000000,0.000000
30.340000,4.758071,16.700497,324.227478,0.000000,0.000000,0.000000
47.520000,3.630633,14.384237,169.022446,0.000000,0.000000,0.000000
111.949997,12.534168,53.848282,321.825867,0.000000,0.000000,0.000000
5.850000,1.978661,-7.609736,774.818726,0.000000,0.000000,0.000000
114.940002,11.121299,8.394001,61.575363,0.000000,0.000000,0.000000
35.259998,6.406719,21.768173,424.721985,0.000000,0.000000,0.000000
37.119999,3.143793,-5.826581,340.885193,0.000000,0.000000,0.000000
148.779999,12.569051,18.934683,96.228645,0.000000,0.000000,0.000000
19.520000,2.330141,1.839677,639.089783,0.000000,0.000000,0.000000
110.220001,5.135011,11.820981,45.915596,0.000000,0.000000,0.000000
46.889999,7.677120,29.112530,265.273010,0.000000,0.000000,0.000000
31.719999,3.217815,0.241939,189.770538,0.000000,0.000000,0.000000
85.650002,6.509362,8.382085,42.296741,0.000000,0.000000,0.000000
37.299999,3.800847,4.158501,133.020340,0.000000,0.000000,0.000000
52.340000,4.046918,7.344778,27.053680,0.000000,0.000000,0.000000
41.209999,3.849940,8.957272,36.462708,0.000000,0.000000,0.000000
13.160000,2.258470,5.811189,22.195644,0.000000,0.000000,0.000000
22.389999,3.488709,1.688369,1.074690,0.000000,0.000000,0.000000
20.480000,1.836949,2.246418,3.180206,0.000000,0.000000,0.000000
12.820000,1.779537,0.347285,1.425610,0.000000,0.000000,0.000000
23.129999,1.864174,1.467949,4.013639,0.000000,0.000000,0.000000
18.330000,2.166714,6.850129,29.597845,0.000000,0.000000,0.000000
40.830002,3.518871,16.040030,77.618950,0.000000,0.000000,0.000000
50.770000,3.860355,21.542118,142.100372,0.000000,0.000000,0.000000
40.630001,3.713929,25.797337,218.534973,0.000000,0.000000,0.000000
47.750000,3.553248,21.489056,234.633392,0.000000,0.000000,0.000000
55.779999,6.238810,24.353565,150.379883,0.000000,0.000000,0.000000
30.690001,4.602820,24.535084,260.886566,0.000000,0.000000,0.000000
12.640000,1.422319,10.191269,163.638046,0.000000,0.000000,0.000000
145.679993,11.775780,16.081533,32.569695,0.000000,0.000000,0.000000
20.430000,5.155008,20.183603,694.140259,0.000000,0.000000,0.000000
42.250000,2.723885,11.627825,117.875977,0.000000,0.000000,0.000000
53.270000,8.104794,27.357883,115.309875,0.000000,0.000000,0.000000
32.880001,2.964876,11.940834,212.415833,0.000000,0.000000,0.000000
50.680000,4.763363,9.898510,96.820816,0.000000,0.000000,0.000000
25.540001,5.303337,19.884190,154.163208,0.000000,0.000000,0.000000
53.049999,3.203690,5.689598,104.946793,0.000000,0.000000,0.000000
31.770000,3.623320,17.596661,108.927536,0.000000,0.000000,0.000000
28.059999,2.708752,9.139508,57.177902,0.000000,0.000000,0.000000
37.279999,4.775828,15.777474,88.650978,0.000000,0.000000,0.000000
17.770000,2.577241,8.684797,83.025299,0.000000,0.000000,0.000000
56.560001,5.144343,8.948401,58.713181,0.000000,0.000000,0.000000
35.369999,3.379484,9.567626,67.277794,0.000000,0.000000,0.000000
22.219999,3.844462,6.823612,42.581860,0.000000,0.000000,0.000000
35.169998,3.958857,6.808887,22.206610,0.000000,0.000000,0.000000
11.740000,2.116590,5.049427,34.609413,0.000000,0.000000,0.000000
37.840000,3.755320,2.097590,2.741557,0.000000,0.000000,0.000000
22.240000,2.365936,3.677616,8.981339,0.000000,0.000000,0.000000
17.959999,3.180195,0.536664,0.811501,0.000000,0.000000,0.000000
25.980000,2.533241,1.277844,1.206285,0.000000,0.000000,0.000000
15.280000,2.716079,0.385063,0.142561,0.000000,0.000000,0.000000
19.209999,2.707263,0.226992,0.208358,0.000000,0.000000,0.000000
28.459999,2.615390,0.085006,0.010966,0.000000,0.000000,0.000000
16.549999,2.667182,0.000000,0.000000,0.000000,0.000000,0.000000
23.830000,2.361580,0.000000,0.000000,0.000000,0.000000,0.000000
10.860000,1.547193,-0.034088,0.098696,0.000000,0.000000,0.000000
8.380000,0.608524,0.175352,1.326914,0.000000,0.000000,0.000000
7.660000,0.333795,0.526623,2.039718,0.000000,0.000000,0.000000
14.770000,0.708958,3.029280,14.014839,0.000000,0.000000,0.000000
26.500000,1.538637,5.818211,25.496477,0.000000,0.000000,0.000000
24.540001,1.816916,9.836771,60.127823,0.000000,0.000000,0.000000
25.040001,3.168792,10.684753,54.107368,0.000000,0.000000,0.000000
53.009998,4.987891,16.624268,67.738388,0.000000,0.000000,0.000000
44.000000,3.857044,18.617226,130.092346,0.000000,0.000000,0.000000
49.820000,4.348568,18.442097,113.664948,0.000000,0.000000,0.000000
58.150002,4.990836,24.168221,141.563034,0.000000,0.000000,0.000000
14.760000,2.001796,13.293638,175.053894,0.000000,0.000000,0.000000
48.580002,5.329336,15.793035,50.400787,0.000000,0.000000,0.000000
29.900000,1.221932,7.908149,94.528870,0.000000,0.000000,0.000000
122.430000,10.222313,17.912807,46.365211,0.000000,0.000000,0.000000
10.680000,0.705976,9.210493,335.632324,0.000000,0.000000,0.000000
49.709999,3.513992,3.169662,3.958808,0.000000,0.000000,0.000000
16.160000,4.461634,16.540518,96.480865,0.000000,0.000000,0.000000
17.969999,1.723588,1.432994,28.358664,0.000000,0.000000,0.000000
24.160000,4.549075,6.630020,15.462381,0.000000,0.000000,0.000000
19.930000,2.160272,1.092957,11.174585,0.000000,0.000000,0.000000
22.049999,2.935553,3.221386,6.941622,0.000000,0.000000,0.000000
12.450000,2.346053,0.261284,1.107589,0.000000,0.000000,0.000000
19.559999,2.586706,1.922525,2.774456,0.000000,0.000000,0.000000
18.320000,3.246053,1.329669,1.458508,0.000000,0.000000,0.000000
25.770000,3.411911,4.622447,8.257568,0.000000,0.000000,0.000000
40.860001,3.998074,5.569947,12.863385,0.000000,0.000000,0.000000
23.639999,3.497775,7.677935,19.410221,0.000000,0.000000,0.000000
23.450001,3.382824,6.968894,22.064049,0.000000,0.000000,0.000000
26.299999,3.748786,6.302051,20.155926,0.000000,0.000000,0.000000
19.900000,3.494873,5.714439,38.184402,0.000000,0.000000,0.000000
47.750000,4.073349,6.746678,22.623325,0.000000,0.000000,0.000000
26.320000,2.893317,7.879120,37.493530,0.000000,0.000000,0.000000
36.040001,4.762298,7.478760,19.728241,0.000000,0.000000,0.000000
30.570000,4.103576,11.276941,52.363731,0.000000,0.000000,0.000000
23.990000,3.592297,9.923710,30.200989,0.000000,0.000000,0.000000
49.529999,5.207494,12.000273,52.933983,0.000000,0.000000,0.000000
33.060001,3.076545,9.356956,65.117462,0.000000,0.000000,0.000000
41.660000,5.451863,10.456349,43.360462,0.000000,0.000000,0.000000
28.600000,4.065560,13.344497,83.979370,0.000000,0.000000,0.000000
29.660000,2.963628,6.008562,30.102291,0.000000,0.000000,0.000000
26.639999,3.923367,7.603547,42.351570,0.000000,0.000000,0.000000
35.189999,2.688997,6.126839,21.164818,0.000000,0.000000,0.000000
24.879999,3.462574,6.980689,20.671341,0.000000,0.000000,0.000000
28.059999,4.134161,7.238496,16.909922,0.000000,0.000000,0.000000
25.590000,3.668029,7.761810,22.469803,0.000000,0.000000,0.000000
29.309999,4.212177,8.307121,26.417641,0.000000,0.000000,0.000000
54.139999,4.008233,8.032647,27.634892,0.000000,0.000000,0.000000
31.639999,4.393916,12.137978,42.395439,0.000000,0.000000,0.000000
25.750000,4.063186,8.642015,19.530851,0.000000,0.000000,0.000000
22.930000,3.141124,11.664277,52.451462,0.000000,0.000000,0.000000
27.160000,4.539475,2.730581,2.335807,0.000000,0.000000,0.000000
19.209999,2.423999,7.194389,24.805605,0.000000,0.000000,0.000000
23.129999,1.647268,0.917071,4.693545,0.000000,0.000000,0.000000
10.330000,1.744632,0.274973,1.294015,0.000000,0.000000,0.000000
14.600000,1.150204,0.000000,0.000000,0.000000,0.000000,0.000000
10.500000,1.184210,1.219495,3.618855,0.000000,0.000000,0.000000
14.420000,0.944950,2.265285,7.336407,0.000000,0.000000,0.000000
28.440001,2.040630,6.415594,20.835831,0.000000,0.000000,0.000000
22.049999,1.840698,11.277319,75.381851,0.000000,0.000000,0.000000
50.380001,3.722951,16.155128,81.259743,0.000000,0.000000,0.000000
32.480000,2.874271,23.454790,210.584457,0.000000,0.000000,0.000000
38.299999,3.436049,22.554169,196.459961,0.000000,0.000000,0.000000
108.379997,8.626788,32.475533,202.787476,0.000000,0.000000,0.000000
37.279999,3.606127,18.400211,291.866089,0.000000,0.000000,0.000000
54.610001,4.784761,18.029078,87.718849,0.000000,0.000000,0.000000
48.970001,4.790905,16.429211,121.626427,0.000000,0.000000,0.000000
18.120001,3.225165,8.470916,89.034798,0.000000,0.000000,0.000000
67.150002,4.568346,9.888932,25.331984,0.000000,0.000000,0.000000
33.950001,3.436868,12.683606,139.709732,0.000000,0.000000,0.000000
35.500000,2.616828,2.325908,11.635166,0.000000,0.000000,0.000000
63.250000,8.802361,26.645885,133.129990,0.000000,0.000000,0.000000
35.970001,3.199721,-1.620957,135.038132,0.000000,0.000000,0.000000
37.119999,4.555648,7.124568,20.452015,0.000000,0.000000,0.000000
46.009998,3.472319,9.393646,61.169609,0.000000,0.000000,0.000000
30.730000,3.748466,8.997695,37.515465,0.000000,0.000000,0.000000
58.049999,3.485258,12.374243,45.860760,0.000000,0.000000,0.000000
26.639999,3.240042,11.346374,66.082489,0.000000,0.000000,0.000000
34.590000,4.876577,9.552785,45.981388,0.000000,0.000000,0.000000
57.480000,3.790522,9.441678,93.147133,0.000000,0.000000,0.000000
33.020000,4.336046,7.533841,95.888687,0.000000,0.000000,0.000000
39.049999,3.543848,15.981787,88.661949,0.000000,0.000000,0.000000
40.860001,3.304292,8.957300,46.277477,0.000000,0.000000,0.000000
25.400000,3.782381,14.241156,66.828186,0.000000,0.000000,0.000000
32.529999,2.368996,7.163419,64.371758,0.000000,0.000000,0.000000
39.049999,5.213020,6.997925,24.937202,0.000000,0.000000,0.000000
13.880000,1.229979,6.657850,47.209610,0.000000,0.000000,0.000000
35.730000,3.370329,1.621950,1.557204,0.000000,0.000000,0.000000
15.480000,2.244706,2.951756,8.323366,0.000000,0.000000,0.000000
11.220000,1.218678,0.006658,1.239184,0.000000,0.000000,0.000000
7.840000,0.606441,0.022344,4.496153,0.000000,0.000000,0.000000
8.900000,0.644325,1.456126,5.559877,0.000000,0.000000,0.000000
22.260000,0.928001,5.772219,41.211082,0.000000,0.000000,0.000000
24.190001,1.719363,9.747114,65.709633,0.000000,0.000000,0.000000
22.719999,3.240547,19.425690,130.202011,0.000000,0.000000,0.000000
32.150002,2.610242,17.341587,205.770279,0.000000,0.000000,0.000000
15.830000,2.558023,17.029131,140.784424,0.000000,0.000000,0.000000
108.739998,6.577761,22.297527,95.471970,0.000000,0.000000,0.000000
43.080002,5.224372,42.037090,421.793976,0.000000,0.000000,0.000000
13.690000,2.725414,-12.044212,297.996246,0.000000,0.000000,0.000000
137.419998,11.057051,15.267874,32.657425,0.000000,0.000000,0.000000
21.520000,2.981247,-1.499033,468.049500,0.000000,0.000000,0.000000
78.650002,5.922573,5.207439,31.067322,0.000000,0.000000,0.000000
75.739998,7.783631,40.093697,393.369537,0.000000,0.000000,0.000000
19.379999,1.686272,1.364692,267.466278,0.000000,0.000000,0.000000
124.300003,13.093564,27.441133,69.789070,0.000000,0.000000,0.000000
31.969999,3.102108,-1.495432,508.284668,0.000000,0.000000,0.000000
83.489998,7.968126,0.482618,43.415291,0.000000,0.000000,0.000000
65.029999,6.194541,-0.662580,357.959564,0.000000,0.000000,0.000000
49.349998,2.357133,4.801768,114.004898,0.000000,0.000000,0.000000
68.790001,5.238002,14.191643,94.156036,0.000000,0.000000,0.000000
20.110001,2.821410,12.251875,82.871780,0.000000,0.000000,0.000000
26.840000,3.896151,11.041765,34.598446,0.000000,0.000000,0.000000
57.130001,5.381495,10.829266,47.593426,0.000000,0.000000,0.000000
33.930000,3.595611,7.616365,43.283699,0.000000,0.000000,0.000000
20.250000,3.945369,9.283406,38.787544,0.000000,0.000000,0.000000
43.160000,4.649508,7.047375,20.144960,0.000000,0.000000,0.000000
17.780001,2.547832,6.458596,31.078289,0.000000,0.000000,0.000000
27.549999,3.280299,3.666646,6.864858,0.000000,0.000000,0.000000
34.150002,2.948217,3.364499,5.735336,0.000000,0.000000,0.000000
15.640000,2.814803,1.578818,1.326914,0.000000,0.000000,0.000000
22.080000,1.803741,0.996284,0.877298,0.000000,0.000000,0.000000
10.870000,1.499825,0.201057,0.811501,0.000000,0.000000,0.000000
10.860000,1.248567,1.708909,6.590703,0.000000,0.000000,0.000000
23.820000,1.723503,4.714528,14.968900,0.000000,0.000000,0.000000
21.160000,2.205495,10.630526,51.376770,0.000000,0.000000,0.000000
39.049999,2.627490,12.979067,74.734833,0.000000,0.000000,0.000000
55.320000,4.448073,24.130527,141.530121,0.000000,0.000000,0.000000
23.270000,2.352930,19.556334,240.653824,0.000000,0.000000,0.000000
72.730003,5.520852,24.335892,120.266602,0.000000,0.000000,0.000000
64.500000,6.288546,35.391060,317.165222,0.000000,0.000000,0.000000
50.740002,3.415279,13.652834,195.363327,0.000000,0.000000,0.000000
87.720001,8.058849,25.330563,119.115158,0.000000,0.000000,0.000000
15.820000,2.422110,14.099185,257.936615,0.000000,0.000000,0.000000
87.480003,4.251206,11.748610,35.771832,0.000000,0.000000,0.000000
36.570000,5.570214,26.797148,166.960800,0.000000,0.000000,0.000000
15.850000,1.595049,-1.815778,90.570068,0.000000,0.000000,0.000000
142.789993,16.228693,23.661503,51.870255,0.000000,0.000000,0.000000
28.860001,4.117776,-20.949768,483.193909,0.000000,0.000000,0.000000
49.759998,5.380804,8.930428,27.634892,0.000000,0.000000,0.000000
27.000000,4.006105,16.737982,110.813736,0.000000,0.000000,0.000000
21.500000,3.478023,10.641201,50.444649,0.000000,0.000000,0.000000
39.049999,3.449473,11.042370,45.564671,0.000000,0.000000,0.000000
53.759998,5.037159,8.420817,36.155651,0.000000,0.000000,0.000000
20.969999,2.801196,10.515038,57.320465,0.000000,0.000000,0.000000
41.740002,4.188510,10.828337,40.816296,0.000000,0.000000,0.000000
27.709999,3.736334,10.248105,49.677010,0.000000,0.000000,0.000000
31.820000,3.502174,10.228777,37.866383,0.000000,0.000000,0.000000
43.369999,3.244425,7.623137,44.972492,0.000000,0.000000,0.000000
25.059999,3.416702,6.977665,20.605541,0.000000,0.000000,0.000000
19.730000,3.165120,5.595913,30.902828,0.000000,0.000000,0.000000
23.120001,3.019557,4.382921,7.961481,0.000000,0.000000,0.000000
18.150000,3.161294,2.860254,6.941622,0.000000,0.000000,0.000000
30.230000,3.156095,1.429402,1.096623,0.000000,0.000000,0.000000
19.570000,2.505412,0.403740,0.438649,0.000000,0.000000,0.000000
14.070000,1.719871,-0.124042,0.701839,0.000000,0.000000,0.000000
8.720000,0.679412,-0.085291,0.975994,0.000000,0.000000,0.000000
7.120000,0.395791,0.759814,4.167166,0.000000,0.000000,0.000000
16.559999,0.593582,2.524824,12.742756,0.000000,0.000000,0.000000
19.750000,1.201281,5.702299,29.235960,0.000000,0.000000,0.000000
14.070000,1.450526,7.969307,52.714653,0.000000,0.000000,0.000000
39.049999,2.948244,11.080111,42.143211,0.000000,0.000000,0.000000
26.090000,3.046575,15.818075,121.407097,0.000000,0.000000,0.000000
14.590000,1.434192,9.605164,110.561501,0.000000,0.000000,0.000000
121.589996,9.427820,11.158052,16.646732,0.000000,0.000000,0.000000
4.750000,2.517476,35.420235,620.688477,0.000000,0.000000,0.000000
45.060001,1.808614,-3.726069,90.295914,0.000000,0.000000,0.000000
55.849998,8.717109,20.763403,57.561726,0.000000,0.000000,0.000000
18.860001,2.175927,-5.137721,213.545334,0.000000,0.000000,0.000000
138.300003,9.831202,5.345138,18.839979,0.000000,0.000000,0.000000
18.480000,3.411543,6.141093,403.304932,0.000000,0.000000,0.000000
70.339996,2.951045,9.622876,68.747276,0.000000,0.000000,0.000000
58.169998,7.737673,35.170570,307.416260,0.000000,0.000000,0.000000
13.360000,3.357506,2.832846,171.621460,0.000000,0.000000,0.000000
115.269997,10.052184,23.199417,69.185928,0.000000,0.000000,0.000000
61.349998,6.220043,-17.038284,355.788300,0.000000,0.000000,0.000000
77.360001,6.644566,-0.485793,83.014343,0.000000,0.000000,0.000000
55.490002,5.238376,-8.842874,215.782440,0.000000,0.000000,0.000000
25.770000,2.466815,7.653061,38.118607,0.000000,0.000000,0.000000
38.169998,4.364673,10.853690,55.511044,0.000000,0.000000,0.000000
37.480000,3.126230,7.971089,39.456486,0.000000,0.000000,0.000000
25.750000,4.025913,9.662239,31.045389,0.000000,0.000000,0.000000
45.119999,3.547600,7.116728,23.719950,0.000000,0.000000,0.000000
27.000000,4.340999,7.296578,14.365759,0.000000,0.000000,0.000000
18.139999,3.000417,8.522627,31.462107,0.000000,0.000000,0.000000
27.730000,3.799767,4.506182,6.656499,0.000000,0.000000,0.000000
19.370001,3.914420,7.426190,22.700090,0.000000,0.000000,0.000000
39.810001,3.244775,3.866900,5.461181,0.000000,0.000000,0.000000
31.459999,3.835140,5.540885,8.169840,0.000000,0.000000,0.000000
13.520000,2.698241,3.393356,7.906651,0.000000,0.000000,0.000000
25.430000,2.534863,1.986664,2.193246,0.000000,0.000000,0.000000
15.660000,1.668402,0.871148,0.493480,0.000000,0.000000,0.000000
14.960000,1.354287,0.036063,0.570244,0.000000,0.000000,0.000000
16.190001,0.994695,0.784839,2.741557,0.000000,0.000000,0.000000
13.530000,0.918095,2.436283,9.058104,0.000000,0.000000,0.000000
14.770000,1.440372,5.530263,22.206610,0.000000,0.000000,0.000000
30.370001,2.781586,9.716607,35.596371,0.000000,0.000000,0.000000
21.160000,2.099524,12.837904,91.206108,0.000000,0.000000,0.000000
46.360001,3.061332,15.708958,86.644165,0.000000,0.000000,0.000000
38.849998,3.580592,20.543158,139.556213,0.000000,0.000000,0.000000
34.060001,4.137828,21.827040,183.234680,0.000000,0.000000,0.000000
67.730003,6.556135,24.898331,167.333649,0.000000,0.000000,0.000000
27.670000,3.604819,22.983820,229.534088,0.000000,0.000000,0.000000
58.509998,4.318722,20.104851,104.979698,0.000000,0.000000,0.000000
48.970001,4.636623,19.112143,106.043411,0.000000,0.000000,0.000000
29.290001,4.108316,11.329756,102.896103,0.000000,0.000000,0.000000
50.880001,5.052246,14.913521,77.969879,0.000000,0.000000,0.000000
11.560000,1.249653,6.862311,111.197540,0.000000,0.000000,0.000000
197.100006,13.005158,16.101238,26.395706,0.000000,0.000000,0.000000
51.549999,6.111638,-4.631359,580.892029,0.000000,0.000000,0.000000
35.130001,3.750011,10.039900,106.843956,0.000000,0.000000,0.000000
71.849998,6.945055,21.193504,126.550262,0.000000,0.000000,0.000000
14.400000,1.986206,10.286695,179.659698,0.000000,0.000000,0.000000
51.560001,4.660713,11.641165,38.995903,0.000000,0.000000,0.000000
48.430000,4.787830,16.564714,111.636200,0.000000,0.000000,0.000000
41.180000,3.976018,5.454838,77.794411,0.000000,0.000000,0.000000
50.630001,3.912579,15.624218,131.375381,0.000000,0.000000,0.000000
31.299999,2.206258,9.324251,60.544540,0.000000,0.000000,0.000000
27.889999,3.710287,14.390339,70.512848,0.000000,0.000000,0.000000
46.180000,3.524345,8.964632,40.849197,0.000000,0.000000,0.000000
54.639999,5.208879,9.644995,46.211678,0.000000,0.000000,0.000000
21.330000,2.727334,6.073637,60.094921,0.000000,0.000000,0.000000
49.169998,5.206044,8.177937,18.357464,0.000000,0.000000,0.000000
19.740000,2.716744,7.307572,37.932178,0.000000,0.000000,0.000000
26.680000,3.005841,2.669991,5.208958,0.000000,0.000000,0.000000
30.370001,3.412852,2.287121,5.647607,0.000000,0.000000,0.000000
16.190001,2.103422,0.535889,1.074690,0.000000,0.000000,0.000000
16.910000,1.656948,-0.280906,1.579137,0.000000,0.000000,0.000000
6.410000,0.806189,0.439883,1.951988,0.000000,0.000000,0.000000
8.910000,0.175712,0.599043,5.932729,0.000000,0.000000,0.000000
12.990000,1.176681,4.089065,14.760542,0.000000,0.000000,0.000000
12.820000,0.833936,4.717617,49.863438,0.000000,0.000000,0.000000
36.970001,2.614241,9.050212,32.438099,0.000000,0.000000,0.000000
29.840000,2.499829,14.801785,107.359360,0.000000,0.000000,0.000000
33.549999,3.732285,15.237312,129.379547,0.000000,0.000000,0.000000
62.549999,4.924950,26.838209,157.420181,0.000000,0.000000,0.000000
12.450000,1.177828,12.577406,284.485870,0.000000,0.000000,0.000000
79.959999,6.274420,13.661396,32.953514,0.000000,0.000000,0.000000
56.480000,9.121680,62.888748,442.048584,0.000000,0.000000,0.000000
13.870000,5.196694,-34.229053,429.492279,0.000000,0.000000,0.000000
126.690002,10.688761,4.255909,13.049810,0.000000,0.000000,0.000000
13.340000,2.642339,-9.371789,316.167297,0.000000,0.000000,0.000000
64.769997,5.219188,-0.461893,25.836430,0.000000,0.000000,0.000000
34.790001,3.595900,14.452664,268.760284,0.000000,0.000000,0.000000
18.680000,1.245511,7.680227,53.668716,0.000000,0.000000,0.000000
61.150002,9.101390,28.579685,102.578094,0.000000,0.000000,0.000000
26.629999,5.245750,-0.460444,204.169205,0.000000,0.000000,0.000000
68.089996,7.849432,11.878438,52.221176,0.000000,0.000000,0.000000
72.959999,7.372125,1.010480,321.639435,0.000000,0.000000,0.000000
54.290001,7.794929,-2.646795,159.427002,0.000000,0.000000,0.000000
47.490002,5.309155,-3.209780,351.390869,0.000000,0.000000,0.000000
63.259998,3.278744,11.766114,104.387512,0.000000,0.000000,0.000000
28.790001,2.553009,14.449415,117.009636,0.000000,0.000000,0.000000
47.610001,4.431921,11.838102,44.797035,0.000000,0.000000,0.000000
38.520000,5.155978,12.005907,59.151829,0.000000,0.000000,0.000000
24.879999,3.477279,8.577912,66.093452,0.000000,0.000000,0.000000
58.549999,5.185309,5.355830,38.995907,0.000000,0.000000,0.000000
25.240000,2.706692,7.339721,54.491180,0.000000,0.000000,0.000000
40.139999,2.795088,2.681067,15.100495,0.000000,0.000000,0.000000
28.459999,3.407489,4.629335,20.605541,0.000000,0.000000,0.000000
15.120000,2.185176,2.017838,5.395384,0.000000,0.000000,0.000000
16.900000,2.226076,1.474441,1.326914,0.000000,0.000000,0.000000
20.290001,1.883593,1.105881,0.888264,0.000000,0.000000,0.000000
12.470000,1.676613,0.248126,0.043865,0.000000,0.000000,0.000000
17.629999,1.335098,-0.009018,0.043865,0.000000,0.000000,0.000000
9.260000,0.966119,0.074693,0.416717,0.000000,0.000000,0.000000
13.350000,0.820332,0.438854,0.888264,0.000000,0.000000,0.000000
13.180000,0.796937,1.356756,3.607889,0.000000,0.000000,0.000000
16.010000,1.478338,3.084266,7.051283,0.000000,0.000000,0.000000
22.420000,1.986289,8.190259,36.035019,0.000000,0.000000,0.000000
33.549999,2.674978,10.223838,43.667519,0.000000,0.000000,0.000000
39.590000,3.787334,19.635166,108.039276,0.000000,0.000000,0.000000
28.240000,2.442942,20.558954,187.654083,0.000000,0.000000,0.000000
56.490002,5.268917,27.614872,185.274399,0.000000,0.000000,0.000000
57.369999,5.604196,32.979168,314.379791,0.000000,0.000000,0.000000
46.810001,4.050577,22.180355,315.937012,0.000000,0.000000,0.000000
63.669998,6.570486,30.417847,185.976227,0.000000,0.000000,0.000000
22.020000,3.342380,23.523083,334.283478,0.000000,0.000000,0.000000
56.950001,2.408401,6.529047,75.469574,0.000000,0.000000,0.000000
164.240005,15.247435,48.684887,253.495316,0.000000,0.000000,0.000000
44.830002,5.098632,-24.392443,751.745850,0.000000,0.000000,0.000000
143.750000,10.920011,20.246418,77.849243,0.000000,0.000000,0.000000
34.220001,5.178553,15.857256,479.783356,0.000000,0.000000,0.000000
67.110001,4.537483,1.469231,185.033142,0.000000,0.000000,0.000000
53.049999,6.685534,28.888050,250.304123,0.000000,0.000000,0.000000
50.209999,5.567667,-4.598273,224.215485,0.000000,0.000000,0.000000
89.019997,9.274635,14.910240,99.858467,0.000000,0.000000,0.000000
59.750000,4.798543,-5.534725,341.905029,0.000000,0.000000,0.000000
52.980000,6.149024,9.060767,125.135605,0.000000,0.000000,0.000000
21.330000,4.029670,18.836086,134.566559,0.000000,0.000000,0.000000
30.350000,5.661561,4.661393,18.116207,0.000000,0.000000,0.000000
48.759998,7.640053,8.409760,15.484313,0.000000,0.000000,0.000000
49.049999,6.855795,-10.000154,106.898781,0.000000,0.000000,0.000000
128.979996,10.850537,-6.802234,96.184776,0.000000,0.000000,0.000000
37.560001,6.340678,0.360080,255.732422,0.000000,0.000000,0.000000
87.730003,6.899722,7.256854,111.756821,0.000000,0.000000,0.000000
46.750000,6.492983,28.483829,256.631622,0.000000,0.000000,0.000000
66.620003,6.275214,13.926306,140.597992,0.000000,0.000000,0.000000
117.790001,9.970774,37.188915,151.268127,0.000000,0.000000,0.000000
52.450001,5.418216,8.324089,545.942627,0.000000,0.000000,0.000000
112.260002,12.288527,31.727066,149.853500,0.000000,0.000000,0.000000
46.980000,5.942557,27.292540,546.633484,0.000000,0.000000,0.000000
39.919998,3.834792,13.042810,282.117157,0.000000,0.000000,0.000000
53.730000,8.418003,35.069775,193.202988,0.000000,0.000000,0.000000
42.730000,4.502834,-2.334554,402.427673,0.000000,0.000000,0.000000
114.089996,10.338694,20.791599,148.921356,0.000000,0.000000,0.000000
57.299999,3.984630,-12.957232,522.924561,0.000000,0.000000,0.000000
70.339996,5.811332,20.570469,215.047714,0.000000,0.000000,0.000000
65.790001,6.591189,39.796307,409.467957,0.000000,0.000000,0.000000
62.110001,6.291924,-0.582757,462.478668,0.000000,0.000000,0.000000
108.209999,11.396471,16.081676,328.701660,0.000000,0.000000,0.000000
54.250000,4.326591,-3.763040,750.057068,0.000000,0.000000,0.000000
103.199997,7.177176,22.243233,175.218384,0.000000,0.000000,0.000000
63.490002,7.818810,19.907238,666.242188,0.000000,0.000000,0.000000
70.480003,6.004547,5.037175,374.112854,0.000000,0.000000,0.000000
77.919998,10.478492,43.087128,252.639923,0.000000,0.000000,0.000000
21.309999,3.701533,2.623911,554.145386,0.000000,0.000000,0.000000
137.330002,12.623645,12.836584,49.468651,0.000000,0.000000,0.000000
49.330002,6.802065,17.542259,502.406738,0.000000,0.000000,0.000000
82.290001,4.706388,14.179470,182.368347,0.000000,0.000000,0.000000
83.669998,9.998665,34.691673,138.470551,0.000000,0.000000,0.000000
23.080000,2.996530,9.399000,471.306488,0.000000,0.000000,0.000000
95.330002,6.404654,12.770290,82.751152,0.000000,0.000000,0.000000
38.320000,3.903437,14.768700,191.525146,0.000000,0.000000,0.000000
57.980000,3.648558,5.485516,75.381844,0.000000,0.000000,0.000000
54.360001,7.322459,17.484535,66.126343,0.000000,0.000000,0.000000
31.240000,3.426963,14.763205,136.891418,0.000000,0.000000,0.000000
68.349998,6.687021,14.581627,37.537392,0.000000,0.000000,0.000000
55.110001,5.901768,26.332724,158.253616,0.000000,0.000000,0.000000
37.610001,4.110270,15.964764,102.578087,0.000000,0.000000,0.000000
104.540001,11.817702,21.841055,61.520535,0.000000,0.000000,0.000000
27.730000,2.214401,7.456031,367.445343,0.000000,0.000000,0.000000
95.199997,5.325523,11.325113,34.653278,0.000000,0.000000,0.000000
33.000000,4.229106,29.926373,308.227753,0.000000,0.000000,0.000000
21.330000,2.915000,0.317325,136.924316,0.000000,0.000000,0.000000
96.620003,9.187738,12.078834,28.314798,0.000000,0.000000,0.000000
32.330002,2.577517,-10.909266,353.737579,0.000000,0.000000,0.000000
97.739998,5.623592,1.487915,28.259966,0.000000,0.000000,0.000000
24.330000,2.682312,9.359131,224.555450,0.000000,0.000000,0.000000
28.059999,2.418797,-1.527350,58.362259,0.000000,0.000000,0.000000
42.220001,4.306626,6.905508,103.038673,0.000000,0.000000,0.000000
11.030000,1.436084,3.269613,65.994751,0.000000,0.000000,0.000000
36.919998,5.049253,8.579000,30.858965,0.000000,0.000000,0.000000
14.580000,3.752642,3.879711,16.449343,0.000000,0.000000,0.000000
31.360001,6.853172,-1.796164,2.763489,0.000000,0.000000,0.000000
38.299999,6.232730,-6.560770,19.179935,0.000000,0.000000,0.000000
73.360001,6.104169,-16.120823,76.083694,0.000000,0.000000,0.000000
49.610001,5.751805,-17.758764,97.040131,0.000000,0.000000,0.000000
36.570000,4.281446,-13.943457,81.106209,0.000000,0.000000,0.000000
35.299999,3.514790,-11.897658,63.384789,0.000000,0.000000,0.000000
15.660000,1.435129,-8.116993,99.551407,0.000000,0.000000,0.000000
47.250000,0.952257,-4.186810,40.388618,0.000000,0.000000,0.000000
9.080000,0.677008,6.893195,126.385757,0.000000,0.000000,0.000000
17.090000,0.926795,2.470478,10.374051,0.000000,0.000000,0.000000
26.430000,4.211950,14.021777,47.582462,0.000000,0.000000,0.000000
23.639999,3.535908,-7.362198,121.121979,0.000000,0.000000,0.000000
70.260002,4.982291,6.992607,49.051937,0.000000,0.000000,0.000000
31.600000,4.166372,-6.842022,234.885635,0.000000,0.000000,0.000000
62.570000,7.313992,8.344923,95.603561,0.000000,0.000000,0.000000
37.990002,3.264732,19.325426,367.445374,0.000000,0.000000,0.000000
49.430000,5.800616,18.394274,80.700462,0.000000,0.000000,0.000000
39.689999,5.600807,28.552959,215.398636,0.000000,0.000000,0.000000
89.019997,8.249542,-5.567612,304.510223,0.000000,0.000000,0.000000
60.410000,8.758605,5.736137,198.028122,0.000000,0.000000,0.000000
52.160000,4.201204,-16.623068,310.684235,0.000000,0.000000,0.000000
49.400002,6.259698,8.895361,86.567406,0.000000,0.000000,0.000000
15.630000,2.363215,13.772768,272.028229,0.000000,0.000000,0.000000
44.299999,6.283023,8.635880,19.629545,0.000000,0.000000,0.000000
43.209999,7.529796,12.946927,62.014015,0.000000,0.000000,0.000000
69.239998,6.786787,-4.992560,133.590576,0.000000,0.000000,0.000000
61.049999,6.819033,8.723849,89.616013,0.000000,0.000000,0.000000
32.110001,3.907377,4.831070,161.631226,0.000000,0.000000,0.000000
53.830002,5.261782,9.348330,98.235458,0.000000,0.000000,0.000000
50.380001,3.286857,14.220783,244.097260,0.000000,0.000000,0.000000
56.200001,4.356304,14.044006,103.466354,0.000000,0.000000,0.000000
42.369999,5.100516,31.630379,228.733566,0.000000,0.000000,0.000000
23.980000,5.051727,13.273674,121.308395,0.000000,0.000000,0.000000
69.860001,8.370127,15.831413,90.241081,0.000000,0.000000,0.000000
29.150000,3.295945,11.060547,199.442780,0.000000,0.000000,0.000000
46.160000,3.180070,6.455989,79.954765,0.000000,0.000000,0.000000
36.570000,3.992437,13.820329,70.337387,0.000000,0.000000,0.000000
25.420000,3.503930,5.898462,56.410275,0.000000,0.000000,0.000000
31.790001,3.335389,4.766271,22.700089,0.000000,0.000000,0.000000
27.190001,3.441482,1.523278,31.352444,0.000000,0.000000,0.000000
24.879999,3.430384,2.020614,5.296687,0.000000,0.000000,0.000000
23.639999,2.630384,1.066241,8.005345,0.000000,0.000000,0.000000
14.950000,2.563308,0.367819,0.460582,0.000000,0.000000,0.000000
14.960000,1.604978,-0.007014,0.010966,0.000000,0.000000,0.000000
8.370000,0.722897,0.099979,1.853292,0.000000,0.000000,0.000000
9.260000,0.312999,0.560743,2.226144,0.000000,0.000000,0.000000
12.830000,0.528625,3.010987,18.620653,0.000000,0.000000,0.000000
24.360001,1.680636,5.314129,20.408150,0.000000,0.000000,0.000000
25.250000,2.551344,11.026067,54.600842,0.000000,0.000000,0.000000
60.560001,4.832186,16.308743,71.905548,0.000000,0.000000,0.000000
63.389999,6.550724,28.781452,141.091476,0.000000,0.000000,0.000000
56.840000,5.238947,29.738186,207.722275,0.000000,0.000000,0.000000
66.449997,5.213388,28.178753,185.822708,0.000000,0.000000,0.000000
42.200001,4.508945,23.563622,173.014160,0.000000,0.000000,0.000000
50.680000,4.495144,20.785265,118.292694,0.000000,0.000000,0.000000
58.080002,5.417766,16.947147,91.864090,0.000000,0.000000,0.000000
38.500000,4.608097,15.268259,99.683006,0.000000,0.000000,0.000000
66.580002,5.834001,18.370642,67.705490,0.000000,0.000000,0.000000
62.250000,7.043314,25.682035,105.308678,0.000000,0.000000,0.000000
35.299999,4.947126,12.987158,197.863632,0.000000,0.000000,0.000000
73.440002,7.266506,21.369860,93.936699,0.000000,0.000000,0.000000
43.230000,6.302015,25.302399,178.321808,0.000000,0.000000,0.000000
46.630001,4.692544,17.016623,219.028458,0.000000,0.000000,0.000000
85.199997,8.207719,18.067472,109.092026,0.000000,0.000000,0.000000
47.130001,6.678249,-5.028849,423.493774,0.000000,0.000000,0.000000
79.760002,6.032558,12.083488,234.666290,0.000000,0.000000,0.000000
40.090000,3.937542,15.118456,304.356689,0.000000,0.000000,0.000000
69.330002,6.469071,26.773403,171.676300,0.000000,0.000000,0.000000
35.990002,4.646370,21.762121,430.150208,0.000000,0.000000,0.000000
113.709999,8.714453,2.282853,236.091904,0.000000,0.000000,0.000000
77.669998,9.389705,11.746271,378.981812,0.000000,0.000000,0.000000
52.939999,5.896326,-11.311960,258.572662,0.000000,0.000000,0.000000
55.990002,6.119831,7.544830,99.858467,0.000000,0.000000,0.000000
36.919998,4.700708,-7.344400,98.399956,0.000000,0.000000,0.000000
17.770000,2.295317,4.139334,79.022629,0.000000,0.000000,0.000000
15.480000,2.295556,0.271750,4.232964,0.000000,0.000000,0.000000
15.290000,2.757224,8.161035,30.058428,0.000000,0.000000,0.000000
10.140000,1.503891,0.628821,25.496477,0.000000,0.000000,0.000000
19.900000,2.294261,6.339995,27.009817,0.000000,0.000000,0.000000
10.500000,1.121087,2.199061,44.961529,0.000000,0.000000,0.000000
17.420000,2.297181,5.035725,25.628075,0.000000,0.000000,0.000000
15.660000,1.475441,4.080834,36.210480,0.000000,0.000000,0.000000
17.770000,2.089622,5.751787,30.508043,0.000000,0.000000,0.000000
20.809999,1.963796,7.029316,39.368755,0.000000,0.000000,0.000000
20.290001,2.130213,5.572988,27.108513,0.000000,0.000000,0.000000
28.420000,3.649954,6.782475,28.238037,0.000000,0.000000,0.000000
29.660000,3.128006,7.827090,71.291443,0.000000,0.000000,0.000000
34.990002,3.274655,10.380207,37.383869,0.000000,0.000000,0.000000
39.740002,4.239920,16.757175,86.808655,0.000000,0.000000,0.000000
38.119999,4.243288,5.365579,168.419312,0.000000,0.000000,0.000000
63.669998,6.374382,14.421377,105.330612,0.000000,0.000000,0.000000
30.200001,2.360346,17.644756,363.343994,0.000000,0.000000,0.000000
59.709999,4.929416,21.354336,108.170868,0.000000,0.000000,0.000000
66.540001,5.196372,32.526028,275.416779,0.000000,0.000000,0.000000
57.549999,6.896036,-6.192110,363.694946,0.000000,0.000000,0.000000
79.839996,7.832674,7.713731,204.739441,0.000000,0.000000,0.000000
42.049999,4.050748,-2.126040,296.274567,0.000000,0.000000,0.000000
70.790001,7.418410,20.981850,100.165512,0.000000,0.000000,0.000000
26.110001,3.332110,19.005928,332.177979,0.000000,0.000000,0.000000
58.080002,6.133656,9.224710,53.624851,0.000000,0.000000,0.000000
55.639999,7.119558,23.563023,159.997253,0.000000,0.000000,0.000000
24.350000,2.116699,-3.110316,232.549820,0.000000,0.000000,0.000000
106.589996,10.439869,4.661456,45.465977,0.000000,0.000000,0.000000
30.930000,3.197836,-6.577303,337.068909,0.000000,0.000000,0.000000
95.500000,4.897975,2.307331,51.738655,0.000000,0.000000,0.000000
53.480000,6.001017,11.125278,261.248413,0.000000,0.000000,0.000000
22.049999,1.534186,1.465648,189.463501,0.000000,0.000000,0.000000
71.800003,7.923689,12.425091,60.730968,0.000000,0.000000,0.000000
22.940001,1.884634,2.342847,180.876953,0.000000,0.000000,0.000000
42.020000,3.610538,6.309479,14.508319,0.000000,0.000000,0.000000
14.940000,2.342137,6.832378,47.286373,0.000000,0.000000,0.000000
25.590000,3.034403,3.990651,5.823067,0.000000,0.000000,0.000000
18.320000,2.859498,2.797209,5.132195,0.000000,0.000000,0.000000
15.300000,1.720377,1.253133,5.505046,0.000000,0.000000,0.000000
10.150000,1.069174,0.300225,0.318021,0.000000,0.000000,0.000000
8.190000,0.279653,0.415626,3.048611,0.000000,0.000000,0.000000
11.570000,0.637264,2.065354,7.139014,0.000000,0.000000,0.000000
16.730000,0.784615,4.159081,25.364883,0.000000,0.000000,0.000000
28.770000,2.575209,8.711451,29.861038,0.000000,0.000000,0.000000
44.709999,3.562578,12.309572,77.388664,0.000000,0.000000,0.000000
52.450001,5.996573,21.770910,92.434326,0.000000,0.000000,0.000000
67.199997,6.273324,26.801191,123.929329,0.000000,0.000000,0.000000
42.520000,5.234607,28.628973,224.215485,0.000000,0.000000,0.000000
57.270000,4.755567,18.642384,171.939484,0.000000,0.000000,0.000000
67.599998,7.598415,23.214634,142.539017,0.000000,0.000000,0.000000
38.799999,4.949506,19.684525,268.211945,0.000000,0.000000,0.000000
54.180000,5.381223,17.400593,135.685120,0.000000,0.000000,0.000000
83.260002,9.029743,22.226238,135.432892,0.000000,0.000000,0.000000
61.900002,7.425539,0.106162,335.709106,0.000000,0.000000,0.000000
88.489998,7.899902,14.750133,129.894974,0.000000,0.000000,0.000000
51.709999,6.082068,12.476639,289.420654,0.000000,0.000000,0.000000
41.310001,3.764648,8.600688,158.549698,0.000000,0.000000,0.000000
52.560001,6.228091,20.920818,123.106857,0.000000,0.000000,0.000000
62.959999,7.534214,-1.888424,182.642532,0.000000,0.000000,0.000000
55.349998,7.807282,-5.717729,204.289825,0.000000,0.000000,0.000000
68.879997,5.079601,-6.140350,222.899521,0.000000,0.000000,0.000000
62.410000,3.534917,7.446645,202.787460,0.000000,0.000000,0.000000
31.820000,2.496695,11.255416,175.569305,0.000000,0.000000,0.000000
31.240000,4.082114,11.032672,72.749954,0.000000,0.000000,0.000000
63.139999,6.494866,7.871191,57.748154,0.000000,0.000000,0.000000
58.610001,6.356300,-13.720169,130.487137,0.000000,0.000000,0.000000
59.849998,6.021491,-14.103974,110.397003,0.000000,0.000000,0.000000
40.450001,4.497557,-14.159579,128.041656,0.000000,0.000000,0.000000
50.060001,2.776632,-7.165915,125.014984,0.000000,0.000000,0.000000
25.930000,2.391653,2.894937,124.411842,0.000000,0.000000,0.000000
16.360001,3.215208,7.099314,24.048939,0.000000,0.000000,0.000000
40.450001,8.205409,-12.146050,24.663044,0.000000,0.000000,0.000000
43.439999,5.600404,-16.862164,79.702538,0.000000,0.000000,0.000000
64.139999,6.102416,-22.014647,116.384567,0.000000,0.000000,0.000000
30.350000,4.051145,-18.164944,155.292740,0.000000,0.000000,0.000000
23.639999,1.904739,-2.997430,114.092621,0.000000,0.000000,0.000000
22.219999,2.673482,6.025004,34.390091,0.000000,0.000000,0.000000
20.410000,4.634323,3.262829,3.388564,0.000000,0.000000,0.000000
63.299999,4.852899,-19.341034,93.092300,0.000000,0.000000,0.000000
51.029999,4.908551,-17.568127,77.542198,0.000000,0.000000,0.000000
23.459999,2.466975,-19.201700,208.073166,0.000000,0.000000,0.000000
46.270000,3.161011,-4.911463,36.045986,0.000000,0.000000,0.000000
7.290000,1.100502,13.696836,197.556549,0.000000,0.000000,0.000000
21.870001,2.337994,0.002112,60.105892,0.000000,0.000000,0.000000
81.650002,6.104635,19.041798,85.514633,0.000000,0.000000,0.000000
43.939999,5.913021,-6.141009,408.250671,0.000000,0.000000,0.000000
97.489998,9.167685,19.652533,155.336609,0.000000,0.000000,0.000000
15.450000,1.985510,21.001219,536.709106,0.000000,0.000000,0.000000
61.619999,5.391354,20.515995,136.672089,0.000000,0.000000,0.000000
73.949997,9.612821,37.467159,260.590454,0.000000,0.000000,0.000000
46.810001,4.207683,-4.195830,525.655151,0.000000,0.000000,0.000000
102.760002,11.151598,30.363533,178.146362,0.000000,0.000000,0.000000
26.250000,4.386013,23.027466,454.166321,0.000000,0.000000,0.000000
64.199997,5.747920,24.768871,208.007385,0.000000,0.000000,0.000000
43.709999,6.065718,36.869831,476.559326,0.000000,0.000000,0.000000
32.290001,1.869945,16.973934,356.457214,0.000000,0.000000,0.000000
41.410000,6.819353,33.107147,196.821838,0.000000,0.000000,0.000000
59.950001,5.954750,19.875942,353.616943,0.000000,0.000000,0.000000
42.200001,4.054737,-1.928368,218.578842,0.000000,0.000000,0.000000
61.520000,4.778309,14.345810,153.121429,0.000000,0.000000,0.000000
28.260000,1.445981,5.210734,134.774933,0.000000,0.000000,0.000000
16.680000,3.347397,6.645793,37.592228,0.000000,0.000000,0.000000
18.490000,1.810233,8.590259,41.386539,0.000000,0.000000,0.000000
13.690000,2.180498,3.137859,15.462379,0.000000,0.000000,0.000000
21.700001,2.199041,4.200785,11.997053,0.000000,0.000000,0.000000
19.040001,1.855947,2.200902,7.917617,0.000000,0.000000,0.000000
14.770000,1.931573,1.236068,3.180206,0.000000,0.000000,0.000000
22.040001,1.899198,0.694250,0.318021,0.000000,0.000000,0.000000
13.170000,1.843039,0.223016,0.043865,0.000000,0.000000,0.000000
18.680000,1.513247,0.000000,0.000000,0.000000,0.000000,0.000000
12.110000,0.984370,-0.045952,0.098696,0.000000,0.000000,0.000000
6.410000,0.363666,0.074379,0.537345,0.000000,0.000000,0.000000
5.340000,0.105077,0.389366,3.015713,0.000000,0.000000,0.000000
8.010000,0.530415,1.784077,6.601668,0.000000,0.000000,0.000000
11.740000,0.988931,3.741269,17.206009,0.000000,0.000000,0.000000
27.549999,2.179082,8.036575,35.574440,0.000000,0.000000,0.000000
37.279999,2.935591,13.712850,82.104141,0.000000,0.000000,0.000000
71.360001,5.749851,17.483255,80.086349,0.000000,0.000000,0.000000
73.489998,5.766547,29.509596,160.348160,0.000000,0.000000,0.000000
74.370003,5.664400,29.635983,231.102264,0.000000,0.000000,0.000000
60.419998,5.509895,30.929697,216.155304,0.000000,0.000000,0.000000
46.330002,3.400812,26.716877,303.062683,0.000000,0.000000,0.000000
51.000000,5.150582,23.284769,147.846664,0.000000,0.000000,0.000000
79.690002,6.210602,26.825581,160.161743,0.000000,0.000000,0.000000
52.799999,5.300509,9.698405,231.442261,0.000000,0.000000,0.000000
99.800003,7.558151,18.168308,110.813721,0.000000,0.000000,0.000000
50.770000,3.754598,22.553064,289.311005,0.000000,0.000000,0.000000
51.349998,6.009505,13.124779,91.546066,0.000000,0.000000,0.000000
65.519997,7.488610,22.261513,147.221588,0.000000,0.000000,0.000000
49.529999,5.808830,2.220807,220.147003,0.000000,0.000000,0.000000
56.950001,5.257060,6.760237,131.254761,0.000000,0.000000,0.000000
38.549999,3.500363,9.533339,205.748322,0.000000,0.000000,0.000000
65.379997,3.949744,9.534506,75.995956,0.000000,0.000000,0.000000
20.620001,3.188731,13.192090,179.111404,0.000000,0.000000,0.000000
44.910000,4.188001,3.046791,24.893335,0.000000,0.000000,0.000000
42.910000,5.785944,9.483462,84.012260,0.000000,0.000000,0.000000
25.400000,2.806639,-4.048076,100.165527,0.000000,0.000000,0.000000
73.400002,5.689933,2.524011,52.802383,0.000000,0.000000,0.000000
18.840000,2.929473,-2.290992,84.801826,0.000000,0.000000,0.000000
30.370001,3.177267,-1.471865,50.247253,0.000000,0.000000,0.000000
22.410000,2.488683,2.550197,71.620422,0.000000,0.000000,0.000000
17.440001,1.745840,2.295409,40.980789,0.000000,0.000000,0.000000
33.439999,1.957703,3.843222,37.142612,0.000000,0.000000,0.000000
9.070000,1.382350,3.103404,22.645258,0.000000,0.000000,0.000000
21.000000,1.710906,2.083271,10.308254,0.000000,0.000000,0.000000
10.850000,1.779836,3.101925,13.576189,0.000000,0.000000,0.000000
6.410000,1.263286,-1.837964,4.605816,0.000000,0.000000,0.000000
21.490000,3.512501,1.616232,1.831360,0.000000,0.000000,0.000000
15.670000,1.030704,-5.960861,127.986832,0.000000,0.000000,0.000000
73.620003,4.129549,7.421467,26.483438,0.000000,0.000000,0.000000
15.440000,2.344531,17.148077,344.394348,0.000000,0.000000,0.000000
34.220001,3.491678,17.920609,160.567505,0.000000,0.000000,0.000000
43.910000,6.360734,41.756107,295.177948,0.000000,0.000000,0.000000
28.049999,4.182246,6.000082,427.628021,0.000000,0.000000,0.000000
129.220001,9.241890,25.119600,153.099487,0.000000,0.000000,0.000000
47.549999,3.132766,26.635815,610.577637,0.000000,0.000000,0.000000
40.250000,4.951395,20.914965,198.762863,0.000000,0.000000,0.000000
89.970001,11.013311,41.821449,221.408112,0.000000,0.000000,0.000000
23.770000,5.105875,3.200223,541.797424,0.000000,0.000000,0.000000
112.800003,9.445282,5.871655,232.242737,0.000000,0.000000,0.000000
67.910004,4.884231,1.994933,382.710327,0.000000,0.000000,0.000000
38.340000,2.382525,4.486385,172.696152,0.000000,0.000000,0.000000
25.879999,3.912829,3.696589,116.549072,0.000000,0.000000,0.000000
15.830000,1.911247,10.885862,105.253845,0.000000,0.000000,0.000000
9.610000,1.527220,1.979837,10.604342,0.000000,0.000000,0.000000
12.460000,1.604186,1.944574,7.654427,0.000000,0.000000,0.000000
7.840000,0.518689,-0.058933,0.186426,0.000000,0.000000,0.000000
7.120000,0.227251,0.335997,2.357739,0.000000,0.000000,0.000000
18.340000,0.643647,1.709480,11.240383,0.000000,0.000000,0.000000
19.730000,2.111290,7.993851,30.508045,0.000000,0.000000,0.000000
34.060001,3.923319,14.109273,64.733635,0.000000,0.000000,0.000000
91.260002,7.574451,22.138609,108.050232,0.000000,0.000000,0.000000
40.070000,5.477993,20.274662,252.080658,0.000000,0.000000,0.000000
91.730003,6.722742,31.228333,175.448669,0.000000,0.000000,0.000000
43.560001,5.431231,35.588158,372.478882,0.000000,0.000000,0.000000
36.849998,5.595117,16.733765,316.814301,0.000000,0.000000,0.000000
118.389999,9.953580,33.692127,192.709503,0.000000,0.000000,0.000000
61.270000,5.689058,19.083660,498.700165,0.000000,0.000000,0.000000
55.180000,2.380140,22.064350,216.308823,0.000000,0.000000,0.000000
48.200001,8.810785,39.918385,288.137634,0.000000,0.000000,0.000000
53.009998,5.254253,5.918373,351.906219,0.000000,0.000000,0.000000
68.309998,6.406061,12.045086,161.126770,0.000000,0.000000,0.000000
68.220001,5.462790,-6.383783,349.877441,0.000000,0.000000,0.000000
80.089996,3.541076,3.602267,137.023010,0.000000,0.000000,0.000000
47.720001,2.243826,6.335243,304.784332,0.000000,0.000000,0.000000
22.010000,4.479078,11.562151,44.500950,0.000000,0.000000,0.000000
25.170000,6.718273,5.813479,48.591351,0.000000,0.000000,0.000000
80.570000,5.876306,-13.780932,106.394333,0.000000,0.000000,0.000000
90.610001,7.037973,-15.949556,99.869431,0.000000,0.000000,0.000000
36.189999,4.374521,-14.926052,134.544632,0.000000,0.000000,0.000000
37.810001,3.199248,-7.712552,109.771919,0.000000,0.000000,0.000000
19.730000,2.092675,2.155287,103.861122,0.000000,0.000000,0.000000
18.850000,2.875735,6.895555,31.198917,0.000000,0.000000,0.000000
15.980000,4.741305,-7.045232,15.067596,0.000000,0.000000,0.000000
71.010002,5.192189,-6.972452,13.082709,0.000000,0.000000,0.000000
15.110000,2.837976,-19.363892,188.344955,0.000000,0.000000,0.000000
23.620001,2.846435,3.847379,21.548639,0.000000,0.000000,0.000000
21.160000,1.062424,8.287579,144.030411,0.000000,0.000000,0.000000
28.010000,2.999456,16.795254,95.406174,0.000000,0.000000,0.000000
94.379997,6.077152,37.746773,276.250244,0.000000,0.000000,0.000000
26.270000,3.331134,7.325521,499.818665,0.000000,0.000000,0.000000
75.730003,6.913888,25.188595,211.670105,0.000000,0.000000,0.000000
31.730000,3.354550,23.025713,463.948151,0.000000,0.000000,0.000000
43.970001,4.478832,20.053078,209.433014,0.000000,0.000000,0.000000
86.440002,8.627087,43.185570,287.073883,0.000000,0.000000,0.000000
70.879997,5.410879,3.702076,446.073212,0.000000,0.000000,0.000000
101.220001,11.491816,24.095854,204.245987,0.000000,0.000000,0.000000
26.020000,3.052325,18.835852,560.143921,0.000000,0.000000,0.000000
98.279999,3.218098,21.763891,238.054855,0.000000,0.000000,0.000000
45.599998,6.640522,43.580498,326.113678,0.000000,0.000000,0.000000
42.759998,5.057899,3.192184,341.587006,0.000000,0.000000,0.000000
79.000000,9.874104,14.017672,130.333603,0.000000,0.000000,0.000000
19.879999,3.248196,-4.140307,372.873627,0.000000,0.000000,0.000000
53.720001,3.336180,6.524484,75.425705,0.000000,0.000000,0.000000
16.889999,1.835999,10.999067,166.445374,0.000000,0.000000,0.000000
23.120001,1.536840,3.209085,21.833757,0.000000,0.000000,0.000000
17.620001,1.881258,8.001766,58.033276,0.000000,0.000000,0.000000
9.070000,1.305666,0.837013,4.189099,0.000000,0.000000,0.000000
11.210000,1.234415,3.061366,14.793441,0.000000,0.000000,0.000000
16.370001,1.551713,1.887432,9.233562,0.000000,0.000000,0.000000
34.130001,1.806148,-1.207747,17.304707,0.000000,0.000000,0.000000
49.669998,4.622334,4.229990,32.536797,0.000000,0.000000,0.000000
35.860001,3.652113,-6.538661,140.038712,0.000000,0.000000,0.000000
108.559998,7.479787,4.537229,83.102066,0.000000,0.000000,0.000000
49.790001,5.631360,4.674551,230.795212,0.000000,0.000000,0.000000
80.699997,5.490383,22.476032,129.412445,0.000000,0.000000,0.000000
66.089996,5.450070,30.898193,210.650269,0.000000,0.000000,0.000000
69.190002,6.074040,14.374882,202.030792,0.000000,0.000000,0.000000
61.410000,7.226202,20.823616,164.603058,0.000000,0.000000,0.000000
42.279999,2.928051,4.591452,221.188797,0.000000,0.000000,0.000000
98.510002,6.884664,14.163102,48.580383,0.000000,0.000000,0.000000
38.520000,3.837811,15.946992,90.767464,0.000000,0.000000,0.000000
77.559998,5.687576,10.272318,73.046043,0.000000,0.000000,0.000000
35.060001,6.450975,15.127319,55.061428,0.000000,0.000000,0.000000
34.060001,4.464136,11.613601,159.262497,0.000000,0.000000,0.000000
104.739998,7.907103,16.069847,52.857212,0.000000,0.000000,0.000000
27.139999,5.188097,20.075153,125.387848,0.000000,0.000000,0.000000
63.880001,5.952690,2.157393,178.650803,0.000000,0.000000,0.000000
53.340000,7.061833,8.744010,106.350464,0.000000,0.000000,0.000000
69.500000,4.542745,-8.015261,287.413818,0.000000,0.000000,0.000000
69.279999,7.308003,10.220169,80.470177,0.000000,0.000000,0.000000
15.990000,3.019882,-1.623760,363.047913,0.000000,0.000000,0.000000
79.809998,4.525998,8.160930,75.688896,0.000000,0.000000,0.000000
31.059999,4.524357,22.601845,200.616165,0.000000,0.000000,0.000000
51.560001,4.795069,-5.077130,102.589050,0.000000,0.000000,0.000000
68.620003,7.410134,-1.598489,67.530022,0.000000,0.000000,0.000000
32.439999,5.147723,-20.530746,230.400436,0.000000,0.000000,0.000000
50.529999,3.948737,-9.418319,101.678856,0.000000,0.000000,0.000000
45.470001,2.096545,-3.778501,114.761559,0.000000,0.000000,0.000000
11.210000,1.580971,6.260492,68.045433,0.000000,0.000000,0.000000
8.360000,1.874693,0.843318,0.811501,0.000000,0.000000,0.000000
18.850000,5.276796,5.259494,5.943696,0.000000,0.000000,0.000000
21.870001,2.043023,-14.629982,161.839569,0.000000,0.000000,0.000000
84.769997,6.212770,-5.101033,28.753448,0.000000,0.000000,0.000000
21.670000,2.660901,-9.144418,317.768433,0.000000,0.000000,0.000000
87.120003,3.316528,9.822085,93.465149,0.000000,0.000000,0.000000
53.619999,5.607482,34.976517,269.670471,0.000000,0.000000,0.000000
24.299999,4.849696,9.672150,326.497467,0.000000,0.000000,0.000000
87.839996,5.776399,18.261848,178.245056,0.000000,0.000000,0.000000
53.619999,6.277387,12.692720,327.319946,0.000000,0.000000,0.000000
47.840000,3.858839,15.971241,200.978043,0.000000,0.000000,0.000000
55.139999,4.007741,23.988970,291.241058,0.000000,0.000000,0.000000
43.889999,7.710377,11.133512,167.410416,0.000000,0.000000,0.000000
70.339996,7.687921,14.355179,153.461380,0.000000,0.000000,0.000000
69.279999,8.842562,-6.381580,282.457092,0.000000,0.000000,0.000000
87.089996,9.706816,5.297309,134.796860,0.000000,0.000000,0.000000
72.910004,5.203083,1.547365,428.505310,0.000000,0.000000,0.000000
39.160000,4.703183,21.027380,116.351662,0.000000,0.000000,0.000000
28.170000,8.528612,32.590801,162.541412,0.000000,0.000000,0.000000
63.180000,7.681058,-2.818699,145.883728,0.000000,0.000000,0.000000
97.849998,7.586726,9.633360,194.628571,0.000000,0.000000,0.000000
34.279999,2.714075,5.712475,167.531067,0.000000,0.000000,0.000000
37.430000,4.227029,11.297235,111.394928,0.000000,0.000000,0.000000
16.160000,3.684873,4.072239,94.934624,0.000000,0.000000,0.000000
40.320000,3.384382,6.038511,54.853069,0.000000,0.000000,0.000000
33.590000,2.477039,3.054270,34.148830,0.000000,0.000000,0.000000
28.260000,2.687518,2.639016,8.794914,0.000000,0.000000,0.000000
22.049999,1.932387,2.922482,8.542691,0.000000,0.000000,0.000000
17.250000,2.871280,0.785150,1.436576,0.000000,0.000000,0.000000
33.590000,2.840875,2.166670,2.248077,0.000000,0.000000,0.000000
27.870001,3.401392,5.250379,18.532923,0.000000,0.000000,0.000000
22.750000,2.593195,8.413261,48.306229,0.000000,0.000000,0.000000
40.880001,2.497270,9.947515,62.079815,0.000000,0.000000,0.000000
25.420000,2.740375,7.931991,128.173264,0.000000,0.000000,0.000000
59.080002,4.637058,20.057487,109.519714,0.000000,0.000000,0.000000
17.080000,1.552379,14.543410,239.710754,0.000000,0.000000,0.000000
38.849998,4.154609,12.708504,203.862152,0.000000,0.000000,0.000000
41.180000,2.693373,22.673178,192.325684,0.000000,0.000000,0.000000
51.919998,5.071414,20.418562,209.027267,0.000000,0.000000,0.000000
26.660000,1.759513,-18.176609,261.533539,0.000000,0.000000,0.000000
15.650000,1.223018,-4.158436,59.754971,0.000000,0.000000,0.000000
47.009998,3.750372,11.857947,56.816021,0.000000,0.000000,0.000000
47.040001,2.981599,15.554177,114.114571,0.000000,0.000000,0.000000
32.529999,2.814834,15.782850,105.209984,0.000000,0.000000,0.000000
40.799999,3.675287,10.566911,40.377647,0.000000,0.000000,0.000000
16.170000,3.336106,8.381220,22.820721,0.000000,0.000000,0.000000
13.510000,2.320211,5.074946,22.162745,0.000000,0.000000,0.000000
22.219999,2.416986,2.706321,4.572917,0.000000,0.000000,0.000000
27.370001,2.617297,2.057911,6.590703,0.000000,0.000000,0.000000
11.920000,1.720197,0.900474,9.398057,0.000000,0.000000,0.000000
25.969999,1.928533,0.417591,0.394784,0.000000,0.000000,0.000000
11.590000,1.551896,0.512772,1.326914,0.000000,0.000000,0.000000
10.670000,1.743655,0.074344,0.175460,0.000000,0.000000,0.000000
26.139999,2.286978,0.902825,1.601069,0.000000,0.000000,0.000000
38.700001,3.806105,3.817528,10.878498,0.000000,0.000000,0.000000
57.299999,5.051692,11.629980,46.606464,0.000000,0.000000,0.000000
40.549999,5.476513,17.958134,123.194588,0.000000,0.000000,0.000000
51.349998,5.210096,22.287907,173.935333,0.000000,0.000000,0.000000
79.050003,7.175409,26.582115,166.258972,0.000000,0.000000,0.000000
60.070000,3.578057,23.870569,224.829590,0.000000,0.000000,0.000000
36.900002,4.924300,16.560272,157.453079,0.000000,0.000000,0.000000
90.080002,7.284983,21.413042,81.775154,0.000000,0.000000,0.000000
69.550003,8.342478,33.588078,489.126648,0.000000,0.000000,0.000000
49.669998,3.718674,4.335905,360.525696,0.000000,0.000000,0.000000
95.260002,9.303516,38.093548,182.028397,0.000000,0.000000,0.000000
45.540001,5.187629,5.962958,388.972076,0.000000,0.000000,0.000000
74.940002,5.404859,9.988870,217.449341,0.000000,0.000000,0.000000
51.669998,7.038898,12.873812,394.849976,0.000000,0.000000,0.000000
72.559998,4.051299,9.974380,176.775574,0.000000,0.000000,0.000000
22.930000,2.735679,16.489180,323.876587,0.000000,0.000000,0.000000
20.230000,4.408804,6.052337,54.940800,0.000000,0.000000,0.000000
48.549999,6.045065,11.842522,49.062901,0.000000,0.000000,0.000000
24.510000,3.147925,-6.148981,118.139160,0.000000,0.000000,0.000000
66.889999,6.547562,-6.624086,29.082434,0.000000,0.000000,0.000000
37.630001,3.267105,-6.753864,88.409721,0.000000,0.000000,0.000000
52.660000,4.615761,-9.322938,51.453533,0.000000,0.000000,0.000000
40.320000,3.338932,-6.963408,81.950607,0.000000,0.000000,0.000000
37.660000,2.443322,-4.693560,71.949409,0.000000,0.000000,0.000000
30.000000,2.356214,0.292921,90.855194,0.000000,0.000000,0.000000
23.990000,2.323840,3.702184,37.065849,0.000000,0.000000,0.000000
22.730000,3.910244,5.466178,17.545965,0.000000,0.000000,0.000000
31.420000,5.344048,-0.174740,0.197392,0.000000,0.000000,0.000000
43.759998,6.034420,-12.320840,36.890388,0.000000,0.000000,0.000000
52.090000,5.260418,-17.311426,79.241959,0.000000,0.000000,0.000000
56.590000,4.070098,-18.136684,99.145660,0.000000,0.000000,0.000000
35.660000,3.264801,-15.568086,87.115715,0.000000,0.000000,0.000000
17.969999,0.924897,-8.206767,147.583466,0.000000,0.000000,0.000000
44.590000,1.016381,0.130797,77.717651,0.000000,0.000000,0.000000
16.000000,2.283225,16.059959,153.571030,0.000000,0.000000,0.000000
17.240000,2.998923,3.130324,57.748154,0.000000,0.000000,0.000000
53.939999,7.789524,11.062018,56.826988,0.000000,0.000000,0.000000
53.860001,6.003132,-10.881809,269.736267,0.000000,0.000000,0.000000
110.680000,7.154123,7.830060,127.866203,0.000000,0.000000,0.000000
45.770000,4.296089,2.067323,353.956909,0.000000,0.000000,0.000000
57.759998,2.362160,9.054287,207.119110,0.000000,0.000000,0.000000
29.980000,3.299243,14.158927,144.874817,0.000000,0.000000,0.000000
66.019997,9.515268,32.162674,296.822876,0.000000,0.000000,0.000000
46.240002,5.192943,-3.933153,378.981873,0.000000,0.000000,0.000000
87.550003,8.406832,-14.128403,128.568039,0.000000,0.000000,0.000000
37.430000,4.903541,-3.351112,147.287384,0.000000,0.000000,0.000000
55.490002,3.745498,-4.114361,104.639748,0.000000,0.000000,0.000000
44.529999,4.506941,1.946774,151.421661,0.000000,0.000000,0.000000
32.980000,3.249462,10.799983,184.539658,0.000000,0.000000,0.000000
20.780001,3.846437,10.198000,65.468376,0.000000,0.000000,0.000000
43.380001,7.245842,13.662062,46.957382,0.000000,0.000000,0.000000
50.820000,5.852606,-8.955153,147.155792,0.000000,0.000000,0.000000
62.470001,6.385101,0.039053,77.728622,0.000000,0.000000,0.000000
54.959999,4.219997,-5.912174,185.603378,0.000000,0.000000,0.000000
69.589996,3.285634,3.226675,132.691345,0.000000,0.000000,0.000000
38.009998,3.489318,14.344930,175.064819,0.000000,0.000000,0.000000
35.299999,5.123517,7.978743,66.126350,0.000000,0.000000,0.000000
66.099998,7.324359,8.310485,47.516659,0.000000,0.000000,0.000000
54.220001,6.189373,-4.535573,180.854996,0.000000,0.000000,0.000000
71.489998,5.749879,4.959192,78.880066,0.000000,0.000000,0.000000
51.950001,5.033029,8.238670,142.220993,0.000000,0.000000,0.000000
35.500000,2.336674,9.649983,86.260345,0.000000,0.000000,0.000000
62.189999,5.930061,14.760500,79.285812,0.000000,0.000000,0.000000
26.110001,3.662036,10.098294,91.929878,0.000000,0.000000,0.000000
33.880001,5.681689,13.255060,38.491455,0.000000,0.000000,0.000000
35.130001,5.046465,2.387748,87.313103,0.000000,0.000000,0.000000
40.779999,5.270496,3.235776,27.382671,0.000000,0.000000,0.000000
36.189999,4.592336,-2.664569,91.666687,0.000000,0.000000,0.000000
36.570000,3.728776,-2.467319,34.543613,0.000000,0.000000,0.000000
32.860001,3.737080,-2.685267,47.900482,0.000000,0.000000,0.000000
23.830000,2.255057,-1.497542,32.076218,0.000000,0.000000,0.000000
27.900000,2.728120,-0.821002,30.058430,0.000000,0.000000,0.000000
20.639999,1.860726,0.973183,32.043316,0.000000,0.000000,0.000000
24.900000,2.258296,1.126912,18.445192,0.000000,0.000000,0.000000
10.330000,1.584208,3.026025,23.401928,0.000000,0.000000,0.000000
10.330000,1.033521,0.038132,0.581210,0.000000,0.000000,0.000000
8.540000,2.292284,6.648695,22.612358,0.000000,0.000000,0.000000
15.490000,1.023900,-0.885447,19.750175,0.000000,0.000000,0.000000
24.670000,4.479006,7.163989,17.973646,0.000000,0.000000,0.000000
12.810000,1.304919,1.597570,123.172668,0.000000,0.000000,0.000000
72.959999,4.539254,5.943915,44.599644,0.000000,0.000000,0.000000
34.820000,2.188698,7.586314,191.053619,0.000000,0.000000,0.000000
50.680000,3.558061,10.123829,105.429306,0.000000,0.000000,0.000000
50.740002,3.962593,19.213978,161.971176,0.000000,0.000000,0.000000
43.439999,4.607879,21.440681,146.750046,0.000000,0.000000,0.000000
67.070000,6.595140,17.939526,189.123535,0.000000,0.000000,0.000000
79.180000,6.234540,17.188438,279.441406,0.000000,0.000000,0.000000
69.190002,5.818475,19.718191,170.656433,0.000000,0.000000,0.000000
46.950001,4.160960,12.736556,146.936462,0.000000,0.000000,0.000000
58.509998,6.549620,13.375000,48.459755,0.000000,0.000000,0.000000
24.530001,3.153900,9.573436,87.324066,0.000000,0.000000,0.000000
56.450001,7.553031,4.756666,30.913792,0.000000,0.000000,0.000000
30.730000,3.367808,12.128323,75.864357,0.000000,0.000000,0.000000
27.549999,4.012696,5.393413,50.905228,0.000000,0.000000,0.000000
110.889999,8.151193,10.184454,18.291666,0.000000,0.000000,0.000000
23.400000,7.407173,35.660007,365.570160,0.000000,0.000000,0.000000
27.350000,2.531663,6.638226,57.177910,0.000000,0.000000,0.000000
62.250000,8.928555,16.340611,40.026726,0.000000,0.000000,0.000000
18.469999,2.887533,8.493623,166.434433,0.000000,0.000000,0.000000
71.139999,6.128102,11.503333,44.764137,0.000000,0.000000,0.000000
48.610001,4.123603,16.525391,185.219574,0.000000,0.000000,0.000000
38.139999,2.912491,13.660275,127.263062,0.000000,0.000000,0.000000
44.320000,4.580385,17.135853,93.761246,0.000000,0.000000,0.000000
25.559999,3.067025,14.383007,166.763412,0.000000,0.000000,0.000000
54.110001,2.626223,10.112737,85.733971,0.000000,0.000000,0.000000
50.380001,4.111257,12.668571,70.150955,0.000000,0.000000,0.000000
29.639999,3.884254,8.737318,62.046913,0.000000,0.000000,0.000000
37.459999,3.867110,7.350667,25.507442,0.000000,0.000000,0.000000
23.270000,3.393272,6.340817,35.212555,0.000000,0.000000,0.000000
23.469999,2.918810,3.320108,10.461781,0.000000,0.000000,0.000000
20.980000,2.894931,0.572036,4.353592,0.000000,0.000000,0.000000
11.220000,1.073176,0.105801,2.149381,0.000000,0.000000,0.000000
7.650000,0.873931,1.812990,8.564623,0.000000,0.000000,0.000000
8.890000,0.560185,3.300978,23.719952,0.000000,0.000000,0.000000
19.219999,1.006515,6.909914,67.212006,0.000000,0.000000,0.000000
41.209999,2.365330,13.077915,97.248505,0.000000,0.000000,0.000000
35.130001,2.883523,20.427544,183.322418,0.000000,0.000000,0.000000
40.980000,3.684431,23.081875,253.243073,0.000000,0.000000,0.000000
26.129999,1.153798,6.382481,221.835785,0.000000,0.000000,0.000000
190.779999,16.071777,31.151283,68.363457,0.000000,0.000000,0.000000
0.880000,0.672106,6.131568,820.021484,0.000000,0.000000,0.000000
71.800003,3.045022,2.525373,68.111237,0.000000,0.000000,0.000000
99.000000,11.490730,48.482712,272.993256,0.000000,0.000000,0.000000
23.990000,2.768826,-14.761974,600.006165,0.000000,0.000000,0.000000
150.740005,11.017361,14.920391,48.722946,0.000000,0.000000,0.000000
13.020000,4.327878,35.741623,812.663208,0.000000,0.000000,0.000000
36.419998,2.612576,-3.308339,334.020325,0.000000,0.000000,0.000000
123.190002,14.032104,33.144619,101.689819,0.000000,0.000000,0.000000
39.939999,4.920439,-23.327143,778.974976,0.000000,0.000000,0.000000
95.370003,8.508080,17.278654,66.356644,0.000000,0.000000,0.000000
20.040001,4.456484,27.160259,295.145020,0.000000,0.000000,0.000000
41.009998,4.643780,5.248549,72.048119,0.000000,0.000000,0.000000
59.240002,7.034106,12.643426,35.936325,0.000000,0.000000,0.000000
33.880001,5.239397,-7.197216,75.261215,0.000000,0.000000,0.000000
50.000000,4.649679,-11.520258,76.566200,0.000000,0.000000,0.000000
56.240002,5.028740,-10.165148,45.345345,0.000000,0.000000,0.000000
22.760000,2.244596,-3.228026,146.190765,0.000000,0.000000,0.000000
42.959999,1.720949,1.481573,52.001846,0.000000,0.000000,0.000000
35.860001,2.696400,20.216351,174.571365,0.000000,0.000000,0.000000
18.299999,1.435345,8.410588,193.915787,0.000000,0.000000,0.000000
63.709999,5.402288,18.866421,177.861237,0.000000,0.000000,0.000000
34.840000,2.270593,23.834091,458.223785,0.000000,0.000000,0.000000
90.260002,4.503019,23.233988,279.309814,0.000000,0.000000,0.000000
39.869999,5.968893,35.893295,374.441833,0.000000,0.000000,0.000000
117.489998,6.238091,19.414036,239.601074,0.000000,0.000000,0.000000
110.529999,14.278950,54.728523,423.406006,0.000000,0.000000,0.000000
17.750000,2.426826,-0.442899,920.669556,0.000000,0.000000,0.000000
83.190002,4.760279,27.020153,220.629517,0.000000,0.000000,0.000000
35.790001,5.986696,36.440887,322.100006,0.000000,0.000000,0.000000
54.150002,7.119637,9.239183,350.458679,0.000000,0.000000,0.000000
15.280000,2.907811,18.283104,269.824005,0.000000,0.000000,0.000000
59.990002,5.058791,13.782557,165.217178,0.000000,0.000000,0.000000
70.480003,4.208311,10.770817,344.657532,0.000000,0.000000,0.000000
14.230000,1.228684,3.476577,331.914795,0.000000,0.000000,0.000000
37.860001,1.437680,1.531828,105.944733,0.000000,0.000000,0.000000
27.690001,3.516962,26.432238,236.300247,0.000000,0.000000,0.000000
8.540000,1.317490,3.034838,162.311142,0.000000,0.000000,0.000000
68.709999,5.675530,10.679207,20.539745,0.000000,0.000000,0.000000
34.240002,3.595588,-10.250189,241.575027,0.000000,0.000000,0.000000
66.760002,4.338189,-17.276506,77.311913,0.000000,0.000000,0.000000
48.520000,5.060931,-16.828684,157.453094,0.000000,0.000000,0.000000
48.430000,3.383381,-18.904457,114.520294,0.000000,0.000000,0.000000
33.389999,2.043322,-9.385669,102.161377,0.000000,0.000000,0.000000
10.330000,0.527890,4.914308,95.197823,0.000000,0.000000,0.000000
13.330000,4.140564,5.351871,7.292541,0.000000,0.000000,0.000000
24.500000,4.894644,-11.876060,31.977518,0.000000,0.000000,0.000000
63.610001,5.133189,-27.031460,157.913681,0.000000,0.000000,0.000000
67.150002,4.922832,-25.075771,142.517090,0.000000,0.000000,0.000000
23.799999,2.809975,-17.137392,127.910072,0.000000,0.000000,0.000000
31.480000,0.578201,-3.203606,160.556519,0.000000,0.000000,0.000000
12.100000,1.764536,8.081844,52.210209,0.000000,0.000000,0.000000
11.900000,4.671422,-1.704347,0.701839,0.000000,0.000000,0.000000
43.849998,5.469001,-15.138518,46.332310,0.000000,0.000000,0.000000
64.669998,5.080665,-24.339264,130.289749,0.000000,0.000000,0.000000
58.230000,4.009828,-19.470470,109.673233,0.000000,0.000000,0.000000
28.770000,1.430222,-11.767212,155.292740,0.000000,0.000000,0.000000
14.390000,3.635654,17.284212,96.897575,0.000000,0.000000,0.000000
17.580000,5.001829,-3.096061,2.149381,0.000000,0.000000,0.000000
57.689999,4.950875,-23.449631,123.216530,0.000000,0.000000,0.000000
66.620003,5.108901,-24.122797,127.910072,0.000000,0.000000,0.000000
40.119999,3.474492,-21.232861,155.292740,0.000000,0.000000,0.000000
21.330000,0.912623,-6.502903,125.552322,0.000000,0.000000,0.000000
16.900000,1.475119,8.140433,73.736908,0.000000,0.000000,0.000000
22.910000,4.696362,-0.424269,0.043865,0.000000,0.000000,0.000000
36.369999,5.470955,-15.514471,49.227390,0.000000,0.000000,0.000000
64.360001,5.172467,-25.315678,140.027740,0.000000,0.000000,0.000000
36.720001,4.164639,-20.365950,116.340706,0.000000,0.000000,0.000000
31.240000,1.347258,-8.757637,157.913681,0.000000,0.000000,0.000000
30.549999,1.396399,2.282729,70.063225,0.000000,0.000000,0.000000
59.810001,6.482340,23.874662,89.605042,0.000000,0.000000,0.000000
40.650002,4.879471,-4.719612,355.897919,0.000000,0.000000,0.000000
94.139999,9.038037,26.631451,168.035507,0.000000,0.000000,0.000000
60.599998,4.221487,24.583357,691.760559,0.000000,0.000000,0.000000
68.620003,4.094250,33.648651,329.019714,0.000000,0.000000,0.000000
71.139999,7.677135,49.380390,510.379150,0.000000,0.000000,0.000000
66.760002,5.688457,16.662056,555.845215,0.000000,0.000000,0.000000
127.419998,8.852540,41.428413,264.264130,0.000000,0.000000,0.000000
40.930000,5.242128,51.930107,684.698364,0.000000,0.000000,0.000000
37.919998,4.423147,18.132774,493.436340,0.000000,0.000000,0.000000
93.900002,10.333201,36.451836,266.983765,0.000000,0.000000,0.000000
32.150002,1.152658,4.518076,609.568726,0.000000,0.000000,0.000000
126.949997,6.696780,19.880188,108.379227,0.000000,0.000000,0.000000
47.360001,7.703468,47.655449,399.686096,0.000000,0.000000,0.000000
24.270000,3.854994,-15.430323,602.670959,0.000000,0.000000,0.000000
106.980003,11.247999,9.173671,61.388943,0.000000,0.000000,0.000000
39.939999,4.329947,2.051313,341.652802,0.000000,0.000000,0.000000
76.629997,5.053823,12.640596,64.580116,0.000000,0.000000,0.000000
19.170000,3.864612,24.394377,158.231689,0.000000,0.000000,0.000000
17.620001,1.427663,6.056977,86.205513,0.000000,0.000000,0.000000
19.520000,4.375258,4.956054,13.181405,0.000000,0.000000,0.000000
16.190001,1.821157,5.204265,27.262039,0.000000,0.000000,0.000000
15.670000,0.825447,2.114113,9.672213,0.000000,0.000000,0.000000
12.270000,2.200317,0.249865,3.783349,0.000000,0.000000,0.000000
19.049999,1.206570,1.384632,2.226144,0.000000,0.000000,0.000000
13.160000,1.762606,0.721876,0.932129,0.000000,0.000000,0.000000
8.890000,1.464684,0.502653,0.175460,0.000000,0.000000,0.000000
20.980000,1.567234,0.127523,0.394784,0.000000,0.000000,0.000000
13.340000,1.528569,0.058220,0.109662,0.000000,0.000000,0.000000
13.170000,1.529846,0.041707,0.175460,0.000000,0.000000,0.000000
14.770000,1.572879,0.043341,0.043865,0.000000,0.000000,0.000000
9.430000,1.549875,0.000000,0.000000,0.000000,0.000000,0.000000
19.209999,1.565870,0.000000,0.000000,0.000000,0.000000,0.000000
16.900000,1.566524,0.000000,0.000000,0.000000,0.000000,0.000000
18.330000,1.574206,0.000000,0.000000,0.000000,0.000000,0.000000
18.330000,1.580497,0.000000,0.000000,0.000000,0.000000,0.000000
8.890000,1.579259,0.000000,0.000000,0.000000,0.000000,0.000000
16.190001,1.590692,0.000000,0.000000,0.000000,0.000000,0.000000
20.459999,1.587275,0.000000,0.000000,0.000000,0.000000,0.000000
9.960000,1.593110,0.000000,0.000000,0.000000,0.000000,0.000000
22.049999,1.602809,0.000000,0.000000,0.000000,0.000000,0.000000
11.920000,1.599207,0.000000,0.000000,0.000000,0.000000,0.000000
10.140000,1.603863,0.000000,0.000000,0.000000,0.000000,0.000000
21.700001,1.619424,0.000000,0.000000,0.000000,0.000000,0.000000
10.320000,1.700218,0.000000,0.000000,0.000000,0.000000,0.000000
20.120001,1.739620,0.272963,0.043865,0.000000,0.000000,0.000000
14.770000,1.537391,0.149985,0.219325,0.000000,0.000000,0.000000
10.850000,1.498477,0.176200,0.186426,0.000000,0.000000,0.000000
12.110000,1.145538,0.000000,0.000000,0.000000,0.000000,0.000000
47.369999,3.535344,7.319516,17.129248,0.000000,0.000000,0.000000
25.240000,1.725183,8.139058,171.237625,0.000000,0.000000,0.000000
41.919998,3.376092,14.548042,102.490356,0.000000,0.000000,0.000000
26.129999,2.094620,12.700009,83.924530,0.000000,0.000000,0.000000
82.889999,7.290474,25.967855,93.914764,0.000000,0.000000,0.000000
14.230000,0.867090,2.013702,252.069687,0.000000,0.000000,0.000000
7.660000,0.326959,-0.886516,90.263016,0.000000,0.000000,0.000000
17.440001,3.012883,14.490982,76.368805,0.000000,0.000000,0.000000
14.410000,1.754142,8.156922,63.000977,0.000000,0.000000,0.000000
27.180000,2.637997,5.382188,11.558404,0.000000,0.000000,0.000000
31.990000,2.555595,8.068749,27.963879,0.000000,0.000000,0.000000
13.690000,2.055470,4.738646,19.805006,0.000000,0.000000,0.000000
30.770000,2.413957,1.983464,3.399531,0.000000,0.000000,0.000000
23.299999,2.865171,1.247207,3.443396,0.000000,0.000000,0.000000
10.670000,1.982291,1.961337,1.973921,0.000000,0.000000,0.000000
25.250000,2.395195,0.582773,0.372852,0.000000,0.000000,0.000000
10.840000,2.247863,0.824738,0.975994,0.000000,0.000000,0.000000
23.830000,2.176251,0.509875,0.416717,0.000000,0.000000,0.000000
23.309999,2.193004,0.355044,0.844400,0.000000,0.000000,0.000000
12.280000,2.165508,0.301888,0.098696,0.000000,0.000000,0.000000
21.870001,2.127330,0.299008,2.478368,0.000000,0.000000,0.000000
16.350000,2.274919,-0.508899,4.397458,0.000000,0.000000,0.000000
16.889999,2.293571,-0.645705,3.169239,0.000000,0.000000,0.000000
27.570000,2.352188,-0.435160,1.864259,0.000000,0.000000,0.000000
16.000000,2.287518,0.280491,1.096623,0.000000,0.000000,0.000000
12.800000,2.192861,0.014082,0.274156,0.000000,0.000000,0.000000
16.360001,2.238690,0.000000,0.000000,0.000000,0.000000,0.000000
12.280000,2.251205,0.021740,0.274156,0.000000,0.000000,0.000000
26.340000,2.252733,-0.139912,0.701839,0.000000,0.000000,0.000000
18.680000,2.279965,-0.118052,1.107589,0.000000,0.000000,0.000000
21.180000,2.364546,0.134140,0.175460,0.000000,0.000000,0.000000
22.940001,2.243408,0.015687,3.564024,0.000000,0.000000,0.000000
13.520000,2.323689,-0.304674,2.807354,0.000000,0.000000,0.000000
21.520000,2.446684,-0.668037,3.180206,0.000000,0.000000,0.000000
20.459999,2.033848,-0.357085,2.149381,0.000000,0.000000,0.000000
7.300000,1.261857,0.572137,0.811501,0.000000,0.000000,0.000000
43.730000,2.049531,4.960352,14.804407,0.000000,0.000000,0.000000
24.500000,2.701842,19.471436,185.438904,0.000000,0.000000,0.000000
54.180000,4.014482,11.521683,312.197510,0.000000,0.000000,0.000000
105.839996,7.550199,41.118168,302.251160,0.000000,0.000000,0.000000
30.020000,3.579847,26.604950,674.795837,0.000000,0.000000,0.000000
46.130001,2.727142,18.668850,333.943542,0.000000,0.000000,0.000000
77.309998,7.843733,36.903645,258.781006,0.000000,0.000000,0.000000
40.799999,4.437598,-8.910246,542.016724,0.000000,0.000000,0.000000
80.570000,4.337669,23.048050,184.331299,0.000000,0.000000,0.000000
48.369999,4.779527,25.977448,221.057190,0.000000,0.000000,0.000000
33.220001,3.319496,14.606558,271.808899,0.000000,0.000000,0.000000
52.770000,5.843530,13.114019,82.586655,0.000000,0.000000,0.000000
31.750000,4.523003,20.544977,162.859436,0.000000,0.000000,0.000000
37.299999,3.046989,13.845334,72.497726,0.000000,0.000000,0.000000
39.459999,4.042789,11.491050,80.064423,0.000000,0.000000,0.000000
36.009998,4.506338,10.232011,27.426533,0.000000,0.000000,0.000000
46.330002,3.987651,11.692295,47.922413,0.000000,0.000000,0.000000
35.480000,4.521640,9.271593,31.692396,0.000000,0.000000,0.000000
32.840000,4.110060,9.457312,39.061699,0.000000,0.000000,0.000000
40.320000,3.606043,8.183780,30.190025,0.000000,0.000000,0.000000
13.880000,1.979964,5.283319,21.943422,0.000000,0.000000,0.000000
40.860001,3.968577,1.898809,1.107589,0.000000,0.000000,0.000000
17.250000,2.577368,2.885498,4.759342,0.000000,0.000000,0.000000
16.360001,3.517062,0.348093,0.043865,0.000000,0.000000,0.000000
29.879999,2.890934,1.316848,0.723771,0.000000,0.000000,0.000000
27.940001,3.129543,0.776514,0.372852,0.000000,0.000000,0.000000
25.430000,2.825811,0.848266,0.405750,0.000000,0.000000,0.000000
23.820000,2.584745,0.760267,0.285122,0.000000,0.000000,0.000000
17.059999,3.056513,0.716925,0.208358,0.000000,0.000000,0.000000
24.700001,3.300734,1.457738,0.767636,0.000000,0.000000,0.000000
27.020000,2.966860,1.948770,5.702438,0.000000,0.000000,0.000000
15.650000,2.158007,2.090619,6.546838,0.000000,0.000000,0.000000
18.150000,1.757094,1.795238,4.989634,0.000000,0.000000,0.000000
13.170000,1.428134,1.632948,4.890937,0.000000,0.000000,0.000000
9.790000,1.525600,1.164835,1.886191,0.000000,0.000000,0.000000
16.730000,1.518085,1.236406,1.677833,0.000000,0.000000,0.000000
10.500000,1.298877,1.405957,2.598996,0.000000,0.000000,0.000000
13.000000,1.063640,1.302393,2.566097,0.000000,0.000000,0.000000
13.170000,1.085864,0.771671,0.975994,0.000000,0.000000,0.000000
9.430000,1.135620,0.883966,0.975994,0.000000,0.000000,0.000000
10.860000,0.928694,0.797361,1.074690,0.000000,0.000000,0.000000
7.480000,0.635645,0.000827,0.142561,0.000000,0.000000,0.000000
7.300000,0.202598,0.025293,0.274156,0.000000,0.000000,0.000000
6.950000,0.121528,0.424263,3.432429,0.000000,0.000000,0.000000
22.750000,0.823752,3.012609,11.997053,0.000000,0.000000,0.000000
32.840000,1.824039,10.330830,89.506340,0.000000,0.000000,0.000000
23.240000,3.753767,15.701361,174.604279,0.000000,0.000000,0.000000
65.790001,6.408937,25.253439,113.138565,0.000000,0.000000,0.000000
98.849998,7.236948,24.134737,230.828125,0.000000,0.000000,0.000000
25.540001,4.874360,17.426907,636.238586,0.000000,0.000000,0.000000
17.070000,2.996526,7.069725,247.562576,0.000000,0.000000,0.000000
108.949997,10.952532,35.043472,122.854645,0.000000,0.000000,0.000000
26.799999,2.686574,9.246532,557.073364,0.000000,0.000000,0.000000
77.910004,3.169526,16.907398,113.226288,0.000000,0.000000,0.000000
44.830002,6.951949,35.159794,218.074402,0.000000,0.000000,0.000000
25.370001,4.508171,10.646962,196.635422,0.000000,0.000000,0.000000
31.770000,3.318998,6.762739,91.140305,0.000000,0.000000,0.000000
13.140000,2.790252,3.797029,74.548416,0.000000,0.000000,0.000000
32.720001,1.965993,3.073404,8.224670,0.000000,0.000000,0.000000
23.990000,2.642835,4.208849,10.385017,0.000000,0.000000,0.000000
9.240000,1.979784,0.195642,27.876148,0.000000,0.000000,0.000000
31.790001,3.057039,-1.496946,2.248077,0.000000,0.000000,0.000000
13.880000,1.980009,-0.171245,23.347095,0.000000,0.000000,0.000000
27.370001,2.977822,-1.708774,3.169239,0.000000,0.000000,0.000000
26.320000,2.022387,-0.809549,18.258766,0.000000,0.000000,0.000000
19.020000,3.020309,-2.795906,7.742156,0.000000,0.000000,0.000000
27.740000,2.175353,-1.680408,17.984612,0.000000,0.000000,0.000000
18.660000,3.235417,-3.405676,11.273282,0.000000,0.000000,0.000000
17.430000,2.228589,-1.554360,19.794039,0.000000,0.000000,0.000000
39.080002,3.214459,-4.539308,19.794039,0.000000,0.000000,0.000000
20.629999,2.480854,-2.853462,20.013367,0.000000,0.000000,0.000000
40.119999,3.336778,-5.054580,20.276552,0.000000,0.000000,0.000000
23.650000,2.510478,-2.895191,20.232687,0.000000,0.000000,0.000000
21.309999,3.263088,-4.926532,21.406076,0.000000,0.000000,0.000000
56.029999,4.215063,-3.537725,16.208082,0.000000,0.000000,0.000000
48.400002,4.606774,2.640935,97.445885,0.000000,0.000000,0.000000
126.589996,8.115723,11.786946,87.872383,0.000000,0.000000,0.000000
51.060001,3.519530,22.952038,530.447388,0.000000,0.000000,0.000000
67.070000,4.497311,25.415621,201.120621,0.000000,0.000000,0.000000
94.190002,10.943465,50.835979,459.616516,0.000000,0.000000,0.000000
69.019997,5.082429,-5.911602,1022.556763,0.000000,0.000000,0.000000
94.779999,8.971974,47.283131,339.360840,0.000000,0.000000,0.000000
77.410004,6.995102,52.845566,742.358765,0.000000,0.000000,0.000000
53.509998,3.945957,19.635544,657.458191,0.000000,0.000000,0.000000
131.809998,12.166486,47.937202,281.645630,0.000000,0.000000,0.000000
61.840000,5.548179,24.031887,988.440796,0.000000,0.000000,0.000000
33.169998,3.667886,19.583370,362.784729,0.000000,0.000000,0.000000
127.419998,13.775395,38.350094,136.441803,0.000000,0.000000,0.000000
50.380001,3.545449,-6.300852,652.512390,0.000000,0.000000,0.000000
80.489998,6.826132,12.691093,74.800629,0.000000,0.000000,0.000000
37.410000,5.849782,33.519073,320.553802,0.000000,0.000000,0.000000
42.020000,4.068081,-11.929941,159.108978,0.000000,0.000000,0.000000
103.730003,7.937827,-3.858337,54.798237,0.000000,0.000000,0.000000
36.369999,3.851254,-12.900604,136.924316,0.000000,0.000000,0.000000
47.660000,4.312103,-12.572049,76.061752,0.000000,0.000000,0.000000
49.000000,3.661013,-12.804778,118.194000,0.000000,0.000000,0.000000
22.730000,2.051465,-5.282845,85.810738,0.000000,0.000000,0.000000
28.770000,1.741090,0.892324,101.163452,0.000000,0.000000,0.000000
25.240000,1.958831,4.180763,50.883289,0.000000,0.000000,0.000000
12.450000,3.472597,7.283889,25.364885,0.000000,0.000000,0.000000
12.790000,3.537964,1.122541,0.438649,0.000000,0.000000,0.000000
33.860001,6.402795,-8.297886,14.212230,0.000000,0.000000,0.000000
10.490000,2.650264,0.271541,0.043865,0.000000,0.000000,0.000000
25.610001,1.766064,-1.819463,19.388288,0.000000,0.000000,0.000000
20.270000,2.252470,-2.939056,14.212230,0.000000,0.000000,0.000000
9.080000,1.683823,0.265265,0.043865,0.000000,0.000000,0.000000
18.850000,1.672904,-0.392352,2.467401,0.000000,0.000000,0.000000
10.320000,1.638790,-0.108882,0.394784,0.000000,0.000000,0.000000
14.230000,1.633761,0.016811,0.010966,0.000000,0.000000,0.000000
20.110001,1.620413,-0.011579,0.098696,0.000000,0.000000,0.000000
11.040000,1.627857,0.002645,0.010966,0.000000,0.000000,0.000000
12.280000,1.644143,0.000000,0.000000,0.000000,0.000000,0.000000
11.390000,1.653556,0.000000,0.000000,0.000000,0.000000,0.000000
10.500000,1.672717,0.000000,0.000000,0.000000,0.000000,0.000000
21.530001,1.691590,0.000000,0.000000,0.000000,0.000000,0.000000
13.530000,1.689936,0.000000,0.000000,0.000000,0.000000,0.000000
20.820000,1.697545,0.000000,0.000000,0.000000,0.000000,0.000000
15.300000,1.711592,0.000000,0.000000,0.000000,0.000000,0.000000
8.720000,1.728244,0.000000,0.000000,0.000000,0.000000,0.000000
19.570000,1.731259,0.000000,0.000000,0.000000,0.000000,0.000000
17.629999,1.750608,0.000000,0.000000,0.000000,0.000000,0.000000
9.080000,1.786160,0.000000,0.000000,0.000000,0.000000,0.000000
20.110001,1.835002,0.000000,0.000000,0.000000,0.000000,0.000000
10.130000,1.806677,0.000000,0.000000,0.000000,0.000000,0.000000
14.590000,1.718350,0.054659,0.043865,0.000000,0.000000,0.000000
20.110001,1.670291,0.000000,0.000000,0.000000,0.000000,0.000000
12.100000,1.630301,0.214544,0.219325,0.000000,0.000000,0.000000
18.330000,1.808308,0.358072,0.274156,0.000000,0.000000,0.000000
12.630000,1.730307,1.156954,3.081510,0.000000,0.000000,0.000000
33.549999,2.597551,0.611492,0.537345,0.000000,0.000000,0.000000
17.950001,2.651158,17.615978,124.126717,0.000000,0.000000,0.000000
19.040001,1.586652,-3.855982,148.855560,0.000000,0.000000,0.000000
131.419998,8.730995,19.249094,54.085434,0.000000,0.000000,0.000000
14.750000,2.844595,30.343985,615.501404,0.000000,0.000000,0.000000
48.549999,4.435284,1.773059,272.247559,0.000000,0.000000,0.000000
123.330002,10.845776,30.710966,228.492294,0.000000,0.000000,0.000000
63.119999,3.194628,-1.229048,608.625610,0.000000,0.000000,0.000000
151.380005,10.270796,23.246803,101.415657,0.000000,0.000000,0.000000
46.450001,4.581720,-7.089471,624.449829,0.000000,0.000000,0.000000
110.220001,8.680965,5.493582,152.452484,0.000000,0.000000,0.000000
30.830000,6.295982,28.422459,350.688995,0.000000,0.000000,0.000000
62.230000,3.225775,6.393839,211.757828,0.000000,0.000000,0.000000
89.970001,9.887855,35.470943,130.827087,0.000000,0.000000,0.000000
52.480000,4.440245,10.297384,393.106354,0.000000,0.000000,0.000000
111.769997,8.942049,17.699463,61.597298,0.000000,0.000000,0.000000
22.530001,5.255213,26.701916,284.979340,0.000000,0.000000,0.000000
51.240002,3.598078,11.307503,92.390465,0.000000,0.000000,0.000000
45.709999,7.178409,21.616089,66.488235,0.000000,0.000000,0.000000
48.610001,4.391228,11.755432,121.264526,0.000000,0.000000,0.000000
69.239998,6.009168,9.627854,36.024055,0.000000,0.000000,0.000000
17.940001,3.626885,11.337674,68.330566,0.000000,0.000000,0.000000
45.950001,4.324063,8.875714,28.534124,0.000000,0.000000,0.000000
19.879999,3.835149,11.534968,41.989689,0.000000,0.000000,0.000000
21.150000,2.324255,5.679064,25.310051,0.000000,0.000000,0.000000
27.030001,2.392864,2.578698,3.377598,0.000000,0.000000,0.000000
9.610000,2.014058,1.702831,1.995853,0.000000,0.000000,0.000000
17.080000,2.052488,0.830805,0.668940,0.000000,0.000000,0.000000
11.740000,1.791154,0.840689,0.394784,0.000000,0.000000,0.000000
12.810000,1.708156,0.238849,0.230291,0.000000,0.000000,0.000000
23.299999,1.753269,0.026983,0.098696,0.000000,0.000000,0.000000
12.100000,1.658200,0.038637,0.054831,0.000000,0.000000,0.000000
11.030000,1.642898,0.057655,0.175460,0.000000,0.000000,0.000000
14.600000,1.657433,0.000000,0.000000,0.000000,0.000000,0.000000
9.780000,1.595864,0.047366,0.043865,0.000000,0.000000,0.000000
17.790001,1.574971,0.138167,0.142561,0.000000,0.000000,0.000000
16.200001,1.512913,0.026700,0.010966,0.000000,0.000000,0.000000
9.610000,1.501637,0.279731,0.318021,0.000000,0.000000,0.000000
16.730000,1.501765,0.035136,0.010966,0.000000,0.000000,0.000000
10.150000,1.431360,0.397625,0.438649,0.000000,0.000000,0.000000
13.890000,1.297886,0.260061,0.274156,0.000000,0.000000,0.000000
13.710000,1.365384,1.188430,1.995853,0.000000,0.000000,0.000000
13.170000,0.965286,1.221755,2.730591,0.000000,0.000000,0.000000
14.580000,1.566675,2.081898,3.322767,0.000000,0.000000,0.000000
19.040001,1.103879,4.095154,24.619183,0.000000,0.000000,0.000000
25.219999,2.415673,8.842775,36.122753,0.000000,0.000000,0.000000
58.430000,4.694686,22.688911,119.082260,0.000000,0.000000,0.000000
42.070000,3.536111,21.986261,292.798248,0.000000,0.000000,0.000000
73.260002,5.516582,27.727886,206.790146,0.000000,0.000000,0.000000
54.930000,4.828248,38.210369,372.774963,0.000000,0.000000,0.000000
39.360001,4.019071,24.118048,400.969116,0.000000,0.000000,0.000000
98.250000,9.861298,40.785313,312.559387,0.000000,0.000000,0.000000
71.139999,5.332053,21.802246,769.620850,0.000000,0.000000,0.000000
99.370003,6.420527,31.094236,414.194397,0.000000,0.000000,0.000000
65.120003,5.273527,45.812408,647.939514,0.000000,0.000000,0.000000
46.779999,3.159840,28.657021,446.040344,0.000000,0.000000,0.000000
88.849998,9.487125,47.368744,350.886383,0.000000,0.000000,0.000000
30.730000,2.990390,12.007740,769.467224,0.000000,0.000000,0.000000
62.470001,4.683178,22.324688,145.488937,0.000000,0.000000,0.000000
61.410000,7.217238,38.356514,229.402496,0.000000,0.000000,0.000000
12.090000,3.210052,-9.941660,219.697388,0.000000,0.000000,0.000000
37.080002,4.400746,-2.277368,4.660646,0.000000,0.000000,0.000000
19.400000,1.991723,-0.305110,39.862232,0.000000,0.000000,0.000000
19.209999,2.673456,-1.505460,5.855966,0.000000,0.000000,0.000000
22.420000,1.732635,-0.378484,3.596922,0.000000,0.000000,0.000000
15.120000,1.954019,0.245253,0.098696,0.000000,0.000000,0.000000
11.390000,1.521067,-0.058866,0.548311,0.000000,0.000000,0.000000
19.370001,1.617449,0.000000,0.000000,0.000000,0.000000,0.000000
17.260000,1.622842,0.000000,0.000000,0.000000,0.000000,0.000000
17.600000,1.619544,0.000000,0.000000,0.000000,0.000000,0.000000
18.510000,1.645259,0.000000,0.000000,0.000000,0.000000,0.000000
10.500000,1.650290,0.000000,0.000000,0.000000,0.000000,0.000000
14.950000,1.664968,0.000000,0.000000,0.000000,0.000000,0.000000
19.930000,1.666001,0.000000,0.000000,0.000000,0.000000,0.000000
12.990000,1.693605,0.000000,0.000000,0.000000,0.000000,0.000000
21.000000,1.698698,0.000000,0.000000,0.000000,0.000000,0.000000
13.350000,1.717919,0.000000,0.000000,0.000000,0.000000,0.000000
12.280000,1.764517,0.000000,0.000000,0.000000,0.000000,0.000000
22.240000,1.845327,0.000000,0.000000,0.000000,0.000000,0.000000
9.260000,1.480394,0.085633,0.142561,0.000000,0.000000,0.000000
18.700001,1.380802,0.582955,1.096623,0.000000,0.000000,0.000000
16.370001,1.409450,1.887439,5.384418,0.000000,0.000000,0.000000
8.540000,1.116532,3.117929,13.444593,0.000000,0.000000,0.000000
23.100000,1.232567,2.591631,12.501499,0.000000,0.000000,0.000000
31.040001,4.219446,19.822279,102.139442,0.000000,0.000000,0.000000
15.830000,1.221723,-9.143367,180.865997,0.000000,0.000000,0.000000
64.139999,5.593386,-0.597576,4.364559,0.000000,0.000000,0.000000
11.560000,1.165731,-0.312777,133.711197,0.000000,0.000000,0.000000
38.320000,4.268627,-0.379726,9.014238,0.000000,0.000000,0.000000
14.390000,2.229864,0.180353,87.225372,0.000000,0.000000,0.000000
27.530001,3.265964,-0.160613,7.073216,0.000000,0.000000,0.000000
25.450001,1.906374,0.840718,41.737457,0.000000,0.000000,0.000000
28.100000,2.360363,-0.918879,4.397457,0.000000,0.000000,0.000000
10.330000,1.354492,0.443316,9.365158,0.000000,0.000000,0.000000
21.160000,2.144874,-0.694958,1.337880,0.000000,0.000000,0.000000
11.030000,1.485894,0.024640,0.975994,0.000000,0.000000,0.000000
21.180000,1.659604,0.134059,0.175460,0.000000,0.000000,0.000000
18.680000,1.899507,0.000000,0.000000,0.000000,0.000000,0.000000
14.230000,2.295487,0.355967,0.274156,0.000000,0.000000,0.000000
29.150000,2.878013,1.319418,0.921163,0.000000,0.000000,0.000000
17.770000,2.827351,2.645934,7.259643,0.000000,0.000000,0.000000
29.840000,3.251595,3.798913,5.669539,0.000000,0.000000,0.000000
48.639999,3.651740,8.519670,27.229141,0.000000,0.000000,0.000000
24.690001,2.647778,13.083816,157.507919,0.000000,0.000000,0.000000
36.770000,3.003123,14.882975,159.196716,0.000000,0.000000,0.000000
25.370001,3.282237,14.847542,213.205383,0.000000,0.000000,0.000000
29.820000,3.579975,9.764137,198.697067,0.000000,0.000000,0.000000
37.840000,3.464339,24.119240,184.945404,0.000000,0.000000,0.000000
44.169998,3.435024,14.422415,200.736786,0.000000,0.000000,0.000000
64.320000,5.333889,23.343504,140.905045,0.000000,0.000000,0.000000
71.930000,7.326537,41.270737,252.892151,0.000000,0.000000,0.000000
26.790001,3.520757,16.829851,342.826172,0.000000,0.000000,0.000000
51.209999,4.727799,17.764423,86.808662,0.000000,0.000000,0.000000
40.470001,4.424239,19.412468,119.959557,0.000000,0.000000,0.000000
36.189999,4.514262,6.351433,56.651531,0.000000,0.000000,0.000000
68.839996,7.262979,7.650506,9.134867,0.000000,0.000000,0.000000
16.530001,2.770590,8.456738,93.881866,0.000000,0.000000,0.000000
33.020000,3.529830,1.606223,2.653827,0.000000,0.000000,0.000000
28.600000,3.261767,6.778238,33.479893,0.000000,0.000000,0.000000
19.379999,2.332176,0.775235,0.548311,0.000000,0.000000,0.000000
24.010000,2.749003,2.223992,6.075290,0.000000,0.000000,0.000000
18.150000,2.233323,-0.079889,0.109662,0.000000,0.000000,0.000000
11.560000,1.725624,0.303725,0.581210,0.000000,0.000000,0.000000
14.600000,1.369943,0.098053,0.043865,0.000000,0.000000,0.000000
8.910000,0.976588,0.122232,0.043865,0.000000,0.000000,0.000000
11.390000,0.756061,0.257705,0.219325,0.000000,0.000000,0.000000
9.260000,0.682750,0.807970,1.162420,0.000000,0.000000,0.000000
9.070000,0.806866,2.350236,6.963554,0.000000,0.000000,0.000000
22.420000,1.599756,5.683104,22.261440,0.000000,0.000000,0.000000
22.910000,2.477597,6.708971,20.956459,0.000000,0.000000,0.000000
55.110001,5.140720,15.351199,56.651527,0.000000,0.000000,0.000000
79.580002,6.901043,29.228090,169.855896,0.000000,0.000000,0.000000
56.840000,5.347174,30.571110,220.750153,0.000000,0.000000,0.000000
78.900002,8.144947,47.694443,345.501923,0.000000,0.000000,0.000000
44.590000,5.794332,31.676018,536.588440,0.000000,0.000000,0.000000
58.040001,4.587739,34.612137,398.271423,0.000000,0.000000,0.000000
84.010002,5.306326,25.006847,464.989960,0.000000,0.000000,0.000000
36.880001,4.263319,36.059372,503.349823,0.000000,0.000000,0.000000
34.369999,3.953709,25.556147,439.021912,0.000000,0.000000,0.000000
61.369999,5.768255,33.939171,373.926422,0.000000,0.000000,0.000000
41.110001,4.212782,26.329313,462.193573,0.000000,0.000000,0.000000
78.699997,5.925145,27.489262,344.109253,0.000000,0.000000,0.000000
48.160000,5.166226,26.931030,320.882751,0.000000,0.000000,0.000000
51.209999,5.734241,-1.538157,315.629944,0.000000,0.000000,0.000000
69.769997,5.095057,14.867331,104.113350,0.000000,0.000000,0.000000
43.759998,5.450100,9.811153,54.085434,0.000000,0.000000,0.000000
49.639999,3.971984,10.867955,66.159248,0.000000,0.000000,0.000000
29.490000,3.299657,8.305346,31.385344,0.000000,0.000000,0.000000
13.340000,1.824656,4.614283,18.752249,0.000000,0.000000,0.000000
28.420000,3.607099,0.824896,0.449615,0.000000,0.000000,0.000000
14.760000,2.740584,1.478412,5.406350,0.000000,0.000000,0.000000
23.469999,2.691352,0.155206,0.109662,0.000000,0.000000,0.000000
26.139999,2.668854,0.877885,1.261116,0.000000,0.000000,0.000000
17.430000,2.664102,0.140556,0.054831,0.000000,0.000000,0.000000
20.790001,2.845233,0.251955,0.142561,0.000000,0.000000,0.000000
20.969999,3.296688,0.778892,0.614109,0.000000,0.000000,0.000000
21.309999,3.284474,1.576288,2.588030,0.000000,0.000000,0.000000
32.549999,2.849812,2.381169,7.062251,0.000000,0.000000,0.000000
27.020000,2.816802,2.711082,6.415243,0.000000,0.000000,0.000000
14.050000,2.302486,4.672004,18.971573,0.000000,0.000000,0.000000
12.280000,1.035265,3.067617,16.909924,0.000000,0.000000,0.000000
12.450000,1.280455,3.488799,12.720824,0.000000,0.000000,0.000000
14.060000,0.914211,3.566639,21.987288,0.000000,0.000000,0.000000
20.629999,1.657573,5.758677,28.490261,0.000000,0.000000,0.000000
8.540000,0.717410,1.141789,2.324840,0.000000,0.000000,0.000000
60.070000,3.254687,5.535112,16.504171,0.000000,0.000000,0.000000
24.639999,4.568907,25.126369,174.692001,0.000000,0.000000,0.000000
29.129999,2.181988,9.368299,147.879578,0.000000,0.000000,0.000000
115.680000,10.393607,30.329592,102.358757,0.000000,0.000000,0.000000
38.119999,3.345617,21.006514,495.947601,0.000000,0.000000,0.000000
65.250000,2.697377,19.245958,277.950012,0.000000,0.000000,0.000000
56.590000,7.389977,34.078430,158.231674,0.000000,0.000000,0.000000
29.290001,3.490743,18.797245,451.304077,0.000000,0.000000,0.000000
64.540001,2.762323,9.627531,121.747047,0.000000,0.000000,0.000000
26.639999,4.186076,13.199915,159.152863,0.000000,0.000000,0.000000
28.990000,2.324246,-2.347373,92.675591,0.000000,0.000000,0.000000
33.910000,3.475454,1.185095,7.577662,0.000000,0.000000,0.000000
13.340000,2.153612,0.183808,35.289318,0.000000,0.000000,0.000000
31.969999,3.359824,-0.715069,3.750450,0.000000,0.000000,0.000000
22.420000,2.066443,-0.436606,22.480766,0.000000,0.000000,0.000000
27.180000,3.059828,-0.582604,7.237710,0.000000,0.000000,0.000000
21.530001,1.980638,0.016209,16.328712,0.000000,0.000000,0.000000
13.690000,2.597043,0.289871,11.371978,0.000000,0.000000,0.000000
19.920000,1.942025,-0.566760,16.010693,0.000000,0.000000,0.000000
28.650000,2.378458,-0.610309,10.966228,0.000000,0.000000,0.000000
20.260000,2.083840,-1.041163,8.005345,0.000000,0.000000,0.000000
30.410000,2.645904,0.913191,2.467401,0.000000,0.000000,0.000000
33.880001,4.058906,1.773723,5.329586,0.000000,0.000000,0.000000
28.379999,4.855644,13.022372,38.085709,0.000000,0.000000,0.000000
83.529999,4.363183,19.648390,104.255913,0.000000,0.000000,0.000000
40.020000,4.686212,26.439281,167.498154,0.000000,0.000000,0.000000
90.730003,6.034650,35.809769,316.594940,0.000000,0.000000,0.000000
90.610001,7.197999,31.497942,387.963196,0.000000,0.000000,0.000000
64.779999,7.715779,55.467861,474.771820,0.000000,0.000000,0.000000
67.639999,4.612035,46.139565,645.581848,0.000000,0.000000,0.000000
68.529999,7.844447,26.741070,467.534149,0.000000,0.000000,0.000000
117.260002,9.139749,54.671135,355.415436,0.000000,0.000000,0.000000
43.610001,4.011569,35.152802,668.029602,0.000000,0.000000,0.000000
65.169998,6.967960,25.115891,178.771423,0.000000,0.000000,0.000000
99.139999,8.109674,41.557831,287.589325,0.000000,0.000000,0.000000
35.099998,3.847912,20.355789,330.138275,0.000000,0.000000,0.000000
66.139999,6.296009,23.062693,170.042328,0.000000,0.000000,0.000000
46.840000,4.392502,23.800344,217.493164,0.000000,0.000000,0.000000
52.939999,6.005894,2.052233,122.021210,0.000000,0.000000,0.000000
47.660000,5.468613,12.480157,112.184494,0.000000,0.000000,0.000000
29.469999,2.978539,0.295118,95.800957,0.000000,0.000000,0.000000
25.209999,3.472832,7.384947,33.929508,0.000000,0.000000,0.000000
23.120001,1.706808,5.115879,31.341478,0.000000,0.000000,0.000000
20.450001,2.588021,4.110757,9.672213,0.000000,0.000000,0.000000
9.610000,1.710222,2.635723,6.777128,0.000000,0.000000,0.000000
21.180000,2.046333,1.303464,2.500300,0.000000,0.000000,0.000000
10.670000,1.792358,1.509563,2.906050,0.000000,0.000000,0.000000
20.100000,1.820729,0.866987,1.524306,0.000000,0.000000,0.000000
19.920000,1.583851,1.130566,0.975994,0.000000,0.000000,0.000000
9.610000,1.665125,1.200381,0.986961,0.000000,0.000000,0.000000
23.670000,1.676107,0.352947,0.449615,0.000000,0.000000,0.000000
11.210000,1.676039,0.680063,0.350919,0.000000,0.000000,0.000000
11.920000,1.811303,0.416067,0.142561,0.000000,0.000000,0.000000
22.410000,1.834161,0.481643,0.142561,0.000000,0.000000,0.000000
13.700000,1.909823,0.237026,0.054831,0.000000,0.000000,0.000000
11.030000,1.947712,0.127458,0.010966,0.000000,0.000000,0.000000
11.210000,1.388352,0.000000,0.000000,0.000000,0.000000,0.000000
32.799999,4.973833,0.402235,0.394784,0.000000,0.000000,0.000000
15.480000,1.433148,3.356470,25.222322,0.000000,0.000000,0.000000
13.520000,1.713210,-0.609646,2.193246,0.000000,0.000000,0.000000
8.010000,1.160125,-0.078776,0.888264,0.000000,0.000000,0.000000
12.280000,1.187176,-0.389219,1.579137,0.000000,0.000000,0.000000
7.300000,1.099690,-0.129821,0.888264,0.000000,0.000000,0.000000
13.530000,1.190290,-0.129913,0.175460,0.000000,0.000000,0.000000
14.420000,1.110542,0.034486,0.098696,0.000000,0.000000,0.000000
11.570000,1.135348,0.143183,0.888264,0.000000,0.000000,0.000000
16.740000,1.126680,-0.135668,1.096623,0.000000,0.000000,0.000000
9.610000,1.154813,-0.060782,1.096623,0.000000,0.000000,0.000000
8.190000,1.215527,-0.256529,0.701839,0.000000,0.000000,0.000000
12.460000,1.300403,1.947653,5.132194,0.000000,0.000000,0.000000
8.540000,0.827339,-0.102290,0.482514,0.000000,0.000000,0.000000
17.790001,1.388422,-0.131862,0.263189,0.000000,0.000000,0.000000
9.780000,1.137025,0.195758,8.213704,0.000000,0.000000,0.000000
23.120001,2.685523,4.571794,10.571444,0.000000,0.000000,0.000000
24.200001,1.548269,6.384212,87.916237,0.000000,0.000000,0.000000
37.250000,3.159555,15.633282,84.319321,0.000000,0.000000,0.000000
92.610001,6.339745,29.830654,256.850952,0.000000,0.000000,0.000000
17.959999,1.615828,8.064083,391.834259,0.000000,0.000000,0.000000
86.129997,6.689721,22.810621,119.268692,0.000000,0.000000,0.000000
56.349998,5.559764,30.906178,279.627808,0.000000,0.000000,0.000000
38.009998,2.242102,17.436485,190.099548,0.000000,0.000000,0.000000
110.959999,9.529466,27.517647,85.668167,0.000000,0.000000,0.000000
47.220001,3.542888,17.958282,344.207947,0.000000,0.000000,0.000000
66.099998,6.205950,20.548477,79.954758,0.000000,0.000000,0.000000
106.730003,9.952190,43.989861,228.941925,0.000000,0.000000,0.000000
38.570000,2.163416,6.996891,437.398926,0.000000,0.000000,0.000000
166.029999,11.987187,21.688074,45.597576,0.000000,0.000000,0.000000
57.049999,5.908755,39.625664,479.026733,0.000000,0.000000,0.000000
46.419998,3.934868,6.418530,193.389420,0.000000,0.000000,0.000000
136.809998,12.120685,19.300577,52.078617,0.000000,0.000000,0.000000
46.980000,4.730067,-3.711089,333.691315,0.000000,0.000000,0.000000
41.660000,5.010779,4.690006,57.441097,0.000000,0.000000,0.000000
24.540001,1.843997,2.564044,61.070919,0.000000,0.000000,0.000000
25.400000,2.721572,-0.689050,9.376124,0.000000,0.000000,0.000000
8.360000,1.508260,0.696529,1.644934,0.000000,0.000000,0.000000
15.300000,1.485568,-0.224149,0.899231,0.000000,0.000000,0.000000
8.720000,1.270470,0.133355,0.318021,0.000000,0.000000,0.000000
12.990000,1.162826,0.080343,0.175460,0.000000,0.000000,0.000000
15.490000,1.073543,0.409463,0.767636,0.000000,0.000000,0.000000
8.720000,1.031035,0.357767,0.493480,0.000000,0.000000,0.000000
11.390000,0.921326,0.772466,1.030825,0.000000,0.000000,0.000000
6.410000,0.876758,1.485407,3.553058,0.000000,0.000000,0.000000
15.300000,1.004696,2.688671,8.575589,0.000000,0.000000,0.000000
14.590000,1.116813,2.735632,8.433029,0.000000,0.000000,0.000000
12.450000,1.361911,1.666476,3.706585,0.000000,0.000000,0.000000
31.600000,3.641897,2.479765,3.004746,0.000000,0.000000,0.000000
60.520000,5.682276,19.484911,68.418289,0.000000,0.000000,0.000000
33.860001,4.205712,24.300528,226.660950,0.000000,0.000000,0.000000
79.760002,5.049572,28.193975,175.470596,0.000000,0.000000,0.000000
51.950001,5.639315,20.214565,198.554504,0.000000,0.000000,0.000000
14.930000,2.292367,8.672268,149.897354,0.000000,0.000000,0.000000
12.100000,0.522170,2.602775,75.206383,0.000000,0.000000,0.000000
9.070000,1.514022,4.867888,50.587204,0.000000,0.000000,0.000000
28.600000,3.035651,3.480979,62.704887,0.000000,0.000000,0.000000
19.740000,3.315508,0.766915,132.504929,0.000000,0.000000,0.000000
19.180000,3.439942,0.500210,50.916191,0.000000,0.000000,0.000000
27.370001,3.493256,10.181217,124.938225,0.000000,0.000000,0.000000
13.510000,2.085663,-3.626529,47.121876,0.000000,0.000000,0.000000
43.820000,5.217563,3.799249,3.443395,0.000000,0.000000,0.000000
54.470001,3.388932,-9.101774,65.413544,0.000000,0.000000,0.000000
28.059999,4.214949,-4.241605,21.570566,0.000000,0.000000,0.000000
44.259998,3.326420,-4.722222,43.031471,0.000000,0.000000,0.000000
24.170000,2.648470,-2.812746,24.301159,0.000000,0.000000,0.000000
15.110000,2.170251,-2.783974,22.250475,0.000000,0.000000,0.000000
26.320000,1.830936,-2.368671,15.835231,0.000000,0.000000,0.000000
13.340000,0.793456,-1.625957,22.206610,0.000000,0.000000,0.000000
19.049999,0.837161,-1.700288,6.338480,0.000000,0.000000,0.000000
7.840000,0.381914,-0.300093,11.371978,0.000000,0.000000,0.000000
8.360000,0.967479,-0.135895,0.932129,0.000000,0.000000,0.000000
10.150000,0.411487,0.823475,4.923837,0.000000,0.000000,0.000000
16.730000,1.250355,1.573062,3.421463,0.000000,0.000000,0.000000
39.970001,2.672462,9.411206,36.747826,0.000000,0.000000,0.000000
44.709999,3.749676,20.723513,174.692001,0.000000,0.000000,0.000000
63.270000,6.772545,20.144917,179.517136,0.000000,0.000000,0.000000
78.250000,6.834115,27.483311,219.664490,0.000000,0.000000,0.000000
67.690002,3.864092,20.991673,461.403961,0.000000,0.000000,0.000000
39.709999,3.098552,23.177551,353.320862,0.000000,0.000000,0.000000
78.519997,6.010933,20.664818,354.406525,0.000000,0.000000,0.000000
20.270000,2.167230,5.480629,413.580322,0.000000,0.000000,0.000000
65.919998,7.247264,21.299393,73.736908,0.000000,0.000000,0.000000
35.130001,3.858739,24.788654,347.717163,0.000000,0.000000,0.000000
46.130001,2.986821,13.021903,196.997314,0.000000,0.000000,0.000000
62.650002,5.843399,22.225994,93.476120,0.000000,0.000000,0.000000
39.790001,3.148042,9.785781,148.811707,0.000000,0.000000,0.000000
33.680000,5.450667,12.797965,40.026726,0.000000,0.000000,0.000000
33.910000,4.390628,13.912160,64.536247,0.000000,0.000000,0.000000
50.560001,3.598318,12.549491,58.614487,0.000000,0.000000,0.000000
25.240000,2.821611,8.175812,29.948765,0.000000,0.000000,0.000000
41.360001,3.589799,5.199950,9.014238,0.000000,0.000000,0.000000
15.460000,2.661917,4.769669,14.354793,0.000000,0.000000,0.000000
17.590000,2.541643,2.217960,6.853892,0.000000,0.000000,0.000000
22.590000,2.152650,1.893789,9.047138,0.000000,0.000000,0.000000
10.500000,1.451501,1.069644,8.498826,0.000000,0.000000,0.000000
19.040001,1.732408,0.639253,0.921163,0.000000,0.000000,0.000000
9.430000,0.817161,0.742568,6.470075,0.000000,0.000000,0.000000
6.770000,0.508021,-0.032430,0.109662,0.000000,0.000000,0.000000
9.260000,0.511906,0.050998,0.219325,0.000000,0.000000,0.000000
9.080000,1.233863,0.140544,0.745703,0.000000,0.000000,0.000000
19.930000,2.192961,0.392171,0.679906,0.000000,0.000000,0.000000
21.520000,2.392515,0.262703,0.701839,0.000000,0.000000,0.000000
42.049999,5.354890,2.097492,3.169239,0.000000,0.000000,0.000000
81.199997,10.796919,24.554127,196.723145,0.000000,0.000000,0.000000
27.690001,3.416442,11.760695,303.347778,0.000000,0.000000,0.000000
54.250000,3.785587,14.074745,82.191864,0.000000,0.000000,0.000000
16.900000,0.598510,7.575892,132.592651,0.000000,0.000000,0.000000
17.570000,4.916739,8.712013,100.384842,0.000000,0.000000,0.000000
13.890000,1.387439,-0.323044,105.462204,0.000000,0.000000,0.000000
6.580000,0.911781,3.418023,17.874950,0.000000,0.000000,0.000000
21.180000,1.635349,5.990269,32.745155,0.000000,0.000000,0.000000
26.680000,1.451504,6.484568,36.791691,0.000000,0.000000,0.000000
20.270000,2.346643,6.010896,18.171040,0.000000,0.000000,0.000000
15.650000,2.380229,4.737300,14.541217,0.000000,0.000000,0.000000
19.559999,2.204698,3.679309,7.753122,0.000000,0.000000,0.000000
18.480000,2.922359,1.783100,4.561951,0.000000,0.000000,0.000000
17.260000,2.092902,2.518095,13.005945,0.000000,0.000000,0.000000
20.629999,2.323175,1.819349,5.022532,0.000000,0.000000,0.000000
9.970000,1.395414,3.405330,15.199191,0.000000,0.000000,0.000000
13.880000,0.951774,1.458422,5.757270,0.000000,0.000000,0.000000
11.380000,1.344444,0.188958,3.991707,0.000000,0.000000,0.000000
9.430000,0.564519,0.150937,4.540018,0.000000,0.000000,0.000000
10.860000,0.869877,0.200462,0.098696,0.000000,0.000000,0.000000
8.190000,0.625458,0.199694,0.394784,0.000000,0.000000,0.000000
12.460000,0.764418,0.118794,0.032899,0.000000,0.000000,0.000000
7.830000,0.793800,0.069164,0.010966,0.000000,0.000000,0.000000
9.080000,0.796565,0.016054,0.109662,0.000000,0.000000,0.000000
11.390000,0.767966,0.088453,0.285122,0.000000,0.000000,0.000000
7.830000,0.818099,0.091335,0.021932,0.000000,0.000000,0.000000
12.290000,0.777745,0.067935,0.010966,0.000000,0.000000,0.000000
8.370000,0.796094,0.120780,0.109662,0.000000,0.000000,0.000000
8.370000,0.780304,0.067922,0.010966,0.000000,0.000000,0.000000
10.860000,0.780958,0.000000,0.000000,0.000000,0.000000,0.000000
10.330000,0.813608,0.069731,0.010966,0.000000,0.000000,0.000000
9.610000,0.804423,0.068488,0.010966,0.000000,0.000000,0.000000
10.330000,0.825939,0.068811,0.010966,0.000000,0.000000,0.000000
12.810000,1.162303,0.240310,0.098696,0.000000,0.000000,0.000000
22.760000,1.972426,3.610579,6.810028,0.000000,0.000000,0.000000
9.080000,0.631605,0.493637,51.815422,0.000000,0.000000,0.000000
19.730000,1.869210,3.176713,9.606414,0.000000,0.000000,0.000000
22.760000,1.495395,4.588563,25.507444,0.000000,0.000000,0.000000
25.930000,3.335828,3.848110,10.001200,0.000000,0.000000,0.000000
17.240000,2.461022,6.748289,31.736263,0.000000,0.000000,0.000000
36.439999,3.111709,4.805730,16.175186,0.000000,0.000000,0.000000
32.130001,3.996550,7.040487,22.820717,0.000000,0.000000,0.000000
30.040001,2.874735,5.862311,28.238033,0.000000,0.000000,0.000000
36.189999,4.613030,4.245405,8.871677,0.000000,0.000000,0.000000
15.830000,2.935868,4.630853,34.850670,0.000000,0.000000,0.000000
28.950001,3.256389,0.371562,2.949915,0.000000,0.000000,0.000000
12.280000,2.035151,0.941937,11.426808,0.000000,0.000000,0.000000
11.220000,1.431940,0.094845,0.438649,0.000000,0.000000,0.000000
8.910000,0.559424,0.121322,0.745703,0.000000,0.000000,0.000000
6.230000,0.217114,-0.131273,0.263189,0.000000,0.000000,0.000000
6.590000,0.065042,0.057641,0.416717,0.000000,0.000000,0.000000
6.230000,0.146349,0.284541,0.888264,0.000000,0.000000,0.000000
8.370000,0.271742,0.635420,1.908124,0.000000,0.000000,0.000000
8.190000,0.390184,0.667357,1.272082,0.000000,0.000000,0.000000
7.650000,0.411651,0.674312,1.557204,0.000000,0.000000,0.000000
13.160000,1.441745,2.189587,3.871078,0.000000,0.000000,0.000000
72.379997,7.215454,12.159277,21.373177,0.000000,0.000000,0.000000
88.839996,5.952177,29.282959,151.520370,0.000000,0.000000,0.000000
43.080002,3.872354,21.500740,487.382996,0.000000,0.000000,0.000000
96.730003,8.244904,37.189552,409.193787,0.000000,0.000000,0.000000
73.650002,7.707663,55.433823,562.326172,0.000000,0.000000,0.000000
47.130001,3.500486,24.855452,665.792603,0.000000,0.000000,0.000000
42.049999,3.098497,27.786388,457.324585,0.000000,0.000000,0.000000
62.110001,5.328255,40.005524,377.369812,0.000000,0.000000,0.000000
43.459999,2.944254,31.436272,510.620483,0.000000,0.000000,0.000000
43.639999,3.407071,17.794331,355.075500,0.000000,0.000000,0.000000
40.799999,4.597669,31.863813,228.865189,0.000000,0.000000,0.000000
30.370001,3.024809,20.668240,248.264404,0.000000,0.000000,0.000000
23.990000,3.065059,2.538284,198.598358,0.000000,0.000000,0.000000
45.450001,2.718531,5.440069,24.630146,0.000000,0.000000,0.000000
22.750000,3.260622,10.005414,43.853943,0.000000,0.000000,0.000000
22.049999,1.940389,1.816647,35.289322,0.000000,0.000000,0.000000
26.660000,2.592767,2.406702,9.332259,0.000000,0.000000,0.000000
14.230000,1.999138,2.013411,8.334333,0.000000,0.000000,0.000000
21.150000,2.240043,0.931088,0.636041,0.000000,0.000000,0.000000
21.709999,2.298078,1.211715,1.962955,0.000000,0.000000,0.000000
13.700000,2.108459,0.744982,0.296088,0.000000,0.000000,0.000000
22.940001,2.141717,0.607120,0.537345,0.000000,0.000000,0.000000
16.879999,2.041590,0.339167,0.537345,0.000000,0.000000,0.000000
12.980000,1.999646,0.291867,0.811501,0.000000,0.000000,0.000000
22.760000,2.104138,-0.017755,0.745703,0.000000,0.000000,0.000000
16.889999,2.024638,-0.028615,0.175460,0.000000,0.000000,0.000000
20.450001,1.999216,0.476968,0.263189,0.000000,0.000000,0.000000
17.260000,1.856460,-0.083000,1.326914,0.000000,0.000000,0.000000
8.180000,1.477652,-0.048067,1.326914,0.000000,0.000000,0.000000
13.350000,1.158249,-0.762514,2.478368,0.000000,0.000000,0.000000
9.430000,0.564774,0.045782,3.903977,0.000000,0.000000,0.000000
20.620001,1.968766,2.900009,12.128648,0.000000,0.000000,0.000000
27.730000,1.660145,14.955078,182.894730,0.000000,0.000000,0.000000
27.549999,1.970301,9.893028,201.910172,0.000000,0.000000,0.000000
46.779999,5.385037,25.442585,129.127319,0.000000,0.000000,0.000000
80.720001,8.224623,5.770202,159.229599,0.000000,0.000000,0.000000
83.779999,5.832101,-7.651503,342.771362,0.000000,0.000000,0.000000
39.889999,3.219478,36.786690,513.054932,0.000000,0.000000,0.000000
25.770000,2.472237,13.294707,313.436676,0.000000,0.000000,0.000000
53.590000,6.069284,18.426365,193.060425,0.000000,0.000000,0.000000
56.660000,6.607986,18.772211,370.790100,0.000000,0.000000,0.000000
24.320000,2.890677,19.728064,145.488937,0.000000,0.000000,0.000000
64.500000,4.915873,16.005997,55.719402,0.000000,0.000000,0.000000
37.610001,5.171813,16.892685,57.737186,0.000000,0.000000,0.000000
24.330000,3.984166,13.927176,60.380039,0.000000,0.000000,0.000000
48.759998,4.678880,12.766046,38.370827,0.000000,0.000000,0.000000
25.040001,4.268450,13.932830,58.482891,0.000000,0.000000,0.000000
34.820000,3.765385,12.327272,51.080681,0.000000,0.000000,0.000000
27.020000,2.546969,6.210342,23.248402,0.000000,0.000000,0.000000
22.379999,4.239078,2.878032,2.116482,0.000000,0.000000,0.000000
20.100000,2.916383,4.073291,6.601669,0.000000,0.000000,0.000000
17.600000,2.852750,1.945345,1.425610,0.000000,0.000000,0.000000
19.730000,2.903044,2.031753,1.590103,0.000000,0.000000,0.000000
23.830000,2.561475,1.673433,1.502373,0.000000,0.000000,0.000000
19.209999,2.592129,0.907334,1.601069,0.000000,0.000000,0.000000
12.280000,2.138790,1.270191,2.489334,0.000000,0.000000,0.000000
18.139999,1.877594,1.121731,1.732664,0.000000,0.000000,0.000000
11.390000,1.577973,0.680827,0.932129,0.000000,0.000000,0.000000
10.860000,1.017750,0.919073,1.579137,0.000000,0.000000,0.000000
14.060000,1.221161,0.286292,0.372852,0.000000,0.000000,0.000000
8.890000,1.195042,0.522582,1.195319,0.000000,0.000000,0.000000
36.590000,2.718741,2.717901,4.748376,0.000000,0.000000,0.000000
32.290001,3.278506,10.675990,75.283150,0.000000,0.000000,0.000000
76.529999,9.416744,2.278194,160.545563,0.000000,0.000000,0.000000
39.560001,4.838091,17.012253,150.610153,0.000000,0.000000,0.000000
24.719999,1.058994,5.135592,108.554688,0.000000,0.000000,0.000000
39.430000,2.853382,13.024113,94.079262,0.000000,0.000000,0.000000
29.520000,2.074754,6.134206,82.071243,0.000000,0.000000,0.000000
6.050000,0.638509,-1.437675,111.373016,0.000000,0.000000,0.000000
14.400000,1.449409,3.179363,19.322493,0.000000,0.000000,0.000000
13.700000,1.776022,3.234682,23.599323,0.000000,0.000000,0.000000
17.969999,1.951500,2.926169,13.718750,0.000000,0.000000,0.000000
18.850000,1.792964,1.078049,1.425610,0.000000,0.000000,0.000000
8.890000,1.498720,1.565726,4.068470,0.000000,0.000000,0.000000
19.930000,1.866568,0.298575,0.109662,0.000000,0.000000,0.000000
18.139999,1.784358,0.311783,0.537345,0.000000,0.000000,0.000000
19.559999,1.870920,0.105682,0.043865,0.000000,0.000000,0.000000
18.860001,1.867751,0.051968,0.010966,0.000000,0.000000,0.000000
13.340000,1.915192,0.000000,0.000000,0.000000,0.000000,0.000000
17.260000,1.916004,0.000000,0.000000,0.000000,0.000000,0.000000
20.820000,1.929126,0.000000,0.000000,0.000000,0.000000,0.000000
15.120000,1.944494,0.000000,0.000000,0.000000,0.000000,0.000000
21.530001,1.958983,0.000000,0.000000,0.000000,0.000000,0.000000
13.700000,1.975507,0.000000,0.000000,0.000000,0.000000,0.000000
14.770000,1.996722,0.000000,0.000000,0.000000,0.000000,0.000000
22.780001,2.022385,0.000000,0.000000,0.000000,0.000000,0.000000
12.090000,2.032097,0.000000,0.000000,0.000000,0.000000,0.000000
22.600000,2.058491,0.000000,0.000000,0.000000,0.000000,0.000000
18.680000,2.088334,0.000000,0.000000,0.000000,0.000000,0.000000
12.630000,2.101727,0.000000,0.000000,0.000000,0.000000,0.000000
21.889999,2.093088,0.000000,0.000000,0.000000,0.000000,0.000000
12.460000,2.117725,0.000000,0.000000,0.000000,0.000000,0.000000
20.980000,2.219304,0.000000,0.000000,0.000000,0.000000,0.000000
67.550003,5.012057,1.227240,1.074690,0.000000,0.000000,0.000000
65.349998,9.045405,27.750317,87.214401,0.000000,0.000000,0.000000
46.810001,4.297074,10.017467,330.236938,0.000000,0.000000,0.000000
53.400002,3.336627,17.929146,163.692871,0.000000,0.000000,0.000000
57.869999,5.397266,20.352058,122.997192,0.000000,0.000000,0.000000
39.029999,2.214104,22.028345,356.040527,0.000000,0.000000,0.000000
21.520000,1.770501,-5.813923,68.187996,0.000000,0.000000,0.000000
36.700001,2.329836,7.916626,50.685905,0.000000,0.000000,0.000000
33.570000,2.952124,14.920005,109.991264,0.000000,0.000000,0.000000
18.660000,2.094260,8.687220,82.542786,0.000000,0.000000,0.000000
34.459999,3.254391,8.929381,33.501823,0.000000,0.000000,0.000000
24.719999,2.123388,3.451281,7.281575,0.000000,0.000000,0.000000
18.840000,3.625505,3.043028,5.329587,0.000000,0.000000,0.000000
24.900000,2.417607,4.066005,7.259643,0.000000,0.000000,0.000000
14.940000,2.622508,1.777323,1.590103,0.000000,0.000000,0.000000
16.730000,2.081213,1.615172,2.544165,0.000000,0.000000,0.000000
20.980000,1.741604,0.390858,0.394784,0.000000,0.000000,0.000000
10.860000,1.507932,0.196871,0.098696,0.000000,0.000000,0.000000
9.970000,1.141727,0.000000,0.000000,0.000000,0.000000,0.000000
6.760000,0.674162,-0.025995,0.043865,0.000000,0.000000,0.000000
6.940000,0.361695,0.058207,0.098696,0.000000,0.000000,0.000000
7.120000,0.284602,0.103448,0.186426,0.000000,0.000000,0.000000
8.010000,0.266056,0.072034,0.043865,0.000000,0.000000,0.000000
6.050000,0.324446,0.000000,0.000000,0.000000,0.000000,0.000000
9.260000,0.291101,0.005017,0.054831,0.000000,0.000000,0.000000
8.190000,0.492726,0.652770,1.250150,0.000000,0.000000,0.000000
16.719999,1.326409,2.776441,11.711930,0.000000,0.000000,0.000000
33.570000,2.100823,9.457856,47.856617,0.000000,0.000000,0.000000
26.270000,3.254750,16.864038,104.530083,0.000000,0.000000,0.000000
80.930000,4.988736,20.788998,179.210068,0.000000,0.000000,0.000000
52.200001,5.903691,39.787788,285.363159,0.000000,0.000000,0.000000
32.840000,1.959072,26.300922,509.830872,0.000000,0.000000,0.000000
113.080002,6.528237,37.330776,356.753296,0.000000,0.000000,0.000000
35.810001,3.098659,33.314327,640.307068,0.000000,0.000000,0.000000
68.349998,4.419084,21.056139,374.277344,0.000000,0.000000,0.000000
61.009998,6.571772,30.212475,381.778229,0.000000,0.000000,0.000000
44.180000,8.650105,35.940605,348.912476,0.000000,0.000000,0.000000
35.150002,2.107814,20.674829,373.038147,0.000000,0.000000,0.000000
84.550003,8.765531,24.134109,178.343750,0.000000,0.000000,0.000000
45.919998,4.108546,25.343206,287.161652,0.000000,0.000000,0.000000
51.950001,4.836828,14.157506,175.711853,0.000000,0.000000,0.000000
40.700001,8.220082,23.278397,196.679276,0.000000,0.000000,0.000000
37.660000,2.857314,2.439806,189.989883,0.000000,0.000000,0.000000
53.540001,5.015839,7.139233,17.732388,0.000000,0.000000,0.000000
30.570000,2.861467,5.219857,23.665119,0.000000,0.000000,0.000000
37.150002,3.443674,1.699070,1.962955,0.000000,0.000000,0.000000
8.000000,1.719299,0.578097,35.629272,0.000000,0.000000,0.000000
14.590000,1.818009,-0.067248,0.745703,0.000000,0.000000,0.000000
8.000000,1.063832,2.829265,20.320417,0.000000,0.000000,0.000000
9.070000,0.720454,0.391319,1.721698,0.000000,0.000000,0.000000
9.980000,0.803305,1.107036,2.291942,0.000000,0.000000,0.000000
9.960000,0.613117,0.401791,0.581210,0.000000,0.000000,0.000000
6.590000,0.611136,0.107011,0.098696,0.000000,0.000000,0.000000
7.480000,0.469652,0.000000,0.000000,0.000000,0.000000,0.000000
6.230000,0.366897,0.000000,0.000000,0.000000,0.000000,0.000000
7.830000,0.345658,0.000000,0.000000,0.000000,0.000000,0.000000
7.120000,0.362699,0.000000,0.000000,0.000000,0.000000,0.000000
6.760000,0.419121,0.019640,0.010966,0.000000,0.000000,0.000000
11.040000,0.536425,0.062353,0.109662,0.000000,0.000000,0.000000
7.120000,0.691939,0.064496,0.043865,0.000000,0.000000,0.000000
13.170000,0.867955,0.113634,0.098696,0.000000,0.000000,0.000000
13.530000,0.993399,0.101414,0.054831,0.000000,0.000000,0.000000
9.610000,1.076472,0.385856,0.438649,0.000000,0.000000,0.000000
10.850000,1.349646,1.362550,2.390638,0.000000,0.000000,0.000000
17.440001,1.859891,4.140772,14.102567,0.000000,0.000000,0.000000
13.520000,1.643305,3.971627,37.372906,0.000000,0.000000,0.000000
27.730000,2.306718,4.578459,18.478092,0.000000,0.000000,0.000000
22.420000,1.600185,5.997670,37.658028,0.000000,0.000000,0.000000
12.810000,0.825390,6.110381,83.113029,0.000000,0.000000,0.000000
36.900002,2.784990,11.994513,69.975494,0.000000,0.000000,0.000000
30.889999,4.228143,19.297508,94.616608,0.000000,0.000000,0.000000
63.299999,4.831438,20.385935,110.429901,0.000000,0.000000,0.000000
92.199997,6.801661,19.848938,148.208572,0.000000,0.000000,0.000000
21.309999,2.711765,18.630415,386.987183,0.000000,0.000000,0.000000
50.209999,1.351191,3.490016,205.496140,0.000000,0.000000,0.000000
50.320000,3.171745,14.407645,208.698273,0.000000,0.000000,0.000000
40.980000,4.105349,29.882261,242.594864,0.000000,0.000000,0.000000
68.529999,4.930237,14.572625,114.728661,0.000000,0.000000,0.000000
50.220001,7.937743,29.830334,133.996323,0.000000,0.000000,0.000000
21.870001,1.476376,10.612472,193.663574,0.000000,0.000000,0.000000
39.889999,5.243103,11.764525,29.235962,0.000000,0.000000,0.000000
31.240000,4.172184,15.439753,71.050186,0.000000,0.000000,0.000000
32.900002,2.617887,3.902012,92.094368,0.000000,0.000000,0.000000
37.279999,4.446530,4.247375,4.397457,0.000000,0.000000,0.000000
17.770000,2.734322,5.649970,38.228271,0.000000,0.000000,0.000000
25.610001,2.879014,2.063062,2.204212,0.000000,0.000000,0.000000
17.240000,2.825317,1.926280,2.248077,0.000000,0.000000,0.000000
24.190001,2.005273,0.045274,1.381745,0.000000,0.000000,0.000000
14.940000,1.909297,0.782474,1.206285,0.000000,0.000000,0.000000
11.750000,1.343849,0.200016,0.756670,0.000000,0.000000,0.000000
14.780000,1.137216,1.236965,2.533199,0.000000,0.000000,0.000000
10.680000,0.840633,1.491890,4.364558,0.000000,0.000000,0.000000
15.840000,1.675620,3.591585,9.200665,0.000000,0.000000,0.000000
35.880001,2.139704,9.178579,40.827263,0.000000,0.000000,0.000000
44.950001,5.290452,23.565327,108.993332,0.000000,0.000000,0.000000
50.209999,3.619951,29.959799,279.792328,0.000000,0.000000,0.000000
24.299999,3.650274,17.083994,324.720947,0.000000,0.000000,0.000000
55.110001,5.680707,21.767149,172.378128,0.000000,0.000000,0.000000
68.930000,4.233747,27.461359,208.029312,0.000000,0.000000,0.000000
27.870001,3.356457,22.077345,306.835052,0.000000,0.000000,0.000000
36.240002,1.823287,18.227343,200.429718,0.000000,0.000000,0.000000
72.959999,5.505543,32.297337,213.117676,0.000000,0.000000,0.000000
25.740000,2.600324,24.255438,461.557556,0.000000,0.000000,0.000000
78.220001,5.569453,17.108078,149.184555,0.000000,0.000000,0.000000
29.959999,4.778717,26.173769,172.323273,0.000000,0.000000,0.000000
35.880001,2.084247,12.383291,108.280518,0.000000,0.000000,0.000000
28.440001,2.799281,8.392608,41.901955,0.000000,0.000000,0.000000
11.020000,2.023168,5.628249,86.534500,0.000000,0.000000,0.000000
35.730000,2.697025,6.995650,35.684105,0.000000,0.000000,0.000000
15.470000,1.525181,9.256536,107.578690,0.000000,0.000000,0.000000
7.830000,0.649106,-3.222931,101.119583,0.000000,0.000000,0.000000
29.150000,2.678532,1.277754,0.701839,0.000000,0.000000,0.000000
6.770000,0.518721,0.115995,39.752579,0.000000,0.000000,0.000000
16.719999,1.645063,0.266038,1.414643,0.000000,0.000000,0.000000
26.320000,2.085095,1.480901,2.544165,0.000000,0.000000,0.000000
18.129999,2.850861,1.936331,2.259043,0.000000,0.000000,0.000000
28.620001,2.438343,2.555990,3.487260,0.000000,0.000000,0.000000
18.139999,2.333317,2.054569,1.973921,0.000000,0.000000,0.000000
12.800000,2.170386,1.566618,1.151454,0.000000,0.000000,0.000000
17.600000,2.221871,0.819439,0.372852,0.000000,0.000000,0.000000
12.630000,2.130865,0.501749,0.175460,0.000000,0.000000,0.000000
22.600000,2.124517,0.367903,0.087730,0.000000,0.000000,0.000000
17.969999,2.165975,0.000000,0.000000,0.000000,0.000000,0.000000
11.740000,1.972255,0.124232,0.010966,0.000000,0.000000,0.000000
18.850000,2.051584,0.000000,0.000000,0.000000,0.000000,0.000000
11.740000,1.927067,0.242883,0.043865,0.000000,0.000000,0.000000
19.900000,2.017860,0.123846,0.010966,0.000000,0.000000,0.000000
27.030001,2.562984,0.760733,0.241257,0.000000,0.000000,0.000000
19.900000,2.825689,3.213887,6.239783,0.000000,0.000000,0.000000
24.530001,2.695176,4.532244,21.515739,0.000000,0.000000,0.000000
19.209999,2.480676,5.445341,12.951115,0.000000,0.000000,0.000000
18.670000,2.484912,3.247675,4.737411,0.000000,0.000000,0.000000
24.540001,2.391816,2.275681,2.741557,0.000000,0.000000,0.000000
24.900000,1.687197,0.176381,0.548311,0.000000,0.000000,0.000000
32.660000,3.534762,12.285679,59.754974,0.000000,0.000000,0.000000
28.620001,2.323840,-11.589966,103.400558,0.000000,0.000000,0.000000
9.780000,0.832640,-4.475444,45.191826,0.000000,0.000000,0.000000
21.700001,1.814278,-0.152446,3.114408,0.000000,0.000000,0.000000
16.370001,1.378170,0.897955,69.525879,0.000000,0.000000,0.000000
26.660000,2.468480,5.942989,17.502098,0.000000,0.000000,0.000000
26.299999,2.484721,10.804699,60.698063,0.000000,0.000000,0.000000
17.420000,2.340791,7.555756,46.255547,0.000000,0.000000,0.000000
38.520000,4.218070,8.622613,25.255222,0.000000,0.000000,0.000000
18.150000,1.648716,5.031930,68.933701,0.000000,0.000000,0.000000
25.770000,2.985356,1.614328,2.412570,0.000000,0.000000,0.000000
16.379999,1.848848,3.347636,20.013367,0.000000,0.000000,0.000000
12.280000,1.148603,-0.090303,0.021932,0.000000,0.000000,0.000000
8.190000,0.517784,-0.080136,0.175460,0.000000,0.000000,0.000000
6.940000,0.084977,-0.041879,2.302908,0.000000,0.000000,0.000000
9.260000,0.498183,1.834758,7.160946,0.000000,0.000000,0.000000
21.530001,1.112514,3.719308,13.137539,0.000000,0.000000,0.000000
29.270000,2.895865,5.961383,15.725571,0.000000,0.000000,0.000000
36.189999,4.710195,15.770473,66.532104,0.000000,0.000000,0.000000
80.419998,6.843881,21.202175,176.007950,0.000000,0.000000,0.000000
59.279999,5.240320,33.447693,254.778351,0.000000,0.000000,0.000000
62.860001,3.698301,34.150360,352.125549,0.000000,0.000000,0.000000
74.459999,6.156782,45.416714,488.326111,0.000000,0.000000,0.000000
49.730000,4.742094,44.751057,476.000061,0.000000,0.000000,0.000000
53.189999,2.725342,29.185642,522.979370,0.000000,0.000000,0.000000
64.500000,4.871583,34.775341,429.393585,0.000000,0.000000,0.000000
60.070000,4.731451,38.378799,385.210632,0.000000,0.000000,0.000000
63.040001,4.749575,33.037647,340.413635,0.000000,0.000000,0.000000
41.610001,5.058728,25.982283,372.840759,0.000000,0.000000,0.000000
51.209999,5.238415,31.317375,266.106445,0.000000,0.000000,0.000000
29.820000,4.193340,21.989698,338.527435,0.000000,0.000000,0.000000
34.240002,4.368368,21.245331,208.807938,0.000000,0.000000,0.000000
43.669998,2.909989,13.494517,132.362366,0.000000,0.000000,0.000000
24.330000,3.759374,5.754089,35.080959,0.000000,0.000000,0.000000
16.709999,2.639750,4.713989,26.340878,0.000000,0.000000,0.000000
26.139999,2.396311,1.747651,5.307654,0.000000,0.000000,0.000000
16.180000,1.860510,3.713850,21.208681,0.000000,0.000000,0.000000
11.030000,0.895686,2.133637,20.331383,0.000000,0.000000,0.000000
13.160000,1.571038,2.830739,8.608489,0.000000,0.000000,0.000000
8.900000,0.618477,3.927278,33.304432,0.000000,0.000000,0.000000
16.010000,0.530933,1.522720,9.277428,0.000000,0.000000,0.000000
16.360001,1.485180,4.026550,11.240382,0.000000,0.000000,0.000000
8.720000,0.319683,0.642554,10.143761,0.000000,0.000000,0.000000
12.810000,1.265382,1.649296,3.048611,0.000000,0.000000,0.000000
8.540000,0.611041,0.686074,1.973921,0.000000,0.000000,0.000000
8.900000,0.836733,1.529932,4.441322,0.000000,0.000000,0.000000
9.790000,0.846470,0.023647,0.449615,0.000000,0.000000,0.000000
9.790000,0.746980,0.676884,1.381745,0.000000,0.000000,0.000000
12.450000,0.988860,0.228911,0.230291,0.000000,0.000000,0.000000
9.610000,0.988431,0.232442,0.186426,0.000000,0.000000,0.000000
13.520000,0.991693,0.185760,0.109662,0.000000,0.000000,0.000000
12.110000,0.978811,0.286730,0.153527,0.000000,0.000000,0.000000
8.540000,0.797324,0.101519,0.043865,0.000000,0.000000,0.000000
10.330000,0.557137,0.298234,0.274156,0.000000,0.000000,0.000000
10.680000,0.538351,0.721153,1.765563,0.000000,0.000000,0.000000
16.000000,1.419283,3.294919,8.871677,0.000000,0.000000,0.000000
32.509998,2.716279,11.897697,57.221771,0.000000,0.000000,0.000000
20.969999,2.351923,5.716819,151.728729,0.000000,0.000000,0.000000
38.849998,4.109537,15.889250,72.300339,0.000000,0.000000,0.000000
37.660000,2.815924,14.519760,83.398163,0.000000,0.000000,0.000000
30.530001,4.066456,16.493277,97.928406,0.000000,0.000000,0.000000
60.950001,5.159625,15.721478,112.228363,0.000000,0.000000,0.000000
27.299999,5.019302,35.129757,284.979340,0.000000,0.000000,0.000000
17.430000,2.262249,5.796216,297.349243,0.000000,0.000000,0.000000
65.910004,5.821926,18.865910,70.249649,0.000000,0.000000,0.000000
33.000000,3.324967,13.637957,206.483078,0.000000,0.000000,0.000000
43.080002,4.194555,15.308284,153.044647,0.000000,0.000000,0.000000
37.250000,4.571571,18.318375,146.815842,0.000000,0.000000,0.000000
27.549999,2.674881,14.008835,84.231590,0.000000,0.000000,0.000000
36.209999,3.551881,16.740816,82.268631,0.000000,0.000000,0.000000
20.969999,2.477809,7.159642,34.050137,0.000000,0.000000,0.000000
18.129999,3.192333,8.496082,38.666920,0.000000,0.000000,0.000000
25.790001,1.884794,6.670567,40.991756,0.000000,0.000000,0.000000
30.870001,3.771752,5.026094,8.641387,0.000000,0.000000,0.000000
21.700001,2.026802,6.521513,51.672863,0.000000,0.000000,0.000000
26.480000,2.599392,5.997978,29.444319,0.000000,0.000000,0.000000
20.260000,2.064020,4.665942,23.522558,0.000000,0.000000,0.000000
27.740000,2.081926,1.803537,7.281575,0.000000,0.000000,0.000000
15.990000,2.465880,1.423623,1.732664,0.000000,0.000000,0.000000
18.139999,2.575982,3.639037,5.570844,0.000000,0.000000,0.000000
48.610001,3.446256,9.575128,27.941948,0.000000,0.000000,0.000000
36.549999,3.840982,17.596687,92.741379,0.000000,0.000000,0.000000
49.110001,3.201329,20.102060,133.338348,0.000000,0.000000,0.000000
58.400002,5.801179,27.547779,169.899750,0.000000,0.000000,0.000000
37.049999,4.536683,29.705196,383.620544,0.000000,0.000000,0.000000
61.580002,5.338329,28.315393,372.117004,0.000000,0.000000,0.000000
66.940002,6.862427,52.320847,456.403381,0.000000,0.000000,0.000000
28.770000,2.277688,-7.586492,701.761719,0.000000,0.000000,0.000000
33.419998,1.191255,4.370457,180.032562,0.000000,0.000000,0.000000
72.550003,7.373396,16.609259,69.624573,0.000000,0.000000,0.000000
39.049999,3.466068,22.782509,275.087830,0.000000,0.000000,0.000000
33.910000,3.467666,-1.234805,266.183258,0.000000,0.000000,0.000000
51.919998,5.285364,24.540306,171.895599,0.000000,0.000000,0.000000
31.100000,1.695843,6.378400,218.907837,0.000000,0.000000,0.000000
35.459999,4.624947,11.740784,67.683556,0.000000,0.000000,0.000000
16.530001,2.320953,12.002599,164.252151,0.000000,0.000000,0.000000
20.260000,2.246486,6.337304,53.482292,0.000000,0.000000,0.000000
26.840000,3.831442,10.537188,59.173759,0.000000,0.000000,0.000000
24.010000,1.994354,6.357224,76.160446,0.000000,0.000000,0.000000
20.790001,2.870496,6.107046,41.770359,0.000000,0.000000,0.000000
17.780001,2.231493,2.911921,20.726170,0.000000,0.000000,0.000000
27.900000,2.876569,3.648730,10.220524,0.000000,0.000000,0.000000
10.670000,1.579785,4.240141,34.543613,0.000000,0.000000,0.000000
24.190001,2.025884,2.009192,6.612635,0.000000,0.000000,0.000000
26.320000,2.558875,3.101910,14.497352,0.000000,0.000000,0.000000
16.889999,2.495389,1.995136,5.483113,0.000000,0.000000,0.000000
19.740000,2.584876,2.809656,6.130121,0.000000,0.000000,0.000000
14.580000,2.347017,2.292021,4.057504,0.000000,0.000000,0.000000
13.170000,1.836227,0.000000,0.000000,0.000000,0.000000,0.000000
64.010002,4.031261,0.000000,0.000000,0.000000,0.000000,0.000000
16.540001,2.379104,4.901332,69.876801,0.000000,0.000000,0.000000
16.370001,1.154877,1.803991,11.492607,0.000000,0.000000,0.000000
17.600000,2.340543,0.231962,12.468600,0.000000,0.000000,0.000000
13.700000,1.597377,-0.725696,8.707184,0.000000,0.000000,0.000000
21.160000,2.024941,-0.005440,6.283648,0.000000,0.000000,0.000000
23.459999,2.684764,0.429645,1.436576,0.000000,0.000000,0.000000
10.330000,2.018735,1.673411,4.814174,0.000000,0.000000,0.000000
18.860001,1.930712,1.959471,8.180806,0.000000,0.000000,0.000000
9.430000,1.087085,0.977594,7.961482,0.000000,0.000000,0.000000
45.270000,2.576603,1.157332,2.017786,0.000000,0.000000,0.000000
39.939999,3.872511,16.832850,131.134140,0.000000,0.000000,0.000000
14.930000,3.024046,4.369043,143.833023,0.000000,0.000000,0.000000
39.790001,2.622167,10.994230,134.785904,0.000000,0.000000,0.000000
30.870001,2.991724,18.507479,148.734924,0.000000,0.000000,0.000000
37.279999,3.783558,15.110882,203.895065,0.000000,0.000000,0.000000
39.259998,3.023413,14.310678,113.982956,0.000000,0.000000,0.000000
43.820000,4.159746,14.205679,50.850391,0.000000,0.000000,0.000000
12.090000,2.384455,9.917913,99.814598,0.000000,0.000000,0.000000
34.060001,4.819446,3.086379,10.461781,0.000000,0.000000,0.000000
17.760000,3.335124,2.292342,63.055801,0.000000,0.000000,0.000000
29.500000,3.087994,2.413185,10.143761,0.000000,0.000000,0.000000
20.260000,2.700985,1.861260,6.897757,0.000000,0.000000,0.000000
22.590000,2.668093,0.846046,1.272082,0.000000,0.000000,0.000000
17.620001,2.327044,0.000000,0.000000,0.000000,0.000000,0.000000
12.810000,1.725411,0.027165,0.010966,0.000000,0.000000,0.000000
10.850000,1.034478,0.000000,0.000000,0.000000,0.000000,0.000000
6.760000,0.424441,-0.080378,0.087730,0.000000,0.000000,0.000000
5.690000,0.094734,0.064634,0.186426,0.000000,0.000000,0.000000
8.540000,0.124708,0.508161,2.412570,0.000000,0.000000,0.000000
12.810000,0.825211,2.020334,5.197992,0.000000,0.000000,0.000000
20.100000,1.539690,4.888063,19.410221,0.000000,0.000000,0.000000
25.219999,2.793553,10.018590,39.895134,0.000000,0.000000,0.000000
47.520000,4.510680,13.498168,61.520535,0.000000,0.000000,0.000000
68.309998,6.557038,27.282375,139.238190,0.000000,0.000000,0.000000
54.889999,5.801622,29.118027,266.216125,0.000000,0.000000,0.000000
68.000000,6.420586,47.006725,383.181885,0.000000,0.000000,0.000000
69.059998,4.702276,21.620701,595.795105,0.000000,0.000000,0.000000
34.930000,4.385711,27.310436,457.324554,0.000000,0.000000,0.000000
87.779999,4.906140,30.043839,358.793030,0.000000,0.000000,0.000000
29.660000,2.594590,26.070581,685.783936,0.000000,0.000000,0.000000
36.849998,4.025060,21.810421,379.442413,0.000000,0.000000,0.000000
95.440002,7.529440,37.298248,304.181183,0.000000,0.000000,0.000000
49.709999,2.509104,19.777475,557.775208,0.000000,0.000000,0.000000
55.250000,4.330845,28.933945,251.751678,0.000000,0.000000,0.000000
46.070000,5.794928,21.258963,354.636810,0.000000,0.000000,0.000000
12.980000,1.831595,7.929132,185.866577,0.000000,0.000000,0.000000
62.860001,5.991087,9.830241,35.837631,0.000000,0.000000,0.000000
20.809999,1.633920,6.921461,73.210533,0.000000,0.000000,0.000000
26.639999,3.906398,1.630975,2.094549,0.000000,0.000000,0.000000
25.270000,2.114859,2.834086,4.002673,0.000000,0.000000,0.000000
17.600000,2.167200,0.992656,3.169239,0.000000,0.000000,0.000000
10.320000,1.934951,0.620697,1.195319,0.000000,0.000000,0.000000
18.850000,1.624198,0.731515,1.326914,0.000000,0.000000,0.000000
8.720000,1.346929,0.587225,1.096623,0.000000,0.000000,0.000000
17.270000,1.328742,0.220701,0.142561,0.000000,0.000000,0.000000
12.810000,1.078882,0.000000,0.000000,0.000000,0.000000,0.000000
8.540000,0.836628,0.026049,0.010966,0.000000,0.000000,0.000000
13.170000,0.871763,0.434987,0.877298,0.000000,0.000000,0.000000
13.510000,1.958791,2.711390,5.373451,0.000000,0.000000,0.000000
12.990000,1.161190,4.138134,87.389870,0.000000,0.000000,0.000000
26.139999,2.246599,6.322903,40.991756,0.000000,0.000000,0.000000
24.360001,2.537234,9.156484,62.902279,0.000000,0.000000,0.000000
17.090000,1.031469,3.092097,134.950394,0.000000,0.000000,0.000000
43.520000,1.867783,8.131325,66.345673,0.000000,0.000000,0.000000
22.709999,3.465351,19.514425,131.090286,0.000000,0.000000,0.000000
40.139999,2.882578,18.426386,146.289459,0.000000,0.000000,0.000000
60.560001,4.274653,12.920869,116.461327,0.000000,0.000000,0.000000
32.419998,6.130995,33.348320,265.876190,0.000000,0.000000,0.000000
21.340000,1.977552,5.360689,454.692657,0.000000,0.000000,0.000000
29.110001,2.482392,14.813534,152.847275,0.000000,0.000000,0.000000
34.770000,2.670703,20.268784,222.416992,0.000000,0.000000,0.000000
42.599998,3.796970,20.064629,245.917648,0.000000,0.000000,0.000000
61.759998,6.182427,19.219246,127.449501,0.000000,0.000000,0.000000
63.340000,4.847364,16.066330,148.932343,0.000000,0.000000,0.000000
49.369999,6.382493,23.843639,122.744980,0.000000,0.000000,0.000000
28.440001,2.930909,18.684458,121.034241,0.000000,0.000000,0.000000
23.080000,3.097744,8.919560,79.384514,0.000000,0.000000,0.000000
25.580000,3.904924,7.524753,21.888592,0.000000,0.000000,0.000000
35.730000,3.093600,7.459065,34.499752,0.000000,0.000000,0.000000
18.850000,2.926739,2.689324,11.766762,0.000000,0.000000,0.000000
16.350000,3.593085,3.132130,5.965628,0.000000,0.000000,0.000000
31.459999,2.618703,1.487763,7.292541,0.000000,0.000000,0.000000
19.190001,2.719322,1.401319,2.818321,0.000000,0.000000,0.000000
11.030000,2.264539,1.838563,3.761416,0.000000,0.000000,0.000000
16.370001,1.887524,2.100107,4.792242,0.000000,0.000000,0.000000
11.560000,1.625701,2.861467,7.917617,0.000000,0.000000,0.000000
28.809999,1.980683,4.964343,12.830485,0.000000,0.000000,0.000000
23.820000,2.283237,9.783636,51.694794,0.000000,0.000000,0.000000
62.680000,4.719932,21.627296,109.508743,0.000000,0.000000,0.000000
47.549999,3.292327,28.968916,291.449402,0.000000,0.000000,0.000000
80.900002,7.895538,15.718431,306.681519,0.000000,0.000000,0.000000
70.120003,8.453043,56.004318,456.875000,0.000000,0.000000,0.000000
29.309999,2.043467,25.259768,697.605530,0.000000,0.000000,0.000000
88.970001,8.189341,44.555023,408.239746,0.000000,0.000000,0.000000
28.240000,2.112660,13.876657,823.815857,0.000000,0.000000,0.000000
84.709999,4.241165,22.946531,272.247528,0.000000,0.000000,0.000000
48.220001,7.718812,48.154785,500.871460,0.000000,0.000000,0.000000
22.219999,1.721017,3.156034,602.155518,0.000000,0.000000,0.000000
103.730003,8.000120,18.483187,82.027374,0.000000,0.000000,0.000000
49.639999,5.051313,-0.186750,356.336609,0.000000,0.000000,0.000000
66.129997,2.429712,6.296817,142.363556,0.000000,0.000000,0.000000
26.430000,3.056697,9.658393,149.809631,0.000000,0.000000,0.000000
31.459999,1.779871,3.115436,51.464504,0.000000,0.000000,0.000000
13.860000,2.844028,5.839840,19.399256,0.000000,0.000000,0.000000
14.940000,2.143023,3.046785,8.257570,0.000000,0.000000,0.000000
22.940001,2.139112,2.351488,4.660646,0.000000,0.000000,0.000000
14.230000,1.803007,0.801736,4.529052,0.000000,0.000000,0.000000
22.959999,1.893939,1.631976,5.274755,0.000000,0.000000,0.000000
23.670000,1.820096,0.118767,2.248077,0.000000,0.000000,0.000000
10.500000,1.606856,0.641651,0.274156,0.000000,0.000000,0.000000
20.290001,1.619110,0.370860,0.109662,0.000000,0.000000,0.000000
9.610000,1.578395,0.384252,0.098696,0.000000,0.000000,0.000000
8.900000,1.580512,0.256885,0.043865,0.000000,0.000000,0.000000
19.920000,1.562419,0.255811,0.043865,0.000000,0.000000,0.000000
9.250000,1.546029,0.127403,0.010966,0.000000,0.000000,0.000000
18.150000,1.594484,0.129626,0.010966,0.000000,0.000000,0.000000
15.120000,1.588037,0.129467,0.010966,0.000000,0.000000,0.000000
16.020000,1.527645,0.000000,0.000000,0.000000,0.000000,0.000000
18.160000,1.482654,0.000000,0.000000,0.000000,0.000000,0.000000
9.960000,1.531922,0.056302,0.010966,0.000000,0.000000,0.000000
29.309999,2.716906,3.452099,5.757269,0.000000,0.000000,0.000000
23.500000,1.542216,3.088152,66.904945,0.000000,0.000000,0.000000
25.920000,3.646600,4.356386,11.514539,0.000000,0.000000,0.000000
12.630000,2.070162,6.001432,18.653551,0.000000,0.000000,0.000000
18.490000,2.123005,0.467126,0.899231,0.000000,0.000000,0.000000
33.310001,3.705392,17.384060,84.790871,0.000000,0.000000,0.000000
21.340000,1.102851,-1.857905,338.275208,0.000000,0.000000,0.000000
32.480000,3.345116,10.396008,41.013691,0.000000,0.000000,0.000000
37.759998,3.556436,14.120035,100.198410,0.000000,0.000000,0.000000
31.080000,3.714852,17.855185,138.382813,0.000000,0.000000,0.000000
20.080000,2.490663,12.164301,83.189796,0.000000,0.000000,0.000000
22.570000,2.000520,2.779816,144.995453,0.000000,0.000000,0.000000
25.900000,3.075653,15.330278,89.078659,0.000000,0.000000,0.000000
25.750000,3.091517,7.055482,121.187775,0.000000,0.000000,0.000000
52.549999,3.810468,5.886126,19.410223,0.000000,0.000000,0.000000
13.860000,2.865404,3.235607,101.854317,0.000000,0.000000,0.000000
34.439999,2.604101,4.522672,8.443995,0.000000,0.000000,0.000000
20.790001,2.349885,13.473512,102.753548,0.000000,0.000000,0.000000
10.500000,0.539669,3.466599,129.949799,0.000000,0.000000,0.000000
35.189999,2.330049,7.410033,27.645857,0.000000,0.000000,0.000000
13.880000,1.026232,8.575171,89.276047,0.000000,0.000000,0.000000
11.750000,0.730887,4.700979,39.577118,0.000000,0.000000,0.000000
67.690002,4.327367,18.647484,86.019081,0.000000,0.000000,0.000000
30.020000,2.551225,16.852976,332.002533,0.000000,0.000000,0.000000
26.950001,2.889075,15.830112,112.140633,0.000000,0.000000,0.000000
28.240000,3.114301,16.173567,126.506393,0.000000,0.000000,0.000000
11.740000,2.113275,2.858145,68.330559,0.000000,0.000000,0.000000
38.139999,4.269298,4.889117,6.875825,0.000000,0.000000,0.000000
11.550000,1.838620,1.811159,49.293190,0.000000,0.000000,0.000000
19.190001,3.195006,0.337941,2.204212,0.000000,0.000000,0.000000
17.969999,1.592441,1.975432,16.657698,0.000000,0.000000,0.000000
15.830000,2.573337,-0.154405,1.403677,0.000000,0.000000,0.000000
14.770000,1.826989,0.568538,1.030825,0.000000,0.000000,0.000000
24.190001,2.249169,0.492170,0.548311,0.000000,0.000000,0.000000
14.590000,2.118408,0.143764,0.186426,0.000000,0.000000,0.000000
25.980000,2.156529,0.175935,0.175460,0.000000,0.000000,0.000000
14.760000,2.163999,0.139246,0.098696,0.000000,0.000000,0.000000
24.910000,2.170653,0.127457,0.098696,0.000000,0.000000,0.000000
25.270000,2.198498,0.086830,0.043865,0.000000,0.000000,0.000000
42.099998,2.927435,0.298288,0.054831,0.000000,0.000000,0.000000
19.740000,2.219626,14.615242,103.411514,0.000000,0.000000,0.000000
26.320000,2.171394,3.401963,47.407001,0.000000,0.000000,0.000000
24.330000,2.297733,12.083689,71.620430,0.000000,0.000000,0.000000
47.130001,6.061236,25.739925,135.597397,0.000000,0.000000,0.000000
21.530001,1.874005,-0.929247,260.557556,0.000000,0.000000,0.000000
43.439999,5.537980,6.486884,12.380871,0.000000,0.000000,0.000000
20.290001,1.801613,5.150574,105.341576,0.000000,0.000000,0.000000
16.540001,2.235586,1.198319,4.934802,0.000000,0.000000,0.000000
16.719999,2.974454,3.174344,9.595448,0.000000,0.000000,0.000000
15.470000,2.368664,1.071312,2.204212,0.000000,0.000000,0.000000
14.750000,2.726062,1.566768,2.949915,0.000000,0.000000,0.000000
31.299999,2.745597,0.132147,0.098696,0.000000,0.000000,0.000000
13.160000,2.721598,0.617036,0.186426,0.000000,0.000000,0.000000
14.220000,2.726945,0.211318,0.021932,0.000000,0.000000,0.000000
25.610001,2.533034,0.654885,0.186426,0.000000,0.000000,0.000000
12.450000,2.535197,0.530896,0.142561,0.000000,0.000000,0.000000
23.100000,2.534722,0.250584,0.043865,0.000000,0.000000,0.000000
23.299999,2.361428,0.370533,0.098696,0.000000,0.000000,0.000000
24.700001,2.739904,0.435114,0.087730,0.000000,0.000000,0.000000
28.600000,3.187102,2.910802,2.960881,0.000000,0.000000,0.000000
20.250000,3.265671,9.158122,26.384741,0.000000,0.000000,0.000000
43.080002,4.203080,15.696508,63.308029,0.000000,0.000000,0.000000
67.690002,4.438396,22.557131,121.637390,0.000000,0.000000,0.000000
38.090000,4.533496,24.195341,146.234650,0.000000,0.000000,0.000000
32.439999,4.322696,23.263420,141.409500,0.000000,0.000000,0.000000
24.850000,3.303362,16.954370,143.504044,0.000000,0.000000,0.000000
23.270000,3.451572,12.196567,44.402256,0.000000,0.000000,0.000000
31.080000,4.070890,11.117125,37.592224,0.000000,0.000000,0.000000
21.520000,3.057829,3.653280,15.977794,0.000000,0.000000,0.000000
18.830000,3.974416,4.206726,7.139014,0.000000,0.000000,0.000000
27.190001,3.520440,1.799576,1.184353,0.000000,0.000000,0.000000
16.690001,3.566396,2.157174,1.787495,0.000000,0.000000,0.000000
34.660000,3.456510,1.806460,1.129521,0.000000,0.000000,0.000000
18.840000,3.603468,1.964105,1.085657,0.000000,0.000000,0.000000
17.250000,3.474505,2.667836,2.204212,0.000000,0.000000,0.000000
38.549999,3.668225,2.637301,2.028752,0.000000,0.000000,0.000000
20.430000,3.573588,3.514885,3.969774,0.000000,0.000000,0.000000
25.400000,3.569749,3.897954,4.770309,0.000000,0.000000,0.000000
44.410000,3.780751,3.920244,5.855965,0.000000,0.000000,0.000000
24.670000,4.117829,4.298958,5.691472,0.000000,0.000000,0.000000
54.290001,4.548710,5.497161,7.753123,0.000000,0.000000,0.000000
32.639999,4.953746,9.283382,20.287521,0.000000,0.000000,0.000000
59.400002,4.572002,12.293052,39.357792,0.000000,0.000000,0.000000
50.740002,3.851441,12.632661,54.414417,0.000000,0.000000,0.000000
51.029999,5.745896,14.005880,41.035625,0.000000,0.000000,0.000000
42.930000,3.662787,16.016512,90.076591,0.000000,0.000000,0.000000
62.860001,4.978625,14.281342,54.567947,0.000000,0.000000,0.000000
35.410000,5.870091,27.223078,156.696411,0.000000,0.000000,0.000000
34.279999,1.963088,18.091982,239.557236,0.000000,0.000000,0.000000
115.019997,8.516047,31.620052,125.004021,0.000000,0.000000,0.000000
40.250000,4.087967,30.346382,468.597809,0.000000,0.000000,0.000000
29.860001,1.595485,9.729986,244.075317,0.000000,0.000000,0.000000
66.150002,10.903173,32.616814,132.976471,0.000000,0.000000,0.000000
12.280000,0.725162,-6.785892,414.983978,0.000000,0.000000,0.000000
89.489998,4.984602,4.385473,19.662445,0.000000,0.000000,0.000000
12.440000,1.775359,13.501653,156.784149,0.000000,0.000000,0.000000
19.930000,1.328074,0.712674,5.932729,0.000000,0.000000,0.000000
20.930000,4.972577,6.105662,14.771508,0.000000,0.000000,0.000000
28.600000,3.428955,-6.143266,27.832281,0.000000,0.000000,0.000000
27.209999,1.971939,0.487057,1.283049,0.000000,0.000000,0.000000
11.380000,1.564143,-2.975024,24.235359,0.000000,0.000000,0.000000
22.959999,1.644381,-2.227791,9.869605,0.000000,0.000000,0.000000
13.530000,1.061290,-0.968160,6.316547,0.000000,0.000000,0.000000
8.540000,1.026784,-1.565972,8.597523,0.000000,0.000000,0.000000
15.130000,0.822802,-1.048020,5.307654,0.000000,0.000000,0.000000
12.820000,0.797727,-1.359948,7.994380,0.000000,0.000000,0.000000
14.590000,0.913289,-1.651680,8.597523,0.000000,0.000000,0.000000
20.980000,1.286758,-2.120032,9.869605,0.000000,0.000000,0.000000
16.730000,1.691545,-1.505989,11.986087,0.000000,0.000000,0.000000
34.970001,3.633828,0.296354,5.855966,0.000000,0.000000,0.000000
42.450001,3.427657,5.901799,30.837029,0.000000,0.000000,0.000000
35.880001,3.786167,8.495230,64.415619,0.000000,0.000000,0.000000
34.439999,3.569931,12.746479,61.301205,0.000000,0.000000,0.000000
36.849998,5.546171,18.011024,103.543121,0.000000,0.000000,0.000000
30.910000,3.319811,18.914213,142.889938,0.000000,0.000000,0.000000
48.610001,4.051404,17.706722,139.073700,0.000000,0.000000,0.000000
41.759998,6.025050,16.476904,168.112259,0.000000,0.000000,0.000000
30.370001,2.517476,12.454672,207.557785,0.000000,0.000000,0.000000
65.699997,6.150540,14.427514,78.649780,0.000000,0.000000,0.000000
24.320000,3.462388,10.369812,172.542618,0.000000,0.000000,0.000000
26.290001,2.815401,6.693593,45.663372,0.000000,0.000000,0.000000
13.160000,3.027970,5.312439,53.438423,0.000000,0.000000,0.000000
22.389999,1.986375,3.222749,13.170439,0.000000,0.000000,0.000000
11.380000,2.304869,3.897582,10.385016,0.000000,0.000000,0.000000
15.660000,1.857604,0.762217,0.592176,0.000000,0.000000,0.000000
14.230000,1.771532,1.657408,2.785422,0.000000,0.000000,0.000000
13.890000,2.281374,0.073637,0.087730,0.000000,0.000000,0.000000
16.889999,2.241090,0.237908,0.043865,0.000000,0.000000,0.000000
15.660000,2.253668,0.000000,0.000000,0.000000,0.000000,0.000000
15.640000,2.281937,0.120202,0.010966,0.000000,0.000000,0.000000
16.360001,2.530141,0.123365,0.010966,0.000000,0.000000,0.000000
26.110001,3.421145,1.083140,0.471548,0.000000,0.000000,0.000000
30.350000,4.401121,4.260936,4.419390,0.000000,0.000000,0.000000
49.320000,4.536684,13.605196,44.709305,0.000000,0.000000,0.000000
45.919998,3.896654,18.520164,96.820824,0.000000,0.000000,0.000000
41.990002,5.441259,27.251541,149.634171,0.000000,0.000000,0.000000
39.939999,3.314817,23.443289,242.002686,0.000000,0.000000,0.000000
43.459999,3.294235,23.188776,171.303436,0.000000,0.000000,0.000000
48.430000,3.379554,20.962614,164.712723,0.000000,0.000000,0.000000
35.880001,2.848521,15.431452,144.907730,0.000000,0.000000,0.000000
26.660000,2.575893,11.912990,66.619827,0.000000,0.000000,0.000000
36.970001,3.267622,8.340930,43.930702,0.000000,0.000000,0.000000
20.969999,2.169446,4.956187,22.634296,0.000000,0.000000,0.000000
30.020000,2.557222,1.881047,4.276828,0.000000,0.000000,0.000000
23.639999,2.169801,1.308551,1.776529,0.000000,0.000000,0.000000
16.180000,2.069728,0.138036,0.394784,0.000000,0.000000,0.000000
19.219999,1.803380,-0.074193,0.098696,0.000000,0.000000,0.000000
13.170000,1.415825,0.013862,0.043865,0.000000,0.000000,0.000000
8.540000,1.179013,-0.018321,0.043865,0.000000,0.000000,0.000000
12.280000,0.972389,-0.003746,0.043865,0.000000,0.000000,0.000000
11.220000,0.782062,0.000000,0.000000,0.000000,0.000000,0.000000
9.610000,0.639307,0.018978,0.043865,0.000000,0.000000,0.000000
9.970000,0.585940,0.000000,0.000000,0.000000,0.000000,0.000000
8.730000,0.595551,0.000000,0.000000,0.000000,0.000000,0.000000
11.030000,0.680185,0.000000,0.000000,0.000000,0.000000,0.000000
12.810000,0.859008,0.000000,0.000000,0.000000,0.000000,0.000000
12.450000,1.254844,0.007365,0.010966,0.000000,0.000000,0.000000
25.250000,2.085783,0.368823,0.241257,0.000000,0.000000,0.000000
29.840000,3.741710,2.101175,1.425610,0.000000,0.000000,0.000000
46.599998,5.437263,8.174814,12.600195,0.000000,0.000000,0.000000
33.570000,3.086036,17.956982,117.053513,0.000000,0.000000,0.000000
48.049999,3.963544,19.369255,100.220352,0.000000,0.000000,0.000000
74.230003,6.843259,33.634296,173.123825,0.000000,0.000000,0.000000
18.670000,1.198316,12.559209,453.058685,0.000000,0.000000,0.000000
69.589996,5.146109,18.563290,99.255325,0.000000,0.000000,0.000000
29.490000,3.102190,25.205784,329.184204,0.000000,0.000000,0.000000
10.320000,0.715172,3.397288,158.856750,0.000000,0.000000,0.000000
49.080002,6.570597,10.747988,21.197720,0.000000,0.000000,0.000000
11.030000,1.930145,0.026157,150.182480,0.000000,0.000000,0.000000
39.759998,3.255504,1.328758,6.777129,0.000000,0.000000,0.000000
17.600000,2.066468,2.562462,36.616234,0.000000,0.000000,0.000000
21.860001,2.757737,0.045862,3.838180,0.000000,0.000000,0.000000
17.620001,1.902807,1.626153,2.829287,0.000000,0.000000,0.000000
16.730000,2.230522,0.836674,0.537345,0.000000,0.000000,0.000000
15.660000,1.962137,0.798421,0.449615,0.000000,0.000000,0.000000
13.690000,2.066334,0.351852,0.098696,0.000000,0.000000,0.000000
16.889999,2.046079,0.000000,0.000000,0.000000,0.000000,0.000000
11.200000,1.776238,0.000000,0.000000,0.000000,0.000000,0.000000
14.600000,1.378831,0.000000,0.000000,0.000000,0.000000,0.000000
9.790000,0.950576,0.000000,0.000000,0.000000,0.000000,0.000000
7.300000,0.546081,0.000000,0.000000,0.000000,0.000000,0.000000
6.590000,0.280144,0.132216,0.493480,0.000000,0.000000,0.000000
7.300000,0.228455,0.407892,1.074690,0.000000,0.000000,0.000000
6.950000,0.287418,0.684725,2.083583,0.000000,0.000000,0.000000
8.720000,0.370056,0.293555,0.493480,0.000000,0.000000,0.000000
6.760000,0.272247,0.092895,0.098696,0.000000,0.000000,0.000000
5.880000,0.158050,-0.008676,0.010966,0.000000,0.000000,0.000000
6.760000,0.332604,0.079925,0.054831,0.000000,0.000000,0.000000
9.260000,0.676528,0.423065,0.756670,0.000000,0.000000,0.000000
11.220000,1.073387,0.248751,0.274156,0.000000,0.000000,0.000000
11.390000,1.064618,0.267279,0.581210,0.000000,0.000000,0.000000
13.890000,1.508493,0.053083,0.010966,0.000000,0.000000,0.000000
20.639999,2.133408,1.160283,1.195319,0.000000,0.000000,0.000000
23.120001,2.992683,1.879252,1.820394,0.000000,0.000000,0.000000
35.680000,3.741023,4.154233,5.318621,0.000000,0.000000,0.000000
44.880001,4.900110,12.015435,31.681431,0.000000,0.000000,0.000000
43.970001,4.456370,21.032257,109.991257,0.000000,0.000000,0.000000
50.349998,3.983104,25.549307,183.728165,0.000000,0.000000,0.000000
50.680000,4.604931,28.869530,207.908691,0.000000,0.000000,0.000000
43.459999,3.716291,23.299427,248.922394,0.000000,0.000000,0.000000
45.919998,3.930090,20.472193,140.334808,0.000000,0.000000,0.000000
24.320000,3.931059,16.153200,110.736961,0.000000,0.000000,0.000000
35.840000,3.617086,5.349202,46.387142,0.000000,0.000000,0.000000
37.099998,4.960930,0.371157,79.351624,0.000000,0.000000,0.000000
22.040001,2.720229,4.549967,23.818644,0.000000,0.000000,0.000000
29.500000,2.951216,2.228627,11.821593,0.000000,0.000000,0.000000
20.270000,2.544068,3.053923,6.426209,0.000000,0.000000,0.000000
29.520000,2.921746,1.322612,1.425610,0.000000,0.000000,0.000000
20.260000,2.988255,1.977109,2.522232,0.000000,0.000000,0.000000
24.350000,3.403079,1.032491,0.548311,0.000000,0.000000,0.000000
29.490000,3.244044,2.336944,2.697692,0.000000,0.000000,0.000000
22.219999,3.131141,2.204982,1.864259,0.000000,0.000000,0.000000
30.750000,3.486797,2.327950,1.886191,0.000000,0.000000,0.000000
28.240000,3.364512,3.117823,4.134268,0.000000,0.000000,0.000000
31.440001,3.755958,3.650985,3.827213,0.000000,0.000000,0.000000
27.350000,3.192649,4.358472,6.579737,0.000000,0.000000,0.000000
28.059999,3.460861,4.295581,5.713405,0.000000,0.000000,0.000000
26.660000,3.417797,5.161965,8.751049,0.000000,0.000000,0.000000
33.570000,3.483294,4.490036,8.202739,0.000000,0.000000,0.000000
30.350000,4.117877,6.108715,11.744829,0.000000,0.000000,0.000000
24.360001,3.096368,7.886514,26.253149,0.000000,0.000000,0.000000
45.419998,4.507668,7.711706,17.392437,0.000000,0.000000,0.000000
23.620001,3.045670,11.768892,55.247852,0.000000,0.000000,0.000000
29.840000,3.545544,7.161072,26.845325,0.000000,0.000000,0.000000
38.320000,4.835243,9.923418,23.083910,0.000000,0.000000,0.000000
12.990000,1.587944,4.510665,38.765610,0.000000,0.000000,0.000000
39.029999,4.605106,1.216604,0.416717,0.000000,0.000000,0.000000
13.160000,2.005258,2.530589,22.952314,0.000000,0.000000,0.000000
19.930000,2.044572,1.502604,2.379671,0.000000,0.000000,0.000000
36.950001,2.626495,6.297878,16.712530,0.000000,0.000000,0.000000
34.080002,3.108814,11.931252,147.583481,0.000000,0.000000,0.000000
31.770000,2.446522,12.894672,111.877457,0.000000,0.000000,0.000000
45.709999,5.642237,17.494528,92.916847,0.000000,0.000000,0.000000
48.610001,1.588207,9.390336,152.079651,0.000000,0.000000,0.000000
65.160004,4.129767,30.854342,235.664215,0.000000,0.000000,0.000000
33.330002,3.620843,29.986116,395.058350,0.000000,0.000000,0.000000
60.520000,5.257069,33.443001,313.941132,0.000000,0.000000,0.000000
6.940000,0.618116,14.352763,337.036011,0.000000,0.000000,0.000000
25.540001,4.250157,-2.328167,31.286646,0.000000,0.000000,0.000000
25.559999,2.951744,4.466146,188.114670,0.000000,0.000000,0.000000
50.880001,3.757485,10.545017,175.602188,0.000000,0.000000,0.000000
98.660004,10.404925,23.541945,241.991730,0.000000,0.000000,0.000000
47.160000,4.345932,-12.452175,451.940186,0.000000,0.000000,0.000000
86.019997,7.290349,9.007896,183.399185,0.000000,0.000000,0.000000
26.110001,2.312727,-4.397660,257.059326,0.000000,0.000000,0.000000
25.580000,3.794481,-2.039092,83.738106,0.000000,0.000000,0.000000
45.950001,3.965830,-6.235350,57.386261,0.000000,0.000000,0.000000
29.469999,2.597947,-5.167986,97.051117,0.000000,0.000000,0.000000
46.840000,2.307832,-5.593771,97.270439,0.000000,0.000000,0.000000
22.760000,1.989593,2.684827,57.298534,0.000000,0.000000,0.000000
21.490000,3.530867,3.673047,5.680506,0.000000,0.000000,0.000000
21.139999,5.684431,-2.208964,1.864259,0.000000,0.000000,0.000000
39.709999,5.390256,-20.406458,112.963112,0.000000,0.000000,0.000000
63.080002,5.811571,-21.956049,112.403831,0.000000,0.000000,0.000000
35.130001,4.974214,-23.134552,151.004944,0.000000,0.000000,0.000000
32.150002,3.558223,-13.089892,75.590210,0.000000,0.000000,0.000000
28.950001,1.506703,-2.080287,75.546349,0.000000,0.000000,0.000000
19.900000,2.520007,4.555296,22.206610,0.000000,0.000000,0.000000
19.190001,4.465604,-0.704986,0.482514,0.000000,0.000000,0.000000
53.830002,8.034652,-12.233469,33.063179,0.000000,0.000000,0.000000
55.810001,6.392618,-21.465176,158.012360,0.000000,0.000000,0.000000
94.610001,9.391064,-17.097332,89.813416,0.000000,0.000000,0.000000
48.369999,6.417052,-9.750654,248.264404,0.000000,0.000000,0.000000
39.180000,3.205591,4.300205,90.328812,0.000000,0.000000,0.000000
45.709999,5.040123,14.076427,174.604279,0.000000,0.000000,0.000000
26.110001,2.928163,13.125948,100.757698,0.000000,0.000000,0.000000
51.419998,5.911390,18.303232,75.864365,0.000000,0.000000,0.000000
43.970001,5.940689,5.041119,221.528748,0.000000,0.000000,0.000000
76.000000,7.485158,-3.183112,128.195190,0.000000,0.000000,0.000000
81.480003,7.742183,-13.648218,258.079193,0.000000,0.000000,0.000000
53.509998,4.434823,4.902156,129.522110,0.000000,0.000000,0.000000
33.730000,2.606642,-1.830762,126.659927,0.000000,0.000000,0.000000
55.959999,6.513973,9.058078,23.226471,0.000000,0.000000,0.000000
15.310000,1.133382,6.530467,102.479385,0.000000,0.000000,0.000000
67.779999,7.685663,1.343294,1.853292,0.000000,0.000000,0.000000
12.980000,1.378434,8.005046,93.585785,0.000000,0.000000,0.000000
35.680000,2.703049,3.117690,11.185553,0.000000,0.000000,0.000000
36.720001,4.711529,9.543486,29.411421,0.000000,0.000000,0.000000
23.459999,2.350660,4.909336,36.528503,0.000000,0.000000,0.000000
38.700001,4.503475,5.866019,8.268535,0.000000,0.000000,0.000000
17.780001,2.505449,6.422664,26.658897,0.000000,0.000000,0.000000
29.110001,3.697321,1.535757,0.855366,0.000000,0.000000,0.000000
27.030001,3.144798,3.785729,8.279502,0.000000,0.000000,0.000000
27.020000,3.152451,1.443447,1.326914,0.000000,0.000000,0.000000
18.670000,2.511817,2.248042,2.478367,0.000000,0.000000,0.000000
23.830000,2.618106,0.375696,0.098696,0.000000,0.000000,0.000000
15.830000,2.699359,0.743967,0.274156,0.000000,0.000000,0.000000
20.639999,2.655147,0.126651,0.010966,0.000000,0.000000,0.000000
16.540001,2.524433,0.418037,0.087730,0.000000,0.000000,0.000000
21.160000,2.584811,0.000000,0.000000,0.000000,0.000000,0.000000
22.969999,2.689797,0.215403,0.021932,0.000000,0.000000,0.000000
26.820000,3.405012,0.543839,0.142561,0.000000,0.000000,0.000000
32.130001,4.085043,4.111679,4.452289,0.000000,0.000000,0.000000
30.350000,3.784384,8.798732,26.011890,0.000000,0.000000,0.000000
37.119999,3.674436,10.496114,34.543617,0.000000,0.000000,0.000000
56.880001,6.079044,14.619066,38.491459,0.000000,0.000000,0.000000
36.389999,3.894540,19.701378,142.231964,0.000000,0.000000,0.000000
51.529999,4.654811,23.609562,140.060654,0.000000,0.000000,0.000000
47.689999,4.712052,29.881691,207.491974,0.000000,0.000000,0.000000
60.419998,4.645623,25.418106,255.052490,0.000000,0.000000,0.000000
38.500000,3.173459,24.015808,213.325989,0.000000,0.000000,0.000000
41.720001,3.635187,23.753750,181.271729,0.000000,0.000000,0.000000
24.510000,3.533085,18.120047,229.654739,0.000000,0.000000,0.000000
47.930000,3.490865,13.746140,96.623428,0.000000,0.000000,0.000000
42.580002,4.503286,15.833382,116.702591,0.000000,0.000000,0.000000
29.170000,2.383560,8.238391,81.380371,0.000000,0.000000,0.000000
32.349998,4.139334,9.409845,31.209881,0.000000,0.000000,0.000000
13.690000,2.480594,3.217270,43.053406,0.000000,0.000000,0.000000
22.760000,3.093914,3.795296,8.531725,0.000000,0.000000,0.000000
22.230000,2.365742,1.479563,5.768235,0.000000,0.000000,0.000000
19.559999,2.303001,1.854889,3.169239,0.000000,0.000000,0.000000
25.270000,2.327349,0.149050,0.098696,0.000000,0.000000,0.000000
16.010000,1.996193,0.627022,0.394784,0.000000,0.000000,0.000000
22.230000,2.235821,0.000000,0.000000,0.000000,0.000000,0.000000
15.290000,2.065048,0.327761,0.098696,0.000000,0.000000,0.000000
14.940000,2.148929,0.000000,0.000000,0.000000,0.000000,0.000000
21.350000,2.145940,0.000000,0.000000,0.000000,0.000000,0.000000
18.139999,2.146629,0.000000,0.000000,0.000000,0.000000,0.000000
17.790001,2.138899,0.000000,0.000000,0.000000,0.000000,0.000000
19.219999,2.152090,0.000000,0.000000,0.000000,0.000000,0.000000
14.580000,2.147427,0.000000,0.000000,0.000000,0.000000,0.000000
19.209999,2.163626,0.000000,0.000000,0.000000,0.000000,0.000000
20.459999,2.160075,0.000000,0.000000,0.000000,0.000000,0.000000
16.889999,2.167901,0.000000,0.000000,0.000000,0.000000,0.000000
16.180000,2.370993,0.000000,0.000000,0.000000,0.000000,0.000000
26.469999,3.314431,0.153413,0.043865,0.000000,0.000000,0.000000
34.619999,4.553696,6.252627,8.762015,0.000000,0.000000,0.000000
60.639999,5.140185,15.217519,56.245777,0.000000,0.000000,0.000000
58.080002,5.360538,26.563469,150.566299,0.000000,0.000000,0.000000
52.799999,4.477819,31.736305,274.385986,0.000000,0.000000,0.000000
47.990002,4.384075,31.962139,299.926300,0.000000,0.000000,0.000000
31.040001,2.527885,23.430765,262.849487,0.000000,0.000000,0.000000
42.020000,3.683151,14.393159,117.875969,0.000000,0.000000,0.000000
36.209999,4.760084,13.353338,68.911766,0.000000,0.000000,0.000000
16.889999,1.691669,4.152607,50.203388,0.000000,0.000000,0.000000
29.660000,3.525778,3.168786,3.607889,0.000000,0.000000,0.000000
11.560000,1.768743,2.639016,7.391237,0.000000,0.000000,0.000000
16.549999,2.636149,0.585469,0.438649,0.000000,0.000000,0.000000
13.340000,2.366800,0.659228,0.383818,0.000000,0.000000,0.000000
24.350000,2.818275,0.272822,0.043865,0.000000,0.000000,0.000000
17.250000,2.955456,1.648166,1.195319,0.000000,0.000000,0.000000
20.620001,3.336022,1.615231,0.811501,0.000000,0.000000,0.000000
24.170000,3.264539,3.244035,3.399530,0.000000,0.000000,0.000000
31.990000,3.093170,3.457744,3.980741,0.000000,0.000000,0.000000
20.980000,3.171132,3.101475,3.103442,0.000000,0.000000,0.000000
30.200001,2.991973,2.874052,3.706585,0.000000,0.000000,0.000000
24.870001,3.383675,2.097243,1.458508,0.000000,0.000000,0.000000
19.549999,3.369108,2.658906,2.522232,0.000000,0.000000,0.000000
30.040001,3.108526,2.255591,2.028752,0.000000,0.000000,0.000000
20.440001,3.650138,2.396768,1.765563,0.000000,0.000000,0.000000
30.570000,3.301576,4.194729,5.855966,0.000000,0.000000,0.000000
34.259998,3.388083,5.309833,9.639314,0.000000,0.000000,0.000000
25.209999,4.088779,8.045963,18.105240,0.000000,0.000000,0.000000
37.680000,3.370430,10.076653,36.967152,0.000000,0.000000,0.000000
25.209999,3.790331,10.678498,35.366085,0.000000,0.000000,0.000000
33.240002,2.799665,10.279022,45.005394,0.000000,0.000000,0.000000
47.040001,3.757094,7.555486,23.303234,0.000000,0.000000,0.000000
55.599998,5.249908,13.819744,75.688896,0.000000,0.000000,0.000000
50.320000,4.511287,29.420938,239.019897,0.000000,0.000000,0.000000
87.730003,7.079709,42.265285,290.396667,0.000000,0.000000,0.000000
40.520000,5.250454,50.741283,692.824280,0.000000,0.000000,0.000000
33.040001,1.728349,12.614818,594.051453,0.000000,0.000000,0.000000
112.150002,10.922441,37.980064,264.176392,0.000000,0.000000,0.000000
12.620000,2.133515,-2.309865,783.438232,0.000000,0.000000,0.000000
89.489998,5.401487,5.033998,66.893990,0.000000,0.000000,0.000000
20.590000,4.478212,6.993124,255.184097,0.000000,0.000000,0.000000
40.880001,1.494212,0.079356,82.597626,0.000000,0.000000,0.000000
41.689999,4.427955,9.276270,92.127266,0.000000,0.000000,0.000000
16.540001,2.165307,0.930311,64.207260,0.000000,0.000000,0.000000
29.639999,4.554123,2.394133,4.759342,0.000000,0.000000,0.000000
28.770000,3.616303,-6.248391,51.080685,0.000000,0.000000,0.000000
34.240002,4.163059,-6.138784,27.262041,0.000000,0.000000,0.000000
40.299999,3.087254,-8.791739,57.868778,0.000000,0.000000,0.000000
24.870001,3.119945,-8.309924,36.912323,0.000000,0.000000,0.000000
36.610001,2.268296,-6.702983,34.390091,0.000000,0.000000,0.000000
27.000000,2.496988,-9.917497,56.848919,0.000000,0.000000,0.000000
19.900000,2.404834,-9.796907,55.280750,0.000000,0.000000,0.000000
30.930000,1.860247,-8.242262,55.280750,0.000000,0.000000,0.000000
47.750000,1.002355,-5.991616,92.818146,0.000000,0.000000,0.000000
23.309999,0.740434,-4.007802,111.866486,0.000000,0.000000,0.000000
20.299999,0.779159,3.048571,53.734512,0.000000,0.000000,0.000000
5.510000,1.817675,3.377532,9.222597,0.000000,0.000000,0.000000
16.000000,5.633151,-5.853324,6.853892,0.000000,0.000000,0.000000
47.009998,4.961860,-16.453524,66.718521,0.000000,0.000000,0.000000
67.419998,6.427291,-23.306198,121.143898,0.000000,0.000000,0.000000
33.000000,5.230696,-16.272400,140.685745,0.000000,0.000000,0.000000
52.099998,7.897768,-7.045330,58.559654,0.000000,0.000000,0.000000
40.950001,4.382480,1.470078,260.919434,0.000000,0.000000,0.000000
73.570000,3.643529,11.585356,98.915367,0.000000,0.000000,0.000000
61.939999,6.374986,32.112869,251.247208,0.000000,0.000000,0.000000
45.419998,3.274897,20.037310,280.296753,0.000000,0.000000,0.000000
38.799999,6.910769,24.463535,181.030457,0.000000,0.000000,0.000000
41.660000,5.133049,12.129080,218.513046,0.000000,0.000000,0.000000
50.180000,4.844546,14.911074,162.146637,0.000000,0.000000,0.000000
42.299999,2.673702,8.797793,70.479942,0.000000,0.000000,0.000000
69.900002,6.633218,16.574984,54.885971,0.000000,0.000000,0.000000
18.320000,1.874292,4.565681,81.819023,0.000000,0.000000,0.000000
27.670000,5.470898,6.066825,7.522832,0.000000,0.000000,0.000000
22.049999,2.425996,8.234367,52.528229,0.000000,0.000000,0.000000
18.830000,3.203285,2.960717,4.046538,0.000000,0.000000,0.000000
31.790001,3.618119,5.374365,15.254023,0.000000,0.000000,0.000000
29.500000,3.002731,2.499342,3.278902,0.000000,0.000000,0.000000
13.700000,3.055330,1.722914,1.502373,0.000000,0.000000,0.000000
23.469999,2.854368,0.821164,1.370779,0.000000,0.000000,0.000000
13.860000,3.004040,0.870372,0.394784,0.000000,0.000000,0.000000
33.750000,2.835181,0.129208,0.219325,0.000000,0.000000,0.000000
29.879999,2.770916,0.988139,2.291942,0.000000,0.000000,0.000000
20.080000,3.162937,-0.073263,0.756670,0.000000,0.000000,0.000000
18.480000,3.081790,1.370715,3.015713,0.000000,0.000000,0.000000
18.840000,3.689097,2.138692,1.370778,0.000000,0.000000,0.000000
35.930000,3.067186,3.460536,3.925910,0.000000,0.000000,0.000000
32.349998,3.066852,2.855376,2.938949,0.000000,0.000000,0.000000
26.129999,3.204640,2.127710,1.688799,0.000000,0.000000,0.000000
24.820000,4.400799,3.311974,2.917017,0.000000,0.000000,0.000000
86.500000,10.163734,23.062220,57.419170,0.000000,0.000000,0.000000
106.839996,7.159389,67.587570,699.754944,0.000000,0.000000,0.000000
48.290001,1.661757,30.641214,1001.359009,0.000000,0.000000,0.000000
94.839996,7.230360,54.471916,553.355835,0.000000,0.000000,0.000000
9.070000,1.045589,26.024111,880.555115,0.000000,0.000000,0.000000
44.230000,1.797303,8.584969,200.923218,0.000000,0.000000,0.000000
66.180000,6.717793,17.310810,59.272457,0.000000,0.000000,0.000000
18.480000,2.374421,-7.840403,167.903900,0.000000,0.000000,0.000000
62.939999,4.584201,-0.184132,11.415843,0.000000,0.000000,0.000000
17.410000,2.195176,-3.003669,76.303017,0.000000,0.000000,0.000000
23.799999,3.451078,-0.325828,13.762615,0.000000,0.000000,0.000000
9.420000,1.356993,0.551259,23.983137,0.000000,0.000000,0.000000
13.690000,2.389287,-0.639183,2.873152,0.000000,0.000000,0.000000
25.980000,1.700557,-0.021351,1.326914,0.000000,0.000000,0.000000
13.520000,1.871088,1.008881,0.712805,0.000000,0.000000,0.000000
9.430000,1.811900,0.000000,0.000000,0.000000,0.000000,0.000000
15.660000,1.682962,0.261043,0.054831,0.000000,0.000000,0.000000
8.890000,1.678807,0.000000,0.000000,0.000000,0.000000,0.000000
19.570000,1.697921,0.000000,0.000000,0.000000,0.000000,0.000000
17.959999,1.691275,0.059844,0.010966,0.000000,0.000000,0.000000
9.070000,1.682874,0.000000,0.000000,0.000000,0.000000,0.000000
9.780000,1.693253,0.000000,0.000000,0.000000,0.000000,0.000000
10.500000,1.697032,0.000000,0.000000,0.000000,0.000000,0.000000
14.050000,1.686422,0.000000,0.000000,0.000000,0.000000,0.000000
22.070000,1.684862,0.000000,0.000000,0.000000,0.000000,0.000000
12.810000,1.716211,0.000000,0.000000,0.000000,0.000000,0.000000
16.730000,2.401511,0.148548,0.043865,0.000000,0.000000,0.000000
20.920000,4.833152,4.626146,4.638714,0.000000,0.000000,0.000000
96.320000,6.767188,21.347527,93.092293,0.000000,0.000000,0.000000
87.660004,5.386574,40.936085,367.960785,0.000000,0.000000,0.000000
69.459999,6.996828,55.131119,622.783020,0.000000,0.000000,0.000000
64.279999,3.512892,38.675842,903.638977,0.000000,0.000000,0.000000
37.560001,4.003819,34.800953,471.734192,0.000000,0.000000,0.000000
40.020000,6.432062,25.701939,332.923676,0.000000,0.000000,0.000000
45.240002,4.980763,-1.960469,215.574097,0.000000,0.000000,0.000000
46.040001,6.463688,5.173028,61.038021,0.000000,0.000000,0.000000
29.680000,2.585471,3.734868,74.822571,0.000000,0.000000,0.000000
42.450001,3.299396,2.793061,12.446668,0.000000,0.000000,0.000000
16.180000,2.737178,1.666641,9.321293,0.000000,0.000000,0.000000
16.000000,2.540766,0.975605,1.261116,0.000000,0.000000,0.000000
28.280001,2.520536,0.190863,0.219325,0.000000,0.000000,0.000000
29.700001,2.292118,0.000000,0.000000,0.000000,0.000000,0.000000
33.060001,2.593233,0.000000,0.000000,0.000000,0.000000,0.000000
17.950001,2.739488,0.648729,0.186426,0.000000,0.000000,0.000000
13.160000,2.723752,0.743439,0.274156,0.000000,0.000000,0.000000
33.060001,2.729697,0.443263,0.098696,0.000000,0.000000,0.000000
11.020000,2.729643,0.441981,0.098696,0.000000,0.000000,0.000000
30.389999,2.718688,0.294761,0.043865,0.000000,0.000000,0.000000
24.879999,2.681870,0.292276,0.043865,0.000000,0.000000,0.000000
11.910000,2.622578,0.144364,0.010966,0.000000,0.000000,0.000000
24.719999,2.713224,0.000000,0.000000,0.000000,0.000000,0.000000
26.480000,2.618757,0.000000,0.000000,0.000000,0.000000,0.000000
26.680000,2.620565,0.000000,0.000000,0.000000,0.000000,0.000000
28.629999,2.589907,0.000000,0.000000,0.000000,0.000000,0.000000
14.390000,2.494123,0.000000,0.000000,0.000000,0.000000,0.000000
31.600000,3.561668,0.237796,0.054831,0.000000,0.000000,0.000000
156.649994,12.327272,17.757402,27.459435,0.000000,0.000000,0.000000
138.740005,11.788758,81.398499,628.551208,0.000000,0.000000,0.000000
50.830002,2.567091,23.757849,1152.133667,0.000000,0.000000,0.000000
70.870003,6.754444,54.972851,463.531464,0.000000,0.000000,0.000000
51.730000,5.755048,32.903492,844.805298,0.000000,0.000000,0.000000
7.830000,1.371359,7.197952,462.390961,0.000000,0.000000,0.000000
77.820000,7.497603,11.964189,61.246372,0.000000,0.000000,0.000000
56.770000,3.843699,-5.291396,119.696365,0.000000,0.000000,0.000000
35.529999,4.121596,3.489933,12.775656,0.000000,0.000000,0.000000
12.090000,2.404356,2.519847,24.630144,0.000000,0.000000,0.000000
13.150000,3.138535,2.520050,2.840253,0.000000,0.000000,0.000000
13.340000,2.756102,1.614442,4.134268,0.000000,0.000000,0.000000
20.440001,2.733126,0.320097,0.318021,0.000000,0.000000,0.000000
24.540001,2.294646,0.039869,0.175460,0.000000,0.000000,0.000000
11.210000,1.958949,0.000000,0.000000,0.000000,0.000000,0.000000
12.100000,1.756017,0.000000,0.000000,0.000000,0.000000,0.000000
11.750000,1.650670,0.000000,0.000000,0.000000,0.000000,0.000000
11.020000,1.606724,0.000000,0.000000,0.000000,0.000000,0.000000
21.180000,1.580699,0.000000,0.000000,0.000000,0.000000,0.000000
12.460000,1.574687,0.000000,0.000000,0.000000,0.000000,0.000000
20.110001,1.572227,0.000000,0.000000,0.000000,0.000000,0.000000
13.880000,1.570359,0.000000,0.000000,0.000000,0.000000,0.000000
8.370000,1.567040,0.000000,0.000000,0.000000,0.000000,0.000000
17.790001,1.582231,0.000000,0.000000,0.000000,0.000000,0.000000
16.379999,1.569138,0.000000,0.000000,0.000000,0.000000,0.000000
16.730000,1.596871,0.000000,0.000000,0.000000,0.000000,0.000000
9.780000,1.828603,0.000000,0.000000,0.000000,0.000000,0.000000
14.390000,2.683975,0.194989,0.054831,0.000000,0.000000,0.000000
44.320000,4.781143,1.189255,0.449615,0.000000,0.000000,0.000000
69.989998,6.286211,7.512086,9.990232,0.000000,0.000000,0.000000
41.160000,5.180109,15.927398,51.321945,0.000000,0.000000,0.000000
59.790001,4.180787,15.701031,73.265366,0.000000,0.000000,0.000000
41.430000,6.703806,19.649849,59.107960,0.000000,0.000000,0.000000
25.190001,3.497694,19.669256,153.187225,0.000000,0.000000,0.000000
83.989998,5.085614,15.140541,49.874397,0.000000,0.000000,0.000000
26.090000,4.970379,20.476364,86.742859,0.000000,0.000000,0.000000
25.770000,1.583533,6.752764,72.969276,0.000000,0.000000,0.000000
46.599998,6.349662,2.856148,2.982814,0.000000,0.000000,0.000000
17.059999,1.588666,4.813409,31.473072,0.000000,0.000000,0.000000
45.590000,4.443429,2.867431,2.785422,0.000000,0.000000,0.000000
28.600000,3.286658,5.953010,15.319819,0.000000,0.000000,0.000000
42.250000,3.946320,3.928740,4.057505,0.000000,0.000000,0.000000
51.130001,4.871844,8.922519,18.620655,0.000000,0.000000,0.000000
22.379999,3.686808,10.509532,38.612087,0.000000,0.000000,0.000000
54.180000,5.417788,13.507829,36.287247,0.000000,0.000000,0.000000
43.820000,3.749961,18.504189,117.283798,0.000000,0.000000,0.000000
41.869999,3.616920,15.228543,77.443497,0.000000,0.000000,0.000000
57.049999,4.962566,19.176006,79.121330,0.000000,0.000000,0.000000
12.090000,1.461904,7.764257,132.548782,0.000000,0.000000,0.000000
37.959999,5.463747,7.344013,11.635168,0.000000,0.000000,0.000000
29.170000,2.603243,8.884933,52.385670,0.000000,0.000000,0.000000
22.200001,3.120604,2.931417,5.285722,0.000000,0.000000,0.000000
22.930000,2.360430,4.759912,15.023731,0.000000,0.000000,0.000000
22.219999,2.343965,1.250472,1.469475,0.000000,0.000000,0.000000
10.500000,1.947839,1.339726,1.699765,0.000000,0.000000,0.000000
16.730000,1.730399,0.000000,0.000000,0.000000,0.000000,0.000000
14.230000,1.183497,0.000000,0.000000,0.000000,0.000000,0.000000
9.790000,0.777909,0.000000,0.000000,0.000000,0.000000,0.000000
8.010000,0.464127,0.010107,0.098696,0.000000,0.000000,0.000000
6.050000,0.248469,0.021922,0.054831,0.000000,0.000000,0.000000
6.760000,0.122200,0.115558,0.800535,0.000000,0.000000,0.000000
6.050000,0.224360,0.276712,0.570244,0.000000,0.000000,0.000000
8.750000,0.357054,0.878754,2.500300,0.000000,0.000000,0.000000
9.970000,0.437937,1.123155,2.895084,0.000000,0.000000,0.000000
19.030001,1.171645,1.705690,2.675760,0.000000,0.000000,0.000000
13.510000,1.941455,10.521188,65.731560,0.000000,0.000000,0.000000
19.030001,1.443002,-3.103248,30.650604,0.000000,0.000000,0.000000
9.250000,0.839629,1.672583,33.545685,0.000000,0.000000,0.000000
35.500000,3.614725,4.052317,5.812100,0.000000,0.000000,0.000000
15.470000,1.444803,2.661129,51.607063,0.000000,0.000000,0.000000
21.850000,2.621016,0.267315,2.226144,0.000000,0.000000,0.000000
10.850000,1.810572,1.655221,14.760542,0.000000,0.000000,0.000000
12.090000,1.959250,0.873837,2.478368,0.000000,0.000000,0.000000
19.920000,2.057956,0.301178,0.142561,0.000000,0.000000,0.000000
21.000000,1.992011,0.445573,0.537345,0.000000,0.000000,0.000000
12.630000,2.003594,0.130184,0.043865,0.000000,0.000000,0.000000
21.000000,2.035371,0.246524,0.109662,0.000000,0.000000,0.000000
11.730000,2.017746,0.131386,0.043865,0.000000,0.000000,0.000000
15.290000,2.017783,0.000000,0.000000,0.000000,0.000000,0.000000
21.520000,1.998725,0.130780,0.043865,0.000000,0.000000,0.000000
13.880000,2.006138,0.000000,0.000000,0.000000,0.000000,0.000000
21.520000,1.965203,0.000000,0.000000,0.000000,0.000000,0.000000
14.060000,1.982477,0.063706,0.010966,0.000000,0.000000,0.000000
13.880000,1.981796,0.000000,0.000000,0.000000,0.000000,0.000000
20.450001,1.977857,0.000000,0.000000,0.000000,0.000000,0.000000
16.719999,1.976245,0.000000,0.000000,0.000000,0.000000,0.000000
17.620001,1.974597,0.000000,0.000000,0.000000,0.000000,0.000000
17.969999,1.974961,0.000000,0.000000,0.000000,0.000000,0.000000
12.280000,1.923347,0.000000,0.000000,0.000000,0.000000,0.000000
10.860000,1.240106,0.000000,0.000000,0.000000,0.000000,0.000000
5.880000,0.172290,-0.030049,0.219325,0.000000,0.000000,0.000000
19.570000,0.763956,2.117429,6.557804,0.000000,0.000000,0.000000
59.570000,3.921961,15.618120,69.536842,0.000000,0.000000,0.000000
45.360001,4.621978,31.364872,243.713455,0.000000,0.000000,0.000000
53.160000,4.590002,28.679317,308.041321,0.000000,0.000000,0.000000
66.050003,5.608182,31.186054,325.236359,0.000000,0.000000,0.000000
54.290001,3.558108,27.581264,324.479675,0.000000,0.000000,0.000000
51.590000,3.601316,22.815861,232.341461,0.000000,0.000000,0.000000
35.150002,3.752513,17.725052,138.020935,0.000000,0.000000,0.000000
29.639999,4.001270,13.345552,72.442894,0.000000,0.000000,0.000000
48.610001,4.230620,11.491952,39.796436,0.000000,0.000000,0.000000
22.730000,3.850111,9.449535,32.953514,0.000000,0.000000,0.000000
45.270000,4.143048,8.346171,22.425934,0.000000,0.000000,0.000000
40.799999,4.130557,8.612467,20.682302,0.000000,0.000000,0.000000
22.910000,3.027398,7.830517,23.796713,0.000000,0.000000,0.000000
17.600000,1.899855,4.850678,18.971573,0.000000,0.000000,0.000000
24.350000,2.763795,1.485564,1.096623,0.000000,0.000000,0.000000
17.770000,2.146321,2.050824,2.807354,0.000000,0.000000,0.000000
26.500000,2.062774,0.753858,0.394784,0.000000,0.000000,0.000000
18.490000,2.743089,0.721803,0.274156,0.000000,0.000000,0.000000
24.530001,3.136618,1.794776,1.425610,0.000000,0.000000,0.000000
25.219999,2.964971,3.645023,4.923836,0.000000,0.000000,0.000000
24.870001,3.066331,5.344831,9.540617,0.000000,0.000000,0.000000
40.470001,3.436201,7.044039,17.611759,0.000000,0.000000,0.000000
30.549999,3.453223,9.045372,23.950243,0.000000,0.000000,0.000000
25.920000,3.625834,10.796844,54.315723,0.000000,0.000000,0.000000
45.209999,3.856462,13.401955,49.435753,0.000000,0.000000,0.000000
36.369999,4.482344,18.318785,78.594940,0.000000,0.000000,0.000000
51.950001,4.174334,17.459846,124.653107,0.000000,0.000000,0.000000
50.849998,4.380229,25.295166,148.076965,0.000000,0.000000,0.000000
19.549999,2.002587,19.451540,221.934494,0.000000,0.000000,0.000000
48.189999,5.049789,13.812914,154.294800,0.000000,0.000000,0.000000
26.610001,3.990199,18.317585,196.448975,0.000000,0.000000,0.000000
40.400002,3.004605,5.402546,121.527725,0.000000,0.000000,0.000000
44.000000,4.480938,17.465528,96.020279,0.000000,0.000000,0.000000
29.129999,2.614611,9.291990,69.196892,0.000000,0.000000,0.000000
40.250000,4.281406,9.507666,56.783127,0.000000,0.000000,0.000000
17.770000,2.606186,8.942784,43.349499,0.000000,0.000000,0.000000
30.020000,3.926662,4.600262,15.374651,0.000000,0.000000,0.000000
26.469999,2.570464,4.893911,11.898356,0.000000,0.000000,0.000000
24.330000,3.066783,0.902412,3.662720,0.000000,0.000000,0.000000
19.920000,3.230061,2.021691,1.710732,0.000000,0.000000,0.000000
20.100000,2.399271,0.156200,0.701839,0.000000,0.000000,0.000000
13.340000,2.090674,-0.168105,0.274156,0.000000,0.000000,0.000000
11.930000,1.291855,-0.028929,0.010966,0.000000,0.000000,0.000000
10.330000,0.815474,-0.057502,0.197392,0.000000,0.000000,0.000000
8.370000,0.683802,0.000000,0.000000,0.000000,0.000000,0.000000
11.560000,0.883361,-0.002043,0.010966,0.000000,0.000000,0.000000
13.520000,1.310277,-0.004403,0.043865,0.000000,0.000000,0.000000
14.940000,1.702927,-0.015772,0.043865,0.000000,0.000000,0.000000
20.270000,2.501714,0.286295,0.274156,0.000000,0.000000,0.000000
9.080000,1.084902,2.672316,22.184677,0.000000,0.000000,0.000000
15.660000,1.676217,2.092032,8.454961,0.000000,0.000000,0.000000
22.219999,2.658713,0.585674,0.943096,0.000000,0.000000,0.000000
18.139999,2.680448,2.565107,4.320694,0.000000,0.000000,0.000000
35.189999,3.659066,1.344762,0.745703,0.000000,0.000000,0.000000
26.480000,3.339218,3.911087,8.542691,0.000000,0.000000,0.000000
25.980000,3.040627,3.202125,5.132194,0.000000,0.000000,0.000000
32.509998,3.974949,4.030444,4.430356,0.000000,0.000000,0.000000
28.950001,3.876400,6.974232,14.003872,0.000000,0.000000,0.000000
34.459999,3.602097,6.786139,14.541217,0.000000,0.000000,0.000000
37.630001,4.357130,8.974527,25.386816,0.000000,0.000000,0.000000
28.420000,3.114740,8.083832,26.044790,0.000000,0.000000,0.000000
38.299999,4.536848,6.370324,10.549512,0.000000,0.000000,0.000000
24.350000,2.965134,7.392057,20.188824,0.000000,0.000000,0.000000
26.290001,3.086236,3.942606,5.592776,0.000000,0.000000,0.000000
23.820000,3.179086,2.980718,2.927983,0.000000,0.000000,0.000000
19.740000,2.963423,1.061872,0.943096,0.000000,0.000000,0.000000
17.959999,2.641504,0.050417,0.010966,0.000000,0.000000,0.000000
11.740000,1.487131,-0.048615,0.043865,0.000000,0.000000,0.000000
6.580000,0.437483,-0.086062,0.493480,0.000000,0.000000,0.000000
7.300000,0.170751,0.504557,3.739484,0.000000,0.000000,0.000000
13.170000,0.665392,2.367644,8.926508,0.000000,0.000000,0.000000
16.540001,1.097094,4.358106,18.401329,0.000000,0.000000,0.000000
36.009998,2.885202,10.942732,45.136993,0.000000,0.000000,0.000000
50.849998,3.835609,20.271698,142.155197,0.000000,0.000000,0.000000
84.139999,8.045218,35.131653,273.179688,0.000000,0.000000,0.000000
62.110001,5.033273,45.584763,540.426636,0.000000,0.000000,0.000000
49.790001,3.437178,38.083626,524.733948,0.000000,0.000000,0.000000
55.779999,4.871624,35.680294,520.566772,0.000000,0.000000,0.000000
38.450001,4.006137,22.353127,441.697662,0.000000,0.000000,0.000000
80.669998,7.176122,28.215607,204.070526,0.000000,0.000000,0.000000
18.299999,1.683652,12.555038,366.589996,0.000000,0.000000,0.000000
71.849998,6.537796,3.460617,55.456211,0.000000,0.000000,0.000000
47.720001,5.519294,14.395200,135.092941,0.000000,0.000000,0.000000
23.639999,1.578100,5.622283,57.879749,0.000000,0.000000,0.000000
23.980000,4.549535,10.406866,41.287846,0.000000,0.000000,0.000000
23.280001,2.649595,6.562647,25.825464,0.000000,0.000000,0.000000
15.830000,3.380698,5.308985,8.586555,0.000000,0.000000,0.000000
25.590000,2.655555,2.042726,2.467402,0.000000,0.000000,0.000000
17.070000,2.378943,2.059921,3.037645,0.000000,0.000000,0.000000
15.110000,1.799263,-0.128952,3.169239,0.000000,0.000000,0.000000
9.430000,1.354454,0.358523,3.958808,0.000000,0.000000,0.000000
9.970000,0.915888,-0.542152,4.386491,0.000000,0.000000,0.000000
8.000000,0.539152,-0.062844,0.142561,0.000000,0.000000,0.000000
8.910000,0.340984,0.016975,0.745703,0.000000,0.000000,0.000000
7.650000,0.335441,0.056548,0.109662,0.000000,0.000000,0.000000
7.660000,0.280066,-0.054821,0.098696,0.000000,0.000000,0.000000
6.940000,0.305120,0.032214,0.043865,0.000000,0.000000,0.000000
7.300000,0.462023,-0.039499,0.098696,0.000000,0.000000,0.000000
16.549999,0.979161,0.324976,0.186426,0.000000,0.000000,0.000000
31.080000,2.824053,1.719049,1.798461,0.000000,0.000000,0.000000
59.320000,6.353748,9.392814,14.903102,0.000000,0.000000,0.000000
72.160004,6.780613,29.324127,150.599182,0.000000,0.000000,0.000000
49.759998,4.305351,31.283112,297.634369,0.000000,0.000000,0.000000
90.440002,8.837551,50.380531,348.364136,0.000000,0.000000,0.000000
47.130001,3.581416,33.529015,599.490723,0.000000,0.000000,0.000000
36.389999,1.912567,23.512836,349.383972,0.000000,0.000000,0.000000
69.190002,6.557004,28.178776,168.145172,0.000000,0.000000,0.000000
15.830000,2.147528,9.847247,171.358261,0.000000,0.000000,0.000000
41.509998,3.728581,4.389383,24.761740,0.000000,0.000000,0.000000
27.000000,3.494009,4.959352,44.347420,0.000000,0.000000,0.000000
19.740000,1.876177,3.964874,14.047738,0.000000,0.000000,0.000000
23.980000,2.873219,1.228140,2.006820,0.000000,0.000000,0.000000
21.860001,2.707395,1.756476,1.820394,0.000000,0.000000,0.000000
19.379999,2.860649,0.411906,0.186426,0.000000,0.000000,0.000000
22.049999,2.560404,0.920152,0.504447,0.000000,0.000000,0.000000
23.830000,2.763441,0.075051,0.010966,0.000000,0.000000,0.000000
17.620001,2.594663,0.605353,0.197392,0.000000,0.000000,0.000000
24.170000,2.679265,0.000000,0.000000,0.000000,0.000000,0.000000
18.850000,2.628381,0.000000,0.000000,0.000000,0.000000,0.000000
20.629999,2.616763,0.083223,0.010966,0.000000,0.000000,0.000000
22.940001,2.667594,0.000000,0.000000,0.000000,0.000000,0.000000
20.080000,2.590063,0.121293,0.010966,0.000000,0.000000,0.000000
22.410000,2.628852,0.249871,0.043865,0.000000,0.000000,0.000000
20.100000,2.686979,0.371384,0.087730,0.000000,0.000000,0.000000
31.459999,2.878891,1.670743,1.096623,0.000000,0.000000,0.000000
25.240000,2.966776,9.858818,41.287849,0.000000,0.000000,0.000000
10.500000,1.222447,-0.843710,4.671613,0.000000,0.000000,0.000000
8.540000,1.078241,-1.226521,16.153252,0.000000,0.000000,0.000000
15.840000,1.292052,-0.048374,0.010966,0.000000,0.000000,0.000000
11.210000,1.013616,0.048008,0.888264,0.000000,0.000000,0.000000
13.340000,1.161903,0.074030,0.043865,0.000000,0.000000,0.000000
11.570000,0.845889,0.000000,0.000000,0.000000,0.000000,0.000000
7.830000,0.627467,0.254795,0.372852,0.000000,0.000000,0.000000
7.480000,0.431649,0.299408,0.318021,0.000000,0.000000,0.000000
8.720000,0.397904,0.739371,1.502373,0.000000,0.000000,0.000000
8.720000,0.325511,1.050461,3.651754,0.000000,0.000000,0.000000
10.330000,0.500940,0.901022,1.897157,0.000000,0.000000,0.000000
9.260000,0.540929,1.152177,3.114409,0.000000,0.000000,0.000000
9.260000,0.622153,0.563866,0.975994,0.000000,0.000000,0.000000
8.370000,0.584029,0.244282,0.274156,0.000000,0.000000,0.000000
6.590000,0.357426,0.000000,0.000000,0.000000,0.000000,0.000000
5.520000,0.141297,0.000000,0.000000,0.000000,0.000000,0.000000
6.050000,0.158336,0.069130,0.230291,0.000000,0.000000,0.000000
6.760000,0.330407,0.408403,0.800535,0.000000,0.000000,0.000000
9.260000,0.466200,0.014517,0.098696,0.000000,0.000000,0.000000
5.700000,0.142997,0.000000,0.000000,0.000000,0.000000,0.000000
13.170000,0.777586,1.102127,1.908124,0.000000,0.000000,0.000000
42.580002,3.192173,6.034038,12.161547,0.000000,0.000000,0.000000
42.220001,3.867416,19.586655,118.204956,0.000000,0.000000,0.000000
90.320000,7.178171,26.684252,145.828888,0.000000,0.000000,0.000000
64.900002,7.289919,42.540337,282.819000,0.000000,0.000000,0.000000
36.389999,2.340276,17.010717,430.040558,0.000000,0.000000,0.000000
95.500000,7.078408,27.683931,132.548782,0.000000,0.000000,0.000000
30.510000,3.322605,24.748138,372.434998,0.000000,0.000000,0.000000
37.480000,2.399216,10.227727,114.421616,0.000000,0.000000,0.000000
28.770000,5.293512,15.622814,49.545414,0.000000,0.000000,0.000000
32.700001,2.564059,1.013940,49.358986,0.000000,0.000000,0.000000
25.400000,3.481653,2.532002,6.130121,0.000000,0.000000,0.000000
16.000000,2.175956,0.054626,4.967701,0.000000,0.000000,0.000000
24.020000,2.616207,0.951805,0.910197,0.000000,0.000000,0.000000
17.440001,2.154530,-0.129118,0.043865,0.000000,0.000000,0.000000
24.350000,2.314392,0.516077,0.197392,0.000000,0.000000,0.000000
19.379999,2.220141,0.264007,0.043865,0.000000,0.000000,0.000000
16.719999,2.595692,0.278926,0.043865,0.000000,0.000000,0.000000
25.240000,2.936835,1.247477,0.745703,0.000000,0.000000,0.000000
30.020000,3.119017,2.076495,1.568171,0.000000,0.000000,0.000000
27.000000,3.421011,3.166947,3.224071,0.000000,0.000000,0.000000
27.190001,2.914722,3.759795,5.472148,0.000000,0.000000,0.000000
23.299999,2.763566,2.636559,2.697692,0.000000,0.000000,0.000000
28.760000,3.796212,2.937814,2.686726,0.000000,0.000000,0.000000
34.099998,3.303147,7.316458,17.699492,0.000000,0.000000,0.000000
26.110001,2.966763,8.191282,25.814499,0.000000,0.000000,0.000000
48.930000,4.533101,12.293871,50.071793,0.000000,0.000000,0.000000
39.939999,3.819782,15.752573,74.449722,0.000000,0.000000,0.000000
34.570000,4.260023,18.394424,101.744652,0.000000,0.000000,0.000000
46.270000,3.852918,17.119961,103.948860,0.000000,0.000000,0.000000
32.660000,3.574620,20.127167,142.495148,0.000000,0.000000,0.000000
39.410000,2.423341,14.733015,142.374512,0.000000,0.000000,0.000000
40.250000,3.862851,17.850748,110.649231,0.000000,0.000000,0.000000
26.629999,3.704590,11.793729,142.517075,0.000000,0.000000,0.000000
42.220001,3.638420,10.174989,115.825294,0.000000,0.000000,0.000000
31.600000,3.732926,13.275349,101.678848,0.000000,0.000000,0.000000
33.369999,3.127747,12.407515,81.106216,0.000000,0.000000,0.000000
30.180000,3.607363,11.183217,83.880669,0.000000,0.000000,0.000000
39.029999,4.419705,5.723626,61.279274,0.000000,0.000000,0.000000
29.639999,3.396950,9.478535,75.535370,0.000000,0.000000,0.000000
52.049999,3.119444,5.265828,52.955910,0.000000,0.000000,0.000000
26.980000,4.477067,9.132065,20.265585,0.000000,0.000000,0.000000
28.990000,2.356203,3.768138,37.701889,0.000000,0.000000,0.000000
22.219999,3.005312,1.441882,1.326914,0.000000,0.000000,0.000000
15.290000,2.221423,-0.101811,4.474221,0.000000,0.000000,0.000000
19.219999,1.906775,-0.865562,3.553057,0.000000,0.000000,0.000000
10.500000,1.189582,-0.595909,2.193246,0.000000,0.000000,0.000000
10.680000,0.752510,-0.430498,3.256969,0.000000,0.000000,0.000000
11.560000,0.790098,-0.422642,0.932129,0.000000,0.000000,0.000000
7.830000,0.801305,-0.346763,1.579137,0.000000,0.000000,0.000000
13.880000,1.295750,-0.224669,0.274156,0.000000,0.000000,0.000000
10.850000,1.634584,0.203406,0.142561,0.000000,0.000000,0.000000
14.040000,2.211437,1.302901,2.237111,0.000000,0.000000,0.000000
13.170000,1.114388,-3.803776,31.988483,0.000000,0.000000,0.000000
14.930000,2.293704,0.895611,23.083906,0.000000,0.000000,0.000000
29.469999,3.487911,1.759061,1.239184,0.000000,0.000000,0.000000
17.620001,2.826574,1.466698,24.355991,0.000000,0.000000,0.000000
17.070000,2.427361,1.200707,1.096623,0.000000,0.000000,0.000000
34.130001,2.852470,1.268923,2.686726,0.000000,0.000000,0.000000
31.240000,3.976903,2.156024,1.973921,0.000000,0.000000,0.000000
26.110001,4.146182,5.992145,17.556931,0.000000,0.000000,0.000000
27.709999,3.232180,7.564176,20.068197,0.000000,0.000000,0.000000
28.740000,4.655538,7.712949,18.532923,0.000000,0.000000,0.000000
36.259998,3.291891,8.309414,39.028801,0.000000,0.000000,0.000000
36.410000,3.805130,5.184420,8.389164,0.000000,0.000000,0.000000
20.260000,3.821779,5.616576,9.770908,0.000000,0.000000,0.000000
24.700001,2.583261,2.391000,7.117081,0.000000,0.000000,0.000000
16.719999,3.198859,0.724815,0.219325,0.000000,0.000000,0.000000
22.590000,2.715528,0.516813,0.175460,0.000000,0.000000,0.000000
28.969999,2.949069,0.000000,0.000000,0.000000,0.000000,0.000000
19.379999,3.211901,0.380083,0.054831,0.000000,0.000000,0.000000
42.250000,4.137709,1.641638,0.657974,0.000000,0.000000,0.000000
34.080002,4.735779,5.636301,6.919690,0.000000,0.000000,0.000000
43.259998,5.527640,12.404197,36.506565,0.000000,0.000000,0.000000
127.830002,8.337646,26.851919,97.489754,0.000000,0.000000,0.000000
16.860001,4.376993,40.617653,459.112091,0.000000,0.000000,0.000000
24.170000,4.192568,-12.466745,78.660751,0.000000,0.000000,0.000000
13.700000,1.271955,-10.665353,122.273422,0.000000,0.000000,0.000000
13.690000,1.801481,-4.799142,25.123623,0.000000,0.000000,0.000000
55.250000,5.846875,-1.483609,15.155327,0.000000,0.000000,0.000000
35.680000,2.986159,-1.390743,222.954361,0.000000,0.000000,0.000000
104.430000,8.394770,12.853305,59.393089,0.000000,0.000000,0.000000
25.400000,2.767389,11.469297,250.622147,0.000000,0.000000,0.000000
44.150002,3.079704,5.198119,47.088982,0.000000,0.000000,0.000000
31.580000,4.136714,13.655605,96.557632,0.000000,0.000000,0.000000
23.990000,1.291610,4.237788,26.878223,0.000000,0.000000,0.000000
30.200001,4.899511,7.321245,21.241581,0.000000,0.000000,0.000000
18.139999,2.196241,2.283435,14.749577,0.000000,0.000000,0.000000
21.490000,4.330729,1.680386,0.910197,0.000000,0.000000,0.000000
20.430000,3.155620,0.175810,5.592776,0.000000,0.000000,0.000000
29.500000,3.563702,1.620501,1.908123,0.000000,0.000000,0.000000
22.040001,2.753874,1.025833,1.633968,0.000000,0.000000,0.000000
27.730000,2.821613,3.004493,3.596923,0.000000,0.000000,0.000000
23.820000,2.528980,1.672427,2.895084,0.000000,0.000000,0.000000
16.170000,2.420686,3.694333,8.619455,0.000000,0.000000,0.000000
27.709999,2.542662,2.262211,2.949915,0.000000,0.000000,0.000000
16.010000,2.363374,1.871104,2.829287,0.000000,0.000000,0.000000
17.620001,1.809988,0.233134,0.449615,0.000000,0.000000,0.000000
8.550000,0.821472,-0.011689,0.087730,0.000000,0.000000,0.000000
11.040000,0.171554,0.559874,4.397457,0.000000,0.000000,0.000000
51.270000,3.055904,9.765075,37.274208,0.000000,0.000000,0.000000
63.540001,7.752087,42.652416,297.217651,0.000000,0.000000,0.000000
31.750000,2.370528,29.192703,742.698669,0.000000,0.000000,0.000000
89.790001,4.938428,31.545635,391.494324,0.000000,0.000000,0.000000
45.599998,7.190213,43.950546,413.492554,0.000000,0.000000,0.000000
122.050003,6.573506,-41.735104,402.526306,0.000000,0.000000,0.000000
52.570000,3.642846,21.325768,504.139374,0.000000,0.000000,0.000000
96.459999,6.632630,28.941128,340.797455,0.000000,0.000000,0.000000
79.129997,6.522729,29.993437,312.701965,0.000000,0.000000,0.000000
27.350000,2.365988,3.209855,481.965698,0.000000,0.000000,0.000000
43.259998,4.235831,10.918697,95.351341,0.000000,0.000000,0.000000
23.799999,2.539939,12.267075,135.739960,0.000000,0.000000,0.000000
14.580000,2.993904,3.242687,133.272568,0.000000,0.000000,0.000000
23.820000,2.477396,5.094956,88.552292,0.000000,0.000000,0.000000
34.820000,3.836692,8.753749,58.428055,0.000000,0.000000,0.000000
10.670000,2.402310,-0.959833,108.828842,0.000000,0.000000,0.000000
26.129999,2.746511,0.980149,1.864259,0.000000,0.000000,0.000000
13.170000,2.581442,3.165351,16.295815,0.000000,0.000000,0.000000
19.190001,2.340880,-0.601883,5.724370,0.000000,0.000000,0.000000
21.340000,2.577806,0.723002,1.864259,0.000000,0.000000,0.000000
9.610000,0.945583,0.288206,14.552184,0.000000,0.000000,0.000000
40.650002,2.516783,1.629143,3.103442,0.000000,0.000000,0.000000
19.190001,1.681080,11.542315,171.972366,0.000000,0.000000,0.000000
90.139999,6.576291,35.135551,214.214264,0.000000,0.000000,0.000000
53.509998,4.837707,40.769073,572.491882,0.000000,0.000000,0.000000
63.180000,5.520374,15.231201,494.456207,0.000000,0.000000,0.000000
68.750000,8.907936,46.244602,333.263641,0.000000,0.000000,0.000000
33.189999,3.307903,-3.670951,480.090454,0.000000,0.000000,0.000000
83.169998,7.554169,4.134341,88.036865,0.000000,0.000000,0.000000
30.910000,2.723750,-4.073753,161.400940,0.000000,0.000000,0.000000
36.060001,3.796614,-2.986553,15.670738,0.000000,0.000000,0.000000
13.510000,2.097123,0.038933,41.649731,0.000000,0.000000,0.000000
30.219999,2.668261,-3.004438,15.593976,0.000000,0.000000,0.000000
11.390000,2.179796,-0.137020,24.279228,0.000000,0.000000,0.000000
33.570000,2.873858,-2.663034,16.909924,0.000000,0.000000,0.000000
30.219999,2.453576,2.093121,37.175510,0.000000,0.000000,0.000000
37.459999,3.719659,-0.495541,11.986088,0.000000,0.000000,0.000000
31.639999,2.398901,4.669314,20.199791,0.000000,0.000000,0.000000
28.420000,3.354878,3.098082,4.002673,0.000000,0.000000,0.000000
17.959999,2.582171,4.859678,16.526104,0.000000,0.000000,0.000000
33.770000,2.979539,1.879293,1.699765,0.000000,0.000000,0.000000
20.969999,2.637941,2.824561,4.254896,0.000000,0.000000,0.000000
63.119999,4.752616,3.909747,3.344699,0.000000,0.000000,0.000000
89.139999,7.254435,24.345943,86.095848,0.000000,0.000000,0.000000
56.950001,5.242899,44.154633,386.208588,0.000000,0.000000,0.000000
52.130001,3.767790,36.691833,689.852478,0.000000,0.000000,0.000000
95.730003,5.102176,34.298180,483.468079,0.000000,0.000000,0.000000
64.949997,4.630835,46.070305,501.704895,0.000000,0.000000,0.000000
23.469999,1.880029,-0.743304,545.833008,0.000000,0.000000,0.000000
66.940002,6.406518,19.594845,69.251724,0.000000,0.000000,0.000000
25.719999,3.918100,29.184965,238.877350,0.000000,0.000000,0.000000
19.209999,1.617798,6.518281,153.461380,0.000000,0.000000,0.000000
40.250000,4.721604,5.304112,14.650881,0.000000,0.000000,0.000000
32.349998,2.403497,4.209907,54.260895,0.000000,0.000000,0.000000
22.570000,3.098608,2.028732,16.109388,0.000000,0.000000,0.000000
17.590000,2.308270,-0.552209,34.444920,0.000000,0.000000,0.000000
48.290001,3.787660,-1.929954,15.506246,0.000000,0.000000,0.000000
18.840000,2.604552,-1.109422,53.975765,0.000000,0.000000,0.000000
71.760002,3.847556,-2.711286,42.395435,0.000000,0.000000,0.000000
37.279999,3.111465,6.452110,114.608047,0.000000,0.000000,0.000000
36.009998,4.068427,9.987858,25.715805,0.000000,0.000000,0.000000
57.369999,7.642974,27.807482,129.675644,0.000000,0.000000,0.000000
29.610001,4.352062,13.020332,249.876450,0.000000,0.000000,0.000000
87.379997,8.682991,22.354452,145.993378,0.000000,0.000000,0.000000
82.110001,6.419969,-0.548044,469.310699,0.000000,0.000000,0.000000
44.590000,4.677939,6.010211,140.378677,0.000000,0.000000,0.000000
52.090000,5.211825,-5.805832,228.634872,0.000000,0.000000,0.000000
27.830000,2.822556,7.010562,87.444695,0.000000,0.000000,0.000000
18.480000,1.647690,5.014489,43.788147,0.000000,0.000000,0.000000
37.119999,2.980567,4.347901,15.813301,0.000000,0.000000,0.000000
17.600000,1.895915,4.053400,12.062849,0.000000,0.000000,0.000000
20.440001,2.626587,1.839651,5.702438,0.000000,0.000000,0.000000
22.040001,2.641912,4.179980,9.145833,0.000000,0.000000,0.000000
19.000000,3.204536,3.429910,5.011566,0.000000,0.000000,0.000000
42.959999,3.486401,4.735321,12.962081,0.000000,0.000000,0.000000
31.969999,3.623865,5.091290,10.944294,0.000000,0.000000,0.000000
20.580000,4.297730,5.903554,13.049810,0.000000,0.000000,0.000000
37.500000,3.495285,7.750573,22.140812,0.000000,0.000000,0.000000
18.650000,3.278452,6.401935,16.273882,0.000000,0.000000,0.000000
34.259998,3.992776,5.757417,12.490534,0.000000,0.000000,0.000000
33.419998,3.329733,5.886043,11.711931,0.000000,0.000000,0.000000
22.219999,3.443597,4.328391,8.871677,0.000000,0.000000,0.000000
36.410000,3.124691,5.634340,21.625401,0.000000,0.000000,0.000000
54.750000,4.345699,10.348970,25.978992,0.000000,0.000000,0.000000
28.920000,4.023591,22.855427,359.363312,0.000000,0.000000,0.000000
36.919998,2.689776,15.940523,300.167572,0.000000,0.000000,0.000000
60.169998,5.310702,21.586714,141.716553,0.000000,0.000000,0.000000
84.480003,6.065743,7.078611,302.942017,0.000000,0.000000,0.000000
45.860001,4.315666,29.498287,298.094910,0.000000,0.000000,0.000000
26.250000,4.204600,-0.684625,386.296326,0.000000,0.000000,0.000000
91.790001,7.014956,14.682798,163.188431,0.000000,0.000000,0.000000
25.219999,3.346004,13.852743,260.568512,0.000000,0.000000,0.000000
28.600000,4.277212,-3.240899,81.808052,0.000000,0.000000,0.000000
40.980000,5.802097,5.173123,44.928635,0.000000,0.000000,0.000000
20.250000,2.584004,-0.796679,49.139664,0.000000,0.000000,0.000000
30.889999,3.184733,1.506997,8.849745,0.000000,0.000000,0.000000
27.730000,2.413363,1.756910,9.047138,0.000000,0.000000,0.000000
25.240000,3.078656,0.704580,2.324840,0.000000,0.000000,0.000000
28.620001,2.666411,1.076777,1.721698,0.000000,0.000000,0.000000
16.360001,2.939696,0.000000,0.000000,0.000000,0.000000,0.000000
19.190001,2.996150,0.171900,0.043865,0.000000,0.000000,0.000000
33.060001,2.969327,0.000000,0.000000,0.000000,0.000000,0.000000
17.420000,2.963924,0.137758,0.043865,0.000000,0.000000,0.000000
31.100000,2.996567,0.000000,0.000000,0.000000,0.000000,0.000000
21.700001,3.003416,0.000000,0.000000,0.000000,0.000000,0.000000
16.709999,3.026053,0.000000,0.000000,0.000000,0.000000,0.000000
30.389999,3.049887,0.000000,0.000000,0.000000,0.000000,0.000000
24.540001,3.046178,0.000000,0.000000,0.000000,0.000000,0.000000
26.299999,3.084615,0.000000,0.000000,0.000000,0.000000,0.000000
29.330000,3.073766,0.000000,0.000000,0.000000,0.000000,0.000000
17.059999,3.136727,0.000000,0.000000,0.000000,0.000000,0.000000
22.930000,3.166471,0.000000,0.000000,0.000000,0.000000,0.000000
32.509998,3.174768,0.000000,0.000000,0.000000,0.000000,0.000000
22.040001,3.202678,0.000000,0.000000,0.000000,0.000000,0.000000
33.950001,3.215837,0.000000,0.000000,0.000000,0.000000,0.000000
18.830000,3.248656,0.000000,0.000000,0.000000,0.000000,0.000000
19.889999,3.249716,0.000000,0.000000,0.000000,0.000000,0.000000
121.209999,8.360976,1.845189,0.460582,0.000000,0.000000,0.000000
5.870000,0.034911,1.234699,58.318398,0.000000,0.000000,0.000000
4.450000,0.000056,0.004134,5.680505,0.000000,0.000000,0.000000
5.700000,0.000009,-0.000143,0.010966,0.000000,0.000000,0.000000
4.980000,0.000008,0.000000,0.000000,0.000000,0.000000,0.000000
4.990000,0.000014,0.000000,0.000000,0.000000,0.000000,0.000000
5.690000,0.000012,0.000000,0.000000,0.000000,0.000000,0.000000
6.230000,0.000005,0.000000,0.000000,0.000000,0.000000,0.000000
5.160000,0.000015,0.000000,0.000000,0.000000,0.000000,0.000000
4.980000,0.000010,0.000000,0.000000,0.000000,0.000000,0.000000
5.160000,0.000003,0.000000,0.000000,0.000000,0.000000,0.000000
5.160000,0.000007,0.000000,0.000000,0.000000,0.000000,0.000000
5.160000,0.000004,0.000000,0.000000,0.000000,0.000000,0.000000
6.760000,0.000001,0.000000,0.000000,0.000000,0.000000,0.000000
6.590000,0.000004,0.000000,0.000000,0.000000,0.000000,0.000000
5.520000,0.000013,0.000000,0.000000,0.000000,0.000000,0.000000
5.690000,0.000019,0.000000,0.000000,0.000000,0.000000,0.000000
4.270000,0.000008,0.000000,0.000000,0.000000,0.000000,0.000000
5.870000,0.000012,0.000000,0.000000,0.000000,0.000000,0.000000
5.880000,0.000023,0.000000,0.000000,0.000000,0.000000,0.000000
5.880000,0.000008,0.000000,0.000000,0.000000,0.000000,0.000000
6.230000,0.000012,0.000000,0.000000,0.000000,0.000000,0.000000
5.520000,0.000014,0.000000,0.000000,0.000000,0.000000,0.000000
5.700000,0.000002,0.000000,0.000000,0.000000,0.000000,0.000000
5.520000,0.000014,0.000000,0.000000,0.000000,0.000000,0.000000
5.520000,0.000005,0.000000,0.000000,0.000000,0.000000,0.000000
5.880000,0.000011,0.000000,0.000000,0.000000,0.000000,0.000000
5.520000,0.000006,0.000000,0.000000,0.000000,0.000000,0.000000
5.340000,0.000009,0.000000,0.000000,0.000000,0.000000,0.000000
5.880000,0.000048,0.000000,0.000000,0.000000,0.000000,0.000000
5.520000,0.000006,0.000000,0.000000,0.000000,0.000000,0.000000
4.450000,0.000017,0.000000,0.000000,0.000000,0.000000,0.000000
5.520000,0.000010,0.000000,0.000000,0.000000,0.000000,0.000000
5.700000,0.000007,0.000000,0.000000,0.000000,0.000000,0.000000
4.810000,0.000014,0.000000,0.000000,0.000000,0.000000,0.000000
5.880000,0.000007,0.000000,0.000000,0.000000,0.000000,0.000000
6.580000,0.000009,0.000000,0.000000,0.000000,0.000000,0.000000
5.690000,0.000016,0.000000,0.000000,0.000000,0.000000,0.000000
4.090000,0.000020,0.000000,0.000000,0.000000,0.000000,0.000000
5.700000,0.000008,0.000000,0.000000,0.000000,0.000000,0.000000
5.700000,0.000003,0.000000,0.000000,0.000000,0.000000,0.000000
4.630000,0.000017,0.000000,0.000000,0.000000,0.000000,0.000000
5.880000,0.000008,0.000000,0.000000,0.000000,0.000000,0.000000
4.990000,0.000018,0.000000,0.000000,0.000000,0.000000,0.000000
4.810000,0.000008,0.000000,0.000000,0.000000,0.000000,0.000000
5.880000,0.000010,0.000000,0.000000,0.000000,0.000000,0.000000
6.050000,0.000006,0.000000,0.000000,0.000000,0.000000,0.000000
6.050000,0.000001,0.000000,0.000000,0.000000,0.000000,0.000000
4.990000,0.000047,0.000000,0.000000,0.000000,0.000000,0.000000
5.520000,0.000035,0.000000,0.000000,0.000000,0.000000,0.000000
4.990000,0.000003,0.000000,0.000000,0.000000,0.000000,0.000000
4.810000,0.000014,0.000000,0.000000,0.000000,0.000000,0.000000
6.050000,0.000005,0.000000,0.000000,0.000000,0.000000,0.000000
4.630000,0.000006,0.000000,0.000000,0.000000,0.000000,0.000000
4.630000,0.000009,0.000000,0.000000,0.000000,0.000000,0.000000
5.340000,0.000013,0.000000,0.000000,0.000000,0.000000,0.000000
6.050000,0.000003,0.000000,0.000000,0.000000,0.000000,0.000000
5.520000,0.000039,0.000000,0.000000,0.000000,0.000000,0.000000
6.050000,0.000004,0.000000,0.000000,0.000000,0.000000,0.000000
5.520000,0.000011,0.000000,0.000000,0.000000,0.000000,0.000000
5.160000,0.000007,0.000000,0.000000,0.000000,0.000000,0.000000
5.170000,0.000001,0.000000,0.000000,0.000000,0.000000,0.000000
5.160000,0.000008,0.000000,0.000000,0.000000,0.000000,0.000000
5.160000,0.000022,0.000000,0.000000,0.000000,0.000000,0.000000
4.450000,0.000011,0.000000,0.000000,0.000000,0.000000,0.000000
5.340000,0.000023,0.000000,0.000000,0.000000,0.000000,0.000000
6.410000,0.000010,0.000000,0.000000,0.000000,0.000000,0.000000
4.810000,0.000025,0.000000,0.000000,0.000000,0.000000,0.000000
5.880000,0.000010,0.000000,0.000000,0.000000,0.000000,0.000000
6.050000,0.000007,0.000000,0.000000,0.000000,0.000000,0.000000
5.690000,0.000001,0.000000,0.000000,0.000000,0.000000,0.000000
5.700000,0.000008,0.000000,0.000000,0.000000,0.000000,0.000000
4.990000,0.000006,0.000000,0.000000,0.000000,0.000000,0.000000
4.090000,0.000004,0.000000,0.000000,0.000000,0.000000,0.000000
6.760000,0.000009,0.000000,0.000000,0.000000,0.000000,0.000000
5.880000,0.000022,0.000000,0.000000,0.000000,0.000000,0.000000
5.160000,0.000003,0.000000,0.000000,0.000000,0.000000,0.000000
5.520000,0.000016,0.000000,0.000000,0.000000,0.000000,0.000000
5.880000,0.000010,0.000000,0.000000,0.000000,0.000000,0.000000
5.160000,0.000009,0.000000,0.000000,0.000000,0.000000,0.000000
4.990000,0.000033,0.000000,0.000000,0.000000,0.000000,0.000000
4.990000,0.000020,0.000000,0.000000,0.000000,0.000000,0.000000
4.990000,0.000007,0.000000,0.000000,0.000000,0.000000,0.000000
5.160000,0.000042,0.000000,0.000000,0.000000,0.000000,0.000000
5.880000,0.000011,0.000000,0.000000,0.000000,0.000000,0.000000
5.880000,0.000011,0.000000,0.000000,0.000000,0.000000,0.000000
4.810000,0.000006,0.000000,0.000000,0.000000,0.000000,0.000000
5.880000,0.000006,0.000000,0.000000,0.000000,0.000000,0.000000
5.700000,0.000012,0.000000,0.000000,0.000000,0.000000,0.000000
5.340000,0.000017,0.000000,0.000000,0.000000,0.000000,0.000000
5.700000,0.000002,0.000000,0.000000,0.000000,0.000000,0.000000
5.700000,0.000014,0.000000,0.000000,0.000000,0.000000,0.000000
5.520000,0.000008,0.000000,0.000000,0.000000,0.000000,0.000000
5.520000,0.000006,0.000000,0.000000,0.000000,0.000000,0.000000
4.990000,0.000006,0.000000,0.000000,0.000000,0.000000,0.000000
4.630000,0.000015,0.000000,0.000000,0.000000,0.000000,0.000000
5.520000,0.000020,0.000000,0.000000,0.000000,0.000000,0.000000
5.520000,0.000002,0.000000,0.000000,0.000000,0.000000,0.000000
4.810000,0.000003,0.000000,0.000000,0.000000,0.000000,0.000000
4.810000,0.000008,0.000000,0.000000,0.000000,0.000000,0.000000
5.880000,0.000001,0.000000,0.000000,0.000000,0.000000,0.000000
4.810000,0.000014,0.000000,0.000000,0.000000,0.000000,0.000000
5.160000,0.000017,0.000000,0.000000,0.000000,0.000000,0.000000
6.230000,0.000004,0.000000,0.000000,0.000000,0.000000,0.000000
5.340000,0.000002,0.000000,0.000000,0.000000,0.000000,0.000000
4.450000,0.000013,0.000000,0.000000,0.000000,0.000000,0.000000
5.520000,0.000005,0.000000,0.000000,0.000000,0.000000,0.000000
6.050000,0.000005,0.000000,0.000000,0.000000,0.000000,0.000000
5.160000,0.000014,0.000000,0.000000,0.000000,0.000000,0.000000
5.520000,0.000007,0.000000,0.000000,0.000000,0.000000,0.000000
5.340000,0.000022,0.000000,0.000000,0.000000,0.000000,0.000000
4.450000,0.000004,0.000000,0.000000,0.000000,0.000000,0.000000
4.810000,0.000012,0.000000,0.000000,0.000000,0.000000,0.000000
5.520000,0.000008,0.000000,0.000000,0.000000,0.000000,0.000000
5.520000,0.000002,0.000000,0.000000,0.000000,0.000000,0.000000
5.170000,0.000008,0.000000,0.000000,0.000000,0.000000,0.000000
4.810000,0.000017,0.000000,0.000000,0.000000,0.000000,0.000000
4.630000,0.000023,0.000000,0.000000,0.000000,0.000000,0.000000
4.990000,0.000012,0.000000,0.000000,0.000000,0.000000,0.000000
6.410000,0.000006,0.000000,0.000000,0.000000,0.000000,0.000000
5.880000,0.000009,0.000000,0.000000,0.000000,0.000000,0.000000
4.630000,0.000005,0.000000,0.000000,0.000000,0.000000,0.000000
4.810000,0.000013,0.000000,0.000000,0.000000,0.000000,0.000000
6.590000,0.000031,0.000000,0.000000,0.000000,0.000000,0.000000
5.160000,0.000018,0.000000,0.000000,0.000000,0.000000,0.000000
6.050000,0.000007,0.000000,0.000000,0.000000,0.000000,0.000000
5.700000,0.000014,0.000000,0.000000,0.000000,0.000000,0.000000
5.690000,0.000027,0.000000,0.000000,0.000000,0.000000,0.000000
4.990000,0.000012,0.000000,0.000000,0.000000,0.000000,0.000000
5.340000,0.000010,0.000000,0.000000,0.000000,0.000000,0.000000
5.170000,0.000013,0.000000,0.000000,0.000000,0.000000,0.000000
4.990000,0.000006,0.000000,0.000000,0.000000,0.000000,0.000000
5.520000,0.000002,0.000000,0.000000,0.000000,0.000000,0.000000
4.630000,0.000010,0.000000,0.000000,0.000000,0.000000,0.000000
5.340000,0.000003,0.000000,0.000000,0.000000,0.000000,0.000000
6.050000,0.000003,0.000000,0.000000,0.000000,0.000000,0.000000
5.340000,0.000011,0.000000,0.000000,0.000000,0.000000,0.000000
5.160000,0.000013,0.000000,0.000000,0.000000,0.000000,0.000000
4.800000,0.000010,0.000000,0.000000,0.000000,0.000000,0.000000
4.810000,0.000025,0.000000,0.000000,0.000000,0.000000,0.000000
5.160000,0.000008,0.000000,0.000000,0.000000,0.000000,0.000000
6.050000,0.000005,0.000000,0.000000,0.000000,0.000000,0.000000
5.340000,0.000004,0.000000,0.000000,0.000000,0.000000,0.000000
5.880000,0.000026,0.000000,0.000000,0.000000,0.000000,0.000000
4.990000,0.000030,0.000000,0.000000,0.000000,0.000000,0.000000
5.880000,0.000011,0.000000,0.000000,0.000000,0.000000,0.000000
4.990000,0.000005,0.000000,0.000000,0.000000,0.000000,0.000000
4.810000,0.000005,0.000000,0.000000,0.000000,0.000000,0.000000
5.340000,0.000014,0.000000,0.000000,0.000000,0.000000,0.000000
6.050000,0.000009,0.000000,0.000000,0.000000,0.000000,0.000000
5.160000,0.000006,0.000000,0.000000,0.000000,0.000000,0.000000
5.700000,0.000004,0.000000,0.000000,0.000000,0.000000,0.000000
5.520000,0.000012,0.000000,0.000000,0.000000,0.000000,0.000000
4.810000,0.000014,0.000000,0.000000,0.000000,0.000000,0.000000
4.810000,0.000008,0.000000,0.000000,0.000000,0.000000,0.000000
5.880000,0.000018,0.000000,0.000000,0.000000,0.000000,0.000000
5.340000,0.000005,0.000000,0.000000,0.000000,0.000000,0.000000
5.700000,0.000018,0.000000,0.000000,0.000000,0.000000,0.000000
6.410000,0.000027,0.000000,0.000000,0.000000,0.000000,0.000000
5.880000,0.000031,0.000000,0.000000,0.000000,0.000000,0.000000
5.160000,0.000008,0.000000,0.000000,0.000000,0.000000,0.000000
5.160000,0.000007,0.000000,0.000000,0.000000,0.000000,0.000000
4.810000,0.000008,0.000000,0.000000,0.000000,0.000000,0.000000
4.450000,0.000030,0.000000,0.000000,0.000000,0.000000,0.000000
4.630000,0.000013,0.000000,0.000000,0.000000,0.000000,0.000000
5.340000,0.000006,0.000000,0.000000,0.000000,0.000000,0.000000
4.450000,0.000011,0.000000,0.000000,0.000000,0.000000,0.000000
5.700000,0.000006,0.000000,0.000000,0.000000,0.000000,0.000000
6.410000,0.000014,0.000000,0.000000,0.000000,0.000000,0.000000
5.340000,0.000010,0.000000,0.000000,0.000000,0.000000,0.000000
5.520000,0.000008,0.000000,0.000000,0.000000,0.000000,0.000000
5.700000,0.000005,0.000000,0.000000,0.000000,0.000000,0.000000
4.450000,0.000012,0.000000,0.000000,0.000000,0.000000,0.000000
4.450000,0.000006,0.000000,0.000000,0.000000,0.000000,0.000000
5.700000,0.000004,0.000000,0.000000,0.000000,0.000000,0.000000
5.880000,0.000017,0.000000,0.000000,0.000000,0.000000,0.000000
5.340000,0.000009,0.000000,0.000000,0.000000,0.000000,0.000000
5.340000,0.000002,0.000000,0.000000,0.000000,0.000000,0.000000
6.580000,0.000009,0.000000,0.000000,0.000000,0.000000,0.000000
5.520000,0.000026,0.000000,0.000000,0.000000,0.000000,0.000000
5.700000,0.000008,0.000000,0.000000,0.000000,0.000000,0.000000
4.810000,0.000012,0.000000,0.000000,0.000000,0.000000,0.000000
5.170000,0.000016,0.000000,0.000000,0.000000,0.000000,0.000000
5.340000,0.000016,0.000000,0.000000,0.000000,0.000000,0.000000
6.410000,0.000005,0.000000,0.000000,0.000000,0.000000,0.000000
5.520000,0.000012,0.000000,0.000000,0.000000,0.000000,0.000000
4.990000,0.000026,0.000000,0.000000,0.000000,0.000000,0.000000
6.050000,0.000002,0.000000,0.000000,0.000000,0.000000,0.000000
5.340000,0.000001,0.000000,0.000000,0.000000,0.000000,0.000000
4.270000,0.000017,0.000000,0.000000,0.000000,0.000000,0.000000
6.050000,0.000016,0.000000,0.000000,0.000000,0.000000,0.000000
5.160000,0.000012,0.000000,0.000000,0.000000,0.000000,0.000000
5.160000,0.000015,0.000000,0.000000,0.000000,0.000000,0.000000
5.520000,0.000022,0.000000,0.000000,0.000000,0.000000,0.000000
5.520000,0.000007,0.000000,0.000000,0.000000,0.000000,0.000000
5.700000,0.000019,0.000000,0.000000,0.000000,0.000000,0.000000
5.340000,0.000003,0.000000,0.000000,0.000000,0.000000,0.000000
6.410000,0.000014,0.000000,0.000000,0.000000,0.000000,0.000000
5.700000,0.000008,0.000000,0.000000,0.000000,0.000000,0.000000
4.980000,0.000016,0.000000,0.000000,0.000000,0.000000,0.000000
5.340000,0.000006,0.000000,0.000000,0.000000,0.000000,0.000000
