I0,I1,I2,I3,I4,I5,I6
4.680000,0.007416,0.003988,0.023005,0.000015,0.000000,0.000000
5.770000,0.014511,0.008224,0.013403,0.000010,0.000000,0.000000
5.300000,0.005138,-0.002591,0.017595,0.000004,0.000000,0.000000
3.900000,0.023668,0.010175,0.010528,0.000004,0.000000,0.000000
4.370000,0.012465,-0.002096,0.001998,0.000003,0.000000,0.000000
5.310000,0.008854,-0.006170,0.016620,0.000002,0.000000,0.000000
5.310000,0.014608,0.002846,0.008432,0.000007,0.000000,0.000000
4.530000,0.007603,0.011769,0.029536,0.000011,0.000000,0.000000
5.930000,0.008181,-0.007627,0.033825,0.000001,0.000000,0.000000
4.840000,0.013219,-0.001935,0.008286,0.000007,0.000000,0.000000
4.990000,0.039476,-0.002898,0.004874,0.000007,0.000000,0.000000
4.990000,0.012659,0.005216,0.009845,0.000010,0.000000,0.000000
4.840000,0.017218,0.000972,0.002096,0.000002,0.000000,0.000000
3.900000,0.025555,-0.012604,0.017010,0.000009,0.000000,0.000000
4.990000,0.179954,0.001466,0.037675,0.000007,0.000000,0.000000
4.840000,0.047152,-0.009869,0.007116,0.000016,0.000000,0.000000
4.990000,0.020577,0.003085,0.009553,0.000007,0.000000,0.000000
4.840000,0.026329,-0.008130,0.011600,0.000015,0.000000,0.000000
6.080000,0.010791,0.012758,0.021884,0.000012,0.000000,0.000000
4.990000,0.021760,0.002378,0.014134,0.000001,0.000000,0.000000
4.680000,0.010349,0.000989,0.010235,0.000008,0.000000,0.000000
5.460000,0.014892,-0.005045,0.009212,0.000022,0.000000,0.000000
4.520000,0.004882,0.004099,0.012526,0.000012,0.000000,0.000000
4.840000,0.003554,-0.000920,0.002193,0.000012,0.000000,0.000000
4.840000,0.008760,-0.001611,0.002388,0.000003,0.000000,0.000000
4.990000,0.025724,-0.001781,0.007847,0.000004,0.000000,0.000000
5.460000,0.021301,0.004235,0.004776,0.000007,0.000000,0.000000
4.530000,0.017348,0.002028,0.003802,0.000022,0.000000,0.000000
3.590000,0.008382,0.000784,0.001950,0.000003,0.000000,0.000000
5.460000,0.009777,-0.012204,0.033727,0.000010,0.000000,0.000000
5.300000,0.016424,0.000230,0.015304,0.000005,0.000000,0.000000
4.210000,0.033353,0.008837,0.007116,0.000013,0.000000,0.000000
4.990000,0.012596,-0.005071,0.005995,0.000007,0.000000,0.000000
5.460000,0.023387,0.019874,0.058389,0.000010,0.000000,0.000000
5.150000,0.011697,0.003017,0.015840,0.000023,0.000000,0.000000
4.840000,0.035957,0.001483,0.018375,0.000014,0.000000,0.000000
4.210000,0.011274,-0.002753,0.024223,0.000005,0.000000,0.000000
4.210000,0.011425,-0.005625,0.008383,0.000010,0.000000,0.000000
4.990000,0.005625,0.003221,0.036067,0.000005,0.000000,0.000000
4.210000,0.019300,0.006289,0.007555,0.000005,0.000000,0.000000
5.150000,0.006281,-0.001662,0.003168,0.000013,0.000000,0.000000
4.840000,0.069849,0.011667,0.016279,0.000003,0.000000,0.000000
4.680000,0.016461,0.002344,0.031290,0.000004,0.000000,0.000000
5.300000,0.007026,0.002778,0.015889,0.000010,0.000000,0.000000
4.370000,0.008653,-0.000375,0.005995,0.000018,0.000000,0.000000
4.990000,0.014274,-0.005855,0.009796,0.000003,0.000000,0.000000
4.370000,0.002486,-0.002531,0.007067,0.000033,0.000000,0.000000
4.840000,0.074445,0.009264,0.012526,0.000012,0.000000,0.000000
5.770000,0.009049,-0.001449,0.003022,0.000004,0.000000,0.000000
5.300000,0.032447,-0.001764,0.009991,0.000002,0.000000,0.000000
4.520000,0.020850,0.000767,0.007116,0.000014,0.000000,0.000000
4.520000,0.022155,0.002710,0.000975,0.000004,0.000000,0.000000
5.620000,0.004502,0.000349,0.012233,0.000013,0.000000,0.000000
4.990000,0.008728,-0.001892,0.009602,0.000024,0.000000,0.000000
4.680000,0.023092,-0.000026,0.009114,0.000012,0.000000,0.000000
4.990000,0.007731,0.013422,0.040794,0.000014,0.000000,0.000000
5.310000,0.014047,0.002327,0.012526,0.000015,0.000000,0.000000
5.300000,0.030121,-0.004900,0.013159,0.000015,0.000000,0.000000
5.620000,0.034174,0.002880,0.000975,0.000002,0.000000,0.000000
4.680000,0.006540,-0.000452,0.008676,0.000002,0.000000,0.000000
4.990000,0.023195,0.002275,0.004386,0.000006,0.000000,0.000000
4.520000,0.027786,-0.013201,0.009017,0.000014,0.000000,0.000000
4.520000,0.018159,0.007440,0.010966,0.000007,0.000000,0.000000
4.840000,0.017551,0.003025,0.004776,0.000002,0.000000,0.000000
5.150000,0.022998,-0.000562,0.003607,0.000017,0.000000,0.000000
4.840000,0.014147,-0.006835,0.028707,0.000014,0.000000,0.000000
5.460000,0.004269,-0.002693,0.012136,0.000014,0.000000,0.000000
5.310000,0.019521,-0.001423,0.007457,0.000017,0.000000,0.000000
4.370000,0.008911,0.001150,0.013696,0.000008,0.000000,0.000000
5.610000,0.015071,0.003451,0.013744,0.000011,0.000000,0.000000
4.680000,0.004956,0.004926,0.017741,0.000040,0.000000,0.000000
4.680000,0.002608,0.003724,0.036115,0.000014,0.000000,0.000000
5.300000,0.037983,0.008974,0.007896,0.000022,0.000000,0.000000
4.840000,0.015959,-0.010167,0.011356,0.000008,0.000000,0.000000
4.840000,0.017540,-0.009085,0.014134,0.000005,0.000000,0.000000
5.000000,0.009470,-0.006289,0.008676,0.000011,0.000000,0.000000
4.680000,0.008078,0.001841,0.004679,0.000002,0.000000,0.000000
5.460000,0.028554,-0.021510,0.018813,0.000010,0.000000,0.000000
5.300000,0.024013,0.003119,0.023151,0.000023,0.000000,0.000000
3.590000,0.001541,-0.000307,0.006482,0.000013,0.000000,0.000000
4.370000,0.005481,0.000051,0.017254,0.000002,0.000000,0.000000
5.930000,0.006612,-0.002676,0.002388,0.000011,0.000000,0.000000
5.460000,0.039938,0.002327,0.003607,0.000017,0.000000,0.000000
4.840000,0.023213,0.008531,0.009212,0.000011,0.000000,0.000000
5.300000,0.021705,0.002608,0.035189,0.000012,0.000000,0.000000
4.840000,0.009498,-0.005403,0.008237,0.000015,0.000000,0.000000
4.990000,0.026880,-0.008266,0.004338,0.000007,0.000000,0.000000
5.620000,0.029275,-0.006562,0.007506,0.000005,0.000000,0.000000
4.210000,0.147960,0.003613,0.011161,0.000020,0.000000,0.000000
4.680000,0.009927,-0.002233,0.017985,0.000018,0.000000,0.000000
5.460000,0.008579,0.010201,0.018472,0.000008,0.000000,0.000000
4.840000,0.038594,-0.015042,0.009017,0.000003,0.000000,0.000000
4.990000,0.003371,-0.000614,0.001560,0.000005,0.000000,0.000000
5.780000,0.003915,-0.002642,0.015109,0.000011,0.000000,0.000000
4.370000,0.008099,0.000937,0.009212,0.000010,0.000000,0.000000
4.210000,0.003059,0.004091,0.041038,0.000002,0.000000,0.000000
5.300000,0.021969,-0.011556,0.013501,0.000016,0.000000,0.000000
4.680000,0.024006,0.000222,0.002145,0.000014,0.000000,0.000000
4.060000,0.004092,-0.000119,0.001852,0.000006,0.000000,0.000000
5.150000,0.009111,0.005684,0.007262,0.000016,0.000000,0.000000
5.460000,0.015666,-0.004798,0.008091,0.000015,0.000000,0.000000
4.990000,0.014552,-0.001244,0.005166,0.000023,0.000000,0.000000
4.520000,0.030570,-0.000741,0.020958,0.000008,0.000000,0.000000
4.680000,0.025772,-0.005301,0.004776,0.000010,0.000000,0.000000
5.310000,0.008556,-0.003034,0.002973,0.000013,0.000000,0.000000
4.990000,0.002047,-0.001952,0.010625,0.000005,0.000000,0.000000
4.520000,0.011972,0.006843,0.006336,0.000047,0.000000,0.000000
3.740000,0.005187,-0.002557,0.028951,0.000006,0.000000,0.000000
4.990000,0.032739,0.007423,0.002973,0.000022,0.000000,0.000000
5.460000,0.017563,-0.007985,0.009212,0.000014,0.000000,0.000000
4.060000,0.009300,0.010397,0.026758,0.000011,0.000000,0.000000
4.680000,0.007913,-0.004755,0.003948,0.000018,0.000000,0.000000
4.840000,0.005744,0.002309,0.008481,0.000010,0.000000,0.000000
4.680000,0.012848,-0.008215,0.016669,0.000018,0.000000,0.000000
4.680000,0.073689,0.018749,0.011795,0.000015,0.000000,0.000000
4.210000,0.017276,-0.002275,0.004386,0.000001,0.000000,0.000000
4.370000,0.009026,-0.013874,0.028707,0.000015,0.000000,0.000000
4.520000,0.018159,0.008488,0.005849,0.000023,0.000000,0.000000
4.520000,0.018995,0.001398,0.000975,0.000011,0.000000,0.000000
5.930000,0.011681,0.001116,0.006092,0.000019,0.000000,0.000000
4.370000,0.007664,-0.007874,0.014183,0.000007,0.000000,0.000000
4.990000,0.008784,0.010746,0.017010,0.000011,0.000000,0.000000
4.830000,0.014330,-0.008991,0.010625,0.000005,0.000000,0.000000
5.620000,0.027552,-0.002693,0.009991,0.000001,0.000000,0.000000
4.990000,0.005996,0.002898,0.006775,0.000008,0.000000,0.000000
4.370000,0.004198,-0.000426,0.004338,0.000007,0.000000,0.000000
4.210000,0.018097,-0.008232,0.016669,0.000020,0.000000,0.000000
4.210000,0.023779,0.007568,0.006092,0.000006,0.000000,0.000000
4.990000,0.004779,0.006136,0.018569,0.000007,0.000000,0.000000
26.990000,0.022323,-0.120435,0.922430,2.198405,0.000000,0.000000
7.290000,0.030483,0.022652,0.060680,0.488986,-3.860211,77.443497
43.169998,0.064550,-0.194415,0.655585,5.694670,26.508099,159.032211
42.840000,0.016655,-0.044485,1.133518,4.199426,-0.853652,335.029205
15.320000,0.040108,-0.096811,0.323041,2.000041,0.988307,168.507050
19.360001,0.031136,0.065518,0.937344,1.427488,4.518062,48.393963
17.889999,0.045429,0.053391,0.180480,1.605055,7.496657,57.430134
11.520000,0.088695,0.021501,0.168880,0.754313,-1.224644,43.206936
16.980000,0.024675,0.018655,0.154989,1.481981,3.260599,13.718750
10.920000,0.010344,-0.014317,0.189496,0.487778,0.196295,27.865183
8.890000,0.019066,-0.001219,0.123894,0.659966,0.670123,2.072617
10.450000,0.012782,-0.007133,0.042939,0.736606,0.076702,0.021932
7.650000,0.069912,0.021493,0.104009,0.601920,0.193651,4.046538
12.470000,0.014308,-0.010499,0.038211,0.761433,-0.367107,0.438649
7.790000,0.002731,-0.002591,0.005069,0.496799,0.311441,0.438649
8.730000,0.006881,0.000784,0.000195,0.605613,-0.184966,0.701839
6.550000,0.019985,0.000690,0.000439,0.476258,0.166241,0.537345
9.040000,0.005789,-0.003400,0.021494,0.556429,-0.089359,0.175460
7.800000,0.018422,-0.002736,0.000439,0.463406,0.040340,0.219325
7.800000,0.003281,-0.000562,0.000439,0.536184,-0.027589,0.010966
6.870000,0.015990,0.000000,0.000000,0.444351,0.033402,0.219325
8.100000,0.036599,-0.011658,0.027537,0.475479,-0.028540,0.109662
8.420000,0.009201,0.020070,0.228780,0.414185,0.033790,0.142561
6.240000,0.005367,-0.002335,0.106738,0.366756,0.077493,0.043865
7.490000,0.006388,-0.002650,0.145290,0.356905,-0.063110,0.745703
6.700000,0.014731,-0.006161,0.129548,0.324276,-0.061833,0.274156
6.870000,0.004295,0.008718,0.578334,0.346912,-0.015543,0.438649
7.180000,0.005749,-0.002378,0.014914,0.310019,-0.071416,0.394784
6.700000,0.023094,-0.002292,0.002096,0.327532,-0.108268,0.274156
7.020000,0.012867,-0.001355,0.005361,0.280026,-0.045537,0.175460
7.170000,0.011379,-0.000665,0.004776,0.298168,-0.115230,0.394784
7.800000,0.001852,0.002275,0.002827,0.268137,0.030172,0.021932
6.550000,0.017790,-0.001619,0.000195,0.260141,0.000000,0.000000
5.460000,0.013877,-0.005198,0.003363,0.245035,-0.017487,0.043865
5.930000,0.020580,0.001739,0.000877,0.267116,0.022728,0.010966
7.020000,0.027682,0.000903,0.001657,0.224136,0.080814,0.043865
5.310000,0.003937,0.000605,0.002193,0.214946,0.000000,0.000000
5.000000,0.002564,-0.000034,0.000195,0.205613,0.038842,0.010966
5.610000,0.020927,-0.004858,0.017595,0.207368,0.000000,0.000000
4.520000,0.015870,-0.000810,0.014524,0.210868,0.000000,0.000000
7.030000,0.047296,0.035759,0.050103,0.208346,0.000000,0.000000
6.710000,0.014128,0.000000,0.000000,0.203280,0.000000,0.000000
4.680000,0.041105,-0.004610,0.003753,0.199053,0.078710,0.043865
6.240000,0.000240,-0.000034,0.000195,0.197891,0.000000,0.000000
6.080000,0.013724,0.002335,0.002973,0.207237,0.040683,0.010966
5.930000,0.016443,0.000051,0.000877,0.200945,0.000000,0.000000
6.240000,0.007953,-0.002454,0.003168,0.207069,0.040635,0.010966
5.620000,0.027987,0.008190,0.003802,0.213669,0.000000,0.000000
6.400000,0.002578,0.000162,0.002827,0.215907,0.000000,0.000000
5.770000,0.031348,0.003528,0.001755,0.225470,0.000000,0.000000
5.620000,0.022890,0.000000,0.000000,0.227995,0.000000,0.000000
6.870000,0.000246,-0.000034,0.000195,0.232308,0.000000,0.000000
6.090000,0.002131,0.000307,0.000439,0.232755,0.042992,0.010966
6.870000,0.016539,0.000000,0.000000,0.222505,0.000000,0.000000
5.930000,0.007644,0.000000,0.000000,0.230619,0.083982,0.043865
7.330000,0.050403,0.005369,0.001218,0.216437,0.000000,0.000000
6.860000,0.052387,0.000026,0.000439,0.219932,0.040294,0.010966
7.180000,0.007810,0.001193,0.001657,0.227622,0.000000,0.000000
5.150000,0.003892,0.000060,0.002388,0.231858,0.000000,0.000000
6.710000,0.032812,-0.005284,0.001218,0.240249,0.000000,0.000000
5.620000,0.031883,-0.002940,0.001218,0.243548,0.000000,0.000000
6.710000,0.006410,0.000000,0.000000,0.257583,0.000000,0.000000
7.180000,0.008832,0.001176,0.000195,0.258924,0.000000,0.000000
6.870000,0.014673,-0.000835,0.002388,0.264229,0.000000,0.000000
7.330000,0.009586,-0.000358,0.000439,0.275946,0.000000,0.000000
6.240000,0.013871,0.000307,0.000439,0.274490,0.000000,0.000000
8.270000,0.027306,-0.001227,0.000195,0.280592,0.000000,0.000000
6.880000,0.010209,0.000000,0.000000,0.281334,0.000000,0.000000
6.550000,0.000772,0.000239,0.000195,0.284342,0.000000,0.000000
7.330000,0.016625,0.000000,0.000000,0.287603,0.000000,0.000000
6.400000,0.010112,0.004235,0.002388,0.289036,0.000000,0.000000
6.870000,0.000496,0.000085,0.001218,0.293162,0.000000,0.000000
6.390000,0.009711,0.001432,0.000439,0.300730,0.000000,0.000000
7.950000,0.004400,-0.000597,0.001218,0.303939,0.000000,0.000000
6.090000,0.009695,0.000000,0.000000,0.314106,0.000000,0.000000
8.430000,0.016145,-0.004116,0.002388,0.309930,0.000000,0.000000
6.080000,0.012073,0.000153,0.003948,0.318717,0.000000,0.000000
5.310000,0.009574,-0.000954,0.000195,0.313276,0.000000,0.000000
7.800000,0.039110,0.007517,0.002388,0.320433,0.000000,0.000000
6.710000,0.019485,0.000000,0.000000,0.331100,0.000000,0.000000
7.020000,0.011073,0.000000,0.000000,0.329854,0.000000,0.000000
6.240000,0.006661,0.002386,0.001218,0.332150,0.000000,0.000000
5.460000,0.008781,-0.000954,0.000195,0.338293,0.000000,0.000000
6.710000,0.025898,0.000000,0.000000,0.341903,0.000000,0.000000
6.090000,0.003889,-0.000580,0.000634,0.346707,0.000000,0.000000
7.020000,0.012195,-0.001381,0.000877,0.346639,0.000000,0.000000
6.400000,0.027056,0.006562,0.002388,0.352288,0.000000,0.000000
5.920000,0.021949,-0.000954,0.000195,0.353400,0.000000,0.000000
6.240000,0.008786,-0.000903,0.000634,0.361225,0.000000,0.000000
7.490000,0.014751,-0.001534,0.000439,0.359125,0.000000,0.000000
7.020000,0.010088,0.003341,0.002388,0.360481,0.000000,0.000000
6.870000,0.002131,-0.000597,0.001218,0.353437,0.000000,0.000000
7.480000,0.024256,0.000000,0.000000,0.371559,0.000000,0.000000
6.700000,0.020155,-0.002096,0.000439,0.362186,0.000000,0.000000
7.330000,0.010441,0.001176,0.000195,0.375761,0.000000,0.000000
6.710000,0.014119,-0.005497,0.004143,0.378713,0.000000,0.000000
8.110000,0.006324,-0.000835,0.002388,0.383509,0.000000,0.000000
7.640000,0.007585,0.000307,0.000439,0.387643,0.000000,0.000000
6.390000,0.009272,-0.002940,0.001218,0.396787,0.000000,0.000000
7.650000,0.019585,-0.006801,0.004386,0.403013,0.000000,0.000000
6.240000,0.040069,0.000000,0.000000,0.403375,0.000000,0.000000
8.430000,0.002499,0.001398,0.001218,0.411546,0.000000,0.000000
7.960000,0.011618,0.000043,0.001218,0.414868,0.000000,0.000000
6.390000,0.196180,-0.008923,0.000439,0.422373,0.000000,0.000000
7.330000,0.000283,0.000000,0.000000,0.428076,0.000000,0.000000
7.170000,0.019735,-0.004116,0.002388,0.425952,0.000000,0.000000
6.550000,0.019607,0.003358,0.000975,0.435407,0.000000,0.000000
7.650000,0.012307,-0.004449,0.001657,0.435745,0.000000,0.000000
7.490000,0.005464,0.000043,0.001218,0.442078,0.000000,0.000000
6.710000,0.030358,0.003341,0.002388,0.447381,0.000000,0.000000
7.950000,0.030425,-0.000358,0.000439,0.451501,0.000000,0.000000
7.170000,0.038700,0.000000,0.000000,0.443808,0.000000,0.000000
8.430000,0.005813,-0.000597,0.001218,0.458312,0.000000,0.000000
8.110000,0.007311,-0.000954,0.000195,0.463670,0.000000,0.000000
7.180000,0.001900,0.000000,0.000000,0.463268,0.000000,0.000000
7.180000,0.003889,-0.000358,0.000439,0.472140,0.000000,0.000000
7.180000,0.015451,0.002898,0.000780,0.476818,0.000000,0.000000
7.180000,0.018114,0.002898,0.000780,0.482057,0.000000,0.000000
8.110000,0.009534,-0.004116,0.002388,0.486210,0.000000,0.000000
7.330000,0.009325,-0.000954,0.000195,0.494273,0.000000,0.000000
7.950000,0.024873,0.001432,0.000439,0.500309,0.000000,0.000000
7.490000,0.034806,0.001432,0.000439,0.502509,0.000000,0.000000
7.810000,0.005241,-0.002148,0.000975,0.507497,0.000000,0.000000
7.800000,0.002584,-0.000179,0.002583,0.509662,0.000000,0.000000
8.420000,0.003073,0.001747,0.001218,0.505435,0.000000,0.000000
7.650000,0.005409,-0.000358,0.000439,0.513460,0.000000,0.000000
7.170000,0.005853,-0.000358,0.000439,0.519148,0.000000,0.000000
8.270000,0.006993,-0.000597,0.001218,0.523980,0.000000,0.000000
7.640000,0.015733,-0.001006,0.004143,0.525877,0.000000,0.000000
7.800000,0.012691,-0.001074,0.003948,0.532933,0.000000,0.000000
7.960000,0.031683,0.001432,0.000439,0.527941,0.000000,0.000000
6.710000,0.043698,-0.002352,0.000780,0.537085,0.000000,0.000000
8.110000,0.007828,-0.001329,0.000780,0.537638,0.000000,0.000000
7.960000,0.007065,0.000051,0.000439,0.547570,0.000000,0.000000
8.270000,0.010589,-0.000017,0.000195,0.547102,0.000000,0.000000
8.580000,0.013444,0.001449,0.000195,0.549526,0.000000,0.000000
9.200000,0.016996,-0.001764,0.000439,0.562521,0.000000,0.000000
8.430000,0.021257,0.000699,0.000195,0.561378,0.000000,0.000000
8.900000,0.011644,0.001432,0.000439,0.565897,0.000000,0.000000
7.960000,0.019954,0.000366,0.000634,0.569299,0.000000,0.000000
7.800000,0.080045,0.010738,0.002388,0.570111,0.040249,0.010966
8.740000,0.199792,-0.008897,0.000439,0.578647,0.000000,0.000000
7.950000,0.002252,-0.000017,0.000390,0.574654,0.031091,0.010966
7.800000,0.010523,-0.000358,0.000439,0.591716,0.000000,0.000000
7.800000,0.002727,-0.000170,0.001413,0.594051,0.000000,0.000000
8.270000,0.000408,-0.002727,0.019496,0.600148,0.000000,0.000000
9.360000,0.017753,0.001773,0.003119,0.662043,0.000000,0.000000
10.920000,0.020640,0.008599,0.070769,0.932733,1.646663,4.781276
17.770000,0.021586,-0.006144,0.082369,1.265097,4.811218,19.234762
22.270000,0.009938,-0.029555,0.113854,1.140941,9.695882,86.424835
14.040000,0.018315,-0.052198,0.908540,0.616591,8.340576,139.874222
10.140000,0.009000,-0.010908,0.372949,0.453108,6.894090,106.032440
15.570000,0.010775,-0.003068,0.420031,1.253738,7.313499,50.729767
13.090000,0.023000,-0.024254,0.974240,0.547961,3.657434,65.358711
12.310000,0.005928,0.006093,0.215133,0.855078,2.060823,29.411419
13.880000,0.015834,0.012400,0.320214,0.945958,2.984722,13.038844
8.260000,0.029720,0.041460,0.364810,0.504287,2.297533,17.216976
9.980000,0.012796,-0.001014,0.019398,0.686004,0.994629,3.564023
9.830000,0.013904,-0.002062,0.006336,0.732061,0.866359,1.601069
8.270000,0.008871,0.001006,0.011307,0.666120,0.488447,1.853292
8.890000,0.022310,-0.005983,0.014524,0.684237,0.136180,0.098696
8.110000,0.006644,0.001773,0.013696,0.639033,0.245689,0.394784
9.200000,0.023526,0.004704,0.001950,0.624684,0.000000,0.000000
9.200000,0.016955,-0.002420,0.002827,0.581812,0.077088,0.043865
7.010000,0.008820,-0.000017,0.000195,0.536201,0.000000,0.000000
8.100000,0.006069,-0.002045,0.003022,0.462611,0.134937,0.054831
7.480000,0.029211,0.002148,0.000877,0.409431,0.047062,0.010966
6.080000,0.006370,-0.000366,0.001608,0.377861,0.131876,0.416717
13.700000,0.001726,0.000903,0.000829,0.653368,0.455051,1.129521
10.430000,0.008477,-0.000989,0.005751,0.779941,3.499044,19.508919
12.920000,0.007108,-0.002932,0.046984,1.182938,6.489526,53.098469
7.000000,0.013831,-0.039159,0.333471,0.792789,6.478264,93.289696
14.170000,0.009921,-0.008940,1.193808,0.481164,4.006552,73.144737
8.710000,0.019017,0.044502,0.816667,0.893935,5.029667,39.664845
6.400000,0.024995,-0.121841,1.931128,0.329982,2.052058,46.409073
9.680000,0.041322,0.272137,1.807868,0.353488,1.663939,15.791367
5.150000,0.009102,-0.031310,0.359302,0.416034,1.842991,10.220524
5.930000,0.025308,-0.142439,1.667305,0.174763,0.803224,4.781276
7.960000,0.006898,0.060993,0.682197,0.335464,0.669401,2.248077
6.390000,0.037625,-0.035145,1.593320,0.266079,0.553868,1.502373
6.080000,0.098200,-0.248343,1.944775,0.224063,0.353077,1.853292
5.460000,0.025888,0.056868,5.568893,0.197506,0.334102,0.668940
6.240000,0.034787,-0.012008,5.237178,0.188321,0.163266,0.274156
5.770000,0.195774,-0.180192,5.255747,0.079536,0.257576,0.932129
5.610000,0.064287,0.108265,2.194220,0.121546,0.092099,0.098696
5.460000,0.024940,-0.015706,2.592611,0.076184,0.140568,0.394784
5.930000,0.050157,0.296536,3.169093,0.085496,0.000000,0.000000
5.460000,0.059709,0.016218,0.467990,0.103395,0.184437,0.394784
5.780000,0.078540,0.007431,0.314024,0.092177,0.000000,0.000000
5.930000,0.012794,0.001048,0.346094,0.073787,0.000000,0.000000
5.620000,0.028856,-0.013107,0.208700,0.066925,0.047677,0.043865
5.150000,0.024411,-0.024910,0.085488,0.075242,0.000000,0.000000
5.780000,0.006810,0.027688,0.146070,0.070598,0.000000,0.000000
5.300000,0.004545,-0.012493,0.125064,0.069526,0.000000,0.000000
5.300000,0.015347,0.031455,0.426806,0.060604,0.000000,0.000000
4.210000,0.010805,-0.049616,0.311441,0.056140,0.000000,0.000000
5.150000,0.033002,-0.000136,0.056488,0.064051,0.000000,0.000000
5.150000,0.033076,0.006298,0.004825,0.065026,0.000000,0.000000
4.520000,0.042465,0.005037,0.001413,0.036840,0.000000,0.000000
5.460000,0.035168,-0.003920,0.003607,0.061582,0.141466,0.372852
6.080000,0.024608,0.004985,0.001072,0.150905,0.406486,1.370779
7.170000,0.026856,0.006724,0.011405,0.337187,0.983663,3.958808
8.110000,0.018851,0.001645,0.000634,0.371078,0.976901,3.739483
7.330000,0.019898,-0.004449,0.001657,0.527546,0.859804,1.820394
6.080000,0.003931,0.000145,0.001657,0.404967,0.689635,2.226144
7.800000,0.021002,-0.000494,0.000195,0.393074,0.042657,0.043865
7.330000,0.014874,0.000631,0.000390,0.217099,0.142371,0.142561
4.680000,0.010242,0.000341,0.000780,0.090421,-0.036011,0.043865
4.990000,0.045031,0.000000,0.000000,0.023672,0.068532,0.745703
3.900000,0.027105,0.004449,0.005702,0.029794,0.172143,2.072617
6.550000,0.043486,-0.032316,0.045132,0.094168,0.255770,0.734737
5.150000,0.061892,-0.098413,0.231071,0.088428,0.337252,1.765563
6.550000,0.018755,0.010627,0.860045,0.159886,0.045293,0.186426
6.080000,0.029387,-0.046514,1.596975,0.135846,0.051057,0.098696
5.770000,0.043860,0.002088,0.959472,0.152560,0.114088,0.252223
6.550000,0.018863,-0.030390,0.261874,0.179922,0.069762,0.098696
5.300000,0.023147,0.025404,0.331911,0.147769,0.000000,0.000000
5.150000,0.020260,-0.041699,0.167320,0.164606,0.000000,0.000000
6.550000,0.032942,0.000835,0.002534,0.162406,0.000000,0.000000
5.460000,0.003707,-0.004074,0.009602,0.164460,0.000000,0.000000
4.370000,0.030932,0.002122,0.013354,0.156129,-0.028098,0.010966
5.610000,0.002064,-0.002957,0.005361,0.146579,0.026007,0.010966
5.770000,0.031921,-0.009093,0.012623,0.150952,0.000000,0.000000
6.550000,0.014289,0.006068,0.005361,0.154382,0.000000,0.000000
7.170000,0.016151,0.001227,0.003655,0.154738,0.000000,0.000000
7.320000,0.005880,-0.005846,0.016912,0.154303,0.000000,0.000000
6.040000,0.017793,0.002872,0.069160,0.148122,0.000000,0.000000
8.870000,0.002675,0.016414,0.768611,0.151106,0.000000,0.000000
2.180000,0.019914,-0.141348,2.681851,0.132077,0.050816,0.098696
3.740000,0.027488,-0.104336,1.067428,0.113965,0.028095,0.043865
5.300000,0.106825,-0.130951,0.672254,0.118301,0.000000,0.000000
6.710000,0.012080,-0.038690,0.807261,0.118774,0.048375,0.098696
4.370000,0.002237,0.001560,0.454099,0.108148,0.000000,0.000000
4.520000,0.022194,0.062041,0.367052,0.110367,0.000000,0.000000
6.400000,0.040896,-0.086176,0.259534,0.108628,0.000000,0.000000
5.620000,0.002749,-0.000119,0.147094,0.105896,0.000000,0.000000
5.930000,0.027546,-0.158196,1.057583,0.097057,0.000000,0.000000
4.680000,0.006564,-0.035750,0.599780,0.090357,0.000000,0.000000
5.460000,0.034967,0.012161,1.797389,0.082873,0.000000,0.000000
4.990000,0.016239,-0.113890,1.234554,0.076386,0.000000,0.000000
4.840000,0.045058,0.108597,0.998414,0.066859,0.000000,0.000000
5.460000,0.000677,-0.005684,0.292140,0.068845,0.000000,0.000000
4.680000,0.020519,-0.066276,0.273278,0.068276,0.000000,0.000000
5.620000,0.030167,-0.042525,0.151334,0.066817,0.000000,0.000000
5.460000,0.026533,-0.004099,0.008481,0.064193,0.000000,0.000000
4.050000,0.010008,-0.002471,0.038894,0.065122,0.000000,0.000000
5.620000,0.026195,0.010303,0.016474,0.064110,0.000000,0.000000
5.460000,0.037988,0.006946,0.005605,0.064119,0.000000,0.000000
5.140000,0.010757,0.007874,0.046399,0.064205,0.000000,0.000000
4.520000,0.006600,-0.029120,0.228682,0.065891,0.000000,0.000000
7.180000,0.013621,0.013030,0.119995,0.066736,0.000000,0.000000
3.580000,0.005957,-0.013303,0.104350,0.064203,0.000000,0.000000
4.830000,0.017874,0.004423,0.035189,0.064099,0.000000,0.000000
6.860000,0.005636,-0.001423,0.022127,0.063735,0.000000,0.000000
7.790000,0.008675,-0.005335,0.137980,0.065806,0.000000,0.000000
10.270000,0.373346,-0.009920,0.175947,0.064246,0.000000,0.000000
3.400000,0.019625,-0.047357,0.341269,0.061748,0.000000,0.000000
10.420000,0.033279,-0.158580,1.489165,0.060237,0.012752,0.010966
2.340000,0.009090,-0.077739,1.633822,0.066125,0.000000,0.000000
3.270000,0.016426,0.047732,0.969756,0.064571,0.028616,0.043865
5.770000,0.006041,0.009477,0.558693,0.063505,0.000000,0.000000
5.300000,0.023158,0.066566,0.258608,0.063070,0.000000,0.000000
4.990000,0.370988,-0.019141,0.044255,0.061686,0.000000,0.000000
6.080000,0.031736,-0.187367,1.148578,0.057769,0.000000,0.000000
4.210000,0.002688,-0.020939,1.911779,0.058343,0.025312,0.043865
4.990000,0.005558,-0.076128,2.722841,0.055431,0.000000,0.000000
4.840000,0.016418,-0.163471,3.996142,0.040037,-0.004419,0.087730
6.390000,0.065692,-0.337356,5.756782,0.047324,0.000000,0.000000
5.460000,0.018166,-0.080108,3.442079,0.033119,0.000000,0.000000
5.150000,0.033526,0.105742,3.776622,0.031791,0.018583,0.098696
4.840000,0.030783,-0.022592,3.375551,0.034023,0.000000,0.000000
4.990000,0.034091,-0.004551,1.971972,0.036289,0.004659,0.043865
4.530000,0.033090,0.064956,1.387008,0.035944,0.000000,0.000000
3.900000,0.018986,0.043625,0.624588,0.032422,0.001737,0.021932
5.460000,0.002708,0.017172,0.485682,0.034816,0.000000,0.000000
4.990000,0.005373,0.026444,0.413451,0.036446,0.000000,0.000000
6.080000,0.009589,-0.014027,0.056488,0.034117,0.000000,0.000000
4.370000,0.096098,-0.060285,0.176776,0.033547,0.000000,0.000000
4.840000,0.027369,0.055794,0.306713,0.033588,0.000000,0.000000
5.930000,0.007339,-0.014309,0.156062,0.031293,0.000000,0.000000
4.840000,0.008209,0.021953,0.301498,0.029612,0.000000,0.000000
5.300000,0.015244,-0.018433,0.047082,0.028018,0.000000,0.000000
4.520000,0.029837,0.003358,0.115511,0.028360,0.000000,0.000000
6.400000,0.011070,-0.008539,0.272255,0.025901,0.000000,0.000000
6.240000,0.023130,-0.016848,0.254514,0.027928,0.000000,0.000000
6.240000,0.053869,-0.015970,0.024613,0.027149,0.000000,0.000000
4.680000,0.009516,-0.011650,0.170732,0.025863,0.000000,0.000000
6.080000,0.026381,0.023811,0.097770,0.026260,0.000000,0.000000
4.500000,0.010538,-0.039440,0.640135,0.026932,0.000000,0.000000
0.930000,0.010116,-0.060388,0.517703,0.026222,0.000000,0.000000
1.240000,0.024544,-0.112177,0.898792,0.024876,0.000000,0.000000
6.710000,0.011332,-0.099410,1.954133,0.024673,0.000000,0.000000
5.460000,0.037926,0.130013,2.118675,0.024791,0.000000,0.000000
6.080000,0.013599,0.057013,1.060361,0.025859,0.000000,0.000000
4.840000,0.009102,0.011505,0.118825,0.024011,0.000000,0.000000
6.390000,0.021158,-0.022405,0.044255,0.022468,0.000000,0.000000
5.610000,0.019337,-0.015732,0.026611,0.020996,0.007187,0.010966
5.150000,0.032982,0.008693,0.126233,0.021895,0.000000,0.000000
4.680000,0.089841,-0.209610,1.144094,0.023703,0.006086,0.010966
4.840000,0.005056,-0.067691,1.369170,0.021952,0.000000,0.000000
6.240000,0.083549,-0.266521,2.188420,0.028940,0.000000,0.000000
5.460000,0.022414,-0.134487,1.288556,0.023828,-0.012581,0.010966
6.710000,0.027688,0.080125,0.851320,0.023925,0.000000,0.000000
4.680000,0.029227,0.064956,0.829973,0.023405,0.000000,0.000000
3.900000,0.038293,0.034131,0.486316,0.023731,0.000000,0.000000
5.310000,0.046612,-0.003017,0.043475,0.025161,0.000000,0.000000
4.530000,0.023004,-0.003622,0.022907,0.024150,0.000000,0.000000
4.370000,0.012371,-0.009545,0.009309,0.024650,0.000000,0.000000
4.840000,0.009885,0.000060,0.003022,0.022242,0.000000,0.000000
4.840000,0.040407,-0.124909,0.500011,0.022941,0.000000,0.000000
4.530000,0.032450,-0.044741,0.129401,0.020952,0.000000,0.000000
5.300000,0.035879,0.016635,0.202802,0.019852,0.000000,0.000000
5.930000,0.008014,-0.004466,0.019203,0.019553,0.000000,0.000000
5.140000,0.018531,-0.025813,0.212062,0.019247,0.000000,0.000000
6.240000,0.007823,0.005164,0.107761,0.018942,0.000000,0.000000
2.490000,0.030296,0.001432,0.125112,0.020170,0.000000,0.000000
4.980000,0.011489,-0.003878,0.042159,0.020888,0.000000,0.000000
5.610000,0.008950,-0.007474,0.022469,0.021498,0.000000,0.000000
2.650000,0.072496,-0.055999,0.095772,0.021401,0.000000,0.000000
4.790000,0.001067,-0.000418,0.015450,0.022648,0.000000,0.000000
5.090000,0.024348,-0.114316,0.807845,0.024276,0.000000,0.000000
-1.860000,0.023077,0.066890,1.376091,0.025430,0.000000,0.000000
1.550000,0.008954,-0.045235,1.875907,0.026640,0.000000,0.000000
7.170000,0.008298,0.002599,0.323869,0.027189,0.000000,0.000000
6.390000,0.024220,0.031932,0.168587,0.026761,0.000000,0.000000
4.680000,0.004300,0.001866,0.067406,0.027529,0.000000,0.000000
2.490000,0.030905,-0.011939,0.004923,0.026278,0.000000,0.000000
5.140000,0.018173,-0.149103,1.283292,0.022808,0.000000,0.000000
5.930000,0.046733,-0.291150,2.471446,0.020053,0.000000,0.000000
5.310000,0.015022,0.090147,3.423071,0.019632,0.000000,0.000000
5.770000,0.020710,-0.264825,4.614100,0.021231,0.000000,0.000000
4.360000,0.025418,-0.253166,8.182560,0.018420,0.000000,0.000000
5.610000,0.017793,-0.177933,6.475923,0.018705,0.000000,0.000000
4.680000,0.058280,0.083125,8.479574,0.018698,0.000000,0.000000
3.590000,0.002317,0.069830,5.655892,0.018719,0.000000,0.000000
5.150000,0.043185,-0.042594,3.573040,0.019227,0.000000,0.000000
4.990000,0.020137,0.196989,3.813615,0.019176,0.000000,0.000000
5.610000,0.029181,0.020044,1.350601,0.017155,0.000000,0.000000
4.840000,0.032455,0.094365,0.793906,0.018495,0.000000,0.000000
4.060000,0.008664,-0.019430,0.585450,0.018410,0.000000,0.000000
5.460000,0.013441,0.028242,0.092506,0.018561,0.000000,0.000000
5.150000,0.004518,-0.001398,0.015889,0.018894,0.000000,0.000000
5.620000,0.010233,-0.030577,0.120580,0.018905,0.000084,0.010966
4.680000,0.002804,0.008931,0.140270,0.017685,0.000000,0.000000
4.210000,0.005603,-0.016840,0.100499,0.017402,0.000000,0.000000
5.460000,0.034864,0.013499,0.175752,0.035598,0.049730,0.087730
9.990000,0.014700,-0.040659,0.251785,0.260422,0.654898,1.677833
7.170000,0.042823,0.002548,0.210990,0.726138,3.548542,18.532925
29.549999,0.020696,0.017709,0.087242,1.654558,8.367553,44.413219
23.660000,0.045948,-0.062663,0.096746,1.595776,12.591137,136.222473
8.260000,0.005372,0.008573,0.020958,0.618743,8.480876,180.756332
25.700001,0.017110,-0.033995,0.167028,1.562299,12.318769,106.218872
14.480000,0.015751,0.004346,0.200853,1.021285,7.650271,165.721619
15.420000,0.008620,0.009443,0.045425,0.591058,4.528368,117.185097
19.799999,0.117561,-0.153722,1.019810,0.988207,8.944402,81.435204
18.690001,0.031713,0.026342,0.141050,1.673186,7.327389,48.448792
8.260000,0.019953,-0.030373,0.148848,0.754621,6.988018,96.086082
16.209999,0.016500,-0.012093,0.011649,1.075772,4.811728,77.739578
21.980000,0.018276,-0.029887,0.086853,1.114139,7.500870,84.023224
29.770000,0.022250,-0.012528,0.136566,0.721318,-1.083683,79.406448
18.070000,0.012828,-0.002361,0.081394,1.531772,-0.090299,19.399256
5.620000,0.022294,-0.040778,0.235603,0.713353,1.163155,17.480165
6.860000,0.014457,0.012434,0.053759,0.297542,0.280563,1.085656
6.550000,0.019723,0.026955,0.037383,0.531917,-0.167478,0.570244
10.760000,0.009088,-0.004329,0.026270,0.302417,-0.106862,0.131595
6.390000,0.000764,-0.000136,0.003704,0.257742,-0.348070,3.476294
6.230000,0.020000,0.004585,0.006336,0.554863,0.006272,2.215178
6.860000,0.008444,0.005642,0.004581,0.729220,1.297246,5.241857
7.950000,0.002673,-0.004875,0.045425,0.747473,3.899931,22.272408
13.400000,0.019495,-0.011786,0.017254,0.811054,3.883184,21.033224
16.690001,0.005421,0.004474,0.039089,0.708032,5.012184,48.108841
11.380000,0.036520,0.007951,0.002973,0.906669,4.097179,75.107681
13.260000,0.014754,-0.001398,0.002534,0.789326,6.338183,69.163994
14.960000,0.014707,0.000878,0.002096,1.134025,7.513816,96.250580
7.790000,0.012252,0.001474,0.005020,0.608455,7.525992,117.141243
26.790001,0.022095,0.005761,0.006385,1.286188,5.027898,96.875656
15.740000,0.021061,-0.000170,0.003168,1.243724,8.108191,126.363831
21.350000,0.025055,-0.023760,0.051614,0.941167,4.896745,75.655998
15.290000,0.023611,0.078830,0.348823,1.357519,8.659415,64.810394
6.080000,0.075014,0.013934,0.103619,1.131847,-1.380624,57.638493
22.270000,0.008096,0.015382,0.059608,1.720990,1.221280,4.386491
11.690000,0.001933,0.002608,0.032411,0.544945,0.178556,42.559925
9.820000,0.028069,-0.071415,0.269282,0.611658,0.109740,4.803208
5.610000,0.027277,-0.000034,0.032460,0.590617,1.289591,17.260841
8.420000,0.003251,-0.003034,0.018180,0.304724,0.094264,3.882045
6.710000,0.025497,-0.003281,0.003460,0.649152,0.645546,7.193846
10.290000,0.013116,-0.015630,0.027586,0.338167,0.119967,0.350919
6.860000,0.004090,-0.003383,0.012380,0.595300,0.811205,2.368705
9.210000,0.022696,-0.001773,0.006336,0.395916,0.082425,0.043865
6.550000,0.022195,0.004218,0.007896,0.445134,0.256662,0.274156
5.460000,0.022967,-0.005446,0.002632,0.351995,0.057615,0.054831
7.960000,0.020464,0.001210,0.000195,0.416943,0.314190,0.493480
8.110000,0.001301,0.000085,0.000195,0.427959,-0.155249,0.274156
7.020000,0.007959,0.002642,0.001218,0.357976,0.210383,0.438649
7.950000,0.013596,-0.000273,0.003997,0.469544,-0.193581,0.274156
6.710000,0.014779,-0.001457,0.000439,0.361926,0.000000,0.000000
7.960000,0.009425,-0.002753,0.001218,0.416902,-0.093124,0.098696
7.330000,0.006501,-0.000213,0.001657,0.397127,0.090091,0.054831
8.420000,0.020263,-0.001048,0.001657,0.433348,-0.033124,0.010966
9.210000,0.006637,0.001730,0.001852,0.385369,-0.027247,0.010966
5.930000,0.006840,-0.000102,0.000439,0.414332,0.097102,0.054831
6.710000,0.025102,0.001917,0.002193,0.423756,0.000000,0.000000
8.890000,0.024478,-0.000443,0.001218,0.422997,0.000000,0.000000
6.550000,0.001164,-0.000469,0.001657,0.424518,0.000000,0.000000
9.040000,0.016825,-0.004747,0.002827,0.427760,0.000000,0.000000
5.140000,0.015350,-0.007116,0.005166,0.437308,0.000000,0.000000
5.300000,0.012280,-0.028941,0.174387,0.432535,0.000000,0.000000
6.530000,0.006482,-0.028353,0.200901,0.406416,0.060816,0.043865
15.780000,0.009647,0.066515,0.613378,0.401980,0.058405,0.043865
6.480000,0.040813,-0.161511,0.829632,0.383425,0.142590,0.142561
9.310000,0.025220,-0.145055,1.567976,0.306067,0.261615,0.361886
6.380000,0.084522,-0.521417,5.313649,0.258635,0.145176,0.197392
5.600000,0.015835,-0.173527,4.271954,0.203085,0.173293,0.383818
4.520000,0.105092,0.052812,4.621558,0.140344,0.183844,0.471548
5.460000,0.018278,-0.010789,3.007427,0.169196,0.078925,0.087730
5.460000,0.033940,0.159048,1.466258,0.141328,0.101811,0.197392
4.210000,0.016849,0.103058,1.156376,0.142542,0.051136,0.098696
4.210000,0.040849,0.059817,0.208797,0.125976,0.074151,0.142561
6.080000,0.016698,-0.019047,0.197343,0.129610,0.000000,0.000000
7.640000,0.071058,-0.204838,0.624783,0.132964,0.000000,0.000000
6.860000,0.010036,-0.073043,1.467281,0.125247,0.000000,0.000000
3.900000,0.494578,0.425986,2.308610,0.115485,0.000000,0.000000
4.520000,0.029209,-0.060635,2.880170,0.107342,0.000000,0.000000
4.520000,0.010191,-0.162568,4.037277,0.093512,0.000000,0.000000
4.530000,0.037326,0.304981,5.023750,0.087083,0.011743,0.010966
5.930000,0.011221,-0.211911,4.725371,0.084460,0.000000,0.000000
5.140000,0.009005,0.005071,3.101785,0.079676,0.007195,0.010966
4.370000,0.045675,0.156585,1.864649,0.079433,0.000000,0.000000
5.770000,0.044313,0.162585,0.641549,0.076306,0.000000,0.000000
4.370000,0.036201,-0.053885,0.352138,0.077618,0.000000,0.000000
4.680000,0.007430,0.009357,0.354575,0.076246,0.000000,0.000000
6.080000,0.013898,-0.034327,0.103814,0.073097,0.000000,0.000000
5.150000,0.022623,-0.043326,0.137492,0.072889,0.000000,0.000000
5.150000,0.022908,-0.015314,0.626878,0.070758,0.000000,0.000000
5.300000,0.019251,-0.050766,0.176093,0.068477,0.000000,0.000000
4.520000,0.036031,0.072046,0.243450,0.069791,0.000000,0.000000
5.620000,0.021513,-0.031549,0.187206,0.068942,0.000000,0.000000
4.680000,0.009064,-0.033509,0.664943,0.065276,0.000000,0.000000
6.550000,0.042553,-0.018169,0.088997,0.066698,0.000000,0.000000
5.460000,0.021829,-0.006750,0.015304,0.063136,0.000000,0.000000
5.460000,0.002603,0.004636,0.331326,0.061100,0.000000,0.000000
6.240000,0.012101,0.011607,0.063799,0.089085,0.000000,0.000000
9.830000,0.012919,-0.005514,0.009114,0.404458,0.474722,0.668940
17.770000,0.018075,-0.000494,0.003460,1.137189,3.271305,10.253423
31.290001,0.002624,-0.003741,0.027927,1.807266,9.896692,58.943470
33.750000,0.014180,0.013985,0.083100,2.260408,14.138489,148.011169
16.820000,0.011937,-0.010968,0.656706,0.911099,5.090590,270.756165
21.180000,0.005284,0.028319,1.050565,1.403946,8.828618,97.193665
13.560000,0.039683,-0.003861,0.001218,0.723965,6.772741,96.228638
28.000000,0.067414,-0.286505,1.538147,2.204971,15.494478,116.691628
11.380000,0.023279,-0.074603,1.808112,1.792664,-4.774661,111.131744
15.590000,0.010400,-0.010994,0.328061,1.690097,3.732768,26.198315
17.309999,0.003926,0.022592,0.188960,0.901200,2.112210,39.544216
6.390000,0.015244,0.004909,0.152114,0.572179,2.296715,17.425335
11.540000,0.040016,0.018203,0.166053,0.677902,0.756601,3.224071
9.670000,0.023542,-0.040753,0.087096,0.779090,1.865190,7.917616
8.110000,0.010464,-0.006460,0.029243,0.680277,0.387238,0.932129
8.260000,0.028569,-0.000026,0.024321,0.748283,0.195980,0.175460
7.480000,0.019339,0.015791,0.013696,0.577045,0.000000,0.000000
7.020000,0.005727,-0.003929,0.007457,0.626544,0.280156,0.274156
8.740000,0.000896,-0.001014,0.010186,0.395584,0.222709,0.581210
6.710000,0.004520,0.006315,0.013111,0.354539,0.240111,0.274156
5.620000,0.019109,0.005812,0.013111,0.183948,0.202817,1.074690
4.990000,0.007918,-0.006093,0.018813,0.178043,0.334167,1.699765
10.290000,0.018664,0.010823,0.010674,0.566795,2.453737,16.383545
38.480000,0.013083,-0.013090,0.058097,2.036709,10.354258,66.729492
12.940000,0.086756,-0.244082,0.713682,0.990554,11.419459,241.048615
17.440001,0.025611,0.116182,1.619005,1.091214,9.664179,173.540558
33.730000,0.006685,-0.085937,2.277758,2.619504,19.299847,169.910721
16.040001,0.022832,-0.092806,0.712171,0.880957,11.875190,307.240784
35.599998,0.051476,0.040241,0.632093,1.603508,13.185638,198.346146
18.690001,0.071728,0.008931,0.109224,1.008802,14.447463,225.849426
9.040000,0.036719,-0.047954,0.234385,0.250005,0.116751,168.452209
15.260000,0.042878,0.034642,0.097673,2.220693,8.055348,53.394562
6.700000,0.017412,-0.036960,0.091336,0.502090,2.737900,58.504818
9.980000,0.008526,-0.023240,0.102059,1.230379,3.806733,31.988485
10.140000,0.010571,0.020334,0.081979,0.612028,1.984559,7.796988
7.950000,0.020961,0.017402,0.164445,0.874803,2.102136,10.187625
6.240000,0.007829,-0.000469,0.004338,0.310644,0.739159,3.213105
8.110000,0.019088,-0.001406,0.075545,0.890920,0.529046,0.625075
4.840000,0.017847,0.000861,0.008481,0.332638,0.788554,3.794315
8.430000,0.073425,0.004295,0.004776,0.775396,1.390862,4.386491
6.870000,0.012177,0.003187,0.006677,0.387583,1.306907,16.679630
6.700000,0.040285,-0.004815,0.020860,0.392216,1.261303,14.212230
7.950000,0.012340,0.003937,0.002632,0.387369,-0.961807,9.321293
7.180000,0.013193,0.005437,0.007555,0.305584,-0.571180,4.836106
12.950000,0.031318,-0.029273,0.063458,0.528257,-1.647099,8.093076
8.580000,0.006732,-0.021433,0.071110,0.385387,-0.996535,4.386491
6.230000,0.008348,0.004397,0.067113,0.996352,2.766837,9.869605
12.020000,0.024220,-0.030680,0.266406,0.443558,0.346076,6.853892
7.480000,0.004275,-0.006059,0.179651,0.564442,0.651831,9.277428
16.070000,0.297934,0.016891,0.052735,1.079706,1.141517,5.855966
10.140000,0.038676,0.013593,0.014134,0.742480,3.594770,28.095474
15.110000,0.013849,-0.005531,0.005507,1.415455,3.372976,26.198318
10.130000,0.016779,0.002582,0.029389,1.055821,6.152353,59.415020
10.440000,0.450204,0.020053,0.162300,0.655247,3.719826,48.097874
10.290000,0.013040,-0.001304,0.005313,1.106786,4.440271,26.954987
8.110000,0.018016,-0.031395,0.133544,0.799577,1.984539,24.345024
7.350000,0.006579,-0.020922,0.136712,0.440986,0.583054,13.740684
15.420000,0.028746,0.005965,0.060729,0.959641,0.097469,3.092476
13.250000,0.017296,-0.005983,0.014865,1.276847,3.072709,28.490255
23.190001,0.007674,-0.036969,0.211283,1.729799,3.389272,21.658298
30.950001,0.019850,-0.043906,0.824904,3.172967,14.660760,124.543434
18.700001,0.019899,0.035077,0.425002,0.253417,6.088947,181.271744
56.529999,0.014259,-0.027169,0.493139,3.617712,17.479113,88.804504
15.720000,0.011243,-0.013652,0.828608,2.000572,8.772776,452.784485
32.180000,0.010189,0.067231,1.500472,1.253327,8.365812,205.660645
48.980000,0.483629,-0.082537,0.210990,4.823641,30.864525,290.133453
10.290000,0.014897,-0.013098,0.040843,1.388635,-12.244749,633.880798
82.440002,0.010394,0.007099,0.260704,4.566788,18.890774,128.502243
18.070000,0.016168,-0.008028,0.227659,1.198080,-5.849310,576.461670
18.379999,0.006501,0.054081,0.999828,0.442018,4.601904,111.186584
12.760000,0.023060,-0.059050,0.258803,3.202979,8.737796,83.365250
15.260000,0.021115,-0.020266,0.498062,2.812332,-7.332750,68.341530
46.790001,0.055441,-0.119003,0.320311,3.891007,-12.068562,66.071526
27.260000,0.019754,-0.045670,0.644571,1.848111,-6.668985,59.919468
14.490000,0.092731,-0.142762,0.317290,1.254083,-5.247491,56.179981
12.300000,0.023080,0.044264,0.323869,0.561156,0.481650,48.054008
8.730000,0.002106,0.010704,0.069599,0.342170,1.214439,13.609088
7.010000,0.002612,0.007448,0.102790,1.564522,1.306809,1.951989
11.530000,0.004603,-0.013567,0.219422,1.633479,-1.386045,10.637239
25.680000,0.009862,-0.010491,0.135348,2.299751,-6.781400,45.487911
16.490000,0.006907,-0.026700,0.261142,1.922916,-9.279761,96.886620
47.570000,0.017698,-0.087190,0.552649,2.307265,-3.942262,39.094601
20.230000,0.014497,0.022601,0.036115,1.882784,6.859423,217.975708
31.549999,0.159387,-0.205204,0.312464,3.779702,-15.362099,124.718895
8.260000,0.014761,0.005804,0.432362,0.846968,10.451231,179.560989
37.310001,0.018206,-0.050315,0.223565,2.817750,10.184818,265.020813
46.029999,0.044671,-0.164630,0.640428,3.721334,1.236222,325.554382
19.000000,0.018319,-0.260632,4.244514,1.908179,-13.087407,369.726349
29.530001,0.046483,0.120443,0.958838,2.569103,5.933629,47.988213
42.250000,0.037943,-0.033884,0.145144,2.573906,15.547089,216.232071
15.260000,0.004616,0.016959,0.145875,1.100354,-1.053425,185.745941
43.209999,0.022390,0.020129,0.064969,5.332292,23.852627,123.753876
8.730000,0.012745,-0.023155,0.201145,1.342083,-1.804410,410.290375
14.800000,0.005473,-0.009400,0.144803,1.713108,-2.504687,58.932503
25.510000,0.016636,0.012971,0.072377,2.092113,13.296382,108.225693
12.920000,0.021560,-0.061913,0.273132,1.404749,7.911062,169.548843
10.430000,0.023092,-0.060720,0.256074,2.476466,-1.438318,119.773125
21.639999,0.049807,-0.042909,0.282198,1.912751,0.839809,92.138245
10.130000,0.013073,0.006349,0.081345,1.144680,1.252620,41.079483
10.750000,0.010513,0.022302,0.128768,0.902644,2.758021,63.318993
19.950001,0.016715,0.003741,0.266601,0.892658,0.749926,10.286322
6.710000,0.019215,-0.008846,0.413597,0.406842,0.995209,5.537944
9.050000,0.012043,0.007542,0.014329,0.635598,0.284646,1.337880
4.840000,0.002317,0.003451,0.078811,0.517609,0.829554,3.388564
9.510000,0.010671,0.003878,0.058438,0.538469,-0.772181,1.973921
6.550000,0.015339,-0.019703,0.083295,0.484520,0.258823,3.991707
7.480000,0.006221,0.001483,0.012233,0.574746,-0.084502,0.712805
7.180000,0.004642,0.001525,0.011600,0.712051,0.203704,2.423536
7.800000,0.030704,0.011530,0.023053,0.409908,-0.909695,3.037645
6.700000,0.016399,0.003647,0.003997,0.668855,-0.498182,2.741557
10.920000,0.022805,-0.003665,0.002583,0.564098,-1.179230,3.728518
8.730000,0.003462,0.001892,0.001755,0.691224,-1.234529,5.976593
12.780000,0.029756,-0.004559,0.002583,0.772077,-2.191417,9.222597
14.490000,0.010474,0.007423,0.032119,0.701836,-2.355077,13.905177
10.130000,0.041963,0.012902,0.018033,1.436847,-4.797250,20.846798
13.880000,0.024803,-0.017470,0.012916,0.849959,-2.672509,20.133995
25.840000,0.029165,-0.019277,0.061313,1.299190,-2.034917,13.444594
8.420000,0.005111,-0.005855,0.054344,0.683506,-0.715727,34.236561
23.360001,0.010474,-0.005940,0.029000,1.512507,1.431778,13.916142
9.190000,0.004610,-0.000332,0.111953,0.904430,5.523028,43.404327
13.870000,0.016339,-0.053596,0.529254,0.689122,3.895107,32.306503
19.020000,0.020085,0.075813,0.323479,1.566585,7.661182,42.658627
8.110000,0.071856,0.064870,0.148751,0.626841,4.114637,50.663971
29.420000,0.018005,-0.063353,0.299792,2.157943,2.528640,36.440773
9.040000,0.014964,0.029836,0.120628,0.742898,1.454180,53.328758
14.170000,0.020006,0.014607,0.036895,1.181676,2.068272,34.850670
27.549999,0.009958,-0.035418,0.196271,0.545702,0.871059,38.579185
15.890000,0.017934,-0.008923,0.154112,1.841735,3.634193,66.893990
47.380001,0.027645,0.042065,0.157036,2.830687,16.334267,151.399734
18.219999,0.016738,-0.001364,0.138077,0.883810,10.829241,227.351807
13.070000,0.009318,-0.029896,0.123065,1.210466,11.796318,187.401855
25.040001,0.016180,0.051201,0.295893,1.247731,14.367380,173.803741
24.889999,0.008039,0.044895,0.413451,1.282449,12.686529,205.265854
20.870001,0.015244,-0.065654,0.378115,0.840430,13.032306,223.689102
10.450000,0.051144,-0.201122,1.041938,0.553666,5.989399,175.393829
14.950000,0.010072,0.027134,0.531204,1.907252,9.422321,79.176155
7.330000,0.012971,-0.006664,0.520579,0.624968,5.559264,93.717377
16.990000,0.016919,0.038955,0.592176,0.758563,1.893167,9.694145
11.060000,0.018995,-0.014002,0.060387,1.817201,5.260363,18.883844
7.960000,0.012848,-0.006596,0.068039,0.438000,0.500672,11.021058
13.870000,0.011237,0.008676,0.014524,1.539582,1.707247,2.796388
5.300000,0.009567,-0.005369,0.466138,0.291080,0.607899,9.606416
18.719999,0.006959,0.026419,0.249396,1.133772,-0.197350,0.416717
6.390000,0.009665,0.008735,0.289070,0.334950,0.285604,7.511866
13.400000,0.021093,-0.032222,0.059120,0.777152,-0.609348,0.800535
6.700000,0.006951,-0.000426,0.021932,0.345209,0.157324,5.329586
7.480000,0.031725,-0.019865,0.016230,0.775968,-1.125674,2.906050
8.580000,0.012472,-0.001713,0.001316,0.441133,-0.704054,7.413170
7.950000,0.012507,0.001312,0.000634,0.923104,-1.844449,6.316547
8.890000,0.007309,0.000989,0.004923,0.475399,-0.856420,8.696218
15.600000,0.059263,0.001108,0.004143,0.937545,-2.044405,7.413170
5.460000,0.000989,-0.002846,0.016864,0.440632,0.146907,0.098696
11.530000,0.005497,0.000827,0.001413,0.972750,0.207370,1.283049
9.040000,0.008436,-0.004372,0.004386,0.882041,4.037346,28.896008
14.640000,0.019841,-0.001935,0.005507,1.414110,6.237864,34.148834
25.219999,0.004461,0.006392,0.036798,1.473571,11.280271,98.520576
27.980000,0.006363,0.007857,0.015304,1.541083,14.782446,185.680145
5.920000,0.023521,-0.033049,0.131497,1.250572,5.034064,416.058655
15.910000,0.055350,-0.357247,2.457312,1.391341,-3.556634,168.561874
22.260000,0.005275,-0.043974,1.637867,1.611281,6.751392,56.169018
27.530001,0.008449,0.010729,0.889142,2.695089,27.914154,342.771332
7.800000,0.232497,-0.336999,0.507712,0.206116,-5.339756,431.466248
21.910000,0.075558,-0.390722,2.302518,1.904546,13.193172,173.540543
7.480000,0.035545,0.090104,0.516875,0.421786,9.596090,281.481110
7.480000,0.009283,0.046735,1.542339,0.289686,-1.104847,224.336121
39.480000,0.084034,0.029802,0.093481,1.921169,13.146583,98.707001
7.950000,0.011930,-0.013303,0.076325,0.470023,7.732047,293.829102
11.980000,0.074431,-0.493712,3.302832,3.156703,-7.154759,47.461830
17.920000,0.191858,0.002710,0.390105,0.292316,5.443545,167.969696
16.030001,0.008510,-0.000665,0.004045,1.501849,21.029573,317.263916
5.140000,0.013323,-0.064572,0.471109,0.569074,1.528188,425.029022
24.610001,0.030605,-0.268984,3.297276,0.628972,6.328957,98.005173
10.760000,0.047618,0.142745,0.673814,0.608589,4.195905,79.538048
9.510000,0.014757,0.039398,0.123845,0.236169,1.661071,31.911720
14.650000,0.022776,-0.046940,0.131887,1.312983,1.626217,2.193246
5.620000,0.014703,0.017206,0.068868,0.535882,1.937695,29.411419
13.560000,0.005724,-0.003477,0.007457,0.720528,-1.003307,4.178133
19.780001,0.027113,0.003997,0.010820,1.171085,-0.110330,10.659174
14.340000,0.010841,-0.002633,0.002583,0.805806,-2.421467,8.751049
17.940001,0.016528,-0.003272,0.084123,0.804090,1.651975,9.233563
5.460000,0.009947,-0.012664,0.177897,0.525752,-0.978935,3.662720
5.460000,0.020020,0.010363,0.038309,0.444322,1.396443,5.801134
8.110000,0.024743,-0.013448,0.024028,0.089522,-0.256148,3.355666
4.680000,0.038229,-0.006477,0.071451,0.518592,1.529718,5.581810
6.240000,0.010034,-0.017726,0.049957,0.086000,0.111149,0.449615
5.610000,0.024118,-0.009545,0.009455,0.571148,0.260219,0.175460
4.990000,0.013722,-0.001969,0.002388,0.272391,-0.401412,1.425610
8.730000,0.023879,-0.003375,0.007018,1.139976,-1.211604,1.370779
9.200000,0.373097,-0.002915,0.015791,0.490306,-2.390543,14.256095
20.889999,0.002988,0.002625,0.005897,1.280639,-4.716004,19.344423
4.990000,0.026864,-0.011232,0.091336,0.768798,0.000000,0.000000
7.960000,0.031428,-0.006340,0.028074,0.162245,-0.626174,12.676957
13.260000,0.003733,-0.007312,0.031242,0.141667,-0.437905,21.230618
13.560000,0.006840,-0.011334,0.040599,0.239514,-1.530177,23.204536
6.080000,0.007869,0.001636,0.001755,0.226839,1.252590,17.545965
6.540000,0.010033,-0.010431,0.063165,0.455975,1.355518,5.801134
5.300000,0.018471,-0.003409,0.012477,1.691144,-0.522131,0.175460
13.090000,0.014266,-0.002122,0.067942,1.906894,-5.567001,17.545965
33.779999,0.027511,-0.021680,0.028074,2.378758,-9.560822,40.805332
19.940001,0.049338,0.013891,0.004728,1.672029,-9.063343,53.734512
28.190001,0.014685,0.012655,0.127208,1.985856,-10.083362,55.280750
18.070000,0.030826,-0.001909,0.006239,0.228728,-2.536330,77.377693
16.040001,0.016484,0.026504,0.054295,0.179300,1.209195,53.734512
5.450000,0.011542,-0.022652,0.395223,1.420794,2.717298,5.801134
19.120001,0.011200,-0.025481,0.200073,3.894197,-10.328951,28.523155
45.980000,0.006299,-0.021254,0.360472,5.356005,-18.161032,63.340923
44.580002,0.090371,-0.253772,0.901911,4.155623,-24.509016,150.116684
23.490000,0.013670,0.017445,0.025783,3.783963,-26.136646,188.191406
49.470001,0.006691,0.013738,0.281710,0.396091,-5.589468,130.289749
6.080000,0.019234,-0.021569,0.134178,0.475714,3.293788,34.390091
10.750000,0.039549,-0.093650,0.600511,3.102995,-0.539006,0.098696
8.260000,0.040814,-0.107336,0.956499,0.762518,0.000000,0.000000
11.680000,0.018886,-0.002736,0.001413,1.330479,-8.032402,55.280750
29.420000,0.003299,0.006988,0.107859,0.791251,-6.641060,70.183861
21.000000,0.002134,0.011675,0.079201,0.466467,-5.978737,118.610718
11.370000,0.013483,-0.016840,0.070379,0.342973,2.974574,49.227390
5.920000,0.013651,-0.002898,0.280053,1.982300,1.972327,2.149381
13.540000,0.077005,-0.235210,0.798975,4.830897,-9.955241,21.230618
45.910000,0.045982,-0.179459,1.039111,4.647517,-28.800247,185.329239
30.930000,0.090303,-0.160250,0.395223,3.459119,-17.662767,94.846901
23.950001,0.095315,0.086789,0.096113,1.619637,-15.759105,171.347305
35.340000,0.016776,0.013388,0.083148,0.182820,0.706078,86.863480
5.610000,0.031482,0.094238,0.458583,1.698826,2.974642,5.801134
10.430000,0.080802,-0.064206,0.413744,4.410128,-7.969563,15.012765
43.799999,0.010677,-0.070759,0.498403,4.561024,-21.059246,101.064758
26.910000,0.050728,-0.103961,0.274936,3.928959,-25.560564,174.099808
38.889999,0.017092,0.006255,0.007262,1.582190,-12.647343,114.092621
20.400000,0.026505,-0.029938,0.170635,0.282219,2.626272,68.440224
3.740000,0.006494,0.014147,0.123065,1.881369,2.183503,2.807354
26.730000,0.014392,0.040906,0.701839,5.138409,-12.126027,29.652679
38.490002,0.024016,-0.055539,0.862140,4.676629,-28.393211,179.670670
38.240002,0.046487,-0.083610,0.181552,4.128550,-22.246582,125.552322
41.840000,0.062372,0.074926,0.097478,1.390304,-15.507867,199.859497
11.840000,0.020076,0.041256,0.144511,0.248741,1.727499,53.734512
7.480000,0.018892,-0.026938,0.579065,2.404516,1.868971,1.579137
19.459999,0.018795,-0.034753,0.569708,4.586884,-10.362015,24.224394
43.310001,0.064148,-0.161443,0.798536,4.884194,-26.826908,150.215378
50.330002,0.089273,-0.101447,0.122627,3.718410,-23.888155,158.352341
13.560000,0.016935,0.009494,0.008237,1.986663,-15.914248,140.729584
21.670000,0.008799,0.005318,0.267089,0.139643,0.878092,30.014563
9.190000,0.015225,-0.063123,0.487826,2.567575,5.432485,12.337006
11.840000,0.018033,-0.099351,0.749602,2.251197,-8.818091,44.303555
56.610001,0.045711,-0.180805,0.901473,3.787771,-11.305073,46.902554
37.950001,0.061511,-0.010942,0.003265,2.704180,-16.980827,123.062996
20.250000,0.004281,0.018851,0.094553,1.922107,-7.192993,37.065849
12.780000,0.013463,0.010116,0.067162,0.164306,1.275857,55.993557
4.830000,0.037684,-0.042926,0.181796,0.969762,1.176031,1.601069
9.200000,0.013889,-0.014462,0.144218,1.287271,-3.979988,12.479567
20.260000,0.014159,0.003221,0.006336,1.258503,-3.712945,12.326039
10.140000,0.006241,-0.007159,0.036164,0.792867,-5.955075,55.719398
16.680000,0.004673,-0.004636,0.014086,0.748889,-1.671709,10.056030
7.020000,0.072102,0.008965,0.003899,0.167020,0.402865,30.464182
5.770000,0.033620,-0.003486,0.015450,0.226218,0.471485,1.962955
7.020000,0.013354,-0.004772,0.005654,0.612540,0.101845,0.910197
6.390000,0.015976,-0.004679,0.014914,1.096632,-1.240512,3.125375
11.530000,0.007260,-0.000665,0.003412,0.885689,-2.541776,34.368156
28.639999,0.014892,-0.008258,0.011746,1.650144,-0.028035,12.698891
35.980000,0.009526,-0.018638,0.070281,3.898098,4.008307,74.109764
13.880000,0.069736,-0.009102,0.036993,0.249983,0.704093,394.334534
14.010000,0.009137,-0.044485,0.397416,1.703770,7.210818,261.588379
13.710000,0.156052,0.376558,0.939489,1.072347,-1.453521,146.563629
48.500000,0.021042,0.017573,0.199829,1.821005,12.989570,94.912689
7.010000,0.093387,-0.004346,0.006531,0.498734,8.329530,429.404572
9.040000,0.010863,0.061683,1.374677,0.250779,4.814987,265.448486
16.370001,0.012085,-0.119412,1.349869,1.597098,13.428343,229.731476
10.600000,0.055771,0.056902,0.448104,0.508924,5.297845,216.418472
3.900000,0.004068,0.007491,0.378847,0.435133,6.847582,245.128082
26.440001,0.074184,-0.396312,2.989150,3.905147,4.076352,18.554853
6.860000,0.269598,-0.011138,0.002193,0.323695,5.285432,318.349579
24.299999,0.065000,-0.326985,1.846177,0.598137,3.266319,142.319687
14.170000,0.024880,0.124636,0.837040,2.096309,10.218540,87.324066
11.690000,0.031833,0.068271,0.213963,0.704132,-5.538791,128.239044
24.610001,0.005771,-0.018663,0.065895,1.793646,2.498823,8.696218
4.680000,0.002100,0.001176,0.009212,0.114376,1.527323,53.142334
10.920000,0.031023,-0.010832,0.032460,0.818210,-0.021938,0.109662
6.390000,0.006415,0.009119,0.028317,1.066160,2.281144,13.345899
4.370000,0.013383,-0.000119,0.015060,0.172957,-0.123339,0.274156
11.530000,0.007159,-0.007738,0.122919,0.963294,0.771145,5.812101
11.220000,0.011207,0.009357,0.053271,0.698443,1.600277,12.293140
26.309999,0.002421,0.013678,0.089923,2.188768,4.778262,45.235691
22.740000,0.009835,-0.013380,0.044304,1.705183,15.012869,157.869797
13.720000,0.011156,-0.041435,0.158109,1.105937,7.631330,271.644440
13.250000,0.032358,-0.147262,1.074203,0.608675,6.644818,136.200546
23.350000,0.027403,0.085213,0.399171,2.376608,7.769994,84.867630
11.230000,0.035413,0.070299,0.173949,0.500285,6.102174,135.071014
24.610001,0.025602,-0.000784,0.018667,1.587459,3.940284,107.096176
13.390000,0.008593,0.028114,0.102059,0.922950,4.183139,39.971901
12.460000,0.014274,-0.025251,0.228292,1.179080,1.833048,47.714050
14.810000,0.004952,0.014752,0.129548,0.735434,0.549876,5.548911
6.860000,0.007322,-0.015382,0.181991,1.689903,5.194617,23.621252
10.140000,0.005415,-0.010883,0.037919,0.273203,2.644039,36.725895
22.709999,0.009899,-0.007039,0.006921,2.387462,8.257081,48.580387
4.990000,0.011399,-0.009562,0.019106,0.277659,0.476570,239.118591
14.350000,0.000456,-0.001687,0.031388,0.715490,-0.732454,115.869156
15.560000,0.012954,0.005914,0.004971,0.763300,1.521419,13.532325
20.080000,0.019661,-0.018178,0.111222,1.489256,8.678227,121.132950
11.380000,0.017388,0.022217,0.033873,0.401821,2.725275,186.535522
27.690001,0.018923,0.009255,0.022225,2.735494,6.720400,58.888641
11.060000,0.003779,0.005573,0.276349,0.752995,3.091620,190.735596
16.830000,0.004604,0.002923,0.446788,0.704352,0.280770,44.226795
18.240000,0.023304,0.135450,0.862579,1.537148,3.482930,28.588951
10.440000,0.038588,-0.027765,0.052540,0.823945,-1.655785,48.328163
10.600000,0.039451,-0.013542,0.025588,1.084629,0.259145,14.486386
11.060000,0.018409,-0.017206,0.028805,0.739615,-0.627969,28.742481
15.120000,0.014643,-0.004005,0.017497,0.598820,-0.024746,14.804405
11.380000,0.014476,-0.006877,0.009504,0.995688,1.624874,24.027002
8.110000,0.057295,-0.008803,0.003607,0.581836,0.849652,32.306503
18.510000,0.005525,0.000000,0.000000,2.690691,2.152924,3.717551
18.379999,0.009844,-0.000571,0.001072,2.070170,-1.022502,135.421951
40.880001,0.006905,0.018144,0.152747,2.783631,4.896246,62.386864
15.550000,0.028715,-0.209559,2.238280,2.810733,4.117937,272.773926
12.620000,0.008045,-0.022422,1.027462,0.282338,0.724568,227.954956
38.369999,0.080027,0.179058,0.454148,2.376658,5.580996,18.883842
18.700001,0.066170,-0.078139,0.109224,0.960102,6.670766,146.695221
22.120001,0.012289,-0.091954,1.379210,1.377081,2.468389,113.588188
14.640000,0.015680,0.029521,0.259485,1.402356,4.747510,70.940514
12.160000,0.013275,-0.009323,0.339612,0.417741,2.658957,52.133442
16.350000,0.006780,-0.008514,0.201437,1.328671,2.730050,17.249876
9.980000,0.020258,0.013439,0.083733,0.840632,0.349454,17.227943
15.270000,0.037175,-0.003630,0.007993,1.282463,-0.605189,4.671613
9.980000,0.064407,-0.021587,0.028415,0.662993,-0.006595,19.223797
14.340000,0.006248,-0.002565,0.049665,0.899433,-1.341812,7.139014
10.450000,0.011040,0.002812,0.039186,0.669147,-0.334945,6.853892
10.130000,0.009812,-0.003196,0.002193,0.698488,-1.220966,5.055430
7.650000,0.006504,-0.000903,0.014524,0.669413,0.709866,10.406949
8.410000,0.016502,-0.005804,0.030657,0.646583,-0.855473,3.553057
9.660000,0.133842,0.002403,0.002632,0.588584,0.299134,9.266462
12.160000,0.023310,-0.004253,0.014086,0.441712,-0.793965,7.950515
6.390000,0.030681,-0.009033,0.014475,0.623197,0.944766,7.555730
8.270000,0.055736,-0.014240,0.059900,0.341620,0.039864,5.680506
6.230000,0.002727,0.006724,0.034020,0.465133,0.678811,1.984887
9.990000,0.011586,-0.014096,0.031729,0.211096,0.825029,37.482567
68.459999,0.010690,-0.006596,0.004923,3.272094,7.101428,43.393364
20.080000,0.179510,-0.313810,0.916533,1.136157,21.204126,459.331360
48.860001,0.029637,-0.206883,1.570412,1.899939,15.279089,291.471344
31.840000,0.010845,-0.032018,2.318455,2.532380,33.316109,564.651001
6.080000,0.038825,-0.169190,1.479173,0.418848,-0.846746,646.327454
68.870003,0.025734,-0.014070,1.035456,4.941939,17.091579,174.165619
26.930000,0.030568,0.075779,0.462482,2.701820,-19.282734,497.669281
24.559999,0.048408,-0.100893,1.140829,0.719345,-1.842542,68.944672
19.299999,0.025961,-0.010815,0.210990,1.971881,6.245837,55.412346
8.570000,0.064689,0.059689,0.109857,0.975446,0.610077,27.240108
14.340000,0.006840,0.016183,0.240818,1.184120,0.527756,3.542091
9.520000,0.015017,-0.021706,0.104057,0.539893,0.283813,11.744829
8.420000,0.016586,0.009332,0.060680,0.738030,-0.062099,3.607888
8.890000,0.015400,0.012366,0.031242,0.633404,0.482530,1.239184
8.110000,0.002326,-0.001253,0.012965,0.572006,0.616363,2.752523
7.490000,0.003138,-0.001449,0.021006,0.655699,-0.500179,2.028752
7.950000,0.004032,0.002497,0.014914,0.474075,0.044972,2.160347
11.060000,0.000854,0.001150,0.012965,0.717125,-0.870938,2.906050
6.860000,0.015710,-0.004295,0.003022,0.516713,-0.107586,4.430356
17.160000,0.014335,0.001346,0.003022,1.123308,-1.184713,3.651753
8.410000,0.016426,0.006119,0.007555,0.844447,0.429661,10.066997
13.230000,0.004764,-0.002096,0.012185,1.253210,-0.377747,6.360412
12.020000,0.007537,0.011641,0.022761,0.754871,0.752959,14.486384
13.080000,0.009868,-0.021800,0.072718,1.097396,-0.713575,8.180806
14.030000,0.016658,-0.008710,0.014329,0.942122,0.568170,14.256094
18.830000,0.013718,-0.017112,0.067503,1.838191,2.423542,14.113535
37.310001,0.017913,0.061615,0.530960,2.363621,9.967115,61.454735
29.870001,0.029573,-0.055002,0.421542,1.654995,16.783617,234.260544
37.900002,0.010648,0.026623,1.548139,2.590790,24.215973,246.827850
25.680000,0.005499,-0.018817,1.707807,1.288991,14.716917,430.698608
49.279999,0.031041,0.095149,1.053489,2.610148,21.954010,401.550323
13.240000,0.019731,0.028660,1.252343,0.945734,18.377531,468.575897
13.720000,0.028715,0.061530,0.403557,0.535965,-1.337075,320.586670
45.450001,0.017078,-0.050834,0.153673,4.289292,14.503449,90.208176
5.300000,0.003605,-0.031983,0.379821,0.289097,-6.094347,270.240723
44.610001,0.205308,-0.396074,0.791567,1.845726,1.600206,6.755196
7.630000,0.005350,0.041750,0.424515,1.682029,10.873920,93.903801
8.580000,0.009893,0.003196,0.065018,0.912548,-4.816775,57.583660
36.369999,0.003451,-0.002258,0.013306,3.242314,-2.472775,7.347373
13.570000,0.003788,-0.007508,0.026806,0.714987,-3.618365,63.713783
21.790001,0.012551,0.001696,0.025685,1.706040,-4.998101,22.009216
10.120000,0.003153,-0.004193,0.081540,0.618511,-1.601802,47.571495
19.799999,0.034216,-0.050459,0.175947,0.919941,-3.936110,37.230339
11.700000,0.006887,0.004176,0.020080,0.619225,0.095745,29.071466
6.700000,0.020336,-0.015698,0.014768,1.608782,-1.808768,16.032623
10.750000,0.013779,-0.004397,0.182039,2.254779,-1.709953,6.075290
16.030001,0.019453,0.028293,0.072621,1.878772,-7.496809,39.599049
24.420000,0.019540,0.011394,0.016474,2.314119,-10.019384,47.757919
29.709999,0.024112,-0.010388,0.005361,1.778577,-9.923671,62.518459
19.920000,0.005558,-0.001142,0.001413,1.468893,-8.052999,53.515182
16.520000,0.007133,-0.003068,0.043865,0.366721,0.585619,59.075062
30.180000,0.009957,0.012911,0.067162,1.939089,0.191951,13.104642
14.480000,0.005499,0.009408,0.166784,4.295970,3.651211,43.919739
24.250000,0.068468,-0.213462,0.667819,5.870296,-12.570656,86.359047
55.910000,0.013469,-0.081795,0.497623,5.255181,-5.811694,100.735764
29.240000,0.050019,-0.095260,0.202656,2.988791,-9.058416,230.224976
32.639999,0.082041,-0.034395,0.065700,2.298417,7.192305,90.745529
10.760000,0.011371,-0.030893,0.427195,0.565883,10.116441,188.761658
12.460000,0.015137,-0.040361,0.284781,1.657622,4.367142,72.267441
23.330000,0.001019,0.002540,0.136371,2.929373,6.909467,92.193069
16.650000,0.255977,0.050008,0.195053,1.479509,-3.209383,117.985634
34.509998,0.001471,-0.010542,0.131107,2.577970,0.014044,42.439297
21.030001,0.078526,-0.038017,0.117119,1.118321,0.792986,90.208183
9.650000,0.004633,0.021604,0.132277,1.040397,0.347783,32.657425
19.780001,0.277217,0.022882,0.011064,1.181463,3.529658,17.271809
7.950000,0.019047,-0.000281,0.469208,0.467039,2.327117,24.520485
13.550000,0.023891,-0.008420,0.003753,1.636837,2.693352,7.029352
9.820000,0.004837,-0.025234,0.193444,1.005846,4.626869,31.473070
17.910000,0.004175,0.000426,0.001218,1.813214,0.679942,6.908723
24.160000,0.023054,0.001747,0.000829,2.215968,5.800956,35.760868
13.230000,0.018895,-0.001091,0.021494,1.097542,3.583225,58.044243
18.510000,0.013387,-0.015493,0.045766,2.318070,7.094835,38.820442
9.190000,0.004604,0.002096,0.013891,0.502757,5.520129,147.682190
45.230000,0.016697,0.003196,0.042988,1.713483,4.740266,13.795514
16.340000,0.006934,-0.003980,0.024857,1.312777,9.440055,77.969879
18.690001,0.004438,-0.019396,0.270793,0.562828,5.121644,60.029129
17.889999,0.018404,0.001773,0.121798,2.450781,9.980564,61.794689
9.670000,0.004958,0.001730,0.008870,0.423401,6.617183,122.054092
31.600000,0.003776,-0.004142,0.006336,1.376768,7.046507,48.580383
18.379999,0.004897,0.001099,0.178676,1.800863,11.535311,111.822609
13.400000,0.013627,-0.060294,0.313001,0.311471,2.591413,81.643562
30.469999,0.028616,-0.084198,0.372121,3.239459,6.565942,22.206608
8.100000,0.013418,-0.086090,0.610258,0.423015,0.595155,125.223343
29.730000,0.011055,0.057388,0.833238,1.481290,2.200451,10.922362
9.970000,0.055434,0.035699,0.045863,1.394784,6.489861,47.703087
9.660000,0.023250,-0.014096,0.027976,0.460114,1.471941,20.506845
16.350000,0.015168,0.005991,0.017254,1.572613,3.600989,9.573517
13.710000,0.003442,-0.005718,0.042208,1.053123,0.350689,33.074142
22.410000,0.016913,0.010082,0.082417,1.884618,0.232809,10.538544
11.690000,0.022544,-0.005855,0.032801,0.720350,0.609820,66.718521
21.340000,0.032888,-0.040719,0.264310,0.821551,4.748569,34.159798
39.139999,0.038579,-0.073554,0.252906,2.239778,17.167496,147.353195
8.410000,0.098071,-0.306958,1.021029,2.043463,-2.073454,288.466614
19.750000,0.027150,0.061496,0.622979,1.348943,14.215624,177.674805
22.879999,0.035158,0.025779,0.200901,1.616218,17.307747,247.014282
12.930000,0.022803,-0.008343,0.140806,0.749138,9.284150,236.398956
38.580002,0.008056,-0.004397,0.010820,1.626791,14.683367,144.830963
16.030001,0.037949,-0.020649,0.137102,1.215125,2.347197,258.397217
12.450000,0.014135,0.003613,0.820956,1.220355,7.922190,95.844818
13.570000,0.013396,0.031617,0.388887,0.392601,4.142447,49.545414
12.930000,0.012621,-0.005923,0.005361,1.365102,3.119932,13.565224
14.340000,0.138655,-0.038384,0.021737,0.827455,0.536988,32.405201
11.540000,0.008593,-0.017036,0.083879,0.840167,0.045590,8.652354
7.480000,0.006303,-0.007312,0.043572,0.701624,0.658523,9.266462
9.660000,0.009586,0.004227,0.031388,0.371929,0.020204,4.474221
7.170000,0.030717,0.010192,0.003558,0.754660,0.258550,3.454362
8.110000,0.004406,0.009076,0.035969,0.395178,-0.107692,2.906050
9.360000,0.027069,-0.037634,0.135786,0.498533,0.392936,0.800535
7.180000,0.021179,-0.008445,0.067357,0.445207,0.188173,1.096623
7.320000,0.004002,0.001943,0.038114,0.541904,0.061454,0.372852
6.860000,0.014882,-0.017973,0.165371,0.418174,0.119762,0.537345
6.080000,0.050615,0.005037,0.000829,0.548637,-0.026170,0.087730
8.730000,0.013831,-0.005216,0.016571,0.395094,0.013582,0.010966
7.640000,0.001942,0.001116,0.016035,0.542053,0.129162,0.098696
6.400000,0.012659,-0.003000,0.008676,0.403358,-0.057895,0.098696
7.630000,0.020854,0.001824,0.002096,0.472454,0.309728,0.888264
6.550000,0.010410,0.004397,0.006190,0.428025,-0.179109,0.537345
6.860000,0.037478,-0.008616,0.007896,0.486486,0.441997,1.579137
7.800000,0.017996,-0.008377,0.011210,0.430625,0.000000,0.000000
7.950000,0.021416,-0.000895,0.001413,0.435028,0.087436,0.098696
8.110000,0.006229,-0.002616,0.002096,0.425640,0.000000,0.000000
7.020000,0.026347,-0.000102,0.001316,0.426416,0.000000,0.000000
6.700000,0.025001,-0.004670,0.002096,0.423487,0.000000,0.000000
9.200000,0.011863,-0.001219,0.002827,0.421448,0.000000,0.000000
7.020000,0.003968,-0.001219,0.008237,0.427003,0.000000,0.000000
7.330000,0.008091,-0.000281,0.002193,0.422603,0.000000,0.000000
7.480000,0.134644,-0.005974,0.006531,0.423324,0.000000,0.000000
5.920000,0.014578,-0.000358,0.000195,0.428160,0.000000,0.000000
7.800000,0.001147,-0.001389,0.006092,0.424647,0.000000,0.000000
7.950000,0.002655,-0.000145,0.003607,0.427807,0.000000,0.000000
7.330000,0.056355,-0.007184,0.003607,0.426318,0.000000,0.000000
7.490000,0.002000,0.004091,0.010625,0.426212,0.000000,0.000000
6.080000,0.019157,-0.002710,0.002632,0.428128,0.000000,0.000000
6.240000,0.019890,0.001534,0.000877,0.425585,0.000000,0.000000
6.710000,0.001916,0.001057,0.003558,0.427524,0.000000,0.000000
6.700000,0.002028,0.000307,0.000439,0.433252,0.000000,0.000000
8.420000,0.006668,-0.000358,0.006141,0.430044,0.000000,0.000000
6.860000,0.007446,0.002591,0.000975,0.426477,0.000000,0.000000
7.010000,0.015609,0.000997,0.000439,0.429177,0.000000,0.000000
7.800000,0.004746,0.000375,0.000780,0.431113,0.000000,0.000000
5.920000,0.001147,-0.001057,0.014524,0.433760,0.000000,0.000000
8.730000,0.001113,-0.000187,0.000195,0.428169,0.000000,0.000000
7.640000,0.005119,-0.000886,0.001657,0.430001,0.000000,0.000000
6.700000,0.015177,0.001389,0.002827,0.432753,0.000000,0.000000
8.420000,0.017838,0.000307,0.000439,0.436068,0.000000,0.000000
6.240000,0.004761,0.000562,0.003314,0.434431,0.000000,0.000000
6.550000,0.015821,-0.001841,0.000877,0.432193,0.000000,0.000000
8.420000,0.013043,-0.008514,0.008334,0.432333,0.000000,0.000000
7.480000,0.013392,-0.000119,0.002827,0.435215,0.000000,0.000000
7.320000,0.009845,-0.001849,0.002583,0.434935,0.000000,0.000000
6.700000,0.008665,0.000869,0.000975,0.434715,0.000000,0.000000
6.550000,0.017591,0.005062,0.002193,0.434273,0.000000,0.000000
9.190000,0.022611,0.001006,0.000634,0.436584,0.000000,0.000000
8.110000,0.017354,-0.001415,0.000390,0.433421,0.000000,0.000000
6.240000,0.018489,0.000017,0.003412,0.436362,0.000000,0.000000
8.260000,0.029865,0.007048,0.003607,0.438958,0.000000,0.000000
6.080000,0.002365,-0.000528,0.000195,0.438170,0.000000,0.000000
8.100000,0.005753,-0.001994,0.001218,0.437334,0.000000,0.000000
8.430000,0.010955,-0.002915,0.002827,0.440995,0.000000,0.000000
5.460000,0.001147,-0.001048,0.004143,0.439792,0.000000,0.000000
8.580000,0.007543,-0.000528,0.000975,0.441160,0.000000,0.000000
6.240000,0.014150,0.003051,0.003265,0.444850,0.000000,0.000000
6.240000,0.019617,-0.007090,0.003119,0.448577,0.000000,0.000000
8.110000,0.016855,-0.000119,0.000390,0.449585,0.000000,0.000000
6.860000,0.058089,-0.001261,0.001560,0.456320,0.000000,0.000000
9.200000,0.008932,-0.000281,0.000439,0.450647,0.000000,0.000000
6.550000,0.001113,0.001406,0.005507,0.452949,0.000000,0.000000
6.860000,0.016031,-0.002301,0.000390,0.456326,0.000000,0.000000
8.580000,0.019410,-0.000205,0.003948,0.456632,0.000000,0.000000
6.710000,0.009006,0.004466,0.007555,0.458115,0.000000,0.000000
8.110000,0.005311,-0.000972,0.000439,0.466689,0.000000,0.000000
8.730000,0.020935,0.007295,0.006336,0.463419,0.000000,0.000000
6.240000,0.008376,0.006434,0.012185,0.461126,0.000000,0.000000
7.640000,0.003527,0.000562,0.001755,0.467749,0.000000,0.000000
8.420000,0.008938,0.001449,0.002096,0.462009,0.000000,0.000000
6.860000,0.021999,0.003613,0.003119,0.472043,0.000000,0.000000
9.360000,0.011465,-0.002071,0.002973,0.468409,0.000000,0.000000
7.630000,0.013538,0.005846,0.003753,0.469504,0.000000,0.000000
6.240000,0.007227,-0.002650,0.007116,0.473668,0.000000,0.000000
8.110000,0.005487,-0.000307,0.002193,0.471459,0.000000,0.000000
7.170000,0.009134,-0.000724,0.000634,0.477157,0.000000,0.000000
8.420000,0.001147,0.000307,0.000439,0.474946,0.000000,0.000000
8.410000,0.032341,-0.001278,0.002876,0.482360,0.000000,0.000000
5.930000,0.023879,0.003230,0.002096,0.479235,0.000000,0.000000
7.790000,0.051035,-0.003724,0.001072,0.485337,0.000000,0.000000
8.890000,0.006141,0.003895,0.003314,0.477482,0.000000,0.000000
7.320000,0.003923,0.000187,0.000195,0.482973,0.000000,0.000000
7.800000,0.011535,0.001696,0.005605,0.484415,0.000000,0.000000
6.700000,0.011967,0.003042,0.004386,0.484502,0.000000,0.000000
7.480000,0.017516,0.000281,0.000439,0.487469,0.000000,0.000000
8.890000,0.021757,0.006485,0.002827,0.489225,0.000000,0.000000
6.400000,0.002186,0.000741,0.000439,0.488109,0.000000,0.000000
8.580000,0.007614,0.000648,0.000195,0.497162,0.000000,0.000000
7.650000,0.012890,-0.003221,0.001755,0.493100,0.000000,0.000000
6.860000,0.030653,0.004057,0.004776,0.489540,0.000000,0.000000
8.420000,0.003202,0.000869,0.001072,0.497009,0.000000,0.000000
7.170000,0.014551,-0.000801,0.000829,0.499047,0.000000,0.000000
8.880000,0.031410,-0.000639,0.000829,0.500940,0.000000,0.000000
8.110000,0.009516,-0.002148,0.000780,0.504765,0.000000,0.000000
6.230000,0.012304,-0.002471,0.001218,0.502709,0.000000,0.000000
8.730000,0.072996,0.002778,0.002437,0.504607,0.000000,0.000000
6.860000,0.004365,0.001747,0.002437,0.504075,0.000000,0.000000
7.950000,0.017709,0.002642,0.001218,0.510592,0.000000,0.000000
8.890000,0.001743,0.001824,0.002096,0.507066,0.000000,0.000000
6.700000,0.006980,0.001133,0.001218,0.508792,0.000000,0.000000
7.170000,0.306275,-0.011582,0.000439,0.509210,0.000000,0.000000
7.800000,0.017944,-0.001415,0.000390,0.513557,0.000000,0.000000
6.390000,0.021538,-0.005718,0.001657,0.513481,0.000000,0.000000
8.730000,0.040081,0.005181,0.002096,0.514867,0.000000,0.000000
7.950000,0.017154,-0.005931,0.002632,0.514930,0.000000,0.000000
6.700000,0.003888,0.001858,0.002534,0.517644,0.000000,0.000000
8.110000,0.011571,-0.000724,0.002437,0.516954,0.000000,0.000000
6.860000,0.011612,0.002122,0.000877,0.516547,0.000000,0.000000
8.580000,0.018588,0.000648,0.001852,0.526232,0.000000,0.000000
8.260000,0.024775,-0.008505,0.007749,0.517879,0.000000,0.000000
7.170000,0.005119,0.000801,0.000195,0.526332,0.000000,0.000000
8.270000,0.086787,-0.011369,0.001657,0.525876,0.000000,0.000000
6.700000,0.002642,-0.001892,0.003168,0.532946,0.000000,0.000000
7.330000,0.017364,0.008335,0.005166,0.524812,0.000000,0.000000
9.200000,0.006297,-0.001466,0.002096,0.528944,0.000000,0.000000
7.330000,0.009462,0.000980,0.000634,0.531575,0.000000,0.000000
8.580000,0.014439,0.005897,0.002876,0.533702,0.000000,0.000000
7.330000,0.003201,-0.000469,0.001218,0.538809,0.000000,0.000000
6.870000,0.026897,-0.000844,0.003948,0.534772,0.000000,0.000000
8.730000,0.017437,0.003809,0.002827,0.536700,0.000000,0.000000
8.730000,0.001147,0.000375,0.002096,0.543752,0.000000,0.000000
7.630000,0.010589,0.001031,0.001072,0.543426,0.000000,0.000000
8.880000,0.058657,-0.004014,0.002193,0.544778,0.000000,0.000000
7.630000,0.002281,-0.001551,0.002827,0.547840,0.000000,0.000000
7.480000,0.013992,0.000000,0.000000,0.545606,0.000000,0.000000
8.740000,0.037941,0.001790,0.000439,0.550923,0.000000,0.000000
7.480000,0.012031,0.000997,0.002291,0.541387,0.000000,0.000000
8.890000,0.011736,-0.000673,0.000634,0.554586,0.000000,0.000000
7.960000,0.012532,0.000937,0.001218,0.545134,0.000000,0.000000
7.800000,0.008872,0.000537,0.000439,0.552180,0.000000,0.000000
8.580000,0.016454,-0.004116,0.003607,0.550155,0.000000,0.000000
7.640000,0.019453,-0.000452,0.001218,0.554628,0.000000,0.000000
9.040000,0.007865,0.000920,0.003948,0.559781,0.000000,0.000000
8.580000,0.012495,0.000562,0.000439,0.558381,0.000000,0.000000
7.790000,0.007634,-0.001185,0.001998,0.555741,0.000000,0.000000
8.420000,0.010137,-0.000256,0.000390,0.560953,0.000000,0.000000
7.950000,0.010325,0.000187,0.000195,0.562550,0.000000,0.000000
8.570000,0.008069,-0.002727,0.001657,0.559578,0.000000,0.000000
8.420000,0.000742,0.001244,0.005313,0.564044,0.000000,0.000000
8.580000,0.024582,-0.000085,0.000634,0.567770,0.000000,0.000000
7.180000,0.001147,0.000068,0.001657,0.564887,0.000000,0.000000
7.020000,0.003722,0.002003,0.001218,0.562078,0.000000,0.000000
7.630000,0.034378,-0.001662,0.001413,0.567616,0.000000,0.000000
8.740000,0.033802,-0.001432,0.000877,0.569551,0.000000,0.000000
7.020000,0.003168,-0.000716,0.001218,0.569659,0.000000,0.000000
7.800000,0.002308,0.001304,0.000877,0.571595,0.000000,0.000000
8.580000,0.005321,0.003835,0.004874,0.575629,0.000000,0.000000
7.950000,0.001988,-0.000597,0.000975,0.571077,0.000000,0.000000
7.330000,0.020751,-0.008582,0.005313,0.576851,0.000000,0.000000
8.420000,0.005820,-0.001909,0.003265,0.575594,0.000000,0.000000
8.570000,0.019164,0.000000,0.000000,0.572716,0.000000,0.000000
7.800000,0.011721,-0.006443,0.003948,0.572651,0.000000,0.000000
7.650000,0.006336,0.001926,0.001413,0.577725,0.000000,0.000000
7.480000,0.004362,0.000383,0.001413,0.578364,0.000000,0.000000
9.200000,0.017944,0.000281,0.000439,0.576615,0.000000,0.000000
7.640000,0.015064,-0.001227,0.000439,0.582301,0.000000,0.000000
7.640000,0.023156,-0.001261,0.000390,0.584071,0.000000,0.000000
7.170000,0.012311,0.005343,0.004045,0.586593,0.000000,0.000000
8.430000,0.022785,0.003434,0.001218,0.581927,0.000000,0.000000
8.430000,0.018360,0.001790,0.002388,0.584423,0.000000,0.000000
8.570000,0.008756,0.001295,0.000634,0.588754,0.000000,0.000000
8.410000,0.011477,0.001125,0.009748,0.585508,0.000000,0.000000
9.200000,0.004636,0.000213,0.007652,0.577541,0.000000,0.000000
7.950000,0.004603,-0.002557,0.004874,0.579542,0.000000,0.000000
7.490000,0.003204,0.000869,0.002193,0.584576,0.000000,0.000000
9.970000,0.075725,-0.000358,0.000195,0.583896,0.000000,0.000000
8.420000,0.135057,-0.006255,0.003412,0.586321,0.000000,0.000000
8.260000,0.006780,-0.002591,0.002096,0.591847,0.000000,0.000000
8.890000,0.010949,-0.002420,0.000780,0.586995,0.000000,0.000000
8.260000,0.018778,0.002770,0.005166,0.588372,0.000000,0.000000
8.580000,0.024542,-0.004270,0.004143,0.591057,0.000000,0.000000
8.260000,0.001147,0.000256,0.000877,0.593666,0.000000,0.000000
7.480000,0.006226,-0.000716,0.000780,0.590429,0.000000,0.000000
8.580000,0.021999,0.000537,0.000439,0.591321,0.000000,0.000000
8.580000,0.052761,0.007900,0.003948,0.593138,0.000000,0.000000
7.640000,0.035462,0.003375,0.000439,0.597854,0.000000,0.000000
8.740000,0.019309,0.000537,0.000439,0.596847,0.000000,0.000000
7.330000,0.007926,-0.000452,0.003558,0.593508,0.000000,0.000000
9.200000,0.024381,0.002207,0.000634,0.599719,0.000000,0.000000
8.110000,0.013688,-0.008028,0.006775,0.600172,0.000000,0.000000
7.640000,0.024807,0.003068,0.001218,0.598255,0.000000,0.000000
8.260000,0.068732,0.005940,0.001657,0.599372,0.000000,0.000000
7.480000,0.003923,0.000980,0.003168,0.600410,0.000000,0.000000
6.700000,0.003681,0.001611,0.003948,0.597930,0.000000,0.000000
9.040000,0.018887,-0.004517,0.003655,0.591268,0.000000,0.000000
7.950000,0.001147,-0.000315,0.008286,0.597410,0.000000,0.000000
7.630000,0.010201,-0.000426,0.001218,0.604933,0.000000,0.000000
8.270000,0.019006,0.000009,0.003363,0.610503,0.000000,0.000000
7.020000,0.002484,0.000409,0.006336,0.597744,0.000000,0.000000
8.580000,0.009383,-0.003826,0.002096,0.603953,0.000000,0.000000
9.360000,0.009128,0.002650,0.002973,0.608412,0.000000,0.000000
7.020000,0.052467,-0.001023,0.000780,0.608520,0.000000,0.000000
9.190000,0.007017,0.000537,0.001755,0.605575,0.000000,0.000000
7.480000,0.006194,0.000281,0.000877,0.611069,0.000000,0.000000
8.880000,0.032601,-0.005983,0.001755,0.611473,0.000000,0.000000
9.510000,0.008830,0.001645,0.004338,0.610290,0.000000,0.000000
7.020000,0.005260,0.000750,0.003119,0.594689,0.000000,0.000000
9.670000,0.007090,0.000418,0.001998,0.601714,0.000000,0.000000
7.490000,0.013418,0.005241,0.003558,0.606148,0.000000,0.000000
7.480000,0.006089,0.000682,0.003119,0.603256,0.000000,0.000000
9.980000,0.006457,-0.000852,0.001218,0.605767,0.000000,0.000000
8.260000,0.005887,0.001704,0.002437,0.606722,0.000000,0.000000
8.260000,0.008363,-0.001483,0.001755,0.605693,0.000000,0.000000
9.200000,0.007792,-0.001381,0.007896,0.604810,0.000000,0.000000
7.010000,0.005168,-0.001440,0.003558,0.610560,0.000000,0.000000
7.950000,0.011167,-0.003971,0.001998,0.605864,0.000000,0.000000
9.670000,0.004365,-0.000205,0.000634,0.604069,0.000000,0.000000
8.880000,0.003950,0.003383,0.004045,0.608853,0.000000,0.000000
9.830000,0.002226,-0.000724,0.006336,0.611403,0.000000,0.000000
7.640000,0.013344,-0.002531,0.000634,0.615888,0.000000,0.000000
8.880000,0.007336,-0.000213,0.000634,0.611388,0.000000,0.000000
9.360000,0.004427,0.000537,0.000439,0.615928,0.000000,0.000000
7.320000,0.025043,-0.012033,0.006775,0.612653,0.000000,0.000000
9.510000,0.002758,-0.001372,0.003168,0.610496,0.000000,0.000000
9.040000,0.017704,0.004679,0.004045,0.612648,0.000000,0.000000
7.020000,0.008269,-0.000452,0.001072,0.612600,0.000000,0.000000
8.570000,0.021620,0.014496,0.016912,0.613870,0.000000,0.000000
6.870000,0.010325,0.001057,0.003558,0.615991,0.000000,0.000000
9.210000,0.024565,-0.002420,0.000780,0.617356,0.000000,0.000000
9.820000,0.023907,0.001406,0.006092,0.618112,0.000000,0.000000
6.230000,0.008814,0.003272,0.002096,0.621173,0.000000,0.000000
9.050000,0.012767,-0.003579,0.009553,0.617703,0.000000,0.000000
6.400000,0.012901,0.000281,0.000439,0.609819,0.000000,0.000000
7.800000,0.006039,0.000051,0.001316,0.612794,0.000000,0.000000
9.360000,0.016323,-0.002915,0.002193,0.613789,0.000000,0.000000
7.330000,0.019783,-0.001721,0.001218,0.619018,0.000000,0.000000
7.330000,0.025746,0.003460,0.005313,0.613584,0.000000,0.000000
8.260000,0.026111,0.009707,0.014086,0.618373,0.000000,0.000000
6.540000,0.012200,0.000537,0.000439,0.624797,0.000000,0.000000
9.510000,0.008190,-0.006340,0.007018,0.620807,0.000000,0.000000
8.730000,0.005628,0.003102,0.008237,0.618459,0.000000,0.000000
6.860000,0.014997,0.000750,0.003802,0.613864,0.000000,0.000000
8.580000,0.007285,0.004534,0.017595,0.616704,0.000000,0.000000
5.920000,0.018355,-0.001415,0.001950,0.614798,0.000000,0.000000
9.190000,0.037152,-0.000656,0.002388,0.615459,0.000000,0.000000
10.450000,0.012200,0.002548,0.008822,0.614806,0.000000,0.000000
5.920000,0.057612,0.003503,0.000439,0.618673,0.000000,0.000000
9.820000,0.007650,-0.002872,0.001657,0.623503,0.000000,0.000000
6.860000,0.004692,0.002557,0.001755,0.626564,0.000000,0.000000
7.480000,0.021058,-0.003307,0.003997,0.624705,0.000000,0.000000
11.070000,0.003172,0.001133,0.005313,0.621936,0.000000,0.000000
8.890000,0.002007,0.000750,0.003119,0.617998,0.000000,0.000000
9.510000,0.007313,0.000767,0.001072,0.621919,0.000000,0.000000
8.580000,0.009415,0.002148,0.000877,0.616006,0.000000,0.000000
6.700000,0.004563,0.000784,0.000195,0.623068,0.000000,0.000000
10.600000,0.049147,0.002003,0.017010,0.620531,0.000000,0.000000
9.660000,0.000946,0.000452,0.001218,0.622446,0.000000,0.000000
9.040000,0.006786,-0.002753,0.001511,0.620119,0.000000,0.000000
9.510000,0.036468,0.000273,0.012916,0.620599,0.000000,0.000000
6.080000,0.007711,-0.004022,0.015304,0.622045,0.000000,0.000000
8.260000,0.007634,0.000580,0.005069,0.624457,0.000000,0.000000
10.290000,0.002308,-0.000511,0.000195,0.627145,0.000000,0.000000
6.870000,0.007792,-0.001253,0.000877,0.622584,0.000000,0.000000
10.290000,0.018282,-0.003886,0.004581,0.626372,0.000000,0.000000
7.330000,0.016245,0.001474,0.003558,0.620062,0.000000,0.000000
6.390000,0.023431,-0.003511,0.000780,0.628555,0.000000,0.000000
11.230000,0.003983,-0.002625,0.002973,0.618362,0.000000,0.000000
8.890000,0.007465,-0.000119,0.004045,0.622769,0.000000,0.000000
9.970000,0.026897,0.000912,0.001218,0.620306,0.000000,0.000000
7.490000,0.012204,0.001304,0.000877,0.623514,0.000000,0.000000
6.240000,0.009385,0.001074,0.002583,0.623520,0.000000,0.000000
8.890000,0.013593,0.000102,0.001218,0.620766,0.000000,0.000000
9.820000,0.022869,-0.001892,0.000634,0.621408,0.000000,0.000000
8.420000,0.149783,0.037523,0.010430,0.622605,0.000000,0.000000
10.140000,0.014223,-0.002267,0.000634,0.621716,0.000000,0.000000
6.390000,0.009809,-0.006818,0.005751,0.621434,0.000000,0.000000
8.430000,0.007126,0.000793,0.002193,0.624452,0.000000,0.000000
11.070000,0.010379,-0.000085,0.008432,0.618108,0.000000,0.000000
6.710000,0.003746,0.002207,0.002827,0.622347,0.000000,0.000000
10.600000,0.020018,0.001321,0.006092,0.619850,0.000000,0.000000
7.800000,0.001976,-0.000827,0.008676,0.624052,0.000000,0.000000
6.080000,0.017959,0.001125,0.007018,0.620164,0.000000,0.000000
7.640000,0.090377,-0.005769,0.001072,0.621483,0.000000,0.000000
6.080000,0.011383,-0.002369,0.001950,0.621110,0.000000,0.000000
9.820000,0.012818,0.000537,0.000439,0.621838,0.000000,0.000000
9.970000,0.003168,-0.000741,0.001218,0.624009,0.000000,0.000000
5.140000,0.018832,0.004670,0.001657,0.619327,0.000000,0.000000
8.580000,0.014509,0.003119,0.002193,0.623685,0.000000,0.000000
5.770000,0.038196,-0.000801,0.000634,0.617282,0.000000,0.000000
8.890000,0.003172,0.000793,0.002193,0.606982,0.036125,0.010966
10.450000,0.002316,0.000511,0.001218,0.618026,0.000000,0.000000
6.860000,0.010589,0.001099,0.002193,0.615557,0.000000,0.000000
7.330000,0.002453,-0.001466,0.008432,0.619891,0.000000,0.000000
8.110000,0.025144,0.001662,0.001316,0.620021,0.000000,0.000000
5.460000,0.003390,0.002838,0.006336,0.615155,0.000000,0.000000
11.070000,0.022133,0.004534,0.017595,0.614699,0.000000,0.000000
9.190000,0.003080,0.002829,0.004581,0.619836,0.000000,0.000000
5.770000,0.016470,0.000000,0.000000,0.623481,0.000000,0.000000
9.200000,0.007640,0.003809,0.004143,0.619275,0.000000,0.000000
5.460000,0.021592,0.000562,0.001755,0.611115,0.000000,0.000000
9.830000,0.004980,0.003920,0.004874,0.614059,0.000000,0.000000
10.450000,0.003892,-0.002471,0.002437,0.614186,0.000000,0.000000
6.240000,0.037631,0.003946,0.001413,0.608960,0.000000,0.000000
10.450000,0.001800,-0.000256,0.000439,0.610599,0.000000,0.000000
6.390000,0.015502,0.002863,0.000780,0.614050,0.000000,0.000000
8.580000,0.020736,0.004261,0.004874,0.611450,0.000000,0.000000
10.290000,0.004815,-0.000520,0.001218,0.610762,0.000000,0.000000
7.010000,0.019708,-0.006911,0.005605,0.605321,0.000000,0.000000
11.550000,0.013238,-0.004772,0.002437,0.609178,0.000000,0.000000
7.640000,0.005789,0.001986,0.001072,0.608919,0.000000,0.000000
5.920000,0.003852,-0.003102,0.005654,0.611381,0.000000,0.000000
11.060000,0.004365,0.001210,0.000975,0.610324,0.000000,0.000000
9.360000,0.008251,-0.000562,0.002193,0.613394,0.000000,0.000000
10.600000,0.003803,-0.004244,0.005166,0.610608,0.000000,0.000000
8.880000,0.007445,0.002932,0.006336,0.613422,0.000000,0.000000
5.610000,0.001590,0.000784,0.002437,0.608346,0.000000,0.000000
9.980000,0.011402,-0.000750,0.000634,0.607728,0.000000,0.000000
9.980000,0.008707,-0.001483,0.001755,0.606336,0.000000,0.000000
7.790000,0.011735,0.003554,0.003558,0.614005,0.000000,0.000000
10.290000,0.018770,0.001253,0.002388,0.607598,0.000000,0.000000
7.330000,0.011668,-0.003451,0.003948,0.607413,0.000000,0.000000
8.410000,0.002007,0.000844,0.002193,0.607888,0.000000,0.000000
10.440000,0.001590,0.000170,0.007555,0.607225,0.000000,0.000000
5.920000,0.005405,0.001304,0.001413,0.607928,0.000000,0.000000
11.230000,0.010644,-0.002045,0.000634,0.606896,0.000000,0.000000
8.580000,0.039510,-0.000187,0.000195,0.610549,0.000000,0.000000
6.240000,0.034004,-0.010278,0.004581,0.605444,0.000000,0.000000
10.140000,0.005679,0.001244,0.004045,0.604271,0.000000,0.000000
5.610000,0.007619,0.000307,0.000439,0.606966,0.000000,0.000000
9.360000,0.017504,0.010261,0.006336,0.608154,0.000000,0.000000
8.880000,0.015311,-0.002327,0.001657,0.607603,0.000000,0.000000
6.700000,0.001147,0.000895,0.001218,0.603426,0.000000,0.000000
8.420000,0.025287,-0.001312,0.001852,0.605648,0.000000,0.000000
10.920000,0.018413,-0.004159,0.001072,0.605650,0.000000,0.000000
7.170000,0.008190,-0.001721,0.001072,0.609910,0.000000,0.000000
11.070000,0.000836,-0.001329,0.005702,0.604891,0.000000,0.000000
7.170000,0.019552,0.006673,0.004386,0.609009,0.000000,0.000000
6.700000,0.007813,0.001278,0.000877,0.608553,0.000000,0.000000
10.760000,0.006740,0.000724,0.000634,0.606242,0.000000,0.000000
5.620000,0.010112,-0.001031,0.003168,0.608166,0.000000,0.000000
10.450000,0.008938,-0.000187,0.000195,0.605425,0.000000,0.000000
8.420000,0.013538,-0.003111,0.002437,0.606898,0.000000,0.000000
5.610000,0.006792,0.001619,0.002096,0.605577,0.000000,0.000000
9.190000,0.016943,-0.003477,0.001755,0.604404,0.000000,0.000000
5.460000,0.003885,-0.001636,0.001657,0.604808,0.000000,0.000000
9.670000,0.003204,-0.000375,0.002827,0.607134,0.000000,0.000000
9.670000,0.020789,0.000818,0.000390,0.611207,0.000000,0.000000
5.920000,0.021408,0.000426,0.000390,0.611675,0.000000,0.000000
7.950000,0.014530,-0.001244,0.001998,0.602578,0.000000,0.000000
7.330000,0.006740,-0.000119,0.002827,0.593512,0.000000,0.000000
7.180000,0.005789,0.000793,0.002193,0.593825,0.000000,0.000000
10.750000,0.011364,-0.001747,0.001413,0.587945,0.000000,0.000000
6.700000,0.009111,0.002778,0.004143,0.587758,0.000000,0.000000
7.320000,0.027803,-0.000009,0.001413,0.592529,0.000000,0.000000
8.420000,0.015052,-0.002182,0.000780,0.596035,0.000000,0.000000
5.920000,0.011721,-0.003272,0.001657,0.586939,0.000000,0.000000
9.360000,0.020446,0.001900,0.001413,0.593706,0.000000,0.000000
9.040000,0.056435,0.001210,0.000975,0.590727,0.000000,0.000000
9.510000,0.012575,0.003699,0.002388,0.589212,0.000000,0.000000
9.200000,0.027882,0.007883,0.003607,0.589097,0.000000,0.000000
6.860000,0.007264,-0.000469,0.000634,0.587216,0.000000,0.000000
8.260000,0.024606,-0.002565,0.000634,0.587943,0.000000,0.000000
9.510000,0.079706,0.000281,0.002632,0.590901,0.000000,0.000000
7.950000,0.006039,-0.000614,0.003899,0.593803,0.000000,0.000000
10.600000,0.003508,-0.003451,0.003948,0.596978,0.000000,0.000000
6.700000,0.022939,0.001500,0.000390,0.593529,0.000000,0.000000
6.700000,0.010325,-0.001440,0.001657,0.588832,0.000000,0.000000
9.820000,0.033079,-0.002335,0.000195,0.590915,0.000000,0.000000
8.410000,0.014761,-0.010252,0.008676,0.583894,0.000000,0.000000
9.970000,0.020912,0.002216,0.000975,0.588962,0.000000,0.000000
8.260000,0.007445,0.001193,0.001218,0.586759,0.000000,0.000000
5.460000,0.009994,0.004176,0.002437,0.588493,0.000000,0.000000
9.350000,0.004163,-0.000162,0.001657,0.586073,0.000000,0.000000
7.020000,0.025067,-0.002506,0.001316,0.585701,0.000000,0.000000
9.040000,0.002453,0.000469,0.002437,0.588004,0.000000,0.000000
8.580000,0.004844,-0.002216,0.003607,0.589213,0.000000,0.000000
6.390000,0.002186,0.001210,0.001657,0.591002,0.000000,0.000000
8.740000,0.006847,-0.001866,0.001218,0.588834,0.000000,0.000000
9.040000,0.008777,-0.000801,0.000634,0.580549,0.000000,0.000000
7.800000,0.015789,0.000068,0.001657,0.587790,0.000000,0.000000
9.200000,0.013213,0.002778,0.010333,0.589862,0.000000,0.000000
7.180000,0.001116,0.000298,0.003607,0.588880,0.000000,0.000000
7.630000,0.002539,-0.001227,0.000877,0.588550,0.000000,0.000000
9.820000,0.024311,-0.000844,0.002583,0.581495,0.000000,0.000000
6.230000,0.006457,0.000187,0.000195,0.582371,0.000000,0.000000
10.130000,0.015704,0.003051,0.000975,0.581563,0.000000,0.000000
8.890000,0.024542,-0.002506,0.002827,0.584553,0.000000,0.000000
6.390000,0.010504,-0.001278,0.010966,0.583679,0.000000,0.000000
8.740000,0.012705,-0.001432,0.000975,0.589074,0.000000,0.000000
5.620000,0.017090,0.002233,0.001657,0.587183,0.000000,0.000000
7.650000,0.003542,0.001278,0.001413,0.580119,0.000000,0.000000
9.350000,0.010201,0.004014,0.004386,0.583215,0.000000,0.000000
7.170000,0.002687,0.000895,0.006092,0.581221,0.000000,0.000000
8.110000,0.008938,-0.002915,0.002193,0.585049,0.000000,0.000000
7.330000,0.014059,0.001926,0.002534,0.580311,0.000000,0.000000
8.420000,0.008218,-0.000358,0.000195,0.582502,0.000000,0.000000
9.820000,0.012437,-0.007874,0.005897,0.577428,0.000000,0.000000
7.640000,0.002007,0.000000,0.000390,0.581851,0.000000,0.000000
9.980000,0.002484,-0.000972,0.011600,0.580635,0.000000,0.000000
7.800000,0.009347,0.000844,0.000877,0.583831,0.000000,0.000000
7.020000,0.013562,0.001636,0.002534,0.579083,0.000000,0.000000
9.670000,0.014681,-0.009519,0.009114,0.582998,0.000000,0.000000
8.110000,0.005405,0.002131,0.002534,0.575145,0.000000,0.000000
9.510000,0.004192,-0.003170,0.003753,0.578535,0.000000,0.000000
8.890000,0.008354,-0.000562,0.007116,0.582156,0.000000,0.000000
6.540000,0.011256,-0.009417,0.008237,0.576366,0.000000,0.000000
8.260000,0.011398,0.003843,0.003265,0.578287,0.000000,0.000000
9.350000,0.008121,0.004039,0.002827,0.583937,0.000000,0.000000
6.550000,0.012526,-0.005650,0.008237,0.575491,0.000000,0.000000
8.890000,0.003201,0.000614,0.001657,0.577061,0.000000,0.000000
7.640000,0.007837,0.001636,0.000877,0.582362,0.000000,0.000000
8.100000,0.007376,-0.001662,0.000634,0.573971,0.000000,0.000000
9.040000,0.038983,-0.005011,0.002388,0.575624,0.000000,0.000000
8.890000,0.030260,0.002540,0.001413,0.580729,0.000000,0.000000
9.510000,0.002484,0.000239,0.003607,0.579973,0.000000,0.000000
7.950000,0.021897,-0.002131,0.005605,0.585316,0.000000,0.000000
6.390000,0.004640,0.001244,0.004923,0.580852,0.000000,0.000000
9.200000,0.016719,0.002506,0.004776,0.572251,0.000000,0.000000
7.640000,0.002007,0.000963,0.001657,0.580688,0.000000,0.000000
9.510000,0.008062,-0.004270,0.002827,0.577617,0.000000,0.000000
8.580000,0.011100,-0.002071,0.000877,0.581272,0.000000,0.000000
7.790000,0.022301,0.003298,0.001657,0.576626,0.000000,0.000000
8.580000,0.006191,-0.000750,0.002096,0.579700,0.000000,0.000000
7.950000,0.026925,-0.000222,0.001657,0.579178,0.000000,0.000000
9.350000,0.007299,0.003477,0.006336,0.579305,0.000000,0.000000
9.350000,0.008073,-0.003443,0.005313,0.578434,0.000000,0.000000
7.950000,0.007944,-0.002753,0.002973,0.581258,0.000000,0.000000
8.260000,0.032440,-0.005156,0.002437,0.581243,0.000000,0.000000
9.200000,0.004797,-0.000656,0.002388,0.576835,0.000000,0.000000
7.950000,0.008230,-0.000494,0.000195,0.577608,0.000000,0.000000
9.360000,0.005804,-0.001628,0.002827,0.583748,0.000000,0.000000
7.950000,0.012687,0.001909,0.006677,0.574002,0.000000,0.000000
7.020000,0.010112,0.000937,0.004874,0.582583,0.000000,0.000000
10.290000,0.006177,-0.000187,0.000195,0.572276,0.000000,0.000000
7.480000,0.009236,-0.000597,0.001218,0.581345,0.000000,0.000000
9.040000,0.012593,-0.008641,0.009894,0.569384,0.000000,0.000000
7.480000,0.007167,-0.001074,0.000195,0.572412,0.000000,0.000000
8.100000,0.017491,-0.003298,0.001657,0.570904,0.000000,0.000000
7.950000,0.014378,-0.004389,0.006092,0.569012,0.000000,0.000000
8.890000,0.131792,0.000281,0.000439,0.574886,0.000000,0.000000
8.260000,0.007324,-0.000537,0.000634,0.567233,0.000000,0.000000
9.360000,0.006297,-0.001014,0.002583,0.569373,0.000000,0.000000
6.710000,0.037591,0.001900,0.001413,0.566587,0.000000,0.000000
8.110000,0.013104,-0.001023,0.000780,0.566379,0.000000,0.000000
8.890000,0.023374,-0.001892,0.000877,0.569909,0.000000,0.000000
8.100000,0.002387,0.000562,0.001755,0.564927,0.000000,0.000000
9.350000,0.012252,0.001389,0.000634,0.569993,0.000000,0.000000
7.480000,0.017919,0.005983,0.005069,0.568842,0.000000,0.000000
7.630000,0.023240,-0.003094,0.000634,0.573606,0.000000,0.000000
7.950000,0.004278,0.001108,0.018472,0.572392,0.000000,0.000000
7.330000,0.013719,0.003596,0.003265,0.569295,0.000000,0.000000
8.880000,0.007792,0.001483,0.000975,0.569040,0.000000,0.000000
7.950000,0.020583,0.002301,0.002437,0.573456,0.000000,0.000000
7.330000,0.023720,0.004551,0.005654,0.570705,0.000000,0.000000
9.040000,0.014143,0.001091,0.000390,0.570515,0.000000,0.000000
7.020000,0.009994,-0.005173,0.008432,0.566699,0.000000,0.000000
8.730000,0.037016,0.001969,0.002827,0.568675,0.000000,0.000000
8.580000,0.013092,0.000895,0.001218,0.568927,0.000000,0.000000
7.630000,0.006263,0.000878,0.001852,0.564777,0.000000,0.000000
9.200000,0.003923,-0.001031,0.005897,0.564613,0.000000,0.000000
6.550000,0.003080,0.000000,0.000000,0.565130,0.000000,0.000000
8.580000,0.017019,0.005446,0.005946,0.566742,0.000000,0.000000
9.970000,0.016144,0.005906,0.005897,0.558736,0.000000,0.000000
6.860000,0.022300,-0.006954,0.003119,0.553634,0.000000,0.000000
9.670000,0.004046,-0.000989,0.000780,0.556778,0.000000,0.000000
7.800000,0.009319,0.000187,0.000195,0.556291,0.000000,0.000000
6.700000,0.019971,0.000673,0.000634,0.551550,0.000000,0.000000
9.190000,0.001058,0.000844,0.002193,0.547885,0.000000,0.000000
7.170000,0.002460,-0.001704,0.001560,0.558889,0.000000,0.000000
6.700000,0.017019,0.009127,0.007457,0.554826,0.000000,0.000000
8.260000,0.029695,0.002045,0.000439,0.555753,0.000000,0.000000
7.170000,0.012973,0.002684,0.004386,0.551642,0.000000,0.000000
8.410000,0.011773,0.002582,0.002096,0.556751,0.000000,0.000000
9.200000,0.009272,0.001585,0.000439,0.552932,0.000000,0.000000
8.420000,0.004341,0.001091,0.000634,0.547892,0.000000,0.000000
8.580000,0.013992,-0.001619,0.001218,0.548918,0.000000,0.000000
6.240000,0.002611,0.001636,0.001560,0.548427,0.000000,0.000000
8.260000,0.035647,0.020675,0.022712,0.550930,0.000000,0.000000
9.040000,0.009577,0.002301,0.001755,0.545279,0.000000,0.000000
7.330000,0.003731,0.002148,0.003948,0.551030,0.000000,0.000000
9.200000,0.014284,-0.000358,0.000195,0.553460,0.000000,0.000000
7.330000,0.002484,0.000094,0.002973,0.547969,0.000000,0.000000
6.860000,0.012030,-0.002250,0.000439,0.550825,0.000000,0.000000
7.170000,0.059788,0.001210,0.001657,0.546211,0.000000,0.000000
6.860000,0.012776,0.001832,0.002973,0.550738,0.000000,0.000000
9.510000,0.033954,0.000537,0.000439,0.549910,0.000000,0.000000
8.730000,0.010268,0.000511,0.000877,0.548922,0.000000,0.000000
6.390000,0.016794,-0.005071,0.002388,0.545576,0.000000,0.000000
9.510000,0.010960,0.002165,0.000975,0.548379,0.000000,0.000000
8.420000,0.030889,-0.002267,0.002388,0.550531,0.000000,0.000000
8.890000,0.022934,-0.001602,0.002583,0.548587,0.000000,0.000000
9.040000,0.003630,-0.003835,0.007457,0.545472,0.000000,0.000000
7.480000,0.011137,0.000000,0.000000,0.546629,0.000000,0.000000
7.960000,0.007176,-0.003886,0.006287,0.544318,0.000000,0.000000
9.370000,0.008203,-0.000767,0.003948,0.543109,0.000000,0.000000
7.790000,0.006017,-0.000477,0.000195,0.546936,0.000000,0.000000
9.350000,0.006881,0.004295,0.002827,0.542143,0.000000,0.000000
7.800000,0.012176,-0.003929,0.001657,0.547592,0.000000,0.000000
6.550000,0.021000,0.009562,0.005897,0.545116,0.000000,0.000000
6.860000,0.005051,0.001244,0.005313,0.542397,0.000000,0.000000
6.860000,0.028056,0.005556,0.003607,0.545668,0.000000,0.000000
8.890000,0.015444,-0.000426,0.001218,0.539993,0.000000,0.000000
8.410000,0.007530,-0.000989,0.000780,0.543438,0.000000,0.000000
7.330000,0.007126,0.000810,0.001998,0.544397,0.000000,0.000000
8.580000,0.007555,0.000307,0.000439,0.542314,0.000000,0.000000
7.170000,0.014524,-0.003409,0.008676,0.540247,0.000000,0.000000
8.410000,0.013384,-0.000844,0.003948,0.541262,0.000000,0.000000
8.420000,0.028279,-0.000477,0.000195,0.543090,0.000000,0.000000
7.480000,0.016887,-0.003153,0.002973,0.542667,0.000000,0.000000
7.950000,0.009415,-0.003221,0.001755,0.540142,0.000000,0.000000
7.170000,0.017220,-0.000077,0.001316,0.543530,0.000000,0.000000
7.480000,0.020161,-0.003136,0.001218,0.540644,0.000000,0.000000
8.890000,0.007196,-0.002855,0.008676,0.541048,0.000000,0.000000
7.630000,0.003172,0.000571,0.001852,0.540300,0.000000,0.000000
8.890000,0.017959,-0.002923,0.000634,0.544249,0.000000,0.000000
7.800000,0.017652,-0.002548,0.001218,0.543351,0.000000,0.000000
6.240000,0.014247,-0.000145,0.006336,0.542912,0.000000,0.000000
8.890000,0.006822,0.001023,0.000877,0.536863,0.000000,0.000000
7.480000,0.003979,-0.001312,0.001657,0.535018,0.000000,0.000000
6.860000,0.015594,-0.001227,0.000439,0.541098,0.000000,0.000000
8.570000,0.026692,0.004585,0.002973,0.543080,0.000000,0.000000
6.540000,0.009461,-0.002258,0.006336,0.534185,0.000000,0.000000
7.480000,0.007603,0.000170,0.000195,0.544510,0.000000,0.000000
9.360000,0.020452,-0.000426,0.001218,0.542423,0.000000,0.000000
7.480000,0.005753,0.000528,0.001998,0.538680,0.000000,0.000000
7.640000,0.016227,0.001764,0.000829,0.541030,0.000000,0.000000
7.480000,0.008751,-0.004815,0.006092,0.537087,0.000000,0.000000
6.240000,0.013146,0.003111,0.001413,0.538791,0.000000,0.000000
8.890000,0.009285,0.002199,0.004386,0.538526,0.000000,0.000000
8.110000,0.006498,0.000281,0.000439,0.536793,0.000000,0.000000
6.870000,0.007172,-0.005821,0.005166,0.535467,0.000000,0.000000
7.800000,0.002404,0.000494,0.000634,0.537412,0.000000,0.000000
6.550000,0.102155,0.001611,0.000439,0.533675,0.000000,0.000000
8.570000,0.006634,0.001338,0.001413,0.536749,0.000000,0.000000
8.260000,0.002642,-0.001329,0.007262,0.534938,0.000000,0.000000
8.260000,0.022669,-0.003119,0.000439,0.534042,0.000000,0.000000
8.730000,0.003895,-0.000835,0.002534,0.532766,0.000000,0.000000
7.010000,0.019114,-0.001346,0.000195,0.532442,0.000000,0.000000
7.320000,0.019164,-0.005548,0.005166,0.533144,0.000000,0.000000
8.110000,0.017008,0.000000,0.000000,0.537896,0.000000,0.000000
7.330000,0.006248,0.001159,0.000975,0.533896,0.000000,0.000000
9.510000,0.041875,-0.000597,0.004776,0.532845,0.000000,0.000000
7.800000,0.001976,0.000136,0.002534,0.533890,0.000000,0.000000
7.630000,0.010379,-0.002599,0.001413,0.531475,0.000000,0.000000
7.800000,0.006504,0.002454,0.001413,0.532302,0.000000,0.000000
8.420000,0.026412,-0.005011,0.008237,0.532579,0.000000,0.000000
8.730000,0.005881,0.000000,0.000000,0.538698,0.000000,0.000000
8.100000,0.010963,0.001900,0.001413,0.531981,0.000000,0.000000
6.860000,0.005321,0.004602,0.007018,0.535031,0.000000,0.000000
8.730000,0.082527,0.010712,0.005702,0.528654,0.000000,0.000000
7.170000,0.009289,-0.002386,0.001218,0.532897,0.000000,0.000000
7.800000,0.013182,0.002642,0.001218,0.530613,0.000000,0.000000
8.580000,0.023553,-0.003008,0.001998,0.537384,0.000000,0.000000
7.020000,0.052252,-0.003272,0.004825,0.528512,0.000000,0.000000
7.330000,0.039890,0.001704,0.000780,0.527177,0.000000,0.000000
7.330000,0.020714,0.000716,0.001218,0.534272,0.000000,0.000000
7.170000,0.007126,0.000213,0.001657,0.532624,0.000000,0.000000
9.360000,0.030164,0.000656,0.002388,0.532676,0.000000,0.000000
7.800000,0.010674,0.000477,0.003607,0.527621,0.000000,0.000000
8.730000,0.003557,0.000000,0.000000,0.527956,0.000000,0.000000
8.410000,0.092901,-0.000597,0.000390,0.530268,0.000000,0.000000
6.240000,0.006647,0.000656,0.002388,0.531942,0.000000,0.000000
8.110000,0.023034,-0.002863,0.000877,0.528246,0.000000,0.000000
8.270000,0.019950,0.005369,0.005166,0.531765,0.000000,0.000000
7.950000,0.021656,0.003119,0.001657,0.530254,0.000000,0.000000
8.410000,0.003472,0.001619,0.003022,0.531855,0.000000,0.000000
7.170000,0.016885,0.002054,0.001413,0.528264,0.000000,0.000000
6.860000,0.010723,-0.002028,0.000634,0.526250,0.000000,0.000000
8.730000,0.007027,0.000469,0.001218,0.529648,0.000000,0.000000
7.010000,0.014862,0.002139,0.003607,0.532015,0.000000,0.000000
9.510000,0.016245,0.001406,0.002876,0.525606,0.000000,0.000000
7.020000,0.009303,-0.001483,0.001755,0.529496,0.000000,0.000000
7.330000,0.005880,-0.002071,0.004386,0.531374,0.000000,0.000000
9.040000,0.017700,-0.002778,0.000975,0.519477,0.000000,0.000000
7.490000,0.004359,0.000102,0.001413,0.526413,0.000000,0.000000
7.800000,0.010677,-0.004116,0.003704,0.525841,0.000000,0.000000
8.100000,0.013301,-0.002983,0.002388,0.517473,0.000000,0.000000
7.020000,0.007720,-0.002966,0.001852,0.523150,0.000000,0.000000
7.330000,0.005989,-0.001483,0.002973,0.527586,0.000000,0.000000
7.640000,0.037369,-0.001534,0.000439,0.525718,0.000000,0.000000
7.480000,0.014254,0.001457,0.000439,0.525683,0.000000,0.000000
8.420000,0.003852,0.002616,0.008676,0.524259,0.000000,0.000000
7.330000,0.036673,0.004662,0.001218,0.527230,0.000000,0.000000
8.110000,0.016406,0.004005,0.001413,0.522276,0.000000,0.000000
8.110000,0.006333,0.003358,0.006628,0.524071,0.000000,0.000000
6.860000,0.011787,-0.001739,0.002632,0.522230,0.000000,0.000000
8.110000,0.018910,-0.002949,0.000634,0.524273,0.000000,0.000000
7.950000,0.015756,-0.004645,0.001413,0.523393,0.000000,0.000000
7.950000,0.003903,-0.000767,0.000877,0.516519,0.000000,0.000000
7.170000,0.014617,-0.000844,0.003948,0.523909,0.000000,0.000000
7.640000,0.012317,-0.003912,0.008334,0.521229,0.000000,0.000000
7.950000,0.011577,-0.002915,0.007652,0.526369,0.000000,0.000000
7.800000,0.020723,-0.000153,0.002632,0.521568,0.000000,0.000000
7.320000,0.024047,0.005292,0.011405,0.525736,0.000000,0.000000
7.480000,0.016631,0.000409,0.000390,0.517380,0.000000,0.000000
8.580000,0.005519,-0.002131,0.001413,0.521233,0.000000,0.000000
6.860000,0.030194,-0.005173,0.003607,0.525582,0.000000,0.000000
8.110000,0.008823,0.000648,0.000195,0.518861,0.000000,0.000000
6.700000,0.039974,0.008488,0.002193,0.515015,0.000000,0.000000
7.480000,0.012502,-0.000435,0.000877,0.517151,0.000000,0.000000
7.800000,0.005695,-0.002088,0.002437,0.526498,0.000000,0.000000
7.480000,0.011544,0.002915,0.004776,0.517105,0.000000,0.000000
7.480000,0.001058,-0.000460,0.000829,0.517059,0.000000,0.000000
7.640000,0.008683,0.003724,0.003265,0.521557,0.000000,0.000000
8.260000,0.010230,-0.003980,0.003265,0.519407,0.000000,0.000000
7.480000,0.001743,0.001517,0.001657,0.515940,0.000000,0.000000
6.860000,0.006232,-0.000954,0.004143,0.512916,0.000000,0.000000
7.170000,0.023772,-0.004841,0.002973,0.521922,0.000000,0.000000
7.640000,0.003758,0.002531,0.006336,0.515720,0.000000,0.000000
6.860000,0.012740,0.000588,0.001413,0.518137,0.000000,0.000000
8.260000,0.002941,0.002182,0.002437,0.519791,0.000000,0.000000
7.630000,0.030635,0.004534,0.003753,0.516854,0.000000,0.000000
8.260000,0.001983,-0.000562,0.001755,0.516485,0.000000,0.000000
7.800000,0.008354,-0.001031,0.004143,0.511397,0.000000,0.000000
6.860000,0.021461,0.004713,0.002388,0.510214,0.000000,0.000000
8.730000,0.012046,0.002420,0.000975,0.509566,0.000000,0.000000
7.480000,0.002663,-0.000494,0.000195,0.517343,0.000000,0.000000
8.580000,0.003557,0.000187,0.000195,0.512444,0.000000,0.000000
8.110000,0.002007,-0.001031,0.003168,0.505079,0.000000,0.000000
7.800000,0.003053,0.000511,0.001755,0.501263,0.000000,0.000000
7.790000,0.029454,0.002906,0.005605,0.506411,0.000000,0.000000
7.650000,0.012830,-0.005198,0.002583,0.501376,0.000000,0.000000
7.800000,0.014918,0.003042,0.000634,0.505841,0.000000,0.000000
7.650000,0.004169,0.000128,0.002632,0.506457,0.000000,0.000000
7.170000,0.002484,-0.000639,0.000634,0.503279,0.000000,0.000000
7.330000,0.007083,0.001585,0.000439,0.501979,0.000000,0.000000
7.180000,0.019023,-0.002684,0.000439,0.499691,0.000000,0.000000
7.330000,0.002530,-0.001577,0.001218,0.502481,0.000000,0.000000
7.480000,0.010772,0.001236,0.001218,0.504982,0.000000,0.000000
8.110000,0.017656,-0.002889,0.002876,0.502190,0.000000,0.000000
7.640000,0.013365,-0.001508,0.000877,0.506101,0.000000,0.000000
9.060000,0.003390,0.002633,0.008432,0.499651,0.000000,0.000000
8.100000,0.009695,-0.003298,0.001657,0.497400,0.000000,0.000000
8.570000,0.006947,-0.002531,0.001413,0.500311,0.000000,0.000000
7.950000,0.012644,-0.000511,0.000195,0.504126,0.000000,0.000000
8.260000,0.023307,-0.002744,0.002388,0.495837,0.000000,0.000000
7.630000,0.029507,-0.013218,0.011844,0.502070,0.000000,0.000000
7.170000,0.005385,-0.000673,0.015743,0.501519,0.000000,0.000000
8.260000,0.003923,0.000000,0.000000,0.496412,0.000000,0.000000
7.490000,0.006881,0.002684,0.001218,0.496770,0.000000,0.000000
7.480000,0.023045,0.000051,0.000439,0.496545,0.000000,0.000000
7.790000,0.014909,-0.001457,0.000877,0.499867,0.000000,0.000000
7.320000,0.004327,-0.000119,0.004143,0.499596,0.000000,0.000000
7.800000,0.025670,-0.007286,0.003265,0.495450,0.000000,0.000000
7.490000,0.026454,0.003750,0.004338,0.495308,0.000000,0.000000
7.330000,0.005063,0.000818,0.000390,0.495754,0.000000,0.000000
8.270000,0.005274,0.000741,0.000439,0.493924,0.000000,0.000000
7.790000,0.036164,0.000000,0.000000,0.496608,0.000000,0.000000
7.640000,0.020519,0.004022,0.003607,0.489976,0.000000,0.000000
8.120000,0.008354,-0.000281,0.000439,0.495220,0.000000,0.000000
8.880000,0.005130,-0.000128,0.000439,0.490903,0.000000,0.000000
7.800000,0.010994,0.002787,0.005166,0.496046,0.000000,0.000000
7.330000,0.000671,-0.000469,0.001218,0.494796,0.000000,0.000000
7.330000,0.026903,-0.001108,0.000390,0.493893,0.000000,0.000000
7.650000,0.002830,0.000111,0.003997,0.496525,0.000000,0.000000
7.630000,0.003979,0.000366,0.000634,0.496695,0.000000,0.000000
7.020000,0.015967,0.003366,0.001218,0.491333,0.000000,0.000000
8.260000,0.028609,0.002684,0.001218,0.493396,0.000000,0.000000
7.800000,0.015397,0.001432,0.000195,0.487712,0.000000,0.000000
7.480000,0.023161,0.000187,0.000195,0.495272,0.000000,0.000000
8.420000,0.002484,0.001082,0.001413,0.493848,0.000000,0.000000
8.260000,0.000946,0.000179,0.002388,0.485270,0.000000,0.000000
7.640000,0.003935,-0.001074,0.001950,0.493331,0.000000,0.000000
7.790000,0.002484,-0.001952,0.014280,0.492584,0.000000,0.000000
7.630000,0.004335,0.000341,0.000780,0.488788,0.000000,0.000000
7.640000,0.001113,-0.000187,0.003607,0.493290,0.000000,0.000000
6.870000,0.159697,0.010031,0.001657,0.486100,0.000000,0.000000
7.170000,0.007167,0.001969,0.001998,0.493266,0.000000,0.000000
7.950000,0.011237,0.004133,0.001657,0.490473,0.000000,0.000000
5.920000,0.000639,0.000511,0.001755,0.491361,0.000000,0.000000
8.880000,0.018282,-0.000972,0.001218,0.486975,0.000000,0.000000
8.420000,0.005893,0.000895,0.001218,0.487521,0.000000,0.000000
7.010000,0.006136,0.000273,0.001560,0.489439,0.000000,0.000000
7.650000,0.008942,-0.002983,0.002388,0.489780,0.000000,0.000000
7.020000,0.010838,0.002940,0.001852,0.489107,0.000000,0.000000
7.330000,0.006989,0.000187,0.000195,0.488049,0.000000,0.000000
7.480000,0.011508,-0.000187,0.000195,0.485276,0.000000,0.000000
7.800000,0.007378,0.002361,0.003168,0.490560,0.000000,0.000000
8.260000,0.004996,-0.002045,0.001218,0.482922,0.000000,0.000000
7.650000,0.007649,0.001227,0.006531,0.486030,0.000000,0.000000
6.860000,0.017585,-0.000937,0.005897,0.486543,0.000000,0.000000
8.730000,0.018744,-0.002480,0.002193,0.478555,0.000000,0.000000
8.430000,0.003852,-0.000477,0.000195,0.487059,0.000000,0.000000
7.330000,0.013050,0.007082,0.007116,0.480992,0.000000,0.000000
7.490000,0.032936,0.006187,0.006336,0.481074,0.000000,0.000000
8.100000,0.009055,0.001346,0.000634,0.482013,0.000000,0.000000
7.800000,0.009759,0.002327,0.000877,0.479503,0.000000,0.000000
8.260000,0.027715,-0.001756,0.000195,0.483341,0.000000,0.000000
7.170000,0.016861,0.002020,0.000439,0.483443,0.000000,0.000000
8.730000,0.002611,-0.000801,0.014280,0.478529,0.000000,0.000000
6.700000,0.049324,-0.008531,0.003607,0.483327,0.000000,0.000000
8.580000,0.019212,0.003324,0.000634,0.480622,0.000000,0.000000
8.420000,0.008944,-0.002292,0.005166,0.480798,0.000000,0.000000
7.020000,0.027679,0.000895,0.001218,0.479490,0.000000,0.000000
7.640000,0.018318,0.004295,0.001755,0.475911,0.000000,0.000000
7.650000,0.049320,0.002991,0.000634,0.481972,0.000000,0.000000
6.550000,0.013581,0.001023,0.000975,0.480340,0.000000,0.000000
7.800000,0.020878,0.001611,0.000439,0.477905,0.000000,0.000000
5.920000,0.011310,-0.010090,0.010771,0.482549,0.000000,0.000000
8.260000,0.026630,0.002454,0.000877,0.482018,0.000000,0.000000
6.710000,0.006002,-0.003545,0.011844,0.482458,0.000000,0.000000
7.170000,0.003548,-0.001253,0.002193,0.479321,0.000000,0.000000
7.640000,0.013964,0.003426,0.001316,0.480883,0.000000,0.000000
6.870000,0.017349,0.003741,0.004581,0.476648,0.000000,0.000000
7.170000,0.030892,0.000000,0.000000,0.478712,0.000000,0.000000
7.330000,0.002608,0.001372,0.002583,0.480066,0.000000,0.000000
7.330000,0.007370,0.000537,0.000439,0.472198,0.000000,0.000000
6.390000,0.018314,0.000000,0.000000,0.478157,0.000000,0.000000
8.110000,0.023434,0.007286,0.007896,0.474394,0.000000,0.000000
7.020000,0.004753,0.000895,0.001218,0.479823,0.000000,0.000000
7.800000,0.003681,-0.000656,0.002388,0.477687,0.000000,0.000000
7.950000,0.002484,0.001287,0.003558,0.477218,0.000000,0.000000
7.170000,0.004311,-0.002855,0.004484,0.475923,0.000000,0.000000
7.330000,0.029670,0.000111,0.001657,0.475802,0.000000,0.000000
6.080000,0.012293,0.002173,0.002583,0.475340,0.000000,0.000000
9.040000,0.054197,-0.006886,0.003119,0.475146,0.000000,0.000000
7.330000,0.009862,0.002855,0.001218,0.470649,0.000000,0.000000
7.010000,0.001433,-0.000511,0.012185,0.473685,0.000000,0.000000
8.730000,0.012818,0.002863,0.000780,0.473267,0.000000,0.000000
7.630000,0.014880,0.003324,0.001950,0.477503,0.000000,0.000000
7.800000,0.003460,0.000741,0.000439,0.471235,0.000000,0.000000
9.040000,0.011179,0.003946,0.003558,0.469235,0.000000,0.000000
7.640000,0.007370,0.002719,0.005897,0.470103,0.000000,0.000000
8.260000,0.011997,-0.006630,0.007213,0.471234,0.000000,0.000000
7.950000,0.002758,-0.000494,0.006336,0.472850,0.000000,0.000000
6.710000,0.054136,0.004287,0.001072,0.468990,0.000000,0.000000
8.100000,0.015101,-0.000844,0.003948,0.470449,0.000000,0.000000
9.040000,0.017968,-0.002787,0.002096,0.469597,0.000000,0.000000
7.950000,0.025482,-0.004295,0.002193,0.470852,0.000000,0.000000
7.950000,0.011881,-0.000256,0.000439,0.470448,0.000000,0.000000
7.480000,0.011078,-0.005045,0.002827,0.471835,0.000000,0.000000
9.350000,0.004201,0.000187,0.000195,0.469396,0.000000,0.000000
8.580000,0.004335,-0.006417,0.011405,0.468264,0.000000,0.000000
7.480000,0.021093,-0.005497,0.002583,0.468352,0.000000,0.000000
9.040000,0.020841,0.009468,0.005897,0.468195,0.000000,0.000000
7.640000,0.006892,0.000827,0.001998,0.465132,0.000000,0.000000
6.390000,0.019507,0.008735,0.004338,0.467639,0.000000,0.000000
8.100000,0.007157,0.000562,0.003314,0.467703,0.000000,0.000000
5.920000,0.008358,0.000222,0.000390,0.470149,0.000000,0.000000
8.890000,0.002135,-0.001244,0.002388,0.468689,0.000000,0.000000
8.580000,0.024183,-0.003477,0.001755,0.465600,0.000000,0.000000
7.020000,0.030591,0.009562,0.005897,0.467284,0.000000,0.000000
7.480000,0.011429,-0.004781,0.009991,0.466370,0.000000,0.000000
8.260000,0.005321,0.003170,0.002096,0.466769,0.000000,0.000000
7.490000,0.031272,-0.004321,0.002973,0.463587,0.000000,0.000000
6.390000,0.014719,0.004832,0.003948,0.465802,0.000000,0.000000
7.480000,0.010809,0.003298,0.001218,0.461862,0.000000,0.000000
7.020000,0.011577,0.003835,0.004581,0.468193,0.000000,0.000000
8.110000,0.002046,-0.001142,0.000975,0.454885,0.000000,0.000000
7.020000,0.009601,-0.005565,0.004776,0.464568,0.000000,0.000000
7.800000,0.005789,0.000699,0.002827,0.464271,0.000000,0.000000
8.410000,0.005804,0.000486,0.000829,0.461586,0.000000,0.000000
6.540000,0.003923,-0.000852,0.001218,0.461808,0.000000,0.000000
8.890000,0.018670,-0.001057,0.000195,0.465136,0.000000,0.000000
6.700000,0.005385,-0.000315,0.002827,0.458739,0.000000,0.000000
7.180000,0.009780,-0.000358,0.000195,0.460306,0.000000,0.000000
6.540000,0.003049,-0.000281,0.001316,0.458941,0.000000,0.000000
6.240000,0.005361,-0.000511,0.000195,0.460513,0.000000,0.000000
7.320000,0.013939,0.001807,0.000390,0.461741,0.000000,0.000000
6.080000,0.026879,-0.004414,0.003168,0.458365,0.000000,0.000000
6.550000,0.006117,0.001636,0.000780,0.457511,0.000000,0.000000
7.170000,0.009458,-0.003758,0.003948,0.456990,0.000000,0.000000
6.700000,0.007901,-0.002727,0.001657,0.458391,0.000000,0.000000
6.240000,0.002973,-0.002676,0.003607,0.460183,0.000000,0.000000
7.330000,0.020418,-0.000469,0.002583,0.456794,0.000000,0.000000
7.950000,0.006659,0.000077,0.001657,0.457662,0.000000,0.000000
8.260000,0.022675,-0.005974,0.002437,0.454491,0.000000,0.000000
8.110000,0.026815,0.000187,0.001657,0.454386,0.000000,0.000000
6.080000,0.020562,0.001670,0.001072,0.460852,0.000000,0.000000
8.420000,0.007157,0.000656,0.001218,0.454584,0.000000,0.000000
6.700000,0.014548,-0.004704,0.003119,0.464909,0.000000,0.000000
9.040000,0.013584,-0.000895,0.000439,0.458141,0.000000,0.000000
9.360000,0.011973,0.009229,0.007457,0.459790,0.000000,0.000000
7.170000,0.011899,-0.002131,0.001218,0.454974,0.000000,0.000000
8.110000,0.020847,-0.003767,0.002534,0.455503,0.000000,0.000000
7.330000,0.012738,0.002880,0.006336,0.454076,0.000000,0.000000
9.040000,0.026581,-0.001074,0.000195,0.458417,0.000000,0.000000
8.890000,0.017551,0.001057,0.000975,0.457005,0.000000,0.000000
8.250000,0.005633,-0.000920,0.000439,0.449719,0.000000,0.000000
8.580000,0.019293,-0.000443,0.000829,0.451447,0.000000,0.000000
7.330000,0.004563,-0.000349,0.001657,0.452431,0.000000,0.000000
6.550000,0.014655,0.008667,0.005215,0.453893,0.000000,0.000000
8.120000,0.031134,0.006903,0.002583,0.453867,0.000000,0.000000
7.490000,0.010116,0.000954,0.002437,0.455804,0.000000,0.000000
7.020000,0.002356,-0.002710,0.021932,0.450754,0.000000,0.000000
7.800000,0.011797,-0.000469,0.007116,0.450064,0.000000,0.000000
6.400000,0.035883,-0.000256,0.000439,0.452195,0.000000,0.000000
9.510000,0.005881,-0.005369,0.012185,0.451163,0.000000,0.000000
9.040000,0.001116,-0.001159,0.008870,0.449082,0.000000,0.000000
5.610000,0.024140,0.000460,0.000877,0.450711,0.000000,0.000000
8.420000,0.007865,0.004951,0.013696,0.450700,0.000000,0.000000
5.920000,0.019173,0.000656,0.001218,0.446589,0.000000,0.000000
6.390000,0.008376,0.003758,0.002388,0.447609,0.000000,0.000000
8.580000,0.003025,0.002582,0.005166,0.450658,0.000000,0.000000
5.920000,0.008318,0.000145,0.002583,0.450067,0.000000,0.000000
8.260000,0.031297,-0.003656,0.002632,0.450873,0.000000,0.000000
8.880000,0.018126,0.006392,0.002632,0.448675,0.000000,0.000000
6.240000,0.011703,0.000733,0.000195,0.454878,0.000000,0.000000
7.800000,0.002864,-0.000810,0.003022,0.444750,0.000000,0.000000
7.170000,0.010112,-0.000281,0.000439,0.446188,0.000000,0.000000
5.140000,0.010534,0.003912,0.004143,0.450212,0.000000,0.000000
7.640000,0.012793,-0.009792,0.008676,0.443285,0.000000,0.000000
6.860000,0.008799,0.000111,0.001657,0.443111,0.000000,0.000000
5.300000,0.020079,0.000068,0.001657,0.449862,0.000000,0.000000
7.640000,0.016777,0.002684,0.001218,0.449748,0.000000,0.000000
4.990000,0.028883,0.002582,0.004386,0.447246,0.000000,0.000000
7.480000,0.000671,-0.000375,0.000780,0.443852,0.000000,0.000000
7.800000,0.011447,0.003145,0.001218,0.442046,0.000000,0.000000
5.770000,0.012609,-0.000281,0.000439,0.444777,0.000000,0.000000
7.800000,0.017703,0.003630,0.001218,0.450615,0.000000,0.000000
6.240000,0.012593,-0.003153,0.002437,0.449897,0.000000,0.000000
8.110000,0.022785,-0.000375,0.000780,0.440834,0.000000,0.000000
8.570000,0.006685,-0.000307,0.004386,0.442726,0.000000,0.000000
7.020000,0.026290,0.004116,0.002388,0.444006,0.000000,0.000000
7.170000,0.034067,0.013848,0.006336,0.449529,0.000000,0.000000
6.700000,0.019804,-0.007235,0.004386,0.441939,0.000000,0.000000
5.460000,0.020452,0.000793,0.001657,0.438188,0.000000,0.000000
7.640000,0.014807,-0.003937,0.002583,0.438528,0.000000,0.000000
8.260000,0.036095,-0.000597,0.002388,0.439055,0.000000,0.000000
5.140000,0.016059,-0.001074,0.000195,0.437947,0.000000,0.000000
7.800000,0.023378,0.004261,0.001218,0.436595,0.000000,0.000000
5.770000,0.017688,-0.000665,0.000390,0.444930,0.000000,0.000000
8.260000,0.013790,-0.003622,0.001218,0.441162,0.000000,0.000000
8.420000,0.002864,-0.000827,0.001413,0.444090,0.000000,0.000000
6.860000,0.017610,0.004295,0.001755,0.436468,0.000000,0.000000
8.260000,0.013177,0.000375,0.000780,0.437791,0.000000,0.000000
6.860000,0.004821,0.001006,0.001413,0.437591,0.000000,0.000000
6.390000,0.001535,-0.000307,0.000439,0.441823,0.000000,0.000000
9.040000,0.017230,0.000469,0.000634,0.437396,0.000000,0.000000
7.180000,0.005661,0.000153,0.009017,0.442222,0.000000,0.000000
8.730000,0.014509,0.000000,0.000000,0.440575,0.000000,0.000000
7.170000,0.006124,-0.000383,0.002437,0.436231,0.000000,0.000000
9.510000,0.007090,-0.000281,0.000439,0.432675,0.000000,0.000000
8.420000,0.032254,-0.000136,0.000195,0.435520,0.000000,0.000000
7.950000,0.011481,-0.000358,0.000195,0.434681,0.000000,0.000000
7.650000,0.002663,0.001278,0.000877,0.440425,0.000000,0.000000
8.110000,0.028643,0.003264,0.004581,0.435881,0.000000,0.000000
6.240000,0.031358,-0.000937,0.005897,0.432835,0.000000,0.000000
6.860000,0.030944,0.000741,0.000877,0.439822,0.000000,0.000000
8.580000,0.012843,-0.000281,0.000439,0.432998,0.000000,0.000000
6.550000,0.031583,0.012144,0.004825,0.433730,0.000000,0.000000
6.550000,0.005703,-0.000997,0.000877,0.436206,0.000000,0.000000
5.760000,0.007634,0.001287,0.003558,0.431304,0.000000,0.000000
5.610000,0.005119,0.000000,0.000000,0.433318,0.000000,0.000000
9.510000,0.004278,-0.000426,0.001218,0.434224,0.000000,0.000000
6.080000,0.004932,-0.005480,0.008870,0.429650,0.000000,0.000000
9.040000,0.012870,0.002471,0.002437,0.434592,0.000000,0.000000
5.770000,0.027964,0.005020,0.003168,0.431776,0.000000,0.000000
6.860000,0.054435,0.000895,0.001218,0.431222,0.000000,0.000000
8.890000,0.003172,0.000332,0.001316,0.433517,0.000000,0.000000
5.770000,0.008230,0.001355,0.003168,0.431392,0.000000,0.000000
7.480000,0.007370,0.000102,0.002096,0.432325,0.000000,0.000000
8.410000,0.011793,0.001364,0.002827,0.427931,0.000000,0.000000
6.390000,0.024126,-0.003409,0.008676,0.432428,0.000000,0.000000
6.700000,0.005583,-0.000571,0.001218,0.433237,0.000000,0.000000
6.080000,0.005737,0.002173,0.001218,0.431554,0.000000,0.000000
8.580000,0.003472,0.001253,0.000877,0.428286,0.000000,0.000000
7.950000,0.010924,0.001721,0.003314,0.430502,0.000000,0.000000
6.080000,0.022605,0.006068,0.001657,0.429637,0.000000,0.000000
6.080000,0.023255,0.002122,0.000877,0.426080,0.000000,0.000000
7.950000,0.007196,-0.001935,0.008676,0.427888,0.000000,0.000000
4.990000,0.020769,-0.004432,0.002096,0.429649,0.000000,0.000000
7.630000,0.003867,0.001006,0.000975,0.424999,0.000000,0.000000
7.170000,0.012212,0.003494,0.002437,0.431276,0.000000,0.000000
4.830000,0.011699,0.000597,0.003753,0.426625,0.000000,0.000000
8.100000,0.001590,0.001662,0.007457,0.421350,0.000000,0.000000
6.550000,0.016956,-0.000793,0.000634,0.426699,0.000000,0.000000
8.580000,0.004046,0.002361,0.002583,0.423270,0.000000,0.000000
8.890000,0.016029,-0.004363,0.002583,0.431391,0.000000,0.000000
7.630000,0.015397,0.010653,0.009748,0.423344,0.000000,0.000000
9.040000,0.012341,-0.006161,0.004386,0.432872,0.000000,0.000000
6.400000,0.016887,-0.006383,0.004045,0.425856,0.000000,0.000000
6.240000,0.031424,0.001432,0.000195,0.427082,0.000000,0.000000
8.580000,0.004400,0.003272,0.003119,0.427982,0.000000,0.000000
6.550000,0.002775,-0.000460,0.000439,0.426496,0.000000,0.000000
8.420000,0.000544,-0.000341,0.004581,0.423133,0.000000,0.000000
8.880000,0.001147,0.001645,0.003022,0.425025,0.000000,0.000000
5.460000,0.014453,0.007397,0.006190,0.422706,0.000000,0.000000
8.570000,0.021404,0.001756,0.003607,0.425259,0.000000,0.000000
9.510000,0.023232,0.000375,0.000780,0.421830,0.000000,0.000000
8.580000,0.036344,-0.000435,0.004338,0.418284,0.000000,0.000000
7.800000,0.013158,-0.004747,0.005313,0.422182,0.000000,0.000000
7.330000,0.015983,0.009229,0.007457,0.416613,0.000000,0.000000
7.800000,0.003847,-0.001696,0.003558,0.420804,0.000000,0.000000
8.260000,0.009480,0.003571,0.002096,0.422946,0.000000,0.000000
6.700000,0.000782,-0.000187,0.000195,0.415602,0.000000,0.000000
6.860000,0.003269,0.001730,0.006336,0.417313,0.000000,0.000000
5.920000,0.012232,-0.000580,0.001218,0.418748,0.000000,0.000000
5.770000,0.013363,0.000000,0.000000,0.417571,0.000000,0.000000
8.110000,0.013913,-0.000656,0.002827,0.412036,0.000000,0.000000
6.240000,0.019519,0.000886,0.000195,0.420816,0.000000,0.000000
7.950000,0.013070,-0.005429,0.002583,0.423354,0.000000,0.000000
7.630000,0.011829,-0.001909,0.003265,0.415656,0.000000,0.000000
5.920000,0.004844,0.000469,0.001218,0.408143,0.000000,0.000000
6.540000,0.011680,0.001491,0.015304,0.418498,0.000000,0.000000
9.190000,0.063333,-0.001014,0.002583,0.418312,0.000000,0.000000
6.860000,0.094010,0.012996,0.003607,0.419792,0.000000,0.000000
6.080000,0.008751,-0.002889,0.002193,0.421154,0.000000,0.000000
7.020000,0.012228,0.004099,0.002437,0.421561,0.000000,0.000000
6.860000,0.008622,-0.001014,0.004338,0.417809,0.000000,0.000000
8.580000,0.002016,0.000187,0.000195,0.413364,0.000000,0.000000
8.270000,0.014108,0.000401,0.001413,0.419361,0.000000,0.000000
7.170000,0.017992,0.001790,0.000195,0.420897,0.000000,0.000000
7.480000,0.030012,0.000375,0.000780,0.417742,0.000000,0.000000
6.860000,0.008658,0.001270,0.000634,0.412006,0.000000,0.000000
7.950000,0.012274,-0.000060,0.002827,0.412896,0.000000,0.000000
7.950000,0.009218,-0.001628,0.003558,0.418866,0.000000,0.000000
7.640000,0.005139,-0.001909,0.005069,0.412023,0.000000,0.000000
7.800000,0.008264,0.003886,0.004386,0.414032,0.000000,0.000000
5.610000,0.403038,0.006554,0.000634,0.416193,0.000000,0.000000
7.790000,0.006685,-0.000869,0.011405,0.411562,0.000000,0.000000
6.550000,0.052634,0.005769,0.009991,0.413729,0.000000,0.000000
8.260000,0.009616,-0.004193,0.001998,0.413689,0.000000,0.000000
8.260000,0.017996,0.000375,0.000780,0.411223,0.000000,0.000000
6.860000,0.007167,0.002148,0.000877,0.409206,0.000000,0.000000
6.240000,0.006571,0.002011,0.008676,0.415057,0.000000,0.000000
6.230000,0.013022,0.000520,0.000634,0.412853,0.000000,0.000000
6.860000,0.005157,0.002318,0.003460,0.412205,0.000000,0.000000
8.110000,0.007083,0.007764,0.009455,0.412512,0.000000,0.000000
7.330000,0.003114,0.000852,0.004874,0.408911,0.000000,0.000000
6.700000,0.006409,0.000537,0.000439,0.410280,0.000000,0.000000
7.790000,0.014503,-0.002608,0.000877,0.413788,0.000000,0.000000
6.390000,0.002523,0.001253,0.000877,0.409609,0.000000,0.000000
7.630000,0.004224,-0.001670,0.001657,0.407720,0.000000,0.000000
7.800000,0.019714,-0.002173,0.000439,0.410035,0.000000,0.000000
6.240000,0.014535,0.001432,0.000195,0.407745,0.000000,0.000000
7.800000,0.021072,-0.001900,0.001218,0.406416,0.000000,0.000000
7.170000,0.012210,0.001474,0.001657,0.407255,0.000000,0.000000
6.080000,0.020723,0.000000,0.000000,0.409743,0.000000,0.000000
9.360000,0.005242,-0.001670,0.005069,0.409097,0.000000,0.000000
7.180000,0.007680,0.001006,0.000975,0.408990,0.000000,0.000000
8.260000,0.032035,-0.005931,0.001316,0.410457,0.000000,0.000000
5.920000,0.005928,0.002148,0.003948,0.404557,0.000000,0.000000
6.860000,0.006013,0.002361,0.002583,0.405179,0.000000,0.000000
7.480000,0.037196,-0.000077,0.000877,0.402815,0.000000,0.000000
7.790000,0.011007,0.002684,0.001218,0.409624,0.000000,0.000000
7.950000,0.005417,-0.000119,0.002096,0.406047,0.000000,0.000000
8.110000,0.006685,-0.000469,0.001218,0.405996,0.000000,0.000000
6.700000,0.011332,-0.003170,0.001755,0.405804,0.000000,0.000000
7.800000,0.007585,0.000375,0.000780,0.402232,0.000000,0.000000
7.650000,0.008622,0.001329,0.000877,0.405894,0.000000,0.000000
8.420000,0.012878,0.004167,0.004825,0.402771,0.000000,0.000000
6.550000,0.011620,-0.002932,0.013111,0.401391,0.000000,0.000000
7.330000,0.028636,-0.001560,0.001657,0.404267,0.000000,0.000000
6.550000,0.007157,0.000562,0.003314,0.404128,0.000000,0.000000
7.640000,0.009017,-0.000656,0.002388,0.400218,0.000000,0.000000
5.920000,0.018422,0.006417,0.005410,0.402461,0.000000,0.000000
7.480000,0.007281,-0.000494,0.000195,0.399403,0.000000,0.000000
6.710000,0.027129,-0.000827,0.001072,0.401206,0.000000,0.000000
7.170000,0.037174,0.000537,0.000439,0.400391,0.000000,0.000000
7.320000,0.007352,-0.001756,0.005069,0.396684,0.000000,0.000000
5.920000,0.006297,0.000051,0.005166,0.400739,0.000000,0.000000
7.480000,0.089392,-0.000801,0.001998,0.400697,0.000000,0.000000
7.800000,0.005820,-0.000187,0.000195,0.400314,0.000000,0.000000
6.390000,0.025359,0.000631,0.000195,0.385403,0.000000,0.000000
7.020000,0.026163,-0.002088,0.000634,0.398455,0.000000,0.000000
7.170000,0.013122,0.001764,0.000439,0.400691,0.000000,0.000000
6.550000,0.006191,-0.000153,0.001316,0.398050,0.000000,0.000000
6.230000,0.009991,0.007090,0.008237,0.396825,0.000000,0.000000
7.640000,0.020720,0.011479,0.006775,0.399836,0.000000,0.000000
6.550000,0.020179,0.002156,0.013354,0.397824,0.000000,0.000000
6.240000,0.017531,0.002608,0.000634,0.394542,0.000000,0.000000
7.800000,0.007269,-0.003145,0.002632,0.394063,0.000000,0.000000
7.960000,0.007750,-0.000256,0.000634,0.394412,0.000000,0.000000
7.480000,0.011198,0.002079,0.001657,0.401611,0.000000,0.000000
6.860000,0.007920,-0.000486,0.000439,0.398358,0.000000,0.000000
7.330000,0.007412,-0.000341,0.001072,0.394642,0.000000,0.000000
5.770000,0.004169,-0.001065,0.006092,0.395188,0.000000,0.000000
7.630000,0.034907,0.003861,0.004386,0.393956,0.000000,0.000000
7.950000,0.016280,-0.002352,0.000780,0.393513,0.000000,0.000000
6.700000,0.015637,0.001355,0.002193,0.398233,0.000000,0.000000
6.870000,0.020048,-0.000256,0.000439,0.394362,0.000000,0.000000
6.870000,0.013259,-0.003622,0.001218,0.394936,0.000000,0.000000
7.330000,0.015453,-0.002148,0.000439,0.396885,0.000000,0.000000
6.700000,0.026605,-0.002148,0.000439,0.391493,0.000000,0.000000
6.700000,0.326075,-0.006519,0.003948,0.395958,0.000000,0.000000
6.700000,0.011064,0.004389,0.002096,0.386838,0.000000,0.000000
7.330000,0.009288,0.000801,0.000195,0.385889,0.000000,0.000000
7.330000,0.015350,0.003835,0.001218,0.390709,0.000000,0.000000
7.630000,0.005119,0.000520,0.000634,0.388291,0.000000,0.000000
6.860000,0.025210,0.003230,0.000634,0.387749,0.000000,0.000000
7.010000,0.012703,0.000196,0.002583,0.388609,0.000000,0.000000
6.400000,0.049664,0.008360,0.002193,0.391538,0.000000,0.000000
7.020000,0.019293,-0.004176,0.003607,0.395510,0.000000,0.000000
7.330000,0.019386,-0.000852,0.000390,0.380599,0.000000,0.000000
5.920000,0.028142,0.012442,0.010625,0.194227,0.000000,0.000000
6.700000,0.010449,-0.000281,0.000439,0.224329,0.644090,3.048611
13.400000,0.025609,0.000844,0.000877,0.591711,3.135027,19.015438
25.370001,0.025173,0.000750,0.003119,1.163536,7.782849,57.473995
18.070000,0.006302,0.000409,0.013988,1.389034,11.576764,133.206757
15.730000,0.012228,0.001176,0.007652,0.660164,7.688709,141.782349
9.980000,0.003454,-0.008386,0.040404,0.844793,7.924866,89.089630
15.250000,0.023213,-0.000009,0.008529,1.307409,5.967138,56.826988
9.810000,0.018293,-0.003477,0.184623,0.903812,5.698856,148.767838
19.160000,0.011513,0.084088,1.107053,1.014921,5.950580,78.222099
14.480000,0.037663,-0.040173,0.368563,0.943787,4.588598,69.668442
9.820000,0.008987,-0.003417,0.145290,0.412199,1.192439,29.926832
11.520000,0.008054,-0.006690,0.317290,1.341551,1.039366,5.351519
5.460000,0.065620,-0.029930,0.017838,0.433863,0.272209,16.504169
9.990000,0.022545,0.015024,0.049470,0.902002,-0.130074,1.601069
13.560000,0.001942,-0.002267,0.016864,0.329309,-0.399288,2.368705
13.240000,0.020631,0.005855,0.031680,1.148371,6.025889,71.554626
38.060001,0.012127,-0.001525,0.010089,2.237683,10.608154,77.311897
18.070000,0.015147,-0.006818,0.018131,1.454462,10.197201,231.508026
18.520000,0.013883,0.033134,0.174241,1.337716,16.804716,225.092773
32.669998,0.003305,0.010576,0.108493,1.727130,16.472256,236.486694
30.469999,0.002177,0.007338,0.143779,1.572595,17.639292,297.985291
21.959999,0.014880,-0.026163,0.146168,0.703626,3.436446,338.998993
34.509998,0.018960,0.030611,0.309101,2.453873,17.120470,141.102448
7.010000,0.015800,-0.009383,0.110637,1.209818,8.250974,240.971878
40.730000,0.020251,-0.074398,0.292530,1.914974,-10.530611,135.312271
30.980000,0.003563,-0.026325,1.356937,2.839062,3.931414,67.650658
16.049999,0.032064,-0.027032,0.372852,1.182419,-6.238372,83.562645
10.760000,0.009440,0.010192,0.162349,0.651724,-0.170446,0.636041
6.240000,0.007495,0.002838,0.015645,0.598899,0.458325,10.560477
7.020000,0.026534,0.000614,0.001316,0.384747,-0.100675,2.291942
6.240000,0.017978,0.004670,0.001608,0.214311,-1.866172,33.666321
31.840000,0.055799,-0.025515,0.015938,2.480365,3.693867,8.838779
6.700000,0.024922,-0.007806,0.019788,0.310226,3.345196,224.401886
43.310001,0.014833,-0.007644,0.016425,2.453707,9.990732,74.515518
28.270000,0.018366,-0.052488,0.344437,2.885906,22.157059,307.262695
55.840000,0.024760,-0.008403,0.010625,2.897435,-11.235729,457.116211
41.070000,0.001989,-0.003119,0.013013,5.177227,19.297344,228.371674
13.870000,0.028186,-0.011547,0.048008,0.359876,-9.744448,421.684326
40.389999,0.007369,-0.004193,0.004192,2.340898,8.117582,62.748749
18.520000,0.011268,-0.003392,0.004045,2.409539,5.929845,148.197601
38.680000,0.121732,0.036517,0.070671,2.374103,-9.957558,72.903473
38.520000,0.032482,0.006843,0.212404,3.593582,-2.630632,64.152428
12.780000,0.044921,-0.095780,1.056511,1.383554,-5.831524,114.882195
49.860001,0.006798,-0.006894,0.358961,2.748018,0.211166,24.805607
11.530000,0.021507,0.008224,0.084659,0.791582,8.181491,148.208557
13.560000,0.013374,-0.003111,0.010966,0.740413,4.329970,47.352169
24.400000,0.008492,0.001500,0.094066,4.198812,11.043167,44.731239
8.880000,0.157832,-0.194151,0.567076,0.684696,1.794037,182.752182
55.759998,0.003281,0.004968,0.214158,3.190462,5.564051,54.995628
9.500000,0.012399,0.024288,0.175947,0.850440,6.935328,188.377838
22.379999,0.016253,-0.021501,0.469355,1.954847,4.199467,64.251122
19.459999,0.032088,0.020342,0.100256,1.998891,10.337973,119.817001
18.070000,0.025623,-0.017811,0.019106,0.675158,5.124282,135.739960
36.529999,0.045604,-0.036100,0.073791,1.949794,11.641163,80.744324
11.380000,0.000949,0.000954,0.003412,1.612044,11.732473,208.149963
34.200001,0.013325,0.018280,0.057999,2.288452,2.461858,151.037827
23.760000,0.007929,-0.010729,0.020422,3.348788,20.815050,236.738922
24.280001,0.011620,0.001594,0.054831,1.371848,4.168910,417.517151
84.760002,0.011262,-0.028353,0.126867,5.046767,22.017422,261.401978
14.800000,0.033560,-0.122923,0.734542,1.390407,3.546546,540.974915
40.389999,0.051609,-0.173664,1.345434,1.993699,14.932391,272.510742
23.330000,0.026684,-0.112125,1.287045,2.372381,10.070934,418.504150
30.000000,0.009185,-0.001866,0.094407,2.423703,-13.736796,208.785965
31.330000,0.099185,-0.378211,3.373943,4.487104,2.984994,81.983513
37.740002,0.062661,0.093956,0.460825,2.144190,-10.931279,132.625549
16.510000,0.035359,-0.046181,0.844107,1.184897,3.921194,40.224121
9.190000,0.035183,-0.019090,0.151626,1.101589,2.199919,18.839979
14.320000,0.006165,-0.028200,0.424125,1.714403,-5.215809,25.255219
17.590000,0.036514,-0.028515,0.082369,2.210950,-7.569434,33.403130
17.760000,0.014196,-0.005480,0.118435,1.091163,-4.645972,35.727970
26.440001,0.030829,-0.003613,0.024711,0.880343,-1.973248,39.237160
6.240000,0.012861,-0.031983,0.080224,0.544477,2.749844,25.331984
15.100000,0.021780,-0.012187,0.043329,1.728825,1.072093,4.112335
11.840000,0.026901,-0.007985,0.011551,2.490611,-1.746124,21.384144
22.570000,0.010005,-0.005625,0.008676,2.361114,-0.500410,45.805931
32.669998,0.006934,0.006366,0.107908,2.442826,2.474961,57.748154
11.520000,0.017841,-0.047826,0.146704,1.089040,2.680571,125.420746
31.709999,0.039884,-0.037114,0.211819,2.099176,9.843515,62.814552
11.200000,0.017509,-0.111606,1.518262,1.771878,9.551418,161.642181
22.879999,0.002964,0.031123,0.600852,1.643918,-0.788094,147.824738
52.740002,0.042018,-0.145549,0.906054,5.843874,19.606359,197.282425
23.049999,0.018792,0.097144,0.612500,0.634902,-9.524155,338.944153
23.660000,0.002928,0.021109,0.348677,1.365925,9.331077,90.372681
21.910000,0.007793,0.014692,0.193493,2.708711,14.407748,106.350471
6.230000,0.013134,-0.031660,0.384939,0.780055,-4.670194,188.454605
50.880001,0.025930,0.011999,0.794296,4.288251,3.200221,10.374051
9.820000,0.022016,-0.015544,0.716168,0.137075,1.747319,181.754227
18.700001,0.003473,-0.026316,0.260363,0.873217,0.011352,0.054831
7.630000,0.056945,-0.182305,0.672546,1.745584,6.608577,28.764412
6.390000,0.008933,-0.011343,0.021738,0.533543,-2.412421,13.049810
6.230000,0.003096,-0.010712,0.139101,1.198957,-1.120884,7.347373
12.620000,0.030787,-0.032861,0.040648,0.433591,-0.898048,8.389164
4.830000,0.004992,-0.005769,0.008481,0.259528,-1.751997,17.524033
20.090000,0.103822,-0.003094,0.062434,1.635663,3.256181,16.043591
6.540000,0.013094,-0.006017,0.036895,0.235227,1.705978,73.802711
34.169998,0.015038,-0.017666,0.030559,3.209745,10.219297,43.974567
12.150000,0.064157,-0.095993,0.812281,1.285371,3.327067,202.239151
46.439999,0.007068,-0.020018,0.170050,3.453043,4.819287,104.102402
22.900000,0.014524,0.027586,0.824319,1.547177,6.498620,173.332184
20.400000,0.022724,0.018067,0.120482,0.769422,6.864542,163.155518
14.630000,0.007482,-0.018536,1.083902,2.392517,12.939592,135.816711
16.639999,0.009494,-0.085059,0.772753,2.651546,4.856512,127.888130
23.040001,0.070888,0.013260,0.313195,2.382605,-6.545252,197.315308
33.240002,0.007211,-0.011241,0.737808,2.937470,0.014789,69.701340
19.629999,0.063702,-0.020947,0.061801,1.059129,-1.661680,123.315231
20.530001,0.023504,0.063507,0.189155,1.597883,7.035205,39.971897
18.969999,0.032458,-0.052411,0.528523,2.569831,10.834216,89.067688
31.040001,0.026356,-0.019200,0.379480,2.990430,3.332078,192.073471
46.000000,0.037941,-0.199417,1.258045,4.594519,18.499273,229.512177
31.910000,0.047073,-0.237043,1.221881,0.609289,-3.875029,568.774292
44.790001,0.011772,0.026274,0.741755,3.941586,21.797672,154.283859
5.760000,0.010130,-0.085417,0.984767,2.789877,4.667194,340.413605
43.990002,0.034305,-0.069183,0.151041,4.307424,3.914567,236.015137
25.469999,0.054929,-0.105973,0.530424,3.170107,6.482016,445.601654
34.529999,0.034121,0.012732,0.567027,0.684269,8.526936,374.321228
46.880001,0.020316,0.011948,0.144169,1.866889,8.412689,162.354996
52.000000,0.032178,-0.026742,0.028756,4.560665,13.917212,239.568176
43.830002,0.012830,-0.083423,1.518749,4.081447,-19.468410,517.364624
22.780001,0.030175,0.100987,0.758570,4.134047,15.969398,196.975372
16.030001,0.006078,-0.006357,0.156110,1.330310,7.569748,389.443634
27.219999,0.055155,-0.150509,0.459997,2.462373,-0.186713,210.617371
39.060001,0.004126,0.047230,1.269791,5.495486,11.427536,124.357018
22.430000,0.029840,0.021126,0.454343,1.625829,-16.094976,356.808136
40.240002,0.049238,-0.154975,1.823318,4.651995,3.574501,42.472198
14.790000,0.011507,-0.028600,0.115755,0.489910,0.273627,330.533020
37.520000,0.002284,0.014846,0.744777,0.797286,6.361655,67.716454
37.250000,0.009070,0.035997,0.282831,6.028051,21.148796,98.202553
13.070000,0.016135,-0.099547,0.695649,2.136292,-16.793646,379.760437
36.139999,0.035113,0.045295,0.549530,4.361232,3.744476,50.126621
11.830000,0.025283,-0.074015,0.451565,1.296828,13.192226,336.092926
18.520000,0.027800,-0.002829,0.969366,1.169174,-2.130549,121.834785
45.759998,0.010315,0.073358,1.815032,4.629478,5.353625,34.543613
30.980000,0.029312,0.053732,0.195394,3.047667,-16.004065,209.125946
41.840000,0.005682,-0.013209,0.115706,2.650927,-6.933211,36.210480
15.260000,0.017053,-0.003520,0.023833,0.835212,0.877376,120.760101
12.460000,0.003281,0.001679,0.166053,1.252231,1.166105,6.086256
21.790001,0.009570,-0.016899,0.098696,2.571392,-1.330286,7.215777
14.320000,0.043389,-0.036756,0.060339,1.861839,-6.998322,45.707233
24.440001,0.017431,-0.051397,0.282393,1.749184,-4.710692,26.505371
9.350000,0.007693,-0.010448,0.024711,0.744465,-2.683814,23.303232
5.140000,0.015266,-0.016243,0.044840,0.152604,0.932694,23.248402
5.770000,0.021301,-0.009340,0.078859,0.326128,-0.492221,2.708658
31.110001,0.020443,-0.020879,0.139880,1.971220,1.568587,4.353593
19.309999,0.005648,-0.008488,0.065456,1.554844,-6.792747,142.199066
65.300003,0.009759,-0.004346,0.039917,3.948250,2.410423,34.971298
21.910000,0.003015,-0.001125,0.005166,1.808232,8.745583,286.580444
15.110000,0.027767,-0.090394,0.328012,0.527355,3.415392,136.222473
56.689999,0.008520,-0.013669,0.166297,5.171972,11.668425,35.388016
21.170000,0.052468,-0.158162,0.577652,2.987001,-6.965989,247.420013
54.990002,0.005391,0.009792,0.443669,2.775105,-3.973662,65.874123
35.080002,0.023229,0.004005,0.370074,3.748501,4.661999,148.109848
9.190000,0.036898,-0.080312,0.838453,0.614447,-2.693827,155.435303
49.369999,0.041470,0.020010,0.153089,5.765308,6.157448,9.145833
18.350000,0.003418,0.015902,0.459704,2.238183,-1.035228,243.340591
41.810001,0.006473,-0.032009,0.329669,2.342335,-3.810749,89.714706
42.060001,0.041401,0.085068,0.240428,4.052296,3.088938,119.959549
11.990000,0.015596,-0.005872,0.142853,0.294206,-4.780786,218.995544
44.080002,0.027268,0.030509,0.210503,3.927910,4.763439,29.784271
28.270000,0.045933,0.039031,0.388399,2.543020,-5.163813,97.928406
36.990002,0.031678,-0.088596,0.393468,2.179710,-5.726484,28.928905
17.760000,0.010841,0.027288,0.372218,1.798993,-3.273766,49.008072
12.460000,0.100379,0.053178,0.037578,1.253451,-3.501710,26.154449
14.800000,0.000899,-0.007789,0.165176,1.325308,-0.919636,37.910248
10.900000,0.054090,-0.017053,0.052345,0.841253,0.546433,16.997652
11.680000,0.009263,0.001125,0.015499,1.543288,4.577121,27.920015
25.219999,0.010006,-0.007525,0.021494,1.186676,5.525847,29.663643
22.540001,0.019309,0.007568,0.020860,2.660283,9.800255,76.993881
12.450000,0.074606,-0.186847,0.736199,0.829601,10.371519,144.326508
33.220001,0.005832,-0.049940,0.926914,3.260915,16.912647,135.202606
16.809999,0.004347,-0.045875,0.581697,1.640437,13.682778,262.410858
38.549999,0.013921,0.001329,0.205434,1.252463,14.410059,227.264099
44.330002,0.020836,-0.009485,0.114195,3.714815,24.993000,281.930725
8.720000,0.037631,0.025609,0.337711,0.559199,4.999029,500.038025
28.400000,0.015900,0.024672,0.125015,2.220296,16.737186,188.728760
18.660000,0.050469,-0.140649,0.700718,2.199684,11.705550,307.131104
19.480000,0.021592,0.008991,0.692237,0.671445,-7.251638,214.455551
52.430000,0.043866,-0.047051,0.182770,3.362542,3.517938,26.417641
10.750000,0.030622,0.020232,0.500401,0.464884,0.699852,179.297791
14.330000,0.023545,-0.002642,0.155136,0.455238,1.670844,6.568769
9.970000,0.047319,-0.045287,1.041597,1.719177,3.507138,10.889463
19.000000,0.015530,0.061010,0.700766,1.170923,-7.327378,55.730370
36.369999,0.031827,-0.001585,0.036408,2.777627,-4.731277,21.449942
9.040000,0.035354,-0.030569,0.120726,0.520973,-1.591339,65.567070
42.439999,0.047918,-0.067035,0.224881,2.031677,0.979075,12.073816
10.590000,0.031659,-0.032776,0.249006,1.909353,9.067571,89.813400
20.219999,0.002488,0.000656,0.014768,2.862412,0.630884,76.094650
50.290001,0.004834,-0.014990,0.518629,3.593988,6.373411,120.957489
12.300000,0.022763,-0.075966,0.438942,0.510868,6.175435,249.821640
33.860001,0.010997,-0.064768,0.836455,2.102643,12.296885,104.815193
16.620001,0.023681,0.055854,0.703886,3.523692,21.387529,244.612656
15.240000,0.008887,-0.055419,0.804628,2.192424,-13.723413,328.833252
80.269997,0.033160,-0.087718,2.162150,6.574988,10.938829,96.524719
8.560000,0.026277,-0.016388,0.602265,0.363174,-2.335553,348.978271
36.680000,0.008450,-0.043045,0.431143,0.959395,1.379882,24.761740
23.450001,0.039949,0.077253,0.672157,4.415763,11.459259,54.633743
14.620000,0.072175,-0.040139,0.022761,4.673016,-25.732222,147.057114
60.709999,0.003733,-0.027407,0.264603,5.395987,-14.248507,49.238358
35.130001,0.029500,-0.001074,0.035238,1.937040,-15.811987,141.091476
27.709999,0.034508,-0.050766,0.085732,1.407873,-6.490136,68.023514
7.160000,0.011681,0.017658,0.216936,0.758680,4.146924,36.528507
9.500000,0.025694,-0.005787,0.027732,2.370667,-2.150311,5.658573
14.470000,0.014566,-0.009741,0.047082,2.582070,-9.890063,39.028801
54.750000,0.018665,-0.002829,0.012331,2.660011,-9.950511,47.187675
26.930000,0.023113,0.005957,0.005946,1.511464,-10.314604,126.572197
52.700001,0.007185,0.001329,0.022371,1.564658,-0.851192,59.425987
23.020000,0.008985,-0.048585,0.460971,2.552609,17.957396,178.574036
9.960000,0.020422,-0.051278,0.617569,1.565805,1.991643,215.760513
60.910000,0.042202,-0.092116,0.420226,4.095590,11.688038,138.865326
28.270000,0.044903,-0.180430,1.102423,3.897185,-4.461197,418.690552
45.730000,0.014766,0.042329,0.517557,0.626776,0.575489,304.608887
37.119999,0.072643,-0.123247,0.820907,2.873107,21.037146,159.503769
14.000000,0.051089,-0.355347,2.671763,3.087841,2.579785,252.936035
33.419998,0.002815,-0.037557,0.831727,2.100489,-1.398935,207.481018
44.299999,0.034092,0.126366,3.652046,4.434238,12.946953,224.719925
4.830000,0.024791,-0.023478,2.186958,2.515975,-4.904863,344.405334
78.360001,0.051555,-0.047749,0.692140,6.197627,1.861657,74.460686
28.420000,0.066260,-0.306805,1.825901,3.928695,-11.538855,354.187195
43.310001,0.031343,0.056808,0.669525,1.394554,-5.207355,211.099869
30.420000,0.026532,0.026308,0.174582,2.370500,13.509453,224.270294
7.620000,0.007275,-0.048585,0.888313,1.947530,6.580067,162.354996
36.810001,0.030899,0.074313,0.202071,3.044895,-2.494545,67.793213
33.060001,0.014172,-0.066958,0.364079,3.856231,-6.964868,138.481522
18.969999,0.008687,-0.010593,0.073985,1.864597,-3.476801,90.570068
25.180000,0.006296,-0.004679,0.027781,2.710453,2.680509,104.069489
12.290000,0.004835,-0.003724,0.012818,0.423884,6.547399,141.793304
37.310001,0.012156,0.005181,0.158986,3.166446,8.991499,37.701889
31.219999,0.022416,-0.046096,0.219325,5.366537,-0.017783,164.822403
38.930000,0.046197,-0.108291,0.372511,5.488772,-15.786083,222.614410
42.930000,0.043231,-0.072131,0.352771,5.935076,-9.606174,262.432770
15.550000,0.030744,0.001278,0.274156,1.488374,8.539652,253.813324
20.530001,0.013605,-0.038102,0.248129,1.353547,9.247655,193.981567
53.279999,0.009236,-0.015681,0.138321,5.670855,15.240052,168.726364
21.290001,0.035717,-0.177976,2.872713,2.589500,-8.374175,304.532135
36.040001,0.034578,-0.117963,0.681173,2.590979,6.459484,166.006744
11.840000,0.005266,0.007917,0.394297,0.971605,10.750212,200.122665
8.560000,0.021170,0.044963,0.682441,1.573852,5.318354,105.637657
27.820000,0.012521,0.005173,0.332788,3.475745,-0.412179,89.352814
35.230000,0.013368,-0.015578,0.258949,2.711277,-4.616662,95.987373
22.240000,0.050436,-0.088775,0.480613,2.389034,-6.058277,111.625214
24.709999,0.015868,0.018271,0.103229,2.284955,2.699458,63.494453
7.010000,0.007285,-0.011692,0.113951,0.964099,6.698317,130.125244
21.650000,0.024113,-0.076392,0.604897,1.783397,1.497152,42.351570
20.530001,0.009482,0.010303,0.537735,3.910197,2.311788,59.776901
17.430000,0.014280,0.029060,0.214792,2.130521,-12.054304,125.047882
35.730000,0.018029,0.043437,0.461605,3.781992,-7.936426,49.040970
15.400000,0.016043,-0.062476,0.323089,0.677217,-6.853575,134.292419
20.700001,0.033160,-0.025652,0.261727,0.817768,1.641897,32.821915
14.480000,0.033432,0.013891,0.022907,1.630138,1.534296,16.866058
20.530001,0.013295,-0.021169,0.209528,4.912670,-13.666302,53.273933
62.619999,0.026447,-0.083517,0.352771,4.338827,-25.905128,167.092407
47.930000,0.058982,-0.063524,0.090264,4.966005,-18.087368,103.367653
26.580000,0.036272,0.066779,0.279078,0.709255,-6.658472,258.046295
38.240002,0.001393,0.002105,0.152650,2.679413,6.973027,25.156525
24.700001,0.036713,-0.123358,0.630826,3.593085,12.748068,101.887230
63.500000,0.078909,-0.119932,1.639719,4.548453,-12.743555,279.112396
57.110001,0.034110,0.014454,0.527841,4.864867,4.765610,177.488388
18.660000,0.034827,-0.121415,1.706394,1.087610,3.847753,329.710571
30.620001,0.015990,0.004713,0.693699,1.739084,12.957487,123.775803
14.630000,0.049649,-0.096539,1.195465,3.872731,9.957325,162.311127
42.779999,0.042006,-0.084412,0.670402,6.401683,-14.612579,121.220665
69.029999,0.015113,-0.020129,0.261435,4.233339,-11.838436,154.963745
22.049999,0.009824,-0.014240,0.616205,2.450031,-8.893665,123.194595
27.530001,0.026646,-0.027143,0.284537,1.120087,0.267965,37.679955
20.700001,0.014314,-0.012681,0.119507,1.316505,5.653880,45.509842
8.710000,0.030479,0.017274,0.027342,0.838960,1.230536,29.027603
21.170000,0.009446,-0.007363,0.262117,1.803047,2.591406,12.819520
13.400000,0.012314,0.014573,0.119459,0.989181,3.404088,23.708984
16.030001,0.034098,-0.012178,0.022127,1.679997,4.343477,21.340277
16.980000,0.019754,-0.002863,0.020422,1.169382,5.117651,31.670464
21.139999,0.027250,0.000852,0.003314,3.049812,4.136249,40.750500
33.419998,0.006525,-0.003912,0.018911,2.251307,4.328209,107.666412
27.400000,0.042944,-0.009281,0.091921,0.857269,0.811389,96.031250
21.600000,0.012214,-0.003094,0.041038,3.017327,11.439694,53.624851
11.680000,0.012213,-0.024305,0.096210,0.946614,0.907074,206.066376
54.900002,0.013050,0.000375,0.162446,5.390451,10.752045,48.196568
22.400000,0.008203,0.020641,0.194809,1.497354,14.761238,460.449951
44.770000,0.013903,0.027961,0.455318,0.384192,7.770660,229.238007
36.060001,0.043885,-0.139379,1.990979,5.629785,32.973057,241.377625
14.170000,0.014003,-0.015297,0.248714,2.243218,-23.576736,511.267426
27.670000,0.037350,-0.017504,0.038796,2.426275,10.035416,47.966270
8.870000,0.015119,-0.019149,0.606213,2.251225,13.659964,131.737274
32.509998,0.044677,-0.061640,0.365005,2.204562,-7.168519,47.231537
49.990002,0.019346,-0.098908,0.924575,5.833695,-12.332287,68.012543
38.650002,0.031266,0.016090,0.210795,3.278562,-18.225603,126.594124
41.410000,0.097904,-0.042900,0.055855,2.521721,-11.631144,121.747047
11.670000,0.043200,-0.073154,0.145729,0.743021,5.660285,101.580162
27.180000,0.008228,-0.031114,0.142220,4.284765,-5.174825,16.164217
50.610001,0.031962,-0.103118,0.440111,6.446169,-9.937808,78.265961
23.610001,0.057849,-0.059970,0.076861,3.372746,-18.109173,179.429428
65.830002,0.074524,-0.075088,0.319775,2.842481,-0.991896,138.207367
4.670000,0.009908,-0.006775,0.943534,2.000870,12.366897,159.832764
43.740002,0.067581,-0.131454,0.624198,4.813973,-11.541451,149.864456
74.650002,0.083165,-0.197449,0.809892,8.257318,0.618406,186.042053
9.340000,0.030477,-0.041579,0.841768,2.170058,-24.642399,487.744873
84.629997,0.049928,-0.075114,0.535883,4.305210,11.342128,60.456810
6.020000,0.001460,0.023521,1.023515,1.896399,17.807751,395.825928
36.840000,0.007679,0.009272,1.376530,1.570119,-14.698729,237.967102
72.589996,0.027770,-0.036858,1.047055,6.403109,10.879644,63.845367
16.170000,0.020455,-0.024944,0.743267,1.022719,-16.220366,296.768005
41.779999,0.011617,-0.029546,0.097819,3.567639,-2.668242,12.435701
6.230000,0.001527,0.023640,0.530765,0.484027,5.516851,121.725121
22.549999,0.030498,0.098413,0.405945,1.761496,-0.567298,1.469475
19.309999,0.021581,-0.025916,0.261873,2.672852,6.832939,54.644711
23.049999,0.039051,-0.048423,0.077202,0.303851,-1.798938,44.928635
34.299999,0.014064,-0.047664,0.243645,3.904840,7.150297,24.849472
14.960000,0.025430,-0.044417,0.236139,0.821944,-7.192194,80.316643
8.720000,0.009978,-0.002267,0.274399,1.195732,-0.070442,15.297886
9.340000,0.015074,-0.003400,0.092555,0.419775,-0.543531,12.676959
8.880000,0.044154,-0.038886,0.134763,0.369876,-1.669877,26.472469
16.959999,0.026192,0.010610,0.035336,1.490856,1.752378,12.885317
12.310000,0.023508,-0.043770,0.086073,0.795773,0.997582,43.612686
28.930000,0.005549,0.007133,0.028610,1.947041,5.653760,36.276283
18.510000,0.017793,-0.041503,0.485438,1.373440,8.459560,97.489761
34.349998,0.044617,-0.079503,0.482806,1.670386,9.688164,114.498383
28.910000,0.023447,0.111725,0.951576,2.827121,16.992126,147.320282
11.220000,0.066951,0.067904,0.434945,0.490974,2.396682,234.019287
49.360001,0.035532,-0.033995,0.215425,3.300678,10.877121,78.869110
13.850000,0.007981,-0.037889,0.908393,1.464065,7.372233,191.799316
15.410000,0.026575,-0.043770,0.380747,2.017097,1.730929,129.862061
29.549999,0.014865,-0.003920,0.166930,1.978964,6.916452,101.920113
18.330000,0.016519,-0.040770,0.640428,1.794910,10.228015,128.118439
44.389999,0.037095,0.030560,0.269477,1.955859,4.407330,132.022415
59.770000,0.020619,-0.138476,1.359568,5.633356,21.319553,182.170975
15.890000,0.065829,0.166846,1.553890,1.330609,-3.951930,594.917847
74.550003,0.041816,-0.095669,1.799485,3.124766,20.570593,326.398773
16.629999,0.037822,-0.167553,2.649148,3.376105,17.471869,581.177124
37.770000,0.022088,-0.104848,1.583523,3.302441,-9.533569,331.015564
37.070000,0.037536,-0.103833,2.522671,4.927079,10.941477,251.806519
16.320000,0.042489,0.157514,0.645009,1.132303,-6.717851,319.095306
62.150002,0.097714,0.054644,0.181065,3.304855,8.370904,80.459206
11.200000,0.033833,-0.106953,0.497136,2.428320,5.712907,200.418762
81.660004,0.026292,-0.158776,1.199900,4.886034,-16.975193,190.735596
46.889999,0.096136,-0.092081,0.119946,7.560911,-12.660063,263.419739
21.600000,0.017259,-0.068731,0.627512,2.579483,-21.026966,266.073578
49.669998,0.021306,-0.024654,0.108541,2.470422,9.040529,69.690369
8.400000,0.004759,-0.003528,0.007993,1.652897,15.852879,188.564270
16.639999,0.008051,0.003682,0.125259,1.537288,-0.722787,39.642914
37.099998,0.005807,-0.002531,0.023638,3.818926,2.247007,48.393959
10.590000,0.023006,-0.125590,1.177968,1.175826,-6.328190,83.716179
16.160000,0.107171,0.059297,0.033971,2.993011,5.271151,31.374378
7.480000,0.005479,-0.035699,0.568002,0.389399,2.003010,22.765888
8.730000,0.015695,0.014257,0.153527,0.465817,0.574643,3.750450
9.190000,0.008644,0.007926,0.016669,0.729706,1.150469,2.796388
10.750000,0.014618,0.007448,0.004143,0.518831,-0.003502,0.010966
7.480000,0.001888,-0.004789,0.014134,0.967828,0.814673,1.030825
20.090000,0.025059,-0.000827,0.007555,1.178740,2.121318,4.068470
16.330000,0.006934,0.000256,0.003948,2.364890,5.681985,14.716677
19.910000,0.010926,-0.007269,0.061850,1.348523,10.301884,84.549614
37.770000,0.009273,-0.006042,0.032996,1.927338,12.445673,110.375076
9.810000,0.009248,-0.033339,0.208066,0.947618,14.243698,217.284821
23.040001,0.005397,-0.011087,1.379405,0.666391,8.479474,147.747971
30.270000,0.004806,-0.046769,1.133128,3.375916,21.067596,142.308731
8.710000,0.042322,-0.215831,1.272131,0.557099,4.836256,301.955048
57.389999,0.025803,-0.108316,1.493551,2.949022,11.795549,114.279053
11.360000,0.024870,0.170195,2.082413,1.318545,18.420067,312.285248
8.730000,0.031902,0.029384,1.098085,0.530227,-3.164675,163.341965
38.099998,0.011154,0.094962,0.923649,4.956364,15.771823,113.105667
28.459999,0.027640,0.049062,0.559083,2.376860,-16.235828,288.916199
58.320000,0.026126,0.063677,0.235701,1.570615,-4.876717,78.331757
28.760000,0.054322,0.001253,0.041915,1.894594,10.049848,195.747147
9.490000,0.022361,0.004065,0.096600,2.644909,-4.645336,39.763542
38.279999,0.049008,-0.076520,0.217326,6.258460,-13.248388,38.184402
41.439999,0.021961,-0.019183,0.042988,4.206822,-22.454628,155.819138
32.490002,0.008664,0.001244,0.007749,2.769876,-12.433413,70.238686
13.070000,0.014761,0.012059,0.010430,0.405093,1.568180,55.280750
13.870000,0.016740,-0.011351,0.113123,3.164185,0.874614,0.361886
24.250000,0.016437,-0.061334,0.238040,3.716667,-21.248468,124.598274
62.480000,0.273892,-0.025319,0.047472,5.780762,-14.855967,53.844170
27.709999,0.023435,0.030339,0.062532,0.772983,-9.242077,348.715057
55.840000,0.003013,-0.021399,0.380991,3.898449,8.281249,36.934254
15.370000,0.008383,-0.030492,0.138906,2.486620,21.778851,263.759705
18.520000,0.039110,-0.009587,0.687948,1.951839,-5.002072,259.175812
88.830002,0.003424,-0.025268,0.275764,7.074131,16.042971,106.207909
12.760000,0.095864,-0.315983,1.465527,0.964250,-5.594342,549.013184
45.009998,0.046435,0.199631,1.370047,0.760306,9.197951,129.971725
24.660000,0.013207,-0.048712,1.745190,4.443976,21.749466,154.897949
21.170000,0.024316,0.024262,0.707200,3.097938,-15.738882,290.232178
77.889999,0.040217,0.024936,0.867794,5.312938,-6.418860,69.317520
34.299999,0.020494,0.026086,0.094797,3.427595,-4.926860,277.171387
33.619999,0.011632,-0.017300,0.097673,0.798389,-5.893601,120.496902
32.650002,0.003375,-0.057081,1.145264,6.039706,13.785418,80.875916
4.670000,0.017960,-0.039892,0.099525,0.397786,-2.204344,349.186584
91.959999,0.021753,-0.018911,0.059705,5.661373,15.199137,63.297066
36.599998,0.058712,-0.055530,0.154258,3.280408,20.010138,442.125366
39.639999,0.018682,0.027458,0.134227,0.563991,-2.905538,460.296387
59.880001,0.008900,-0.017181,0.046497,7.136049,43.079720,301.911194
7.930000,0.028172,-0.118730,1.190201,1.455216,-3.886107,934.037476
55.490002,0.020894,0.047613,0.127988,3.083254,5.701252,290.254089
36.759998,0.049423,-0.249374,1.513827,3.891392,27.877697,405.180145
5.140000,0.013545,-0.045602,1.113486,1.344043,-18.104553,279.880035
63.700001,0.030634,0.094928,0.539880,4.066267,6.367659,17.831085
8.410000,0.021218,0.076222,0.460435,0.304109,2.050702,161.806686
30.950001,0.013438,0.005642,0.140953,1.028316,1.266104,34.543617
44.389999,0.026231,-0.054047,0.540318,2.876988,10.655939,88.826447
7.940000,0.002387,-0.001210,0.156841,0.097357,0.820452,141.025681
33.660000,0.023332,-0.104370,0.484951,3.425812,4.939886,38.019909
24.260000,0.012343,-0.011045,0.709003,1.362217,9.299325,135.871552
23.500000,0.015154,0.040889,0.397562,1.352775,2.060632,129.938828
39.919998,0.017732,-0.090905,0.505470,3.433387,14.587334,92.609787
8.570000,0.006227,0.023768,1.138782,1.246456,12.189251,224.862503
39.110001,0.101660,-0.087198,0.566783,4.022909,-1.253435,132.537827
11.840000,0.014773,0.027859,0.319288,2.321743,16.217680,233.810928
15.260000,0.186381,0.050681,0.974824,0.068534,0.843637,109.388115
45.810001,0.035928,0.025157,0.453417,5.346226,10.719997,26.976919
10.440000,0.041661,-0.103118,0.374996,1.169883,-4.204682,272.795837
37.119999,0.065507,0.026188,0.772997,2.699842,-3.554851,28.172239
13.700000,0.024383,0.081574,0.662165,1.854559,8.703470,109.760971
9.670000,0.010385,-0.013491,0.778846,0.455187,-1.497874,29.323692
11.830000,0.055499,-0.020751,0.322407,1.240478,0.127654,6.239783
9.970000,0.040455,0.005667,0.049226,0.228612,-1.152606,13.302034
15.110000,0.013426,-0.002983,0.004386,1.214297,-0.333399,1.162420
10.900000,0.014472,-0.033168,0.171268,0.870657,2.065880,28.183203
41.009998,0.025132,0.004985,0.002632,2.867591,3.210954,13.916142
25.799999,0.009003,-0.026180,0.113171,1.903649,14.166521,143.602737
38.990002,0.016961,-0.069106,0.561617,1.436991,8.917441,206.362457
80.459999,0.055702,-0.332499,2.324840,5.302699,32.802155,256.796143
16.170000,0.037655,-0.030756,1.218372,1.430584,8.195228,583.337463
86.019997,0.032470,-0.132809,2.431042,3.927463,32.254257,350.184540
22.070000,0.021383,-0.101319,2.669034,1.318020,25.079342,695.850952
32.490002,0.029670,0.289599,4.715721,0.535233,9.655351,481.691528
46.880001,0.050254,0.076699,1.803189,2.550479,24.374084,243.669586
8.240000,0.026236,-0.081369,4.029041,1.169187,19.733015,385.057129
18.680000,0.063358,-0.202358,3.263257,2.487483,-17.849318,239.798477
60.360001,0.077489,0.126409,0.679711,5.847181,-1.848273,28.238037
24.580000,0.017600,-0.018766,0.090264,1.949332,-16.843313,228.108475
39.740002,0.035742,-0.002898,0.013452,1.620990,0.047537,44.435150
7.310000,0.015065,0.034770,0.234872,2.038743,12.535824,83.463951
27.200001,0.012109,0.045687,0.399951,4.002211,-7.509755,87.993004
54.790001,0.038208,-0.085928,0.380309,4.036617,-5.709489,65.863159
40.020000,0.016668,-0.014079,0.266260,3.609437,-15.657799,146.530716
29.379999,0.047629,-0.075617,0.460728,1.460470,-5.723972,72.146805
15.240000,0.014110,0.030040,0.505860,1.233175,-1.608510,109.782898
66.559998,0.148472,-0.182799,0.616984,6.817287,-7.384176,23.127771
19.430000,0.092266,-0.205434,0.600949,3.978069,-15.269164,266.983765
93.540001,0.038457,-0.004500,0.515169,8.090019,-4.319898,133.009369
14.290000,0.016795,-0.009792,0.134373,2.179220,15.009600,709.262695
21.790001,0.030515,-0.143342,0.836991,3.270414,-3.890417,335.281464
44.950001,0.010096,0.030782,0.574143,4.096291,9.361696,321.474976
26.559999,0.006045,0.001926,0.106494,2.602003,0.969669,324.150696
35.410000,0.024904,0.004653,0.105958,1.640291,-3.300046,224.895355
24.110001,0.021596,-0.061777,0.711928,1.221977,0.399487,223.020172
30.000000,0.143729,0.435020,1.558520,1.276689,4.376837,91.524139
18.969999,0.012001,0.039977,0.211429,2.785895,0.963037,58.987339
13.530000,0.021316,0.009903,0.061655,2.538322,-9.060793,82.751144
55.099998,0.037876,-0.110370,0.398976,4.775187,-8.379950,82.038345
28.760000,0.017472,-0.052675,0.230193,2.267690,-15.657423,200.188477
62.770000,0.034930,0.033083,0.106153,1.979310,-4.463193,69.229797
9.340000,0.020526,0.040838,0.103960,1.546007,11.405581,181.896790
10.890000,0.022936,-0.076597,0.314999,3.328261,-7.210423,81.468109
56.689999,0.074373,-0.093130,0.363738,6.068345,-13.120317,82.882744
47.340000,0.037780,-0.069932,0.138857,3.343561,-21.122198,209.158844
56.070000,0.042309,0.003622,0.048836,3.246604,-5.187274,52.714649
6.530000,0.003456,0.003903,0.827195,1.552171,16.227463,219.445175
51.730000,0.020494,-0.066737,0.482270,2.585789,-6.130645,72.409996
44.080002,0.021836,-0.170204,2.555716,6.144506,24.071878,287.962158
17.900000,0.035240,0.154847,1.573288,1.830077,-27.257803,666.615051
65.160004,0.019605,0.077287,0.569805,3.353374,13.855499,97.676193
5.910000,0.014980,0.018263,0.580723,2.356001,19.846704,364.045837
33.709999,0.070408,0.121466,0.238918,1.920352,-8.002667,145.028336
33.009998,0.020267,-0.007338,0.333715,4.268167,1.498599,101.251175
15.250000,0.022270,-0.070486,0.258705,0.957888,-7.515654,203.467377
36.910000,0.025597,-0.002105,0.005361,2.905498,3.838608,38.206337
4.510000,0.028659,0.032486,0.055416,0.570595,9.132151,195.977448
25.959999,0.015347,-0.017735,0.130815,1.937273,-1.235810,26.987883
24.990000,0.034541,-0.097740,0.372413,4.597620,3.639743,106.196945
55.799999,0.014012,0.037540,0.616936,3.597194,-24.266455,195.560715
77.989998,0.039853,-0.088596,0.335420,6.913321,-14.766682,118.106270
16.020000,0.008705,-0.004610,0.054490,1.575291,-6.751430,234.786896
46.750000,0.013821,-0.052888,0.205434,2.371498,8.585133,52.626923
26.400000,0.017305,-0.040753,0.359741,6.211855,16.675728,136.266342
15.860000,0.040165,0.114938,0.710709,2.981826,-12.765418,249.591339
55.099998,0.025257,0.024535,0.560935,5.009074,5.831487,70.929558
13.700000,0.036439,-0.046454,0.581064,0.835545,7.127472,260.217590
43.029999,0.016980,-0.039031,0.860093,1.249419,8.445696,90.910027
55.209999,0.020906,-0.112884,0.735956,4.544789,15.555471,97.851639
20.350000,0.063205,-0.186293,0.827292,3.222796,-14.891957,404.379639
60.250000,0.021273,0.019601,2.215714,4.393491,7.440176,156.882843
14.310000,0.058112,-0.007960,2.164197,0.708255,8.128440,331.980621
18.350000,0.010103,-0.090667,1.898327,2.239582,3.197387,170.130051
15.230000,0.088471,0.151370,0.843961,4.924277,17.373394,146.399139
8.100000,0.060658,-0.048968,0.929497,1.404678,-3.303952,105.670570
31.840000,0.025283,0.061214,0.369148,2.265604,-0.169684,30.606741
9.970000,0.004201,-0.029487,0.357645,0.837103,-1.220454,58.943470
8.720000,0.023410,-0.069932,0.247788,0.571833,1.277587,5.987560
11.060000,0.043474,-0.000673,0.083879,0.792460,1.229194,2.642861
7.320000,0.018166,0.003298,0.083343,0.412743,0.797019,4.452288
5.760000,0.017777,-0.025421,0.101474,0.421542,0.079211,0.098696
5.460000,0.001308,0.000656,0.042159,0.050688,-0.071698,0.175460
6.080000,0.007503,-0.001790,0.009699,0.138130,1.303910,16.701565
22.860001,0.012475,-0.005241,0.004045,0.929601,3.785276,17.436302
16.330000,0.024650,-0.018996,0.092360,1.143125,7.900641,61.739861
18.820000,0.299165,-0.421921,0.626098,1.474362,10.323503,73.298264
19.920000,0.032224,-0.017547,0.769439,1.520673,10.411071,93.969604
16.030001,0.017820,0.003111,0.097673,0.770169,6.810190,67.398430
20.059999,0.049838,0.044579,0.200901,1.579276,7.966761,41.682632
19.459999,0.029579,-0.070964,0.336151,1.546855,5.183683,42.625725
12.160000,0.030991,0.029043,0.128524,0.755025,2.244960,29.893936
21.010000,0.034985,-0.017965,0.099525,1.441338,1.341131,6.722298
6.230000,0.009207,0.007636,0.020568,0.321005,1.283166,10.637240
16.020000,0.004064,-0.000409,0.013793,1.002154,1.745042,12.391836
29.490000,0.011222,-0.013064,0.027440,2.588626,13.388296,87.444687
26.730000,0.011060,-0.041852,0.203826,0.832559,12.442169,265.349792
28.309999,0.031044,0.021510,0.097234,2.026078,18.439438,245.884766
32.279999,0.045076,-0.233353,1.781549,2.078692,17.300766,165.513275
4.200000,0.031643,-0.050766,0.095333,0.798818,4.434796,379.848145
33.080002,0.018814,-0.011479,0.125454,1.891238,14.565138,125.398804
20.360001,0.008933,0.010985,0.069745,1.670145,19.514355,248.275360
20.700001,0.011593,-0.009238,0.026806,1.456320,1.575263,353.945923
31.530001,0.018503,0.007815,0.013354,2.385970,14.498556,138.821472
10.280000,0.015822,-0.021902,0.099281,0.688452,6.340068,217.756378
16.040001,0.040530,0.004057,0.133642,1.320395,1.449820,67.705482
16.650000,0.009064,-0.028822,0.314755,2.533816,2.942242,94.803024
19.299999,0.008093,0.016950,0.650078,0.451839,-3.350292,55.280746
26.290001,0.005187,-0.034847,0.609966,1.165318,-2.821744,47.121880
9.500000,0.008467,0.030322,0.241208,0.309453,0.448799,28.259968
9.650000,0.034042,-0.023930,0.113854,1.199098,-2.900517,21.000324
25.660000,0.030324,-0.029103,0.297355,3.674422,-4.522298,8.575590
26.870001,0.011812,-0.002778,0.020958,3.198321,-18.273701,116.263939
47.959999,0.014119,-0.010073,0.031290,3.006614,-12.483340,67.168137
15.560000,0.009127,0.004917,0.007116,1.841287,-12.176228,90.109489
9.190000,0.037006,-0.027254,0.068088,0.194853,0.165339,22.327242
4.360000,0.004841,0.002548,0.159571,1.780439,2.380424,3.553057
12.450000,0.005324,-0.000912,0.039673,2.556399,-6.586918,18.532923
46.029999,0.005336,-0.003281,0.046302,4.042971,-17.653683,81.281670
34.330002,0.010206,0.015255,0.062824,2.678401,-15.028237,90.910027
23.469999,0.012797,-0.030467,0.161862,0.521498,-6.308974,123.216530
5.450000,0.007267,-0.004789,0.048446,1.101597,4.720171,24.224394
10.890000,0.006959,0.015493,0.050445,1.805824,-4.652596,13.433628
40.509998,0.008340,0.021169,0.063165,4.038644,-16.660099,71.949409
61.689999,0.005588,-0.009383,0.313342,4.024786,-21.538895,120.902649
22.230000,0.008796,0.004184,0.013111,2.392143,-13.069045,77.377693
25.650000,0.004317,-0.001790,0.000877,0.180599,0.274455,111.866486
5.760000,0.013940,0.005616,0.010771,1.043616,2.322770,6.316547
17.250000,0.006033,0.000009,0.004825,4.347357,-10.691317,27.415567
35.910000,0.020680,0.002642,0.008724,3.372006,-13.457983,56.848919
25.469999,0.031474,0.019311,0.019788,2.773677,-13.328202,68.440224
12.910000,0.004336,-0.000810,0.001852,0.958470,-6.609170,61.685024
22.100000,0.001954,-0.002071,0.003363,0.962070,1.653646,4.090403
28.209999,0.012019,0.003085,0.007847,4.621595,12.066649,56.574764
7.010000,0.033028,-0.017164,0.074522,0.534851,2.074546,336.323242
16.510000,0.013764,-0.026896,0.088412,0.396963,5.523603,126.221268
25.780001,0.026612,0.011922,0.310612,1.618396,9.665856,90.690697
8.880000,0.019620,-0.064120,0.411355,0.754060,10.021489,229.183182
9.810000,0.024030,-0.026504,0.202071,1.173526,-2.197772,108.061211
26.270000,0.071861,-0.000273,0.117022,2.626194,1.811147,24.794640
13.380000,0.019526,-0.052581,0.187791,0.865938,-4.810254,89.714706
22.400000,0.011846,-0.011880,0.212160,2.225304,-2.918880,6.996453
7.470000,0.013849,-0.022942,0.106202,0.628254,5.503788,82.575691
22.260000,0.015922,-0.026061,0.111807,1.127585,1.404568,71.916519
11.980000,0.014690,0.015186,0.104252,0.920385,6.246635,96.908554
25.510000,0.017175,0.017164,0.060631,2.319423,9.184407,94.704330
13.400000,0.026479,-0.001517,0.025490,0.758471,4.528782,165.579056
24.889999,0.017129,0.016192,0.345948,2.203054,4.855923,51.124550
12.930000,0.066422,0.017556,0.029536,0.732051,6.827424,102.885139
10.600000,0.020866,-0.025669,0.138077,0.222690,2.267919,34.960335
9.490000,0.012870,-0.023853,0.081832,1.363759,4.800137,19.421186
4.830000,0.025767,-0.015050,0.015645,0.224927,1.287881,30.771233
10.900000,0.057055,-0.051013,0.063068,1.226531,0.745287,0.910197
5.920000,0.003304,0.000852,0.030705,0.240530,1.490211,23.621254
12.470000,0.039853,-0.014215,0.044596,0.735316,0.214342,4.956734
4.670000,0.012197,-0.010508,0.028610,0.238806,1.143618,8.663319
7.630000,0.008070,0.000937,0.009455,0.470733,-0.129345,0.449615
7.320000,0.003733,0.001491,0.002632,0.490457,0.382668,1.272082
6.860000,0.005232,-0.002915,0.002876,0.527084,-0.352015,0.581210
9.350000,0.012012,-0.009323,0.014670,0.601894,-0.488990,1.096623
7.320000,0.003141,0.004602,0.031680,0.822133,0.379834,0.350919
15.400000,0.053433,-0.113106,0.245156,0.891369,2.848699,13.729715
35.410000,0.021245,0.016985,0.094651,1.844436,9.053108,72.738983
10.430000,0.001441,0.011215,0.113951,0.865410,13.231339,236.793747
26.420000,0.014473,-0.024280,0.073839,2.126555,-5.345451,175.613159
20.700001,0.027481,0.001517,0.004971,1.158290,4.184227,136.266342
28.000000,0.032641,0.009519,0.020617,1.656494,8.248123,108.730148
15.710000,0.023255,-0.030756,0.201876,1.139276,4.752061,145.499908
10.580000,0.012727,-0.006732,0.073547,0.908576,0.469583,55.379444
13.370000,0.015230,0.025447,0.231655,2.029722,2.426481,42.724422
15.260000,0.017223,-0.009315,0.100304,0.611424,-4.482368,60.248447
16.490000,0.010890,0.008752,0.048690,1.586878,-1.507380,9.365158
11.380000,0.043185,0.005429,0.016522,0.434287,-1.497018,19.925634
11.370000,0.003722,0.000903,0.001413,0.831772,-2.324691,12.731791
12.940000,0.019434,-0.007269,0.006336,0.313994,-0.551823,19.761141
12.470000,0.020474,-0.006613,0.002827,0.433849,-1.743343,22.327236
7.320000,0.019471,0.002148,0.000780,0.402022,0.973580,13.828413
8.410000,0.016122,-0.004934,0.005313,0.322395,0.349855,10.187625
7.010000,0.011070,-0.001764,0.001657,0.832408,0.286062,0.175460
6.690000,0.057395,-0.004662,0.003802,1.076611,-1.117102,1.590103
7.940000,0.024441,0.000136,0.003168,0.770067,-0.129257,0.043865
8.260000,0.010924,-0.002727,0.006287,0.507827,-1.346632,8.992307
12.930000,0.007960,-0.004806,0.007896,1.336683,-2.290162,7.204812
12.620000,0.016522,0.000954,0.002729,0.718222,-2.025247,11.075890
13.380000,0.017861,-0.009068,0.008822,1.594180,-0.435429,13.422663
8.880000,0.004116,-0.000111,0.002827,0.497846,-1.425631,9.869605
10.900000,0.012602,-0.003136,0.010235,0.800045,-2.178216,9.694145
9.340000,0.007477,-0.003997,0.003168,0.351852,-0.816200,9.869605
10.290000,0.035910,0.010005,0.006775,0.447837,-1.223670,13.214302
7.940000,0.026092,0.001679,0.001413,0.283639,0.206013,11.075889
5.610000,0.014675,-0.004261,0.002437,0.330373,0.000000,0.000000
5.450000,0.003186,0.000153,0.002632,0.424603,-0.277273,0.932129
6.550000,0.097252,0.000000,0.000000,0.149277,-0.150116,1.140488
10.900000,0.005966,-0.008795,0.015304,1.144265,0.990323,2.533199
18.990000,0.012797,0.003954,0.012965,1.150493,7.299925,58.088108
10.120000,0.013815,-0.025208,0.106446,1.103208,8.711382,124.982086
18.820000,0.010988,-0.014718,0.032801,2.272195,2.102269,123.490685
14.330000,0.014588,-0.001585,0.033191,0.471652,5.040031,138.240250
21.309999,0.004189,0.001210,0.004045,1.569475,9.271973,72.969269
16.030001,0.021520,-0.027126,0.060534,1.167284,9.601137,118.588776
8.410000,0.009947,-0.026384,0.268453,0.541542,3.698459,94.890762
18.200001,0.002941,-0.008207,0.336785,1.478485,3.850523,44.972496
8.260000,0.007135,-0.024365,0.429340,0.301659,1.255057,60.314251
12.460000,0.025973,-0.018817,0.056976,1.197128,0.861621,13.488458
11.830000,0.010277,0.039031,0.244181,0.805307,1.027053,19.815969
9.660000,0.000741,0.000989,0.059315,0.488373,-0.551482,13.784548
6.860000,0.018354,-0.038290,0.258657,0.462311,0.502315,6.810027
10.910000,0.018194,0.016720,0.164152,0.738337,0.665950,8.476894
8.260000,0.008529,-0.017027,0.080419,0.278087,-0.171068,1.864259
8.560000,0.016807,-0.020249,0.103034,0.528222,-0.331446,4.386491
9.500000,0.044581,0.007499,0.020178,0.304739,-0.300663,2.851219
5.610000,0.031860,-0.051474,0.176922,0.358363,-0.461779,2.906050
7.000000,0.002243,0.001764,0.217131,0.566099,0.714442,1.326914
17.280001,0.010045,-0.013081,0.093481,0.951670,5.005476,32.690323
25.469999,0.008506,0.000622,0.007847,2.483193,15.578093,116.921906
14.950000,0.028834,0.001321,0.015450,0.863045,0.630522,297.162811
51.299999,0.009124,-0.002514,0.008432,1.825221,8.641356,108.061188
5.140000,0.011536,-0.011761,0.083343,0.370691,10.468816,327.659882
14.480000,0.008348,0.000392,0.222395,0.654198,-4.608804,124.642128
28.420000,0.016625,-0.030407,0.094066,2.997591,4.961658,23.698017
14.000000,0.034295,-0.014863,0.042354,1.786706,-11.904749,128.973801
26.889999,0.271496,-0.010704,0.159912,1.831816,-3.287154,14.025804
14.170000,0.003587,0.003562,0.008286,0.817655,-2.782262,50.291119
13.240000,0.038490,0.003443,0.029146,0.246151,0.614615,14.552183
6.690000,0.021186,-0.000716,0.057463,1.005081,1.095988,2.127448
5.290000,0.041506,0.018306,0.011990,0.633716,-0.567618,4.309728
12.610000,0.013115,0.002642,0.007993,1.204266,-1.938993,5.307654
13.720000,0.005044,-0.001466,0.010771,0.639639,-2.222528,13.477493
11.210000,0.018790,-0.000111,0.017059,0.853438,-2.064276,9.869605
8.410000,0.010934,-0.005863,0.028220,0.408863,-0.796181,8.871678
9.190000,0.008108,-0.002182,0.000829,0.517681,-1.079655,11.953188
7.940000,0.010414,-0.003076,0.011064,0.300221,0.276102,7.424136
8.100000,0.038289,-0.003230,0.005751,0.375502,0.314236,3.728517
7.780000,0.007375,-0.004142,0.018375,0.472050,-0.013624,0.087730
6.860000,0.002071,0.002045,0.002193,0.469277,0.105727,0.372852
5.610000,0.012365,0.005369,0.005654,0.754773,-0.787990,1.579137
8.100000,0.006862,-0.002096,0.001413,0.515719,-0.734641,3.169239
10.750000,0.022250,0.001577,0.001218,0.673755,-1.465103,6.853892
8.410000,0.078315,0.000187,0.002437,0.521058,-0.970445,4.836106
8.570000,0.037523,-0.001091,0.001413,0.444142,-0.883446,8.772983
15.560000,0.003059,-0.004005,0.007847,1.124658,0.808462,5.965628
24.709999,0.004092,0.006238,0.012623,2.472193,15.320951,114.037804
56.660000,0.107177,-0.420481,1.854267,4.557162,-26.636118,300.277191
28.129999,0.020520,-0.211604,3.048611,2.064856,15.180127,135.487732
24.900000,0.149223,-0.113020,0.126233,1.282408,0.792612,371.206848
41.009998,0.007996,0.008053,0.288095,1.939717,12.034102,177.356781
8.250000,0.011241,-0.060149,1.135468,0.657867,6.715847,179.484238
7.020000,0.026849,0.025711,0.568587,0.845777,-3.998429,68.319595
39.330002,0.004371,0.000844,0.011015,3.630007,0.808208,5.208958
10.430000,0.008835,0.009127,0.018521,0.941493,-7.115007,84.198685
31.730000,0.007488,-0.006068,0.004923,2.026947,-3.514861,9.628347
7.630000,0.015230,-0.008258,0.007311,0.397059,-2.360224,41.649727
14.630000,0.013301,-0.020845,0.042988,0.926838,-2.512705,11.086855
9.660000,0.010517,-0.021689,0.117655,0.331706,-0.920058,20.671337
6.700000,0.003608,0.006528,0.012623,0.705927,-0.697029,2.467402
6.550000,0.001076,0.000469,0.207140,0.232150,0.290005,1.140488
7.630000,0.011748,0.008028,0.018033,0.478000,-0.184870,0.811501
4.830000,0.008443,-0.008565,0.025442,0.194209,-0.022502,0.394784
9.820000,0.011323,0.001636,0.000877,0.747860,-0.395762,0.274156
5.140000,0.017628,0.001381,0.000195,0.258294,-0.268509,0.888264
10.750000,0.002117,0.000128,0.001218,1.155216,-0.311534,0.098696
6.080000,0.002114,0.000000,0.000000,0.495791,-0.412506,0.537345
5.140000,0.010863,0.001790,0.000439,0.964476,2.232397,6.316547
10.130000,0.048259,-0.023674,0.012672,0.198441,-0.413264,7.994380
5.300000,0.008096,-0.001432,0.000439,0.144472,-0.049672,3.564024
10.600000,0.005946,0.003332,0.005751,0.478443,-0.180255,1.590103
16.980000,0.008114,-0.007142,0.009455,0.676747,3.312000,31.867855
21.320000,0.015689,0.002250,0.001755,1.291575,8.957255,71.455933
7.010000,0.045292,0.013593,0.006531,0.476462,8.762859,198.422928
16.809999,0.010553,-0.082954,0.680296,0.949610,1.054881,152.584076
19.750000,0.045833,0.009264,0.014183,2.047643,11.017110,74.405846
6.380000,0.000261,0.001432,0.008870,0.162939,-0.211380,137.439728
19.770000,0.047217,-0.059314,0.192372,1.270143,3.138962,10.538544
5.300000,0.034173,-0.047161,0.077300,0.797239,4.585151,49.402859
7.780000,0.030872,-0.049454,0.119215,0.284025,0.438901,13.718749
9.030000,0.050797,0.034719,0.029292,1.023378,1.251683,1.721698
5.460000,0.020713,-0.009025,0.008529,0.284315,1.066234,5.801135
9.820000,0.035401,-0.004218,0.002534,0.520261,0.364293,0.405750
7.320000,0.003780,-0.001611,0.003412,0.597222,0.349781,0.394784
9.190000,0.003998,0.002028,0.001950,0.486177,0.324720,0.438649
6.540000,0.019841,-0.004099,0.002583,0.683870,0.161378,0.054831
7.630000,0.006111,-0.003366,0.003558,0.652471,0.211066,0.186426
10.910000,0.031102,0.001176,0.000439,0.696774,0.184898,0.098696
6.550000,0.033496,-0.012400,0.018813,0.629033,0.488931,0.712805
12.150000,0.030747,-0.003324,0.003314,0.664634,0.250058,0.175460
7.940000,0.003953,-0.000631,0.003997,0.559026,0.457615,0.548311
5.760000,0.015417,0.009033,0.009699,0.596187,0.298622,0.274156
9.820000,0.006455,-0.004065,0.003753,0.553264,0.527638,0.636041
9.190000,0.003450,-0.001960,0.006775,0.595811,0.477835,0.701839
11.840000,0.007045,-0.002915,0.009455,0.557868,1.068499,2.390638
7.790000,0.028142,-0.003187,0.007555,0.443780,0.902492,3.596922
5.140000,0.012107,-0.000460,0.015499,0.371299,0.795281,2.324840
10.130000,0.005181,0.004559,0.022907,0.361207,1.584339,7.292542
37.459999,0.004283,-0.000077,0.004045,1.371380,4.669806,19.355392
9.340000,0.011308,0.002250,0.037773,1.035884,7.268207,187.961136
19.610001,0.013754,-0.082128,1.119579,0.729939,3.074562,60.862553
17.719999,0.015272,0.018979,0.169124,1.651186,12.820737,111.186569
9.650000,0.016624,0.008462,0.051127,1.462259,8.462464,244.919693
18.520000,0.010778,-0.009391,0.319629,1.913161,3.517836,97.840683
14.930000,0.034288,-0.034881,0.039089,1.817836,3.028395,60.204582
9.340000,0.013143,-0.014846,0.022371,0.433289,3.343101,70.512840
13.710000,0.043674,-0.001449,0.005946,0.749480,1.319199,7.511865
7.780000,0.022388,0.002983,0.002583,1.017345,3.082838,10.121828
9.510000,0.003770,0.001534,0.015304,0.307194,0.485496,14.091602
8.880000,0.011213,-0.005914,0.010820,0.946187,0.516593,0.745703
6.080000,0.012241,0.002369,0.026611,0.265842,0.710894,6.163019
9.820000,0.017276,-0.001551,0.009017,0.627934,0.232129,0.142561
6.700000,0.039078,-0.003690,0.002583,0.426882,0.534157,1.096623
7.010000,0.014299,0.000639,0.000634,0.510333,0.000000,0.000000
5.920000,0.008471,0.001312,0.000634,0.397237,0.209618,0.274156
7.010000,0.031832,0.006119,0.002583,0.450941,0.000000,0.000000
7.160000,0.021055,0.000997,0.003948,0.399251,0.092686,0.043865
8.560000,0.008284,0.006562,0.005897,0.583581,0.854481,2.741557
11.670000,0.007245,-0.009425,0.022712,1.022174,4.944723,31.111187
27.799999,0.016087,-0.012280,0.710075,2.094941,14.125366,101.229240
5.300000,0.012717,-0.040616,0.283172,0.187415,5.369997,300.101746
34.380001,0.029963,0.005608,0.007896,1.660568,5.537643,67.617760
21.010000,0.024275,0.007781,0.002583,1.519838,12.143690,163.374847
10.130000,0.085156,-0.114350,0.168198,0.337846,1.910405,153.110474
38.990002,0.023410,-0.040386,0.759643,2.180496,5.016490,34.773903
10.430000,0.021641,0.000145,0.179115,0.730325,3.901486,107.765121
10.890000,0.010142,0.095541,1.022198,0.622296,1.286559,12.863383
10.580000,0.024170,0.046667,0.104593,0.885471,2.235285,11.097822
8.410000,0.022604,0.014488,0.274156,0.558002,0.540957,6.239784
14.010000,0.005777,-0.004585,0.081491,1.204789,-1.218591,4.792241
7.630000,0.016828,-0.007124,0.087974,0.459907,0.459571,0.888264
7.940000,0.003685,-0.006323,0.021494,0.435769,-0.220079,1.765563
8.110000,0.005893,-0.003886,0.021591,0.401251,0.324991,2.982814
9.510000,0.011729,-0.004022,0.002145,0.665897,-1.040024,4.057504
9.040000,0.037798,-0.005522,0.020568,0.384330,0.021441,6.952588
9.810000,0.020187,-0.010124,0.007798,0.715589,-1.477416,5.801134
6.230000,0.029628,-0.009068,0.007555,0.346017,0.105415,7.994380
14.630000,0.002876,-0.000554,0.006092,0.417372,-0.938914,11.229417
8.720000,0.013894,-0.010891,0.021932,0.453723,1.119830,9.222597
7.170000,0.029062,-0.000656,0.003558,0.335374,0.219422,8.597523
7.320000,0.007781,-0.007167,0.011064,0.474836,0.536792,1.370779
5.760000,0.002362,0.001329,0.001316,0.355281,0.180338,0.888264
9.510000,0.021915,0.000196,0.001218,0.808589,-0.146964,0.043865
8.560000,0.004508,-0.000920,0.001998,0.471046,-0.414094,1.096623
7.930000,0.171597,-0.056493,0.020129,1.151713,-1.882833,4.397458
13.080000,0.034009,-0.008105,0.005946,0.627617,-1.262790,5.318621
9.960000,0.016071,0.031830,0.263043,1.097685,-2.527904,10.045065
15.860000,0.009480,0.005991,0.013793,1.680055,5.723611,24.037971
14.630000,0.010672,-0.028208,0.134032,1.442910,10.673336,84.154816
27.980000,0.005206,-0.050869,0.882611,2.569260,-3.321964,147.605423
13.560000,0.015621,-0.047997,0.422955,0.557792,4.152480,154.207092
35.540001,0.016445,0.012417,0.010771,1.793852,11.521791,92.412399
9.340000,0.034630,-0.025294,0.027879,1.044638,14.026680,208.380249
12.310000,0.051470,-0.200253,0.798780,1.112297,-1.562179,65.950890
19.290001,0.007170,-0.003017,0.352625,2.010442,6.261372,40.333786
9.040000,0.017664,0.067512,0.319580,0.657441,1.827541,51.508369
17.120001,0.025888,0.030535,0.039917,1.229375,0.558256,10.154727
7.010000,0.013325,-0.031242,0.099671,0.696916,2.605704,20.199791
7.940000,0.017954,-0.009673,0.022371,0.461323,0.613482,5.197992
12.160000,0.005101,0.002932,0.007018,0.824779,1.115498,2.675760
7.950000,0.030591,0.001406,0.028366,0.529419,0.320473,3.564024
14.330000,0.008085,0.001057,0.018423,0.942939,-0.225130,0.383818
6.700000,0.002399,-0.003042,0.016035,0.428073,0.000000,0.000000
8.260000,0.004642,-0.002531,0.017010,0.578515,-0.108856,0.493480
8.100000,0.031504,-0.002054,0.001072,0.448572,0.102798,0.537345
7.630000,0.005771,-0.000085,0.000195,0.651377,-0.197258,0.175460
10.750000,0.001696,-0.000383,0.001218,0.523771,0.084749,0.394784
16.950001,0.008136,0.002011,0.004192,1.679595,1.551849,1.633968
13.840000,0.009379,0.006963,0.032119,1.541139,6.433344,40.103493
69.959999,0.099728,0.000486,0.196807,3.096961,16.423325,132.658447
8.410000,0.062615,-0.165022,0.643352,0.596904,-3.521648,414.983948
54.020000,0.028877,-0.259200,4.004427,2.396839,7.609944,50.455608
16.510000,0.002298,0.019737,1.836770,0.480187,8.972424,293.785187
7.930000,0.054261,-0.011369,0.009309,0.588655,10.080627,246.564667
16.650000,0.022943,-0.105137,0.709393,1.682643,-2.108189,129.467285
8.870000,0.101644,-0.299118,0.947823,0.651663,4.559935,54.896931
14.480000,0.004032,-0.003656,0.022517,0.546141,0.704366,15.846198
11.060000,0.006343,0.013797,0.054295,0.891941,2.643012,14.530250
5.610000,0.007054,0.003758,0.004045,0.136944,0.273868,4.594849
8.250000,0.021614,-0.013175,0.019544,1.091076,1.049401,1.579137
6.390000,0.009218,0.002761,0.001267,0.279701,-0.333755,5.965628
8.410000,0.009239,-0.005744,0.008042,1.517110,0.572947,0.274156
11.680000,0.087148,0.003895,0.001608,0.558956,-1.780753,11.942222
7.010000,0.004791,-0.000758,0.005020,1.921407,3.768951,8.597523
4.670000,0.009866,-0.020658,0.134958,0.302748,-0.074889,0.175460
8.410000,0.006397,0.026913,0.129207,0.780124,-0.226075,0.098696
6.690000,0.013357,0.006187,0.042598,0.473032,1.949389,18.434227
13.080000,0.011614,-0.000767,0.000439,0.468085,2.381134,27.415567
9.190000,0.272457,-0.005471,0.213086,0.297580,-0.393136,5.307654
6.690000,0.020054,0.010482,0.016717,0.282115,-0.323214,6.316547
22.730000,0.006250,0.001619,0.012623,0.784584,-2.717469,14.212230
7.930000,0.070004,-0.002940,0.002583,1.019467,-4.099764,22.206610
5.600000,0.029184,-0.056382,0.148312,1.303934,2.561466,6.316547
11.520000,0.017115,-0.002744,0.020617,0.264057,-0.011000,6.853892
7.930000,0.023845,-0.010525,0.018180,0.406039,-0.734646,5.844999
20.090000,0.013533,-0.001568,0.051663,0.692889,-1.995582,24.959133
63.869999,0.020090,-0.076810,0.336395,4.623041,-0.471349,36.692993
5.920000,0.012299,0.008147,0.061021,0.428930,1.613415,275.361969
42.060001,0.044993,-0.361662,3.458797,3.094934,3.456926,48.854542
13.710000,0.002365,0.017973,0.600511,0.717750,10.550261,248.077972
28.170000,0.001808,0.000383,0.032558,1.175551,15.125817,241.838196
17.570000,0.032152,-0.134897,0.903958,1.893324,5.617251,201.986923
5.610000,0.012901,-0.020419,0.943632,0.572917,0.068933,161.225464
36.040001,0.017709,0.098533,0.611087,2.064348,1.896637,10.275355
8.100000,0.029606,-0.066012,0.189594,0.400290,0.011266,64.580116
7.950000,0.015032,0.015936,0.026465,0.472817,-0.394096,4.364559
8.100000,0.014380,-0.007891,0.007408,0.662624,1.406526,15.637839
6.230000,0.006086,0.001381,0.004045,0.237105,-0.405044,7.259643
8.570000,0.006403,0.005693,0.013159,0.599214,1.329270,9.913470
10.750000,0.007190,-0.002616,0.005556,0.232047,0.289568,4.496153
5.760000,0.001201,0.000426,0.000975,0.436344,0.787311,3.564024
7.320000,0.026718,-0.018868,0.015499,0.287285,-0.005925,0.274156
7.170000,0.001299,0.000954,0.016522,0.734531,0.502017,0.537345
6.860000,0.002797,-0.000946,0.006580,0.299243,0.036169,0.043865
10.750000,0.005086,0.000494,0.004338,0.896725,0.053789,0.098696
13.860000,0.013277,-0.000716,0.036067,0.831453,0.741744,1.601069
17.280001,0.003183,-0.001193,0.007262,1.223501,5.823006,38.272133
37.740002,0.004835,-0.004287,0.021786,2.151606,11.597022,95.132019
9.500000,0.042279,-0.137717,0.689166,0.806162,12.557028,282.862885
18.660000,0.005871,0.030219,0.665723,2.994144,-7.486556,154.678635
14.010000,0.030743,0.035196,0.252418,1.538132,6.521664,109.717102
36.320000,0.029127,-0.132084,0.847811,2.705304,7.196863,119.411247
16.350000,0.039861,-0.157625,0.902886,1.409316,-1.929062,200.331024
20.530001,0.003140,0.002625,0.039673,1.378642,2.377315,19.925634
9.190000,0.027832,0.025558,0.102449,1.345508,1.821581,79.406448
13.540000,0.017956,-0.005394,0.052930,0.633817,-1.297150,16.372576
9.950000,0.009470,-0.008735,0.015840,1.835311,2.907910,14.442520
8.730000,0.001904,-0.003068,0.010625,0.155557,-0.543209,11.722898
8.720000,0.015989,-0.004747,0.008286,1.313278,-0.153347,0.668940
5.760000,0.015210,0.003673,0.002827,0.280651,-0.011491,3.344699
11.060000,0.032368,-0.013133,0.007311,0.661007,-0.198443,0.175460
7.320000,0.009577,-0.005522,0.010235,0.310383,-0.034978,2.149381
12.610000,0.011535,0.004500,0.014329,0.749756,-0.883869,2.149381
6.700000,0.008240,-0.005267,0.004240,0.394982,-0.112591,3.169239
6.700000,0.014533,0.002923,0.006970,0.800895,-1.068820,2.807354
8.100000,0.010353,-0.002403,0.006921,0.416015,-0.268470,3.958808
6.230000,0.002100,-0.000639,0.007555,0.950190,-1.627339,4.836106
10.120000,0.023437,-0.013567,0.011892,0.494642,-0.817725,7.994380
19.299999,0.012365,-0.004363,0.011795,1.285156,-3.138040,11.229417
7.940000,0.010116,-0.001261,0.010235,0.635098,-1.762438,14.212230
14.020000,0.008722,-0.005812,0.005946,1.288391,-2.641818,7.994380
5.920000,0.006263,0.000060,0.002583,0.408744,-0.089563,0.109662
7.320000,0.009339,-0.000298,0.011502,0.634984,0.157095,0.098696
10.750000,0.003649,-0.000341,0.003119,0.487046,1.035688,2.642861
22.070000,0.010198,-0.004525,0.012818,1.981452,6.380654,24.674011
10.900000,0.021246,0.005983,0.017448,0.704565,3.618768,192.062485
15.400000,0.010982,0.023044,0.136907,1.670966,2.568341,113.478516
11.360000,0.025181,-0.015630,0.012185,0.544118,7.115788,108.072166
29.110001,0.008662,-0.002863,0.004923,1.502312,9.564267,104.332687
13.370000,0.022282,0.007235,0.040307,1.085134,7.076463,122.284401
9.500000,0.023711,-0.019175,0.265626,0.648172,5.594505,89.802437
12.300000,0.010630,0.014590,0.029292,1.036114,3.311465,52.714649
10.120000,0.002936,-0.002309,0.108639,0.660192,1.124215,45.553707
13.710000,0.006357,-0.001747,0.008286,0.777891,2.023570,20.528778
10.280000,0.035976,-0.039108,0.055660,0.576816,1.117511,22.261438
7.790000,0.011998,0.012434,0.065846,0.374532,1.318624,12.600195
10.120000,0.042252,0.015621,0.094456,0.676781,0.655708,3.553057
5.920000,0.007357,0.006076,0.022907,0.178477,0.376408,5.494081
7.320000,0.007540,0.006400,0.021201,0.349598,0.236369,0.975994
7.010000,0.005427,-0.001645,0.042598,0.295746,0.451938,2.127448
5.920000,0.003989,-0.006750,0.012721,0.372262,0.000000,0.000000
7.320000,0.011882,-0.011053,0.030657,0.326366,0.140332,0.175460
7.320000,0.020690,0.004636,0.022225,0.369255,0.000000,0.000000
5.760000,0.019576,0.000903,0.002632,0.353395,0.000000,0.000000
7.630000,0.001796,0.001508,0.002876,0.373519,0.039916,0.010966
10.900000,0.002705,0.000230,0.005751,0.666338,0.247188,0.175460
23.020000,0.002176,0.002471,0.003607,1.358548,3.626437,10.933329
43.150002,0.016956,0.000298,0.016717,2.626057,10.525595,48.733910
13.360000,0.018357,-0.045883,0.157085,1.899942,20.839376,262.937225
13.240000,0.040773,-0.170715,0.919262,1.158983,-5.237744,236.486694
37.900002,0.022224,0.035571,0.720067,1.986433,9.223112,91.842148
23.500000,0.004919,0.030006,0.369830,1.725759,7.394658,151.805481
21.480000,0.024356,-0.055709,0.358620,0.778203,5.513081,121.450966
10.890000,0.061016,0.080960,0.305641,1.191187,4.508179,44.895737
9.810000,0.041512,-0.066132,1.134785,0.904217,2.320230,24.092800
7.170000,0.036937,0.016703,0.344924,1.117016,2.593105,23.577389
9.340000,0.006889,0.003596,0.007701,0.956918,-0.716350,8.180806
12.610000,0.012420,0.010201,0.019788,0.766454,-0.484431,12.172513
8.870000,0.012483,-0.000119,0.045863,0.826420,-1.326102,8.027279
6.540000,0.005731,0.000068,0.010333,1.043806,-0.544928,8.564625
11.380000,0.023352,0.022873,0.079006,0.525205,-0.761361,6.733263
6.380000,0.022486,-0.002250,0.005459,1.503929,3.200075,10.823667
12.780000,0.024100,0.023291,0.055416,0.154164,-0.443686,14.508318
8.250000,0.020872,0.012076,0.029438,0.411058,-0.407049,3.004746
5.140000,0.004984,-0.004022,0.028610,0.144908,0.198808,1.403677
6.240000,0.021873,-0.005258,0.008432,0.180105,0.102882,1.491407
6.080000,0.030299,0.026146,0.033922,0.302946,0.044479,0.043865
5.610000,0.005083,0.000494,0.002876,0.548367,1.763507,5.987560
12.310000,0.011377,-0.012988,0.019301,0.505120,0.101536,0.372852
7.320000,0.015099,-0.004372,0.004143,0.577382,0.941169,1.853292
6.540000,0.008127,-0.000162,0.003802,0.408220,0.197897,1.272082
10.440000,0.013807,0.000776,0.001657,0.777868,0.694524,1.436576
7.930000,0.004832,-0.002633,0.004338,0.477094,2.230248,21.208681
51.689999,0.015654,0.001866,0.003022,2.391424,9.299421,37.603191
17.430000,0.022757,0.035622,0.750821,1.214833,-1.646284,195.911652
13.060000,0.006130,-0.082750,1.412889,1.595959,12.400476,101.821426
22.860001,0.046904,-0.024697,0.024808,0.943672,13.817089,206.274719
22.379999,0.007161,-0.029120,0.191738,1.969579,15.740990,238.482513
35.669998,0.027004,0.017700,0.520043,2.102870,22.207626,357.104218
29.690001,0.039141,-0.083977,0.320506,1.825118,-3.933696,368.037537
34.150002,0.033399,-0.029086,0.510295,1.822756,9.414727,192.248932
26.129999,0.006105,0.016533,0.444644,1.532865,15.410827,320.027405
8.880000,0.057699,-0.075762,0.341610,0.794903,4.806862,325.455688
15.260000,0.007555,-0.033211,0.976287,1.206458,10.177873,185.340210
20.230000,0.048411,0.015238,0.055124,0.930657,-3.377733,183.026352
21.780001,0.007488,-0.005412,0.019983,1.558837,1.100549,22.919415
9.340000,0.005069,0.022285,0.145095,0.434123,1.523765,83.891647
11.060000,0.005391,-0.000520,0.007311,0.841514,0.307071,5.252823
8.710000,0.012560,0.004841,0.010528,1.690319,2.134560,6.163020
12.770000,0.011508,0.007133,0.012721,1.123427,-3.416047,23.785748
19.139999,0.003994,0.001142,0.020909,1.452508,-1.389271,7.468001
10.120000,0.014432,0.004031,0.015840,0.534539,0.556219,42.713455
23.799999,0.009172,-0.004244,0.004581,1.336276,4.826283,36.353043
18.520000,0.003572,0.010090,0.030705,0.888427,10.816892,157.420181
26.889999,0.011913,-0.004645,0.014280,1.731926,8.458086,143.076370
54.250000,0.040208,-0.019984,0.031047,3.912676,21.115292,211.077957
8.410000,0.005230,0.032768,0.495917,0.961177,1.364923,529.822266
53.980000,0.011429,-0.029623,0.242037,2.217155,17.967688,196.284485
22.370001,0.252391,0.038597,0.832020,2.540808,31.275265,418.591827
8.560000,0.101826,-0.090028,0.606798,1.665868,-17.688198,431.213959
71.870003,0.019962,0.050059,0.809941,5.244572,22.780895,105.308678
9.340000,0.024828,0.018740,0.241257,0.935943,13.456938,404.511200
29.070000,0.009353,-0.003076,0.039235,0.832200,7.863534,306.889832
56.959999,0.026764,-0.044596,0.669573,4.336671,32.536705,252.234177
3.580000,0.010088,0.003511,0.011064,0.099074,1.069515,635.054199
46.529999,0.056502,-0.153398,0.516290,2.462633,15.920322,269.955627
18.660000,0.014712,-0.160131,4.447365,2.145428,25.309586,388.083832
8.250000,0.050411,0.243127,2.822268,0.250090,-2.734787,454.517242
44.389999,0.001392,0.026598,1.618030,2.140734,13.519971,171.402115
11.660000,0.030813,0.075753,1.215009,1.212463,6.911562,266.161285
24.230000,0.017676,-0.125957,1.078541,2.729214,4.563287,171.182816
46.810001,0.005852,-0.083193,2.542702,2.745658,17.834688,153.494278
13.540000,0.021642,0.211647,2.728446,1.103628,10.943118,255.315689
48.389999,0.002065,0.003170,1.292260,3.292964,15.267183,176.578201
23.760000,0.064722,-0.033671,1.079369,2.951845,15.404599,344.975555
25.799999,0.019847,0.010695,2.214008,1.724593,12.245353,337.112762
40.950001,0.009026,0.039577,1.079954,2.624351,29.256207,383.927612
24.870001,0.007503,0.051346,1.633237,2.485992,12.466304,442.640747
24.400000,0.057456,-0.091536,0.603240,1.804123,10.553049,392.656738
37.529999,0.054577,-0.159645,1.034724,2.667258,30.266785,447.794922
15.550000,0.001708,-0.000034,1.002703,1.222595,22.455862,699.261475
8.560000,0.018971,-0.068373,0.518776,0.418212,7.106213,605.566040
36.970001,0.024639,-0.054132,0.396539,3.434602,1.864090,97.665222
42.680000,0.026925,-0.116301,0.622589,3.322033,9.114764,161.664124
27.980000,0.165400,-0.155980,0.214743,2.923410,-5.453272,86.435799
26.850000,0.027958,-0.088255,0.379870,2.813211,9.690105,179.199097
35.700001,0.000158,0.005309,0.256512,1.484059,16.775059,266.150330
7.780000,0.022425,-0.175044,1.376237,0.108889,5.010525,329.469299
38.470001,0.025839,-0.070163,0.651784,4.998166,8.351672,64.031799
18.830000,0.009198,-0.009869,0.332057,2.155627,-5.341616,322.121948
28.270000,0.027043,0.011079,0.085049,1.766331,-3.911906,154.097412
29.330000,0.016227,0.000886,0.018472,2.513033,7.111091,103.455383
13.690000,0.029527,-0.054371,0.133593,1.425732,8.553615,142.769318
13.220000,0.069287,-0.070623,0.116242,3.077265,-7.314454,102.928993
60.630001,0.016536,0.000963,0.022371,6.920297,-4.481872,78.540115
42.189999,0.033396,-0.078847,0.320214,3.798778,-25.796196,298.796783
60.410000,0.073270,-0.047161,1.301131,5.531829,-15.333395,84.110962
19.290001,0.032730,0.003426,0.152211,2.754578,-14.526275,134.906525
11.670000,0.008458,-0.032384,0.176727,0.728162,2.079890,36.692993
7.470000,0.024787,-0.045193,0.093091,3.049291,0.938760,0.394784
32.750000,0.034747,0.003059,0.148653,4.027615,-14.662791,61.630196
28.440001,0.016639,0.018127,0.118435,3.418767,-17.618998,96.996269
35.099998,0.007848,-0.006946,0.018569,3.774435,-17.090246,78.222092
9.970000,0.006875,0.021033,0.126965,0.159476,-3.865802,130.838043
15.560000,0.015226,0.002182,0.003899,0.813876,1.750880,5.581810
25.020000,0.018023,-0.031020,0.085634,3.027669,6.886675,28.128372
19.600000,0.020173,-0.006852,0.035969,2.756683,-12.971297,181.238815
41.910000,0.013497,-0.013354,0.051322,3.343155,2.540632,39.719677
12.450000,0.007489,-0.009630,0.042646,0.771861,1.586987,143.471146
29.840000,0.028580,-0.004167,0.008432,1.798294,7.469702,36.769760
30.910000,0.003566,-0.001585,0.070233,2.705513,12.946538,96.557632
21.000000,0.013503,0.016763,0.161520,2.046424,-7.991846,254.778366
49.980000,0.020565,-0.025208,0.227415,3.815373,7.967093,46.277477
12.610000,0.008382,-0.038878,0.539928,0.514350,5.213383,182.324478
25.820000,0.029591,0.015468,0.028707,1.324182,7.311282,51.629002
25.660000,0.017469,-0.029538,0.166004,2.753943,11.453055,75.206383
17.719999,0.042334,-0.089022,0.776604,1.591779,-2.477194,173.200592
38.369999,0.000997,-0.003153,0.282149,3.490089,4.880677,53.383595
16.490000,0.011483,0.002062,0.065554,1.222820,0.894483,130.092361
20.670000,0.023511,-0.077406,0.522577,2.122844,8.365232,61.904350
10.430000,0.026837,-0.099462,0.844205,1.117048,7.977694,89.418610
16.030001,0.044450,-0.011190,0.511416,1.448541,3.974270,63.209332
22.549999,0.040995,-0.005318,0.075009,1.836398,3.958295,40.410549
10.900000,0.023499,-0.009417,0.014134,0.646634,-1.994982,61.388943
14.160000,0.008847,0.004287,0.087437,1.354835,0.175593,4.068470
7.160000,0.004004,-0.001585,0.023882,0.372477,4.402537,124.696968
49.630001,0.011721,0.023751,0.195637,2.406120,11.182110,82.334427
11.360000,0.022383,-0.016252,0.123748,0.821110,10.590961,387.085876
19.000000,0.029740,-0.186788,1.295526,0.791593,0.809547,253.374680
14.460000,0.015013,-0.000383,0.138272,1.378919,12.217528,180.734390
9.340000,0.020702,-0.042415,0.214938,0.838911,3.216937,143.142166
15.550000,0.062448,-0.000631,0.006775,1.633129,2.528739,126.616058
19.889999,0.016657,-0.003153,0.012233,1.603594,7.746683,82.334435
12.610000,0.007787,-0.011062,0.094651,0.973136,5.954318,169.790100
8.880000,0.025959,-0.010636,0.224150,0.560571,1.431924,109.958366
20.059999,0.007527,-0.000213,0.001218,2.061699,6.033103,39.127495
14.800000,0.030215,-0.001713,0.002632,0.765550,-4.455814,111.318176
13.700000,0.013037,0.001739,0.001852,1.379765,0.933778,11.613235
7.010000,0.010702,0.019831,0.045083,0.655741,1.433934,33.282501
12.930000,0.288333,0.028481,0.014329,0.688633,-2.459484,16.427410
14.310000,0.012226,-0.006034,0.084659,1.833175,0.793610,18.324566
17.430000,0.015937,0.012476,0.036505,1.769420,-4.735435,62.924213
11.830000,0.019239,-0.022013,0.213378,1.621615,6.396476,93.059402
30.020000,0.015807,0.013567,0.034653,1.462385,2.383615,74.087830
48.389999,0.001833,0.006554,0.034020,3.400557,1.803757,137.242325
11.050000,0.052133,-0.049249,0.137297,1.163133,-12.352613,238.032913
35.439999,0.009586,0.001057,0.018618,1.484425,5.734123,37.668987
7.470000,0.010243,0.011309,0.043183,0.379896,3.664170,94.320518
14.320000,0.017191,-0.025515,0.048154,0.648893,0.197347,8.663320
22.709999,0.003037,0.000026,0.018862,1.869256,0.025737,29.027603
9.190000,0.034505,-0.024868,0.043572,0.790118,-5.179453,45.202789
18.820000,0.004913,0.010525,0.058194,1.693442,-1.302827,12.018986
8.730000,0.021407,-0.008744,0.222882,0.208858,-1.252313,41.616833
22.540001,0.017509,-0.006579,0.160838,2.299371,0.152854,12.205411
11.210000,0.020982,-0.020402,0.027537,1.285095,4.542406,62.507492
28.459999,0.070387,0.001176,0.076910,1.830125,0.771758,79.176155
12.610000,0.003400,-0.003324,0.057024,1.257317,3.085113,96.524719
31.530001,0.028391,0.000486,0.060241,2.509792,8.734950,74.504547
7.470000,0.026472,0.022175,0.680881,1.074244,5.997851,202.173355
41.599998,0.012471,0.020257,0.316120,2.485209,5.936119,54.019634
22.690001,0.032894,0.085954,0.469939,1.820897,11.535583,284.463928
11.210000,0.015023,0.040983,0.514438,0.246767,0.999874,192.457291
30.129999,0.012983,-0.003886,0.316120,3.883769,13.464952,66.554031
9.800000,0.032887,0.065041,0.374265,1.202998,-6.836238,221.177826
18.350000,0.003581,-0.008130,0.031875,2.113983,0.378858,26.998852
15.110000,0.009750,-0.017308,0.046107,0.713434,1.672409,59.886566
10.290000,0.012393,0.006196,0.022810,0.424167,1.231858,12.238309
8.250000,0.008008,-0.000690,0.016474,0.856415,1.554667,3.531126
8.410000,0.002536,0.000409,0.006092,0.853379,-0.553695,2.906050
7.630000,0.013739,0.003843,0.007944,0.850318,-1.189106,4.265862
8.720000,0.001644,0.000051,0.001316,0.565885,0.095702,0.043865
7.940000,0.021467,0.004261,0.001413,0.419133,-0.108536,1.272082
7.160000,0.002447,0.002506,0.005313,0.491704,0.170105,1.337880
7.790000,0.008312,0.000810,0.008676,0.452157,0.000000,0.000000
4.200000,0.003989,0.002565,0.005020,0.217249,0.011243,0.010966
6.380000,0.012049,-0.008590,0.007457,0.067289,0.051745,0.986960
7.940000,0.014447,0.004261,0.004192,0.083315,0.626693,5.987560
7.950000,0.003800,0.003537,0.005556,0.449814,2.413309,21.735062
11.990000,0.018413,-0.014990,0.018423,0.433887,3.558207,39.423584
13.370000,0.009342,0.003034,0.004923,1.163024,6.477588,43.086308
11.980000,0.007008,-0.001960,0.001218,0.813637,6.351927,75.019974
21.950001,0.002906,0.005335,0.009845,0.987095,5.788550,49.698944
8.400000,0.004295,0.002506,0.004484,0.826611,6.333387,58.417091
17.760000,0.007811,-0.008241,0.011405,0.969208,2.843890,45.246651
14.010000,0.003104,0.011377,0.057561,1.373679,5.705064,28.917940
8.730000,0.125691,-0.023299,0.029389,0.796962,2.242373,23.445793
13.860000,0.002162,-0.006349,0.051761,1.009393,2.154219,13.729717
7.630000,0.008498,0.000443,0.011844,0.693143,0.745091,3.969774
16.350000,0.018552,0.002327,0.002973,1.172204,0.740490,5.581810
11.370000,0.009219,0.010491,0.035677,0.805381,1.318890,6.733263
18.969999,0.021413,0.002906,0.005897,2.317189,3.270237,11.174585
9.190000,0.007364,-0.000861,0.060680,0.446276,4.822801,67.332634
47.650002,0.006324,-0.015928,0.312659,2.522773,7.358213,25.024929
14.010000,0.019138,-0.008744,0.064043,1.307056,8.887693,182.105164
24.139999,0.020541,-0.015340,0.028512,0.400959,2.699968,93.267769
38.279999,0.005537,-0.006767,0.103814,4.664799,17.522177,95.044289
4.670000,0.008430,-0.004824,0.028025,0.349638,-8.458282,275.767700
47.619999,0.110398,0.053391,0.064043,3.678268,4.220581,6.799061
7.160000,0.013645,-0.031003,0.107761,1.020242,8.121902,183.168884
9.820000,0.024655,-0.018399,0.026416,0.327158,-1.591074,87.971077
38.340000,0.006023,0.002216,0.013208,4.928730,10.975203,33.556656
4.520000,0.013927,0.024365,0.151821,0.600388,-0.914534,236.453781
65.209999,0.035062,-0.004355,0.047472,3.265825,2.327013,19.936602
16.190001,0.019017,-0.020487,0.061947,1.745894,-1.495739,267.564972
17.740000,0.013690,-0.036790,0.472279,1.538722,-3.443694,141.409485
47.240002,0.040275,0.079767,0.336395,5.659620,17.692986,110.024155
11.970000,0.041100,-0.172871,1.002021,2.022886,-7.313201,310.070099
52.970001,0.008693,0.006997,0.485731,2.887774,2.575336,142.144226
21.879999,0.027347,-0.063013,1.123770,2.143221,8.935806,254.262939
15.540000,0.013867,-0.068773,0.728011,1.103114,2.721924,140.597992
20.250000,0.061476,-0.095073,1.233189,1.100642,6.257183,58.844776
14.320000,0.004436,-0.033611,0.616107,1.969519,4.393813,57.452065
18.370001,0.042005,-0.089533,0.509710,1.320537,-0.689717,65.589005
12.760000,0.019222,-0.002565,0.086999,1.066368,1.059434,18.434229
9.030000,0.002061,-0.010815,0.075301,0.573143,0.281226,15.988759
13.390000,0.020565,-0.005454,0.063604,0.544266,0.448631,1.272082
7.170000,0.025021,0.000026,0.006044,0.602715,0.922463,2.511266
7.480000,0.008567,-0.000716,0.010771,0.508971,0.347412,0.712805
9.190000,0.026304,-0.016149,0.012818,0.654347,0.180526,0.098696
6.080000,0.003184,-0.004389,0.011502,0.503698,0.170839,0.186426
10.430000,0.010644,0.032001,0.113708,0.896168,0.543590,0.581210
12.300000,0.013259,-0.004423,0.075545,0.834602,1.114209,1.765563
10.430000,0.013445,0.016456,0.026416,1.205244,1.458982,1.842326
14.950000,0.005752,-0.003792,0.003363,1.050147,2.731483,9.913469
10.120000,0.007077,0.003366,0.009894,0.867681,2.333056,6.733264
12.450000,0.009051,0.001790,0.000439,1.327393,2.041417,5.143160
10.750000,0.007351,-0.000435,0.002388,0.598614,1.671117,7.796988
9.020000,0.003365,-0.001057,0.001657,1.253463,0.518738,0.559278
10.750000,0.015636,0.002906,0.010966,0.681188,0.938125,4.276828
11.680000,0.019385,0.022200,0.054734,0.886145,0.226551,0.142561
6.070000,0.007427,0.010295,0.017448,0.896717,0.484179,0.712805
11.840000,0.003251,0.006213,0.051907,0.787128,-0.042843,0.010966
10.120000,0.004940,0.000733,0.000975,0.814125,0.000000,0.000000
7.010000,0.005135,-0.001227,0.000439,0.807344,0.000000,0.000000
10.600000,0.014645,-0.002463,0.000634,0.806355,0.000000,0.000000
7.170000,0.002024,-0.001551,0.031339,0.800077,0.000000,0.000000
8.410000,0.021136,-0.001432,0.004386,0.791768,0.000000,0.000000
11.380000,0.006911,-0.000477,0.000390,0.780954,0.000000,0.000000
8.720000,0.012973,-0.001739,0.000877,0.775203,0.000000,0.000000
11.520000,0.012298,0.002727,0.003314,0.786487,0.000000,0.000000
9.190000,0.027695,0.003528,0.000877,0.785982,0.000000,0.000000
7.470000,0.007373,-0.000026,0.000634,0.781333,0.000000,0.000000
10.910000,0.020932,0.001969,0.001072,0.786229,0.000000,0.000000
7.330000,0.012931,0.001125,0.000634,0.792213,0.000000,0.000000
8.720000,0.018366,0.002693,0.001657,0.671722,0.000000,0.000000
4.980000,0.006221,-0.003596,0.005507,0.252407,-0.029723,0.010966
4.830000,0.015691,0.002812,0.007311,0.036962,0.013296,1.458508
8.100000,0.006476,0.002974,0.002778,0.141364,0.895421,6.689399
10.750000,0.001778,0.000477,0.000195,0.417652,2.395336,15.111463
11.840000,0.009035,-0.002088,0.002827,0.554810,3.253799,26.198317
18.370001,0.021461,-0.009477,0.029292,0.807420,4.388381,26.549236
9.180000,0.013570,-0.030876,0.181796,0.890074,4.736516,36.824589
7.780000,0.019827,0.059280,0.266894,0.555113,3.715429,34.324291
13.850000,0.011474,-0.003042,0.021494,1.169520,3.865539,14.848271
9.800000,0.030114,-0.001611,0.003607,1.035325,4.069819,24.454685
14.180000,0.009651,0.002207,0.038552,0.676872,2.175088,18.675484
13.380000,0.021988,-0.007678,0.149287,1.208053,2.532032,7.446068
5.920000,0.013682,-0.032418,0.183404,0.447339,1.948564,20.068197
14.010000,0.005153,-0.001364,0.154210,1.065247,0.873838,1.765563
6.540000,0.002007,0.000750,0.135055,0.627790,1.844143,10.363086
11.990000,0.003844,0.005079,0.141635,0.752951,0.761060,2.423536
13.070000,0.023691,-0.010082,0.020714,0.797027,1.253890,4.923836
6.700000,0.014117,-0.006281,0.010430,0.396680,0.997787,3.498227
9.650000,0.005156,0.001994,0.004825,1.005115,0.494345,0.449615
6.230000,0.060710,0.011326,0.005946,0.384300,0.855935,3.783349
10.600000,0.027260,-0.008872,0.004923,0.818254,-0.142562,0.372852
9.350000,0.012444,0.003230,0.002193,0.477571,0.577194,2.938949
8.410000,0.023288,0.000886,0.001657,0.758743,-0.304359,0.800535
9.510000,0.041531,-0.005522,0.002437,0.488456,0.088919,0.098696
8.570000,0.008881,-0.002403,0.002583,0.535625,-0.003167,0.383818
5.760000,0.015415,0.000000,0.000000,0.531557,0.133271,0.394784
9.190000,0.019057,0.002173,0.000877,0.534931,0.000000,0.000000
5.760000,0.008443,0.001406,0.000439,0.616226,0.197622,0.142561
9.190000,0.005187,0.000494,0.001998,0.657721,-0.037964,0.010966
7.320000,0.026715,-0.003784,0.001316,0.610103,0.263020,0.274156
7.160000,0.005001,-0.002437,0.002437,0.745522,0.122236,0.054831
8.410000,0.001372,0.000358,0.000877,0.751679,0.457045,0.372852
13.080000,0.020783,-0.002344,0.001852,0.847000,0.209204,0.142561
7.940000,0.012049,-0.000153,0.000877,0.760738,0.354351,0.372852
13.700000,0.004752,0.000767,0.000634,0.914893,0.302240,0.274156
8.560000,0.329870,0.009076,0.002096,0.861736,0.474480,0.712805
9.810000,0.002816,0.000068,0.002096,0.929515,0.583959,0.668940
13.860000,0.005732,0.001994,0.000877,0.880786,0.647426,1.601069
8.720000,0.025824,0.001900,0.002632,0.929444,0.800438,1.085657
13.400000,0.022312,0.009153,0.005702,0.773689,0.587576,1.754596
10.120000,0.018181,0.006196,0.004045,0.766521,0.558448,0.679906
7.010000,0.010845,-0.001508,0.000877,0.737371,0.511842,1.425610
9.970000,0.009839,-0.002284,0.001657,0.685474,0.377685,0.416717
6.700000,0.031030,-0.002301,0.001413,0.651421,0.361927,0.932129
7.780000,0.007303,-0.001227,0.000439,0.656967,0.078084,0.318021
11.050000,0.024275,0.001636,0.000780,0.634803,0.306296,1.107589
8.410000,0.009035,0.000383,0.002437,0.665436,-0.225853,0.745703
7.320000,0.019328,0.000060,0.001852,0.667396,0.000000,0.000000
11.370000,0.005038,-0.002096,0.001657,0.598871,-0.088690,0.438649
7.650000,0.025186,-0.006519,0.008432,0.595553,0.245436,1.096623
11.530000,0.006613,-0.000469,0.003022,0.644790,-0.317061,1.140488
7.790000,0.008066,-0.000690,0.003948,0.535205,0.232149,2.807354
9.970000,0.009178,-0.002241,0.000634,0.689706,-0.814383,3.553057
9.980000,0.012812,0.006434,0.007262,0.493442,0.232043,8.608489
10.910000,0.001253,-0.000835,0.002437,0.630080,-0.970717,7.413170
8.560000,0.012769,-0.013874,0.094651,0.545223,0.806093,9.233563
9.190000,0.030854,0.002991,0.003168,0.501608,0.388602,3.969774
5.450000,0.024341,0.002770,0.028171,1.354695,0.923896,0.899231
7.780000,0.007094,0.006051,0.046253,2.012708,-2.208472,3.169239
21.620001,0.028893,-0.048559,0.101474,2.574174,-8.930580,38.184402
31.860001,0.007698,-0.003332,0.111368,2.699950,-12.434657,68.440224
19.910000,0.010860,0.023691,0.339758,2.508931,-11.002022,58.482891
29.840000,0.039372,-0.051397,0.086804,1.283865,-8.456186,81.106209
11.990000,0.015405,0.032248,0.182137,0.364977,0.265802,30.804132
7.010000,0.025174,-0.096735,0.396003,2.372524,2.378145,2.807354
21.780001,0.037266,-0.175513,0.838356,4.578801,-9.293818,20.276552
8.560000,0.061673,-0.157097,0.543340,5.102578,0.000000,0.000000
25.820000,0.006951,0.010602,0.018813,0.280828,-0.383443,56.848919
19.770000,0.032653,0.014556,0.035531,0.307111,-1.644892,42.154175
6.230000,0.028068,-0.040633,0.070574,0.644633,1.856549,7.994380
8.710000,0.043847,-0.123298,0.419202,2.195961,-2.085361,2.149381
26.709999,0.093026,-0.257504,0.801314,3.145474,-13.226563,58.439026
30.110001,0.129288,-0.080006,0.060339,2.935869,-13.902254,68.440224
38.830002,0.072977,0.018544,0.036067,3.288863,-18.701796,109.662270
35.570000,0.000522,0.003520,0.168100,0.480191,-6.136199,94.846901
2.020000,0.008370,-0.036909,0.815839,0.474530,2.398663,14.212230
11.820000,0.034989,0.145396,0.850102,4.203786,-6.390545,9.869605
34.869999,0.043580,-0.197389,0.903422,4.943048,-23.620356,114.092621
50.910000,0.095822,-0.036713,0.017692,4.152359,-23.946875,140.027740
43.430000,0.012195,0.028362,0.138077,2.320627,-18.138874,145.028336
27.549999,0.008771,-0.044835,0.508735,0.046951,-0.357304,98.970200
19.580000,0.073577,-0.258672,0.942900,2.304168,1.259631,0.701839
38.590000,0.045012,-0.215533,1.100230,4.646613,-20.698936,92.818146
44.860001,0.098765,-0.059399,0.042159,4.383870,-27.323692,171.358276
27.030001,0.154622,0.057746,0.024857,2.913690,-17.455019,105.319649
22.540001,0.009288,0.011454,0.213525,0.127770,-3.513003,114.092621
2.960000,0.020498,-0.077040,0.501912,1.288241,2.951092,6.853892
23.760000,0.052482,-0.202264,0.905469,3.338028,-9.350203,26.329912
36.889999,0.076599,-0.293340,1.148042,4.640016,-22.289194,107.479980
58.520000,0.155970,-0.118526,0.091970,4.452270,-24.676567,137.560364
18.820000,0.009178,0.007363,0.100304,2.111780,-16.758764,135.257446
5.140000,0.016227,-0.035290,0.247496,0.099445,0.000000,0.000000
14.630000,0.016010,-0.061513,0.248519,2.127431,-5.901641,18.192974
19.129999,0.078367,-0.115049,0.270208,1.739582,-6.790349,28.523155
24.889999,0.012448,-0.019618,0.336395,1.629960,-6.942907,34.247528
12.150000,0.019906,-0.034600,0.080711,1.520526,-8.558379,56.848919
15.250000,0.046729,0.008292,0.023102,0.532928,-2.787890,26.933056
6.380000,0.005749,0.001219,0.001267,0.595108,2.392956,20.462978
7.160000,0.005469,-0.007346,0.057414,0.626301,0.700540,3.673686
13.390000,0.023350,-0.020044,0.154843,1.530108,0.391699,2.423537
9.350000,0.016612,-0.029248,0.056586,0.870917,0.122825,21.263517
18.680000,0.006172,0.003537,0.019008,1.462232,0.880616,8.959409
11.210000,0.009473,-0.000878,0.008870,0.978744,3.306381,16.789295
12.910000,0.003459,0.006690,0.260606,1.272852,4.079286,16.153254
16.170000,0.011533,0.006519,0.089046,1.000993,5.190544,30.716406
11.360000,0.174008,0.015749,0.154258,1.052448,4.338994,29.510118
18.209999,0.028692,-0.045235,0.240721,1.489751,5.354741,31.527905
12.760000,0.005282,0.011258,0.077397,0.812608,4.705772,44.281624
15.870000,0.017187,0.000758,0.322748,1.026957,4.241108,20.726170
12.300000,0.011401,-0.047784,0.715778,1.010321,2.657515,26.209284
9.350000,0.027551,0.031907,0.062922,0.943474,2.102798,6.930656
13.080000,0.006399,0.001628,0.005800,1.242199,2.715556,10.034098
16.809999,0.004970,-0.001133,0.002583,1.082680,3.418500,12.479567
15.550000,0.018963,0.002028,0.062093,1.540062,2.902866,6.020459
12.290000,0.038312,-0.083432,0.248129,1.098645,4.213422,23.884443
10.430000,0.012834,0.041656,0.233020,0.761841,3.395590,16.887989
10.750000,0.010906,-0.003392,0.035043,1.335581,3.843335,11.975120
14.010000,0.016387,-0.046948,0.413841,0.929668,3.580362,23.314198
16.959999,0.001337,0.007235,0.388497,1.066018,2.688389,8.520760
17.430000,0.026926,0.029043,0.053954,1.579825,4.322108,12.676959
9.190000,0.008562,-0.015621,0.049762,0.739305,2.338052,22.908449
12.610000,0.003354,-0.017615,0.198172,1.724561,1.586666,4.803208
12.610000,0.013357,-0.011684,0.123260,0.941207,2.395547,25.288118
11.360000,0.005946,-0.000179,0.142561,1.140608,1.284521,9.376124
18.049999,0.005256,0.002702,0.001852,1.214454,1.724294,10.626274
9.500000,0.001423,0.000017,0.010771,0.883934,1.102223,12.128647
9.030000,0.031467,0.000741,0.000439,1.105381,1.915452,5.581810
8.720000,0.002895,0.000827,0.010235,0.645642,1.119996,4.342626
12.610000,0.004002,0.005573,0.016084,1.000632,1.163858,1.809427
7.470000,0.005016,-0.015238,0.141050,0.537449,1.163921,2.796388
8.090000,0.027448,-0.031634,0.187839,0.759630,0.168532,0.197392
6.860000,0.022933,0.031762,0.209041,0.445570,0.166304,0.142561
7.010000,0.017013,-0.037310,0.114926,0.417439,-0.096651,0.098696
5.770000,0.017960,0.006434,0.029146,0.238024,0.000000,0.000000
4.830000,0.027587,0.001329,0.008237,0.143093,-0.133061,0.318021
4.980000,0.017603,-0.001440,0.004484,0.016750,-0.025673,0.668940
4.980000,0.014134,0.000997,0.003997,0.013952,0.126766,2.401604
7.320000,0.011413,0.003605,0.006092,0.276592,1.119475,4.956735
9.820000,0.023049,0.008232,0.013452,0.403272,2.167199,14.639913
9.490000,0.072853,0.006204,0.009455,0.840180,4.171333,21.109987
9.490000,0.008731,-0.012664,0.034605,0.693861,4.771854,34.368156
14.630000,0.021309,0.015757,0.024126,0.787689,4.779075,31.791092
10.280000,0.001833,0.001747,0.071402,0.852275,4.573636,25.485512
16.500000,0.003681,-0.030143,0.337760,0.770192,2.611959,14.683779
8.880000,0.018126,0.000614,0.017838,0.811378,3.690956,20.221722
14.310000,0.023124,-0.007747,0.015109,1.067433,0.273241,0.482514
7.480000,0.018099,0.006741,0.011844,0.511842,1.455320,10.955261
12.150000,0.015745,0.019967,0.029731,0.677838,-0.093890,0.241257
6.690000,0.076988,-0.015127,0.170878,0.741133,2.124933,8.005345
15.110000,0.037830,-0.027458,0.117119,0.810960,0.781777,1.239184
12.300000,0.009082,-0.001653,0.338491,1.061871,3.925014,17.458235
11.980000,0.011678,0.000750,0.010479,0.630804,2.088531,7.829886
20.700001,0.058764,-0.010644,0.054441,1.507046,3.657266,9.957335
7.630000,0.014646,-0.035818,0.110686,0.554693,3.384860,27.009815
13.850000,0.026259,-0.007355,0.117655,1.264125,2.411289,8.959408
16.370001,0.009589,0.037063,0.520384,1.263701,4.133455,15.506247
12.750000,0.001428,0.002480,0.007749,0.887821,2.907201,18.697416
18.379999,0.008458,0.008164,0.112002,1.340882,3.031501,8.202738
8.250000,0.005437,-0.036833,0.328110,0.838604,3.416212,18.719351
11.380000,0.062948,0.083824,0.142610,1.086932,2.019535,6.459108
11.060000,0.006308,-0.002437,0.014524,1.093866,3.064614,9.595448
10.280000,0.007406,0.000383,0.005020,0.820884,1.333160,3.838179
12.150000,0.010905,0.003665,0.002534,1.318104,2.350323,4.803207
9.660000,0.009641,0.002011,0.016961,0.710703,1.360472,5.987560
11.050000,0.007658,0.002088,0.002973,1.080986,1.251291,1.754596
10.900000,0.004520,0.005718,0.012380,0.717982,0.784294,1.272082
8.100000,0.017594,-0.001116,0.005361,0.899612,1.167769,1.864259
8.410000,0.022392,-0.001645,0.011405,0.683448,0.284859,0.153527
10.120000,0.009634,0.003213,0.013354,0.803139,0.611211,1.096623
8.250000,0.029324,-0.009408,0.034020,0.715801,0.000000,0.000000
7.470000,0.020881,0.002727,0.005069,0.541007,0.000000,0.000000
5.610000,0.152859,-0.002957,0.006385,0.421167,0.000000,0.000000
5.920000,0.004229,0.003971,0.007749,0.217029,0.000000,0.000000
5.610000,0.014430,0.001977,0.003071,0.086807,-0.094727,0.285122
4.360000,0.005172,-0.004355,0.013306,0.017336,-0.082529,0.910197
5.920000,0.013235,-0.001031,0.002047,0.042606,0.245874,2.302908
7.320000,0.014386,0.006545,0.008578,0.165622,0.766304,3.783349
9.500000,0.019498,-0.008880,0.018813,0.686335,2.936861,13.609090
10.730000,0.004707,0.001969,0.139637,0.532151,2.825742,18.818045
11.830000,0.017874,-0.002335,0.061947,1.123938,4.894423,22.085983
8.880000,0.017884,-0.002812,0.004289,0.523574,2.917207,24.345022
14.650000,0.025098,-0.008624,0.008919,0.766418,1.787297,8.213705
11.060000,0.006220,0.007678,0.012623,1.118107,1.441013,4.221998
8.720000,0.005206,-0.000631,0.008529,0.662223,0.915717,9.134868
11.520000,0.029531,-0.001381,0.002534,0.983981,0.220830,0.175460
8.410000,0.013845,-0.000869,0.000634,0.624255,0.533671,2.467401
7.630000,0.008956,-0.001781,0.001657,0.882108,0.254027,0.175460
8.570000,0.023307,0.001270,0.003753,0.543872,0.573681,0.975994
8.100000,0.007074,-0.003451,0.003753,0.905391,0.168866,0.142561
8.580000,0.032775,0.002523,0.015353,0.531923,1.040735,3.125375
15.420000,0.002664,-0.000187,0.008383,0.971570,0.773970,1.085657
15.100000,0.001115,0.002003,0.037675,1.262210,3.732152,11.722898
29.870001,0.036053,-0.201863,1.403092,2.058654,11.707720,69.569748
16.809999,0.005387,-0.032026,1.371997,1.361595,4.575600,160.479767
15.250000,0.058614,0.055002,0.100109,1.283641,10.173221,82.871780
22.400000,0.000899,-0.004738,0.056440,1.324691,9.156099,155.073425
10.900000,0.005201,0.002131,0.065018,0.628467,9.724370,182.675400
13.550000,0.006732,0.001346,0.022322,0.302771,4.897524,104.716492
18.969999,0.013168,-0.052505,0.287023,2.034229,5.260927,46.869656
9.800000,0.005367,-0.061973,0.930131,0.833952,2.123277,45.158924
18.070000,0.010063,0.014641,0.033142,0.937590,0.263229,25.759670
8.720000,0.002781,0.012400,0.186864,0.730352,0.797372,15.835232
11.210000,0.001140,-0.003290,0.175606,0.509824,0.504976,10.450815
7.780000,0.017408,-0.024458,0.260314,0.563772,0.468911,3.388564
8.880000,0.062874,0.045278,0.082222,0.535742,0.266279,4.836106
9.810000,0.002135,0.002684,0.082174,0.493842,0.059307,2.423536
9.190000,0.018306,-0.007542,0.014865,0.405439,0.179900,3.958808
8.260000,0.010133,-0.016362,0.152991,0.444866,-0.132085,1.666867
7.780000,0.002620,0.008343,0.088412,0.316030,0.046413,3.169239
10.290000,0.009182,0.000852,0.003460,0.480964,-0.556632,1.326914
7.010000,0.007553,-0.003716,0.004094,0.282971,0.154063,3.267935
7.320000,0.018427,-0.001466,0.002583,0.323180,0.000000,0.000000
5.140000,0.010376,0.000332,0.003607,0.313952,0.225747,0.581210
6.080000,0.081418,0.006801,0.007311,0.335667,-0.073415,0.318021
6.080000,0.004509,-0.003298,0.013159,0.246016,0.080726,0.701839
7.180000,0.023659,-0.005241,0.002632,0.382615,0.073462,0.043865
5.920000,0.002900,0.001278,0.008724,0.275093,0.205335,0.888264
7.780000,0.024895,0.001875,0.002437,0.345277,-0.216160,0.394784
5.770000,0.003000,-0.001116,0.001072,0.231329,0.036379,0.888264
9.030000,0.004902,-0.006008,0.015304,0.431787,-0.467671,1.096623
6.390000,0.011177,0.009485,0.008724,0.235956,-0.033118,1.326914
8.570000,0.009961,0.003656,0.006775,0.483363,-0.626477,1.579137
4.980000,0.011237,0.000281,0.001072,0.251502,-0.160421,1.579137
10.600000,0.008710,0.003298,0.011405,0.564494,-0.778173,1.853292
6.860000,0.010648,-0.004116,0.002583,0.309071,-0.419361,2.467401
7.630000,0.003304,-0.001423,0.002827,0.711208,-0.359480,0.274156
7.480000,0.018784,-0.002821,0.001218,0.390145,-0.603771,2.467401
5.300000,0.013888,-0.007227,0.032947,0.775997,0.688752,0.888264
7.160000,0.023843,-0.051593,0.127793,0.243550,0.031690,0.537345
5.920000,0.017609,-0.001585,0.002145,0.291967,0.000000,0.000000
5.290000,0.001629,-0.001508,0.005751,0.245518,0.000585,0.098696
7.320000,0.018398,-0.005241,0.006872,0.389779,-0.078675,0.043865
6.550000,0.008628,0.000869,0.000439,0.264435,0.000000,0.000000
7.010000,0.010152,-0.003068,0.003948,0.347049,-0.032283,0.010966
7.320000,0.016145,-0.001295,0.000390,0.274545,0.000000,0.000000
6.540000,0.013508,-0.001091,0.001657,0.291163,0.000000,0.000000
6.080000,0.007914,-0.000597,0.004874,0.273177,0.013903,0.010966
7.630000,0.005618,0.001432,0.000439,0.293089,0.000000,0.000000
7.010000,0.001314,-0.001227,0.003948,0.287814,0.000000,0.000000
6.860000,0.005831,-0.001023,0.002193,0.293420,0.000000,0.000000
5.450000,0.007308,-0.002250,0.002193,0.291264,0.000000,0.000000
6.850000,0.030978,-0.000494,0.001998,0.296793,0.000000,0.000000
6.230000,0.548787,-0.055871,0.005897,0.296708,0.000000,0.000000
7.020000,0.010206,-0.000545,0.000195,0.298842,0.000000,0.000000
6.700000,0.007594,0.000937,0.005897,0.305530,0.000000,0.000000
6.690000,0.015016,-0.001909,0.000780,0.305697,0.000000,0.000000
7.170000,0.011148,-0.000682,0.001218,0.308171,0.000000,0.000000
7.480000,0.012590,-0.001091,0.001657,0.311782,0.000000,0.000000
6.690000,0.015882,-0.000929,0.002876,0.311143,0.000000,0.000000
6.700000,0.009842,-0.001278,0.000877,0.311736,0.000000,0.000000
7.320000,0.006409,0.002301,0.000877,0.315324,0.000000,0.000000
7.160000,0.003016,-0.001278,0.000877,0.318861,0.000000,0.000000
7.010000,0.008602,-0.000614,0.000439,0.321784,0.000000,0.000000
6.390000,0.004673,0.000545,0.000780,0.319094,0.000000,0.000000
7.170000,0.001688,-0.000136,0.000195,0.321390,0.000000,0.000000
5.600000,0.022191,0.001517,0.000195,0.324885,0.000000,0.000000
6.230000,0.005695,-0.000597,0.000634,0.328162,0.000000,0.000000
7.010000,0.019838,0.003716,0.001218,0.329367,0.000000,0.000000
5.760000,0.002018,0.000000,0.000000,0.326439,0.000000,0.000000
6.690000,0.007661,-0.001048,0.000439,0.331399,0.000000,0.000000
6.700000,0.003329,0.000682,0.000195,0.332276,0.000000,0.000000
6.540000,0.101651,-0.000409,0.000439,0.332426,0.000000,0.000000
7.470000,0.002117,0.000545,0.000780,0.336126,0.000000,0.000000
7.630000,0.007944,-0.000239,0.000780,0.334855,0.000000,0.000000
6.390000,0.004590,-0.001500,0.005897,0.340390,0.000000,0.000000
7.010000,0.003079,0.002062,0.001950,0.342243,0.000000,0.000000
7.320000,0.019994,-0.003622,0.006336,0.344277,0.000000,0.000000
7.160000,0.024393,0.000545,0.000780,0.343584,0.000000,0.000000
7.320000,0.013013,0.000000,0.000000,0.343752,0.000000,0.000000
6.230000,0.013645,0.000409,0.000195,0.343647,0.000000,0.000000
7.010000,0.001831,0.001346,0.002827,0.350315,0.000000,0.000000
7.480000,0.006612,-0.002863,0.004338,0.351283,0.000000,0.000000
7.630000,0.021048,0.005565,0.002827,0.355081,0.000000,0.000000
7.630000,0.008026,0.006034,0.007457,0.358003,0.000000,0.000000
6.070000,0.010259,-0.001790,0.001218,0.358355,0.000000,0.000000
7.630000,0.005585,0.000000,0.000634,0.359892,0.000000,0.000000
7.630000,0.023727,0.000307,0.001657,0.363880,0.000000,0.000000
7.170000,0.010423,0.001662,0.002193,0.364385,0.000000,0.000000
7.480000,0.007443,-0.001176,0.003314,0.344833,0.000000,0.000000
6.230000,0.022431,-0.002105,0.000634,0.364192,0.000000,0.000000
6.380000,0.009556,-0.000409,0.000439,0.370742,0.000000,0.000000
8.410000,0.005640,0.000273,0.000195,0.368899,0.000000,0.000000
7.930000,0.016066,-0.001346,0.000195,0.365328,0.000000,0.000000
7.480000,0.023261,-0.002531,0.001657,0.373505,0.000000,0.000000
7.010000,0.013454,-0.002045,0.002193,0.366617,0.000000,0.000000
6.080000,0.014366,-0.002156,0.001657,0.373165,0.000000,0.000000
6.860000,0.009556,0.000000,0.000000,0.370479,0.000000,0.000000
8.100000,0.021644,0.001977,0.000195,0.366779,0.000000,0.000000
6.390000,0.011745,-0.000562,0.000390,0.372360,0.000000,0.000000
8.410000,0.002111,0.000000,0.000000,0.375685,0.000000,0.000000
6.700000,0.002833,-0.000554,0.001657,0.376130,0.000000,0.000000
6.700000,0.007805,0.000767,0.000439,0.370433,0.000000,0.000000
7.480000,0.013520,-0.003792,0.001218,0.377588,0.000000,0.000000
7.320000,0.010194,-0.000153,0.000195,0.376773,0.000000,0.000000
6.690000,0.007656,-0.001440,0.001072,0.372388,0.000000,0.000000
6.380000,0.093395,0.007704,0.000780,0.370071,0.000000,0.000000
6.080000,0.004359,0.000000,0.000000,0.376278,0.000000,0.000000
7.790000,0.006641,0.000000,0.000000,0.372608,0.000000,0.000000
6.230000,0.013383,-0.001747,0.004143,0.373535,0.000000,0.000000
8.890000,0.008979,-0.001773,0.008237,0.380139,0.000000,0.000000
7.780000,0.001433,-0.000409,0.000439,0.378402,0.000000,0.000000
5.920000,0.002111,-0.000614,0.000439,0.377854,0.000000,0.000000
6.860000,0.012514,-0.002275,0.000634,0.380991,0.000000,0.000000
6.700000,0.008972,-0.002045,0.003119,0.377717,0.000000,0.000000
6.070000,0.007704,0.000435,0.000877,0.379394,0.000000,0.000000
6.230000,0.004686,-0.002591,0.017595,0.379722,0.000000,0.000000
10.120000,0.019315,0.000000,0.000000,0.439837,0.000000,0.000000
5.760000,0.014141,-0.040054,0.216644,5.916831,14.416654,52.791412
4.980000,0.001751,-0.022115,0.382794,0.001941,0.273820,59.469852
4.830000,0.014068,0.009656,0.205385,0.000067,0.003848,4.507120
4.980000,0.021465,0.019482,0.034215,0.000046,0.012588,4.002673
5.610000,0.019997,0.010806,0.018033,0.000029,0.000000,0.000000
5.300000,0.006194,-0.000656,0.003607,0.000006,0.000000,0.000000
4.210000,0.019243,0.001781,0.004045,0.000007,0.000000,0.000000
4.670000,0.026126,-0.001168,0.001072,0.000013,0.000000,0.000000
4.980000,0.036791,0.008914,0.007116,0.000008,0.000000,0.000000
6.080000,0.008009,0.000562,0.001755,0.000009,0.000000,0.000000
4.210000,0.010571,-0.000426,0.002827,0.000005,0.000000,0.000000
4.680000,0.021313,-0.001508,0.000439,0.000007,0.000000,0.000000
3.890000,0.023465,0.004679,0.002632,0.000017,0.000000,0.000000
4.210000,0.013807,0.001790,0.002388,0.000002,0.000000,0.000000
5.140000,0.017469,0.000000,0.000000,0.000016,0.000000,0.000000
4.980000,0.005528,-0.003426,0.003802,0.000003,0.000000,0.000000
5.300000,0.009176,0.000460,0.000439,0.000012,0.000000,0.000000
4.830000,0.036114,-0.006519,0.003948,0.000002,0.000000,0.000000
5.300000,0.001997,-0.001219,0.001413,0.000016,0.000000,0.000000
5.460000,0.003082,-0.000656,0.001413,0.000005,0.000000,0.000000
4.830000,0.018521,-0.006443,0.003948,0.000007,0.000000,0.000000
4.050000,0.250398,-0.000537,0.000877,0.000002,0.000000,0.000000
4.980000,0.002129,0.000562,0.000439,0.000003,0.000000,0.000000
4.980000,0.019835,0.000000,0.000000,0.000001,0.000000,0.000000
4.510000,0.011624,-0.001534,0.003314,0.000002,0.000000,0.000000
5.600000,0.050196,0.000094,0.000634,0.000006,0.000000,0.000000
5.460000,0.017916,-0.005071,0.002388,0.000007,0.000000,0.000000
5.610000,0.008146,-0.001031,0.005897,0.000006,0.000000,0.000000
5.300000,0.007604,-0.001909,0.000634,0.000013,0.000000,0.000000
5.610000,0.012404,-0.003647,0.001657,0.000002,0.000000,0.000000
5.460000,0.000928,0.000469,0.002437,0.000012,0.000000,0.000000
4.360000,0.040822,0.003255,0.000634,0.000003,0.000000,0.000000
5.300000,0.029257,-0.005335,0.003168,0.000008,0.000000,0.000000
4.980000,0.009573,0.001687,0.001413,0.000003,0.000000,0.000000
4.670000,0.024220,-0.001935,0.001072,0.000005,0.000000,0.000000
4.820000,0.020076,0.003196,0.001218,0.000001,0.000000,0.000000
5.920000,0.007473,0.001798,0.001852,0.000003,0.000000,0.000000
4.050000,0.094448,0.000844,0.000439,0.000009,0.000000,0.000000
5.450000,0.011143,-0.000631,0.001218,0.000029,0.000000,0.000000
5.140000,0.018023,0.001917,0.001218,0.000013,0.000000,0.000000
4.520000,0.005278,-0.000980,0.001218,0.000015,0.000000,0.000000
4.360000,0.005938,-0.000844,0.000634,0.000027,0.000000,0.000000
4.830000,0.011203,0.065961,3.095547,0.000009,0.000000,0.000000
4.210000,0.010982,0.002642,0.001218,0.000019,0.000000,0.000000
5.140000,0.014125,0.000580,0.000195,0.000021,0.000000,0.000000
5.460000,0.014231,0.003068,0.003558,0.000008,0.000000,0.000000
4.520000,0.006606,-0.005028,0.006092,0.000016,0.000000,0.000000
4.830000,0.001535,0.000648,0.000634,0.000018,0.000000,0.000000
4.670000,0.034215,0.003835,0.002827,0.000022,0.000000,0.000000
5.610000,0.008146,-0.001244,0.002583,0.000012,0.000000,0.000000
4.520000,0.013660,-0.000469,0.001218,0.000022,0.000006,0.010966
5.760000,0.019111,-0.009306,0.008237,0.000007,0.000000,0.000000
4.990000,0.002019,-0.000707,0.000634,0.000011,0.000000,0.000000
5.290000,0.008951,-0.000281,0.000439,0.000013,0.000000,0.000000
5.300000,0.016949,0.001278,0.001218,0.000008,0.000000,0.000000
5.140000,0.010982,-0.001074,0.000439,0.000021,0.000000,0.000000
5.450000,0.001575,-0.000187,0.002437,0.000017,0.000000,0.000000
4.830000,0.006016,-0.000230,0.001657,0.000002,0.000000,0.000000
5.300000,0.003460,0.001278,0.001218,0.000004,0.000000,0.000000
5.450000,0.044414,-0.001023,0.000780,0.000008,0.000000,0.000000
5.460000,0.006235,-0.000886,0.002096,0.000003,0.000000,0.000000
5.460000,0.015870,-0.002378,0.000877,0.000002,0.000000,0.000000
4.670000,0.009938,0.001099,0.001852,0.000007,0.000000,0.000000
4.830000,0.009106,0.002216,0.002583,0.000011,0.000000,0.000000
4.520000,0.006610,0.000989,0.000390,0.000002,0.000000,0.000000
4.980000,0.011909,0.001841,0.001998,0.000003,0.000000,0.000000
4.980000,0.009276,-0.004227,0.003119,0.000001,0.000000,0.000000
5.140000,0.015524,-0.003315,0.002096,0.000011,0.000000,0.000000
4.830000,0.007473,0.000273,0.006775,0.000002,0.000000,0.000000
5.610000,0.010256,0.000298,0.000634,0.000007,0.000000,0.000000
4.050000,0.016068,-0.001381,0.000439,0.000004,0.000000,0.000000
4.210000,0.003794,-0.002020,0.001413,0.000008,0.000000,0.000000
4.830000,0.010644,0.000187,0.000195,0.000011,0.000000,0.000000
5.290000,0.015758,0.001619,0.005605,0.000004,0.000000,0.000000
5.460000,0.015262,0.004772,0.002388,0.000017,0.000000,0.000000
4.980000,0.200669,0.001048,0.000634,0.000002,0.000000,0.000000
4.360000,0.027175,-0.000315,0.001072,0.000002,0.000000,0.000000
5.450000,0.005117,-0.003571,0.006336,0.000004,0.000000,0.000000
4.210000,0.019699,-0.001423,0.000634,0.000010,0.000000,0.000000
4.680000,0.006305,-0.000307,0.000195,0.000009,0.000000,0.000000
4.210000,0.012878,0.000000,0.000000,0.000005,0.000000,0.000000
5.460000,0.015983,-0.002787,0.000877,0.000013,0.000000,0.000000
4.980000,0.011736,0.000903,0.000195,0.000002,0.000000,0.000000
4.980000,0.009702,0.000187,0.000195,0.000020,0.000000,0.000000
4.980000,0.017302,-0.001790,0.000195,0.000015,0.000000,0.000000
5.300000,0.009154,0.000000,0.000000,0.000015,0.000000,0.000000
4.990000,0.020789,0.004755,0.001852,0.000007,0.000000,0.000000
5.140000,0.007352,-0.001082,0.000634,0.000010,0.000000,0.000000
4.050000,0.006399,0.000767,0.000439,0.000010,0.000000,0.000000
4.680000,0.031258,0.005957,0.002096,0.000025,0.000000,0.000000
4.830000,0.003645,-0.000026,0.003412,0.000002,0.000000,0.000000
5.610000,0.028202,-0.006417,0.002437,0.000022,0.000000,0.000000
4.360000,0.149122,-0.001031,0.005897,0.000006,0.000000,0.000000
4.670000,0.007083,-0.000614,0.000439,0.000019,0.000000,0.000000
5.760000,0.002339,0.001406,0.002193,0.000026,0.000000,0.000000
4.670000,0.011715,0.001747,0.002193,0.000020,0.000000,0.000000
5.610000,0.003551,-0.000307,0.000195,0.000012,0.000000,0.000000
5.450000,0.023836,0.000128,0.001413,0.000001,0.000000,0.000000
4.980000,0.004278,0.000000,0.000000,0.000017,0.000000,0.000000
4.050000,0.016935,0.003196,0.001218,0.000010,0.000000,0.000000
5.610000,0.004993,0.000068,0.000390,0.000003,0.000000,0.000000
4.830000,0.008951,0.001295,0.001657,0.000008,0.000000,0.000000
4.520000,0.012536,0.000273,0.001852,0.000006,0.000000,0.000000
4.670000,0.009330,-0.000733,0.001413,0.000014,0.000000,0.000000
4.360000,0.017741,-0.005343,0.002193,0.000020,0.000000,0.000000
4.980000,0.007454,0.002378,0.003948,0.000012,0.000000,0.000000
6.240000,0.000969,-0.000094,0.002827,0.000026,0.000000,0.000000
4.830000,0.006002,0.001125,0.001657,0.000013,0.000000,0.000000
4.680000,0.011638,-0.005020,0.002583,0.000019,0.000000,0.000000
4.520000,0.007942,-0.000315,0.001657,0.000072,0.000000,0.000000
5.760000,0.024907,0.003690,0.001657,0.000006,0.000000,0.000000
4.980000,0.023028,-0.004355,0.001072,0.000002,0.000000,0.000000
3.890000,0.032605,0.002454,0.001657,0.000010,0.000000,0.000000
5.920000,0.021964,0.000903,0.000195,0.000004,0.000000,0.000000
4.520000,0.005928,0.000937,0.001218,0.000009,0.000000,0.000000
4.520000,0.040987,-0.000571,0.001413,0.000022,0.000000,0.000000
5.140000,0.022572,-0.001406,0.000439,0.000004,0.000000,0.000000
5.300000,0.011024,-0.000511,0.001218,0.000007,0.000000,0.000000
4.980000,0.001398,0.000179,0.004825,0.000008,0.000000,0.000000
4.830000,0.024714,0.006664,0.002827,0.000015,0.000000,0.000000
5.770000,0.019111,-0.001687,0.000877,0.000036,0.000000,0.000000
4.520000,0.022665,-0.002301,0.001218,0.000002,0.000000,0.000000
4.830000,0.018011,0.002821,0.001998,0.000001,0.000000,0.000000
5.770000,0.027721,-0.000051,0.001755,0.000012,0.000000,0.000000
3.740000,0.044197,0.005684,0.006287,0.000019,0.000000,0.000000
4.830000,0.007507,0.001909,0.002388,0.000002,0.000000,0.000000
4.520000,0.007330,0.000187,0.000195,0.000009,0.000000,0.000000
5.140000,0.021309,0.001977,0.000195,0.000010,0.000000,0.000000
3.900000,0.024198,0.000000,0.000975,0.000011,0.000000,0.000000
4.680000,0.029384,0.004483,0.000975,0.000014,0.000000,0.000000
5.140000,0.013265,-0.003221,0.002388,0.000010,0.000000,0.000000
4.210000,0.009587,0.000000,0.000000,0.000009,0.000000,0.000000
5.460000,0.018492,0.005377,0.003558,0.000005,0.000000,0.000000
5.300000,0.006932,0.001585,0.000439,0.000036,0.000000,0.000000
5.140000,0.010952,0.000435,0.001413,0.000009,0.000000,0.000000
5.450000,0.031753,-0.005804,0.002193,0.000018,0.000000,0.000000
5.450000,0.018284,0.002045,0.000439,0.000006,0.000000,0.000000
4.670000,0.002299,0.000000,0.000000,0.000015,0.000000,0.000000
4.670000,0.018078,0.007593,0.004045,0.000003,0.000000,0.000000
4.520000,0.000717,0.000767,0.001657,0.000024,0.000000,0.000000
4.520000,0.007163,0.000844,0.000439,0.000021,0.000000,0.000000
4.980000,0.001040,-0.001082,0.001657,0.000032,0.000000,0.000000
4.670000,0.010142,0.000537,0.001657,0.000006,0.000000,0.000000
6.080000,0.012162,0.003145,0.004386,0.000005,0.000000,0.000000
4.360000,0.021398,-0.005028,0.002437,0.000010,0.000000,0.000000
6.080000,0.003164,0.000844,0.000439,0.000025,0.000000,0.000000
4.520000,0.014262,0.001406,0.002193,0.000010,0.000000,0.000000
5.460000,0.010721,-0.001099,0.000439,0.000004,0.000000,0.000000
5.140000,0.015618,-0.002966,0.001316,0.000017,0.000000,0.000000
5.300000,0.008526,-0.001636,0.001755,0.000007,0.000000,0.000000
4.360000,0.019687,-0.000895,0.000439,0.000015,0.000000,0.000000
5.140000,0.006945,0.002352,0.001657,0.000011,0.000000,0.000000
5.300000,0.016710,0.001406,0.001218,0.000012,0.000000,0.000000
4.980000,0.005260,0.000000,0.000000,0.000003,0.000000,0.000000
4.980000,0.030316,0.006511,0.002827,0.000007,0.000000,0.000000
5.140000,0.002119,0.000000,0.000000,0.000001,0.000000,0.000000
4.360000,0.024198,-0.002446,0.001072,0.000054,0.000000,0.000000
4.830000,0.000916,0.000298,0.001072,0.000012,0.000000,0.000000
5.140000,0.008899,0.000375,0.001657,0.000007,0.000000,0.000000
4.830000,0.013855,-0.002148,0.001950,0.000047,0.000000,0.000000
4.360000,0.003348,-0.000426,0.003558,0.000002,0.000000,0.000000
5.300000,0.020042,-0.002190,0.000634,0.000010,0.000000,0.000000
5.140000,0.176154,0.004329,0.000780,0.000001,0.000000,0.000000
4.200000,0.014828,-0.001491,0.001218,0.000015,0.000000,0.000000
4.360000,0.001535,-0.000426,0.000634,0.000007,0.000000,0.000000
5.300000,0.009099,0.000187,0.000195,0.000009,0.000000,0.000000
4.200000,0.005013,0.000000,0.000000,0.000009,0.000000,0.000000
5.300000,0.026795,0.000639,0.000877,0.000042,0.000000,0.000000
4.830000,0.016686,-0.006502,0.003607,0.000013,0.000000,0.000000
4.830000,0.000422,0.000026,0.000877,0.000002,0.000000,0.000000
4.200000,0.073023,-0.000895,0.000877,0.000001,0.000000,0.000000
4.830000,0.006934,0.002642,0.001218,0.000006,0.000000,0.000000
4.680000,0.002502,-0.000844,0.003948,0.000007,0.000000,0.000000
4.050000,0.011960,0.000580,0.000195,0.000018,0.000000,0.000000
5.300000,0.009334,-0.002812,0.002437,0.000007,0.000000,0.000000
4.050000,0.006421,-0.001023,0.000780,0.000005,0.000000,0.000000
4.510000,0.016588,0.002292,0.000634,0.000006,0.000000,0.000000
5.140000,0.018556,-0.004346,0.001950,0.000027,0.000000,0.000000
4.360000,0.020923,-0.004116,0.001316,0.000022,0.000000,0.000000
4.680000,0.007640,-0.000528,0.000195,0.000008,0.000000,0.000000
4.830000,0.007604,-0.001483,0.001316,0.000005,0.000000,0.000000
6.080000,0.008808,0.001150,0.000439,0.000008,0.000000,0.000000
4.980000,0.017495,0.002659,0.000439,0.000000,0.000000,0.000000
4.520000,0.003889,-0.001892,0.002632,0.000015,0.000000,0.000000
4.360000,0.010188,0.002523,0.001657,0.000003,0.000000,0.000000
4.980000,0.006780,0.000903,0.000195,0.000016,0.000000,0.000000
4.830000,0.014028,0.000026,0.003412,0.000018,0.000000,0.000000
4.830000,0.009137,0.000187,0.000195,0.000015,0.000000,0.000000
5.140000,0.019267,0.002173,0.006531,0.000032,0.000000,0.000000
4.520000,0.012891,-0.001210,0.003607,0.000010,0.000000,0.000000
5.300000,0.002299,0.000562,0.000877,0.000006,0.000000,0.000000
5.610000,0.008979,-0.003562,0.006336,0.000008,0.000000,0.000000
4.670000,0.018105,0.000000,0.000000,0.000019,0.000000,0.000000
4.050000,0.034206,-0.007372,0.002193,0.000009,0.000000,0.000000
4.360000,0.009745,0.000844,0.000439,0.000009,0.000000,0.000000
4.520000,0.023754,-0.001670,0.000634,0.000002,0.000000,0.000000
5.760000,0.026231,0.000793,0.000439,0.000004,0.000000,0.000000
5.300000,0.012274,-0.001270,0.002827,0.000014,0.000000,0.000000
5.300000,0.013565,-0.004619,0.003607,0.000013,0.000000,0.000000
4.980000,0.007378,-0.000026,0.000439,0.000024,0.000000,0.000000
5.300000,0.007533,0.000205,0.000390,0.000002,0.000000,0.000000
4.680000,0.063723,0.004551,0.000439,0.000022,0.000000,0.000000
4.520000,0.015594,-0.003579,0.001218,0.000012,0.000000,0.000000
5.140000,0.018989,-0.000895,0.000439,0.000001,0.000000,0.000000
4.680000,0.024650,0.002659,0.000439,0.000006,0.000000,0.000000
4.520000,0.017355,0.002301,0.001657,0.000010,0.000000,0.000000
5.770000,0.014231,0.003579,0.006092,0.000005,0.000000,0.000000
5.140000,0.010177,0.003673,0.001657,0.000014,0.000000,0.000000
4.200000,0.015095,0.001389,0.002827,0.000029,0.000000,0.000000
5.450000,0.022694,0.000562,0.000439,0.000026,0.000000,0.000000
4.980000,0.007997,0.000358,0.003607,0.000002,0.000000,0.000000
4.520000,0.019810,-0.001057,0.000195,0.000007,0.000000,0.000000
5.140000,0.012396,-0.000281,0.000439,0.000008,0.000000,0.000000
4.680000,0.035891,0.000562,0.000439,0.000004,0.000000,0.000000
4.050000,0.001398,0.001125,0.002193,0.000013,0.000000,0.000000
4.210000,0.030801,-0.001721,0.003022,0.000004,0.000000,0.000000
4.360000,0.003983,0.002148,0.001755,0.000007,0.000000,0.000000
4.670000,0.002526,-0.000060,0.001657,0.000006,0.000000,0.000000
4.200000,0.003645,0.000758,0.001072,0.000005,0.000000,0.000000
4.980000,0.002287,0.000562,0.000877,0.000009,0.000000,0.000000
4.520000,0.001939,0.000358,0.001316,0.000003,0.000000,0.000000
4.990000,0.010461,-0.001687,0.000877,0.000003,-0.000085,0.010966
4.990000,0.018699,0.000562,0.000439,0.000011,0.000000,0.000000
4.520000,0.009137,0.001483,0.000877,0.000011,0.000000,0.000000
3.740000,0.006534,0.000000,0.000000,0.000008,0.000000,0.000000
5.450000,0.011809,0.002267,0.004045,0.000020,0.000000,0.000000
4.520000,0.003341,-0.000699,0.000390,0.000008,0.000000,0.000000
3.430000,0.027369,-0.004159,0.004386,0.000002,0.000000,0.000000
4.520000,0.018571,0.007107,0.002827,0.000009,0.000000,0.000000
5.610000,0.019759,-0.001815,0.000634,0.000025,0.000000,0.000000
5.140000,0.014296,-0.000128,0.000829,0.000016,0.000000,0.000000
5.140000,0.001559,0.000648,0.000634,0.000003,0.000000,0.000000
4.680000,0.014089,-0.000656,0.002388,0.000004,0.000000,0.000000
4.520000,0.008209,-0.001057,0.000195,0.000008,0.000000,0.000000
4.680000,0.009105,-0.000528,0.000195,0.000006,0.000000,0.000000
4.520000,0.019462,0.002020,0.000877,0.000062,0.000000,0.000000
5.920000,0.009114,-0.001406,0.010966,0.000001,0.000000,0.000000
4.980000,0.014290,0.000000,0.000000,0.000002,0.000000,0.000000
5.300000,0.022604,0.001278,0.000877,0.000003,0.000000,0.000000
6.080000,0.007853,0.000835,0.001218,0.000007,0.000000,0.000000
4.200000,0.012858,0.001764,0.000634,0.000006,0.000000,0.000000
6.540000,0.006405,-0.000844,0.003948,0.000014,0.000000,0.000000
4.670000,0.016232,0.001926,0.001657,0.000001,0.000000,0.000000
4.360000,0.028379,0.001014,0.002827,0.000011,0.000000,0.000000
5.140000,0.007518,-0.003221,0.003948,0.000010,0.000000,0.000000
4.830000,0.014076,-0.006298,0.003265,0.000005,0.000000,0.000000
4.830000,0.008050,0.000094,0.001657,0.000002,0.000000,0.000000
5.300000,0.005238,0.000000,0.000000,0.000002,0.000000,0.000000
5.610000,0.019716,-0.000920,0.002583,0.000021,0.000000,0.000000
4.990000,0.010237,-0.000281,0.000439,0.000013,0.000000,0.000000
4.520000,0.003539,-0.000281,0.000439,0.000005,0.000000,0.000000
5.460000,0.017960,0.000460,0.000439,0.000031,0.000000,0.000000
5.610000,0.019765,0.004091,0.002437,0.000013,0.000000,0.000000
4.360000,0.009950,0.001312,0.000390,0.000001,0.000000,0.000000
4.360000,0.017409,-0.003835,0.002437,0.000010,0.000000,0.000000
5.460000,0.002767,0.000562,0.000439,0.000023,0.000000,0.000000
4.050000,0.025326,-0.000707,0.000634,0.000024,0.000000,0.000000
5.140000,0.020042,-0.004159,0.004045,0.000002,0.000000,0.000000
5.770000,0.017755,-0.003622,0.001218,0.000011,0.000000,0.000000
4.830000,0.017267,0.000187,0.000195,0.000011,0.000000,0.000000
4.670000,0.014617,-0.002736,0.000877,0.000005,0.000000,0.000000
4.990000,0.004970,0.001150,0.000439,0.000017,0.000000,0.000000
5.140000,0.006388,-0.002224,0.004386,0.000019,0.000000,0.000000
5.300000,0.013961,-0.006801,0.007311,0.000011,0.000000,0.000000
5.140000,0.003296,-0.000528,0.000195,0.000008,0.000000,0.000000
5.140000,0.011304,-0.001304,0.000877,0.000003,0.000000,0.000000
4.830000,0.010327,-0.002301,0.001218,0.000004,0.000000,0.000000
5.610000,0.002168,-0.000332,0.000439,0.000006,0.000000,0.000000
4.680000,0.014558,0.000000,0.000000,0.000023,0.000000,0.000000
4.050000,0.023662,-0.002173,0.000439,0.000010,0.000000,0.000000
5.610000,0.012591,0.000733,0.000195,0.000003,0.000000,0.000000
4.980000,0.006945,0.000562,0.000439,0.000021,0.000000,0.000000
2.960000,0.064437,-0.001023,0.001316,0.000006,0.000000,0.000000
5.760000,0.003754,-0.001628,0.002827,0.000002,0.000000,0.000000
5.300000,0.015207,0.001219,0.000634,0.000004,0.000000,0.000000
5.300000,0.007735,0.000418,0.003558,0.000003,0.000000,0.000000
4.670000,0.005160,0.000528,0.000390,0.000006,0.000000,0.000000
5.300000,0.007088,0.000690,0.000877,0.000005,0.000000,0.000000
4.830000,0.002490,0.000784,0.000390,0.000027,0.000000,0.000000
4.830000,0.025252,-0.002616,0.001852,0.000005,0.000000,0.000000
4.990000,0.009289,0.002642,0.001218,0.000001,0.000000,0.000000
4.670000,0.006500,0.005198,0.006677,0.000010,0.000000,0.000000
4.210000,0.011753,-0.001952,0.000634,0.000000,0.000000,0.000000
5.300000,0.014459,0.004900,0.003022,0.000013,0.000000,0.000000
4.670000,0.012514,-0.003136,0.001998,0.000001,0.000000,0.000000
3.590000,0.055762,-0.004525,0.000439,0.000015,0.000000,0.000000
4.830000,0.019909,-0.001381,0.000439,0.000001,0.000000,0.000000
5.140000,0.008911,-0.000989,0.000390,0.000025,-0.000314,0.010966
4.200000,0.007786,0.000460,0.000439,0.000011,0.000000,0.000000
4.990000,0.007735,-0.000026,0.000439,0.000004,0.000000,0.000000
4.830000,0.018039,-0.002301,0.001218,0.000008,0.000000,0.000000
4.520000,0.020567,0.002693,0.002827,0.000023,0.000000,0.000000
5.760000,0.009114,-0.000844,0.003948,0.000002,0.000000,0.000000
4.050000,0.010163,0.006196,0.004825,0.000005,0.000000,0.000000
4.200000,0.009349,0.000017,0.000195,0.000019,0.000000,0.000000
4.210000,0.007875,-0.001150,0.001608,0.000003,0.000000,0.000000
5.920000,0.027674,-0.001926,0.003022,0.000022,0.000000,0.000000
5.140000,0.007457,0.001321,0.001218,0.000009,0.000000,0.000000
4.360000,0.237429,-0.003511,0.001852,0.000004,0.000000,0.000000
5.290000,0.014658,0.004576,0.006336,0.000006,0.000000,0.000000
5.450000,0.011578,-0.000281,0.000439,0.000015,0.000000,0.000000
5.300000,0.017285,0.004380,0.004143,0.000001,0.000000,0.000000
5.300000,0.004631,0.000903,0.000195,0.000004,0.000000,0.000000
4.990000,0.003563,-0.001244,0.000829,0.000008,0.000000,0.000000
4.520000,0.008687,-0.000307,0.000195,0.000007,0.000000,0.000000
4.520000,0.006489,0.000793,0.000439,0.000004,0.000000,0.000000
5.300000,0.009118,0.000375,0.001657,0.000018,0.000000,0.000000
3.900000,0.019692,-0.006264,0.002583,0.000018,0.000000,0.000000
5.450000,0.004970,0.000767,0.001218,0.000004,0.000000,0.000000
5.770000,0.005211,-0.001943,0.000877,0.000002,0.000000,0.000000
4.680000,0.006267,0.000162,0.000634,0.000007,0.000000,0.000000
5.140000,0.003539,0.000562,0.000877,0.000015,0.000000,0.000000
4.830000,0.014262,0.001108,0.002827,0.000001,0.000000,0.000000
4.210000,0.001535,0.001432,0.002388,0.000003,0.000000,0.000000
4.980000,0.039920,-0.010039,0.002827,0.000011,0.000000,0.000000
4.990000,0.032023,-0.000273,0.001560,0.000023,0.000000,0.000000
5.140000,0.007106,-0.002113,0.000780,0.000028,0.000000,0.000000
4.210000,0.014816,-0.002684,0.000634,0.000009,0.000000,0.000000
5.610000,0.022659,0.001952,0.000634,0.000006,0.000000,0.000000
4.830000,0.005101,0.000000,0.000000,0.000011,0.000000,0.000000
4.360000,0.011353,0.000903,0.000195,0.000014,0.000000,0.000000
5.460000,0.086813,-0.001491,0.001218,0.000007,0.000000,0.000000
5.770000,0.017773,0.001449,0.000195,0.000007,0.000000,0.000000
4.680000,0.012682,0.000000,0.000000,0.000009,0.000000,0.000000
5.920000,0.011550,0.004755,0.003948,0.000017,0.000000,0.000000
4.830000,0.004584,0.000562,0.001755,0.000014,0.000000,0.000000
5.450000,0.060596,-0.001790,0.001218,0.000003,0.000000,0.000000
5.140000,0.014399,0.000000,0.000000,0.000030,0.000000,0.000000
5.300000,0.056921,0.006784,0.003899,0.000009,0.000000,0.000000
4.680000,0.011268,-0.000332,0.000439,0.000013,0.000000,0.000000
4.670000,0.013144,-0.002096,0.000439,0.000006,0.000000,0.000000
5.610000,0.026602,-0.000187,0.000975,0.000019,0.000000,0.000000
5.300000,0.026706,0.001815,0.001218,0.000003,0.000000,0.000000
4.830000,0.006749,0.000375,0.000780,0.000006,0.000000,0.000000
4.990000,0.015466,-0.004278,0.002096,0.000003,0.000000,0.000000
3.740000,0.006364,-0.001662,0.000877,0.000005,0.000000,0.000000
4.980000,0.029264,0.000460,0.000439,0.000006,0.000000,0.000000
5.610000,0.013901,-0.002113,0.000780,0.000010,0.000000,0.000000
4.680000,0.011891,-0.003307,0.001657,0.000008,0.000000,0.000000
5.460000,0.010845,0.001219,0.001218,0.000026,0.000000,0.000000
4.200000,0.021963,-0.001773,0.000195,0.000029,0.000000,0.000000
5.300000,0.017332,-0.002378,0.000877,0.000023,0.000000,0.000000
4.200000,0.002399,0.000426,0.000390,0.000032,0.000000,0.000000
5.920000,0.015739,-0.001432,0.000975,0.000005,0.000000,0.000000
4.360000,0.008595,0.001909,0.002388,0.000006,0.000000,0.000000
5.140000,0.006470,-0.000733,0.001950,0.000006,0.000000,0.000000
5.140000,0.055715,0.003886,0.001852,0.000002,0.000000,0.000000
5.450000,0.005101,-0.000699,0.002096,0.000016,0.000000,0.000000
4.520000,0.007436,-0.000085,0.006092,0.000015,0.000000,0.000000
4.830000,0.013748,-0.000307,0.000195,0.000008,0.000000,0.000000
4.360000,0.048159,0.000017,0.000195,0.000007,0.000000,0.000000
4.680000,0.017267,-0.001636,0.000877,0.000016,0.000000,0.000000
4.980000,0.013486,-0.002352,0.004386,0.000008,0.000000,0.000000
5.300000,0.014916,-0.000418,0.000634,0.000021,0.000000,0.000000
4.980000,0.033717,0.003579,0.002827,0.000001,0.000000,0.000000
4.520000,0.070952,0.007883,0.003265,0.000007,0.000000,0.000000
4.520000,0.007169,-0.000699,0.003607,0.000009,0.000000,0.000000
4.670000,0.002033,0.000239,0.001072,0.000035,0.000000,0.000000
4.980000,0.027224,-0.001381,0.001072,0.000021,0.000000,0.000000
4.830000,0.039223,0.004653,0.002193,0.000006,0.000000,0.000000
4.360000,0.007847,0.000247,0.001072,0.000020,0.000000,0.000000
4.210000,0.041939,-0.002113,0.000780,0.000045,0.000000,0.000000
5.760000,0.011557,0.003707,0.001316,0.000008,0.000000,0.000000
5.760000,1.916713,0.021765,0.002583,0.072043,0.000000,0.000000
5.140000,1.753029,0.022924,0.001218,0.071224,0.000000,0.000000
6.540000,1.634195,0.026359,0.000877,0.072214,0.000000,0.000000
4.980000,1.654813,0.022882,0.001218,0.073263,0.000000,0.000000
6.070000,1.613177,0.021092,0.001218,0.075026,0.000000,0.000000
6.690000,1.310228,0.001253,0.000634,0.073505,0.000000,0.000000
5.140000,1.685299,0.014547,0.000439,0.074340,0.000000,0.000000
4.820000,1.669414,-0.016959,0.000390,0.073682,0.000000,0.000000
5.600000,1.661625,0.021305,0.001218,0.074131,0.000000,0.000000
5.760000,1.868381,0.036739,0.001657,0.075396,0.000000,0.000000
6.070000,1.575187,0.061564,0.004776,0.076120,0.000000,0.000000
4.820000,1.513500,0.019686,0.001218,0.075218,0.000000,0.000000
4.820000,1.540495,0.024493,0.000877,0.079120,0.000000,0.000000
6.540000,1.794256,0.044204,0.002827,0.076577,0.000000,0.000000
5.290000,1.547184,0.023547,0.000877,0.078151,0.000000,0.000000
5.910000,1.623562,0.005684,0.000634,0.077302,0.000000,0.000000
5.750000,1.825055,0.036568,0.001657,0.081996,0.000000,0.000000
4.200000,1.160525,0.031319,0.002437,0.078886,0.000000,0.000000
6.230000,1.361248,0.019771,0.001218,0.081129,0.000000,0.000000
5.760000,1.775505,0.011684,0.000439,0.083147,0.000000,0.000000
4.820000,1.746490,0.022839,0.001218,0.081143,0.000000,0.000000
6.070000,1.635298,0.031694,0.001657,0.085062,0.000000,0.000000
4.980000,1.710373,-0.008437,0.000195,0.082898,0.000000,0.000000
6.680000,1.439175,0.014215,0.003168,0.082619,0.000000,0.000000
5.140000,1.522179,0.999201,3.194145,0.082665,0.000000,0.000000
4.670000,1.426676,0.013550,0.001218,0.083836,0.000000,0.000000
5.440000,1.962224,0.005948,0.000634,0.084957,0.000000,0.000000
6.380000,1.827751,0.012655,0.000439,0.084171,0.000000,0.000000
5.600000,1.689814,0.027356,0.000877,0.084538,0.000000,0.000000
6.060000,1.823460,0.000000,0.000000,0.086321,0.000000,0.000000
4.360000,1.821993,0.029222,0.000877,0.085294,0.000000,0.000000
6.530000,1.649992,0.004048,0.001998,0.086092,0.000000,0.000000
5.760000,1.983742,0.000000,0.000000,0.088705,0.000000,0.000000
5.440000,1.720654,0.013576,0.000439,0.089482,0.000000,0.000000
5.910000,1.706096,0.066038,0.004776,0.090144,0.000000,0.000000
5.130000,1.734410,0.016695,0.001413,0.090400,0.000000,0.000000
4.670000,1.976023,0.019175,0.000439,0.088179,0.000000,0.000000
6.220000,1.788333,-0.005258,0.001072,0.089534,0.000000,0.000000
5.450000,1.719351,-0.015749,0.002193,0.089987,0.000000,0.000000
5.130000,1.805428,0.014547,0.000439,0.089731,0.000000,0.000000
5.450000,1.454733,0.009945,0.000439,0.091179,0.000000,0.000000
5.760000,1.546290,0.002454,0.000634,0.091029,0.000000,0.000000
4.820000,1.739556,0.044809,0.002827,0.094313,0.000000,0.000000
4.820000,1.716246,-0.008522,0.000195,0.094612,0.000000,0.000000
4.980000,1.952389,0.045423,0.002437,0.096727,0.000000,0.000000
5.290000,1.837513,-0.020896,0.000780,0.093999,0.000000,0.000000
5.130000,1.535890,0.001338,0.000634,0.094860,0.000000,0.000000
4.820000,1.571377,0.042398,0.002437,0.092772,0.000000,0.000000
5.140000,1.671232,-0.007883,0.001218,0.096593,0.000000,0.000000
4.670000,1.810323,0.032154,0.002388,0.096834,0.000000,0.000000
6.380000,1.688702,0.021305,0.001218,0.097522,0.000000,0.000000
5.600000,1.710483,0.044724,0.001852,0.099721,0.000000,0.000000
4.980000,1.728000,0.023581,0.004581,0.096362,0.000000,0.000000
5.450000,1.774169,-0.018834,0.000390,0.100161,0.000000,0.000000
5.910000,2.068086,0.030245,0.000877,0.098964,0.000000,0.000000
6.220000,1.327456,0.023172,0.001852,0.100430,0.000000,0.000000
5.600000,1.931849,0.014547,0.000439,0.101616,0.000000,0.000000
6.380000,1.513302,0.004738,0.000634,0.100177,0.000000,0.000000
5.450000,1.221254,0.027211,0.001657,0.100906,0.000000,0.000000
4.510000,1.746127,0.021092,0.001218,0.104698,0.055879,0.043865
6.070000,1.674041,-0.034003,0.001950,0.101704,0.000000,0.000000
6.380000,1.592258,0.033304,0.001657,0.101505,0.000000,0.000000
4.510000,1.588441,0.023010,0.001218,0.103013,0.000000,0.000000
6.230000,2.055810,0.026342,0.002583,0.104359,0.000000,0.000000
5.760000,1.728438,-0.007789,0.000195,0.105268,0.000000,0.000000
5.920000,1.950029,0.063132,0.003265,0.102122,0.000000,0.000000
5.440000,1.468948,0.137513,0.057755,0.108796,0.000000,0.000000
5.760000,1.422641,0.231827,0.345314,0.106728,0.000000,0.000000
4.820000,1.480268,0.296126,0.445765,0.111793,0.000000,0.000000
5.760000,1.327018,0.044937,0.006287,0.103721,0.000000,0.000000
4.980000,1.720029,0.219802,0.052443,0.100618,0.000000,0.000000
5.290000,1.343259,0.230873,0.451175,0.104123,0.000000,0.000000
6.380000,1.335306,0.346407,1.495257,0.100359,0.000000,0.000000
6.070000,1.380993,-0.022396,0.001413,0.101121,0.000000,0.000000
5.910000,1.608993,0.092158,0.007896,0.102020,0.000000,0.000000
5.600000,1.932792,0.185458,0.040063,0.098244,0.000000,0.000000
5.760000,1.657027,0.107481,0.021932,0.099702,0.000000,0.000000
6.680000,1.782872,0.183737,0.048008,0.099343,0.000000,0.000000
5.130000,1.455997,0.095968,0.010089,0.100326,0.000000,0.000000
5.600000,1.329808,0.251871,0.083100,0.095448,0.000000,0.000000
5.910000,1.166078,0.156662,0.058730,0.092882,0.000000,0.000000
5.440000,1.176830,0.243179,0.083733,0.082870,0.023517,0.010966
5.910000,0.902393,0.598457,0.523406,0.087920,0.000000,0.000000
6.220000,0.854962,0.184785,0.867794,0.081154,0.000000,0.000000
5.290000,0.551000,0.322545,0.233069,0.082346,0.000000,0.000000
6.070000,0.469133,0.007380,0.006287,0.081555,0.000000,0.000000
5.140000,0.459677,0.093113,0.037919,0.079059,0.000000,0.000000
5.910000,0.594106,0.041758,0.005751,0.079297,0.000000,0.000000
5.760000,1.123652,0.096112,0.037188,0.077919,0.000000,0.000000
5.600000,1.424065,0.015510,0.003655,0.076872,0.000000,0.000000
6.220000,1.277433,0.121219,0.111466,0.078006,0.000000,0.000000
5.440000,1.007929,0.021467,0.001852,0.078171,0.000000,0.000000
5.760000,1.036009,0.032870,0.005507,0.076173,0.000000,0.000000
6.220000,1.565249,0.017913,0.004581,0.077315,0.000000,0.000000
5.290000,1.447551,0.143052,0.019837,0.077213,0.000000,0.000000
5.600000,1.557432,0.247431,0.095577,0.077217,0.000000,0.000000
4.820000,1.417759,0.073188,0.017595,0.074960,0.000000,0.000000
5.600000,1.602605,0.071305,0.008286,0.076916,0.000000,0.000000
5.600000,1.634128,0.136183,0.045083,0.074222,0.000000,0.000000
6.070000,1.586291,0.034600,0.002388,0.075724,0.000000,0.000000
5.600000,1.346675,0.167886,0.065554,0.072482,0.000000,0.000000
5.130000,1.681708,0.028455,0.002388,0.073174,0.000000,0.000000
4.980000,1.764046,0.021774,0.001218,0.066190,0.000000,0.000000
5.290000,1.555601,0.013567,0.001413,0.072120,0.000000,0.000000
5.130000,1.505512,0.069643,0.011405,0.070084,0.000000,0.000000
4.980000,1.741748,0.041298,0.002827,0.070694,0.000000,0.000000
5.450000,1.515528,0.041801,0.003948,0.067407,0.000000,0.000000
4.980000,1.634444,0.057797,0.008676,0.067205,0.000000,0.000000
5.290000,1.830414,0.055624,0.003607,0.069269,0.000000,0.000000
5.140000,1.599461,0.197585,0.074327,0.067900,0.000000,0.000000
5.140000,1.663302,-0.013320,0.002193,0.069089,0.000000,0.000000
5.450000,1.630326,0.010857,0.001413,0.068635,0.000000,0.000000
5.600000,1.601764,0.000000,0.000000,0.066631,0.000000,0.000000
5.140000,1.594332,0.031140,0.002388,0.068016,0.000000,0.000000
5.600000,1.683757,0.000000,0.000000,0.067859,0.000000,0.000000
6.220000,1.754968,0.000000,0.000000,0.067968,0.000000,0.000000
5.290000,1.785116,0.011735,0.000439,0.066205,0.000000,0.000000
5.450000,1.938610,0.019558,0.001218,0.066440,0.000000,0.000000
6.380000,1.620617,0.035963,0.001657,0.068211,0.000000,0.000000
4.980000,1.617315,0.032887,0.001657,0.067518,0.000000,0.000000
3.890000,1.659569,0.000000,0.000000,0.067893,0.000000,0.000000
5.760000,1.745962,-0.003170,0.000877,0.065865,0.000000,0.000000
6.070000,1.882318,0.000000,0.000000,0.069050,0.000000,0.000000
5.130000,1.714459,0.000000,0.000000,0.068407,0.000000,0.000000
4.670000,1.729061,0.022669,0.001218,0.066761,0.000000,0.000000
5.290000,2.038901,-0.009681,0.000195,0.067559,0.000000,0.000000
4.820000,1.872894,0.014522,0.000439,0.068416,0.000000,0.000000
5.450000,1.595973,0.011709,0.000439,0.067893,0.000000,0.000000
5.760000,1.854673,0.014522,0.000439,0.067242,0.000000,0.000000
4.980000,1.816705,0.025012,0.001218,0.067335,0.000000,0.000000
6.370000,1.366143,0.016362,0.001218,0.066528,0.000000,0.000000
5.440000,1.722267,0.042849,0.002827,0.068287,0.000000,0.000000
4.980000,1.606673,-0.008437,0.000195,0.067488,0.000000,0.000000
5.760000,1.836400,0.015263,0.000439,0.068212,0.000000,0.000000
5.440000,1.801108,0.068773,0.007116,0.068892,0.000000,0.000000
5.760000,1.837808,0.014547,0.000439,0.067428,0.000000,0.000000
5.130000,1.816849,-1.071579,3.119721,0.067484,0.000000,0.000000
5.910000,2.066144,0.057729,0.002096,0.066366,0.000000,0.000000
4.980000,1.859111,0.000000,0.000000,0.067916,0.000000,0.000000
5.600000,1.704334,0.011684,0.000439,0.067831,0.000000,0.000000
5.760000,1.648229,-0.009050,0.000195,0.067097,0.000000,0.000000
5.760000,1.778463,0.015468,0.000439,0.067277,0.000000,0.000000
5.130000,1.848966,0.024245,0.001218,0.067884,0.000000,0.000000
5.600000,1.946263,0.013576,0.000439,0.065620,0.000000,0.000000
5.760000,1.741980,0.010763,0.000439,0.064849,0.000000,0.000000
5.600000,1.379202,0.000000,0.000000,0.068446,0.000000,0.000000
5.440000,1.877244,0.022754,0.001218,0.065509,0.000000,0.000000
6.540000,1.745497,0.000000,0.000000,0.067124,0.000000,0.000000
5.600000,1.973055,0.000000,0.000000,0.066474,0.000000,0.000000
5.760000,1.184399,0.034975,0.003948,0.067400,0.000000,0.000000
5.290000,2.016395,0.014547,0.000439,0.068014,0.000000,0.000000
5.440000,1.633041,0.000000,0.000000,0.068642,0.000000,0.000000
5.440000,1.405951,-0.007789,0.000195,0.065439,0.000000,0.000000
6.380000,1.705930,0.011684,0.000439,0.067871,0.000000,0.000000
5.140000,1.921214,0.000000,0.000000,0.066598,0.000000,0.000000
5.600000,2.065174,0.000000,0.000000,0.067868,0.000000,0.000000
5.440000,1.938026,-0.009698,0.000195,0.067353,0.000000,0.000000
6.380000,1.749229,0.015544,0.000439,0.067565,0.000000,0.000000
5.750000,1.696317,0.012655,0.000439,0.069005,0.000000,0.000000
6.220000,1.643778,-0.009698,0.000195,0.066789,0.000000,0.000000
6.080000,1.941131,0.000000,0.000000,0.070480,0.000000,0.000000
5.920000,1.821296,0.000000,0.000000,0.068363,0.000000,0.000000
5.290000,2.206199,-0.010959,0.000195,0.068651,0.000000,0.000000
7.010000,1.770811,0.012655,0.000439,0.068850,0.000000,0.000000
4.670000,1.744090,0.000000,0.000000,0.070225,0.000000,0.000000
4.670000,1.789488,0.011658,0.000439,0.069754,0.000000,0.000000
5.600000,1.831394,0.014547,0.000439,0.069600,0.000000,0.000000
4.670000,2.125010,0.000000,0.000000,0.068901,0.000000,0.000000
4.820000,2.143791,0.000000,0.000000,0.067981,0.000000,0.000000
6.540000,1.813220,0.013652,0.000439,0.071324,0.000000,0.000000
5.140000,1.797548,0.000000,0.000000,0.069089,0.000000,0.000000
4.670000,1.659074,0.000000,0.000000,0.070090,0.000000,0.000000
5.760000,1.883858,0.013550,0.000439,0.070195,0.000000,0.000000
5.440000,1.622489,0.000000,0.000000,0.070225,0.000000,0.000000
4.670000,2.019973,0.031038,0.001413,0.070896,0.000000,0.000000
5.920000,1.887779,0.011658,0.000439,0.070053,0.000000,0.000000
5.290000,1.728138,0.000000,0.000000,0.070531,0.000000,0.000000
5.760000,1.752916,0.012681,0.000439,0.071035,0.000000,0.000000
4.820000,1.614101,0.000000,0.000000,0.070254,0.000000,0.000000
6.070000,1.807317,0.000000,0.000000,0.070654,0.000000,0.000000
5.600000,1.633055,0.013550,0.000439,0.070227,0.000000,0.000000
4.980000,1.518758,0.012681,0.000439,0.070550,0.000000,0.000000
5.130000,2.151899,0.014547,0.000439,0.070918,0.000000,0.000000
5.130000,1.990622,0.021092,0.001218,0.070089,0.000000,0.000000
4.670000,1.284271,0.048636,0.008237,0.072550,0.000000,0.000000
7.930000,2.588607,0.024118,0.001218,0.102938,0.000000,0.000000
40.240002,5.594317,2.651571,1.287533,3.636012,3.699537,11.064924
40.759998,23.668415,20.706696,19.101122,1.599340,1.235641,214.521332
52.889999,75.352448,28.772648,14.800898,2.496598,18.888691,187.489578
64.089996,150.276138,49.031502,18.144571,0.815111,11.067396,229.369598
112.690002,214.350983,88.274689,43.902920,3.806663,8.584162,39.511314
96.489998,226.983490,125.416840,76.914291,2.951047,5.839181,85.437881
137.529999,230.481293,136.052490,121.035233,4.939713,1.261244,3.838179
101.570000,222.062317,148.403229,189.418762,4.142239,3.618481,59.107964
105.400002,209.601044,138.498505,159.637390,4.718462,-2.580200,43.546886
82.540001,200.952393,112.829941,91.417885,5.345346,0.000000,0.000000
82.360001,134.526917,120.746262,114.363319,4.626597,-1.308743,11.942222
82.849998,76.443367,106.660156,155.278549,4.681341,-0.896283,2.807354
63.470001,39.349693,73.801117,140.347534,4.524368,-0.762799,4.836106
45.189999,17.722357,43.025776,113.669182,4.520214,-0.445453,4.923837
51.889999,7.459357,20.630131,82.350861,4.646262,0.007021,3.081510
52.619999,0.280477,-1.829366,67.935188,6.330608,4.993906,15.199191
34.410000,2.635175,-8.713301,39.940800,4.709644,-0.685002,23.105841
54.209999,7.784751,-14.371508,30.380932,3.782027,2.724000,35.716999
70.940002,12.218611,-20.658707,38.307224,4.387768,15.518512,133.393188
3.570000,13.626156,-17.083578,24.556793,0.434209,7.230981,526.170593
40.639999,11.533828,-11.831279,14.822977,1.961922,12.187041,160.468796
19.400000,10.881522,-14.803537,25.845495,2.353483,1.329191,225.257263
10.710000,6.965741,-10.922190,19.330290,4.863900,9.335349,131.759216
48.790001,5.924621,-7.498464,10.283543,5.434630,-31.919416,385.101013
63.580002,3.171974,-4.445289,9.132332,6.444817,-14.908464,113.412720
36.450001,2.704963,-4.596377,8.824206,3.829843,-25.163216,185.438889
11.650000,2.451502,-3.564826,5.570698,1.597250,13.782864,135.849609
26.370001,1.561762,-1.975742,3.266230,4.705852,-6.723726,241.805313
59.700001,0.680076,-0.710327,0.919701,4.067041,-6.080121,230.192078
19.870001,0.629729,-0.365139,0.239307,2.489305,4.448771,294.201935
15.550000,0.255181,0.023538,0.009991,0.712172,-1.868770,205.452271
31.820000,0.532265,-0.072438,0.257828,1.953489,7.841121,34.061104
7.930000,0.468653,-0.015417,0.127647,1.086192,2.746510,66.839157
11.820000,0.512211,-0.037497,0.547093,1.065609,0.997098,6.908724
18.969999,0.351331,0.070111,0.063507,1.721872,0.506569,8.630421
8.240000,0.282635,-0.008616,0.040892,0.990075,0.116741,9.277428
42.810001,0.665399,0.135058,0.117704,2.075669,1.594725,22.568495
28.940001,11.934680,9.398632,8.227595,5.022792,31.021107,311.342133
39.990002,50.868790,30.199650,18.969330,1.208442,-10.846254,369.024506
90.019997,154.365326,75.512733,41.819099,3.173934,7.744226,61.005119
116.129997,322.219971,140.641632,74.655441,1.736537,8.749199,98.597343
180.479996,407.480286,195.816620,98.827927,2.842195,3.335670,11.711931
138.089996,382.958923,268.544861,225.700867,3.400437,3.471570,10.933329
202.699997,369.101227,304.147522,456.151306,3.890869,0.032095,16.800259
188.610001,378.616974,315.169464,509.948975,5.033421,-0.937374,1.590103
157.419998,356.931946,282.451477,592.859497,6.062047,-1.803297,1.853292
168.369995,296.779816,295.540588,625.266052,6.853356,-2.675534,2.204212
176.309998,288.440186,329.533997,567.849487,6.057698,-0.627902,0.328987
171.710007,273.936066,330.878082,413.011414,5.067222,1.083739,0.559278
151.669998,232.497681,318.306580,463.573975,4.862940,0.340231,0.054831
153.929993,187.157684,300.887360,508.190247,4.675375,0.459128,0.625075
106.860001,116.756874,250.472702,551.626343,4.397275,0.949476,10.538544
104.180000,67.251122,175.671417,481.730957,4.301141,0.089721,2.127448
61.919998,34.699158,119.915604,453.018127,4.486988,0.755546,4.386491
60.029999,13.434595,69.254456,389.358643,4.426462,0.022387,0.175460
36.500000,1.993224,23.032707,348.722290,4.008672,1.938422,2.467401
17.500000,1.107193,-9.939191,268.360779,4.089272,0.066548,0.723771
24.660000,4.821049,-27.678026,189.303940,4.256604,0.000000,0.000000
31.770000,19.036716,-60.754150,202.917557,5.101554,1.086586,0.361885
17.670000,33.838211,-68.492264,140.434631,3.574663,12.394127,44.851868
31.170000,42.807396,-71.445717,120.310921,1.825496,-5.230286,339.613098
19.360001,60.676838,-87.834869,129.526779,4.716133,23.329403,160.742950
12.110000,50.886433,-68.503586,94.093834,0.839058,17.833282,393.073456
35.779999,36.792912,-53.526085,82.204147,5.477497,-15.715682,284.606506
33.320000,46.720043,-59.751335,80.796669,3.541716,6.974034,27.865185
35.779999,79.247459,-29.852503,22.020330,2.672149,14.338942,195.231750
49.570000,68.986343,-20.080864,19.310404,2.411882,7.024705,234.885620
56.709999,48.957733,-15.210262,9.482569,5.052171,22.479963,232.813004
4.500000,14.498404,-8.892222,8.765476,1.008117,0.482208,533.561829
23.559999,5.198069,-2.227553,1.934784,2.679739,13.232606,112.414795
21.570000,1.889451,-0.377675,0.451857,1.648520,7.753984,120.694298
19.549999,2.933881,0.291959,0.713438,0.804371,-0.888362,61.509567
11.470000,1.350734,0.764715,2.380159,1.899287,3.539442,20.320419
9.320000,0.298242,-0.236446,0.450054,0.350049,0.407419,25.485510
10.090000,1.575950,0.316963,0.180675,0.952437,0.379854,5.154126
6.840000,1.699898,1.094197,1.698547,0.328784,1.093449,15.550111
10.880000,1.965204,0.733925,0.688240,0.487075,0.087025,2.248077
9.630000,3.019068,-0.003988,0.761154,0.317620,0.506839,2.906050
24.040001,10.799334,4.404749,3.867862,2.252275,13.358286,82.970474
36.290001,35.359375,16.344856,10.900088,1.122701,-2.396435,124.060936
75.769997,82.179970,33.605728,18.850945,3.520845,16.454960,100.033920
43.740002,148.414917,48.260063,16.593121,0.956794,13.338989,303.139404
94.889999,207.566315,66.556747,26.353645,4.871479,0.370659,146.135941
104.639999,247.917313,89.080132,39.112049,4.005200,11.948488,71.850723
106.320000,264.832550,98.841034,42.079994,5.349171,1.382275,43.963604
124.949997,257.827087,113.062019,58.089470,5.606345,2.182119,19.585680
117.180000,251.784119,116.221573,61.503235,5.901641,2.829597,8.487860
112.980003,248.887360,109.376709,52.109612,5.890802,1.945258,6.711331
113.510002,216.513672,115.125015,66.406059,5.949190,2.472970,1.502373
85.480003,168.899643,132.697998,112.627335,5.182089,4.797434,5.121228
66.019997,137.130173,129.913910,126.102402,4.634084,3.158735,11.854492
90.959999,98.314018,93.078522,89.821251,5.529972,2.414691,1.633968
69.089996,84.003853,93.717194,105.580009,5.768822,2.794081,1.579137
40.709999,51.354210,69.907158,97.081909,4.254357,4.441890,5.406351
51.500000,29.250763,51.640789,94.667007,4.097843,1.655435,0.888264
50.150002,17.116262,34.307098,70.255302,4.845217,1.346038,0.438649
33.889999,6.728861,16.058640,51.302204,4.504187,1.135588,0.372852
36.830002,0.556482,1.801865,47.116325,4.624566,1.478026,0.975994
40.700001,1.252226,-3.380033,21.980268,4.302682,7.667244,20.221722
39.799999,5.849845,-11.029219,22.941200,3.233676,16.570810,95.121048
22.799999,10.637753,-13.571852,18.922785,1.772953,17.951233,294.574768
13.810000,6.424592,-8.262703,12.429026,1.914565,4.149754,210.946350
53.669998,4.747520,-6.247878,16.437351,3.267368,20.264044,155.698486
21.709999,2.436620,-3.646426,12.417959,2.141071,16.589556,401.561310
20.010000,1.466431,-2.690602,8.368401,1.123335,8.675615,378.576050
29.160000,0.940731,-1.967126,7.114693,2.539330,15.271750,264.209290
8.070000,0.381817,-0.426114,2.208013,1.394367,2.637557,75.601166
17.850000,0.258593,-0.409718,4.886990,1.220936,2.876997,12.391837
15.530000,0.426640,-1.193249,6.956682,1.596556,4.163649,16.756397
10.090000,0.572520,-0.632682,2.478660,0.599979,2.068491,10.988159
9.170000,0.508977,-0.519116,3.332855,0.713261,1.650319,5.472148
10.570000,0.460398,-0.194713,2.193781,0.712681,0.764535,2.686726
6.840000,0.388257,-0.001517,1.627583,0.426588,0.909282,3.344699
9.480000,0.580473,0.267850,4.163754,0.439633,0.434387,1.491407
7.930000,0.587079,0.087343,1.529764,0.379091,0.512148,1.326914
7.460000,0.612804,0.386248,1.306297,0.307499,0.252813,0.537345
54.549999,2.047279,2.253026,2.583205,3.629961,4.375508,5.505046
28.670000,17.641005,11.730291,8.659663,1.385390,10.893106,280.066467
40.610001,48.802616,23.499435,18.085453,1.279365,3.071525,110.682129
89.820000,95.779617,51.019142,27.868835,2.436069,13.062201,133.020325
56.290001,155.353455,53.245148,27.530933,2.089280,21.563377,277.467468
78.940002,209.407288,78.745087,33.780804,1.849899,5.562688,174.845520
111.680000,247.921768,101.815994,54.158195,3.880983,8.305367,67.793213
111.129997,254.127289,102.529091,108.957230,4.991731,5.169012,19.190899
84.470001,247.717163,128.073471,184.086243,2.515670,2.955281,23.259367
139.820007,249.785248,155.613068,152.320938,3.489258,2.522372,8.136940
150.000000,273.306213,180.933578,120.407516,3.096902,0.977268,8.597523
131.940002,266.671265,220.503922,183.518631,3.530367,0.690416,0.888264
160.529999,223.039368,248.589096,311.600677,3.240633,1.052592,3.311800
118.180000,208.863770,240.623413,396.916107,3.387074,0.017206,0.010966
149.070007,214.345352,253.978561,351.893311,2.901108,0.622176,7.468001
138.699997,203.056686,259.719147,345.217529,3.221137,-0.164587,0.098696
144.320007,149.353760,252.949783,447.859802,2.992673,0.386624,2.862185
72.110001,104.527206,190.162003,346.450439,3.055808,1.343973,2.259043
70.779999,62.830345,156.964096,405.060974,2.166584,1.327765,4.353592
50.959999,22.389297,86.470215,358.326111,2.202998,0.828426,0.548311
18.450001,3.159411,21.785603,326.091156,1.611544,1.647613,2.873152
16.160000,7.263240,-32.436760,198.604218,2.073191,0.238415,0.098696
2.800000,25.558018,-56.361641,125.975876,1.613187,0.684471,1.897158
14.460000,29.563654,-57.207657,112.226997,1.893616,0.181128,0.986960
15.360000,33.158173,-55.569534,97.304939,2.200755,2.832637,6.930656
43.639999,33.643829,-49.998363,75.172363,4.169498,14.102291,69.624573
23.559999,25.622625,-39.675755,64.083122,1.642969,20.720400,354.878052
14.580000,25.944780,-37.279655,56.473732,1.248536,9.497540,302.481415
27.610001,27.238068,-49.257835,91.630379,1.749205,16.611282,166.774368
45.439999,21.122187,-29.395855,41.303928,4.881229,13.445984,325.093811
14.900000,10.924921,-16.499668,27.562077,0.490795,12.167147,511.278412
35.619999,6.450619,-10.197435,17.469442,2.825783,15.561547,327.901154
7.910000,22.993032,-14.103581,9.306087,0.561141,1.565117,206.494049
36.240002,27.290394,-3.907884,1.041451,2.838061,-0.348947,43.546886
11.800000,22.024992,-7.767806,3.063720,1.342804,4.727507,32.174911
16.620001,4.502578,-2.100267,2.039523,0.661989,0.220734,21.471872
7.310000,1.740639,-0.745089,0.643449,0.698942,1.655042,5.812099
7.620000,1.131399,0.144262,0.148410,0.482913,0.925226,3.947842
5.750000,0.492677,-0.078267,0.233946,0.346772,0.718137,4.967701
4.970000,0.515905,-0.584958,1.830288,0.281591,0.456644,1.162420
6.690000,3.733267,-0.929558,1.237088,0.201314,0.583724,2.949915
5.750000,0.461952,-0.364602,0.406189,0.194878,0.192326,1.096623
6.220000,0.253095,-0.205196,1.746067,0.155574,0.313388,1.721698
6.840000,0.302969,-0.164281,0.907126,0.213444,0.165881,0.175460
6.060000,0.122149,0.100288,0.130815,0.154641,0.052112,0.175460
6.060000,0.091103,0.021893,0.298769,0.214657,0.181511,0.175460
5.590000,0.239614,0.117222,0.121798,0.192977,0.000000,0.000000
5.910000,0.223580,-0.059288,0.036213,0.157224,0.077952,0.043865
7.460000,0.439422,-0.104831,0.096747,0.155572,0.076748,0.043865
48.009998,2.526815,0.836991,0.830412,2.998335,1.080918,1.403677
28.190001,23.646147,12.174993,9.023352,1.808454,7.004195,119.411247
76.589996,88.755768,33.311466,18.105436,2.858385,16.289406,148.263397
60.139999,176.886627,63.512642,27.918213,1.337291,21.182579,404.884033
83.190002,256.515503,105.555099,56.992508,1.989972,5.832806,116.143311
115.389999,307.240967,149.475616,84.295189,4.440047,15.247167,58.581589
166.309998,299.870056,227.334991,288.112396,2.258418,2.327788,96.393135
164.179993,319.406128,145.233597,327.207703,5.081903,2.142072,42.230942
139.460007,343.704285,216.705750,401.953979,4.445309,0.062838,6.404277
144.619995,319.266846,187.899841,204.291199,6.596349,6.118889,9.748976
155.729996,262.379333,225.674500,206.995972,5.700996,1.112389,9.222597
110.160004,234.727356,238.255310,257.971008,1.812880,4.723483,34.762939
87.080002,149.544006,197.911621,269.603729,3.921662,0.931333,2.478368
81.010002,80.078552,142.067703,310.499023,3.677247,0.417395,5.318621
62.700001,45.144699,96.244843,218.504852,4.045106,1.163515,3.925909
34.900002,12.264301,35.738609,159.312515,4.239202,0.742083,1.853292
30.180000,2.129455,-0.605752,136.408905,4.341135,2.131423,8.038244
57.650002,6.715951,-17.398666,74.818619,5.480480,7.548629,26.538267
18.129999,15.011530,-31.036922,85.519463,3.012581,20.919342,212.273254
8.230000,29.968878,-38.690353,78.869789,0.485205,7.825020,290.626923
40.080002,27.462830,-33.342964,43.137188,3.161543,16.369022,89.813400
83.059998,45.544418,-30.260891,37.333031,5.007478,-4.762650,298.577454
17.500000,48.007813,-17.258162,37.621563,3.398494,15.723460,222.066086
48.419998,47.076290,-28.109737,21.452913,6.365218,-5.483974,249.602295
31.200001,48.213936,-10.889278,4.231599,2.235616,10.262777,295.057281
38.590000,11.171862,-4.650629,3.299372,2.270612,3.606295,243.559921
22.299999,7.029396,-3.900300,3.418441,2.951237,11.970867,154.876022
12.410000,3.512151,0.564156,0.661190,1.191846,-2.626279,253.550140
16.760000,1.263124,0.896697,1.267111,1.212668,3.383634,25.737734
15.530000,0.669923,0.452967,1.504128,2.261787,5.987887,50.718796
5.130000,0.082919,-0.257087,1.632408,0.550498,-1.406968,48.613289
17.700001,0.149526,-0.266623,0.588277,1.650687,-1.520174,1.798461
7.140000,0.717385,-0.309259,1.121236,0.206850,-0.939613,27.064646
10.710000,1.160699,-2.355334,5.149107,0.891403,-1.121491,2.072617
22.040001,0.603154,-0.354571,2.093136,0.805088,-1.277109,7.983414
34.360001,8.565907,7.314958,8.131725,3.136353,4.145869,89.539246
57.720001,55.455910,50.397636,46.920586,3.157657,4.782887,207.689362
109.400002,188.280243,86.466522,59.230885,1.597365,3.252381,157.507904
170.600006,388.481018,131.656189,50.116825,5.437152,17.149450,59.206661
153.539993,469.650726,143.990051,48.407848,5.373799,7.569166,175.437698
171.669998,448.600098,222.789734,188.952759,5.535633,2.104733,26.801458
162.410004,388.409271,184.577332,430.188568,6.085594,5.605542,29.016638
182.009995,377.012054,165.538818,617.077515,6.959496,-1.918889,78.562050
100.040001,346.584656,104.807098,718.186951,7.928918,-3.256474,29.948765
162.160004,297.092468,81.135101,499.181946,9.244580,-9.657988,92.982635
130.550003,171.142029,114.120155,129.346939,7.608350,-4.872561,142.089401
98.430000,85.163795,47.861748,63.701843,6.565989,10.249304,69.854866
58.560001,19.022797,23.402105,53.516212,6.790058,5.911489,22.656225
32.450001,0.169928,1.845328,58.982948,3.640736,11.476753,49.062901
22.629999,4.946020,-10.877679,31.480869,2.344963,6.224865,18.258770
84.019997,16.617773,-17.327677,22.727430,7.796902,17.548054,82.674385
24.309999,19.441360,-19.966806,32.218044,0.376701,-5.205688,269.286682
18.750000,26.627502,-29.415182,37.877007,1.678020,9.447309,72.662216
39.279999,25.061724,-21.002003,20.110355,4.490840,13.797324,115.781433
21.230000,18.039124,-8.732816,6.052041,1.887245,-1.671463,205.287781
41.599998,10.674700,-5.061514,3.810545,3.758775,7.013031,28.259970
19.090000,6.675142,0.308015,1.396610,1.108063,1.532878,94.057320
25.240000,5.086515,0.128744,0.061460,2.479066,0.749676,0.932129
16.129999,2.948080,1.669849,2.516774,1.708244,3.754745,39.982864
27.430000,3.490315,1.080033,2.169704,1.855073,-0.416553,2.598996
9.470000,3.164859,0.695277,2.233309,0.907901,1.636828,23.522556
12.110000,2.934451,1.344193,3.652436,1.000835,0.014839,5.888864
11.190000,2.447903,0.855365,2.898545,0.574163,1.129875,23.719948
9.460000,2.449985,1.306662,3.836864,0.459736,-0.837685,9.343226
11.020000,2.639280,0.955159,3.239278,0.306022,-0.245302,19.530849
8.230000,2.276042,1.382253,3.078585,0.456797,-0.627060,3.256970
6.370000,2.054074,1.224909,3.135366,0.187008,0.217416,3.914943
6.840000,2.197687,1.789159,1.868645,0.307746,0.299629,0.394784
6.520000,2.970560,2.571259,2.526570,0.260285,0.251230,0.548311
9.170000,2.029267,1.703077,1.531811,0.304643,-0.047938,0.043865
7.140000,2.464744,1.954445,1.833992,0.330033,0.099345,0.581210
5.120000,1.214078,0.192012,0.130717,0.261326,0.037779,0.010966
8.080000,1.606210,2.383798,3.833793,0.255463,0.000000,0.000000
6.530000,0.524458,0.579947,1.662383,0.201219,0.000000,0.000000
5.910000,0.338066,0.113140,0.593297,0.233644,0.000000,0.000000
5.130000,0.105987,0.093351,0.346679,0.194801,0.000000,0.000000
5.590000,0.240847,-0.290732,0.384939,0.212354,0.049775,0.043865
4.970000,0.385676,-0.519406,1.448273,0.202622,0.078720,0.043865
5.130000,0.139524,-0.048491,1.947066,0.143556,0.000000,0.000000
5.440000,0.102523,-0.289991,2.028752,0.188308,0.000000,0.000000
7.150000,0.023921,-0.048329,0.357791,0.171321,0.035928,0.010966
4.660000,0.081511,0.061436,0.421737,0.178494,0.022331,0.010966
5.280000,0.085264,0.020922,0.313537,0.177598,0.000000,0.000000
4.660000,0.070997,0.122795,0.285707,0.184493,0.000000,0.000000
4.510000,0.190715,-0.065748,0.086024,0.186745,0.000000,0.000000
5.600000,0.254880,0.119932,0.350042,0.191332,0.000000,0.000000
5.130000,0.211790,-0.011735,0.022712,0.192328,0.000000,0.000000
5.750000,0.216386,0.042687,0.054051,0.193174,0.000000,0.000000
6.060000,0.279251,0.014632,0.010235,0.200267,0.000000,0.000000
4.970000,0.165775,0.003434,0.005556,0.201379,0.000000,0.000000
6.210000,0.270255,0.033441,0.014914,0.205908,0.000000,0.000000
5.750000,0.221144,-0.003426,0.007993,0.204863,0.000000,0.000000
5.750000,0.298077,-0.000818,0.000780,0.210365,0.000000,0.000000
6.220000,0.215621,-0.001023,0.001218,0.213378,0.000000,0.000000
6.370000,0.249563,0.019311,0.009845,0.218505,0.000000,0.000000
7.310000,0.133683,-0.008301,0.005507,0.218174,0.000000,0.000000
6.990000,0.189333,0.012698,0.006092,0.221183,0.000000,0.000000
5.910000,0.246280,-0.006119,0.001413,0.224978,0.000000,0.000000
7.610000,0.224450,0.009485,0.005166,0.230546,0.000000,0.000000
5.600000,0.185946,0.010780,0.006092,0.232823,0.000000,0.000000
7.460000,0.349393,0.019967,0.002583,0.233748,0.000000,0.000000
5.910000,0.228706,-0.007363,0.003899,0.238285,0.000000,0.000000
7.000000,0.278936,0.013840,0.003607,0.240962,0.000000,0.000000
6.840000,0.168970,-0.001406,0.001218,0.242815,0.000000,0.000000
6.530000,0.244805,0.001432,0.002388,0.245912,0.000000,0.000000
5.600000,0.273012,-0.004278,0.000195,0.248588,0.000000,0.000000
6.370000,0.198928,0.001398,0.001657,0.253839,0.000000,0.000000
7.300000,0.264333,-0.000997,0.006092,0.256463,0.000000,0.000000
6.380000,0.244166,0.000784,0.000195,0.254734,0.000000,0.000000
7.000000,0.191151,0.002045,0.004386,0.255662,0.000000,0.000000
5.600000,0.314990,-0.012834,0.006628,0.268025,0.000000,0.000000
5.600000,0.226901,-0.003963,0.001218,0.266457,0.000000,0.000000
6.840000,0.235632,-0.012493,0.001998,0.273202,0.000000,0.000000
6.530000,0.168923,0.008028,0.004338,0.271959,0.000000,0.000000
7.000000,0.279185,0.013013,0.002827,0.276077,0.000000,0.000000
4.970000,0.305882,-0.001193,0.000780,0.277156,0.000000,0.000000
5.910000,0.309512,-0.008028,0.000975,0.282609,0.000000,0.000000
7.770000,0.249095,0.000000,0.000000,0.285450,0.000000,0.000000
4.820000,0.260577,0.002565,0.001657,0.284527,0.000000,0.000000
6.220000,0.457703,0.005735,0.001218,0.289816,0.000000,0.000000
7.000000,0.181101,0.004730,0.004338,0.289762,0.000000,0.000000
6.530000,0.436498,-0.024407,0.009017,0.296241,0.000000,0.000000
7.160000,0.205527,0.012417,0.003607,0.297904,0.000000,0.000000
5.280000,0.241980,0.011155,0.003607,0.296526,0.000000,0.000000
6.530000,0.198326,0.009724,0.004776,0.305278,0.000000,0.000000
7.930000,0.238688,-0.012425,0.005702,0.309553,0.000000,0.000000
6.370000,0.213388,-0.007244,0.006092,0.308309,0.000000,0.000000
6.060000,0.260480,0.003290,0.002827,0.310220,0.000000,0.000000
5.440000,0.196669,-0.003767,0.008237,0.312183,0.000000,0.000000
5.910000,0.234720,0.005318,0.000439,0.316072,0.000000,0.000000
6.530000,0.262675,0.015050,0.005313,0.312023,0.000000,0.000000
6.070000,0.331551,-0.000614,0.000439,0.320917,0.000000,0.000000
6.060000,0.241348,0.003912,0.001657,0.323533,0.000000,0.000000
6.070000,0.355920,-0.014147,0.011746,0.326040,0.000000,0.000000
5.750000,0.175057,0.001636,0.009845,0.328052,0.000000,0.000000
7.770000,0.131813,0.003954,0.000634,0.330119,0.000000,0.000000
6.840000,0.470227,0.009016,0.011210,0.456443,0.000000,0.000000
28.010000,8.769724,1.277832,0.551674,3.268815,17.433445,155.292740
35.490002,37.392899,14.844673,12.046911,1.366398,12.984491,254.602890
39.160000,85.249001,32.507336,22.750830,1.315341,10.683601,115.002823
63.799999,149.467224,55.122330,27.057922,3.504254,11.242414,67.266838
97.389999,190.791336,91.959641,46.964844,1.514366,0.538685,76.982918
72.320000,220.175812,112.738068,62.077713,3.012229,3.483316,25.288120
100.570000,229.873138,136.801132,190.915588,2.339675,2.515671,21.153851
88.739998,226.447723,124.524010,223.539581,2.929010,0.834515,3.640787
110.000000,206.094360,166.276733,248.370087,3.211296,1.544635,7.171912
129.490005,195.296997,145.004913,126.642372,3.485909,0.094959,0.098696
100.029999,157.327408,150.612747,154.770935,3.739122,1.290741,2.467401
82.360001,115.744003,144.683487,181.856979,3.279110,0.512287,1.140488
83.309998,82.433937,119.116859,172.533096,3.409192,0.334803,0.186426
61.790001,60.361542,103.826843,192.116318,3.284916,0.094753,0.175460
73.099998,35.967945,79.540176,180.102280,3.537012,2.926469,4.134268
57.070000,18.268921,59.427975,195.391708,2.576756,0.353773,4.386491
26.639999,9.864632,42.038548,183.681381,2.738943,-0.655677,6.195919
42.160000,4.578222,25.174772,158.842728,2.900924,-0.476898,1.096623
16.920000,0.987060,8.388991,139.970581,2.612703,-0.471723,6.535872
12.880000,1.759452,-11.057070,102.697395,2.729439,-0.142824,0.975994
27.940001,7.687606,-20.452072,58.084839,2.645944,-0.455828,7.775056
14.600000,15.374383,-29.713966,59.090565,2.548131,3.553010,9.573517
22.690001,16.223330,-26.376083,44.147934,1.089791,7.569365,78.923935
19.990000,14.164097,-21.825163,35.615528,2.741285,19.666908,170.141022
17.100000,12.583586,-19.201571,31.590630,0.698422,11.629733,283.619537
41.380001,8.526743,-12.742318,20.085157,3.044415,17.167267,149.096817
55.209999,7.247874,-12.167322,21.484158,5.906229,8.603834,125.267204
12.580000,5.080225,-7.351807,10.993374,1.331671,13.013793,439.471527
29.780001,2.976039,-3.517716,5.840612,1.415156,10.275303,234.183792
28.320000,8.762660,-4.775052,3.079414,3.953683,20.100172,129.423416
12.580000,5.151436,0.282934,2.253584,1.248554,2.001356,387.151703
20.030001,1.960737,-0.134973,2.961954,0.387848,-3.985219,126.572189
22.950001,0.568344,-0.125028,0.251785,2.751042,5.716278,16.087456
29.200001,0.504936,0.057771,0.069843,0.999117,0.736405,109.706131
75.970001,10.399387,7.875568,6.599476,5.457646,8.504322,115.167320
30.379999,41.146736,34.550831,33.735188,1.536582,-8.687834,462.522583
99.010002,114.371513,48.929810,28.798626,1.878551,10.730886,124.817604
80.949997,221.095642,103.111099,56.236031,4.139599,11.442085,165.392639
94.830002,295.486023,150.893524,87.289703,5.318681,-8.980490,114.158432
173.669998,265.405212,190.759430,188.276794,6.376484,-0.931348,17.074415
158.949997,286.259247,198.468246,412.543884,5.285903,-5.379128,60.325214
170.110001,299.299347,185.174957,392.028015,4.412639,1.684210,2.489334
166.899994,331.797485,192.687439,182.650635,4.704606,-0.057652,5.406351
152.210007,321.870087,232.202667,179.584976,4.642494,0.157969,0.109662
148.960007,237.509735,282.334900,347.838867,4.680124,0.150601,0.010966
141.869995,210.813522,303.952637,458.028687,3.195397,-5.204051,91.085487
155.919998,192.362457,241.225647,314.732910,4.102718,-2.783919,11.437775
104.639999,180.040726,250.471085,364.021606,3.416886,0.156641,0.241257
115.360001,138.412613,247.358063,454.865631,3.862506,0.295433,0.405750
78.150002,83.406342,199.916016,481.632416,3.898990,0.200184,1.096623
58.759998,47.207214,134.125702,433.733765,1.628361,3.386510,9.968301
40.310001,26.818001,86.643921,410.490875,2.949159,0.955010,1.853293
39.279999,9.303495,45.786385,362.266144,2.495779,4.332967,13.444595
31.309999,2.181023,-2.130351,311.903351,1.490278,1.567344,3.706585
6.680000,12.418659,-52.513168,267.499634,1.701807,0.648592,13.905177
11.810000,33.213596,-82.119736,205.724213,2.049919,0.565476,1.864259
1.550000,43.404736,-77.153305,137.876221,2.529532,0.789775,5.702438
19.080000,49.420700,-75.671272,119.417336,2.842946,15.371750,92.390465
9.290000,40.102921,-58.550549,88.010696,2.999005,-6.886059,39.873203
9.920000,39.082470,-55.301308,80.494835,1.130311,5.832752,88.508415
17.230000,39.610817,-55.530106,78.076416,1.911087,20.980169,296.757080
3.880000,47.464355,-56.860188,72.599594,0.977406,-3.911641,329.491241
26.830000,38.453846,-41.522438,63.259590,2.493682,10.969288,67.826111
8.690000,25.562832,-22.469486,25.096281,0.651667,7.073392,79.165192
30.860001,14.335005,-8.110370,9.591500,1.899013,4.005189,18.664518
15.670000,7.759750,-1.355869,2.404284,1.222511,4.496037,21.329311
19.230000,2.530953,0.860734,0.710319,1.468541,0.559534,1.601069
15.830000,3.535448,0.570223,1.667451,1.678540,3.128168,7.939548
11.950000,3.234747,0.595977,2.198997,1.066153,0.882364,2.456435
10.100000,3.150007,0.278068,2.943287,0.638996,1.945565,6.152053
9.630000,3.126941,0.280693,3.094474,0.525684,0.419396,2.149381
9.480000,3.125438,0.924138,3.791098,0.423323,0.878358,3.213105
5.440000,1.439291,-1.842908,2.984471,0.183542,0.355259,2.642861
64.230003,0.997357,0.987227,2.059165,2.689676,2.644095,7.643460
27.700001,11.624570,13.723989,19.361969,1.789601,6.287183,304.652771
51.270000,38.820953,28.677006,49.039162,3.120139,3.519545,74.636139
74.580002,96.500938,68.928658,50.503666,1.523702,14.350553,152.770508
131.139999,225.103104,72.013123,40.559738,4.589791,18.881081,92.324661
169.660004,332.985291,151.638672,121.280388,4.709240,12.460947,123.041077
145.179993,384.447937,182.510468,121.653625,5.206151,8.554669,54.063496
168.729996,384.320862,220.488556,247.105927,4.843038,12.584604,34.806805
164.639999,467.397156,271.772400,409.689392,3.198079,5.371799,25.562273
234.320007,419.746887,290.764282,505.305267,5.232250,2.384985,12.040917
193.240005,418.703369,328.499390,409.214142,4.899247,3.698534,14.782474
217.199997,478.384216,390.434723,355.818848,3.468287,2.647061,5.834033
243.490005,398.860352,440.082581,565.629883,3.747284,3.074492,5.494081
257.200012,388.074463,489.771515,752.009705,2.931079,2.606416,5.208958
198.570007,432.343414,488.594849,597.950623,1.908830,2.316362,3.947842
200.539993,312.453735,495.919922,907.021179,2.713166,0.649757,1.195319
225.449997,295.858643,533.915100,1096.766724,3.089843,-1.401341,9.496754
223.660004,332.632172,511.610291,824.532349,2.801288,-0.089599,1.107589
244.130005,252.210236,566.981567,1302.892822,2.700413,0.845338,0.285122
201.630005,277.679138,549.022156,1180.963379,1.772440,1.252708,28.819246
228.860001,250.050888,548.955017,1272.506592,2.424571,-1.142207,2.434503
208.509995,218.800705,559.959351,1477.767334,2.297886,0.757547,0.548311
248.100006,207.827759,554.054199,1516.045288,1.983784,0.468899,0.559278
219.839996,193.323273,559.810852,1687.318604,2.152995,-0.000033,0.921163
209.119995,169.970520,515.635071,1618.859131,2.253572,0.525783,1.370779
218.929993,180.741821,562.739502,1787.714233,2.224709,-0.002614,0.142561
192.289993,152.809875,536.013489,1940.570190,2.158683,0.256795,0.318021
172.889999,123.031570,494.728149,1999.794312,2.064076,0.087010,0.054831
203.610001,140.448059,530.858582,2067.179443,2.114312,-0.050286,0.010966
213.110001,109.227570,472.804565,2056.208984,2.205130,0.448001,0.197392
157.110001,107.299019,484.144409,2277.120117,1.551804,0.720883,0.581210
171.039993,98.511246,481.816559,2360.603760,1.764730,0.031454,0.394784
161.899994,93.349609,468.564484,2410.216309,1.579290,0.512995,0.844400
186.770004,100.584404,501.342590,2506.948242,1.685675,0.462445,1.283049
157.380005,93.319229,502.279022,2709.172363,1.400975,0.132289,1.239184
140.080002,84.105087,455.169556,2659.949707,1.590017,-0.143278,2.467401
147.639999,69.374130,423.518860,2724.075195,1.938888,0.074558,0.043865
153.619995,64.078796,401.375488,2742.675293,1.778509,-0.129737,3.180206
128.630005,54.696125,390.485199,2936.197754,1.795103,0.356025,2.862185
143.500000,50.855057,381.672485,2967.913086,1.779690,0.000000,0.000000
159.330002,45.913490,362.184418,2869.900146,1.661367,0.000000,0.000000
106.330002,47.044888,374.720398,3014.902344,1.564507,0.002376,0.010966
115.379997,33.949741,319.630035,3052.274414,1.697579,0.021884,0.021932
109.930000,29.843117,299.065338,3027.475098,1.601352,0.002253,0.010966
127.800003,30.303284,303.682434,3072.925293,1.557628,0.390885,0.943096
142.690002,27.184275,289.559296,3159.191406,1.558548,0.000000,0.000000
91.489998,29.040827,295.403381,3108.129883,1.562174,0.019625,0.098696
110.080002,24.627979,277.352173,3137.150146,1.615951,-0.019543,0.043865
128.050003,18.013916,237.060211,3226.961914,1.611224,0.013615,0.043865
105.940002,22.149517,267.310852,3248.713379,1.634397,0.000000,0.000000
118.050003,25.797499,284.542938,3197.016113,1.650312,-0.018743,0.043865
70.110001,20.960672,258.685730,3238.272217,1.599060,0.001316,0.021932
85.089996,13.977993,207.597198,3265.387451,1.601773,0.123029,0.010966
74.830002,10.187897,175.466736,3160.338379,1.550166,-0.005836,0.010966
70.370003,7.091442,145.442886,3139.192871,1.552079,0.304195,0.888264
55.619999,6.390255,132.002808,3144.827148,1.589032,-0.003471,0.010966
59.259998,3.284307,94.326836,3132.986084,1.614108,0.007578,0.010966
47.660000,1.021057,55.108704,3112.770752,1.602903,0.000000,0.000000
35.310001,0.269572,10.483404,3083.791992,1.602808,0.000000,0.000000
32.439999,0.488201,24.762278,3005.274658,1.648879,0.005187,0.010966
24.270000,0.304841,-18.266626,2851.066162,1.670024,0.000000,0.000000
11.680000,2.573989,-77.646820,2744.927490,1.717202,-0.009535,0.021932
5.370000,4.625514,-108.778595,2623.240967,1.644854,0.105497,0.186426
-19.129999,11.480163,-170.532288,2546.673096,1.687281,0.000000,0.000000
-26.770000,20.758423,-215.484680,2280.936523,1.707698,0.065575,0.087730
-58.860001,34.864525,-265.326385,2030.093872,1.754444,0.000000,0.000000
-40.020000,40.781780,-274.728241,1862.455200,1.806319,0.042630,0.098696
-43.150002,48.249153,-291.878662,1779.480225,1.832272,-0.010050,0.010966
-63.840000,57.384552,-299.270447,1584.134766,1.853292,0.036455,0.087730
-48.459999,79.292038,-322.343628,1365.588257,0.191712,1.626661,17.644661
-93.540001,101.236725,-362.269440,1311.516235,0.053720,-0.335935,9.968301
-54.470001,148.433044,-417.457855,1183.936157,0.226767,0.502474,1.875225
-64.940002,188.455048,-403.011993,870.067566,0.534507,-1.883719,19.443119
-53.470001,190.567902,-334.776489,588.839417,0.393448,0.098513,0.493480
-25.750000,159.859344,-246.541107,385.166199,0.095917,0.001169,0.153527
2.310000,126.164352,-177.593872,264.265991,1.085889,0.194390,0.449615
2.620000,130.181580,-197.069901,313.063934,3.162018,11.154453,51.223244
18.490000,121.701752,-170.757355,252.300385,1.289056,0.988019,239.886215
29.370001,87.195801,-128.571320,203.597015,5.547379,24.099674,170.755127
-2.620000,71.392479,-99.862106,152.181107,1.030283,1.764097,191.579987
38.130001,52.465729,-70.762184,104.863495,4.117707,9.813207,45.553707
9.400000,42.170067,-52.187206,72.875069,1.831199,8.884059,60.467773
22.020000,26.069656,-27.016485,42.568504,2.481969,4.923412,29.806206
23.750000,15.824957,-13.175276,12.797539,2.098531,3.267261,22.261438
20.650000,8.771763,-3.087349,2.987931,2.659880,0.582897,0.712805
43.730000,4.808131,0.008650,0.291409,3.540453,1.041334,1.096623
72.150002,12.380501,6.203248,6.670146,8.834768,16.889332,32.997375
52.889999,57.422703,39.986320,31.182976,3.206977,8.705219,377.018890
67.610001,165.048233,82.040924,50.381287,2.640395,4.172715,261.434845
149.309998,351.727234,128.169647,65.324539,2.059144,16.547697,152.156403
150.029999,416.124207,124.642410,45.905212,6.077595,12.917435,93.223900
175.089996,447.252167,201.924530,113.257141,4.366230,16.237455,128.359680
145.389999,459.150116,264.902985,200.527435,4.754670,3.163691,56.947613
205.139999,456.462585,277.949768,213.915131,5.534123,7.873616,40.761467
193.500000,421.724976,300.072876,264.432007,5.082720,3.689810,14.628947
167.729996,385.877258,317.597748,321.907745,5.584459,2.886562,15.385616
181.679993,392.515320,308.767151,283.572052,6.187307,1.164050,0.318021
189.190002,406.713165,313.406982,274.743713,6.100084,1.597344,1.074690
201.300003,370.878052,333.105713,333.692688,6.306944,1.124701,1.063724
212.490005,340.944794,386.431335,486.092224,5.671668,0.480103,1.579137
206.520004,375.954102,363.852692,379.239319,4.761704,1.463570,0.723771
206.669998,340.553497,379.220581,425.808746,5.675557,1.326109,0.394784
199.309998,342.328369,401.093018,480.553650,5.123228,3.077906,2.248077
173.399994,296.533936,423.043121,607.744629,5.031149,2.941013,5.483114
233.020004,280.166809,404.924988,594.053955,4.784980,3.141811,2.566097
205.139999,236.138458,384.702545,635.645264,5.719563,-0.007253,0.098696
208.970001,217.425003,401.608490,742.350159,4.609939,7.129879,13.433628
216.770004,244.221527,446.575348,822.991516,2.972064,5.966812,15.484311
154.039993,187.160278,373.367004,746.166870,5.495891,0.231382,0.010966
158.639999,155.836395,371.070679,884.893616,4.927017,2.841575,1.853292
161.589996,158.771713,409.073700,1084.191895,2.128835,4.655071,15.901030
174.779999,152.053314,389.508484,1015.595947,3.461810,1.135918,0.438649
178.110001,139.962997,338.830383,928.071899,4.056816,0.008698,0.043865
144.779999,101.417587,334.091461,1144.855713,1.383771,5.318398,21.175781
111.470001,101.036987,339.369080,1185.763184,1.270771,2.030630,3.958808
107.250000,67.012192,256.364838,1065.044189,2.261713,0.000000,0.000000
52.470001,18.194519,128.408081,1129.449097,2.368103,0.331212,0.087730
27.959999,1.928657,5.025544,947.602844,2.153507,0.833867,0.394784
-2.610000,12.625948,-81.483139,711.914246,1.469957,2.401102,4.967701
-18.129999,43.746498,-150.670242,558.440247,1.200861,1.247659,2.511266
-20.320000,83.000298,-196.317719,479.865784,1.652123,1.855268,3.125375
-23.709999,111.116852,-207.737579,393.501862,1.352337,5.853036,34.664246
12.260000,131.913284,-189.363403,285.512451,3.442371,12.694031,80.930763
0.000000,94.708679,-117.927872,188.569000,0.773259,7.201072,256.620697
-4.300000,92.846283,-148.799423,243.573776,4.858418,-9.960524,104.749397
21.180000,99.862213,-150.204193,228.004471,3.309547,3.268923,166.719543
15.200000,87.121918,-115.272980,155.225189,2.300434,-0.596382,300.935181
25.350000,61.716778,-89.739304,132.089523,2.189131,11.370144,76.566193
13.530000,41.532047,-55.015625,73.480301,2.025790,10.553322,119.389313
27.040001,30.024797,-39.233536,52.651241,4.218466,1.087526,38.480492
20.450001,18.697975,-21.179928,25.662872,3.346512,6.766259,98.564453
34.820000,20.758944,-11.626645,7.661981,1.204113,3.473813,47.001247
22.870001,35.266022,7.878687,6.642853,0.260116,2.837027,82.553749
58.849998,64.328880,28.808672,19.376299,4.134579,9.537614,105.637657
41.639999,125.480293,81.325142,56.214489,0.504923,0.265509,218.195023
88.260002,192.409454,122.373039,83.539154,2.030424,5.725775,18.138140
123.190002,218.802734,196.524796,187.272461,1.132352,6.842628,112.206436
135.050003,230.296173,238.623352,328.108704,0.371624,-1.211811,28.468325
145.309998,236.521347,238.324509,310.736145,1.987031,2.554682,7.303507
156.960007,261.533539,299.872101,375.303101,0.256937,-0.620352,11.251349
110.720001,240.273041,300.321930,386.417206,1.133977,1.162858,2.291942
139.720001,220.479004,351.561554,588.481079,0.719814,-0.063662,1.326914
159.949997,212.369598,326.304993,558.790405,0.768108,-0.009652,0.142561
133.929993,189.292297,350.929321,656.971252,0.503853,0.865194,1.820394
144.910004,156.549164,344.990417,771.306885,0.599163,-0.028418,0.010966
126.580002,148.335175,351.717316,845.266846,0.584009,0.086469,0.175460
126.180000,132.450180,336.585052,856.041260,0.647286,0.000000,0.000000
103.019997,115.379318,341.839661,1013.786499,0.635741,0.000000,0.000000
144.029999,96.381447,323.939789,1100.510498,0.571240,-0.002909,1.107589
67.029999,97.336067,327.840637,1117.571655,0.638857,0.000000,0.000000
130.089996,73.081383,299.488373,1239.938721,0.617133,0.000000,0.000000
125.470001,73.199051,299.837952,1234.654663,0.614064,-0.016777,0.010966
90.699997,46.542553,244.112915,1291.522949,0.608998,0.000000,0.000000
56.820000,27.467241,182.692871,1279.876709,0.539294,0.000000,0.000000
73.610001,16.866943,142.059906,1205.583130,0.546653,0.160446,0.285122
28.790001,4.685452,74.816345,1232.370361,0.469998,0.031805,0.087730
6.930000,0.960395,-19.355515,1121.816406,0.597120,0.058967,0.043865
-22.969999,15.871756,-111.093689,882.455261,0.743455,0.520591,3.476294
-29.760000,50.766766,-186.975433,697.169617,0.758791,-1.476852,8.882644
-48.650002,115.711189,-262.446228,597.851074,0.992551,0.054601,0.087730
-19.430000,143.614960,-240.892822,404.845154,1.184155,0.304126,0.745703
-14.790000,125.931503,-172.017303,238.288300,0.782999,1.363348,33.973373
-10.610000,109.148056,-172.286026,276.859192,2.828283,1.456726,2.434502
-24.670000,110.956406,-160.506165,238.115402,1.124405,-2.478372,47.483761
42.279999,117.830971,-158.386765,214.261505,7.766580,14.927569,59.897530
-0.920000,116.108063,-173.588318,262.961792,2.187294,27.876804,365.756561
2.300000,94.180099,-124.800362,176.550858,1.571919,4.263167,111.965179
42.070000,69.425354,-92.936943,126.546463,5.645429,17.784710,98.531548
15.090000,40.228798,-45.186867,52.495373,1.160180,-5.408041,186.919342
26.459999,22.248848,-26.287836,32.835419,2.976664,2.532252,13.532324
9.090000,16.285501,-20.088808,26.069107,1.208018,3.792295,26.702763
11.700000,9.153065,-7.883212,7.704335,1.166070,1.948803,7.950515
16.330000,4.074505,-2.542292,1.952573,1.990456,1.240410,1.502373
20.459999,1.583569,-0.282542,0.655683,1.300145,1.214962,5.713405
66.370003,3.698996,3.184058,3.005282,6.075951,8.517768,18.818047
38.160000,27.593803,21.978970,17.828306,1.953487,9.502923,258.846832
54.470001,88.905037,60.139732,42.681969,1.894158,15.229771,258.649414
122.370003,212.136139,134.364746,88.876488,1.868653,2.007890,327.111603
124.919998,339.553345,183.900055,103.212227,2.947655,7.371602,80.305672
179.509995,364.371948,208.773544,153.210037,2.784717,12.776968,89.111565
148.119995,373.096802,310.715576,491.809753,3.491650,4.302495,23.884441
145.000000,401.313171,255.723480,636.200867,3.895319,2.967451,37.954109
208.050003,430.026672,279.974274,753.240051,3.735461,1.253803,6.415244
203.130005,407.666565,326.605835,523.048950,3.807671,2.545285,5.318620
232.800003,378.072510,395.969788,559.559326,3.435689,1.200344,1.272082
226.949997,342.828644,437.267456,610.582886,4.184916,0.008234,0.625075
202.210007,331.726715,444.606781,636.390015,4.503337,0.209768,0.274156
220.500000,300.297516,444.959869,771.200745,4.397478,0.276510,0.888264
232.000000,264.994690,447.970367,847.811035,4.278898,0.257113,1.370779
188.500000,269.310364,417.129059,790.994751,4.182123,0.846186,1.283049
188.529999,213.451477,434.680908,952.176758,4.092033,0.000000,0.000000
182.210007,219.101685,425.079559,841.165527,3.739506,0.034405,0.043865
201.750000,186.810883,422.198364,962.719849,1.568794,2.810994,20.276552
147.259995,151.684525,392.958954,1053.609985,2.611737,0.062383,0.219325
126.610001,96.087280,306.667053,1008.145935,2.713744,0.021917,0.010966
92.389999,50.827873,209.051620,1012.534302,2.758665,0.000000,0.000000
32.669998,14.977695,71.922852,935.434998,2.028441,3.178957,11.371978
15.870000,5.773900,-29.614048,712.112061,2.119534,0.560237,2.741557
1.690000,20.494946,-96.591087,571.333252,2.206410,0.187960,0.888264
-19.240000,53.773697,-159.876801,492.837921,1.915565,1.401643,2.818321
14.130000,83.486351,-170.303589,356.217407,2.919767,0.133484,1.853292
16.160000,82.896355,-138.474243,235.451462,3.655595,13.646287,51.936054
2.450000,89.987381,-138.047546,215.100418,1.714397,5.257166,313.063873
4.600000,87.530365,-129.289001,196.073105,1.502010,18.886932,254.219086
7.690000,108.466644,-156.379852,228.311676,1.386858,8.574767,376.064819
50.360001,94.839302,-145.640701,241.305695,3.504667,-1.705484,312.877441
5.840000,72.534256,-98.774841,141.103958,1.952044,18.226210,562.644226
11.070000,66.648010,-70.757256,80.022659,1.229535,-9.534846,437.881500
32.639999,78.796402,-29.186911,38.434532,2.869566,8.511839,52.572094
14.460000,47.021545,-24.916903,39.637016,1.151595,0.055530,110.517632
23.080000,25.591358,-19.313133,25.992153,2.512135,2.325716,6.108189
13.540000,11.155788,-8.826491,10.639970,1.075641,0.414119,33.754051
14.610000,2.190389,0.594554,1.515386,1.255862,0.959834,2.039718
22.139999,0.253245,-0.038341,0.635456,1.497274,1.808463,4.013639
28.309999,16.030529,1.774126,0.693309,1.042212,9.494377,103.619896
72.220001,70.726234,18.158607,11.554457,4.522881,10.677107,195.122086
60.230000,187.753525,69.482376,36.878689,0.078177,3.158696,271.008362
157.110001,340.894836,118.889801,44.231667,5.542157,7.718205,14.683778
124.300003,368.352722,151.574905,84.083427,4.061549,12.291427,59.064102
163.990005,375.971069,249.485092,538.642090,4.460658,2.320174,50.653004
158.320007,448.066376,194.189194,764.525818,4.220076,2.763637,13.071743
167.210007,440.757233,223.043488,327.900604,4.577675,2.083033,1.579137
193.589996,406.098450,332.818024,442.981598,4.386930,-0.167153,4.879971
207.279999,418.736084,325.548706,406.926361,4.956939,0.373906,2.039718
200.679993,354.142700,346.829559,411.186646,4.962090,0.238195,1.897157
218.789993,330.794769,382.523285,472.803040,5.113622,0.807251,0.219325
188.990005,305.058655,402.157074,613.838196,5.343012,-0.123187,0.010966
182.960007,308.868011,408.445526,596.914001,5.334283,-0.405219,0.043865
195.460007,301.728943,401.699768,544.125549,5.628732,0.000000,0.000000
203.139999,296.084473,415.892883,602.238037,5.774796,0.050301,0.054831
220.350006,283.860992,453.010376,724.642395,4.807627,2.812891,6.601669
213.580002,281.219299,468.173584,798.124634,3.578306,3.450372,5.307654
237.949997,252.795883,473.307312,913.525635,4.542964,0.314439,1.853292
238.559998,217.681107,456.748322,962.141968,4.556651,0.104515,0.175460
224.179993,257.367401,542.686218,1149.802490,0.875607,1.275295,68.451187
206.820007,223.262085,523.989014,1240.245117,1.990562,-0.103730,0.142561
218.169998,185.806793,513.352722,1424.999634,2.218021,0.137608,0.394784
201.910004,174.410614,490.284119,1381.782959,2.261074,0.260756,0.043865
187.130005,149.565414,493.303650,1638.489258,2.312206,0.086804,0.098696
206.199997,143.821838,490.149933,1681.699463,2.058477,0.524031,0.318021
196.690002,134.118103,469.404694,1649.081909,2.145091,0.226972,0.186426
204.360001,119.850403,485.458099,1970.690674,1.986592,-0.092379,0.372852
158.800003,127.935410,499.821838,1953.336426,2.112932,0.203765,0.098696
165.639999,95.702835,444.948730,2097.179199,2.094155,-0.140552,0.043865
203.750000,99.419586,459.929321,2202.155273,2.109828,0.000000,0.000000
150.580002,84.172447,428.980713,2228.607910,2.052308,0.778137,0.493480
173.779999,76.438835,418.072388,2337.887207,1.703205,0.626095,0.274156
135.309998,72.055954,414.589417,2442.397461,1.264983,1.728950,3.213104
151.610001,62.508453,391.365417,2590.789551,0.352183,-0.015026,15.012765
106.180000,52.460995,365.713562,2562.705566,0.741787,0.060201,0.054831
137.520004,47.020004,347.058044,2572.736572,0.376515,-0.104197,4.386491
69.500000,19.982681,224.525177,2657.359863,0.510003,0.000000,0.000000
58.470001,5.641453,108.719925,2505.352539,0.372189,-0.215683,4.057504
22.940001,0.753054,33.964176,2436.520020,0.081140,0.489760,5.351519
-2.920000,2.058215,-65.125244,2300.149902,0.032819,0.190727,1.469475
-28.200001,18.974463,-197.829285,2164.580078,0.031517,-0.092344,1.644934
-58.709999,38.903999,-268.402130,1864.483887,0.054648,0.060616,0.372852
-75.820000,97.455566,-395.013092,1612.578857,0.036055,-0.024725,1.063724
-66.680000,157.217010,-447.330322,1289.254150,0.071162,0.057688,0.383818
-83.150002,188.111557,-424.769104,962.786560,0.168215,-0.762904,9.628347
-39.860001,236.012863,-417.522766,751.826416,1.136116,0.299313,1.502373
13.640000,269.918549,-418.391632,690.008606,2.545940,16.265434,331.673523
-39.730000,260.950073,-378.127930,565.752930,0.680958,14.603998,373.663208
-45.240002,225.786087,-321.199615,459.767517,1.157626,3.583093,447.718170
16.280001,191.384796,-267.828674,377.606567,2.174888,8.912313,316.540161
-14.910000,163.815552,-220.336136,300.055542,0.358776,2.506104,685.158875
14.570000,134.815353,-174.265228,229.867065,1.518095,8.228518,197.227600
-10.020000,89.494522,-120.546234,162.873291,2.820646,14.290760,177.850281
4.770000,60.312469,-81.255669,109.934906,1.243216,-5.938759,77.673782
23.980000,29.137304,-36.391903,45.863491,2.931881,6.821865,17.392437
16.139999,17.202124,-21.627279,28.295301,1.571276,-1.005545,13.894210
13.830000,10.881199,-12.659032,15.041082,1.837376,1.533975,2.390638
10.000000,5.670033,-5.289361,5.535897,1.427105,0.667704,0.438649
14.760000,1.698735,-1.070761,2.060189,1.241972,0.967948,1.096623
10.290000,0.398782,0.210735,0.157962,1.302161,0.303444,0.098696
10.610000,0.893916,-0.947063,1.547554,1.256407,0.412561,1.272082
14.300000,1.968482,-2.521165,3.458894,0.999539,0.981063,1.326914
8.160000,2.033141,-1.730807,1.596878,0.661125,0.906876,2.116482
8.610000,1.968311,-2.093296,4.527053,0.518206,0.774604,2.324840
6.460000,2.234587,-2.656523,4.122180,0.283404,0.680917,2.566097
5.530000,2.163331,-2.752822,4.178571,0.230255,0.561253,1.601069
7.380000,1.868744,-2.351243,4.277657,0.213421,0.289688,0.888264
5.380000,2.497846,-3.392467,5.656185,0.214511,0.352981,0.712805
5.530000,1.627220,-2.313805,4.832597,0.126991,0.163338,0.888264
13.220000,0.296155,-0.889223,5.694152,0.535073,-0.018433,0.010966
56.080002,12.560288,11.610795,13.274399,2.844977,9.297856,72.837677
59.090000,79.516632,41.932713,36.757675,2.953409,19.105019,283.816895
96.959999,196.386047,102.968857,75.090385,1.429687,5.856556,245.818954
142.940002,333.282471,161.044922,83.701561,3.500734,7.384422,42.099342
186.250000,369.433929,229.982285,183.076294,3.260504,7.806302,175.339005
194.770004,453.350159,265.870239,429.499146,1.267018,4.241621,114.564171
171.339996,428.608704,308.083771,750.287781,1.712680,0.666731,1.370779
183.960007,464.290009,283.653259,987.549744,1.266767,2.964434,32.865784
175.520004,399.115356,304.751526,1216.682983,1.334774,0.529436,1.425610
195.000000,422.744843,332.231659,1020.139343,1.827614,0.554695,4.178132
185.610001,388.508362,373.916168,689.640076,1.996147,-0.222412,2.291942
181.029999,366.652893,444.277344,797.093262,2.071202,0.336205,0.065797
236.720001,301.679260,459.514893,883.222900,2.133987,0.201577,1.601069
244.059998,294.170074,474.417908,1138.066040,2.268565,-2.379406,21.735064
191.169998,308.640625,461.898376,1107.934448,1.105335,0.812970,12.358939
190.220001,298.300598,508.639221,1053.788086,1.578383,-2.532804,17.556931
214.039993,266.415955,520.053345,1123.748535,0.667860,0.853082,3.344699
225.679993,238.088913,528.242432,1247.923218,0.758106,0.293038,1.425610
198.059998,217.439636,527.037903,1333.544678,0.762849,0.458713,0.438649
212.960007,205.727295,536.465393,1474.832520,0.814813,0.452806,0.932129
184.419998,190.653076,515.377441,1470.848999,0.500870,0.595557,2.291942
195.320007,178.597626,543.132874,1718.511475,0.691207,0.548299,1.184353
215.880005,147.657242,505.477966,1806.299683,0.500767,0.250085,0.636041
206.669998,140.443726,491.728943,1765.862061,0.682024,0.000000,0.000000
140.179993,135.670914,507.904449,1993.949707,0.709957,0.156009,0.175460
187.949997,110.412102,471.465698,2028.932983,0.601758,-0.045668,0.010966
143.570007,110.995743,491.266357,2223.452881,0.561501,0.304411,0.745703
149.309998,103.012383,477.919647,2260.315918,0.573815,0.032257,0.010966
156.529999,88.483856,456.888123,2382.604492,0.551083,0.117906,0.175460
166.589996,70.536179,419.247589,2529.988770,0.585903,0.102619,0.274156
148.429993,67.958717,413.396210,2568.620117,0.522307,0.000000,0.000000
124.610001,57.045044,379.345551,2588.290771,0.532511,0.000000,0.000000
91.089996,54.745064,365.894745,2533.406982,0.556373,-0.084165,0.054831
120.620003,32.724266,288.768799,2598.500977,0.492007,0.187088,0.438649
98.099998,28.822189,275.626892,2765.131592,0.437028,0.000000,0.000000
77.709999,17.079456,207.298737,2674.405273,0.433375,0.040134,0.043865
60.270000,15.453046,201.204910,2640.587402,0.382166,0.079452,0.043865
62.470001,8.339497,144.526138,2595.737793,0.279783,-0.027785,0.043865
32.290001,6.745935,71.622490,2621.851563,0.316928,-0.039593,0.109662
43.509998,5.295193,71.546944,2523.312500,0.811957,0.667557,2.807354
8.770000,3.129841,-2.368111,2437.446777,0.585555,0.116262,4.057504
-3.540000,5.124985,-53.002487,2499.020264,0.810028,0.000000,0.000000
-30.330000,10.382113,-125.609451,2335.820801,0.681694,0.050343,0.043865
-29.850000,14.784786,-168.533875,2214.874023,0.700959,-0.101987,0.098696
-32.639999,26.279169,-217.420898,2008.940186,0.569356,0.022424,0.010966
-61.240002,39.255436,-263.847656,1844.709961,0.590343,0.237092,0.274156
-66.830002,63.138779,-319.430237,1641.516357,0.510154,0.040037,0.010966
-83.860001,80.469276,-335.512482,1412.111084,0.594063,0.000000,0.000000
-57.200001,89.958435,-315.594971,1111.895386,0.774794,0.011723,0.010966
-52.889999,114.705177,-325.033051,936.687927,0.837023,0.000000,0.000000
-54.430000,149.762558,-357.702576,864.298706,1.263927,0.114997,0.932129
-31.670000,164.124771,-303.483612,566.472290,1.612074,2.650854,17.699492
-39.020000,160.618301,-267.969025,448.773590,2.925314,-0.571423,9.913470
3.690000,147.271332,-222.668304,338.766052,7.620939,7.286207,13.181405
16.740000,124.914825,-188.589569,286.361481,3.276220,4.945704,133.853760
37.459999,108.676926,-160.919159,240.095306,7.098009,20.823439,66.246979
67.250000,86.875656,-110.821289,146.767014,5.569925,21.629364,164.383759
76.480003,78.270226,-94.202560,134.417572,12.239745,5.305111,147.155792
2.610000,58.217999,-61.430141,80.929352,3.737388,4.005510,314.050812
24.309999,52.346546,-51.998898,70.256569,3.111362,14.214732,113.730743
34.410000,53.948086,-49.701946,61.024277,4.174144,10.501481,153.768433
11.690000,65.490105,-36.514290,50.486412,0.768474,5.193738,310.815796
90.209999,64.418777,-9.266095,43.345306,4.767101,20.536297,161.664124
53.889999,66.278259,26.610126,59.190971,4.303226,31.744442,414.183411
74.099998,124.074905,73.160797,91.570587,1.099486,-9.180586,490.650909
134.919998,186.339523,153.467529,166.748016,5.661096,21.187740,176.819458
173.289993,243.884705,139.631439,128.996155,6.836833,30.324608,595.806091
169.779999,403.246765,192.789551,144.751663,3.839404,24.585423,486.977173
143.820007,442.168701,206.227722,203.657288,4.639738,26.429375,322.571564
181.000000,311.917969,166.251968,181.408295,8.181112,18.690393,133.667328
160.639999,404.513031,201.818207,173.119293,6.722186,19.681665,139.918076
212.339996,402.589508,225.272644,160.670578,5.768919,17.816355,87.477600
164.630005,404.896362,233.563889,154.374939,5.170244,10.774246,60.851593
186.550003,413.412750,325.392334,265.354797,3.711219,5.721335,29.071466
190.270004,349.659760,326.943970,319.224060,5.943986,0.862671,0.175460
180.559998,317.749207,296.329895,287.880463,6.027670,4.015822,2.993780
178.220001,344.035278,343.785156,346.234955,4.420093,3.010504,2.829287
153.580002,301.759888,310.224243,333.591248,5.894194,0.607420,0.142561
220.300003,296.923370,368.202026,527.250916,2.361329,7.859967,60.094925
185.600006,246.347549,385.599792,662.489014,4.309537,1.933623,5.296688
156.190002,246.685364,415.286774,711.822144,2.916857,0.679967,3.651753
155.460007,217.774429,404.025330,772.821777,2.332427,-0.349032,4.836106
172.399994,152.499969,388.737640,1058.671021,1.958719,1.180398,2.028752
120.709999,139.374786,349.514771,888.604980,2.113389,0.541953,1.853292
114.550003,123.831635,318.532074,822.949829,2.069509,0.076865,0.098696
135.880005,110.150543,321.568970,952.646118,1.967094,1.168685,1.304981
119.389999,100.851295,322.766296,1047.230835,1.669821,0.052022,0.394784
127.589996,72.621620,268.788208,1008.457581,1.813578,0.021617,0.043865
49.119999,26.856956,162.171722,1019.667358,1.720355,0.288305,0.328987
33.540001,4.626776,65.739120,1009.703369,1.545783,0.008721,0.548311
3.220000,2.386445,-37.227268,831.469543,1.593535,0.009871,0.043865
-3.990000,25.158115,-120.130371,578.604431,1.472456,0.915766,1.579137
-1.230000,58.322464,-149.111786,487.904388,1.158813,2.016064,4.353592
25.080000,96.079498,-205.717575,461.417236,5.364070,23.575218,128.184219
-22.910000,140.952621,-199.672928,301.712921,0.363655,1.256407,462.708984
47.299999,88.598396,-135.862701,211.623932,4.564023,10.530265,89.506340
27.870001,97.144424,-144.301636,225.964386,2.043376,17.740948,246.970383
-3.070000,97.366821,-144.999298,218.537598,2.978479,-9.913996,491.615936
-9.520000,85.048431,-133.441910,217.480301,1.886516,8.463273,74.285225
45.700001,78.157585,-87.102600,97.882248,5.169081,21.515154,115.529205
20.110001,87.988670,-69.544434,57.650475,1.881344,-15.457472,472.271515
41.509998,117.302429,-39.277657,36.609360,2.693408,-1.561855,123.150719
78.050003,169.187881,19.995527,51.717503,2.233424,3.663073,114.125526
71.910004,242.890472,54.213650,90.709999,2.187972,7.825784,90.339775
93.180000,331.808075,96.368378,189.954895,2.449077,5.050440,50.850395
101.870003,356.670044,109.582397,357.717621,2.409500,6.242260,85.075981
142.839996,368.925659,146.627716,344.437012,1.324294,3.848991,105.495110
166.809998,385.394562,178.839783,388.927826,2.082533,8.053995,98.937302
114.160004,374.444733,253.593201,370.231110,0.701335,4.268827,146.848740
121.500000,309.248444,257.420349,296.278503,2.326083,9.989920,117.612785
182.449997,274.123627,320.956543,442.023071,0.039712,-1.093899,110.254440
172.910004,227.832825,349.530334,657.691833,0.512171,-0.202921,3.037645
133.369995,224.075134,315.859192,507.478241,0.421565,2.390394,14.541216
150.580002,200.728638,346.622101,618.368408,0.250697,-0.324206,1.151454
169.050003,179.310059,368.108582,783.827515,0.447034,0.353382,0.405750
157.419998,167.796875,339.176483,714.068359,0.175116,-0.241987,0.888264
124.370003,155.045044,361.414551,846.144165,0.193293,0.163891,0.274156
96.489998,117.344894,336.833984,973.084534,0.140451,0.000000,0.000000
129.679993,90.082581,289.714905,984.500427,0.103317,-0.109243,1.853292
112.949997,64.631149,246.331467,957.051636,0.134483,0.000000,0.000000
45.700001,37.209373,193.988571,1025.869873,0.153392,0.011936,0.010966
49.049999,15.978108,120.414757,1012.989563,0.200225,0.000000,0.000000
22.450001,4.524704,53.157104,916.244812,0.239492,0.000000,0.000000
5.530000,1.465657,-15.282965,838.704712,0.253794,-0.019419,0.054831
-8.620000,15.761562,-100.079491,699.623413,0.363380,0.245000,0.537345
-26.620001,44.611252,-156.711563,562.009338,0.413348,0.148789,0.888264
-25.980000,83.898788,-186.257660,418.007568,0.095581,0.118837,0.219325
-10.750000,109.016251,-178.612106,293.833771,1.522938,1.112021,2.938949
-2.150000,106.642799,-161.751129,246.672119,0.453750,-0.283211,31.209881
2.760000,101.789268,-141.806992,207.527786,2.836579,0.111647,52.221176
-9.990000,104.072540,-149.728470,215.991806,0.616731,2.527737,101.613060
50.439999,93.459991,-130.167542,185.211182,4.986001,12.704644,73.956238
18.770000,99.494003,-142.039627,207.760178,3.837232,23.898455,273.388031
23.350000,92.314354,-99.326622,114.852951,2.953238,-5.683346,263.310059
27.690001,77.807663,-75.523720,75.178802,3.553767,9.264409,72.629326
52.119999,96.739517,-33.539459,13.760422,1.670477,-6.914750,43.272728
45.200001,157.872681,7.054615,5.319644,0.579110,7.909385,205.737381
81.769997,285.601288,60.140068,33.987797,1.583841,5.612421,112.184494
142.789993,405.220551,149.524704,99.174324,1.585923,4.537144,40.629875
152.509995,440.395264,230.729279,223.866257,1.359495,2.456964,35.782799
165.699997,475.794952,252.922089,340.605255,1.941640,1.817482,2.851219
193.800003,474.268280,320.948792,515.497253,1.140348,2.324048,10.132793
212.800003,462.016907,378.632996,708.372070,0.859933,1.668711,6.426209
204.669998,410.411163,429.768127,921.859924,1.172076,0.435383,0.986961
210.039993,352.440735,445.956818,1185.892822,0.926629,0.683033,10.286322
224.169998,366.263397,514.522644,1311.615845,0.581085,0.846534,14.091600
241.929993,324.511414,493.054504,1118.945557,0.733640,1.235228,26.965954
247.830002,285.906555,531.802612,1144.530518,0.755038,0.845677,20.989357
192.839996,268.744141,556.869629,1248.035889,0.861547,-0.757826,16.328711
226.919998,259.090637,553.768494,1229.128784,0.804786,-0.255476,2.906050
202.979996,232.499573,571.061462,1560.957642,0.376378,0.496836,6.184952
203.440002,190.828140,508.027985,1484.016846,0.431272,1.015102,2.664793
184.880005,139.185303,452.161865,1692.322510,0.396546,0.061411,0.405750
158.449997,116.630745,431.699951,1631.681641,0.057892,0.256155,1.436576
143.360001,79.362328,361.910217,1698.636719,0.194407,0.131543,0.098696
106.480003,64.183807,323.343567,1651.183350,0.161445,0.025927,0.043865
79.400002,34.555752,244.047699,1746.187622,0.128555,0.138076,0.175460
46.310001,8.739367,113.042503,1638.410522,0.075564,0.000000,0.000000
20.459999,0.851485,30.301609,1589.797241,0.066971,0.056599,0.186426
2.920000,0.631942,-26.763226,1457.738403,0.064406,0.081248,0.208358
-20.010000,13.384029,-129.317291,1307.975342,0.023133,0.062133,0.372852
-48.810001,48.250961,-233.939362,1145.250854,0.041531,-0.011176,0.098696
-65.550003,103.325378,-312.496338,951.150024,0.046284,0.000000,0.000000
-65.610001,130.642944,-296.416870,674.082947,0.046718,0.084188,0.175460
-32.770000,152.576965,-259.813354,445.862183,0.068159,-0.518472,6.327514
-23.389999,173.155334,-287.201172,476.805847,0.446660,0.638879,1.118555
-14.590000,191.530106,-288.510498,443.184265,0.687455,2.062061,11.909323
37.740002,172.905746,-258.324097,389.501495,4.887098,12.795321,36.660099
-20.780001,136.634598,-200.016373,293.417175,0.913625,16.824678,546.929565
-12.600000,110.514389,-160.695999,234.598785,1.732809,3.469699,319.237854
28.600000,91.863525,-131.775558,191.121155,2.504123,21.265522,321.102112
20.570000,71.328056,-106.859726,162.228363,2.742203,2.398649,344.306610
2.760000,48.282524,-67.285843,94.352097,0.866779,9.534448,545.240845
8.910000,52.375736,-44.291523,44.513229,1.004009,-5.796955,306.122223
32.880001,56.647522,-25.114571,32.275169,2.390162,8.578358,50.981995
56.959999,71.373444,-15.255848,7.624159,2.633159,9.678768,114.114563
47.360001,114.984207,32.005264,14.366196,1.062035,8.995246,200.396851
81.930000,172.659607,67.125641,57.372276,1.557390,1.230495,59.700142
139.059998,249.519409,135.446396,120.296196,3.471647,20.200886,126.956001
122.589996,296.168671,218.360870,263.090912,1.203844,-0.725622,445.195953
138.800003,345.000488,242.021240,349.488831,0.532038,-0.519224,338.154572
164.410004,322.994415,251.366501,327.845703,1.298093,3.772079,15.374651
165.399994,335.975708,310.515869,400.845032,0.443812,2.678378,77.542191
152.770004,306.002441,335.931213,438.681732,1.601141,-0.674162,8.060177
187.339996,239.079666,346.982605,645.223694,2.249975,1.788568,7.807954
193.789993,279.377747,339.362091,684.627930,2.348172,-1.220361,15.012765
168.679993,253.075775,380.705231,728.268555,2.363668,1.041580,6.415244
184.880005,243.641174,390.046448,723.922058,2.054020,-0.305517,3.794315
204.369995,243.334915,433.560608,785.414917,1.875718,1.461939,1.612035
176.110001,232.667587,429.650421,822.526123,2.241293,0.397379,2.149381
212.039993,185.602585,422.057648,991.022522,2.202392,0.440684,0.789568
207.899994,190.454346,448.542358,1085.604980,2.218413,0.217042,0.318021
162.139999,166.621063,434.221344,1132.912109,2.338615,0.053134,0.043865
184.860001,161.142395,453.105804,1311.812012,2.322598,-0.025295,0.054831
171.990005,158.492554,443.206787,1244.812012,2.338548,0.000000,0.000000
194.550003,131.503632,437.831055,1461.660645,2.344480,0.000000,0.000000
157.229996,131.550659,439.153564,1471.450195,2.307607,0.000000,0.000000
158.029999,120.025200,438.617279,1606.699097,1.342460,1.349720,1.579137
157.190002,106.117744,421.935364,1705.257202,1.998438,0.044943,0.043865
126.550003,90.117058,392.564667,1718.150269,1.870784,0.013054,0.010966
114.930000,78.885910,381.215118,1856.295166,1.872079,-0.083628,0.043865
142.330002,55.456139,304.896332,1725.362549,1.941397,0.026901,0.010966
95.330002,34.327358,253.443726,1874.839111,1.997905,0.119744,0.087730
55.430000,21.169285,191.217575,1746.314941,1.919925,0.000000,0.000000
45.509998,5.382877,93.472206,1759.690308,1.736901,-0.021715,0.010966
30.770000,0.558279,21.501194,1632.381836,1.740684,0.020127,0.010966
0.000000,2.930915,-64.655876,1434.263916,1.738781,0.000000,0.000000
-13.540000,15.763702,-140.685242,1305.596802,1.772135,0.000000,0.000000
-61.090000,58.070351,-255.369720,1132.392334,1.683367,-0.012533,0.010966
-34.160000,120.746063,-321.733917,858.172119,0.502167,1.580312,5.307654
-34.130001,155.187363,-319.038757,656.103333,1.251541,0.010448,0.175460
-38.029999,159.748932,-247.941956,389.824554,0.318967,-0.517831,38.261166
-28.480000,137.411530,-226.279541,376.424713,1.773255,1.824771,7.248676
-16.290001,156.761566,-224.776703,337.546021,0.322162,0.313705,0.745703
31.959999,140.155502,-206.339386,308.186493,7.762916,7.482711,16.602867
-5.530000,132.368668,-174.173309,239.198227,1.557536,14.208498,464.013947
13.370000,104.984604,-146.007309,209.310974,3.540558,-12.639828,269.484039
18.600000,97.561226,-135.503922,202.266251,5.695348,6.851080,22.020185
18.290001,72.644730,-86.416885,117.642426,2.450586,2.209241,108.664337
60.580002,71.624115,-39.647873,26.744091,4.544355,6.155574,93.443222
73.949997,79.116577,-6.477728,8.611072,3.476460,-13.053350,181.392349
72.519997,123.337234,33.791397,32.917885,1.693703,3.290798,229.643768
93.419998,204.136124,80.791992,99.889999,7.459764,0.741477,103.367645
139.160004,325.861084,170.852173,155.010254,1.624137,17.185236,225.706894
169.360001,337.677216,236.561356,363.894684,2.171630,12.869523,112.009041
146.059998,352.095276,243.949677,588.770752,1.676168,0.742292,137.253296
151.660004,379.833984,294.960327,738.834717,2.016963,0.489579,24.586281
150.050003,309.067780,316.006439,828.652100,1.107555,3.607467,24.937199
177.800003,309.137451,367.017609,728.725525,1.192826,1.936779,10.999126
197.610001,285.655853,380.046326,673.889954,1.550700,1.521382,13.093675
164.410004,261.040833,411.910522,718.046265,1.533296,-0.228551,12.260242
182.250000,234.876770,439.390289,843.733765,0.836293,-0.007365,17.458235
200.529999,232.802216,446.921906,865.952942,0.736416,0.279320,2.248077
210.970001,189.832199,422.896423,945.755737,0.832020,0.572277,1.326914
174.270004,178.779404,450.526245,1184.797485,0.200743,0.365399,7.128047
167.610001,183.048309,467.809967,1212.125977,0.400610,0.000000,0.000000
173.009995,148.266541,456.042358,1404.831177,0.138201,0.238672,3.596922
168.899994,139.337509,437.058136,1372.719604,0.224849,0.014605,0.010966
105.019997,103.869926,388.796295,1466.968018,0.238508,0.126336,0.285122
98.180000,74.950516,346.911865,1609.669189,0.228846,0.049359,0.021932
81.550003,42.649914,254.348755,1519.640991,0.234328,0.009795,0.021932
24.150000,4.090963,65.573151,1473.020386,0.260320,0.001365,0.043865
-8.150000,9.058650,-98.746033,1179.286865,0.290240,0.000000,0.000000
-44.619999,49.551952,-198.682007,823.735229,0.288164,0.332178,0.482514
-42.009998,110.890602,-285.031830,735.933105,0.379088,0.128064,0.043865
-49.200001,153.015701,-291.305542,560.345215,0.321618,0.493516,1.502373
-25.660000,139.315247,-214.835144,337.361328,0.106205,0.233169,5.450215
-5.840000,138.634766,-214.872284,340.663574,0.780668,2.386732,44.468048
-15.960000,158.012939,-239.974609,365.674561,1.806009,6.318851,153.582001
-19.080000,168.946167,-250.886612,375.007019,1.692561,21.904886,358.913635
-11.070000,165.166885,-247.231689,380.974518,3.146371,-2.218268,447.674255
3.530000,112.942551,-155.260880,218.409119,3.187805,22.653280,222.153809
17.969999,83.947899,-119.631134,171.931671,2.221324,-0.948486,490.332886
19.680000,64.301865,-92.952843,135.119766,4.119323,10.763066,267.872009
-0.760000,41.811005,-57.020332,78.846146,0.833567,-2.594130,288.444641
21.510000,42.112251,-45.703339,60.437607,1.251364,7.696558,62.024982
10.300000,51.463989,-20.962170,67.419197,0.761343,7.255862,105.824089
9.680000,18.666229,-14.162512,31.054600,0.904860,-0.789258,25.540346
11.060000,6.275922,-7.183905,8.883034,0.634712,1.623006,23.116806
9.220000,1.998208,-0.387986,0.403752,0.564284,1.126527,11.514539
7.070000,1.014534,0.248744,0.667673,0.488000,0.758109,5.768235
7.680000,0.877757,0.358943,1.888043,0.528257,0.444559,1.897157
5.840000,0.844927,0.037429,2.077296,0.357992,0.410044,1.502373
9.070000,0.763546,-0.698370,0.688679,0.319230,0.307954,0.800535
50.740002,1.177554,1.395036,3.811276,1.748003,0.788499,2.291942
24.000000,16.595379,15.210587,15.362953,1.696737,19.162483,310.300385
45.439999,61.507153,59.569508,65.875633,0.627039,-2.202388,266.018738
99.959999,165.520447,110.786705,84.416992,2.618870,9.769933,87.707886
138.080002,291.088287,193.220200,146.314178,1.225009,3.611419,135.334213
120.220001,261.962769,232.517639,230.688766,3.113141,3.222789,9.869605
134.919998,259.492126,280.035034,497.371918,1.467384,3.093819,50.960060
171.529999,266.189209,257.463928,736.548218,1.701029,0.121880,8.970374
128.970001,303.190857,233.378189,771.319275,2.310649,0.697973,0.592176
174.779999,310.550293,252.241669,808.194458,1.868038,0.578485,3.772382
118.989998,266.533508,272.270020,640.808105,2.092190,0.197307,3.180206
130.600006,234.821274,313.344910,507.706360,2.286652,-0.223677,1.107589
155.419998,205.292633,329.879456,537.867126,2.117144,0.319643,0.537345
131.119995,167.618744,322.605042,642.682434,1.947737,0.239763,2.149381
150.619995,149.309952,309.429993,658.285034,2.059956,0.010152,0.274156
100.019997,121.291840,293.509338,720.709290,1.979246,0.068296,0.043865
135.729996,109.956787,259.387360,738.007690,2.363232,0.098946,0.043865
127.440002,83.103790,216.854004,691.756531,2.914392,1.789868,54.535046
53.970001,43.240051,163.506027,809.660522,0.688758,3.463403,17.940750
35.490002,18.927702,98.997917,753.576782,0.419744,0.544984,12.018986
34.590000,6.227769,51.152679,755.510254,1.255208,1.565520,2.259043
19.049999,1.637663,29.631037,698.360229,0.490721,0.036645,0.043865
8.450000,0.676772,-18.188889,742.047424,0.761178,0.000000,0.000000
7.830000,0.958845,-24.227854,650.986877,0.730637,0.000000,0.000000
0.460000,4.115203,-35.859833,612.440552,0.736076,0.054492,0.021932
3.530000,3.720719,-39.778011,617.506775,1.064735,2.041798,6.524905
8.290000,1.746419,-29.359337,577.458496,0.569028,-0.517544,3.706584
10.900000,0.690898,-18.111847,584.247070,0.650835,-0.274957,1.326914
22.430000,0.842027,11.587546,598.355469,0.676875,-0.073336,0.274156
28.600000,4.162230,52.077953,682.209900,0.660028,-0.122459,1.140488
42.250000,9.788032,80.247177,712.710571,0.668332,-0.075941,0.548311
69.449997,43.832874,171.524292,679.653137,0.632312,-0.021991,0.098696
81.010002,60.917080,210.439545,743.373962,0.629316,0.000000,0.000000
109.860001,87.262604,264.237061,802.295837,0.643868,0.000000,0.000000
96.879997,81.502472,270.422638,903.818176,0.664727,0.000000,0.000000
123.199997,75.111954,255.853729,918.638245,0.683918,-0.015800,0.043865
82.199997,61.445061,238.753403,938.274963,0.671379,0.000000,0.000000
65.809998,37.322018,183.330429,904.644531,0.660905,0.000000,0.000000
44.900002,13.569395,107.006668,857.726013,0.682310,0.000000,0.000000
26.459999,1.395032,33.636490,846.166016,0.441998,0.397068,0.394784
1.990000,1.456031,-32.347351,780.908875,0.322325,0.447026,0.745703
-17.379999,13.903440,-90.882111,609.367432,0.471307,0.000000,0.000000
-30.459999,53.080921,-167.151474,529.524780,0.510040,0.363124,0.274156
-17.820000,115.430779,-220.452026,422.177002,0.311215,0.568998,1.425610
-24.750000,116.687363,-181.196747,284.100586,0.397439,0.274642,1.337880
14.430000,114.847176,-171.259537,258.725830,2.249629,3.396149,10.417915
29.830000,87.679237,-119.192513,165.519409,3.850553,21.719837,141.442398
20.430000,69.858749,-87.394966,110.571442,3.726706,3.652004,464.145569
36.590000,51.236568,-69.235535,99.953499,4.058784,18.307112,182.598663
86.190002,37.965790,-50.763393,68.599884,6.826571,-28.322330,320.312531
23.160000,47.965416,-62.284210,83.959824,2.974874,21.115259,297.754974
37.720001,87.283241,-53.076382,39.808964,3.971238,2.748507,456.184082
62.380001,126.251511,-30.195396,28.833527,4.495633,12.315172,210.080017
23.980000,75.302216,-9.086450,17.703144,1.853446,7.785045,285.944397
44.950001,78.348969,9.758487,12.466504,1.243552,0.802226,177.356781
76.519997,111.010345,14.814948,19.165215,4.625278,17.628046,91.129349
115.360001,212.638702,72.943985,30.065933,4.008884,-7.806061,327.221252
135.429993,333.044037,129.448318,51.734566,1.907352,2.266302,296.965424
145.940002,327.916901,181.299683,159.181259,3.067638,13.329051,76.686821
155.729996,318.985199,224.878937,282.945129,1.340959,15.201116,195.845856
176.770004,355.277557,289.314941,446.807068,0.797686,5.627722,69.372353
168.309998,308.248505,267.359222,357.804413,3.919819,6.971098,17.074415
161.059998,332.984253,330.372528,399.184235,1.034526,4.208233,70.556702
164.750000,302.110748,346.556183,404.727905,1.656418,2.005119,4.265862
137.059998,234.299728,385.279175,720.659546,2.247282,3.968296,9.441922
188.750000,221.085114,382.049500,974.494995,1.108179,-1.384928,23.500624
164.320007,224.929550,389.431946,1053.967773,1.211830,1.505329,33.973373
169.539993,221.690994,408.917511,1104.442261,0.665053,1.482866,16.076488
198.380005,195.837402,413.485657,1254.677002,1.139585,2.046103,8.531725
146.740005,177.091614,422.590820,1244.057617,0.508355,0.559976,2.741557
179.839996,137.298950,395.722534,1142.874146,0.517331,0.248487,2.193246
138.589996,121.008774,376.840790,1189.093506,0.315291,0.046425,0.043865
124.300003,87.769043,347.884399,1384.280273,0.158621,0.074995,0.142561
73.139999,33.998409,208.364655,1304.494507,0.109474,0.038056,0.175460
38.590000,8.716288,99.492294,1179.469360,0.153112,0.063363,0.054831
2.760000,0.990169,-24.782269,1073.663940,0.138709,0.191098,0.537345
-15.370000,14.217268,-102.730469,859.584473,0.181203,0.153474,0.274156
-17.990000,41.877823,-166.753693,673.949219,0.324983,0.299802,2.960882
-43.080002,82.616486,-233.707947,662.481140,0.139558,0.014952,4.013639
-31.629999,108.274384,-216.744995,435.191620,0.141233,0.378953,1.381745
-10.760000,135.132004,-213.616516,339.362610,0.443271,0.231646,7.029351
-5.830000,145.946182,-229.244553,361.377869,0.894323,-4.109068,20.024332
-9.990000,142.446136,-216.783966,335.495331,0.620124,6.182492,139.819382
18.410000,131.954651,-198.802094,311.037598,4.767813,-5.387125,12.029952
-4.620000,107.606689,-149.395126,209.291290,3.163839,3.425956,385.408020
21.799999,79.435165,-109.994690,153.331146,3.947426,-4.068190,116.296844
-0.610000,68.395462,-98.916718,147.735016,1.400581,4.744539,220.289581
32.369999,45.539509,-62.411015,86.527916,2.594437,-0.670181,65.468369
21.540001,32.089779,-49.769043,78.915062,2.572122,6.648682,113.675903
26.400000,19.546755,-25.653194,36.342903,2.249409,-13.489896,117.503128
44.220001,10.251837,-10.854115,12.555160,4.153417,-7.251114,19.519884
34.240002,2.428201,-1.987391,2.188810,3.449579,-14.806261,123.260384
43.080002,1.290886,-0.064538,0.588228,1.978546,-4.213413,51.936058
36.439999,8.798554,1.105770,0.639794,3.354996,11.788668,91.513161
38.130001,34.125233,21.182358,16.066790,2.929282,-11.730686,274.660126
67.349998,70.160812,68.390427,91.888947,0.777095,1.575436,96.996269
134.610001,168.922775,83.864777,41.892448,3.673615,16.392136,82.455055
114.459999,263.676849,161.023453,104.828644,4.377724,-11.421465,360.558563
152.669998,230.743805,183.967346,189.948593,5.176312,1.075380,129.061508
119.190002,277.154327,225.686172,322.535278,2.368001,-6.548920,178.266998
141.869995,230.349380,233.755432,346.474640,3.970947,1.185579,29.312725
149.589996,241.668655,270.991211,374.286194,1.164101,7.246019,114.739632
125.500000,196.801361,273.315002,502.855927,0.824948,0.290992,40.838230
96.879997,145.605881,265.320618,712.061340,1.759892,0.504069,25.496477
112.400002,145.641312,217.829742,420.704712,1.000821,1.721483,16.109388
82.360001,80.890862,199.044067,506.974060,1.505906,0.000000,0.000000
52.700001,45.774189,136.384674,437.012451,1.380710,0.122042,0.537345
38.720001,26.808273,89.133614,445.476654,2.020314,-0.168598,7.994380
21.520000,6.242666,31.346836,398.973083,1.833054,2.924716,10.406950
9.060000,3.521587,-17.826298,341.221863,2.068481,0.451101,6.283648
7.680000,6.514352,-41.011906,321.113281,1.212563,1.905002,3.574990
-8.140000,16.740437,-64.770920,263.671692,0.513587,1.365697,7.775055
-8.140000,30.982822,-86.247803,242.746490,0.274003,0.326076,0.636041
-1.840000,31.633310,-83.161293,221.024155,0.534155,0.039009,0.054831
-6.910000,48.348900,-93.260574,180.885376,0.253028,1.025213,9.354192
6.900000,52.167080,-84.342865,136.909744,0.974822,0.192947,1.206285
27.500000,44.473251,-70.393814,112.396912,3.143530,14.731642,69.854874
2.610000,47.389038,-64.476173,89.217567,0.551687,12.934556,343.045532
63.119999,47.738167,-59.266697,77.710876,3.069485,15.556488,158.045258
2.770000,45.840794,-55.455887,68.196777,1.808118,18.256180,307.394287
48.590000,33.080040,-25.144108,23.421959,4.725535,2.359472,67.968674
39.540001,23.957451,-21.838516,21.121536,4.579242,4.600907,380.681580
14.750000,13.584309,-8.913008,6.762311,0.995010,-0.791744,359.001343
63.209999,9.429607,-5.414066,5.666907,3.243594,15.190054,89.100594
24.309999,6.323033,-1.706306,1.219201,3.442540,1.755595,274.934265
31.910000,3.600807,0.146555,1.792174,1.258721,-11.174043,205.276794
21.080000,2.843645,0.209278,0.591591,2.066222,5.095812,47.735989
5.840000,2.068391,0.848700,2.092356,0.217565,1.777594,45.422112
11.060000,1.002127,1.236798,4.045612,0.697459,-0.468417,11.777728
7.530000,0.225110,0.787128,3.821023,0.987366,-0.513677,18.105240
6.910000,0.206630,-1.021589,8.755339,0.415404,-0.836620,9.441922
9.210000,6.003256,0.870696,1.513973,0.342754,0.033322,3.794315
16.590000,13.261077,-0.133448,0.903568,0.852072,-0.132328,0.241257
47.590000,28.111938,4.540694,2.393903,3.847614,12.847605,72.355164
59.570000,94.417435,43.284351,23.180218,2.711506,5.393470,172.871613
151.179993,260.191315,115.008362,74.421066,2.008618,9.478945,204.432388
151.740005,436.683044,126.859596,40.232307,3.231297,13.821205,308.085205
158.800003,459.906738,146.368759,82.399010,5.984854,7.176075,138.602158
169.619995,511.646912,265.051392,266.054932,2.874038,6.398661,147.079025
173.169998,451.707733,242.586273,444.382019,5.631102,-1.108455,38.710781
189.649994,429.400269,261.777130,495.003265,4.637489,2.572829,7.862785
218.479996,394.957397,321.807373,396.181335,5.470717,1.551242,1.908124
217.259995,345.112732,363.375092,490.815338,5.996763,2.867020,4.145234
209.119995,327.408569,355.279266,559.460205,4.771908,9.630177,21.998249
224.940002,297.141968,389.863831,633.208252,6.493335,2.393803,19.530849
228.889999,254.614349,363.491364,707.154175,6.386326,9.206093,15.615907
239.110001,373.591187,493.314819,738.121704,3.353159,3.963724,10.757870
231.389999,256.628906,435.880768,858.457886,5.774318,6.519855,10.308253
238.710007,295.317993,485.720947,847.822876,2.449961,8.531304,40.388611
233.979996,250.072464,488.809570,1127.058228,4.415420,1.562200,6.590703
194.570007,234.584076,474.406555,1089.652222,5.342244,2.266644,3.476294
188.580002,242.266678,450.546356,855.792480,5.377659,0.777266,0.197392
206.059998,218.353180,488.769165,1155.374023,5.281888,-0.675096,6.316547
264.040009,345.278412,577.202881,969.808777,1.516391,3.192371,7.994380
245.919998,252.056931,528.956238,1142.493164,3.652850,0.014131,0.175460
218.779999,223.417633,577.346985,1521.529419,3.826795,-0.476205,1.283049
258.529999,286.926270,620.692871,1385.958252,1.385938,2.266118,3.969774
247.550003,220.802170,594.586060,1683.830200,2.859251,0.281009,1.370779
249.139999,211.549316,576.421204,1827.317627,2.991820,0.196981,0.438649
232.100006,218.760895,576.236633,1793.801758,3.124316,0.248940,1.337880
209.429993,211.683655,634.304199,2076.931885,3.194589,0.000000,0.000000
241.860001,194.951035,587.563354,1839.354980,3.401291,0.600427,0.625075
263.750000,177.168549,600.875793,2159.054199,3.109736,0.203147,0.537345
246.050003,160.616211,573.062500,2218.291504,2.821449,1.582926,3.750450
223.229996,149.999634,559.638184,2356.230713,2.983735,0.487650,0.274156
246.970001,132.009399,539.136230,2475.436523,2.766679,0.169065,4.134268
226.619995,159.834229,578.068848,2420.082764,2.544632,0.678624,0.636041
235.979996,165.281891,622.615234,2618.211426,2.406083,0.233124,1.579137
236.850006,137.911285,590.202942,2824.153320,1.868147,1.745442,2.467401
187.320007,156.705276,689.369263,3165.587891,1.635391,0.554968,0.361886
245.149994,126.230362,598.338745,3028.822998,1.799844,0.060114,0.098696
220.779999,129.380096,627.564209,3209.726318,1.757936,0.003108,0.186426
243.770004,124.792236,623.825439,3240.088867,1.754898,-0.095532,0.394784
224.759995,127.593292,655.081848,3376.709961,1.498991,-0.022955,0.109662
202.059998,110.891182,632.976379,3655.505127,1.526154,0.323637,0.350919
220.479996,105.508820,628.029358,3755.482910,1.546745,-0.084616,0.098696
228.899994,94.051605,588.509216,3812.195068,1.489769,-0.090697,0.745703
216.330002,95.650116,605.131897,3890.816895,1.507629,0.186811,1.370779
247.860001,84.427757,586.326538,4082.329102,1.350617,-0.604059,3.169240
207.740005,89.614296,606.350769,4129.747070,1.378975,-0.063891,0.109662
228.639999,95.177834,638.857544,4335.573242,1.349096,-0.159324,0.888264
181.350006,84.421974,605.182312,4359.950195,1.353439,0.010172,0.010966
200.979996,86.595322,618.789734,4437.596680,1.177309,0.365587,0.274156
211.119995,83.268303,616.675415,4606.878906,1.269603,-0.100581,0.570244
165.789993,67.141876,564.865784,4786.123047,1.478271,0.431315,1.590103
169.940002,68.347809,561.802673,4735.693848,1.246311,-0.014104,0.010966
181.000000,53.159508,493.155273,4761.388672,1.230880,0.005548,0.010966
147.440002,54.779156,505.919250,4972.682617,1.089007,0.518623,0.668940
176.600006,36.905376,424.303955,4956.259766,1.151491,-0.045912,0.701839
132.500000,22.292400,326.521851,4915.334961,1.170702,-0.057608,0.274156
68.010002,10.325461,210.995255,4775.588867,1.152358,0.124120,0.142561
-2.770000,4.973088,-127.542442,4477.149414,1.176358,0.010338,0.054831
-85.620003,57.315620,-449.656189,3597.229004,1.181800,0.004671,0.043865
-126.029999,126.888107,-627.546936,3145.099609,1.106482,0.215804,1.644934
-145.940002,257.902954,-821.214539,2634.652100,1.158831,-0.001595,0.098696
-142.539993,311.420044,-767.765564,1898.002441,0.769079,1.155000,2.390638
-75.250000,378.841675,-687.422668,1248.886475,0.241555,1.112022,9.672213
-120.550003,395.239624,-666.066162,1125.544189,0.536287,-0.962500,8.016312
-72.879997,484.241882,-735.986450,1119.423950,0.546603,-1.573858,14.245129
-58.189999,412.384766,-630.269165,964.963867,1.044534,-1.004793,13.269135
-32.349998,407.304779,-599.361572,883.485168,3.660848,1.811372,6.206885
18.700001,366.530701,-505.626160,703.590332,10.414715,13.775293,63.724743
-15.370000,256.375854,-344.608978,464.207581,3.778277,20.997246,473.982239
9.210000,223.745499,-330.482452,508.613739,5.790528,7.229518,86.435799
18.600000,200.992126,-297.825745,460.889313,8.365206,-5.046646,228.086563
21.950001,112.734497,-155.724854,215.868088,3.475789,6.227919,253.550140
7.510000,102.333611,-154.726181,235.779388,5.289362,0.910032,146.300446
22.629999,94.222778,-145.494797,225.639252,5.789790,13.204939,105.824097
17.000000,70.089439,-101.287560,152.571976,2.932823,0.142772,299.871460
19.620001,78.917313,-80.958191,105.438866,3.261671,9.544577,102.731613
23.490000,55.602253,-67.967850,117.751831,2.894174,6.777085,152.353790
13.200000,35.895607,-47.861458,72.558746,1.750438,8.758674,94.506943
12.130000,17.386370,-23.197803,32.026352,2.103326,6.555851,34.302361
16.590000,8.967203,-10.866754,13.287119,1.432840,4.025079,26.812426
35.490002,6.680936,-7.222783,10.324630,3.415134,0.033340,9.321293
18.590000,3.724690,-3.869304,4.516915,2.250233,1.918770,5.910796
29.959999,6.454199,-4.750857,9.222060,1.535664,1.166227,6.283648
47.590000,12.908204,0.639653,9.657592,3.535654,19.538126,117.239929
23.180000,24.026752,15.699917,30.338821,0.645121,-9.980639,569.048462
83.830002,61.894341,52.958153,57.008099,4.328142,-3.985702,85.920387
81.830002,127.387695,89.428986,79.781731,1.945411,10.028038,159.218643
79.379997,201.320602,167.381668,140.178406,1.431349,-3.663270,32.701290
122.989998,233.956482,217.325577,207.551697,2.329611,1.443970,27.415565
123.510002,227.133331,276.800049,412.743622,2.776045,-13.053946,78.847176
172.710007,282.178436,298.950073,637.608582,3.451932,-13.399059,74.537453
155.539993,321.871338,290.610443,798.937012,1.586050,-10.413780,83.398148
177.850006,370.309570,296.374054,928.349121,0.589285,-2.589427,68.582779
137.009995,279.378326,308.630768,780.499878,2.238888,3.616426,6.711331
185.149994,228.832092,368.875549,834.031677,5.503076,-16.222797,52.385670
181.050003,260.320740,458.903717,907.666626,1.434044,-4.454405,28.632818
179.970001,280.449829,478.615875,884.656494,0.733967,-2.158788,29.828138
199.479996,223.295868,485.983002,1133.024658,0.757216,1.284017,10.538544
181.350006,194.982834,470.975891,1164.473633,1.270987,1.655137,3.596922
158.380005,185.273651,459.143860,1165.265747,3.306768,-3.809956,5.307654
176.899994,183.119629,478.457031,1258.383301,1.464125,-4.215320,18.434227
172.889999,162.914398,498.511169,1539.491577,1.771512,-5.299678,24.268259
146.169998,161.282990,489.450989,1501.199341,1.038303,-3.137328,17.545965
197.779999,143.374527,493.906067,1712.406982,1.165830,-2.898330,13.433628
191.800003,137.564331,487.038574,1727.197266,0.668599,-1.074054,6.908723
186.259995,121.762863,477.477905,1895.117065,0.611766,-0.297969,1.107589
155.649994,123.652985,502.645050,2047.635986,0.478504,0.114711,0.142561
134.750000,111.009293,467.242859,2012.642090,0.483282,-0.027981,0.010966
185.820007,123.466324,515.752319,2169.666504,0.481417,0.000000,0.000000
152.419998,98.526039,460.011658,2174.418945,0.478090,0.008211,0.010966
185.050003,92.915794,486.267181,2551.197510,0.345092,0.000000,0.000000
160.369995,97.061752,479.487549,2414.615479,0.077048,-0.026978,0.054831
159.300003,80.351151,455.797241,2650.020752,0.200992,0.016666,0.021932
156.190002,57.793766,389.940308,2707.617188,0.193733,0.000000,0.000000
180.300003,61.326767,411.470459,2824.257324,0.193953,0.000000,0.000000
135.070007,57.366127,400.660339,2822.334961,0.210249,0.000889,0.043865
116.230003,66.559486,440.579346,2938.227295,0.178644,0.000000,0.000000
136.289993,59.079567,425.731812,3074.464111,0.176666,0.000000,0.000000
132.660004,46.718018,368.503418,3085.553223,0.163670,0.000000,0.000000
155.380005,57.055511,425.527039,3229.294434,0.147765,0.000000,0.000000
105.250000,46.682274,380.602448,3188.500732,0.128121,0.003263,0.010966
117.760002,40.783699,369.389465,3397.711426,0.090316,0.072778,0.109662
132.919998,33.819298,336.845367,3437.388672,0.100865,-0.002895,0.175460
144.580002,26.800127,296.726501,3473.666504,0.188392,0.260437,0.800535
154.199997,32.472431,339.602448,3619.517334,0.075867,0.097987,0.175460
111.230003,29.959837,320.667633,3596.914063,0.060258,0.044750,0.043865
112.320000,31.395153,331.286011,3643.513672,0.048887,0.000000,0.000000
91.349998,26.087873,306.199341,3718.892334,0.021138,0.044722,0.142561
86.199997,17.828529,254.665298,3730.332520,0.011569,0.015934,0.142561
84.199997,21.581667,280.504883,3648.092773,0.044724,0.007993,0.043865
73.239998,11.655859,205.395447,3728.791016,0.020499,0.057531,0.285122
75.540001,4.654075,127.768250,3730.394775,0.017745,0.005623,0.010966
52.200001,6.232552,135.622665,3687.858643,0.026530,0.046847,0.142561
50.389999,4.473652,121.031082,3687.737305,0.013982,0.000000,0.000000
44.400002,3.231765,95.526192,3697.736328,0.025437,0.000000,0.000000
30.600000,2.322449,38.288719,3688.959717,0.013923,-0.001718,0.010966
25.500000,2.183159,37.605709,3553.324219,0.019084,0.011870,0.087730
18.740000,1.540175,-3.548031,3419.649902,0.007819,-0.002883,0.043865
0.000000,2.988209,-35.763218,3468.147949,0.054477,0.138943,0.581210
1.530000,3.632346,-64.411720,3311.348633,0.361809,0.615266,2.906050
4.600000,1.877916,-11.840232,3200.548584,0.926924,2.366490,12.589230
8.750000,5.851261,-103.485458,3192.461426,0.523329,3.486199,31.791092
11.070000,4.666462,-75.626724,3126.811279,1.207882,4.556070,27.283972
23.200001,2.405514,-26.400772,3131.460938,1.563716,6.995129,35.947296
25.350000,5.192049,-74.228607,3084.668701,1.158378,6.694980,51.387741
28.250000,2.008685,-14.162664,3071.516602,1.437095,3.944149,84.779900
71.080002,2.348100,26.181633,3003.256836,1.479752,4.213817,33.896606
51.470001,4.567990,89.500984,2980.736572,2.131776,10.717753,72.135834
36.080002,4.418233,79.802094,2908.688477,1.039791,0.886566,36.353043
63.410000,7.147925,117.113152,2814.410889,2.776579,4.399809,15.122427
77.230003,8.146061,130.293335,2786.724609,1.660296,5.724655,37.416763
75.330002,20.804974,217.307724,2791.881348,1.494879,3.135037,27.240108
74.150002,17.422949,208.838318,2877.591797,1.474010,1.962375,27.031750
65.199997,13.479155,165.603546,2864.676270,0.973695,-0.930125,40.235085
51.779999,19.632069,211.659531,2997.964844,0.631046,0.485415,10.505646
94.430000,16.723274,193.866028,2899.825684,1.579159,0.742089,1.721698
78.940002,11.837074,175.295914,3070.075195,0.551996,2.174351,30.562878
68.889999,14.041925,178.248703,2844.328125,0.401063,0.575687,1.919090
48.669998,14.309319,194.331360,2789.836670,0.418489,1.097550,9.233563
38.410000,5.984031,106.623413,2628.083008,0.136359,-0.046826,4.879971
10.290000,1.057604,-2.535117,2472.648438,0.111180,-0.162657,0.460582
-13.530000,4.852451,-91.469193,2284.599854,0.250910,0.143385,0.274156
-53.049999,24.409054,-212.332535,2039.110229,0.403187,1.575201,13.850345
-35.160000,54.848457,-298.816650,1805.336670,1.036200,4.367837,31.725296
-7.200000,76.311279,-340.535828,1568.033936,2.508630,10.572766,49.008068
-25.190001,75.045250,-322.594818,1409.330811,2.771725,12.713008,177.027802
23.160000,59.486435,-253.330963,1154.662842,7.651290,12.748034,105.626694
7.540000,63.958473,-202.577972,1076.529907,9.087201,9.553599,241.410538
28.049999,48.553772,-166.933014,1113.503906,9.189175,-1.619038,103.367661
92.989998,27.076191,-110.426285,1031.453613,13.170618,3.677825,16.405474
72.470001,15.554956,-71.360039,1015.110352,11.145306,-3.257429,32.920612
55.000000,7.946402,-59.949024,1063.485352,9.870820,1.815778,0.789568
26.420000,4.339173,-48.599701,960.780273,3.422428,9.563358,80.163132
17.650000,0.812951,-19.600574,790.704468,1.519803,5.861458,31.385342
48.209999,1.655218,-4.654490,797.986328,6.994354,6.096826,19.936600
54.660000,6.761570,-37.485157,872.221680,5.956842,19.751348,80.130219
31.490000,4.292957,-19.582287,745.691833,3.372146,-1.556636,413.602234
56.110001,2.295717,-8.837690,696.841980,3.195511,8.266855,286.021149
59.990002,1.403347,15.492685,736.575500,4.364671,17.362871,407.812042
41.910000,5.754025,47.931503,722.525146,1.818198,17.844124,402.899200
159.320007,16.779173,101.295319,682.588440,7.375431,11.018978,155.205002
101.779999,29.708712,139.967194,710.991577,7.703223,39.016987,509.205750
96.589996,56.355255,191.286057,741.318054,4.063001,-1.132546,343.846008
134.860001,57.856518,190.907532,756.253357,5.238385,13.898296,129.357635
80.389999,80.790680,221.806915,821.438354,2.818262,9.554836,101.953018
103.949997,81.096481,225.499069,845.739380,3.355057,3.575318,33.468922
115.360001,76.924133,256.652039,1064.079224,2.078583,5.114806,20.737139
93.059998,58.872635,226.151215,1282.782471,0.797160,1.601315,54.271858
97.279999,63.243870,220.589493,1364.939087,1.691853,0.055110,4.035572
97.650002,67.483932,243.290527,1161.170166,1.509484,-0.010741,0.010966
100.809998,98.111458,250.763489,1128.858154,1.531268,0.972769,8.783949
125.379997,107.567596,272.207703,1176.043945,0.608735,-4.365900,44.139061
71.449997,101.462585,260.752075,1145.363403,0.307980,-0.152325,4.386491
82.080002,75.044853,248.381042,1206.989990,0.478796,-1.409474,11.986087
81.589996,81.498642,278.442902,1137.395752,0.153959,0.546371,7.259642
117.959999,75.986664,282.879883,1195.002930,0.171760,-0.394533,3.695619
85.120003,51.003281,245.276413,1433.317139,0.909179,0.708935,5.976593
71.089996,26.510414,184.997635,1531.460938,0.142922,-1.439628,18.006544
64.180000,21.104727,158.047211,1627.488770,0.256025,-0.506596,1.261116
83.830002,16.701330,142.642761,1662.460693,0.017020,-0.013940,0.712805
71.029999,28.199585,190.552094,1522.204956,0.053593,0.041862,0.197392
100.419998,30.284912,210.791382,1611.453979,0.026517,0.010087,0.723771
93.980003,34.275322,219.171448,1676.604004,0.039233,0.000000,0.000000
63.820000,25.358988,199.228302,1738.510986,0.041091,0.034666,0.043865
84.540001,25.035774,207.062210,1793.796753,0.113790,0.111990,0.175460
92.139999,30.378258,213.692398,1790.161743,0.063733,-0.124260,0.537345
102.110001,23.110676,194.611481,1786.121094,0.131365,0.127821,0.493480
91.989998,27.559399,213.557907,1771.824951,0.024377,0.088632,1.962955
76.309998,26.210999,219.143143,1912.194092,0.013281,-0.000975,1.326914
89.910004,24.352140,212.097626,1877.754761,0.023449,0.098242,1.688799
69.699997,17.569269,179.076385,1937.265137,0.053005,0.093150,0.175460
62.840000,13.328781,156.327637,1947.837402,0.187437,0.281620,0.493480
70.269997,11.808422,144.630859,2022.182983,0.277961,0.081053,0.142561
63.560001,6.879338,106.681580,2005.988281,0.238115,0.241429,0.394784
51.889999,6.895259,92.690323,2006.485596,0.396270,0.623766,9.792841
81.160004,5.842417,102.046326,2028.204102,0.975353,4.587002,24.959131
56.349998,7.783601,121.768326,2089.655518,0.608737,4.027154,97.215599
117.809998,23.059952,204.451996,2186.594971,2.907141,11.459085,59.678204
131.350006,25.248764,237.741943,2290.565430,2.584019,21.810421,239.612045
175.179993,65.318703,383.859406,2383.609131,0.437706,2.149292,238.954102
122.220001,45.055016,299.567108,2494.272949,5.245564,22.980656,175.514465
171.470001,94.466965,384.429871,2718.719482,2.675466,8.759775,187.730835
140.690002,85.246346,362.049530,2706.711426,4.322552,10.233439,186.908356
201.169998,165.075836,463.566315,2497.490234,3.221072,6.772532,152.057709
193.639999,85.075958,411.069672,2712.436523,5.632068,6.473663,74.318130
176.679993,129.129898,520.398315,2841.979248,5.654573,-4.956384,194.869843
206.669998,182.136734,547.094666,3262.712891,0.591826,-0.108553,143.811096
182.119995,104.817451,409.066101,3843.708984,3.030537,-0.161514,46.299408
182.729996,117.707703,565.050903,3844.967773,3.444145,0.347269,0.899231
188.860001,99.131027,441.910126,4081.621826,3.219786,2.605445,16.778328
195.139999,118.501869,456.484344,3815.754883,2.750722,2.124980,13.707785
163.740005,141.212662,525.043274,3408.322266,2.536193,4.561651,10.538545
230.539993,179.255615,599.562622,3485.324707,0.411874,0.222737,33.710186
214.169998,154.106934,595.453552,3674.554932,1.442793,1.607395,1.973921
211.580002,147.182159,644.392334,3877.416748,0.294946,1.384466,19.399258
229.669998,125.227554,602.855530,4105.606934,0.861139,0.363562,2.028752
221.679993,135.319122,570.553284,3803.860840,0.233802,-0.142641,21.559603
152.399994,115.444618,613.228516,3557.306396,0.244675,0.540702,1.962955
211.270004,115.845276,656.559753,3807.525146,0.181964,0.523306,2.215178
232.190002,100.215012,626.794128,4095.161377,0.030889,0.212707,2.741557
209.279999,82.408699,575.107666,4141.714355,0.090821,0.147518,2.171313
203.449997,91.764801,604.174744,4400.358887,0.140464,-0.312362,7.632494
182.770004,69.139725,521.781006,4214.740234,0.109368,-0.552590,12.040918
174.699997,110.575676,692.337097,4394.200195,0.318109,-0.695553,2.555131
192.570007,75.965988,578.771606,4531.072266,0.068107,-0.040325,1.951989
168.770004,70.621445,568.222473,4663.534180,0.082566,-0.120355,1.842326
173.779999,84.228210,627.102905,4856.751953,0.154009,0.597341,3.651753
184.440002,62.211525,534.720886,4869.701172,0.233303,-0.773022,5.702438
156.800003,61.400024,541.651123,4911.878906,0.071746,0.007306,0.010966
186.720001,63.237396,560.419373,5107.377930,0.046234,0.000000,0.000000
183.369995,43.718292,441.603882,5138.144043,0.055770,0.018030,0.405750
147.179993,39.630211,404.187286,5205.179199,0.037411,0.000000,0.000000
155.080002,42.265156,474.945557,5389.567383,0.033472,-0.008138,0.186426
139.059998,43.448608,483.146606,5566.131836,0.063713,-0.033705,0.043865
166.160004,33.361767,430.399719,5648.107422,0.039065,0.127765,1.984887
130.720001,28.025406,357.840942,5675.954590,0.074829,-0.039542,0.065797
122.279999,26.850002,355.518555,5478.681641,0.019287,0.009963,0.120629
94.940002,27.137577,384.392944,5659.588867,0.036733,-0.052841,0.109662
108.320000,12.708481,265.819519,5798.045410,0.017668,-0.005565,0.010966
108.169998,7.657835,166.166321,5685.684570,0.022808,0.045658,0.548311
34.590000,0.166842,3.263297,5529.075195,0.021467,-0.022635,0.098696
6.450000,1.848441,-75.111511,5161.618652,0.011661,0.011826,0.219325
-29.059999,6.425310,-156.206696,4904.468750,0.037588,0.047177,0.087730
-52.119999,17.985809,-279.257385,4762.725586,0.374285,0.090414,1.096623
-49.049999,25.490189,-314.655365,4358.479004,0.537301,2.397418,13.631021
-45.599998,34.539032,-386.785767,4381.148438,1.061364,3.288372,17.491133
-39.639999,25.531300,-323.928223,4181.485352,1.672593,8.773057,50.992954
-33.419998,33.200176,-343.290924,3941.514404,2.144329,4.890528,61.728893
27.440001,34.578407,-301.487396,3857.758789,7.693564,13.609873,28.007744
-20.879999,15.072448,-193.562943,3780.574463,0.558593,7.022466,357.334503
135.740005,0.949118,-11.929897,3592.972656,6.912204,3.849631,38.052807
55.090000,0.454387,36.642643,3554.129883,6.130424,32.800297,262.037994
111.980003,15.369190,150.842545,3365.452881,3.908583,-0.473037,153.253021
96.800003,0.880970,48.463852,3275.294922,10.373883,12.840422,57.441097
130.929993,10.870995,118.114487,3126.988037,8.400568,-4.867023,200.122696
107.769997,26.134422,208.593109,3236.482422,4.842270,6.309883,59.864632
94.449997,27.281054,210.793823,3320.213867,5.363685,-3.774379,55.807129
81.010002,24.825365,215.083435,3160.093506,4.962162,3.919127,41.934853
107.629997,17.350086,157.742279,3023.993652,6.140123,1.262901,0.932129
70.370003,17.535500,190.117401,3088.240723,4.223297,5.279766,9.661246
86.970001,20.729328,243.008209,3111.339600,0.893303,5.035684,32.350372
111.860001,31.721355,265.029633,3041.479004,1.889852,0.950467,0.537345
89.989998,29.907654,247.279510,3056.315674,0.765367,2.990803,15.012765
81.099998,24.080851,237.743530,2958.330322,0.106107,-0.171624,10.143761
77.480003,17.458220,209.473206,3103.153076,0.678758,0.326709,0.537345
48.209999,12.976777,158.574997,3108.020752,0.898951,-2.574912,26.329912
81.989998,10.648534,143.692657,3138.803711,1.015589,-0.241359,4.265862
70.320000,13.655659,151.614853,2944.210205,0.923131,-1.006782,22.129845
51.860001,12.292900,67.532936,2961.715332,0.519595,0.367830,3.728517
26.400000,6.387176,73.495094,2997.688477,0.140167,0.156878,6.810027
19.500000,3.272346,-8.770565,3012.175049,0.073384,0.103126,1.765563
21.340000,0.927185,-22.777256,2962.635254,0.035872,0.144178,1.381745
13.660000,1.036102,-32.028481,2915.552002,0.046231,0.124929,0.668940
19.330000,1.349808,-12.407635,2830.805420,0.105257,0.380353,2.226144
17.959999,1.100136,-20.993679,2697.829834,0.035805,0.299957,5.691472
9.520000,1.261826,-23.670261,2648.671631,0.165835,0.985916,7.698292
11.210000,1.317510,-18.452288,2622.247559,0.170046,1.277924,16.032625
10.900000,4.716510,-55.831051,2503.646484,0.527049,2.020800,9.847672
6.440000,4.477362,-46.760929,2451.699707,0.232239,1.477529,10.944294
-3.990000,8.926812,-106.591827,2407.835205,0.505690,1.495020,8.411097
-17.360001,10.462830,-144.150162,2301.310303,0.468757,0.483421,0.647007
-21.200001,10.760207,-151.821869,2190.195068,0.504725,1.261774,5.592776
-38.560001,17.449680,-189.652283,2123.137695,0.188951,0.555804,6.722297
-40.250000,29.463238,-233.964584,1933.763916,0.344333,0.143107,0.087730
-33.160000,34.780098,-245.210114,1755.901489,0.292981,0.049516,0.098696
-40.869999,30.228710,-217.965332,1602.259766,0.241609,0.072494,0.043865
-43.330002,33.150288,-215.251114,1435.873413,0.334785,0.000000,0.000000
-36.279999,36.226372,-219.407623,1355.735840,1.222484,1.426665,1.842326
-31.520000,43.702724,-227.388321,1199.516235,1.574310,7.961695,43.810078
-15.030000,35.326454,-192.616150,1082.585205,0.995202,4.064229,101.985909
30.700001,41.341099,-202.250549,1055.790283,5.076048,18.979330,112.634109
-42.709999,40.360756,-194.012787,969.106567,0.350052,5.092766,228.569061
39.860001,23.402630,-131.172668,789.546265,5.226542,13.450038,108.225693
5.680000,23.315723,-123.892319,746.241028,3.538508,-7.650511,317.340668
28.209999,14.135042,-84.023247,657.997986,3.692441,5.384341,64.338852
33.930000,4.322314,-30.893658,539.032959,3.395797,9.118660,101.514359
37.150002,1.512413,-0.080039,541.192871,4.731959,0.015175,57.495926
15.680000,0.593276,9.409566,554.652954,2.144894,9.299713,116.318771
33.880001,0.620590,17.720692,567.394226,1.206490,-0.911039,45.773033
30.110001,3.026147,38.932201,558.345276,2.711214,7.400596,42.176109
34.980000,8.596426,60.002945,511.655396,0.361793,1.234178,52.352768
52.970001,11.908240,71.059097,553.334778,2.157348,3.297176,16.964752
47.590000,25.684822,84.296875,531.748840,0.149514,2.896291,66.729492
52.660000,27.896683,101.700638,589.968872,0.907828,3.574910,19.530851
45.139999,21.459110,99.699303,646.537109,0.854417,3.456745,29.740406
59.259998,30.987167,118.399094,700.771362,0.112948,-0.300197,26.647930
55.270000,18.830070,97.871689,775.734680,1.198909,0.859567,5.932729
51.240002,20.437567,112.899765,721.894592,0.656664,-1.932613,59.733040
65.660004,24.052547,134.515121,781.377380,1.816900,-2.585621,32.032349
78.669998,41.895611,155.700180,745.789856,1.512163,-3.064347,77.750542
79.410004,42.513039,166.497681,789.801758,0.399983,-4.162235,97.676178
76.559998,41.024582,167.039871,883.135132,0.353826,1.693030,21.230618
93.809998,48.181789,194.530533,796.276001,1.535885,1.372286,6.119154
74.269997,53.229168,223.591949,946.962158,3.737487,-8.801435,21.274483
108.629997,61.240738,248.331955,1024.398926,3.375336,-15.124529,70.896667
166.559998,91.070099,289.435699,1136.345825,4.074112,-17.202589,83.288490
156.000000,102.371445,299.949249,1200.098877,4.208419,-24.975380,166.269913
167.229996,104.979744,312.567444,1221.770142,0.925298,-8.124954,100.648026
140.339996,85.188324,322.294922,1388.069458,0.213505,3.533231,85.437881
146.740005,51.587639,249.210297,1386.232666,2.255622,0.658915,0.712805
142.179993,53.937584,295.142334,1620.458008,4.201643,-17.904974,78.353706
155.729996,54.743290,283.911591,1490.684326,4.424015,-21.539557,107.874763
135.580002,63.241241,317.201721,1591.682861,3.957382,-21.669752,118.709412
114.129997,63.108948,321.524048,1643.052856,1.983480,-12.287225,77.388657
141.089996,67.581879,333.582336,1649.320801,0.067961,-1.953347,79.406456
97.639999,46.871258,283.709045,1839.389893,1.306320,3.387873,9.222597
87.750000,50.726910,296.171722,1767.004395,1.896325,1.421667,1.557204
120.459999,37.489086,272.972809,2053.866699,4.487819,-16.122690,58.449993
111.930000,43.126686,287.809845,1939.588501,3.508463,-17.635956,90.252052
144.270004,43.623474,292.286377,2040.903687,3.953430,-20.992819,112.261269
118.970001,50.913605,325.988434,2122.003662,1.939011,-13.047086,90.197220
110.760002,33.200184,261.781494,2176.379639,0.527112,-5.303962,62.562325
105.860001,27.430357,248.230255,2249.336670,0.229718,2.296430,33.315399
101.720001,22.189968,220.236008,2268.256836,0.498401,0.949003,2.544165
70.879997,20.331387,213.329224,2409.547852,1.873425,-2.054271,2.544165
72.160004,16.496492,178.947388,2345.358398,0.966307,-2.255690,5.592776
70.470001,20.875259,212.878021,2384.928223,0.122201,0.017063,0.175460
55.310001,14.031502,174.802048,2372.058105,0.041454,0.011392,0.010966
65.099998,10.470115,159.217194,2424.520264,0.068489,0.000000,0.000000
50.549999,6.650454,117.154228,2409.929443,0.065316,-0.009852,0.098696
31.030001,4.312714,95.958801,2364.857178,0.061104,0.017176,0.296088
15.510000,1.372752,47.501263,2252.128906,0.061166,-0.000814,0.043865
7.520000,0.210664,-15.503031,2104.031738,0.063566,0.000000,0.000000
-3.530000,2.402683,-64.777725,2084.482422,0.070059,0.015260,0.043865
-11.830000,8.415594,-125.280518,1892.743408,0.071508,-0.034210,0.175460
-34.750000,15.828230,-167.593048,1793.373169,0.078972,0.008532,0.010966
-30.290001,23.897429,-200.114929,1681.854248,0.069028,0.000000,0.000000
-38.439999,30.140013,-217.639114,1592.193970,0.080565,-0.021287,0.043865
-47.290001,37.240452,-230.565659,1453.420654,0.069723,0.004286,0.274156
-37.770000,34.907906,-219.871613,1389.033081,0.105278,-0.088241,0.274156
-54.740002,54.138908,-260.746765,1260.815552,0.101076,-0.158228,1.096623
-33.980000,64.708786,-267.095398,1105.611328,0.107729,0.070132,0.197392
-65.660004,92.224884,-303.348083,1005.326660,0.084940,0.008979,0.043865
-64.019997,119.243706,-299.375061,752.260620,0.129754,0.000000,0.000000
-29.760000,125.369995,-243.828735,476.937225,0.189972,0.119727,0.219325
-38.070000,147.400208,-249.579147,429.646698,0.075886,0.051954,0.087730
56.790001,130.268661,-204.413116,328.835419,4.341627,8.377937,23.303234
-2.760000,117.503784,-179.322067,279.767090,4.985669,26.156353,342.870056
-4.140000,95.077179,-139.042526,208.588669,4.250187,-2.670175,169.647537
21.170000,67.020576,-91.685928,129.907440,2.019410,11.911090,70.414146
27.650000,53.231823,-76.784637,113.101074,3.436069,29.726194,313.184479
9.060000,40.291447,-58.574661,85.822273,1.291573,-14.180353,543.716492
26.870001,29.339808,-44.918968,73.996689,3.320999,-2.437137,160.918427
6.760000,21.684006,-32.291931,51.930836,0.925247,2.198935,150.566315
16.870001,17.420616,-23.931210,34.286621,1.223988,4.798088,78.189194
11.510000,11.694890,-15.419345,20.591408,1.216534,6.877786,46.705162
12.590000,3.873226,-4.805076,6.859594,0.908109,3.899932,47.439899
20.260000,0.986573,-0.816231,1.244642,1.422628,2.359595,5.680506
8.130000,0.457366,-0.134095,0.254806,1.130781,2.640244,8.433028
10.740000,1.181264,-0.980018,0.890506,0.648403,2.066582,9.485786
8.590000,2.110058,-1.382389,0.963956,0.699352,0.779721,3.487260
6.760000,2.075285,-1.264460,0.902545,0.473294,1.252288,6.612635
7.220000,1.666407,-1.007382,0.649980,0.186073,0.185281,6.415243
8.290000,3.990572,-1.254455,0.447617,0.436559,-0.110661,2.324840
5.530000,3.526653,-1.466409,1.291724,0.224257,-0.111852,3.969774
7.370000,1.269743,-1.505960,2.130860,0.308795,-0.174564,1.908124
5.520000,2.034669,-1.195005,1.223295,0.103098,0.185533,1.272082
6.760000,1.672070,-0.686610,0.457852,0.184865,0.000000,0.000000
6.760000,1.133415,-0.011650,0.084903,0.185876,0.000000,0.000000
4.910000,0.742631,-0.025490,0.180382,0.190040,0.000000,0.000000
6.440000,0.620750,0.245292,0.116096,0.176431,0.000000,0.000000
5.070000,0.495164,-0.001662,0.197782,0.043182,0.101252,1.096623
5.220000,0.516281,-0.093539,0.080078,0.100169,0.000000,0.000000
4.910000,0.626810,-0.071739,0.182527,0.043568,0.062252,0.394784
4.910000,0.785789,-0.087650,0.072621,0.093462,0.025442,0.010966
7.370000,7.450549,1.429551,0.386742,0.041099,0.016476,0.043865
5.220000,1.502296,0.202946,0.351065,0.071983,0.020306,0.010966
5.520000,0.335059,0.076341,0.063702,0.045675,-0.010631,0.010966
5.830000,0.274058,0.049957,0.038260,0.056562,0.015151,0.010966
4.600000,0.324376,-0.099862,0.135445,0.058888,0.000000,0.000000
5.830000,0.692667,-0.177337,0.089192,0.056898,0.000000,0.000000
5.370000,0.717017,-0.087676,0.018228,0.052770,0.000000,0.000000
4.290000,1.036388,-0.308978,0.096795,0.055221,0.000000,0.000000
5.220000,0.874646,-0.132434,0.082856,0.051517,0.000000,0.000000
5.370000,0.890175,-0.105282,0.028512,0.051514,0.000000,0.000000
5.220000,0.699158,-0.096266,0.034702,0.052240,0.000000,0.000000
5.070000,0.718549,0.025260,0.000975,0.053714,0.000000,0.000000
4.450000,0.813836,-0.032273,0.002388,0.054133,0.000000,0.000000
4.910000,0.524725,0.057030,0.009553,0.054144,0.000000,0.000000
5.220000,0.739978,0.032657,0.003119,0.055458,0.000000,0.000000
5.980000,0.778475,-0.041571,0.003948,0.055330,0.000000,0.000000
5.990000,1.000358,0.019396,0.000390,0.055076,0.000000,0.000000
5.530000,1.389992,0.042849,0.003509,0.056183,0.000000,0.000000
5.830000,0.848059,0.046667,0.008237,0.058177,0.000000,0.000000
5.370000,0.941214,-0.029299,0.004386,0.056187,0.000000,0.000000
5.060000,0.796577,0.002659,0.000439,0.054669,0.000000,0.000000
5.980000,0.809020,-0.045917,0.004386,0.056373,0.000000,0.000000
4.760000,0.805025,-0.016473,0.001657,0.056566,0.000000,0.000000
5.370000,0.876215,0.028481,0.002193,0.059088,0.000000,0.000000
6.140000,0.935893,-0.050008,0.004386,0.059055,0.000000,0.000000
4.600000,0.693908,-0.012195,0.000439,0.059404,0.000000,0.000000
5.060000,0.792606,0.029171,0.002193,0.059943,0.000000,0.000000
5.220000,0.729360,0.031038,0.002193,0.058178,0.000000,0.000000
4.910000,0.901933,0.000000,0.000000,0.060506,0.000000,0.000000
5.830000,0.684944,-0.016141,0.001657,0.061308,0.000000,0.000000
4.910000,0.607261,-0.017598,0.001218,0.061682,0.000000,0.000000
5.680000,0.847474,0.002633,0.000439,0.060275,0.000000,0.000000
5.370000,0.673220,-0.018911,0.001657,0.061978,0.000000,0.000000
5.520000,0.702301,-0.013831,0.000439,0.062624,0.000000,0.000000
4.910000,0.781198,-0.023052,0.001218,0.061642,0.000000,0.000000
29.299999,0.342771,0.061376,0.056050,0.894503,0.000000,0.000000
59.880001,0.655943,-0.136976,0.331862,5.590468,27.566849,163.638031
7.980000,0.596675,0.044596,0.447130,1.010397,-14.214914,500.926270
52.349998,0.417021,-0.106058,0.563323,1.260271,6.657750,74.197495
9.070000,0.507954,0.009008,0.074570,0.845390,9.986502,122.712082
10.140000,0.392367,-0.065390,0.062434,1.722979,-4.272048,56.421238
24.430000,0.593641,0.090957,0.086121,2.773159,-0.296687,16.043591
6.600000,0.695108,-0.586594,0.580284,0.549139,-1.819186,47.768883
13.050000,0.523743,0.381654,0.383087,1.267682,0.180893,0.054831
7.980000,0.648053,-0.172939,0.088705,0.308819,1.678676,17.282774
12.430000,0.719811,-0.041622,0.011892,0.462711,-0.376956,3.399530
5.980000,0.451471,0.034370,0.027050,0.289416,0.887214,7.588629
9.830000,0.449960,0.028668,0.043572,0.450189,-0.610116,5.307654
8.590000,0.740017,-0.066933,0.009991,0.384162,-0.131554,5.307654
9.360000,0.553143,0.071824,0.024223,0.449693,-0.707737,6.853892
8.900000,0.721094,-0.116293,0.027440,0.370387,-0.199293,7.994380
12.280000,0.594427,0.075105,0.028561,0.457548,-0.705734,5.801134
7.520000,0.642107,-0.082886,0.028756,0.370111,0.003020,7.994380
9.510000,0.573722,0.098098,0.020227,0.405967,-0.537952,6.853892
11.200000,0.642140,-0.149486,0.060095,0.378026,0.075089,8.597523
9.370000,0.467798,0.094817,0.030900,0.395848,-0.368808,5.307654
8.600000,0.707284,-0.142856,0.036164,0.376260,0.125976,5.307654
5.990000,0.596192,0.087147,0.022127,0.379862,0.000000,0.000000
7.980000,0.627549,-0.009911,0.006336,0.437221,0.162927,0.394784
7.220000,0.575964,0.037114,0.009163,0.375981,-0.009729,0.394784
7.830000,0.845249,-0.005667,0.002388,0.417777,0.217313,1.096623
7.520000,0.649682,0.011624,0.009894,0.384764,-0.048230,1.096623
6.750000,0.452884,-0.010397,0.003314,0.400047,0.000000,0.000000
8.130000,0.657007,0.028839,0.007993,0.389258,-0.004256,0.043865
6.290000,0.548568,-0.004218,0.010966,0.407563,0.119513,0.701839
7.990000,0.603949,-0.005429,0.018033,0.393476,-0.049415,0.394784
7.980000,0.671551,-0.010414,0.008237,0.403222,0.089194,0.701839
7.670000,0.550108,0.002531,0.000634,0.391223,0.000469,1.096623
7.360000,0.674911,-0.018476,0.000975,0.396616,0.059126,1.326914
9.360000,0.547877,0.015110,0.004386,0.427303,-0.241890,1.579137
7.210000,0.576063,-0.013525,0.003022,0.401935,0.000000,0.000000
9.050000,0.671551,0.000179,0.000439,0.416381,-0.096817,0.701839
6.760000,0.577320,-0.005181,0.017595,0.405662,0.027739,0.701839
6.750000,0.248639,0.004321,0.001072,0.452143,-0.169191,0.537345
180.779999,439.296234,339.195404,270.942719,1.333449,0.856365,2.248077
28.280001,27.768623,4.527390,16.291523,2.999228,10.792284,200.747742
26.309999,31.572859,10.988314,22.094559,3.181342,15.106432,240.599014
112.370003,102.943069,45.604519,46.066490,7.714083,11.648928,136.880447
57.880001,125.525101,52.822655,53.468250,2.223860,0.344694,574.038086
90.099998,159.416428,81.677330,67.992805,5.088222,0.052353,172.904480
138.699997,219.607513,151.925461,176.516037,3.011827,2.085618,194.442169
127.459999,244.739746,136.719940,112.683548,3.022280,4.856409,171.051208
176.539993,266.855835,182.280380,185.094116,5.567450,-11.057161,259.164825
78.500000,227.311401,181.591721,244.762085,0.555745,0.629936,69.690376
120.129997,211.517593,181.921249,232.129288,1.358809,2.796715,13.652953
103.559998,172.560150,197.737915,260.560730,0.778098,-0.556427,2.566097
86.529999,139.705154,192.198578,269.027832,0.632153,-0.498462,0.712805
166.990005,238.988281,253.530518,323.572876,0.928051,0.113816,0.888264
226.990005,277.070892,365.124237,554.784363,9.815125,9.756102,11.986087
110.029999,216.604736,286.143005,455.451599,1.032725,7.856420,351.193420
120.169998,178.725113,268.596802,643.979004,1.819440,9.627083,72.486763
195.330002,184.006989,206.522842,444.646149,9.039190,26.931517,82.246704
95.820000,148.990570,239.284805,600.542664,1.697957,6.387674,445.163025
101.500000,123.515274,195.025482,653.587952,2.824267,1.513212,65.830261
130.410004,110.142166,184.801437,675.512451,4.885292,11.480869,46.672268
74.260002,102.456459,159.545914,690.084106,0.361765,-1.509727,204.037628
92.860001,81.869667,144.144348,688.012451,2.485223,0.241036,34.883568
40.250000,74.096931,61.059589,844.926208,1.355578,10.133196,86.084885
0.910000,106.875290,-158.117310,574.640320,0.705960,-0.279885,50.324020
102.339996,279.689453,-119.242439,233.923859,6.927999,14.186194,58.022301
89.160004,81.192917,-2.725561,257.212341,3.996704,6.603976,324.885406
95.190002,109.497513,61.495026,119.514099,3.372278,2.696969,6.952588
114.779999,171.978409,102.520981,275.273285,8.668997,4.141553,147.440918
63.669998,106.504143,119.719627,612.175232,1.468706,6.719852,230.521057
52.090000,107.812073,91.276291,373.969910,0.609544,9.370316,302.810425
79.820000,127.662392,94.528870,314.766510,0.372741,4.548654,250.040924
59.369999,65.005814,126.915077,391.602905,0.793323,0.541779,245.917633
54.200001,34.298832,111.676491,385.177185,0.595887,4.560536,86.874451
59.549999,30.296780,90.858780,296.546722,0.868620,5.521486,38.623055
29.870001,21.575771,52.233784,274.456970,0.196020,1.696732,45.893661
37.020000,21.275326,56.877281,285.565094,0.859287,1.070089,12.951115
28.510000,17.318981,38.111496,269.679535,0.606153,5.634825,96.371201
19.930000,11.289682,26.065853,167.357193,0.671310,2.357406,12.951115
19.190001,6.203595,28.189642,155.983856,0.486804,2.424113,34.444923
10.740000,1.483090,6.988935,210.476334,0.178618,-0.562397,25.715805
17.959999,4.948155,-16.179569,194.420074,1.906101,5.183026,18.532923
6.900000,12.753827,-39.234764,158.798859,0.532827,5.929545,117.141235
32.389999,21.961330,-48.586945,119.493362,4.173535,12.459236,49.205460
12.890000,22.468641,-49.935177,118.104858,1.059066,11.107507,266.720581
21.170000,14.052567,-40.555084,123.320915,1.327844,8.447152,184.210663
108.220001,544.124939,-83.008698,14.381694,1.975018,16.972755,172.498749
114.370003,462.736084,154.037262,174.739105,1.647555,4.654948,206.307632
119.480003,374.674805,101.221169,260.951172,3.922029,4.247856,93.487091
49.900002,60.389008,-87.693779,127.533844,4.700363,6.596580,26.088654
28.840000,17.149427,-10.533002,17.098055,2.329974,17.083403,164.559189
9.210000,4.021439,-2.022460,8.485958,1.816232,0.552796,418.767334
11.510000,2.701621,-2.459679,3.486675,0.676688,0.347095,300.606171
15.670000,1.285821,-0.917124,2.042886,1.836299,7.744355,83.891640
10.280000,0.762190,-0.002241,0.054295,0.940763,-0.147502,83.025307
42.709999,0.432035,0.186447,0.718264,1.703507,5.370086,45.049259
26.389999,0.504212,-0.268643,1.686849,3.110214,24.877924,240.182281
14.240000,0.254622,0.020445,0.309491,1.826544,-18.509192,338.132660
38.840000,0.693217,-0.026896,0.105568,3.302361,5.829765,11.788694
7.680000,1.018725,-0.628063,0.707590,1.458007,5.980920,62.244305
14.440000,0.819589,-0.058146,0.152309,1.660936,0.430846,8.882645
7.520000,0.738050,0.032248,0.035920,0.907172,1.686821,16.197117
9.050000,0.657442,-0.066294,0.070671,0.590236,-0.761834,6.459108
7.210000,0.639385,-0.497606,1.650734,0.409657,0.970523,5.823066
138.029999,378.611267,-157.701141,70.312965,0.614433,-0.145956,0.318021
280.299988,464.411682,457.936371,473.759644,2.549746,18.572140,167.476227
187.869995,429.686249,298.777893,382.817566,2.147951,9.073448,147.813766
81.220001,113.048515,106.700241,294.694733,1.642984,6.894850,227.823395
78.250000,79.958611,74.915977,83.958168,3.999520,-10.210526,225.048904
147.119995,104.335663,105.769150,112.455925,6.304015,23.231762,97.763916
87.610001,180.428802,176.799591,191.630127,1.498964,-4.281907,758.983582
133.130005,184.364563,185.600861,197.146301,2.394837,-9.877365,192.632736
150.600006,173.124023,198.706039,253.138031,4.840489,19.467388,118.029510
137.320007,174.785110,189.459900,245.081879,3.743274,-1.760447,408.656433
137.619995,170.239090,221.533875,321.413818,2.955548,19.145931,338.724792
103.410004,164.668945,234.002502,376.793274,2.032149,8.932549,229.435410
126.639999,139.835739,226.745819,428.142883,2.838211,11.765451,93.914772
139.619995,150.840134,205.445007,439.467163,5.556062,12.666005,45.016361
88.239998,138.607285,213.103180,464.786926,1.453009,6.976801,99.134689
154.660004,117.120193,199.984177,385.688416,4.277101,0.497417,1.765563
75.800003,90.943840,191.174347,444.868134,1.297470,8.023335,78.671707
67.410004,48.951893,150.797485,474.006226,0.576808,1.361344,5.801134
45.439999,20.168606,89.644325,453.333191,2.934457,5.827641,12.611162
31.959999,10.794277,67.697853,454.779724,0.517769,2.579282,27.031752
37.919998,8.462936,55.615128,419.245056,1.288261,0.112246,10.143761
32.419998,4.722592,40.972237,418.469788,2.104364,3.796729,7.950515
44.150002,3.714508,39.353512,434.650299,1.387916,1.291683,19.925632
34.520000,2.677911,31.152321,411.878326,2.523307,3.232178,17.688524
26.389999,4.325871,43.021175,445.667603,1.263469,0.830148,24.136667
34.080002,4.540388,45.941185,477.327271,1.451793,3.661819,16.109386
38.529999,9.988850,68.626892,528.362671,0.397945,0.185722,14.135468
41.580002,19.309063,102.477104,565.314880,1.457401,1.893732,3.213105
47.410000,39.855629,144.842987,595.965515,0.334455,1.392212,16.723495
86.559998,67.180092,203.166718,696.733337,0.749413,0.901851,11.668066
123.849998,114.415855,276.566772,769.062622,1.339946,1.733624,9.606416
148.240005,149.379700,350.946594,860.967102,1.636745,1.167488,3.717551
142.789993,172.371964,399.968353,964.441650,2.075716,3.805562,7.928582
182.979996,187.788269,444.284454,1198.983643,1.204568,0.163612,29.762339
157.110001,212.454041,479.867035,1333.424438,2.474409,1.102287,1.469475
210.809998,235.961487,562.978455,1466.007446,0.681137,2.422178,9.705112
201.149994,206.819519,558.330627,1611.317139,1.897587,1.714743,8.696218
243.820007,211.064545,559.118042,1577.765015,0.990845,1.479391,18.116205
221.690002,202.218597,616.719971,1924.840576,0.906878,0.952761,4.057504
192.419998,182.670685,589.156311,1924.345947,0.525483,0.696901,9.409023
196.880005,145.951141,568.376099,2400.903809,0.342408,0.452765,6.119154
188.729996,154.499527,558.785034,2172.669434,0.321239,-0.664895,9.365158
217.550003,142.472717,576.197632,2432.750000,0.555974,0.535060,0.811501
-157.759995,156.049072,-601.918152,2382.894043,0.376356,0.410203,1.732664
46.360001,994.309387,-395.024872,177.709991,0.199738,-1.267626,9.792841
242.059998,349.065735,764.021484,1953.729492,0.784373,3.892723,64.876198
268.540009,124.587326,584.887756,3511.029785,5.045491,6.337704,12.731791
184.500000,165.708069,499.925415,2175.578125,3.766238,-8.593056,253.604950
228.729996,179.009476,471.442200,2517.716553,2.237574,3.564746,165.052689
180.509995,180.721893,392.483521,2907.301514,1.716793,5.950008,125.990982
134.809998,174.060120,350.382507,3277.794922,1.946184,7.570891,126.736687
222.889999,156.688660,293.000549,2836.037354,5.812822,20.434376,136.748856
161.919998,128.202332,315.485382,2846.781250,2.771200,-7.432256,431.850006
156.229996,92.688118,342.669434,2937.767090,9.257399,14.236671,32.920612
210.350006,93.020386,297.840332,2508.305664,10.810208,15.575920,352.377747
165.270004,65.184601,240.317673,2496.781738,8.618612,0.080521,282.961578
167.020004,38.173367,211.134445,2387.974609,16.023447,19.378212,80.503075
148.850006,50.370388,242.283936,2241.166016,7.743703,6.786563,336.652191
185.020004,59.865223,186.898529,1902.755005,8.565944,9.601910,53.701614
159.259995,59.158417,266.424500,2262.361572,5.280340,6.902074,225.213394
113.250000,60.169899,212.677521,2051.766357,5.631649,2.819213,65.534172
87.739998,82.837143,183.585602,2127.405762,4.744730,-3.509884,80.031525
118.269997,81.851440,200.275299,2244.487793,3.231187,-1.153071,1.206285
128.589996,50.391499,210.213516,2315.011230,2.293817,-7.452771,50.027927
100.440002,76.151985,227.207947,1548.065308,1.226414,0.778694,1.272082
101.879997,43.563374,249.191559,2121.013428,1.529438,0.354358,1.294015
66.790001,23.630665,124.895889,2312.713379,2.409933,2.350691,9.189699
82.610001,35.134071,66.845604,2424.621826,3.184561,4.538230,17.304708
37.430000,77.067360,-32.911560,2365.369141,2.171428,5.851516,58.746078
10.280000,85.943542,-26.290977,2041.848999,1.381862,5.093379,87.093765
116.129997,122.917282,114.732193,1256.685425,1.650709,6.429556,53.273933
121.730003,209.727112,205.108307,1047.404175,2.059396,12.872287,110.298309
100.570000,134.682999,226.390060,969.351013,3.360591,3.806917,43.459156
96.949997,76.005653,209.211136,1110.594849,2.534894,14.056383,211.746887
41.880001,44.314369,144.673508,1230.785034,0.923185,-12.377743,298.500702
85.790001,20.296991,37.161789,1288.168335,3.916546,8.751303,24.575319
57.189999,825.634338,-487.787445,453.003937,1.304444,1.081383,97.994209
186.009995,616.506165,113.460526,459.127411,4.754695,6.270035,33.128975
56.029999,97.518326,2.924249,964.980469,2.611731,4.070648,462.719910
18.430000,87.855949,-166.991547,1057.829102,6.668215,3.673364,323.361176
23.270000,264.413971,-243.070435,833.522278,3.167500,15.694630,273.914429
129.089996,340.830902,53.462593,815.635010,6.317673,11.028990,111.691017
61.520000,182.785004,54.565563,1081.616699,0.701824,-13.442945,326.069794
45.189999,94.037506,-271.790100,1109.985107,5.695745,-0.306462,1.272082
154.970001,396.396912,210.921539,390.288239,0.299796,-0.715961,240.149414
127.980003,207.578217,207.887405,622.987488,5.128287,1.605264,16.635767
124.489998,240.008789,135.816528,308.242340,4.556506,14.636212,295.704315
76.820000,44.472687,49.628929,149.524567,8.030077,29.694965,243.318649
64.839996,59.991554,22.708729,61.464485,3.398615,39.472137,500.553436
32.060001,64.911194,51.147686,66.076881,0.595479,-4.176351,501.134613
140.839996,290.795380,304.593597,366.369934,1.421116,-4.184082,225.136642
155.190002,198.019547,296.633240,462.841309,4.305338,6.616495,10.944294
141.610001,265.208862,178.507874,198.667847,3.741914,9.048696,118.358490
193.339996,318.247253,222.230255,186.293579,6.866626,-2.143605,108.225693
153.929993,336.396210,193.172394,127.124931,3.902957,7.865393,60.160725
179.580002,299.061859,242.825531,362.120270,4.640055,7.534005,40.794365
149.679993,314.477325,170.940735,457.946381,4.278247,7.886178,51.025852
173.089996,305.349731,192.722656,309.061829,6.678808,6.615528,39.489384
158.029999,253.842667,233.527313,430.817322,4.005975,7.519287,68.045441
100.809998,206.648499,150.827179,193.004303,4.255734,6.851500,12.951115
139.160004,254.651367,160.942032,160.197021,3.334857,1.982162,253.407562
153.160004,222.761597,204.205185,247.588013,3.820857,10.177067,46.836758
90.500000,156.398560,199.847214,366.132935,2.299422,13.647334,120.738174
105.400002,139.635391,189.973816,346.340332,4.589899,16.523224,162.585266
160.199997,146.083664,149.905441,284.356476,5.859261,13.945869,90.065628
122.500000,150.948593,172.345703,336.012817,4.560395,5.480060,257.739227
126.849998,124.697334,204.176239,470.279572,5.410542,11.614954,52.966877
83.220001,123.204819,196.834198,422.849609,3.291495,14.838371,72.760918
100.349998,126.488304,223.899551,487.742371,3.964890,5.480297,27.415569
118.000000,117.043884,229.120163,503.474548,3.942358,8.819729,24.345022
84.839996,89.175247,217.024170,589.126404,3.038729,3.175021,10.330186
99.959999,85.275719,207.451050,573.685181,2.780011,4.822414,16.339678
112.919998,75.399803,209.840332,643.855469,3.093273,3.835956,18.280701
79.529999,85.828606,248.407227,753.539429,1.477199,1.711467,24.981068
93.059998,64.139473,215.486816,755.673950,0.897105,0.384590,1.414643
73.699997,41.473969,167.525177,756.628296,1.104053,0.292085,7.413170
66.739998,34.918144,145.887817,800.815979,1.734076,1.635375,6.853892
73.239998,42.686108,143.645050,848.376709,2.160251,2.084531,14.497352
92.989998,38.340725,118.366356,798.764160,2.447934,3.788709,16.284847
62.439999,42.678383,128.734634,851.570801,1.572895,2.688565,31.319546
50.009998,43.460510,141.226151,884.221191,1.144184,2.286413,22.491732
62.290001,32.452629,113.572639,879.051025,0.758984,1.245942,24.674009
56.459999,20.816317,116.328758,978.341187,0.586622,0.313740,7.950515
37.770000,16.900053,117.589729,912.642944,0.568331,1.215361,4.836106
42.650002,13.366629,95.216599,912.028931,0.158107,-0.195985,3.169239
46.330002,6.662078,75.723999,883.533386,0.464197,0.296157,1.162420
20.860001,2.248797,42.494999,868.590515,0.099602,-0.036624,4.748376
21.020000,2.413359,34.157944,843.886536,0.339569,0.089326,0.668940
20.590000,1.398714,19.153250,843.721375,0.110693,0.223571,6.338479
13.340000,1.220181,1.352340,842.568298,0.140208,0.034923,2.544165
7.670000,0.695327,-6.587450,859.043701,0.131243,0.320496,4.068470
4.290000,1.325300,-10.395507,815.711792,0.120820,0.083419,5.132195
117.620003,136.586456,160.847443,989.195984,1.159232,-0.638380,1.546238
79.129997,113.957397,235.347351,1171.372314,1.070117,8.437351,131.002533
125.559998,96.642342,200.863144,797.538757,2.798922,5.276245,207.985458
42.099998,42.857944,106.679169,963.799805,0.883521,-0.232584,596.332458
43.599998,4.826900,15.961139,840.765625,1.145100,-0.275202,135.038116
17.219999,31.202965,-18.753500,795.302856,1.191798,18.383738,305.321655
18.110001,31.424271,17.291773,822.776550,0.475876,5.735788,148.888474
63.470001,22.417007,16.648375,899.540405,2.766155,15.410166,93.761238
52.849998,16.831745,51.806557,945.895386,2.131165,-21.411976,295.221802
29.500000,15.034581,15.602987,918.662354,2.132705,5.475361,21.077089
15.940000,14.234893,-35.922771,833.967651,1.624584,0.224188,9.409023
18.730000,15.885563,-53.876266,797.770386,2.616626,4.425113,100.560303
17.330000,25.232805,-64.280640,731.283325,2.183177,10.876103,289.267151
29.590000,5.037564,-21.321499,623.595337,1.721549,6.177999,150.325027
41.450001,4.061911,-1.929050,533.158813,2.349607,1.292179,76.610054
24.120001,3.365843,18.940538,524.313293,1.550691,8.112487,87.773674
24.410000,3.973181,25.999552,480.737793,0.994394,-1.299165,9.496754
14.120000,4.485455,25.415173,453.185791,0.386331,1.688475,19.136066
18.420000,4.581841,8.777658,426.314392,0.375840,1.546119,9.452888
13.500000,5.560268,3.340122,434.052124,0.488998,3.309443,25.156525
14.570000,15.422640,2.808132,405.743652,0.582590,3.418075,48.437828
11.360000,6.612387,0.876873,350.328979,0.480128,3.089578,76.785522
7.200000,1.300232,-8.745804,363.945587,0.265584,-0.263500,21.504774
4.600000,1.463305,-20.344992,373.865753,0.333620,0.648438,1.601069
21.900000,30.678532,-20.718792,303.869324,0.484244,0.989079,12.139613
162.429993,174.174057,202.389099,470.538452,3.775128,9.657499,54.370552
133.119995,103.199120,245.592560,629.679871,3.325145,10.247393,181.578796
120.660004,81.517159,179.540924,579.866882,5.655211,5.713997,239.524338
-3.230000,16.463081,-56.499126,350.690826,2.245556,5.617880,423.098938
27.879999,125.133102,-54.686798,85.472000,1.802514,-6.223053,207.338455
39.270000,143.889374,-79.084595,136.005325,3.338273,9.219101,146.300446
72.800003,115.500343,-62.280479,44.812534,2.173148,5.187784,118.709412
98.300003,200.455093,259.463318,384.962402,1.476423,13.773477,129.379547
-7.800000,7.288608,-43.330280,362.121063,0.211762,-1.110927,91.633789
156.720001,557.826233,153.912689,81.921715,3.100351,4.732027,35.651203
100.570000,402.066711,117.566643,158.220383,4.530949,2.703117,4.485187
146.710007,478.333527,60.567318,57.008152,3.966415,-0.290270,10.045065
106.769997,471.165222,113.473145,30.945671,3.487781,1.063965,6.173985
190.610001,421.870483,232.551224,147.308990,3.163970,4.758362,23.281300
42.740002,116.517578,78.249382,288.544250,1.666545,0.445606,104.683601
134.160004,304.128113,125.339798,112.865387,2.060777,11.108766,65.194214
95.470001,281.274689,170.203766,135.193451,1.758204,1.790125,401.045898
143.240005,191.374481,178.366928,271.997406,2.792180,23.764633,255.699509
66.889999,187.749680,119.270378,171.276978,2.367290,18.959120,375.790649
172.610001,240.910065,119.963844,90.562317,9.590749,-11.848763,159.251541
136.250000,290.461121,152.618530,83.434021,1.333333,-1.014076,189.419647
178.389999,330.629852,165.291885,96.822868,4.306326,0.053091,3.651753
164.149994,320.085327,243.410873,218.098221,3.529317,5.903858,45.235687
147.800003,294.849670,241.000641,243.174698,5.227570,2.024024,3.059577
129.990005,255.611069,276.307892,351.682068,4.644880,8.104378,38.820446
163.770004,260.473785,249.161438,347.900665,2.476141,3.663512,38.052807
166.839996,247.335648,250.749115,397.668488,4.252906,3.988832,21.099022
114.070000,185.878326,234.021820,482.486786,3.577242,-0.549989,38.710781
158.990005,180.486115,253.003357,555.871826,4.001657,-0.575869,42.559925
122.250000,163.455154,219.911316,369.321625,2.383818,3.824834,22.151777
132.000000,139.226318,221.643890,414.535217,4.247962,1.837926,3.520159
100.110001,82.859650,186.457733,456.432800,2.375751,6.492054,18.182005
78.800003,46.240898,132.958618,429.967194,3.061026,0.798652,2.467401
41.759998,17.053204,71.854347,399.978271,4.355216,6.464473,10.615309
44.799999,6.826812,31.245800,328.244446,2.472733,5.131168,11.207485
13.500000,4.319134,-20.257698,313.095551,2.242285,5.278028,18.302633
12.280000,11.678078,-40.022694,214.441849,1.482040,7.360713,45.400181
15.620000,25.416836,-64.081924,186.751633,2.267263,8.141562,78.880074
28.250000,38.197922,-78.249985,163.071548,5.337776,26.539112,158.988358
-1.380000,38.466450,-65.625000,112.107292,1.130934,0.735198,336.509705
80.830002,117.483414,-44.650810,60.623108,3.362629,7.551123,39.599045
104.870003,270.998169,5.643439,29.475174,4.165529,-14.717525,58.614487
20.510000,93.669083,-70.025940,121.255539,2.891844,13.656780,228.996735
66.330002,87.119385,-43.529766,48.094364,9.477146,1.385697,198.916382
52.619999,106.431297,-13.609087,26.121552,4.513927,-20.579142,200.352951
44.029999,119.969566,5.213540,17.837664,1.468924,-0.671774,45.630474
46.330002,132.852844,34.300945,25.905739,1.114396,3.899089,134.456909
71.900002,136.550552,61.431175,45.574860,2.295422,7.282533,40.377647
56.959999,142.001404,74.516129,42.079605,2.182260,5.047713,61.882420
67.000000,149.058807,94.583069,60.236992,1.814686,-5.922591,34.982262
95.900002,146.364044,119.733307,100.007942,2.160877,-1.797114,34.675213
70.580002,126.682411,129.673645,135.902664,0.892337,-3.167540,35.914394
63.930000,116.637192,144.320923,183.987854,0.415468,-2.381503,37.383869
54.459999,95.817795,124.290405,187.046692,0.400110,3.934799,70.194824
69.040001,94.814384,135.472336,249.000504,2.222183,3.607368,10.757870
92.290001,75.427658,125.820755,251.904022,3.011437,6.002707,101.569199
54.000000,53.623085,114.494415,302.269592,2.162066,-10.678540,94.978485
63.730000,36.724632,100.005463,290.049622,2.082972,-7.477424,40.399582
59.790001,30.473211,101.113075,337.924255,0.351517,-3.183434,52.023781
38.049999,26.241253,90.754684,323.722565,0.309884,-1.677001,11.503573
33.730000,20.056789,82.867752,352.968567,0.061207,0.125388,17.184076
43.259998,19.901932,78.407227,363.372803,0.049675,-0.017270,4.200065
28.090000,12.700897,67.633827,385.959808,0.351944,1.255403,5.450215
32.220001,9.263707,58.346809,386.769135,0.405050,-0.065237,0.438649
24.719999,8.398016,57.202168,399.067078,0.649745,-1.873025,5.801134
24.830000,5.402393,47.445877,426.972748,0.656394,-2.310097,9.222597
26.830000,4.161284,40.144035,406.078644,0.824045,-4.243240,24.224394
24.540001,2.184664,28.891460,419.441193,0.781113,-3.257028,15.034698
15.350000,0.378852,10.068325,439.006500,0.980167,-5.150974,29.663645
14.420000,0.100431,5.017642,377.137878,0.615794,-3.124642,18.434227
8.740000,0.082050,-2.886040,330.541260,0.303902,-2.484079,29.652679
9.350000,0.213870,-6.504598,312.984070,0.103361,-0.465766,16.701561
120.830002,337.508484,50.398987,415.529663,1.320661,2.454569,13.477493
171.789993,273.118652,237.592560,586.883179,3.983699,9.250166,66.159248
139.360001,242.763123,165.368164,256.075592,2.515829,9.036282,264.483459
126.389999,252.311050,180.080505,270.048157,4.719553,15.039474,55.138191
133.899994,261.988281,192.104523,352.130859,3.668623,19.193634,190.384659
155.080002,266.260040,154.819809,274.847717,3.429489,11.005684,50.609138
106.099998,260.862915,191.073792,313.985260,3.732277,12.758398,120.606567
95.279999,203.719604,229.224106,387.623779,0.510704,2.252477,79.099396
114.150002,163.674591,210.438675,398.778198,2.425339,2.885819,18.741283
59.919998,137.023834,208.362457,530.427979,0.440376,3.833754,37.658024
28.360001,90.331902,-74.137230,314.548706,1.164430,2.446260,17.556929
74.139999,119.375847,-8.930520,112.447693,3.647156,10.139496,71.159851
61.259998,100.135941,37.052387,226.305389,6.884940,0.379920,390.244141
102.330002,95.425522,89.234390,300.397461,3.678788,18.745819,128.184235
107.389999,128.397476,109.816154,199.047928,3.990974,17.787796,247.343262
137.779999,182.304382,170.251968,316.703430,5.156848,-22.664761,296.417145
142.529999,208.707367,191.487152,389.203888,4.970771,-4.072810,82.575699
118.580002,239.046890,219.429016,454.227844,0.615348,-3.594339,131.846924
168.610001,237.825958,267.972137,489.753723,1.316295,1.743546,7.873751
166.649994,235.628052,310.146729,489.590637,0.668084,5.142776,42.614761
136.500000,222.067047,337.425934,535.119568,0.640444,1.693377,11.668066
150.529999,187.629959,371.638428,817.050903,0.488281,2.162108,31.122152
94.000000,129.950577,295.805878,1186.962402,0.451141,-0.092838,4.529052
85.610001,144.306641,247.776459,1210.324829,1.489826,0.326209,0.701839
89.620003,139.904999,237.295044,1123.521118,0.456576,-1.398071,20.989357
149.570007,137.012634,321.971313,896.673706,0.582454,0.920291,8.213704
129.860001,132.501038,341.699768,928.688965,0.393243,-0.181432,6.283648
127.459999,123.088638,345.823120,1034.953125,0.384769,0.664683,6.075290
150.289993,122.172394,345.948853,1169.305664,0.581409,1.387979,4.934802
99.040001,109.462822,347.984558,1217.537109,0.373533,1.638264,8.882644
145.960007,91.792046,337.706726,1402.986084,0.534395,2.058460,9.639314
95.040001,79.533707,334.297455,1434.488403,0.506614,1.936202,8.049211
125.720001,70.592361,322.337921,1490.436279,0.651504,2.455233,10.143761
134.300003,55.667068,295.352417,1582.845459,0.296984,2.388382,20.627474
113.610001,49.732254,276.877655,1609.896729,0.444275,1.015967,5.581810
90.889999,45.771370,263.364655,1654.800293,0.482355,2.034734,8.707185
97.050003,33.891533,237.348724,1687.265991,0.095838,0.624121,7.566697
72.930000,35.145405,240.302673,1716.337280,0.414177,0.585953,2.226144
67.510002,20.164433,188.031250,1769.862671,0.115740,0.605717,11.426809
50.509998,16.831272,160.781982,1808.582397,0.159050,0.192374,1.436576
47.320000,8.568361,123.853127,1844.373047,0.285753,1.103130,6.020459
35.590000,3.226021,77.798859,1937.868896,0.095876,0.301902,2.280975
36.360001,1.199903,36.935360,1877.989014,0.418026,1.174975,4.682579
21.320000,1.205553,29.302620,1796.210693,0.170757,-0.050092,9.003273
7.520000,1.101492,-37.509453,1672.138428,0.357809,0.682244,3.355666
-9.820000,6.357338,-84.516891,1555.862671,0.100925,-0.205970,13.587154
-12.890000,11.749131,-110.819160,1413.504150,0.424650,0.642196,3.717551
-27.650000,23.004541,-169.213379,1332.390259,0.177405,0.230046,5.965628
-31.959999,45.403305,-230.811005,1210.713623,0.126200,0.276987,2.401604
-35.459999,64.229187,-259.174103,1070.810791,0.326082,0.737799,2.620929
-49.520000,86.761658,-262.810425,831.071350,0.283860,0.981969,5.559877
-33.290001,123.791145,-315.268433,821.657593,0.177807,0.930681,23.094877
-59.529999,127.797668,-284.114929,650.220337,0.273285,0.234776,5.494081
-30.070000,131.191833,-264.532166,559.137329,0.536714,2.040826,11.898356
-23.490000,141.138321,-263.556763,520.432190,0.712674,1.734556,28.621851
-3.670000,146.656128,-241.300385,423.252991,3.209502,9.887160,35.135792
7.670000,122.670837,-191.797455,317.254120,2.217475,14.471289,253.319855
-12.590000,84.781593,-122.912918,193.284622,0.967713,-0.387857,279.649780
131.529999,507.331665,-144.358978,130.690369,1.788422,5.827592,196.098083
155.729996,437.493896,191.947739,237.480423,2.969838,10.079755,79.022636
91.029999,325.585266,115.334480,170.429703,3.880915,3.681183,46.014290
64.389999,23.306423,-21.832424,29.747330,6.098938,2.926941,5.987560
92.050003,11.924542,-18.648630,46.420135,11.743969,14.347757,26.867254
56.259998,5.822953,-5.571469,7.117958,5.821743,7.954432,331.629700
55.299999,1.342838,-0.788321,0.670305,7.578485,9.958549,71.960381
89.889999,0.466205,-0.789659,3.985517,8.227587,24.000860,105.517029
12.420000,1.264462,-1.518598,3.412982,0.437554,10.025239,416.069611
30.350000,1.020178,-0.798974,0.973899,1.709869,7.486833,144.414246
30.270000,0.971720,-0.897796,1.534053,3.036450,23.072031,284.134918
9.350000,0.996540,-0.567786,0.626830,1.161755,-13.707725,321.332397
203.779999,366.653503,44.272099,6.222871,7.980207,23.229973,88.990936
235.259995,401.990051,391.618286,430.744110,1.989482,-17.137011,481.658630
134.699997,264.978546,160.159180,200.414749,6.219646,24.136417,114.597084
30.000000,156.084610,2.918514,79.639908,1.207177,-0.525330,200.363922
306.579987,534.031921,422.066040,353.862610,6.216606,9.987962,96.908562
251.589996,437.445129,447.933533,513.782471,5.350084,-13.782240,440.085693
153.539993,309.739716,265.942566,326.481689,4.222966,-2.932522,71.609459
154.919998,242.786743,186.902802,216.445480,6.633516,25.084084,237.890366
167.229996,307.512634,196.807388,190.058746,3.891572,-7.538764,420.291626
192.440002,294.871216,266.697144,440.525482,4.958693,21.894817,141.804291
110.070000,283.234436,246.427948,717.454895,1.265100,7.286121,373.432953
116.570000,307.472168,215.212524,732.497437,1.167944,1.520385,196.843765
121.730003,313.144867,228.256226,760.600403,0.561817,3.375506,79.680603
152.139999,275.161041,246.816864,744.050293,1.075051,2.136177,15.221122
133.479996,265.671600,268.965088,808.176086,0.257951,-1.098126,42.176109
112.910004,235.890610,258.345520,883.838562,0.559998,0.210076,0.932129
114.690002,206.596069,259.887390,1007.283264,0.877965,1.153659,9.694144
94.059998,193.054626,232.656357,672.451904,0.878937,0.715305,5.154127
149.610001,164.000580,322.495117,683.192322,0.568759,2.010572,12.731791
148.259995,121.832382,305.067871,766.208923,0.712386,0.802815,3.629821
125.559998,85.554993,267.760834,848.064087,1.329927,1.653557,2.555131
96.500000,61.416992,234.362793,973.329468,0.368733,1.332144,25.902229
64.800003,37.657642,190.903625,984.666382,0.869903,1.005463,5.099296
63.779999,24.210268,141.534576,980.768677,0.596085,2.726813,13.641987
42.340000,14.800753,102.880280,929.014160,0.185128,0.420935,14.607015
39.730000,6.526610,65.824188,932.240967,0.540967,1.425146,7.610562
22.110001,2.004020,31.708780,930.615845,0.685262,1.357693,11.075890
84.680000,30.922071,60.928242,899.303467,0.371532,-1.558067,23.127773
153.509995,308.573547,439.539978,1537.239014,3.016681,14.991779,78.540115
135.580002,207.802750,261.876862,1574.961548,2.937737,-9.008628,297.886597
187.320007,239.628616,224.314453,1175.410156,2.467551,3.749120,38.381794
152.699997,241.613831,274.044128,1146.619385,2.190098,2.710896,162.837494
115.820000,250.448685,216.892746,1075.554199,0.796115,3.407092,80.656601
147.729996,734.282837,-227.463623,290.113586,4.112548,8.033954,17.304708
195.679993,687.906006,161.440887,299.112152,4.418947,19.382759,117.985634
191.220001,534.098511,318.063141,321.065521,0.974999,-0.689868,124.028030
167.850006,465.083740,262.572723,469.078552,4.970651,-4.213466,45.104092
153.240005,453.987274,175.220581,635.340576,4.522726,3.067072,12.249276
170.850006,451.269165,135.917770,856.777710,5.323637,0.185630,1.820394
162.119995,450.669434,146.199951,771.055481,5.446682,-0.458083,10.615309
192.139999,437.744232,172.709442,653.254272,5.641063,0.128468,4.090403
187.199997,459.605133,187.599060,566.402100,5.712319,0.070578,0.175460
184.509995,455.894348,200.294083,569.595276,5.686063,-0.247806,0.010966
196.250000,418.618408,248.064880,619.780273,5.692298,0.000000,0.000000
193.509995,353.651550,261.753906,686.247864,5.720729,-0.020714,0.010966
127.190002,283.899963,257.942017,632.285461,5.717714,0.000000,0.000000
120.160004,102.271080,140.002899,401.427094,5.706252,-0.304034,0.405750
82.629997,43.845798,103.633316,253.812592,5.425084,0.051000,0.274156
55.730000,20.260990,66.211472,313.709259,3.938671,5.542177,9.705112
63.320000,17.897430,45.340157,395.474365,5.449201,0.000000,0.000000
50.820000,20.612211,48.699989,373.932983,4.929368,12.005444,29.828138
5.370000,10.619890,11.677584,317.092834,0.173674,-3.561790,123.216530
22.400000,6.152659,-2.464000,256.494202,1.042398,0.226490,0.087730
10.440000,2.804056,-3.513649,268.387146,0.104384,-1.189054,63.626045
3.220000,3.197077,-13.389267,282.868042,0.132055,0.167289,0.701839
9.610000,75.169357,1.188707,450.822784,0.577816,1.038628,3.267935
69.139999,97.437462,-4.525606,207.822678,1.914240,-0.332799,0.537345
145.880005,274.785461,192.066788,162.810623,0.482069,-1.758467,25.770632
84.540001,91.992920,196.491623,679.088379,1.027289,-0.304158,10.626274
93.830002,238.115952,9.527174,260.534454,2.931451,20.587029,172.520676
64.989998,237.039261,90.009544,205.413620,2.618846,-15.898810,212.668045
63.980000,170.743317,-9.543858,368.956024,2.654017,-0.104316,46.474873
144.559998,269.842438,108.306091,190.332916,3.434569,14.539425,133.645416
149.850006,259.106720,153.889664,261.307861,0.847872,-2.151616,316.090546
154.470001,273.961365,200.537567,261.695557,4.284283,8.795653,43.590752
168.649994,273.415222,233.862427,286.577637,5.501986,19.119045,134.720108
125.750000,256.860809,235.158600,249.919785,9.416599,1.358361,24.443720
223.960007,306.639862,272.888550,264.263550,9.956907,-1.610336,41.847122
186.910004,315.386261,302.475311,314.439148,9.018427,-1.373214,35.651203
208.050003,308.365021,311.534149,330.880615,9.534307,-2.939963,68.615685
260.519989,312.387085,353.227692,421.254456,7.567776,4.275528,23.632219
189.669998,300.166748,326.814209,412.722870,6.909760,4.720618,9.507719
164.410004,261.744049,336.955261,472.584839,4.487301,12.594504,43.799107
178.220001,321.444244,329.942047,440.586853,2.767712,7.379134,26.198318
190.130005,254.733521,373.099457,614.587769,5.588223,2.524064,2.511266
149.179993,248.763107,350.639160,591.016418,2.846164,10.113407,38.173435
210.500000,250.290771,321.008270,562.218140,5.871714,2.986708,1.579137
132.250000,229.439621,374.863831,809.232239,1.377126,10.868496,96.426041
177.610001,190.773697,306.888489,644.885620,2.639427,5.917128,14.212230
172.020004,155.389526,279.756348,717.306335,4.085144,8.386518,18.434227
90.099998,100.112968,250.048737,880.710449,1.157228,10.205665,155.292740
68.730003,60.081985,165.657196,801.412109,1.153592,2.951044,61.695992
50.970001,35.889442,98.871567,636.339539,1.017747,4.335143,42.165142
16.570000,4.515709,0.790674,576.303345,1.171399,-2.737371,63.340923
6.130000,8.751107,-59.592018,476.770325,0.895014,3.027434,10.801733
-18.100000,32.756355,-107.209625,360.066284,0.905475,3.535940,30.891861
8.730000,58.789188,-132.135605,297.667358,1.496306,4.589456,20.770033
2.140000,67.854431,-104.944733,165.347473,1.492410,2.559105,22.162745
2.910000,66.857994,-116.511559,204.755051,3.014631,7.025032,28.512188
30.770000,72.101784,-118.152657,198.510788,2.067418,-4.476232,64.053734
238.600006,702.389526,15.616661,135.166199,2.596704,6.983425,211.439819
13.200000,80.647461,-18.236212,331.162445,1.804736,-4.746886,198.379044
52.700001,47.506538,-63.868004,105.099884,4.524879,-2.592196,128.721573
24.990000,28.834724,-43.108582,75.614479,1.883460,1.131222,214.927078
28.360001,35.531448,-52.860603,83.127213,4.558122,8.859377,66.564995
40.349998,23.265226,-23.124548,29.052748,2.872667,19.460857,277.270081
22.740000,11.190250,-10.097011,14.229922,2.191198,5.837348,303.852203
47.520000,11.357798,-14.566084,18.960800,3.629222,10.355857,140.959885
39.400002,10.438589,-10.654681,11.837383,3.815701,0.000716,225.739777
59.180000,6.669111,-5.486615,4.765923,5.392517,-1.726205,242.452286
38.200001,2.734294,-1.779776,1.652732,2.758933,-9.624628,223.228516
36.459999,0.827800,-0.536058,1.754499,2.058867,-3.752860,146.464920
214.910004,456.786682,89.758797,22.393036,0.617011,-2.972413,75.941116
67.650002,148.728180,180.690567,257.700348,6.038747,25.636503,132.746185
103.410004,22.606186,10.300621,19.234566,7.887369,-5.145582,404.160278
67.250000,37.036579,61.034996,132.084610,3.057828,-13.682098,345.841888
54.080002,102.623245,47.649506,45.940838,3.317695,8.502125,98.202568
79.510002,176.087891,58.575294,34.577393,2.352002,3.640255,23.303234
120.720001,255.302582,108.623322,49.265217,4.364716,12.425900,75.995956
124.000000,281.376221,159.290436,115.414719,1.082560,1.134215,177.861237
149.419998,274.765839,202.217346,185.318710,2.215079,7.255598,51.683823
107.559998,263.027863,230.986832,255.071167,0.461780,0.513035,91.655716
96.199997,217.518082,273.011536,510.802490,0.761062,4.274423,47.867584
124.339996,206.245819,250.064957,398.838715,0.415119,-0.966596,39.752575
115.379997,209.657440,288.096191,442.153503,1.147409,1.981318,4.836106
140.179993,184.289734,293.878448,492.680298,0.195323,-0.878832,24.235359
143.699997,182.404800,315.048950,567.429321,0.390933,-0.102470,0.054831
127.500000,156.828796,314.372528,676.214111,0.198557,-0.075718,0.098696
108.239998,139.466797,299.893768,666.706604,0.285556,0.660510,1.677833
94.589996,130.342163,306.422302,730.914612,0.044249,0.137833,1.853292
138.089996,116.502235,317.805298,884.645447,0.110240,0.104716,0.712805
-10.250000,145.653793,120.703278,877.797913,0.153362,0.046117,0.043865
220.580002,1058.052368,22.221773,11.685173,0.186796,-0.381897,2.818321
154.009995,283.285706,441.467651,756.257263,1.115709,5.839391,54.677608
187.570007,87.584908,357.113708,1744.341553,5.855154,5.503430,21.636368
162.429993,125.308746,277.351074,703.834473,4.710701,-27.796381,360.492828
169.009995,129.168106,357.078430,1023.498413,2.719121,-10.927153,54.326691
156.309998,88.702408,329.884857,1356.927979,1.432261,-7.117485,60.018158
80.820000,68.261467,297.400696,1480.270996,0.332457,1.663709,36.035023
94.300003,39.518822,242.964935,1630.309814,0.155021,-0.817485,21.943419
105.779999,48.094894,244.301682,1662.411499,0.300273,1.116096,11.350045
107.389999,60.644875,246.723511,1494.630615,0.238226,-0.442360,1.107589
76.660004,65.214951,269.746674,1485.666138,0.221379,0.087221,0.756670
114.970001,77.885986,312.061707,1265.533691,0.078006,0.056836,0.701839
129.149994,76.345169,328.608459,1421.395996,0.021546,0.030630,0.482514
102.029999,62.108364,302.934082,1493.680420,0.033742,0.103277,1.107589
143.649994,88.721741,299.856201,1542.822632,0.410675,0.456150,0.789568
87.290001,781.490173,-609.713074,566.593750,0.408769,4.003187,82.356361
199.039993,356.666107,198.506180,241.563751,1.609812,-12.854142,126.659920
225.600006,166.564194,606.396790,2258.614746,2.789235,10.147234,132.164978
250.910004,118.356598,428.040771,1927.127197,9.405910,-12.378735,163.912186
148.929993,177.548828,394.952026,1717.207764,1.174876,-23.829142,645.899780
180.119995,55.573574,218.716064,1637.104126,4.472007,11.441586,37.954109
78.209999,44.743313,146.992188,1865.451050,1.790370,25.900621,440.019897
38.389999,14.340569,82.404953,1980.600098,1.641601,-13.262793,237.802628
66.809998,3.197785,52.226814,2066.107178,3.105442,3.200639,9.672213
49.369999,49.133495,172.068268,1771.234375,0.732123,-1.931954,43.217907
74.550003,69.939125,224.833755,1533.084229,0.432911,0.627481,9.913470
70.980003,43.337189,192.401917,1459.557617,0.554047,0.128596,2.160347
71.839996,35.810001,189.502945,1415.265381,1.012519,0.290835,14.036771
70.779999,15.319088,128.088928,1343.513672,2.271691,1.988421,19.629545
59.020000,19.073441,94.555786,1454.151367,1.102521,4.790042,29.027599
30.020000,21.113609,73.683907,1496.682861,0.852978,-0.020880,0.109662
99.279999,59.737923,200.896851,1504.550537,0.301768,0.571923,5.362485
117.129997,59.158958,256.277527,1420.280762,1.817566,4.987256,14.321894
45.560001,10.031733,109.869957,1506.598389,1.636806,4.406610,37.307102
21.320000,1.713726,11.359237,1548.261719,0.581524,2.024199,7.829886
9.810000,11.371588,-34.138725,1422.315918,0.386574,1.255300,27.437500
18.420000,15.569033,-24.480980,1311.799438,1.146591,5.006484,26.384743
5.980000,25.642216,-10.362762,1276.298462,0.120002,-0.919200,62.035950
19.480000,16.616079,2.650267,1300.311401,0.222443,1.254187,11.689998
20.090000,7.048073,20.154634,1268.662231,0.104381,-0.704386,9.529652
27.000000,0.975679,34.262264,1271.585205,0.078274,0.192260,2.127448
48.480000,12.544255,93.604568,1258.703613,0.510346,1.407914,10.319220
75.580002,40.185562,124.567757,1267.581299,0.091116,-0.266118,44.665443
54.230000,74.354324,172.226517,1283.368408,0.959633,3.037023,12.161547
70.570000,36.856812,110.591774,1364.906982,1.453306,0.591685,82.400223
38.660000,8.588209,68.189713,1260.883789,0.491199,-0.976926,33.172836
30.049999,3.554112,35.542744,1265.787598,1.006804,-2.072389,5.932729
24.719999,12.097030,24.485491,1342.358398,0.396660,-1.705302,77.399643
22.530001,13.360901,3.216181,1223.300659,0.115420,0.694192,8.038244
55.369999,30.708704,172.000793,1346.930420,0.546251,-2.480208,24.893333
57.509998,21.219681,158.197266,1487.763550,1.789350,10.931201,80.064423
38.349998,8.037613,70.263809,950.074524,1.168551,-10.471447,139.775543
12.740000,8.903941,21.699736,1003.389160,0.297753,0.094465,0.043865
15.040000,16.305695,-27.549271,1155.726074,1.556541,1.305058,3.048611
28.990000,17.144360,-60.714638,964.972107,1.715595,3.034984,91.886017
-1.530000,44.289879,-80.004143,881.982666,0.130677,0.523806,92.324677
-5.520000,31.975569,-103.258034,762.840027,1.702483,1.682151,19.750175
-5.670000,30.996340,-127.401382,694.655945,1.132244,-7.104015,94.013458
-17.930000,31.719883,-134.970978,593.075928,0.172196,0.438315,6.908723
0.000000,57.206947,-169.070877,544.646484,1.777718,1.763567,2.774456
-25.500000,86.056976,-186.866425,469.343658,0.954142,9.970060,112.206429
-1.220000,102.703331,-177.837418,367.389709,0.171980,2.424882,119.246750
-20.120001,89.949303,-141.019791,276.816193,0.985909,15.048384,282.588684
-11.350000,84.164352,-128.379974,231.751282,0.378470,6.629224,209.564606
52.349998,179.638794,-155.352051,159.119705,2.350219,-0.046888,158.418121
169.889999,497.778015,146.889618,266.456360,2.555576,10.159987,64.810402
137.979996,338.086853,110.704399,408.610687,4.694190,-2.115909,96.283478
25.040001,75.319138,-130.088287,287.984314,4.813181,2.612102,10.099896
64.139999,41.452785,-39.978523,51.939411,5.526432,9.383861,28.654751
100.349998,7.547632,-6.434334,18.148666,8.147477,22.035955,438.758759
61.689999,5.854994,-11.667466,30.214977,4.905620,2.105081,427.485474
55.959999,2.702157,-3.988819,8.549368,6.573265,11.010275,259.778931
31.990000,0.511172,-0.575899,2.033285,4.747367,-14.683917,229.468323
130.800003,0.745013,-0.719727,0.991103,8.023517,-7.586493,81.106209
102.480003,1.259504,-1.159459,1.502227,8.111218,48.722412,433.100159
11.700000,0.520901,0.040190,0.047910,2.375850,-10.771009,1204.190430
58.830002,0.161996,0.056161,0.609430,3.944774,25.937723,406.693481
8.430000,0.338084,-0.457876,1.330423,0.506223,7.414329,435.468872
21.770000,0.322956,0.000034,0.088022,0.501270,-0.473827,48.799709
19.219999,0.470093,-0.881937,2.624437,2.883378,9.358580,55.434280
9.810000,1.142426,-1.745730,3.275490,1.544103,-6.207428,54.425385
37.889999,0.886711,-0.883462,1.292309,4.133896,-10.366871,32.657425
26.690001,0.401317,-0.223859,0.493919,1.711268,-9.668905,67.573883
30.350000,0.416550,-0.233702,0.228536,2.482536,-10.804573,54.238956
16.870001,0.214063,-0.245480,0.827585,1.453119,-8.333572,63.362858
20.400000,0.296046,0.010602,0.464042,0.777754,-4.664445,43.744282
14.250000,0.268523,-0.095448,0.108151,0.312567,-1.043406,34.488785
12.720000,0.254019,0.046309,0.151724,0.286672,0.126858,13.082709
6.140000,0.211857,-0.012314,0.019203,0.337406,0.413851,2.675760
6.750000,0.190833,-0.113702,0.244717,0.318912,0.044157,1.239184
6.900000,0.198229,-0.077065,0.092311,0.290270,0.106685,0.274156
7.360000,0.256766,0.050800,0.077836,0.272704,0.106431,0.888264
8.130000,0.194117,-0.031395,0.017351,0.271257,0.085774,0.701839
6.130000,0.186767,0.002139,0.010625,0.265607,0.000000,0.000000
6.900000,0.271030,0.031131,0.018033,0.272514,0.008594,0.010966
5.370000,0.246446,-0.011062,0.005069,0.272960,0.007356,0.043865
6.130000,0.227253,0.017419,0.007116,0.272833,0.000000,0.000000
8.130000,0.249133,0.009016,0.001657,0.273215,0.000000,0.000000
5.980000,0.129947,0.000000,0.000000,0.278412,0.000000,0.000000
6.140000,0.274250,0.015826,0.001316,0.279751,0.000000,0.000000
5.820000,0.188904,0.000000,0.000000,0.285372,0.000000,0.000000
5.220000,0.230590,0.003298,0.000439,0.287908,0.000000,0.000000
8.130000,0.279991,0.000000,0.000000,0.289015,0.000000,0.000000
6.290000,0.151804,0.002787,0.000439,0.291975,0.000000,0.000000
7.670000,0.251091,0.000000,0.000000,0.294691,0.000000,0.000000
6.440000,0.322424,0.000000,0.000000,0.300147,0.000000,0.000000
5.210000,0.229628,0.000000,0.000000,0.301263,0.000000,0.000000
7.820000,0.298233,0.003375,0.000439,0.305231,0.000000,0.000000
7.970000,0.251117,0.000000,0.000000,0.312773,0.000000,0.000000
7.350000,0.211495,0.000000,0.000000,0.313470,0.000000,0.000000
7.360000,0.305463,0.005164,0.000439,0.317772,0.000000,0.000000
6.290000,0.212970,0.000000,0.000000,0.314953,0.000000,0.000000
6.440000,0.188175,0.000000,0.000000,0.323193,0.000000,0.000000
8.130000,0.259683,0.000000,0.000000,0.325906,0.000000,0.000000
5.980000,0.255485,0.000000,0.000000,0.326997,0.000000,0.000000
8.890000,0.243273,0.000000,0.000000,0.332364,0.000000,0.000000
7.050000,0.294109,0.000000,0.000000,0.337419,0.000000,0.000000
5.210000,0.163834,0.000000,0.000000,0.339960,0.000000,0.000000
8.130000,0.310011,0.000000,0.000000,0.341292,0.000000,0.000000
5.210000,0.358005,0.000000,0.000000,0.347884,0.000000,0.000000
7.970000,0.222674,0.000000,0.000000,0.350301,0.000000,0.000000
7.660000,0.193106,0.000000,0.000000,0.354403,0.000000,0.000000
5.210000,0.277449,0.000000,0.000000,0.357402,0.000000,0.000000
7.510000,0.257649,0.000000,0.000000,0.359401,0.000000,0.000000
5.520000,0.352725,0.000000,0.000000,0.362459,0.000000,0.000000
6.290000,0.198941,0.000000,0.000000,0.364542,0.000000,0.000000
7.820000,0.205290,0.000000,0.000000,0.367885,0.000000,0.000000
5.830000,0.284602,0.000000,0.000000,0.373971,0.000000,0.000000
5.370000,0.366797,0.000000,0.000000,0.373082,0.000000,0.000000
5.830000,0.177468,0.000000,0.000000,0.377638,0.000000,0.000000
6.900000,0.210218,0.000000,0.000000,0.384085,0.000000,0.000000
8.130000,0.341250,0.000000,0.000000,0.367192,0.000000,0.000000
6.290000,0.194032,0.000000,0.000000,0.347997,0.000000,0.000000
5.520000,0.155607,0.000000,0.000000,0.351118,0.000000,0.000000
5.980000,0.185175,0.005164,0.000439,0.115647,0.000000,0.000000
206.070007,388.520691,26.680008,2.627508,4.154821,0.723875,0.230291
233.389999,406.170776,383.983368,410.291565,4.010786,38.658295,542.433472
189.669998,434.149475,315.144043,258.634094,1.361566,-9.133915,168.474136
141.509995,389.990692,221.486481,145.517303,8.325741,24.985603,134.917496
119.209999,220.033401,145.189163,115.199486,8.250706,0.701328,72.344200
185.410004,238.016693,180.384216,144.482574,9.763803,0.351036,19.837906
133.429993,192.142410,-145.149567,112.923676,8.845661,1.238678,54.984665
184.050003,581.629578,465.378571,392.637207,3.642162,7.843700,166.763412
149.440002,252.908783,152.912445,279.707275,4.791731,9.974360,66.104416
220.610001,306.052551,292.802979,335.303528,3.687697,22.894857,317.505188
179.809998,216.624268,139.780396,145.209808,3.191209,20.876030,362.817627
252.009995,388.956726,342.788177,327.585846,8.005660,11.844470,413.108734
203.139999,316.345856,314.876282,500.721191,4.845251,23.360264,335.566559
164.669998,400.961853,215.186737,159.936325,1.778234,-7.676741,456.414368
253.300003,387.001038,302.251190,603.858887,4.808412,2.076096,157.069275
122.690002,360.797577,233.073700,1076.959961,1.823469,23.609192,342.168213
173.699997,386.775879,384.313263,853.417603,1.062814,0.596175,171.610474
271.089996,367.135925,434.876312,1031.122314,5.578897,10.043059,19.443123
233.350006,334.999786,484.199493,1386.510864,2.163782,-4.331468,358.343353
189.330002,263.482452,498.343719,1773.859619,2.468141,9.598524,89.352814
127.680000,188.263046,354.906158,1742.672852,3.281785,17.542795,106.843964
206.369995,229.658844,396.597839,1209.924438,1.136321,-4.385105,311.035095
234.779999,276.262421,419.506226,960.383728,3.562585,9.826490,94.528877
206.059998,184.994049,340.146545,1062.653076,4.748212,17.579540,319.248779
129.529999,286.207581,183.698807,1214.466553,2.720423,1.822936,425.500549
196.350006,771.648560,95.770088,98.964584,2.745177,2.885213,105.396416
252.649994,358.039001,439.181335,1037.843018,1.908193,8.227179,94.967537
266.929993,335.837097,579.978760,1744.980591,4.176417,-22.494905,166.127365
197.789993,239.295746,358.639008,1647.962402,1.878370,14.520384,245.621552
174.979996,144.598328,364.542023,1532.367676,3.062377,2.677923,213.216385
153.089996,94.550781,342.993927,1882.997070,1.637897,1.043506,197.085022
91.660004,63.798096,324.243256,2321.367432,0.915150,7.281902,165.995789
141.240005,72.897072,284.647003,1433.569946,5.006928,-6.878515,173.803741
197.809998,130.840332,374.622620,1189.434814,3.645106,8.306715,100.680923
112.809998,678.071777,-439.973816,297.614136,4.368773,-13.946486,205.189056
162.899994,230.482819,-17.069328,29.085213,6.002827,-22.914940,100.757690
309.920013,199.897186,562.096680,1624.598755,3.203537,-19.597565,200.517487
144.199997,87.393845,298.521759,1158.322266,7.848552,33.263107,346.872742
155.419998,108.150330,274.907898,737.324646,6.818676,-37.968964,323.591431
157.869995,107.682594,310.128387,908.197449,3.352993,-2.800745,16.646734
120.919998,53.885777,247.217850,1446.014893,1.953188,-3.457579,73.177643
82.730003,62.111919,212.985321,1365.779175,0.588978,-3.472250,30.771233
96.900002,92.506439,223.490021,1117.854858,0.300100,0.038271,0.021932
83.949997,102.931824,243.099060,1162.363647,0.266230,0.637327,6.316547
102.639999,94.939453,255.760254,1194.750977,0.452222,-0.066890,0.153527
94.519997,106.206833,274.207916,1161.267334,0.184503,-0.158225,8.707185
150.949997,122.739426,343.165741,1260.233643,0.154877,0.079182,0.723771
121.730003,111.508179,370.065735,1425.652222,0.092205,0.385841,1.688799
184.339996,140.572098,433.478790,1386.349609,0.201488,0.091743,0.153527
180.190002,133.322708,458.682037,1622.016846,0.151498,0.243688,0.668940
203.000000,135.012375,494.274048,1875.662354,0.469709,0.199773,1.008893
177.100006,145.481415,502.418091,1968.233398,0.214869,0.254177,0.712805
207.589996,153.722153,574.456116,2350.218750,0.236399,0.284235,3.958808
241.399994,151.721451,534.037598,2283.476563,0.631688,-0.604531,2.906050
242.630005,173.009125,640.349609,2460.560303,0.196936,-0.002754,0.877298
232.970001,187.254257,681.414185,2510.832031,0.371398,0.293814,0.383818
154.199997,154.666748,660.487915,2901.888672,0.085843,0.177297,0.647007
251.429993,138.266403,631.131958,3186.385498,0.223534,-0.209275,0.855366
198.410004,144.126968,645.861938,3183.983643,0.162181,-0.465423,2.160347
246.940002,140.765823,668.855652,3236.520020,0.266122,0.794489,3.169239
256.459991,143.379059,678.017395,3317.246582,0.053054,0.225432,5.801134
217.850006,136.665039,690.351440,3542.718262,0.034967,0.043490,1.601069
230.440002,101.479866,604.292664,3638.179688,0.099767,-0.165957,2.522232
161.750000,81.810059,554.128418,3832.316895,0.317948,-1.542117,7.994380
146.220001,55.128269,465.983032,3951.000488,0.444462,-1.375970,5.318621
104.709999,27.963778,326.357178,3879.127930,0.321651,-1.130204,4.836106
69.860001,15.292359,212.777283,3730.475586,0.307732,-1.210130,5.351519
29.610001,4.250137,113.090103,3579.963135,0.110829,0.052627,0.449615
17.959999,0.103432,0.815753,3443.046387,0.014377,-0.082135,1.579137
-16.129999,7.351002,-150.430634,3195.003662,0.061700,-0.362189,2.423536
-54.389999,15.198250,-204.842560,3067.847168,0.071574,-0.290856,1.765563
-65.610001,47.568878,-353.702148,2764.742188,0.059795,-0.362087,2.566097
-90.370003,70.784218,-417.791687,2539.903320,0.008639,-0.023127,0.394784
-74.870003,119.460037,-516.229309,2286.521240,0.039209,-0.191637,0.975994
-74.760002,123.381973,-474.914032,1934.540283,0.004532,-0.013234,0.943096
-83.309998,165.685883,-530.014648,1849.879150,0.097930,-0.146476,0.855366
-105.400002,169.242020,-542.859436,1805.281250,0.101481,0.486678,7.413170
-94.510002,154.596817,-457.284424,1398.443848,0.036701,-0.285459,4.408424
-44.090000,149.575256,-444.692627,1373.697876,0.020777,0.022420,0.098696
-66.330002,116.632782,-360.834351,1180.551147,0.027219,0.036286,0.054831
-76.860001,94.069031,-298.245728,995.646057,0.053676,0.011040,0.021932
-57.639999,102.639969,-317.879333,1056.002197,0.039832,-0.169339,1.107589
-71.449997,95.013275,-298.213806,957.058716,0.015112,-0.017588,0.043865
-37.740002,75.456619,-238.728760,770.713806,0.014791,0.000000,0.000000
-26.389999,61.037380,-206.905869,713.217102,0.100640,0.087289,0.142561
-26.059999,53.420853,-188.375336,676.305176,0.069341,0.024944,0.175460
-26.980000,45.159657,-159.050827,567.410095,0.022864,0.000000,0.000000
-19.309999,48.579224,-149.538635,477.013062,0.040731,0.000000,0.000000
-29.170000,40.317760,-126.576233,400.906250,0.154984,0.046755,0.098696
-15.490000,41.792912,-124.328903,375.697693,0.035600,0.000000,0.000000
-12.730000,38.751228,-106.675949,296.893158,0.007429,0.029671,0.701839
-13.800000,46.995411,-104.872711,240.659210,0.042246,0.025029,0.043865
-2.450000,48.425842,-90.955902,174.614792,0.473380,0.082125,0.098696
-11.800000,49.200855,-76.152687,118.193024,0.128481,-0.065518,0.065797
3.830000,40.322891,-60.400532,91.792969,0.471564,0.905244,2.160347
65.739998,92.529900,-59.595104,74.521606,3.140352,7.434072,20.232689
153.279999,360.335052,166.112686,277.502808,2.987189,24.311941,292.754395
91.540001,258.956055,175.025620,316.793945,2.052879,-8.976142,258.155945
51.200001,16.923664,-29.281042,79.207733,5.801031,12.487541,30.222919
12.310000,15.379954,-21.660559,75.181625,1.842005,24.574394,477.052765
23.450001,18.664030,-32.384968,63.873638,1.541330,-4.726981,223.853592
83.430000,14.945540,-19.401510,31.100855,5.814942,36.271942,246.191788
13.650000,5.903898,-6.433788,7.637514,1.416329,-1.280967,843.028687
30.180000,1.472707,-0.448050,1.734272,2.214120,3.295800,497.625458
8.130000,0.549252,-0.399696,1.927131,0.563131,1.568245,282.599670
70.879997,0.347908,-0.559613,1.738659,5.497856,7.223101,132.099182
24.120001,0.305118,-0.133533,0.364664,2.886267,33.663986,697.090149
13.950000,0.454316,-0.289829,0.543681,0.496895,8.396268,620.304688
48.750000,0.363596,-0.063609,0.137931,3.042080,20.520811,234.655319
4.750000,0.772806,-1.433752,3.511825,0.274127,4.165753,225.005051
23.150000,0.650515,-0.580995,0.586181,2.377423,5.825359,55.412346
14.110000,0.651392,-0.510645,0.716119,1.031430,4.201315,107.129074
9.040000,0.810085,-1.102643,2.016714,0.295369,1.156988,68.363449
9.660000,0.695902,-0.974632,2.166878,0.503484,1.229030,25.650003
7.820000,0.533849,-0.197534,0.154453,0.529997,1.400893,6.031425
5.670000,0.541387,-0.850993,2.024463,0.439140,0.174555,19.410223
8.580000,0.453421,-0.054559,0.056537,0.522685,0.075587,0.274156
6.130000,0.289150,-0.069029,0.158401,0.357378,-0.246925,11.251348
11.950000,0.298561,-0.006332,0.044206,0.508759,-0.708830,1.853293
6.280000,0.263867,0.000051,0.086170,0.316191,-0.239562,8.882644
8.590000,0.140922,-0.004449,0.017302,0.364318,-0.798685,4.561951
6.590000,0.182083,0.004568,0.008237,0.245602,0.191366,8.268536
6.130000,0.289515,0.001807,0.000780,0.269254,-0.066874,1.677833
7.510000,0.194277,0.019251,0.023492,0.526251,0.445883,0.701839
5.980000,0.213884,0.000443,0.000390,0.553559,-0.283173,0.274156
9.050000,0.219241,0.004466,0.003607,0.967576,-2.639448,9.869605
7.810000,0.171199,-0.019072,0.022469,0.769013,-3.031010,18.434227
11.800000,0.218351,0.001014,0.007116,1.365278,-5.156430,24.224394
11.500000,0.191413,-0.001832,0.008432,0.802824,-3.519946,23.204536
13.190000,0.222889,-0.003596,0.046984,0.295287,-0.631050,18.434227
4.900000,0.941339,0.002454,0.003119,0.856090,1.600127,4.386491
13.660000,0.157043,0.015706,0.028561,1.558868,-3.428715,9.222597
23.900000,0.182422,0.018962,0.030462,2.903095,-12.556634,60.051060
22.840000,0.220744,-0.034924,0.036895,2.148706,-10.303431,56.848919
7.200000,0.170211,-0.102402,0.295601,0.305097,0.000000,0.000000
4.900000,0.302592,0.036253,0.091336,1.242057,-0.521335,0.274156
16.240000,0.171278,-0.006383,0.021543,1.360705,-3.180057,9.222597
15.930000,0.149451,-0.015306,0.076812,1.327514,-5.393984,27.459433
10.100000,0.142555,-0.014590,0.024954,1.187304,-5.474466,31.988483
18.389999,0.248894,-0.012681,0.029877,0.492830,-2.720132,29.652679
7.820000,0.132146,-0.004534,0.007993,0.249668,0.720941,14.212230
6.290000,0.213960,-0.001841,0.001413,0.693276,0.182298,0.087730
11.350000,0.186972,-0.034702,0.132228,1.514716,-3.911816,11.953188
12.110000,0.211701,-0.026521,0.328499,1.430653,-5.885169,28.523155
18.240000,0.183795,-0.124082,0.864529,1.028157,-4.770407,27.415567
14.560000,0.298378,-0.042687,0.067942,0.381294,-2.363290,33.172836
6.440000,0.233898,0.025064,0.127988,0.318219,0.897747,7.994380
7.670000,0.201973,-0.017948,0.087194,1.759145,-2.082895,2.807354
9.510000,0.211231,-0.050084,0.197392,2.248670,-6.561600,21.230618
20.389999,0.197740,0.005250,0.041428,1.586204,-6.992905,35.629272
14.400000,0.213061,-0.006340,0.028074,1.090933,-5.275314,31.977518
8.900000,0.185248,-0.003477,0.007213,0.221649,0.107537,18.434227
6.140000,0.327803,0.007414,0.004386,1.052180,0.383775,0.175460
12.420000,0.271936,0.001057,0.001413,1.989193,-5.847561,19.344423
20.400000,0.296655,-0.015340,0.121847,1.939779,-8.801274,44.917667
31.889999,0.188951,-0.006775,0.011405,2.140601,-11.028746,63.340923
18.100000,0.151719,0.023368,0.035969,0.459038,-3.144630,40.805332
4.910000,0.236915,0.014087,0.193883,0.807862,1.852062,5.801134
13.350000,0.189583,0.004227,0.020275,1.882951,-4.045567,9.869605
29.559999,0.157963,-0.036083,0.163957,3.172600,-14.400956,70.183861
32.480000,0.237003,-0.016618,0.253100,2.179009,-10.255396,53.734512
18.549999,0.175336,-0.002190,0.042646,0.619221,-5.218625,68.440224
6.150000,0.265653,-0.088127,0.200511,0.972608,3.460140,15.835231
15.670000,0.381663,-0.361056,0.777822,2.162875,-4.086237,8.597523
37.919998,0.292890,-0.011871,1.100230,4.386029,-20.761425,103.181221
58.740002,0.316322,0.003102,0.443767,4.624368,-25.288969,145.028336
26.020000,0.232109,0.007363,0.003022,1.856564,-16.868908,171.347305
21.600000,0.284302,-0.119241,0.234434,0.307135,3.039285,86.863480
8.140000,0.200638,-0.138783,1.312097,3.158237,-1.797974,1.096623
35.439999,0.227340,0.216189,1.173484,4.537347,-22.677692,118.610718
50.209999,0.213537,-0.072949,1.114412,4.628630,-27.302193,168.616699
30.900000,0.273898,0.028149,0.095577,2.027251,-15.287218,127.910072
27.110001,0.366104,-0.201122,0.903227,0.198796,-0.000416,123.216530
4.610000,0.191566,-0.065910,0.729376,2.618592,2.276499,2.149381
42.189999,0.281131,-0.132263,1.834333,4.386766,-22.721693,123.216530
47.369999,0.160751,-0.051849,0.850979,4.822679,-23.633219,120.902649
21.750000,0.232483,-0.046173,0.090118,3.179404,-20.967672,147.561554
27.549999,0.214161,-0.088869,0.304179,0.286585,-3.755425,163.221329
4.000000,0.221607,-0.131726,1.201801,2.673718,3.125365,3.958808
132.529999,425.696289,-21.972279,4.310166,4.561171,-23.352074,142.615784
96.589996,63.671768,-48.786491,40.384666,6.891172,-1.224453,264.878235
140.130005,142.961304,198.001694,276.652039,0.946131,-3.205657,604.853210
101.879997,155.206772,139.371063,152.338058,3.527103,7.608704,127.306931
61.410000,181.478088,83.908394,41.720501,2.616708,5.334628,131.265732
112.610001,141.582626,61.252598,33.345863,10.100678,17.774364,65.194221
79.010002,153.203766,101.057236,98.427155,3.256972,14.160931,391.560120
105.019997,158.340851,142.281433,201.917419,1.320704,16.591282,250.764709
168.360001,178.858490,152.977570,229.897888,6.225242,9.062859,189.913132
76.139999,188.900391,171.224548,386.965210,1.951553,-5.008378,389.355865
93.599998,192.091705,162.095932,474.679413,2.475738,-1.828358,107.611580
82.699997,193.543228,153.537720,477.368530,2.500355,-5.432681,190.680756
86.800003,177.490601,168.112244,538.361023,3.491873,0.307899,7.424136
101.029999,172.955826,144.510635,447.370422,1.354382,8.327167,71.949409
108.690002,152.496124,167.111908,527.694397,2.675277,-7.048913,33.644386
101.650002,119.364822,179.139435,369.188477,2.911240,-9.036676,42.834084
62.400002,69.374596,150.660400,337.734558,3.254019,-19.228559,131.496017
65.110001,47.792923,135.384689,404.451050,0.324030,-3.528988,50.751694
56.349998,27.347668,105.490456,416.301697,0.783884,8.464726,106.953606
27.309999,8.473166,61.954834,517.156372,1.291904,-3.707196,16.240982
49.169998,5.388803,46.565830,507.417725,2.193500,0.471186,1.513340
19.930000,3.497725,27.428736,475.232910,0.881422,-6.504833,63.669914
16.260000,2.082455,22.127144,480.349274,0.636430,0.320624,4.879971
14.410000,1.969172,13.459889,481.385132,0.483580,1.531297,30.277754
17.150000,0.050956,1.562138,438.885315,0.470283,-0.310516,7.336407
22.870001,1.857425,5.880268,459.447418,1.468417,3.004361,14.705711
3.980000,2.270599,-25.986980,430.582703,0.553559,-4.952649,51.464508
2.760000,9.550694,-43.248680,377.712097,0.818640,0.111403,0.372852
-10.590000,11.472507,-57.541252,326.862000,0.134273,0.583734,5.494080
-3.980000,18.685352,-71.857422,294.630981,0.612700,0.286861,0.493480
-13.790000,31.990875,-85.083916,230.315247,0.199036,0.554179,5.208958
6.890000,50.441849,-95.681282,184.602448,1.218615,1.615004,2.160347
1.530000,50.333084,-83.541977,142.493774,0.769809,3.708428,56.914719
-3.060000,56.266441,-84.224503,126.525635,1.101758,9.641592,105.637657
79.820000,218.223450,-59.158623,104.825729,1.083641,-3.684624,21.778927
103.089996,138.951523,188.955872,804.292603,3.328178,18.552559,173.705048
25.580000,50.998169,-96.405594,202.505112,1.954003,-18.751873,394.729309
33.730000,17.845570,0.884238,23.265020,4.860257,8.361726,33.381195
14.230000,27.836884,-55.681759,116.210228,0.608254,-3.225255,253.813324
24.680000,25.136684,-38.405373,63.453125,3.495178,12.561507,105.692497
-0.150000,12.430125,-14.627888,20.974737,1.577945,-13.004157,222.153824
21.600000,6.571917,-10.046219,15.830990,0.706912,2.961331,57.210808
15.340000,5.000196,-7.113009,10.745587,1.083980,9.490751,114.377754
15.020000,1.442663,-2.019784,15.388296,0.310069,3.179939,90.899063
46.259998,18.586760,-9.395445,9.529310,2.467964,5.819161,89.955956
28.670000,46.143921,8.672020,3.077075,1.134754,-2.189544,224.303192
37.889999,81.910118,14.009547,9.501237,1.298974,5.285945,117.678589
68.839996,119.216438,25.513613,6.867685,3.139522,6.605309,67.047508
49.090000,147.910934,55.860821,21.589039,0.956987,6.796538,228.645844
79.449997,177.508087,81.216202,41.672150,1.423905,5.714110,125.333015
130.279999,227.372101,130.245590,104.544365,2.208934,12.110950,88.124603
108.389999,254.289307,163.519592,160.929474,1.016895,-4.644067,122.920433
161.729996,285.222839,212.980713,202.240479,2.113887,2.163796,8.136940
126.300003,263.013733,242.926147,258.875336,0.535097,-2.235860,45.586605
139.009995,233.086761,261.918152,324.333740,0.918553,-0.395354,2.741557
100.419998,193.851440,261.710052,392.574493,0.880242,-3.660340,24.301159
131.139999,156.368561,239.724030,382.494263,0.380665,-0.106286,6.448142
91.919998,135.351013,245.879242,461.202576,0.681520,-1.863022,10.538544
117.809998,123.759537,248.403259,515.815002,0.613068,0.379731,12.326039
108.769997,103.226227,249.676498,629.683899,0.068089,-0.233740,20.331387
107.550003,82.953453,225.014313,620.544312,0.375457,0.834376,5.483114
114.589996,73.595917,236.318115,760.565002,0.264155,0.501238,2.467401
85.940002,70.301559,234.496231,794.721558,0.499174,0.257642,0.186426
103.260002,73.565262,246.655716,838.456543,0.402426,-0.105805,0.043865
116.809998,63.175751,239.058792,911.801941,0.662127,-1.140004,2.467401
88.000000,55.362698,230.899826,973.570129,0.230226,-0.187161,0.394784
69.139999,40.258965,200.630814,1020.500488,0.343844,-0.183048,0.318021
71.080002,39.648006,203.940247,1059.726807,0.176693,0.000000,0.000000
82.849998,33.590866,192.795898,1123.755127,0.233822,0.000000,0.000000
51.779999,30.639149,182.101349,1107.731201,0.216754,0.052107,0.043865
68.480003,24.284496,166.212311,1150.721313,0.227646,0.000000,0.000000
51.470001,18.375553,145.548309,1161.314819,0.259512,0.017501,0.010966
44.950001,12.729986,120.709030,1161.471680,0.253992,0.000000,0.000000
50.439999,11.532254,119.001442,1255.054810,0.247120,0.037146,0.010966
40.470001,11.038694,114.178574,1201.099365,0.277956,0.000000,0.000000
53.660000,12.955084,124.027740,1230.505493,0.270891,0.014944,0.010966
45.099998,12.556643,126.603943,1300.919922,0.281480,0.000000,0.000000
44.459999,14.951536,135.136963,1298.207520,0.291198,0.057749,0.186426
37.250000,9.086164,107.518456,1328.396240,0.280959,0.000000,0.000000
50.279999,6.564368,93.930275,1356.981201,0.296990,0.000000,0.000000
39.830002,11.511374,121.084526,1303.505615,0.293701,0.000000,0.000000
54.919998,12.738350,132.386627,1392.358032,0.291014,-0.041524,0.021932
63.880001,9.120277,110.468460,1384.009399,0.280909,0.000000,0.000000
39.220001,10.370251,118.912590,1407.399048,0.231416,0.008158,0.043865
49.060001,7.624402,101.193771,1419.973511,0.253245,-0.026269,0.054831
31.139999,5.308846,83.735336,1368.503418,0.252570,0.000000,0.000000
46.910000,8.760067,98.901299,1273.196289,0.249477,0.000000,0.000000
41.849998,3.475259,58.192116,1286.486572,0.253410,0.000000,0.000000
24.680000,2.089181,49.227959,1338.480713,0.273824,-0.183231,1.063724
19.309999,2.498099,10.708105,1317.549194,0.238590,-0.419410,2.193246
10.730000,2.719922,6.416001,1255.763672,0.192429,-0.280552,3.081510
14.250000,2.198872,-19.309757,1249.608521,0.438531,-0.709562,4.002673
7.350000,1.784311,-34.697716,1231.217407,0.152701,-0.877194,9.134868
1.220000,1.481849,-32.120338,1124.582275,0.113512,-0.483374,3.553057
-6.440000,4.193285,-64.483315,1137.103638,0.035391,0.399647,11.229417
-10.430000,8.864147,-94.742340,1122.140991,0.109668,0.332936,1.326914
-17.190001,11.569569,-103.124603,961.703247,0.176491,0.235584,0.394784
-24.240000,18.405954,-126.577248,895.898315,0.255908,-0.244353,0.274156
-15.180000,26.017597,-141.390839,794.082214,0.175595,-0.386993,1.096623
-21.629999,42.574760,-174.321915,716.374268,0.160911,-0.512030,2.467401
-35.080002,75.771866,-208.195251,577.229614,0.113655,-0.371518,1.853292
-40.810001,107.241302,-223.744125,468.698120,0.073844,-0.402023,3.180206
1.990000,112.882217,-192.701782,332.429443,0.890628,-1.077742,2.467401
42.889999,90.948372,-146.244873,237.013489,5.529347,8.141039,89.319916
17.010000,87.120621,-124.229660,179.215485,1.959486,17.169193,303.479370
44.990002,90.200836,-89.377228,133.841278,2.578970,18.997385,176.797501
91.559998,288.387146,99.543533,216.311905,2.056667,9.161827,248.955292
60.580002,159.883179,8.252782,16.320229,4.227057,5.407048,128.173279
88.879997,59.950676,-5.111504,31.548376,4.846537,13.605366,107.743179
68.269997,100.961525,5.336286,42.476295,4.187638,24.999292,270.668427
104.019997,182.667297,25.277523,67.164627,3.029768,-6.514544,294.212921
68.790001,269.347687,70.009956,112.661369,1.241209,-4.687917,275.197479
127.489998,324.105774,132.008987,129.850357,1.217651,3.824552,68.582779
146.199997,353.930908,192.176422,179.662140,1.558335,8.738117,59.678204
165.339996,350.204071,244.890991,254.379913,1.375439,-5.937088,192.621750
168.250000,324.106293,304.908508,406.543579,1.330670,4.461075,19.081234
129.240005,293.166046,301.566376,555.639587,1.531099,3.083989,42.866985
126.730003,264.921021,266.454010,584.530823,2.715688,-4.353364,10.472747
172.229996,224.064514,296.959595,660.269043,2.943494,-5.650136,39.072670
131.869995,156.381134,269.904297,706.033264,2.409633,-6.365949,61.816616
8.730000,0.492617,-0.098004,0.189155,0.259109,-0.475279,1.973921
6.440000,0.301151,-0.047008,0.024857,0.062762,-0.167876,3.728517
7.050000,0.218663,-0.029239,0.086999,0.247869,-0.528942,2.851219
5.060000,0.282906,-0.000230,0.050006,0.065649,-0.059493,2.862185
6.740000,0.265287,-0.010627,0.048056,0.258333,-0.304293,3.180206
101.510002,6.396980,0.771217,0.182186,0.187839,0.426745,6.108189
60.750000,267.584991,109.315742,93.294510,1.361097,5.440147,32.295540
120.169998,225.393951,32.145164,17.282188,4.816364,11.071960,191.799316
51.080002,306.933777,5.292106,6.375570,1.843264,12.637062,486.637299
87.610001,339.912231,2.883254,3.035159,4.460665,-12.845518,154.788284
102.029999,266.962585,2.934617,3.588588,4.728243,-1.586259,117.667625
80.430000,387.291504,8.411062,7.173471,1.033584,-10.916424,187.182526
209.580002,569.877197,355.722778,239.014481,1.464526,-0.992838,47.922413
195.369995,424.101318,351.217834,367.483582,1.248444,3.219942,12.578262
167.630005,407.235138,307.003357,294.672699,1.680467,2.245296,8.520758
150.250000,343.394409,315.180420,308.040405,1.862517,-2.305753,23.939272
113.169998,128.979233,242.392609,499.243713,1.044768,0.486783,1.875225
38.349998,25.091251,98.055908,444.596436,0.855070,-0.539001,9.990232
13.180000,1.537970,22.022196,429.102234,0.435782,0.335074,1.469475
0.300000,2.984537,-31.376938,412.511780,0.493558,-1.502032,13.927109
-3.520000,12.764153,-70.700043,411.154572,0.487729,-1.183126,7.391237
-5.060000,2.007575,-25.246094,455.054657,0.103623,0.317854,8.619455
-6.290000,14.635828,-67.381653,312.562500,0.207318,0.140732,4.660647
-1.370000,5.011371,-38.363350,305.542603,0.143918,0.263459,0.888264
4.290000,1.620343,-18.062410,270.144501,0.152886,0.073040,0.350919
118.139999,157.408081,133.927521,317.488068,0.209453,0.264637,0.888264
119.720001,272.175903,113.656303,422.808289,5.319744,11.487553,32.756119
118.120003,244.066284,158.781754,199.116104,1.623092,12.166192,208.665375
109.379997,225.430756,131.110199,365.129669,1.806716,7.832041,61.356041
114.949997,226.257599,154.327881,445.421326,4.451837,4.657802,145.598618
137.070007,256.393280,162.569183,318.678986,3.759261,9.723616,273.870544
109.699997,326.508057,190.465302,225.977097,5.332880,2.021398,167.783279
200.410004,307.953735,247.936951,249.336853,4.155020,8.947468,82.959503
192.149994,247.372482,281.873596,375.509155,7.293053,-5.854371,101.174408
144.270004,287.564697,287.944427,316.270966,2.680836,7.896277,149.283249
218.389999,282.643280,322.665161,412.628265,5.525370,-2.076896,26.757597
144.940002,254.605820,302.096375,404.895813,6.545744,17.143274,81.358437
187.699997,240.262085,383.117645,684.620544,6.682374,0.706794,16.175186
182.289993,230.768616,369.213165,640.610046,5.901354,12.064403,77.278999
217.679993,254.587799,384.229767,708.484741,4.389206,6.469511,42.592827
176.509995,267.862274,370.568329,667.637451,5.108698,1.359123,59.272461
158.410004,227.443024,416.004517,930.435425,1.343327,1.364730,275.833527
158.940002,145.625793,363.268127,1056.926270,0.408026,-2.225675,50.663971
143.699997,150.751770,353.432678,950.938354,0.760160,7.145541,83.463959
153.860001,155.723602,401.407593,1177.749023,0.799483,-1.096654,12.929181
147.380005,165.026947,416.749969,1217.267334,1.625852,2.803622,19.618580
157.720001,149.878906,431.733429,1371.154907,0.728999,-0.679023,21.175783
159.940002,192.635818,447.998505,1503.718994,1.291571,2.350429,41.901955
143.089996,163.499252,423.365631,1818.510132,0.194970,-0.173038,66.565002
189.720001,143.671875,415.434143,1796.177124,0.794285,2.471751,19.454086
153.509995,153.892273,473.698730,1719.110229,0.634820,3.352626,50.115662
168.059998,140.161621,504.091614,1973.033203,1.836991,3.492363,11.382944
152.740005,111.633041,479.335815,2242.860596,0.437500,5.067496,86.655121
179.289993,105.820068,456.335510,2049.307129,0.222814,1.273498,9.957335
172.229996,78.820953,414.120728,2243.161133,0.740399,4.327611,35.947296
113.300003,67.668777,390.805603,2292.145996,0.039932,-0.273148,12.874352
128.080002,52.222282,339.646362,2437.608887,1.041606,1.687056,6.371378
119.099998,46.267845,311.764771,2494.693604,0.518232,-0.203294,17.633694
109.690002,43.792877,299.188660,2378.508545,0.488810,1.051507,5.603741
55.799999,25.607161,215.186493,2345.344238,0.029317,0.366410,17.962681
73.690002,13.885353,138.038086,2333.894775,0.632779,1.113143,4.353592
35.410000,7.376554,95.070862,2341.828613,0.038779,0.627970,29.641708
29.280001,4.932421,28.219631,2298.691650,0.559035,0.740139,1.820394
-2.450000,2.237476,-41.244492,2210.277100,0.193150,1.490595,15.188225
-21.799999,9.084655,-128.297363,2036.911865,0.274449,0.478163,6.645534
-40.220001,40.818996,-269.653076,1881.025635,0.253453,1.311849,9.014239
-62.900002,72.432823,-329.612091,1575.059448,0.337415,0.065975,8.674285
-59.990002,106.549286,-392.312195,1456.649902,0.464983,-0.074060,16.010691
-82.080002,149.004913,-412.725006,1158.931274,0.386953,-0.037341,7.457035
-65.980003,199.031113,-430.654449,938.881470,0.356607,-1.282136,12.676957
-42.889999,237.610077,-418.859833,745.363342,0.358205,0.645963,1.853292
-20.480000,229.836914,-358.875031,570.659729,1.886986,7.382019,46.178780
-26.059999,248.120880,-359.159119,520.783813,2.467873,10.682281,169.976517
-24.070000,211.390518,-293.650970,413.338013,0.415329,4.940829,226.935104
-26.850000,172.203979,-225.182617,297.013733,1.290313,4.476778,112.491562
63.330002,128.028580,-176.436584,245.873322,5.995239,-8.520457,23.083908
55.799999,100.826088,-124.663200,155.166855,8.780735,18.685246,379.683685
5.970000,58.683067,-74.137161,96.049728,1.187537,18.252003,456.918793
16.070000,46.564991,-57.657677,72.678253,1.484927,10.821370,399.093872
42.400002,42.672573,-59.166107,84.281013,5.031888,0.090505,435.117981
246.000000,382.449860,275.518616,263.533508,1.550716,-8.282630,344.010529
191.270004,313.285156,427.909271,610.858337,3.113338,19.964657,316.726532
215.210007,307.138214,311.299225,387.521545,5.183738,-1.731771,479.827271
218.300003,341.469971,347.551636,546.076965,4.797958,22.950865,179.747421
190.600006,377.638489,256.520935,467.042358,7.123443,-8.327823,281.546936
193.350006,385.730377,235.509842,337.738434,5.761393,11.574478,69.876801
240.389999,368.930237,248.360092,233.823837,8.948524,9.342709,68.813072
173.089996,241.714310,233.787094,289.068390,10.909490,2.429748,39.697742
123.720001,164.731079,146.890656,207.637497,5.273526,-1.230228,108.850761
131.250000,118.151222,132.297379,220.183807,8.264386,-5.471732,62.924210
97.349998,88.885002,128.301025,241.838318,5.199802,10.658644,41.353645
77.059998,125.318481,144.474503,241.976334,2.655140,8.833849,83.255592
66.790001,58.629436,87.358269,278.352997,4.526201,3.618501,3.969774
52.700001,37.888420,50.217415,170.792892,6.878200,7.295508,10.582409
64.959999,32.681709,58.444206,159.897964,4.482683,6.016893,17.556931
75.989998,316.292877,-167.259628,137.131546,5.951642,4.506952,5.801134
265.250000,705.352051,359.637054,199.465515,2.437715,5.005345,49.545410
239.059998,514.705688,392.616272,412.642700,1.850401,7.350828,94.145058
135.539993,246.884033,192.623108,232.797806,2.953277,-3.574701,64.558174
61.169998,96.771065,53.359375,37.561859,1.875055,8.656627,182.017441
43.320000,76.100319,44.108963,92.080719,1.482888,8.181906,303.380676
48.150002,61.678299,41.648705,185.516006,1.411615,10.575933,234.710175
45.000000,60.108978,47.890331,182.349426,0.984378,6.721247,325.686005
28.190001,67.990280,35.340385,72.648384,0.461907,1.603166,103.894035
44.730000,83.142319,41.921574,55.058701,2.342481,8.195332,37.383869
46.720001,73.982643,80.782486,113.042206,0.857287,-4.270343,90.986778
58.099998,84.953163,81.269684,79.685631,1.171234,3.453305,19.004471
49.630001,85.965950,72.157120,64.475861,1.212799,1.012664,50.027927
68.379997,77.152611,81.828079,92.201843,1.185712,1.113074,41.770363
44.459999,43.410713,63.225838,109.316574,1.492749,-2.645843,41.912918
28.799999,13.809214,39.259613,138.948517,1.054244,-3.990090,44.402256
35.820000,8.098788,26.199326,101.647705,0.624162,-5.225575,58.757046
19.610001,0.832795,7.625563,136.085159,0.436533,-1.628102,35.201591
18.100000,1.463538,7.151359,121.406128,1.603506,2.937221,55.236889
19.610001,1.058893,1.361545,126.648956,1.564927,-5.205405,37.219376
22.400000,2.390399,-4.476420,123.268433,2.177357,5.280765,31.166019
9.650000,2.037384,-5.546593,140.033051,0.381773,-3.893851,59.524685
16.090000,3.521454,-6.284327,152.047821,1.580238,2.762505,11.492607
11.490000,2.953969,3.982649,143.278046,0.190430,-0.014087,44.139069
29.410000,6.918367,31.353271,182.406189,1.683917,1.882126,10.560477
26.370001,18.825462,55.908855,196.042328,0.244117,0.281897,30.562874
55.610001,38.282265,94.767738,248.058777,0.897409,0.768778,2.697692
54.880001,57.555000,109.376129,230.038681,0.281981,0.123257,25.386816
67.559998,80.230667,153.658585,312.871765,0.236502,-0.202231,8.136941
71.839996,91.981979,177.585938,370.788086,0.855640,2.742022,18.489058
100.120003,108.179779,203.533325,414.190125,1.732244,-6.068081,27.656826
110.839996,118.231476,211.761719,466.855103,1.133489,-0.339430,8.586555
108.389999,149.189453,239.577820,458.413269,0.028017,-0.353212,9.913470
86.930000,151.536346,270.132599,490.647705,0.435445,0.530685,3.947842
122.779999,154.522324,279.928741,508.725037,0.383702,0.645701,2.423536
130.589996,143.589142,299.565613,637.286499,0.335387,0.801667,2.368705
107.930000,120.075691,283.459686,681.432495,0.434101,0.717916,2.390638
134.570007,97.150391,273.409210,786.899414,0.373841,0.092066,2.807354
72.209999,88.116219,275.222290,867.823853,0.093263,0.231197,2.862185
94.059998,78.897980,265.427734,911.759460,0.120373,-0.022813,2.664793
97.360001,74.547577,261.335297,928.338806,0.156771,0.258947,0.701839
65.160004,43.814812,210.421799,1014.164612,0.049628,0.023503,0.460582
63.930000,42.840286,210.484665,1070.673828,0.113134,-0.053535,0.394784
65.830002,40.611866,190.201935,1079.966064,0.261632,0.358474,1.140488
59.180000,27.692225,172.296173,1080.514404,0.225015,1.418796,11.042992
78.989998,21.601252,159.457245,1227.245605,0.341030,0.798988,3.224071
56.259998,20.395908,151.402283,1136.218506,0.256219,0.308856,1.381745
36.610001,16.055208,138.698761,1217.751953,0.204480,0.606152,2.642861
46.759998,7.231358,90.575455,1185.273804,0.154923,0.023828,0.043865
27.770000,2.714565,54.237465,1177.738037,0.169411,0.375497,2.686726
17.170000,0.664297,11.204630,1176.605103,0.086961,0.004511,0.010966
8.740000,0.105444,-3.959724,1132.566040,0.097333,0.015589,0.054831
7.810000,0.523196,-6.758514,1111.557495,0.056807,0.007367,0.010966
-2.450000,1.984604,-46.107815,1079.329468,0.065549,-0.057014,0.142561
-14.110000,6.213257,-79.302498,1017.575500,0.046882,0.002906,0.010966
-18.850000,15.260228,-115.949852,924.783875,0.058700,-0.015502,0.274156
-33.599998,25.827827,-147.825989,849.975342,0.060662,0.000000,0.000000
-26.250000,37.861198,-163.740768,718.397034,0.126088,-0.020668,0.010966
-34.240002,68.100700,-200.353912,614.180054,0.070270,0.022899,0.175460
-47.490002,103.296387,-227.394897,503.132202,0.173132,0.000000,0.000000
-19.469999,115.504250,-200.247253,349.057892,0.153896,0.068360,0.109662
-21.629999,116.211807,-177.466278,271.290344,0.840744,-3.418464,15.681705
-6.740000,108.616394,-158.397095,231.382813,1.152020,-2.269768,6.316547
31.129999,94.187912,-130.872971,183.466644,0.272598,-0.048820,12.260242
181.070007,316.271942,134.928909,421.024994,4.646474,8.752967,29.323690
105.629997,216.847839,149.108917,470.120361,4.499120,0.479617,297.382141
16.440001,35.205795,-67.793144,168.280060,2.210129,20.274946,338.746765
16.860001,29.649214,-34.623108,99.317032,0.814722,7.436098,211.757858
211.410004,492.663025,213.594772,203.796005,0.963254,-1.078527,85.997147
210.029999,342.737061,420.123993,709.134399,4.817313,5.626584,35.980190
143.039993,355.876221,267.736816,415.478638,1.468909,-2.409014,145.708267
108.540001,162.215958,195.394318,365.168274,1.898931,0.447851,8.729118
35.259998,28.078058,69.936722,250.990051,2.478403,0.973888,9.299361
51.320000,21.520678,56.861935,234.623734,2.703445,0.594304,1.107589
36.490002,10.706589,60.441639,352.214478,2.654153,0.470074,3.026679
235.500000,777.859436,62.110554,16.158419,3.866162,0.248411,0.789568
282.010010,614.503235,326.980011,201.759308,6.006110,19.002533,66.992683
224.259995,476.804077,485.830750,573.674316,1.176537,-4.956972,804.263000
164.009995,245.118301,338.881317,554.536316,3.574255,13.824409,112.491562
156.759995,272.515625,284.123810,347.568451,1.661546,2.057137,107.172928
145.240005,300.680908,227.951019,272.587128,3.922384,11.098742,37.603195
136.149994,336.001465,235.866013,476.806854,4.516645,-18.801573,247.343246
162.800003,429.655029,271.427002,519.379211,1.672805,5.389243,19.772106
153.860001,355.791138,261.581879,527.701111,2.541191,11.066607,61.257343
175.919998,370.779663,336.591492,590.090454,0.985709,5.772012,140.247086
197.500000,365.824371,324.287201,573.488953,2.785499,4.320631,61.948212
143.039993,297.208923,322.390625,667.923218,2.678504,9.242361,102.325859
185.240005,248.115875,402.201294,991.135742,0.542427,6.223743,89.528275
142.729996,177.589935,315.150696,1074.673706,1.232949,-2.850036,45.433079
135.220001,166.486801,300.780762,1088.246826,0.606256,3.147930,21.219648
146.250000,173.923523,309.403381,870.480286,1.943109,0.084773,0.537345
157.839996,173.184402,368.951935,868.198792,0.921457,2.724000,17.545965
133.589996,177.596588,400.473083,919.967896,0.483948,0.813872,5.296687
147.529999,171.623474,411.874359,1031.520020,1.005489,1.973432,6.700365
157.190002,123.921654,390.377838,1339.941772,0.458875,-0.406917,17.129246
110.970001,127.995148,393.774689,1330.578125,0.512563,0.515378,1.973921
144.059998,127.367691,410.556152,1397.260254,0.279178,-0.108371,6.415244
138.699997,122.460213,440.333984,1594.808716,0.403240,0.264907,1.250150
131.600006,111.936066,405.172577,1517.319214,0.197894,0.465162,2.949915
159.979996,85.191597,381.794891,1761.297363,0.387734,1.223422,4.704511
121.550003,91.574974,393.495209,1802.337891,0.118291,0.151613,0.975994
156.309998,94.125595,400.824371,1924.691284,0.552588,0.828998,1.502373
108.769997,70.992912,365.654419,2045.858398,0.024651,-0.163094,14.278028
144.869995,66.129532,359.703735,2054.119385,0.345675,0.105703,0.197392
128.690002,53.439873,339.082611,2188.763672,0.219412,0.362424,0.975994
89.970001,49.806454,324.362183,2180.253418,0.222064,0.603057,4.002673
103.260002,39.360519,292.136841,2194.979980,0.196370,0.215329,0.888264
89.690002,28.790934,246.371185,2279.723633,0.030793,0.108078,1.359812
67.709999,13.722525,171.184814,2248.635742,0.126125,0.033261,0.449615
39.060001,5.260035,105.423012,2248.864258,0.041352,0.029037,0.197392
18.389999,0.475869,20.902056,2129.690186,0.055617,0.154991,0.679906
-0.450000,1.438652,-46.680946,1932.654663,0.036409,0.001970,0.098696
-17.950001,9.263306,-128.852600,1831.437134,0.027958,0.003011,0.043865
-58.959999,32.022465,-228.817505,1663.978027,0.035055,-0.024342,0.054831
-60.490002,58.858047,-289.784241,1458.873169,0.040317,0.000000,0.000000
-72.209999,88.685089,-336.050262,1298.279419,0.033354,-0.016909,1.579137
-72.519997,134.799484,-372.386353,1059.740112,0.105353,-0.216870,3.958808
-62.240002,179.694733,-369.446381,771.040039,0.379122,0.036100,4.057504
-38.330002,224.769745,-389.358521,679.860840,0.693935,1.365172,9.540617
-54.270000,235.701904,-376.158020,604.329773,0.642569,-0.410142,0.318021
-36.919998,194.981979,-287.310486,428.424652,1.305094,-1.086976,3.213104
-15.780000,185.468948,-262.309387,371.407013,3.246371,3.243881,36.243378
76.849998,412.795654,-56.557320,522.186401,2.259242,-11.018302,68.747276
109.300003,249.811066,97.833603,879.787109,4.418631,18.584522,212.766739
48.169998,123.390671,73.389175,555.557556,0.528105,-2.565887,526.400879
173.720001,146.699615,-41.017277,52.350571,6.703909,21.531221,104.365585
135.440002,425.232758,206.952911,424.800995,2.591719,24.876024,270.920654
149.990005,313.615326,133.100601,223.384399,6.403157,-37.958054,385.945374
91.500000,43.469322,-10.252055,132.967651,1.371925,-3.094746,106.591728
83.459999,110.070145,-2.737424,15.457408,6.097579,24.761967,231.332550
85.750000,139.690536,0.989676,86.687309,4.678626,-3.916907,246.224701
68.120003,182.774048,23.719988,113.704132,1.506883,13.414089,151.969971
44.270000,198.139069,39.526363,151.202408,1.428616,12.937418,262.027039
62.959999,209.889130,51.167107,171.813919,1.656734,-4.521868,271.808899
91.900002,200.901093,79.952400,192.983627,1.523353,8.745082,134.621399
83.339996,202.452774,85.301224,206.087021,1.005368,-2.658665,151.136551
89.099998,198.176270,104.468895,239.799561,0.535662,1.214316,24.454687
66.440002,183.131134,126.503883,230.531509,0.646596,2.468196,21.219650
81.230003,155.895569,170.335312,199.324921,0.318448,0.997199,7.665393
84.349998,141.702271,178.778946,235.685410,0.410433,1.102887,3.761416
88.330002,112.356720,193.058228,333.560303,0.296424,0.117181,8.454961
77.669998,101.524506,196.848999,409.997131,0.383342,0.116384,0.405750
107.769997,96.983093,191.137375,465.567566,0.429234,0.046100,0.888264
71.080002,95.514671,189.627762,427.796570,0.528661,0.679983,1.590103
75.220001,91.463104,201.352982,464.920410,0.376008,-0.037869,0.021932
90.910004,80.227959,210.774857,592.222046,0.458194,0.337748,0.493480
77.980003,67.974579,201.044037,637.236755,0.688962,1.260738,2.862185
94.080002,54.916077,188.947693,659.188721,0.505930,0.190937,1.864259
70.930000,51.915924,190.544525,705.592896,0.832004,0.008839,0.010966
54.080002,49.046959,185.343857,711.047058,0.783621,0.321412,0.394784
53.349998,37.979069,167.638000,750.149109,0.714002,-0.060061,1.096623
62.599998,31.080029,153.840408,773.461060,0.659770,0.251882,0.142561
68.430000,25.753115,144.694366,831.599304,0.683743,0.219138,0.537345
56.529999,19.795633,123.955582,822.175293,0.447198,0.402540,0.811501
52.090000,20.996988,130.032028,850.105957,0.603523,0.355342,0.570244
39.680000,14.115578,96.151100,862.165405,0.573567,0.326378,1.370779
43.660000,11.088247,89.844986,839.777344,0.321997,0.785076,2.566097
35.570000,8.027832,82.339500,878.667236,0.436722,0.337074,1.897157
40.779999,5.250849,66.370499,893.892639,0.560851,0.155874,1.623002
32.189999,3.532976,53.585602,903.448242,0.432833,0.294772,1.601069
25.889999,3.340186,48.528404,891.274963,0.453387,0.089776,1.096623
23.760000,2.501951,45.870113,893.080383,0.536498,0.054939,0.109662
26.959999,2.708968,44.837341,899.349487,0.505747,0.000000,0.000000
34.340000,5.079103,56.694565,858.004089,0.510500,0.085978,0.109662
26.670000,2.869342,42.129539,860.512878,0.532463,0.065634,0.043865
20.540001,2.280261,41.382027,888.328247,0.094433,0.088984,6.009493
17.320000,1.520844,26.966675,872.930359,0.258527,0.059432,0.175460
14.410000,0.630033,22.670036,874.674500,0.319527,0.065269,0.098696
17.469999,0.627726,21.347891,855.978149,0.280525,0.242407,0.888264
13.780000,0.234959,10.465482,807.160339,0.220750,0.106046,0.285122
12.560000,0.447400,-4.604942,766.184570,0.200643,0.117602,1.140488
7.510000,0.633675,-9.831897,736.305542,0.178963,0.041690,0.043865
0.460000,1.150042,-26.985945,696.433289,0.185874,0.000000,0.000000
-0.760000,3.870323,-46.901695,675.534912,0.163372,0.000000,0.000000
-4.900000,3.871038,-49.372177,642.083130,0.188037,0.000000,0.000000
-8.590000,7.008813,-63.890156,601.784241,0.194248,0.000000,0.000000
-7.970000,6.928994,-61.064011,547.740356,0.200141,0.043111,0.098696
-14.720000,12.298662,-78.906914,512.244690,0.219573,0.000000,0.000000
-7.510000,9.352995,-66.009193,483.657715,0.236626,0.000000,0.000000
-7.660000,11.906871,-72.579178,456.772339,0.238554,0.009564,0.010966
-10.420000,13.049729,-72.095917,402.743683,0.282699,0.040291,0.043865
-12.870000,17.207851,-77.192017,352.289307,0.291205,0.000000,0.000000
-7.510000,21.273094,-79.234711,300.314453,0.267115,0.024470,0.043865
-12.570000,30.737183,-86.797501,247.085419,0.374289,0.000000,0.000000
-11.190000,37.015244,-86.406998,203.827988,0.283376,-0.005757,0.010966
-5.820000,43.993832,-76.867943,135.772858,0.361119,0.079787,0.098696
-3.060000,43.340187,-64.403549,96.731186,0.494664,0.246680,0.888264
22.360001,32.587967,-44.918945,62.412849,1.846732,-0.265768,0.186426
61.119999,125.020554,-21.155996,53.242786,0.797858,-1.664523,26.472471
186.570007,305.814362,232.021133,281.238770,2.557686,-3.494625,11.679032
148.059998,242.464233,186.985535,271.180206,3.594121,32.170765,352.564178
24.240000,8.029499,-13.945283,78.077148,1.289324,-2.981822,309.993317
91.669998,11.249163,-15.996897,55.454697,7.317173,35.160858,185.559509
2.610000,10.177819,-17.398205,32.917152,0.562527,10.541083,895.523987
30.639999,6.300102,-7.549538,15.414665,3.095026,-2.416561,136.408890
74.449997,3.757274,-5.443570,12.656244,6.083264,9.596121,100.330017
88.589996,1.723094,-1.699472,2.549039,5.288281,-11.506454,205.353577
23.320000,0.861503,-1.320587,2.329032,2.611433,8.180573,200.681961
75.870003,0.663392,-1.548000,4.088502,8.009288,4.080738,198.762848
20.290001,0.708160,-1.339114,4.145234,3.344971,32.202229,652.698853
5.820000,1.390539,-3.082466,7.481112,0.758996,-10.568410,537.246399
43.049999,1.481990,-2.284362,3.819074,5.286499,22.024183,107.611580
15.040000,0.667992,-0.677483,1.236308,1.250970,9.785496,341.301849
30.480000,0.460009,-0.434330,1.578454,0.652586,4.230114,102.731621
14.260000,0.842884,-0.956318,1.216130,2.735342,12.402202,62.353970
23.129999,1.131071,-1.723947,3.393682,0.980977,4.358649,67.453255
184.199997,566.366821,114.512268,30.736336,2.543009,5.131896,96.744049
250.479996,510.131683,347.774506,294.643677,6.661082,-7.798182,125.541359
207.440002,496.308533,276.987976,164.036621,6.793222,1.950689,261.292297
210.339996,578.176514,256.081757,119.794769,5.991116,-7.684690,117.963715
203.139999,386.841553,281.555023,209.027557,7.143463,-1.887419,201.581161
171.919998,207.923264,240.109772,294.273163,3.605829,0.307565,54.776302
131.740005,192.406754,216.136932,253.628357,7.257219,7.250045,14.036771
251.059998,321.687622,379.663025,477.202362,7.421461,-8.363071,50.971024
114.860001,177.121231,284.567047,512.337219,7.428822,-3.615906,14.387690
102.800003,45.795395,83.283806,473.849335,6.264547,-2.457065,60.752899
37.560001,26.504427,46.756023,263.310913,4.990231,3.625848,3.081510
68.529999,23.320034,64.574272,295.214417,2.323085,5.681558,16.855091
41.580002,4.293396,18.536173,347.159790,1.400565,3.335506,12.775653
26.170000,6.888392,12.799671,231.347473,2.698153,0.780932,0.274156
16.549999,17.592659,40.397594,243.465195,1.322898,3.054326,10.549510
79.120003,169.794037,147.317078,287.914917,1.948587,1.128886,1.107589
219.350006,136.014114,193.638046,357.769653,12.888789,22.773342,55.807129
83.459999,181.551941,97.407600,375.565063,3.776417,3.573108,985.841919
128.979996,217.993774,118.693924,511.952881,3.771890,7.499373,505.389557
170.619995,257.853607,133.729691,536.416443,8.644754,21.878117,268.124237
131.889999,249.986862,147.743835,424.315247,6.099278,27.502697,404.862122
106.239998,276.027740,168.182251,259.347992,2.232309,7.378733,297.436981
143.100006,255.395020,222.718964,250.132294,8.845964,13.681306,86.161644
133.490005,242.451889,234.162796,259.278687,3.173213,3.934807,99.584297
151.910004,253.429749,267.326477,327.822693,4.945577,3.661289,6.119155
145.449997,225.433640,244.006836,284.394226,4.955908,9.801127,50.038895
107.540001,169.152328,217.739319,294.287567,3.680725,4.538558,40.640835
87.080002,137.374893,213.091919,357.840332,4.650638,4.797254,9.376124
63.160000,60.901333,119.105804,242.392044,1.948695,1.087562,32.909649
106.400002,48.182907,112.102509,268.490784,4.681689,12.345036,44.961533
40.189999,24.924843,81.659882,296.449707,1.874990,-6.350834,412.165619
38.759998,6.052260,42.487328,313.531128,1.410241,0.884411,51.332912
26.690001,14.808425,37.642330,316.528351,2.483667,7.877531,33.008343
5.830000,6.375722,-27.205030,225.379547,0.685911,6.929179,83.058205
58.779999,17.411610,-38.902851,140.111481,4.001430,10.052870,91.458344
12.130000,22.517401,-44.002495,142.978455,0.911180,11.066839,341.334778
17.920000,22.672876,-47.607986,142.427063,0.029362,-0.083363,191.656754
165.639999,538.176147,-183.195740,69.470413,3.149784,10.032484,57.660419
38.099998,77.654083,72.144592,272.369934,0.851982,-9.054337,254.635803
91.510002,44.823025,-19.007298,150.539551,2.990877,7.383714,21.175785
60.340000,112.271683,-16.807726,16.404694,5.603860,39.175156,336.345154
47.380001,129.457916,23.254917,42.405132,0.647108,-7.644714,401.550323
78.510002,136.500275,72.387833,77.744888,3.290960,9.938339,42.647659
66.790001,148.373077,81.558418,158.723511,2.334657,21.854588,272.675232
79.820000,197.089722,81.847343,205.978943,2.171133,5.300671,350.667023
109.300003,234.204529,111.616188,214.757919,1.821973,14.032238,157.332458
123.849998,249.989853,161.397003,211.755692,2.428775,12.484090,215.617950
86.250000,256.518707,230.389435,301.131378,2.132065,-13.247909,238.460587
132.940002,231.043365,207.088287,292.150238,1.986955,4.238564,16.635765
82.019997,224.363098,241.685974,329.738373,0.998242,4.357950,83.233665
138.139999,223.667389,258.554108,321.467285,1.199824,-0.461008,17.304705
146.259995,187.093414,260.025970,408.437897,3.065079,3.732625,5.987560
114.199997,143.878571,250.173431,538.278687,2.298410,-6.911742,58.362263
94.059998,119.046555,237.799622,504.259308,2.344443,-1.569422,5.285722
79.660004,100.144943,223.843750,512.373901,2.139771,-1.956033,23.741882
116.110001,79.771973,207.688477,543.388306,2.141135,0.520612,3.958808
75.529999,61.834732,189.356384,591.160828,2.248825,0.344108,1.601069
72.769997,53.057312,173.275757,570.352539,2.661978,0.000000,0.000000
89.930000,49.328735,163.993088,560.146362,2.808204,0.124862,0.394784
63.320000,35.869591,149.448471,631.896545,3.022971,1.622392,0.932129
58.060001,30.538452,138.261871,654.662903,1.373105,3.196668,7.961481
59.180000,20.740665,104.930412,625.184204,2.414473,0.376442,0.186426
33.849998,11.586723,78.234970,629.057068,2.504463,0.487975,0.636041
44.459999,3.647397,43.349964,632.790405,2.499062,0.722434,0.449615
29.889999,1.059364,17.695951,616.755920,2.255254,1.078767,0.537345
13.040000,0.347337,-9.168714,539.909668,2.711941,0.015241,0.010966
20.980000,4.226719,-41.195496,473.664978,2.816613,1.704515,1.633968
-10.430000,16.670927,-78.962990,396.276062,1.229135,2.332156,5.406351
-10.570000,45.494591,-119.814468,322.042084,1.324506,1.879466,5.241857
-6.740000,69.117371,-129.819839,246.088348,0.872053,2.973698,13.970974
-3.670000,69.116798,-111.610367,181.196289,0.734904,1.506521,7.248676
44.299999,62.143295,-83.936615,116.034920,6.081320,19.367197,71.006325
41.480000,317.548340,-127.209778,85.187759,1.316335,11.141178,441.796387
63.480000,105.821342,-16.992348,141.131287,3.366300,2.876588,268.705444
43.970001,138.321991,-63.042282,37.040646,2.125169,21.264874,290.001862
70.419998,233.955978,9.862318,19.154392,1.850133,-13.865857,367.105438
130.089996,318.544006,51.472858,34.596836,3.037334,-1.916655,68.308624
197.350006,450.055786,134.492981,222.654602,5.431472,-1.014897,62.035950
183.289993,556.006287,224.280548,316.046082,2.767239,15.533542,326.683899
233.240005,580.308289,374.808105,488.808777,2.806530,-6.360366,140.872162
197.029999,526.064880,334.671387,694.169250,5.014980,14.890689,61.334110
252.300003,553.765442,502.958649,1022.304077,0.388990,-6.179390,111.208504
297.869995,502.950317,465.243896,924.875061,2.746932,3.855750,8.476894
280.660004,480.917694,591.247803,1363.088623,1.175736,6.134777,47.286373
242.240005,434.562042,545.621521,1210.604614,2.791336,-3.727939,17.874950
270.820007,393.609589,619.721558,1598.438965,2.716710,1.211600,13.422663
248.500000,384.577850,618.300171,1643.492920,1.167140,0.425470,26.593103
275.359985,365.223450,675.177307,1758.751953,0.948167,1.340948,8.740084
267.890015,332.657898,650.538086,1750.029297,1.107981,0.198050,0.065797
278.070007,307.023438,700.745239,2007.818237,0.982612,-0.401244,4.112335
265.179993,257.086792,652.142151,2060.004883,0.857882,0.956394,14.957933
239.720001,250.257553,655.795776,2365.588379,0.784416,-0.371008,8.783948
255.970001,238.635895,664.344788,2219.486572,1.779540,3.729871,13.049810
228.990005,210.486328,670.847778,2294.728516,2.210415,-1.159310,4.934803
227.619995,206.563904,693.433289,2329.169434,1.798496,0.540606,1.326913
266.859985,174.594467,674.735229,2610.736572,0.521700,-1.140467,4.879971
247.210007,166.264771,666.421021,2694.220459,0.543829,-1.135818,4.572917
206.830002,126.023651,609.045654,3023.112305,0.219483,-0.548383,9.233563
191.059998,130.673584,620.040161,3032.586670,0.191632,0.108773,0.614109
219.070007,140.917725,634.735962,2928.480469,0.085078,0.031480,1.239184
163.740005,89.620407,554.199158,3528.223633,0.129182,0.007319,3.684653
164.690002,86.977669,512.470642,3667.241699,0.508767,-0.968034,6.206884
126.699997,65.259262,453.677429,3636.735596,0.131870,-0.359550,3.980740
176.229996,64.658676,455.652435,3484.061523,0.178751,0.223953,0.592176
177.720001,58.580647,445.644470,3479.564453,0.162186,0.423423,1.447542
123.940002,39.765411,384.623749,3722.944824,0.037926,-0.060690,0.361885
121.730003,39.898983,392.527832,3865.050293,0.042067,0.005571,0.010966
112.449997,20.377232,278.146545,3825.187988,0.066956,-0.074575,0.175460
111.910004,26.835510,291.354553,3591.312500,0.047757,0.103569,0.581210
107.010002,25.747910,295.999603,3662.385986,0.416733,-1.106150,3.618855
56.259998,13.945360,205.199646,3639.741699,0.230642,-1.023242,5.318621
19.480000,3.103507,42.035522,3509.190674,0.083523,-0.394971,5.099295
-20.400000,0.580844,-30.119047,3371.462158,0.012248,-0.140354,3.081510
-42.369999,18.782230,-245.989105,3254.625977,0.015449,-0.035105,2.379671
-101.949997,61.229568,-427.413147,3024.704590,0.034742,-0.051589,0.361885
-112.400002,115.206093,-541.151489,2602.139160,0.008697,0.036102,0.219325
-119.849998,171.981720,-572.049072,1936.064087,0.081847,-0.116528,0.219325
-117.459999,233.323151,-595.067749,1557.478394,0.189812,-0.350663,4.748376
-58.259998,279.138794,-571.532471,1203.355225,0.017755,-0.034106,1.546238
-54.230000,279.767273,-493.921814,883.260254,0.058372,-0.097940,0.405750
-50.509998,244.941223,-368.077332,558.221802,0.047170,0.008076,0.065797
-26.650000,227.587601,-355.664978,557.710815,0.339404,0.001991,0.032899
8.420000,188.339615,-268.283447,383.158356,2.300329,1.880257,17.513065
62.500000,385.644287,-261.058716,390.085022,3.263785,11.931821,89.758568
15.790000,184.232193,-52.109760,778.997681,1.781820,-1.406312,264.044830
19.740000,132.456848,-185.322083,266.029114,1.323319,11.159063,227.143463
10.110000,87.891312,-114.176476,170.300583,0.899742,9.957132,203.895050
13.010000,107.677185,-180.133865,303.809937,1.494832,3.745142,104.310745
9.490000,111.601013,-153.490112,211.405273,1.896155,3.136047,245.040344
-1.840000,69.984894,-88.189484,112.887650,1.860236,-3.860437,172.345230
27.860001,55.461243,-76.518555,108.037033,3.138422,1.219497,8.049211
20.969999,47.249031,-66.475723,95.345047,2.300469,2.805445,7.413170
39.130001,33.050056,-40.727745,51.413620,4.865050,-4.088148,21.230618
36.580002,22.505344,-29.895966,42.135071,3.143226,-0.253200,67.661621
31.709999,15.213310,-20.310024,29.360537,3.704237,0.050011,0.668940
12.870000,7.974050,-9.362754,11.649885,3.925758,1.855362,11.273282
33.549999,3.757816,-4.412343,5.889303,4.153770,-1.913574,7.588630
20.080000,2.113564,-2.595393,4.452093,4.585571,-2.881520,9.222597
131.460007,253.833267,35.529076,5.248096,4.112226,-5.320440,28.523155
71.800003,69.510857,92.253197,179.404846,5.342007,-0.799369,32.152977
36.849998,54.434074,35.783169,54.549332,1.722870,16.423777,377.424652
110.839996,144.319794,111.785332,120.160202,6.233715,-9.348516,201.307022
132.889999,263.031403,152.829117,121.686798,2.991971,-7.976261,150.292145
191.270004,341.115234,255.289642,234.794128,5.311484,-3.103159,66.301804
167.389999,347.088257,353.979492,499.566437,0.716423,-2.342752,145.159958
227.600006,401.621918,370.011200,804.106812,1.707795,1.988128,19.794044
210.800003,490.159119,370.781769,754.462097,1.227893,7.676378,90.953888
168.089996,438.803558,491.190643,969.306458,0.706760,1.996560,44.544815
228.789993,416.381805,481.690369,921.994263,1.593692,3.063265,13.214304
261.750000,393.000244,495.883179,1104.754883,0.871331,0.436680,24.136667
223.309998,348.653870,536.479736,1465.247070,1.230716,0.481266,3.246004
237.250000,317.586060,492.131958,1557.257813,2.264167,-0.044343,0.975994
248.440002,309.507874,525.195068,1126.730713,1.580094,-0.478421,2.149381
205.139999,275.175598,581.482117,1516.048584,1.492360,-0.172183,1.326914
234.479996,243.413025,553.170776,1691.552246,1.922342,-1.286089,5.351519
236.179993,221.746613,534.916504,1660.930420,2.033209,-0.029431,0.065797
229.470001,212.334808,554.830139,1695.058350,1.840623,0.548933,1.326914
184.339996,172.574127,538.661316,1747.526611,1.697236,0.016274,0.043865
172.630005,148.951508,503.028229,1733.125488,1.640884,-0.000212,0.054831
172.839996,129.050003,494.478790,1950.166504,1.501897,0.904928,0.811501
168.089996,95.505005,428.113770,1964.954834,1.103162,0.513411,0.493480
138.949997,62.152473,357.085754,2166.299072,0.484568,0.724239,7.139013
115.220001,57.380814,348.898224,2149.236084,0.209553,0.556981,7.226744
124.160004,49.886986,324.089966,2216.267578,0.396612,0.442661,1.853293
99.269997,43.106850,304.737946,2227.609375,0.075583,0.306806,2.741557
80.330002,30.772202,265.206696,2329.552246,0.147549,0.208638,0.328987
78.040001,26.803816,242.239471,2309.157715,0.184452,-0.207014,1.063724
89.099998,21.384212,223.849274,2380.289063,0.092379,-0.109530,0.986961
52.119999,13.065878,175.040222,2394.423096,0.066515,0.005788,0.932129
46.299999,8.382318,139.913940,2437.784180,0.050890,-0.041718,0.537345
45.459999,3.974093,96.565788,2369.174316,0.040825,-0.032390,0.098696
32.980000,2.798523,67.423065,2246.725586,0.260890,-0.885722,3.750449
22.670000,0.666019,20.855848,2210.925781,0.082792,-0.729832,8.169839
3.670000,1.612374,-44.674412,2186.675781,0.029095,0.105554,0.723771
-13.790000,5.909358,-91.244278,2093.410889,0.084212,0.179403,0.394784
-19.480000,17.483898,-158.542740,1976.083740,0.121070,-0.219383,0.701839
-39.299999,31.258577,-232.674026,1785.754883,0.229729,-0.247027,2.182279
-54.770000,41.932285,-260.971436,1659.872070,0.352091,-0.427255,1.337880
-69.860001,63.894264,-306.154755,1524.270020,0.151469,-0.215279,2.171313
-72.879997,92.916962,-352.036743,1351.382080,0.665453,0.212126,0.098696
-59.070000,97.097961,-336.401978,1194.408569,0.977443,0.196943,6.996453
-63.869999,105.744286,-333.296539,1090.437622,0.341948,0.292203,0.405750
-62.549999,105.515976,-296.590576,861.571594,0.114636,0.013246,3.180206
-67.000000,126.752159,-311.657654,789.615173,0.367127,-0.025098,0.723771
-42.799999,125.276718,-296.916656,721.340393,0.158644,0.041815,0.274156
-43.110001,104.766907,-238.305969,551.446350,0.184142,0.215979,1.195319
-31.100000,96.711838,-208.902405,456.130707,0.250267,-0.042689,1.370779
-20.540001,82.462425,-172.881699,366.252136,0.335829,0.680836,4.792242
-27.770000,76.725235,-150.813904,299.668976,0.278807,0.200740,0.197392
-5.510000,79.574112,-132.494904,221.892990,0.400446,0.627084,1.469475
-8.120000,73.296326,-104.173096,149.212738,0.487112,1.665769,6.152054
-10.430000,63.176407,-92.860191,138.311890,0.041787,0.501948,8.312401
55.930000,273.210358,-89.924400,90.420876,2.292364,7.845071,29.235962
73.129997,141.639359,101.061295,335.893005,2.016493,8.297798,66.784325
59.880001,29.748878,-43.300304,75.983040,3.511457,11.107198,186.579391
15.200000,19.689093,-26.118996,55.975563,2.904204,25.857323,288.653015
18.059999,21.181627,-30.261496,46.932968,5.032983,-22.081612,212.580292
11.060000,11.110347,-9.114828,11.762668,1.129329,11.322598,234.754013
10.410000,8.875474,-11.685507,18.409954,1.293388,-8.235138,97.237534
46.540001,6.308335,-8.789820,13.228631,3.332431,7.469255,67.957703
24.660000,4.142467,-4.652061,6.171402,1.800491,-17.142508,168.956650
21.889999,3.916499,-3.704223,4.050973,1.387250,-5.446272,41.035618
7.050000,1.938966,-2.433635,3.653605,1.027921,3.089325,47.209610
8.740000,2.245845,-1.993161,2.603333,2.383431,-7.743957,64.952965
45.310001,1.460126,-1.117727,1.064358,3.879266,-14.627276,68.462158
59.610001,1.021966,-0.921070,1.114900,4.333305,-22.002480,151.750641
39.860001,0.529607,-0.038972,0.047325,1.486370,-12.829858,126.418671
32.169998,0.498880,-0.076759,0.084805,0.290803,2.995460,99.167595
56.070000,148.361069,-7.095752,1.064601,3.899754,-5.233050,9.759942
145.740005,101.799377,148.781189,223.317535,7.102831,-13.320095,184.254562
73.989998,7.130358,-3.682219,25.693285,4.436605,16.037523,317.220062
20.860001,29.644482,11.868018,36.242210,2.088250,-5.556430,394.060394
81.019997,99.444550,28.541920,19.589775,2.600146,8.866916,135.860580
89.820000,142.371445,36.607033,34.157604,2.921765,15.835765,321.661346
92.050003,169.220825,91.693687,50.593639,3.338951,-15.946692,220.421143
107.239998,198.972168,98.325768,67.709381,1.760419,-1.018268,41.112385
113.269997,229.441772,119.610321,82.115799,2.008808,2.977953,40.125427
133.800003,256.586121,186.057892,231.947189,2.453072,12.993772,201.438614
127.980003,235.778702,149.525696,274.693054,3.416347,-14.683013,340.929016
138.289993,211.852005,227.883057,413.829651,1.347603,-0.368543,50.071793
126.910004,207.160431,192.395432,320.680878,1.772635,2.462940,19.399256
110.000000,176.002686,205.474350,291.556152,0.324390,0.176673,13.466525
95.440002,122.801956,210.915985,364.886719,0.365115,0.159937,1.502373
84.260002,91.662956,182.458282,371.071472,0.085755,-0.058929,0.274156
61.279999,57.225887,145.558563,378.083008,0.058588,0.000000,0.000000
34.029999,29.496639,108.048698,400.164215,0.062430,0.000000,0.000000
29.410000,9.217005,56.982971,355.750458,0.060946,0.000000,0.000000
8.120000,0.612105,12.347752,326.255798,0.062108,0.063170,0.109662
0.760000,1.758280,-22.481094,298.720917,0.047430,0.060406,0.142561
-11.030000,11.945519,-52.655006,238.481369,0.044293,0.069582,0.394784
-8.270000,33.805721,-80.360359,198.205353,0.112757,0.011463,1.239184
7.970000,46.470230,-76.008888,126.100578,0.677231,1.783536,9.803807
50.560001,47.830620,-76.322838,124.754288,3.061622,9.999550,42.099350
23.440001,54.776005,-74.798431,110.142929,2.409226,23.611950,308.337372
116.019997,326.984467,13.546148,127.886383,0.837930,9.011009,343.385468
21.600000,97.163383,9.572660,290.108124,4.016835,14.436968,96.173813
126.110001,40.530399,-53.001186,75.815819,9.129983,-8.198652,44.533844
32.240002,23.038862,-27.215656,48.800636,2.122305,13.907302,346.368286
16.850000,18.760040,-30.092587,52.433334,2.457232,-2.533142,266.808289
60.820000,14.878234,-18.030136,22.244236,3.933892,21.962992,169.647552
27.270000,9.617531,-13.172702,19.906139,2.324051,-10.112406,340.446533
23.100000,4.941247,-4.080594,4.964436,0.835158,-4.215538,64.009865
22.820000,2.861591,-3.592830,4.982615,1.459977,2.867626,77.454460
18.840000,1.128191,-0.791432,1.144874,3.673187,-7.084071,49.315125
20.389999,0.848810,-0.596037,1.154037,3.164850,-11.800953,118.577812
51.279999,0.495037,0.015067,0.080858,3.809367,-11.291646,87.861412
36.919998,0.546402,-0.169982,0.175167,4.815451,-14.248902,118.095299
38.849998,0.481330,-0.191722,0.773826,2.327488,-6.740249,87.883339
26.610001,0.432411,-0.556946,1.661700,1.504751,-3.867613,86.962173
9.670000,0.347333,-0.034395,0.193737,2.332223,2.358859,7.555731
26.059999,0.376980,-0.198736,1.212524,3.072391,-10.501431,46.200718
25.700001,0.496024,-0.499771,0.931593,2.689218,-12.229469,59.316319
20.540001,0.674209,-0.347822,1.029997,2.028909,-9.384452,60.018162
11.790000,0.371127,-0.067495,0.041428,0.555179,-3.613600,47.933376
8.430000,0.574933,-0.277276,0.634189,0.537155,1.430156,18.708385
8.120000,0.307436,0.046428,0.070281,1.167334,-1.346944,4.221998
30.000000,4.832940,3.777121,4.285358,2.816035,-4.135892,8.476893
42.130001,1.945718,3.164287,9.621475,5.116592,12.957752,217.811218
28.799999,13.181403,4.397872,3.225679,4.083624,-10.002165,367.752380
23.709999,23.342545,15.418237,12.549117,0.147748,-2.816125,150.939148
65.930000,44.306084,19.187033,10.204292,2.328198,2.839660,14.804408
30.219999,53.040588,30.968056,27.130009,1.412776,8.782938,216.177231
49.669998,67.438950,52.556641,41.942894,4.703713,-5.977910,63.297062
93.589996,82.013428,45.218052,32.612000,5.499513,-14.146398,74.943192
103.260002,91.026863,73.722427,74.514687,7.270502,-35.978249,201.120621
105.169998,91.917435,56.869389,36.989815,5.732814,-34.584644,213.139587
95.919998,68.475769,79.346313,105.890663,3.958200,-20.593380,240.215225
52.320000,68.422455,60.996452,56.074852,5.054398,-13.369146,129.006699
111.440002,44.701061,63.829483,103.133080,4.989161,-6.099284,93.092300
80.000000,23.915920,44.806961,89.269714,4.927793,-24.909853,204.947830
30.990000,9.990022,26.772276,72.436218,5.860391,-17.525427,78.518181
49.360001,0.115748,2.569188,86.517487,3.495290,-15.026002,204.070526
37.840000,2.546878,-8.652649,35.719193,5.985827,-14.366854,177.049744
63.529999,8.507124,-17.761162,38.078197,7.042942,-16.964989,92.094383
53.959999,10.693176,-19.922754,37.892555,2.954056,-15.021298,245.215790
68.690002,12.844004,-18.621819,27.275684,4.584663,-10.673466,45.904629
129.070007,227.159088,126.499939,260.413086,4.321921,15.630277,256.839996
30.430000,27.587090,-46.395996,106.914383,3.134867,-27.721180,486.538605
42.250000,15.968010,-24.058674,81.038223,1.326678,-0.049128,91.381561
39.520000,10.745646,-11.222944,13.661043,2.179383,16.627453,212.371948
44.180000,13.285841,-21.048672,41.483437,6.583240,8.129200,164.504364
21.580000,10.286139,-15.447059,28.007158,3.988072,-25.930586,319.709381
35.209999,6.089906,-7.943788,14.026779,3.157330,-9.516443,47.966278
19.420000,2.593267,-2.578315,2.698472,1.821310,-8.602624,90.438477
7.970000,0.259490,0.002395,0.003997,0.317221,-0.025954,0.043865
5.660000,0.408514,-0.004610,0.001998,0.409680,-0.135326,0.175460
8.270000,0.322773,0.017999,0.007018,0.306191,0.000000,0.000000
5.510000,0.328809,-0.010567,0.002437,0.312735,0.000000,0.000000
5.510000,0.322375,-0.004525,0.000877,0.314244,0.000000,0.000000
7.810000,0.405797,0.001500,0.000195,0.316860,0.000000,0.000000
6.740000,0.425854,0.000000,0.000000,0.321924,0.000000,0.000000
6.120000,0.448427,-0.005795,0.001218,0.321526,0.000000,0.000000
5.820000,0.502303,-0.002250,0.000439,0.321751,0.000000,0.000000
5.510000,0.309013,0.003034,0.000780,0.330000,0.000000,0.000000
7.810000,0.332196,-0.006750,0.003948,0.328454,0.000000,0.000000
6.280000,0.335421,0.000273,0.000195,0.327776,0.000000,0.000000
5.660000,0.370295,0.002710,0.000195,0.332714,0.000000,0.000000
6.890000,0.367688,0.000000,0.000000,0.329882,0.000000,0.000000
5.360000,0.368597,0.000000,0.000000,0.335547,0.000000,0.000000
5.820000,0.342430,0.000000,0.000000,0.335629,0.000000,0.000000
7.810000,0.427161,-0.001662,0.000439,0.335427,0.000000,0.000000
5.820000,0.309135,-0.000682,0.001218,0.339288,0.000000,0.000000
8.120000,0.523694,0.000000,0.000000,0.335267,0.000000,0.000000
6.130000,0.346842,-0.006826,0.003948,0.342305,0.000000,0.000000
5.510000,0.296505,-0.000409,0.000439,0.342534,0.000000,0.000000
8.420000,0.411643,0.000358,0.002388,0.341448,0.000000,0.000000
7.500000,0.410189,0.002250,0.000780,0.344952,0.000000,0.000000
8.120000,0.432669,-0.005309,0.002388,0.350119,0.000000,0.000000
6.580000,0.268997,-0.002812,0.001218,0.352325,0.000000,0.000000
6.130000,0.335105,0.000000,0.000000,0.351392,0.000000,0.000000
7.660000,0.353906,0.000000,0.000000,0.356090,0.000000,0.000000
7.660000,0.432405,-0.002250,0.000439,0.350094,0.000000,0.000000
6.890000,0.394575,0.001500,0.000195,0.363808,0.000000,0.000000
7.500000,0.353852,-0.008343,0.005897,0.362684,0.000000,0.000000
5.510000,0.219098,-0.008343,0.005897,0.360888,0.000000,0.000000
7.350000,0.315949,-0.000682,0.001218,0.362692,0.000000,0.000000
6.430000,0.354905,0.001500,0.000195,0.363060,0.000000,0.000000
5.970000,0.485097,0.003750,0.000780,0.366851,0.000000,0.000000
8.270000,0.211874,0.000000,0.000000,0.370280,0.000000,0.000000
6.740000,0.399037,-0.000205,0.000780,0.372162,0.000000,0.000000
5.820000,0.480178,-0.002250,0.000439,0.373433,0.000000,0.000000
8.890000,0.417951,0.000000,0.000000,0.369680,0.000000,0.000000
5.810000,0.418386,-0.003750,0.001218,0.366368,0.000000,0.000000
7.660000,0.435551,0.003068,0.000195,0.370313,0.000000,0.000000
6.740000,0.452112,0.002710,0.000195,0.377396,0.000000,0.000000
5.350000,0.409614,-0.017615,0.008237,0.369432,0.000000,0.000000
8.270000,0.428256,0.000000,0.000000,0.378752,0.000000,0.000000
5.050000,0.374606,0.000545,0.000780,0.369838,0.000000,0.000000
7.970000,0.259472,0.003000,0.000780,0.375021,0.000000,0.000000
7.660000,0.391680,0.000000,0.000000,0.368015,0.000000,0.000000
5.200000,0.223395,0.005625,0.004874,0.368540,0.000000,0.000000
9.180000,0.319971,0.000000,0.000000,0.377601,0.000000,0.000000
5.510000,0.333236,0.005420,0.000780,0.370402,0.000000,0.000000
7.350000,0.456008,0.001500,0.000195,0.369104,0.000000,0.000000
8.730000,0.427356,0.000000,0.000000,0.370945,0.000000,0.000000
6.740000,0.281818,0.003375,0.001755,0.368474,0.000000,0.000000
6.280000,0.295131,-0.003750,0.001218,0.361969,0.000000,0.000000
9.040000,0.384201,-0.004772,0.001218,0.364607,0.000000,0.000000
6.430000,0.465068,0.000000,0.000000,0.362046,0.000000,0.000000
8.270000,0.311914,-0.003792,0.001218,0.362036,0.000000,0.000000
5.970000,0.436655,-0.020325,0.010966,0.362732,0.000000,0.000000
5.820000,0.310710,0.000000,0.000000,0.359351,0.000000,0.000000
6.890000,0.378385,-0.002275,0.000439,0.360122,0.000000,0.000000
5.670000,0.328097,-0.002727,0.001218,0.353986,0.000000,0.000000
7.350000,0.398810,0.004500,0.001755,0.357421,0.000000,0.000000
8.270000,0.307247,-0.003750,0.001218,0.354591,0.000000,0.000000
6.740000,0.356282,0.001125,0.000195,0.346273,0.000000,0.000000
7.660000,0.281028,-0.003750,0.001218,0.345480,0.000000,0.000000
6.590000,0.307408,0.000000,0.000000,0.348014,0.000000,0.000000
6.130000,0.363353,0.001108,0.000195,0.345624,0.000000,0.000000
7.970000,0.278762,0.000000,0.000000,0.346742,0.000000,0.000000
7.510000,0.391680,0.001500,0.000195,0.342053,0.000000,0.000000
102.349998,256.793274,36.801598,5.368577,0.744758,0.000000,0.000000
92.080002,63.874611,80.031845,138.677200,6.097178,20.205738,80.634659
21.440001,16.504463,1.690472,18.758097,2.114290,-13.550594,671.034424
29.100000,35.215385,48.463276,73.399925,1.565609,1.142464,185.647247
45.889999,82.020706,22.898037,26.152990,1.479448,5.939230,104.661674
86.059998,145.772812,27.125254,18.555344,4.195569,18.974161,275.625122
76.500000,195.636429,105.605392,63.953140,2.676013,0.115957,398.085022
99.349998,234.513367,123.773827,85.912888,1.119883,-1.037133,26.647930
173.779999,360.629700,171.614822,106.832794,7.464764,12.605174,28.446394
168.429993,299.793457,263.192963,260.106018,1.149276,4.949217,279.474304
179.160004,276.472137,299.148560,567.916016,2.811264,-5.196193,94.989464
185.610001,320.576324,322.415009,623.870605,2.789451,-1.468743,28.490257
189.860001,327.284912,345.167542,924.795349,3.424567,-10.597482,69.460075
176.119995,333.764923,326.084686,950.894348,3.758645,-12.099844,65.161324
206.220001,304.968689,394.187500,1111.793213,4.880505,-26.814291,176.918152
172.610001,221.411835,362.443298,994.635986,3.562757,-20.909641,134.062134
143.750000,173.874924,361.366943,877.732300,2.028765,-16.669622,148.603317
128.410004,119.603638,291.893341,726.097839,0.554720,-3.889473,54.271858
82.940002,66.270821,221.495117,777.450134,0.355543,3.941882,55.116253
42.000000,21.157505,108.464668,764.101563,1.178879,3.408474,14.563149
27.440001,5.031832,22.496885,631.309692,1.439957,-1.974495,5.581810
14.230000,6.262378,-34.248413,503.242126,1.090719,-2.528488,7.654427
-14.250000,23.219408,-93.617767,456.120636,0.330513,-1.685287,19.772106
-8.420000,46.215130,-127.074249,363.404480,0.485741,-1.886451,12.929181
-11.020000,64.161720,-125.642799,252.518433,0.435931,-0.177567,5.976593
-4.590000,82.776169,-146.437561,265.439667,1.976187,8.101192,55.532978
4.600000,85.998810,-133.704865,210.628235,2.280716,19.016588,268.672546
-16.540001,92.332314,-141.499191,219.425354,0.349870,-4.187768,560.231567
164.729996,348.343994,-6.770611,258.332947,5.294493,12.714602,39.939003
57.410000,114.110245,-8.953913,310.723267,3.637900,12.125081,471.657410
69.800003,21.007021,-12.843603,20.180490,3.079113,-33.428421,589.917236
57.820000,16.106285,-22.895796,76.268509,4.904932,17.292870,225.750732
47.270000,19.239082,-29.732512,50.547928,3.981222,-20.430223,429.108490
28.190001,18.834393,-26.702864,39.780403,2.881443,17.865276,117.843071
34.340000,13.035975,-16.165346,21.225889,4.005841,20.471189,251.444626
15.010000,7.339653,-9.867952,15.977305,2.175653,9.371326,342.957794
36.230000,3.597857,-4.260206,5.567041,1.855487,10.487613,111.219467
26.830000,0.832960,-0.367542,0.393176,2.935865,9.131653,106.734276
10.280000,0.526784,-0.032853,0.204021,2.159237,2.760718,35.947292
19.160000,1.105168,-0.814978,1.042961,2.283224,2.039103,24.783672
30.840000,0.590676,-0.286923,1.404164,2.684536,0.106383,3.180206
12.720000,0.956669,-0.586177,0.752429,1.276206,2.143941,5.373451
18.990000,0.812119,-0.248795,0.371877,1.569773,0.659971,0.372852
10.110000,0.723602,-0.601900,1.225927,1.372826,1.533633,2.160347
7.350000,0.579815,-0.289462,0.472279,0.562186,1.564706,7.457035
16.080000,0.450227,-0.621058,2.241107,1.090513,0.000000,0.000000
6.430000,0.486417,-0.507458,1.483706,0.419421,1.338144,8.685253
12.560000,0.570782,-0.613592,1.413474,0.453570,-0.100238,0.043865
5.510000,0.842099,-0.751386,1.049736,0.428998,1.033629,4.101369
7.040000,0.434068,-0.155009,0.481393,0.359676,0.163192,0.274156
6.580000,0.276628,-0.126468,0.296234,0.304269,0.277728,0.636041
6.430000,0.271687,0.012263,0.381771,0.368691,0.000000,0.000000
7.500000,0.226495,0.067989,0.158060,0.335386,0.092063,0.043865
7.200000,0.205208,-0.007312,0.334202,0.358705,0.000000,0.000000
5.670000,0.194566,0.093650,0.108054,0.353967,0.000000,0.000000
7.040000,0.304443,-0.012067,0.267089,0.363442,0.000000,0.000000
6.270000,0.385609,-0.006750,0.010333,0.364379,0.000000,0.000000
7.500000,0.455672,0.016550,0.002145,0.372644,0.000000,0.000000
7.050000,0.560983,-0.001202,0.000877,0.376007,0.000000,0.000000
6.740000,0.472249,0.000000,0.000000,0.376945,0.000000,0.000000
6.890000,0.327903,0.021408,0.001413,0.385266,0.000000,0.000000
6.880000,0.428574,-0.005190,0.004143,0.386945,0.000000,0.000000
127.910004,342.807098,150.325668,67.685410,1.260189,0.000000,0.000000
50.389999,22.913292,24.330330,44.587605,4.932615,25.196501,187.730835
12.400000,17.813572,3.333272,32.087086,0.717369,1.503086,345.074219
34.930000,38.155869,18.300041,17.638666,2.441518,5.996441,24.005070
49.169998,57.194115,22.874798,21.770399,3.308575,3.791635,42.647655
46.139999,100.625443,38.936649,18.531559,1.994238,12.994241,105.407372
117.639999,151.790131,53.465096,29.007862,6.239456,0.512388,5.121228
54.459999,185.482910,85.629753,52.412811,1.395325,4.907982,92.587860
82.150002,215.332825,102.193771,89.846970,2.118468,-1.024940,26.900158
146.289993,269.149384,150.201477,115.194351,4.003916,0.394881,0.208358
96.279999,238.588455,217.355316,271.020538,3.051850,0.468205,81.204918
134.669998,240.945221,202.852234,297.778473,4.453767,-7.712517,46.178783
168.429993,240.641785,242.921432,286.369873,4.485469,-4.493526,20.046263
114.269997,219.263885,258.542755,317.972198,2.223526,-1.250283,5.757270
137.630005,212.236771,256.892151,314.918701,1.908995,-0.116065,0.010966
115.339996,178.502884,296.582397,496.301117,1.914124,0.029859,0.054831
113.660004,132.470718,235.252197,449.651154,1.965107,0.161880,0.274156
86.279999,107.989944,219.071472,444.908478,1.887711,0.000000,0.000000
90.169998,72.204933,190.398956,511.765381,1.995373,0.030888,0.043865
60.970001,39.136848,140.613266,506.779968,2.086080,0.000000,0.000000
66.180000,18.317757,95.679443,515.607422,2.049253,0.127280,0.197392
32.630001,4.357264,43.545128,478.655609,2.162796,0.176886,0.109662
16.240000,1.239425,17.502941,424.208160,1.989731,-0.022508,3.202138
19.160000,1.618196,-21.958263,369.172119,2.097792,0.061094,0.394784
4.130000,17.066591,-66.471512,270.797089,2.060617,0.003403,0.175460
-6.430000,38.467995,-95.695366,242.482208,1.385793,2.280950,6.853892
2.910000,47.822590,-88.361221,166.418884,2.128674,1.059892,2.149381
8.570000,45.585365,-74.533104,127.411919,1.629050,-0.260795,3.783348
9.650000,38.537254,-60.851868,97.692505,0.840717,6.013310,47.582462
128.899994,290.738312,45.604492,128.650406,0.017889,0.112059,22.700089
67.870003,40.383312,-44.757996,312.098816,5.189526,7.499353,19.815971
24.680000,62.343636,-32.774860,73.068695,2.035129,18.641886,384.092102
17.459999,27.665241,-53.192242,119.337204,2.767736,-0.288935,137.352005
19.420000,22.970442,-32.734383,48.673813,1.314699,0.976333,59.184731
14.250000,11.588266,-13.475629,20.197693,1.825066,13.101070,211.001175
7.050000,8.659571,-14.624460,26.881876,0.962137,2.433699,126.637993
12.110000,6.557865,-11.816135,24.049911,1.011000,1.972802,31.484035
5.820000,5.320655,-8.739344,14.829409,0.829339,4.054937,36.890385
9.350000,2.870305,-4.393679,7.598329,2.317365,1.478312,7.084183
8.430000,1.503652,-3.022854,6.266590,0.879460,-5.300678,49.863434
28.190001,0.834595,-0.967840,1.751623,2.124781,-6.016387,21.811825
19.590000,0.671265,-0.879883,2.532321,1.243368,-7.951457,60.423908
5.970000,0.354519,-0.102265,0.552893,1.656146,-0.167368,2.149381
10.570000,0.421789,-0.121568,0.373047,0.132512,0.804762,21.625402
12.400000,0.295401,0.116276,0.184184,0.305884,-2.008353,13.389762
7.960000,0.332025,0.082639,0.288046,0.062396,-0.604609,16.778326
12.700000,0.333443,-0.025064,0.088851,0.064649,-0.656339,12.676957
7.970000,0.354700,0.003128,0.028902,0.719715,3.053574,13.433628
4.900000,0.519960,-0.022439,0.014524,0.437274,0.134897,0.043865
7.350000,0.576630,-0.000153,0.006092,1.302296,-2.606009,5.307654
9.650000,0.486819,0.027433,0.009212,1.124085,-3.732944,12.676957
5.970000,0.530885,0.019311,0.209187,1.048099,0.000000,0.000000
7.510000,0.466886,-0.020453,0.028853,0.021836,0.149499,7.994380
6.890000,0.319849,0.036372,0.022615,0.059864,-0.530263,6.853892
9.360000,0.544408,-0.014385,0.013111,0.020320,-0.120996,8.597523
6.750000,0.445756,0.033628,0.007408,0.024544,-0.224556,8.597523
7.980000,0.392674,0.006409,0.000975,0.022758,0.193812,9.222597
6.440000,0.549074,0.001108,0.003607,0.019384,0.030863,6.853892
6.450000,0.420234,0.006494,0.001755,0.018988,-0.070676,5.801134
6.140000,0.423945,0.009102,0.003753,0.027678,-0.230481,5.801134
5.070000,0.489472,0.008812,0.001218,0.056260,0.346300,3.169239
5.220000,0.587052,0.007704,0.003119,0.034181,0.220490,2.807354
5.380000,0.643106,-0.005369,0.001218,0.100592,0.390178,1.853292
5.220000,0.427493,-0.003221,0.000439,0.085681,0.411622,2.467401
5.380000,0.470681,-0.001866,0.000439,0.215172,0.465972,1.096623
5.230000,0.431028,-0.011658,0.017595,0.054031,0.649793,11.229417
3.840000,0.490542,0.003835,0.003558,0.138063,1.057359,9.222597
4.610000,0.519052,-0.005991,0.001413,0.197211,0.088967,0.043865
5.380000,0.551967,0.019090,0.019496,0.473095,-0.353671,0.274156
4.460000,0.452651,-0.006681,0.002388,0.494501,-0.652390,0.888264
6.610000,0.449273,0.021672,0.027001,0.722341,-1.848386,4.836106
7.070000,0.487329,-0.023385,0.034166,0.654423,-1.925727,5.801134
16.150000,0.614586,-0.008820,0.002827,0.793944,-3.694115,17.545965
10.910000,0.377323,-0.028149,0.060290,0.874493,-4.562491,24.224394
21.200001,0.565791,-0.004789,0.006872,1.067423,-5.153753,25.266190
12.760000,0.582321,-0.017666,0.001316,0.679453,-3.584002,19.344423
9.990000,0.401811,-0.007031,0.005897,0.826559,-4.715581,27.415567
14.910000,0.496057,-0.011070,0.012721,0.465132,-3.440823,26.329912
12.310000,0.539424,0.002966,0.002973,0.198932,-2.334962,29.652679
7.390000,0.475644,0.002582,0.002193,0.037693,-0.575163,15.835231
7.240000,0.435397,-0.009656,0.005751,0.047167,0.846860,22.206610
4.610000,0.436439,-0.014522,0.011405,0.516726,0.222360,0.098696
5.230000,0.507453,0.004960,0.008237,0.651520,-0.751956,0.888264
9.860000,0.399490,-0.020479,0.012185,1.075461,-3.017203,8.597523
9.850000,0.422969,0.004389,0.020714,0.692527,-0.172399,0.043865
20.770000,0.371924,0.031694,0.037919,1.043560,-5.309582,27.415567
12.920000,0.605898,-0.029359,0.012185,0.972875,-1.742935,3.169239
12.010000,0.560404,-0.029367,0.007116,0.928126,-4.699773,24.224394
10.620000,0.554855,-0.003477,0.018375,0.535829,-2.795307,15.012765
8.160000,0.263020,0.002915,0.001755,0.760620,-4.243808,24.224394
15.860000,0.480810,-0.001440,0.004143,0.690352,-3.954205,23.204536
11.860000,0.492880,-0.004687,0.001218,0.542825,-3.495594,23.204536
8.470000,0.474814,0.007866,0.003558,0.285686,-2.551493,24.224394
14.480000,0.372238,-0.025566,0.028074,0.193521,-2.069914,24.224394
10.630000,0.557138,-0.001943,0.011746,0.105037,-1.239714,17.545965
6.160000,0.399968,-0.007414,0.000877,0.057315,0.650877,10.538544
5.550000,0.572287,-0.021493,0.018033,0.227279,1.054503,5.307654
5.080000,0.300708,-0.125642,0.058730,0.491193,0.647794,0.888264
184.949997,338.186310,202.872803,125.331940,3.562369,-0.928092,1.326914
29.430000,18.713852,5.497838,29.036818,3.961315,21.231312,348.057068
69.300003,10.766250,10.940121,38.770294,6.474317,4.033885,132.811981
31.340000,15.933546,26.727322,47.111595,1.116712,-3.001372,474.662170
79.099998,38.586929,31.174786,30.049999,6.056983,-17.366943,61.421841
32.220001,78.531372,22.886013,16.631378,1.330885,-3.499869,307.438202
50.549999,65.041946,53.701164,62.064461,0.981846,10.452265,171.742096
98.760002,146.780045,70.799019,55.083069,2.611341,7.275400,305.891937
87.309998,149.290054,75.982002,60.639484,2.616489,8.739372,307.525879
58.759998,144.139587,108.209320,107.109818,1.718852,-2.731451,101.262138
77.839996,134.142349,126.547821,139.092941,1.663146,-4.291071,83.365265
83.800003,129.248627,141.805298,162.456604,0.547229,-1.399709,19.629547
68.529999,128.511032,145.248245,170.796249,0.389660,1.003720,64.920059
73.720001,132.287567,170.211838,225.479126,0.296077,0.789657,9.573517
77.790001,130.535843,178.168762,263.319763,1.230266,2.885750,7.413170
88.720001,131.698715,214.623108,357.833710,1.685527,-2.257241,6.261716
139.449997,124.103477,215.213882,381.646362,2.204839,-6.746506,21.230618
103.029999,121.306366,234.456802,455.658569,1.171044,-5.724985,29.652679
100.669998,116.406815,239.964020,499.249146,1.205225,-5.688453,27.591026
118.709999,98.434975,250.004211,649.037781,0.604123,-4.271606,31.977518
86.110001,74.992378,221.458008,656.174683,0.346553,-2.977215,27.426533
109.970001,70.190613,213.436996,651.909119,0.016554,-0.123560,29.762342
94.860001,48.652489,189.840012,745.597412,0.139659,1.560206,21.625402
61.189999,39.362602,169.188370,750.257324,0.917531,1.409214,2.434503
51.630001,20.252230,125.430138,782.108887,1.023432,-1.614804,2.873152
39.270000,15.441319,104.569336,724.246948,1.350671,-4.746162,16.723495
25.230000,4.260977,51.911308,711.008911,0.735102,-3.669145,18.434227
15.270000,0.709984,2.414366,719.681885,0.441121,-2.095464,11.986087
-2.780000,3.865717,-44.308437,623.726135,0.089456,-0.603805,7.270608
-15.010000,17.653843,-95.217728,537.026672,0.044602,0.290870,3.169240
-9.200000,37.388313,-136.262970,503.928925,0.074379,0.106127,0.932129
-25.370001,69.460449,-167.303802,404.474274,0.100360,0.128130,0.241257
-43.459999,94.997574,-163.994141,288.742126,0.013280,0.055882,0.986960
-17.680000,84.045990,-130.157501,207.818085,0.806372,3.159199,13.115608
22.200001,100.693619,-154.233826,247.666229,3.745690,17.828836,175.613159
-6.330000,88.579071,-125.629646,180.831573,1.360621,6.813830,366.030731
130.330002,398.047455,111.002823,244.776077,0.494316,7.907640,181.359467
58.139999,64.548843,-67.531349,126.045242,4.511019,4.580543,93.914764
91.699997,19.364367,-16.408747,55.030136,5.361566,16.812222,103.060608
9.400000,19.032583,-28.588551,45.250595,3.004677,32.716003,384.793915
56.650002,19.490059,-27.721769,41.564976,6.523031,-35.446968,286.361084
52.470001,12.381285,-13.217699,15.094306,5.518308,14.593675,111.888412
25.110001,8.190650,-9.899690,12.658486,1.958968,5.825511,424.820648
36.950001,6.455736,-8.667827,12.988058,0.503709,3.456419,238.416733
14.650000,5.260139,-6.305513,9.788210,1.294362,-2.659198,274.758789
12.500000,2.741987,-2.446495,2.427825,0.468068,1.049094,51.464508
10.170000,1.879686,-1.933327,2.549233,0.642121,1.964587,57.989414
6.330000,0.932691,-0.638877,0.499621,0.090597,0.191002,14.486386
12.200000,0.617030,-0.136848,0.057122,1.043613,1.178910,4.693545
6.480000,0.947191,-0.626904,0.519458,0.188540,-0.342342,11.777728
6.950000,0.768436,0.014445,0.184964,0.520621,0.216117,1.469474
6.950000,0.500830,-0.032589,1.381745,0.077648,0.195689,2.522232
93.830002,218.668442,177.185211,153.574448,1.846347,3.577117,9.847672
49.840000,18.664158,4.179756,27.410450,3.463262,28.497757,243.592819
50.430000,50.158508,39.175449,68.060745,2.014212,-16.059998,337.661072
44.150002,121.154274,52.425079,43.518864,1.784822,1.804399,57.145012
91.449997,179.443634,120.460800,105.440125,2.930411,-4.509171,49.194496
81.389999,252.927536,156.082260,120.945152,0.720969,6.334642,91.524124
167.190002,297.012909,195.585983,152.699097,4.355918,2.319349,8.882644
162.419998,314.572144,267.774963,315.239655,0.507031,3.921185,43.250801
171.850006,317.247955,252.591919,416.455841,2.307358,0.456260,0.877298
166.220001,311.071960,299.153687,453.879913,2.156612,1.399209,3.256969
156.940002,283.051605,335.595093,509.945129,1.957388,0.420145,2.160347
191.309998,303.525330,354.041870,485.500305,2.351849,1.702604,8.180805
173.039993,231.198990,393.061127,788.008301,2.011314,2.029800,14.102568
120.620003,218.953400,335.356354,715.508545,3.412377,-5.606356,25.310055
181.750000,205.700745,348.941284,709.222290,1.945787,-4.057354,22.250475
121.629997,179.984329,366.660126,840.504272,1.451450,-0.136623,0.394784
167.100006,165.778763,359.047729,791.668091,1.412023,0.008091,0.274156
139.300003,120.373703,325.221252,884.645508,1.369965,0.202743,0.274156
107.599998,115.281792,329.030273,956.337830,1.355792,-0.057169,0.098696
92.580002,87.798096,301.233307,1045.988647,1.260592,0.077502,0.010966
119.339996,71.912476,280.002960,1095.094727,1.285711,0.086572,0.109662
83.830002,76.008682,284.202087,1082.594971,1.320357,-0.000908,0.087730
108.279999,57.025497,256.049316,1160.509766,1.310761,0.000000,0.000000
96.550003,38.387749,209.191818,1150.312256,1.315891,0.125073,0.701839
71.940002,32.163338,194.082947,1173.213379,1.321348,-0.006261,0.438649
73.160004,31.058432,193.114075,1221.767822,1.362490,0.085611,0.010966
73.970001,23.421606,167.396484,1209.181030,1.343107,-0.060770,0.175460
58.259998,21.895397,161.446167,1252.986816,1.350655,-0.015963,0.010966
55.990002,15.509619,132.971832,1265.000977,1.348744,0.000000,0.000000
54.959999,16.001575,135.341644,1190.685669,1.361574,0.000000,0.000000
40.900002,8.012078,96.912468,1236.543701,1.134826,0.432377,0.328987
37.459999,3.316301,60.814301,1173.287109,0.953673,0.729211,1.853293
20.150000,2.023386,43.224991,1133.013184,1.242064,-0.369118,1.283049
28.160000,1.783566,25.191170,1133.725586,1.176470,-0.329037,1.897157
11.240000,0.832984,-9.782169,1080.340088,1.317729,-0.464693,1.579137
7.250000,2.384886,-24.167099,1044.189697,1.308583,-0.584975,3.169239
-4.470000,5.413602,-60.988297,968.919800,1.020076,0.446394,0.789568
-10.050000,12.778721,-103.189117,961.055603,0.771031,0.577990,1.590103
-17.980000,16.877899,-116.326233,818.015747,0.721854,0.417894,0.394784
-33.189999,28.881184,-141.494232,730.561829,0.496353,1.013412,3.564024
-22.170000,43.655907,-167.918564,652.465576,0.324429,0.192744,3.553057
-32.689999,57.814766,-166.699951,488.791748,1.059223,1.143229,3.695619
16.639999,93.782753,-188.702911,385.320618,0.146149,-0.194511,12.885317
28.420000,104.491486,-182.409485,325.865631,0.776324,1.052196,4.068470
12.920000,94.393875,-151.664368,246.542801,2.425614,9.426891,40.860161
20.799999,87.654053,-108.381439,150.150009,2.497900,21.770136,227.275055
67.919998,313.287537,-117.813278,171.502472,1.264822,1.535083,339.974945
54.119999,149.075729,30.044870,313.686493,1.373710,4.935540,23.379997
61.599998,47.657478,-74.098671,128.844635,10.433423,16.731615,39.412617
15.860000,27.418560,-36.445686,61.257004,2.045929,17.525620,272.872620
27.870001,18.535576,-27.997555,47.281105,3.321162,-2.380632,267.861053
23.230000,11.289637,-14.087858,19.497610,1.917376,15.449465,142.100357
17.410000,7.231146,-12.918367,27.317308,1.391897,9.466370,160.074020
13.570000,8.842651,-14.891117,25.542141,1.307579,-4.628484,143.887863
13.080000,5.925104,-8.121525,11.296333,2.100011,0.653215,6.853892
32.330002,2.389665,-3.786444,7.161726,3.903554,-7.707022,42.658623
16.639999,0.475171,-1.055285,3.213543,0.896907,2.484154,44.808002
12.200000,0.288515,-0.031046,0.055319,0.691448,1.285699,8.213704
54.119999,253.729095,-3.351416,0.075545,0.945131,0.858664,3.256969
147.009995,346.315186,85.315598,70.299904,1.896046,4.781945,12.326039
108.360001,176.265610,-21.798820,6.784245,6.455204,20.948875,112.667023
148.399994,419.140198,-15.167873,12.877859,2.179293,-5.814148,413.174530
87.160004,336.556213,-5.273331,41.793175,1.882590,-1.866931,154.601868
89.449997,376.640503,34.746212,5.653943,2.756402,12.171618,68.286697
70.269997,376.440460,-12.254904,12.298745,0.874664,-3.328644,118.753273
250.029999,600.732788,385.690002,282.740173,0.963422,1.139023,32.481964
180.000000,572.222595,258.685364,199.479446,1.251642,3.648749,43.130177
187.500000,500.427216,338.746582,249.381805,1.146454,2.473481,17.173111
169.789993,384.663818,353.629517,343.156708,1.506380,1.138152,5.417316
89.989998,160.533508,244.688065,416.799652,1.352264,0.662457,1.590103
37.549999,27.892931,105.397301,478.106323,1.409442,1.047323,2.642861
15.050000,2.097942,1.425375,400.632172,0.699420,1.102495,2.072617
1.850000,4.049613,-24.669147,459.056763,0.403811,1.112487,6.557804
8.940000,3.691046,-25.921856,433.152100,0.522391,0.271691,0.274156
34.950001,3.119679,16.681351,379.703491,0.787900,0.282064,0.438649
8.170000,2.015105,-19.623928,395.013885,0.437185,0.328964,0.701839
14.190000,2.601649,-5.883787,269.079865,0.651566,0.096102,0.098696
15.410000,2.455649,10.816380,281.290527,0.485766,0.083507,1.326914
103.790001,365.466980,64.494614,263.770874,0.717489,0.079032,0.098696
247.300003,364.340790,258.861084,323.464355,8.369912,8.488568,18.763214
152.559998,378.168793,209.963104,228.647919,4.263605,33.710564,417.133301
214.699997,372.957489,211.416473,413.505493,4.470874,-4.274104,346.456024
167.190002,340.952026,207.979630,560.159302,7.611778,-7.429136,217.306763
97.849998,361.906311,157.256012,271.268250,5.959747,5.652726,21.449940
184.770004,306.084167,162.763397,141.801880,7.935521,7.062967,10.593375
115.459999,227.456604,166.720306,232.287598,4.157449,1.846242,105.429298
87.959999,120.463234,82.509224,121.596794,4.375075,8.687891,19.147032
65.739998,45.241173,64.921539,122.499329,3.916311,5.814656,42.472198
53.230000,40.591652,62.991028,115.202110,5.766979,15.665619,58.395161
47.060001,51.135838,47.744545,66.813118,4.014323,-3.101520,274.177582
38.880001,53.705063,37.685425,67.568192,3.962013,-7.299089,70.710228
37.430000,50.541206,24.919724,60.940109,1.617865,10.021240,155.226944
21.980000,46.883446,22.359745,49.945801,2.037261,14.070308,207.755173
22.000000,5.714689,-5.302221,5.786805,1.725168,6.647322,240.906082
79.489998,2.991268,-2.794862,3.401821,4.768695,28.622675,266.676666
145.660004,484.682892,-48.850750,7.340743,1.268684,17.316759,510.477844
280.320007,546.183960,387.875427,276.146454,5.037511,-17.936705,207.382324
170.399994,524.212891,260.073273,167.090958,1.839730,2.776156,132.143036
168.639999,340.679260,240.819275,190.466202,3.581037,1.847722,4.671613
299.929993,676.381348,344.596497,212.902130,1.113440,2.830203,215.256088
309.459991,609.967773,583.117126,573.153625,5.838924,18.018528,57.627518
292.700012,604.219849,651.807068,768.737610,2.284993,29.258709,558.619629
311.609985,538.036011,680.686462,1181.774658,4.631321,-7.279992,473.510712
306.440002,492.345703,657.637573,1332.557861,2.567666,8.319402,105.374474
289.339996,625.864319,592.819275,1289.311035,3.565004,-11.857436,378.587036
244.630005,544.759521,461.236053,1911.461792,5.319826,13.247449,51.190350
252.910004,617.480713,510.403168,2039.641357,4.413789,-21.179567,326.420715
255.339996,537.981018,511.015106,2146.811523,2.569753,10.586141,90.164314
309.470001,540.990540,606.566895,2378.353027,0.492270,-2.499127,196.931503
295.739990,483.064972,677.513428,2556.281250,1.965652,-4.788732,64.678810
300.799988,416.577576,747.622437,3094.861328,2.703799,3.631083,6.689398
311.070007,378.410339,658.508301,3488.216797,1.847564,-4.677068,108.203766
265.920013,387.941010,671.871277,3177.609863,1.642685,-1.855912,6.327513
303.089996,435.372528,701.460815,2793.008301,1.764318,3.426018,30.990561
258.529999,494.800446,735.427917,2639.730469,0.853822,1.092490,12.523432
310.839996,389.830292,751.076843,2991.378906,0.381111,0.201441,29.850069
245.059998,373.114014,736.320313,3094.245117,0.665137,0.707135,23.259369
209.110001,320.716766,706.264771,3104.646484,0.519056,1.553059,12.337006
288.010010,276.314117,731.955322,3195.448242,0.450097,1.260377,10.999126
232.830002,233.315521,720.420410,2703.936035,0.882441,1.586434,7.643461
221.000000,162.345642,692.328674,3081.961670,0.331151,-0.811991,33.359261
181.699997,116.946411,547.354187,3306.029053,0.483815,-0.541819,15.758469
111.660004,72.016052,359.047729,3274.639648,0.454890,-0.459197,19.541817
60.070000,24.584599,197.609787,2739.578369,0.614230,1.535471,4.364559
29.370001,2.676734,38.618015,2553.955078,0.518616,1.182546,7.117082
-49.070000,18.753658,-197.836716,2148.277344,0.338215,0.726350,6.842927
-48.240002,99.915703,-391.482788,1544.887451,0.411941,0.457165,6.492007
-56.740002,189.143341,-486.603943,1270.481323,0.881157,0.986784,2.566097
-78.820000,253.748962,-476.221741,899.050903,0.505475,2.012213,42.768288
-66.650002,260.620392,-435.115417,730.329346,1.301943,1.215183,4.638715
17.940001,248.157898,-309.579895,437.471588,2.970581,9.147627,138.108643
-25.510000,228.235458,-294.907471,499.634491,3.797328,-4.577089,179.122360
15.720000,198.570404,-294.429169,468.357208,1.547022,-4.075202,270.646484
-19.260000,150.783539,-211.971970,298.631104,1.260599,5.379148,164.219254
17.559999,123.529068,-172.443436,241.608368,1.579067,7.816647,103.630852
-25.850000,123.942276,-186.862579,282.909637,2.805439,8.953307,128.864136
10.540000,101.675079,-146.324280,211.461304,2.340463,13.603779,101.382774
0.450000,72.056473,-99.790924,140.597107,2.005815,4.040102,61.739861
23.150000,43.166496,-53.580025,69.702805,3.880023,0.458830,2.390638
95.540001,16.483389,-17.903404,21.055836,8.415012,29.336147,220.574677
32.340000,8.592577,-11.670483,18.629963,5.305101,7.044591,304.093475
31.770000,9.243826,-15.976121,28.926378,7.167623,10.217458,84.187729
92.360001,11.312785,-18.279289,30.466518,6.488423,-1.764053,18.916742
43.439999,9.229289,-10.964792,13.461896,3.661610,39.972260,445.897736
7.480000,7.285946,-9.679061,14.040476,0.747295,6.396531,559.902649
40.599998,7.933126,-10.172253,13.467014,3.488503,20.544800,176.951050
7.330000,11.090711,-17.123817,27.823072,0.459186,0.252288,294.169067
17.549999,8.277864,-8.214663,8.353632,1.574694,4.420465,78.803307
32.360001,5.323383,-5.126240,5.331877,0.534310,-3.090364,69.098198
248.039993,525.674561,321.948425,239.847351,3.495275,18.741314,158.472961
188.229996,443.198212,392.816498,437.549988,2.388139,-10.972891,257.388336
218.729996,316.488922,344.893799,400.541534,4.418854,4.517969,78.496262
210.490005,297.830139,412.378296,592.041443,2.321303,-16.081316,241.991730
130.679993,144.834396,244.159210,416.254028,4.561352,-10.659679,43.283699
49.520000,62.736847,128.287140,330.152039,2.195106,-1.156448,34.883572
85.500000,54.434769,140.783661,384.327667,1.985007,1.584615,13.367831
27.070000,1.309207,14.700437,375.121490,2.431832,1.575807,5.702438
23.860001,0.349993,10.862084,352.315704,2.615578,0.591696,2.149381
141.270004,658.796082,-236.292358,87.531548,2.601336,-0.147459,1.272082
237.720001,684.602783,254.397278,112.544144,7.078205,4.348602,10.286322
260.559998,765.825806,290.652679,129.136429,0.775984,-10.436651,281.919769
205.149994,540.338684,294.573181,189.415894,1.751610,-1.818900,31.736261
116.839996,175.972565,214.167297,318.134735,3.668361,13.173078,145.927582
56.380001,94.263176,129.801010,206.528564,0.241223,-0.927193,330.653687
83.489998,78.176888,72.201920,160.220825,3.895302,17.727909,157.957535
45.990002,67.150017,81.954636,269.048920,0.900898,-11.548677,391.494324
77.690002,41.941162,38.411900,270.952789,1.561864,6.916898,46.091053
58.090000,30.370810,32.528088,169.221207,2.966954,-10.462423,214.916107
34.470001,17.515522,36.142418,141.203735,1.864751,-8.997478,60.862564
49.869999,10.975786,35.049591,120.826515,1.459858,-3.872383,40.289921
22.820000,9.346478,33.539452,124.419792,0.905207,0.793550,88.278122
31.530001,13.076942,26.980711,83.834167,0.789838,3.620461,27.053682
21.020000,13.442933,23.075247,81.403038,1.279371,8.708561,109.399086
7.510000,7.888876,0.282746,83.237228,0.193870,-2.856178,82.411194
17.309999,8.196625,-6.391339,59.872185,0.724454,1.764440,25.101692
4.590000,6.700977,-8.229629,67.801414,0.150445,3.328785,76.730690
0.610000,13.347584,-30.782522,73.453110,0.065045,0.765366,46.332314
14.390000,8.534641,-23.848791,70.685715,0.604924,-0.552268,1.425610
49.939999,5.270260,-5.562325,94.283386,4.390720,22.993351,124.389908
16.240000,16.442404,22.020279,118.581230,0.372478,5.501178,281.601715
74.040001,52.205643,43.330296,158.933624,2.995699,12.068702,85.415939
51.200001,109.669037,61.791702,198.446732,0.799467,12.326546,230.488174
90.910004,142.650055,118.661491,229.063965,1.232908,6.982176,137.143631
70.830002,174.882950,172.749252,268.458527,0.844737,6.247025,152.156372
126.160004,188.143509,202.049683,450.570251,2.072045,1.705357,62.090778
15.930000,0.771140,-1.324601,4.031916,1.658329,9.062467,208.544739
17.459999,0.835279,-0.826245,1.564076,0.889667,4.676836,94.331490
32.299999,0.517265,-0.268242,0.321822,2.489115,7.602124,40.849197
7.350000,0.334813,-0.013942,0.019008,0.444899,5.386713,109.004303
18.070000,0.643820,-0.132596,0.085147,1.913414,5.769805,24.717875
5.820000,1.030537,-0.909369,0.941195,0.301136,-0.299265,115.353752
15.160000,1.235776,-0.991003,0.873302,0.417867,-0.135562,0.493480
8.130000,0.914736,-0.785151,1.284267,0.941127,2.380554,7.303507
7.380000,0.269869,0.000000,0.000000,0.397275,0.000000,0.000000
7.080000,0.410359,0.000000,0.000000,0.402925,0.000000,0.000000
6.460000,0.235997,0.000000,0.000000,0.407374,0.000000,0.000000
7.390000,0.397697,0.000000,0.000000,0.415997,0.000000,0.000000
8.150000,0.375354,0.000000,0.000000,0.415611,0.000000,0.000000
8.010000,0.375354,0.000000,0.000000,0.418835,0.000000,0.000000
6.930000,0.466965,0.000000,0.000000,0.422425,0.000000,0.000000
7.850000,0.267880,0.000000,0.000000,0.425579,0.000000,0.000000
6.310000,0.419074,0.000000,0.000000,0.425445,0.000000,0.000000
6.630000,0.505458,0.000000,0.000000,0.429548,0.000000,0.000000
8.310000,0.382060,0.000000,0.000000,0.433350,0.000000,0.000000
7.240000,0.479306,0.000000,0.000000,0.437144,0.000000,0.000000
6.770000,0.310534,0.000000,0.000000,0.445013,0.000000,0.000000
8.320000,0.377244,0.000000,0.000000,0.446239,0.000000,0.000000
6.160000,0.328748,0.000000,0.000000,0.451502,0.000000,0.000000
8.010000,0.287256,0.000000,0.000000,0.452175,0.000000,0.000000
7.240000,0.354107,0.000000,0.000000,0.458622,0.000000,0.000000
6.630000,0.486262,0.000000,0.000000,0.464081,0.000000,0.000000
7.860000,0.366864,0.000000,0.000000,0.464335,0.000000,0.000000
7.400000,0.168280,0.000000,0.000000,0.468579,0.000000,0.000000
8.010000,0.341968,0.000000,0.000000,0.469415,0.000000,0.000000
7.090000,0.336215,0.000000,0.000000,0.475090,0.000000,0.000000
7.870000,0.346972,0.000000,0.000000,0.551129,0.000000,0.000000
8.340000,0.306897,0.000000,0.000000,0.551409,0.000000,0.000000
7.400000,0.376178,0.000000,0.000000,0.558239,0.000000,0.000000
8.330000,0.332646,0.000000,0.000000,0.553863,0.000000,0.000000
7.410000,0.278686,0.000000,0.000000,0.557552,0.000000,0.000000
8.030000,0.317094,0.000000,0.000000,0.560253,0.000000,0.000000
8.180000,0.417568,0.000000,0.000000,0.562107,0.000000,0.000000
7.710000,0.338595,0.000000,0.000000,0.563819,0.000000,0.000000
8.030000,0.356884,0.000000,0.000000,0.566294,0.000000,0.000000
8.800000,0.240496,0.000000,0.000000,0.556760,0.000000,0.000000
8.340000,0.259922,0.000000,0.000000,0.566047,0.000000,0.000000
7.560000,0.342585,0.000000,0.000000,0.571802,0.000000,0.000000
8.030000,0.257422,0.000000,0.000000,0.570378,0.000000,0.000000
7.870000,0.397137,0.000000,0.000000,0.564857,0.000000,0.000000
8.340000,0.409190,0.000000,0.000000,0.572880,0.000000,0.000000
9.110000,0.314137,0.000000,0.000000,0.570418,0.000000,0.000000
9.430000,0.364289,0.000000,0.000000,0.612074,0.000000,0.000000
6.650000,0.274892,0.000000,0.000000,0.600906,0.000000,0.000000
8.340000,0.395030,0.000000,0.000000,0.603871,0.000000,0.000000
10.820000,0.325504,0.000000,0.000000,0.603871,0.000000,0.000000
8.030000,0.395374,-0.005599,0.000439,0.612960,0.000000,0.000000
6.800000,0.413723,0.000000,0.000000,0.615069,0.000000,0.000000
206.669998,505.312805,278.070404,153.820526,0.376555,0.000000,0.000000
204.089996,309.006653,266.773743,285.355011,8.909582,6.239891,6.459108
144.919998,467.022827,127.513504,56.695007,3.489919,29.119825,318.930786
208.949997,415.243469,261.258545,173.960266,3.535171,9.634730,126.287064
169.610001,246.138687,183.285553,140.982788,10.480796,13.754889,39.939003
166.830002,329.798737,256.847107,202.623474,5.259719,2.146818,98.641212
173.039993,239.500061,244.069839,257.932983,6.787631,9.707803,29.455286
159.710007,247.153595,228.728119,231.331253,4.848228,6.057191,16.591900
142.240005,194.513840,225.361053,264.682190,5.962493,1.757392,0.932129
107.239998,103.557945,168.911362,279.126129,5.354764,4.971063,7.687325
71.330002,106.044861,150.636856,215.678619,3.809450,1.563913,3.213104
87.959999,64.757454,120.652138,225.185715,5.154506,1.444287,0.592176
86.750000,56.528141,121.936066,270.875458,5.077586,0.838926,0.537345
89.879997,84.454338,140.289795,249.688507,3.131917,2.332503,6.206884
54.230000,12.402572,48.722904,192.144226,3.683855,1.080785,0.504447
38.910000,6.185397,30.088770,162.751953,3.823181,1.092456,0.581210
1.530000,2.114554,-15.875722,138.238892,4.187963,0.126478,0.010966
21.920000,19.904713,-32.320362,53.586052,4.222555,0.000000,0.000000
23.330000,57.139622,-40.123169,28.475489,4.011648,0.584569,0.197392
30.990000,85.146606,-18.448368,6.110382,3.419366,1.660053,3.246004
44.759998,118.712555,6.365637,0.716753,2.915946,1.879883,4.090403
38.259998,58.951359,23.543179,10.988012,2.665290,1.384821,1.085657
19.709999,11.238983,19.011978,33.933651,2.292470,2.168947,2.642861
13.410000,1.575583,5.688103,31.295614,1.458014,2.094363,5.888865
23.110001,14.756494,25.403889,43.823673,0.935907,2.337005,6.206884
11.110000,1.848104,11.521875,87.782501,0.346068,1.839639,10.066997
17.900000,3.293616,32.475670,371.240662,0.062109,0.000000,0.000000
24.650000,6.447545,46.940525,387.031738,0.061100,0.000000,0.000000
21.309999,6.923821,50.667297,380.481354,0.065657,0.000000,0.000000
26.370001,6.327775,48.487251,388.197723,0.070720,-0.024131,0.010966
23.900000,4.932442,40.627182,382.220612,0.067199,0.000000,0.000000
25.129999,5.566080,42.550438,374.739563,0.064188,0.000000,0.000000
22.969999,7.161697,52.599621,414.297455,0.064628,0.000000,0.000000
24.070000,3.779229,39.087891,421.087341,0.057876,0.000000,0.000000
20.809999,3.282519,35.180878,418.353668,0.061239,0.000000,0.000000
18.520000,5.387338,40.539787,405.712341,0.061684,0.000000,0.000000
28.990000,7.637239,54.564934,446.167480,0.062249,0.000000,0.000000
19.129999,5.697167,47.527752,417.725098,0.061550,0.000000,0.000000
17.879999,4.545432,42.443245,434.063293,0.061712,0.000000,0.000000
15.880000,5.302820,45.184357,459.851166,0.058840,0.001572,0.010966
23.920000,5.858023,46.488815,422.412720,0.061379,0.000000,0.000000
21.430000,6.006304,49.035885,439.144226,0.056807,0.000000,0.000000
18.500000,4.045780,41.015842,459.885132,0.059374,0.000000,0.000000
26.209999,5.431585,48.939095,450.621216,0.038674,0.000000,0.000000
19.889999,4.670225,39.305214,443.092346,0.046928,0.020669,0.010966
15.430000,5.041268,45.129025,432.910400,0.057674,0.000000,0.000000
24.360001,8.080809,59.399704,442.780273,0.048818,0.000000,0.000000
25.290001,7.190318,57.016151,474.958862,0.048779,0.000000,0.000000
17.450001,4.328930,41.739616,457.247192,0.048162,0.000000,0.000000
19.430000,5.341597,44.008240,462.198395,0.048415,0.000000,0.000000
21.280001,6.007264,48.847015,447.750061,0.046886,0.000000,0.000000
26.980000,5.435683,49.413902,477.498993,0.043588,0.040751,0.043865
21.120001,5.102782,47.752872,477.317780,0.047730,0.000000,0.000000
20.850000,3.411080,38.250355,473.485840,0.044927,0.000000,0.000000
25.600000,6.378344,52.379120,463.458679,0.048551,0.000000,0.000000
21.150000,4.247940,44.038219,484.991394,0.048714,0.000000,0.000000
19.150000,5.119203,47.647423,473.063660,0.053129,0.000000,0.000000
21.450001,3.627486,39.515625,482.385437,0.054268,0.000000,0.000000
17.760000,2.015057,28.680159,469.450562,0.052563,0.000000,0.000000
13.740000,2.439406,25.664888,446.742950,0.049462,0.000000,0.000000
10.030000,0.284366,6.723532,430.183685,0.047718,0.000000,0.000000
6.330000,0.289455,0.201276,422.165527,0.036691,0.000000,0.000000
1.850000,0.788946,-17.721169,411.244385,0.041537,0.020747,0.010966
-4.310000,9.229513,-54.403336,351.795837,0.042818,0.000000,0.000000
-8.510000,23.114313,-82.275955,306.997192,0.040083,0.040875,0.043865
-21.290001,36.787262,-99.599060,270.088654,0.032444,0.018241,0.010966
-15.380000,50.431862,-106.160286,224.455017,0.037953,0.000000,0.000000
-8.440000,31.386169,-72.074188,165.574921,0.036961,0.000000,0.000000
-4.300000,29.836599,-58.887627,117.189293,0.035625,0.000000,0.000000
0.630000,14.062136,-33.787685,82.311920,0.033928,0.018879,0.010966
1.720000,6.453476,-20.212456,65.930420,0.032630,0.000000,0.000000
3.090000,1.126367,-6.306945,44.161674,0.030061,0.000000,0.000000
4.950000,0.145303,0.315889,34.290123,0.038324,-0.021738,0.043865
7.880000,2.862552,8.885166,36.927525,0.029090,0.000000,0.000000
8.190000,1.821996,6.939585,52.662746,0.027450,-0.003395,0.010966
6.640000,1.390511,4.292905,19.516716,0.022732,0.061012,0.175460
7.260000,1.717688,5.455330,18.414001,0.009711,-0.048369,0.274156
13.120000,9.109320,15.902873,28.499615,0.041604,0.000000,0.000000
15.900000,19.788120,20.792471,22.869751,0.023346,0.000000,0.000000
31.280001,42.144012,38.327309,35.362865,0.023489,0.000000,0.000000
37.720001,66.836792,57.287521,50.010384,0.030110,-0.006294,0.010966
39.299999,99.484970,88.478806,79.762779,0.024933,0.015447,0.010966
40.709999,101.293312,96.687683,93.813095,0.027323,0.000000,0.000000
76.449997,115.718971,127.583145,141.577744,0.030880,-0.004248,0.010966
43.630001,74.370567,114.469238,178.026215,0.034196,-0.002270,0.054831
19.270000,13.871379,50.239258,186.653076,0.049165,-0.046524,0.054831
17.139999,7.573469,31.034008,157.863800,0.025940,0.046527,0.142561
11.270000,1.775917,19.514563,241.504837,0.040465,-0.009051,0.098696
-1.230000,1.167047,-16.482283,240.357666,0.037193,-0.002835,0.010966
-6.780000,21.949055,-59.291569,161.600998,0.029987,0.047980,0.098696
-4.160000,36.351810,-65.630959,118.737473,0.029518,0.018620,0.153527
-4.630000,39.643471,-68.462395,118.639717,0.012442,0.020295,0.043865
-2.000000,21.327873,-46.584492,105.706100,0.025237,0.000000,0.000000
1.390000,26.331785,-31.391357,38.028683,0.021981,0.029927,0.043865
1.390000,9.052700,-17.906839,35.625618,0.021168,0.000000,0.000000
2.780000,3.734735,-10.036538,27.719162,0.017120,0.000000,0.000000
6.500000,1.067956,3.060624,22.575123,0.019353,0.004746,0.043865
7.730000,2.139713,8.005308,35.326504,0.021968,0.000000,0.000000
6.650000,1.632392,2.038269,7.361945,0.042362,0.043343,0.098696
3.550000,1.066199,2.210696,6.233057,0.029728,0.021438,0.131595
5.100000,0.060834,-0.054559,6.704166,0.044885,0.104743,0.274156
9.570000,3.317325,5.711965,10.724483,0.041144,-0.085218,0.197392
5.250000,3.184822,7.706191,19.481283,0.034562,0.000000,0.000000
5.250000,0.224313,-0.747049,9.577660,0.034567,0.000000,0.000000
2.930000,3.953853,-0.857973,0.515656,0.032598,0.016535,0.175460
11.250000,36.947887,2.109650,2.121648,0.035669,-0.044150,0.274156
27.059999,122.210892,13.758955,2.905709,0.026455,-0.028839,0.274156
28.580000,113.132652,17.301598,2.993244,0.024981,0.007522,0.087730
11.860000,72.395470,18.693525,5.264618,0.022315,0.000000,0.000000
92.959999,265.797791,126.440109,60.660881,0.030625,-0.061388,0.372852
137.320007,284.485901,206.619080,154.777863,0.086667,-0.085461,0.098696
80.160004,174.649750,154.150070,136.952728,0.048084,-0.050479,0.098696
23.420000,38.944328,85.458351,192.545609,0.039359,-0.067160,0.208358
41.730000,29.292585,76.646210,212.378387,0.034308,0.000000,0.000000
30.549999,10.880842,58.923805,347.513092,0.055739,-0.101979,1.348846
12.980000,2.894650,28.999762,297.727234,0.076846,0.103871,0.394784
11.900000,0.613208,10.937778,240.798218,0.059406,-0.060724,0.175460
7.120000,1.258592,9.673871,250.087387,0.054100,0.000000,0.000000
16.209999,6.676434,40.941742,302.603302,0.040155,0.000000,0.000000
16.059999,5.168608,42.132332,422.429901,0.035536,0.000000,0.000000
25.170000,6.260565,40.667645,296.662933,0.037325,-0.006994,0.043865
18.840000,5.396901,37.830830,283.564972,0.036935,0.014941,0.043865
16.820000,3.362755,30.496748,334.412354,0.036598,0.000000,0.000000
34.689999,18.714228,77.903145,330.442108,0.034359,0.011044,0.175460
28.969999,17.431036,77.544456,353.996735,0.034394,0.000000,0.000000
28.680000,12.115829,64.766838,364.943909,0.036378,0.000000,0.000000
12.360000,3.008361,31.631767,357.209656,0.035705,0.000000,0.000000
16.070000,2.014170,24.009167,352.444153,0.034541,0.000000,0.000000
39.759998,13.990191,71.515289,370.823029,0.036574,0.000000,0.000000
26.170000,18.114660,84.472397,401.847107,0.042255,-0.018037,0.010966
21.450001,7.426122,49.935734,367.798218,0.041396,0.000000,0.000000
20.830000,6.189081,50.056782,412.631653,0.039568,0.000000,0.000000
16.820000,6.442530,50.180420,400.460297,0.043647,0.000000,0.000000
23.930000,7.698181,55.537193,403.509766,0.043268,0.000000,0.000000
24.530001,7.936278,57.804741,421.894653,0.043159,0.000000,0.000000
24.840000,8.255888,55.723137,394.266174,0.045608,0.000000,0.000000
22.530001,8.024688,57.449116,425.994446,0.047038,0.000000,0.000000
22.219999,8.472445,58.439484,410.399841,0.049132,0.000000,0.000000
20.350000,8.717161,59.297119,411.613007,0.048586,0.000000,0.000000
33.619999,9.302750,61.809479,431.393127,0.046143,0.000000,0.000000
18.049999,9.936234,64.478767,440.635712,0.051666,0.000000,0.000000
22.200001,7.860318,58.450062,436.651245,0.051636,0.000000,0.000000
22.240000,5.034039,46.107555,443.796234,0.053577,0.000000,0.000000
16.219999,1.370510,23.499342,423.804291,0.054165,0.000000,0.000000
18.219999,1.930651,26.589561,443.167084,0.055173,0.000000,0.000000
12.670000,1.796505,25.301037,431.026184,0.056125,0.000000,0.000000
10.340000,0.823350,15.155704,389.620453,0.056686,0.000000,0.000000
0.610000,0.444414,-12.146648,349.248383,0.057632,0.000000,0.000000
-6.010000,7.858795,-48.023430,301.490234,0.054074,0.000000,0.000000
-14.210000,33.654881,-97.906494,285.214264,0.050555,0.000000,0.000000
-14.610000,49.154228,-107.514198,237.282349,0.045420,0.000000,0.000000
-28.620001,51.424225,-91.115974,161.777435,0.033286,-0.020931,0.065797
38.139999,28.148684,-54.932407,108.437317,0.031028,0.000000,0.000000
0.000000,28.825262,-42.496758,63.445179,0.034444,0.000000,0.000000
22.410000,11.789545,-20.563168,36.696213,0.036813,0.000000,0.000000
2.840000,1.560418,-6.849685,33.734455,0.038114,0.000000,0.000000
7.900000,1.642238,5.044930,20.973568,0.043561,0.000000,0.000000
6.500000,2.106351,9.158360,45.204540,0.045506,0.000000,0.000000
6.660000,1.099454,3.481259,20.682499,0.048322,0.000000,0.000000
5.880000,1.573621,4.036236,13.792930,0.047010,0.000000,0.000000
8.660000,2.171148,6.874151,22.338545,0.047676,0.000000,0.000000
4.790000,0.601003,2.187695,13.247739,0.048118,0.000000,0.000000
6.650000,0.525384,1.996246,9.753410,0.051887,0.000000,0.000000
7.890000,1.215906,4.936572,21.900578,0.050993,0.000000,0.000000
6.500000,1.566902,4.545074,19.722687,0.053314,0.000000,0.000000
18.840000,21.817738,10.508698,17.361633,0.376401,0.922660,203.215164
57.689999,50.043205,24.376173,20.765745,3.229933,4.111854,11.196519
34.900002,99.113281,56.933762,34.823326,0.424699,4.882112,154.305786
49.860001,135.992096,66.263802,33.649109,1.129524,0.097343,13.872275
76.349998,133.373703,72.586952,45.036880,2.113278,8.682207,38.359863
64.440002,96.357231,85.387878,98.660706,1.668172,-6.719146,138.371857
60.880001,81.476898,73.892975,86.837654,3.861784,8.662874,58.998299
31.100000,40.151455,56.402588,127.823357,0.734309,2.547958,279.792297
49.930000,40.152412,68.353058,183.317398,0.772108,9.897198,132.570709
71.849998,56.864662,42.177750,174.730453,3.902341,17.587646,101.733688
46.709999,67.276192,65.862038,175.137604,0.784554,8.845387,305.376526
78.739998,35.750885,79.240768,184.480652,2.894830,13.575991,81.215874
67.610001,53.364491,102.893524,233.832993,2.774784,23.241219,206.483063
47.290001,53.134357,94.563553,196.847824,0.871320,-1.250013,214.696793
99.900002,86.809631,85.726395,179.540771,5.829049,5.345353,57.967476
75.010002,103.075348,108.804367,187.579330,1.270873,5.421978,183.146957
94.769997,117.497787,113.085434,181.127823,4.482050,5.984779,73.616287
67.360001,118.617020,122.362350,201.718842,1.371623,4.946260,107.677383
103.110001,109.797951,128.082184,200.684357,3.201935,7.756773,43.020512
79.699997,92.738609,140.155334,262.119141,1.409086,7.479887,90.581039
86.029999,82.292419,145.693665,307.261963,1.130387,2.428879,15.933927
78.589996,73.256714,146.100067,339.550171,1.833370,3.601388,15.988759
78.400002,59.928783,138.471481,337.458496,0.701734,1.462504,11.942222
63.720001,51.285507,133.846710,357.207581,0.721440,0.202433,1.612035
62.070000,43.227230,121.080902,391.616821,0.702092,0.493648,1.173386
41.790001,33.142239,115.733566,431.294495,0.559786,0.337825,2.390638
43.820000,30.997814,111.613678,438.821320,0.589041,0.421112,0.756670
44.310001,24.879320,99.832321,444.276978,0.761135,1.116347,4.397457
48.200001,17.771692,91.569260,482.277588,0.261073,0.290094,8.378198
39.419998,13.070675,81.279800,529.408447,0.224077,0.067580,0.537345
28.969999,10.712012,76.069824,551.576477,0.111432,0.021136,0.142561
28.860001,6.310734,57.597775,525.868469,0.066703,0.038136,0.175460
23.450001,4.416677,48.149479,541.245239,0.047679,-0.008286,0.175460
22.219999,3.447528,39.485142,551.291504,0.245430,0.180723,0.186426
18.700001,2.023309,30.896044,552.800110,0.069903,-0.190390,4.496153
24.090000,2.262341,33.579803,553.888916,0.046150,-0.179457,1.853293
16.840000,1.861766,29.215643,549.292419,0.032608,-0.042143,1.579137
14.680000,0.500208,16.174788,552.631348,0.027390,0.031105,0.701839
12.670000,0.362790,10.565378,524.870972,0.013689,0.030488,0.537345
8.650000,0.518659,14.751160,498.350494,0.005605,0.024047,0.394784
6.030000,0.432386,-10.261692,452.677551,0.006406,0.000000,0.000000
-0.610000,2.038412,-28.965656,435.515045,0.017442,-0.021456,0.186426
-6.530000,11.323400,-67.509224,406.461212,0.007130,0.000000,0.000000
-15.580000,19.215582,-77.460541,314.149139,0.076561,0.080711,0.537345
-8.750000,35.178322,-91.461166,240.243698,0.186887,0.162649,0.274156
15.040000,47.065796,-97.490387,214.333786,1.406375,3.383353,9.178733
40.099998,53.482075,-96.632706,179.777390,4.462146,24.123783,157.847855
-2.620000,74.578804,-100.163506,151.132889,0.472145,9.740461,443.989655
50.669998,89.072937,-34.947830,97.767372,2.884348,17.118540,103.301849
39.400002,84.697845,34.995544,152.714310,0.529226,3.335464,238.734741
74.639999,87.367256,43.818451,265.513672,5.982873,20.836391,113.270157
57.270000,72.956711,24.258389,219.902039,1.456290,2.590721,473.203674
97.900002,126.718933,86.536270,243.408096,0.746871,6.965764,280.154205
91.720001,146.849396,84.281052,123.456306,3.135077,16.481281,151.827408
83.059998,144.490616,105.837135,140.994522,3.687450,-5.974351,174.099838
51.130001,73.071358,101.391174,164.002991,3.037468,6.533610,39.270058
70.930000,87.968346,115.762794,178.575623,2.114500,5.633519,20.331387
78.970001,118.431595,141.157349,171.173676,3.555887,2.989097,10.461781
79.300003,105.868378,126.921555,155.643692,3.231869,4.909031,12.260242
68.790001,85.076836,117.474022,166.689636,3.698078,-0.022225,0.010966
79.279999,63.878662,108.118286,201.403046,4.415135,3.543749,17.820120
52.240002,44.582047,89.876175,214.415283,0.811742,-4.525550,150.303116
38.000000,19.666801,48.762695,172.843964,1.948830,2.561023,3.882044
42.770000,10.230587,34.264240,193.288330,3.159325,1.137694,12.326039
38.959999,6.681318,8.100706,167.061111,4.015156,2.594977,17.293741
13.390000,8.169681,-19.493912,144.471222,4.111576,6.080373,33.381195
25.420000,14.635425,-20.952942,99.104187,3.714697,12.698928,88.267159
42.619999,24.704412,-29.832230,84.402664,3.593681,9.716396,174.999039
32.799999,26.124445,-24.851688,69.866707,3.935499,19.700172,244.481049
37.290001,20.649946,-6.806468,49.046181,2.364149,17.339420,149.930267
49.900002,26.461956,20.121166,32.181732,5.442751,22.829725,197.370163
87.459999,62.275192,28.045122,20.299267,7.687373,-11.521529,169.088226
38.490002,87.946487,40.808430,23.484247,0.910147,0.417185,165.381683
89.930000,86.790436,34.878181,34.691631,4.940384,0.769116,2.522232
54.240002,85.882019,51.659172,36.597321,1.873249,8.013228,37.789619
55.930000,79.317398,59.084904,47.633690,2.255425,6.973348,23.741882
35.389999,54.781662,59.012863,64.225731,1.259176,5.252274,28.534121
42.340000,29.616659,42.668720,65.899811,2.038412,0.783870,6.590703
44.279999,27.035137,47.543434,89.873650,4.258832,10.354554,35.574440
35.880001,26.565403,41.432339,79.888962,2.013249,-13.517662,171.106033
49.200001,22.647926,43.752708,98.785820,2.485782,-0.549856,1.140488
28.200001,16.136040,38.976089,100.286392,2.095374,-4.018128,53.361664
29.760000,14.071430,36.640476,98.853912,2.031196,0.009938,0.043865
20.969999,13.191636,34.091045,90.684067,1.848734,0.282631,8.465928
27.620001,8.785799,27.644711,90.484489,1.822945,-0.125534,0.975994
29.940001,6.255004,23.716068,94.710480,1.712416,0.123060,5.285721
16.980000,3.139731,16.462128,94.664467,1.565508,0.023429,1.579137
11.280000,0.309333,4.424171,77.533653,1.474453,0.010464,1.326914
14.830000,1.064901,-7.088269,56.162380,1.615396,0.000000,0.000000
6.650000,3.508121,-9.061668,25.735151,1.395675,0.039834,3.739483
30.990000,5.602118,-12.436919,29.792652,2.660034,6.695970,37.120678
58.500000,6.482588,-11.279019,26.930811,4.277536,19.847267,126.001953
12.200000,5.783726,-1.176418,17.538506,1.161719,6.261807,396.253632
38.830002,3.460281,0.045184,19.298122,1.646598,11.427501,209.389145
14.810000,4.054830,-5.078738,6.738625,1.854368,19.053200,405.673645
11.290000,3.009878,-1.462344,5.606617,1.756404,-3.843060,521.663452
10.970000,1.574854,-0.315523,8.540255,2.796770,-14.737675,209.005325
10.200000,0.737515,-0.907767,3.028579,1.866137,3.777962,25.112659
9.440000,0.917318,-1.158991,2.106246,0.429826,-0.727831,56.081287
5.410000,1.298627,-1.089655,1.463431,0.221363,1.212098,9.792841
7.570000,0.865443,-1.145918,1.678613,0.703428,0.639809,2.423536
4.950000,0.276591,-0.796204,2.564538,0.133470,0.482769,8.389163
8.190000,1.057413,0.296501,3.957346,0.455621,-0.072845,0.372852
4.950000,0.366277,0.900600,3.751522,0.099167,0.366351,3.476294
6.960000,0.303629,0.036798,0.898743,0.308969,-0.120239,0.175460
4.480000,0.177231,0.065007,0.081686,0.136230,0.232179,0.789568
6.340000,0.225751,0.347694,0.782257,0.234108,0.000000,0.000000
6.810000,0.632244,0.454365,0.846593,0.209238,0.000000,0.000000
6.340000,0.139175,0.310938,2.378550,0.215107,0.071338,0.043865
5.880000,0.110120,0.365514,1.351673,0.195745,0.000000,0.000000
5.260000,0.047764,0.020334,0.519458,0.180826,0.040293,0.043865
5.420000,0.122030,0.005940,0.011210,0.180973,0.032237,0.010966
6.190000,0.074740,-0.083508,0.134275,0.151204,0.058970,0.054831
6.030000,0.283292,-0.056340,0.012185,0.164792,0.000000,0.000000
7.420000,0.044277,-0.074509,0.248129,0.151866,0.000000,0.000000
5.100000,0.264238,0.115492,0.085293,0.153709,0.000000,0.000000
5.260000,0.804774,0.201932,0.196612,0.154207,0.000000,0.000000
6.340000,0.859390,0.646266,1.520309,0.156146,0.000000,0.000000
5.720000,0.700837,0.133763,0.184233,0.158107,0.000000,0.000000
5.880000,0.036642,-0.001440,0.012136,0.161312,0.000000,0.000000
5.880000,0.122009,-0.002301,0.004825,0.157992,0.000000,0.000000
5.260000,0.135748,0.004602,0.002291,0.158593,0.000000,0.000000
5.570000,0.162229,-0.003861,0.000877,0.158902,0.000000,0.000000
4.790000,0.192824,-0.010695,0.001218,0.160607,0.000000,0.000000
5.730000,0.267030,-0.007159,0.000439,0.167097,0.000000,0.000000
6.810000,0.174408,0.002122,0.000439,0.162168,0.000000,0.000000
4.950000,0.293654,0.000000,0.000000,0.166120,0.000000,0.000000
4.640000,0.147897,0.003528,0.000195,0.167109,0.000000,0.000000
5.260000,0.228782,0.007823,0.001413,0.167632,0.000000,0.000000
4.640000,0.239791,0.017002,0.003168,0.167753,0.000000,0.000000
7.270000,0.224489,-0.013081,0.001218,0.172863,0.000000,0.000000
6.190000,0.311378,-0.003809,0.000877,0.174627,0.000000,0.000000
4.330000,0.348061,-0.003784,0.000877,0.173431,0.000000,0.000000
6.180000,0.239667,0.000000,0.000000,0.176617,0.000000,0.000000
5.570000,0.245987,0.008480,0.001218,0.175580,0.000000,0.000000
6.340000,0.316063,0.000784,0.002876,0.179742,0.000000,0.000000
5.570000,0.227277,0.005233,0.000195,0.181365,0.000000,0.000000
5.110000,0.362481,0.010542,0.000634,0.184057,0.000000,0.000000
5.570000,0.155543,0.003528,0.000195,0.183312,0.000000,0.000000
5.730000,0.253879,-0.012349,0.002388,0.184821,0.000000,0.000000
5.260000,0.114706,0.000000,0.000000,0.184736,0.000000,0.000000
7.120000,0.153771,-0.007159,0.000439,0.187026,0.000000,0.000000
5.110000,0.143026,0.000000,0.000000,0.191422,0.000000,0.000000
5.720000,0.322112,-0.006383,0.001657,0.191773,0.000000,0.000000
6.960000,0.183389,-0.005267,0.000439,0.192832,0.000000,0.000000
5.720000,0.170408,-0.009928,0.001218,0.196857,0.000000,0.000000
6.500000,0.310376,-0.006340,0.000877,0.200200,0.000000,0.000000
6.350000,0.197461,-0.007159,0.000439,0.198277,0.000000,0.000000
6.190000,0.281259,-0.007542,0.001072,0.201754,0.000000,0.000000
5.880000,0.145075,-0.002131,0.000195,0.202986,0.000000,0.000000
6.190000,0.243936,-0.007849,0.000439,0.205036,0.000000,0.000000
5.880000,0.226057,-0.007159,0.000439,0.206644,0.000000,0.000000
6.340000,0.249894,-0.013039,0.001218,0.207628,0.000000,0.000000
5.410000,0.278895,0.000000,0.000000,0.209396,0.000000,0.000000
6.340000,0.275078,0.003196,0.000439,0.209508,0.000000,0.000000
6.030000,0.138904,-0.003682,0.000877,0.213391,0.000000,0.000000
6.350000,0.198454,-0.011812,0.004386,0.214185,0.000000,0.000000
5.880000,0.246444,-0.011931,0.001218,0.215103,0.000000,0.000000
5.730000,0.260833,0.004772,0.000195,0.217872,0.000000,0.000000
6.190000,0.213145,-0.005957,0.000439,0.214516,0.000000,0.000000
5.880000,0.295900,0.006519,0.003948,0.217672,0.000000,0.000000
6.340000,0.318910,-0.014394,0.003607,0.220078,0.000000,0.000000
6.030000,0.344416,0.010465,0.000780,0.219579,0.000000,0.000000
7.280000,0.274676,-0.018314,0.002388,0.225585,0.000000,0.000000
5.260000,0.158745,-0.005292,0.000439,0.225539,0.000000,0.000000
5.570000,0.257795,0.006980,0.000439,0.226614,0.000000,0.000000
5.880000,0.285713,-0.007159,0.000439,0.226109,0.000000,0.000000
5.720000,0.269565,0.009545,0.000780,0.226014,0.000000,0.000000
5.880000,0.201112,-0.005957,0.000439,0.227755,0.000000,0.000000
6.190000,0.286703,0.005233,0.000195,0.229232,0.000000,0.000000
7.120000,0.149933,-0.006647,0.000439,0.231993,0.000000,0.000000
5.720000,0.248116,-0.006468,0.000439,0.235749,0.000000,0.000000
6.190000,0.181088,-0.005292,0.000439,0.231357,0.000000,0.000000
6.340000,0.320420,0.004772,0.000195,0.231078,0.000000,0.000000
6.040000,0.317556,0.005548,0.000439,0.231566,0.000000,0.000000
6.340000,0.187455,-0.005292,0.000439,0.236528,0.000000,0.000000
5.880000,0.290017,-0.005292,0.000439,0.231033,0.000000,0.000000
5.420000,0.347205,0.000000,0.000000,0.232009,0.000000,0.000000
5.880000,0.133470,-0.008778,0.001218,0.237921,0.000000,0.000000
6.190000,0.257014,0.000000,0.000000,0.240923,0.000000,0.000000
5.260000,0.246613,-0.009979,0.000634,0.236049,0.000000,0.000000
6.810000,0.436407,-0.011582,0.000439,0.238319,0.000000,0.000000
5.570000,0.480624,-0.008778,0.001218,0.235210,0.000000,0.000000
4.790000,0.207035,0.000000,0.000000,0.241425,0.000000,0.000000
5.880000,0.307396,0.000000,0.000000,0.241843,0.000000,0.000000
6.340000,0.422484,0.006477,0.000195,0.242985,0.000000,0.000000
7.120000,0.261806,0.000000,0.000000,0.242267,0.000000,0.000000
6.190000,0.417355,-0.007849,0.000439,0.238440,0.000000,0.000000
5.880000,0.353962,0.000000,0.000000,0.241260,0.000000,0.000000
5.730000,0.375649,0.000000,0.000000,0.245174,0.000000,0.000000
5.890000,0.147562,0.000000,0.000000,0.246275,0.000000,0.000000
6.040000,0.313321,0.000000,0.000000,0.245177,0.000000,0.000000
7.420000,0.227307,-0.006732,0.001657,0.248156,0.000000,0.000000
5.720000,0.256857,-0.013081,0.001218,0.247517,0.000000,0.000000
6.500000,0.284269,0.005548,0.000439,0.249493,0.000000,0.000000
5.260000,0.270322,0.008624,0.000780,0.247896,0.000000,0.000000
5.570000,0.293849,0.005233,0.000195,0.244440,0.000000,0.000000
7.580000,0.195536,-0.013959,0.002388,0.249985,0.000000,0.000000
5.260000,0.236443,-0.003145,0.000877,0.252848,0.000000,0.000000
6.970000,0.290819,-0.007159,0.000439,0.251525,0.000000,0.000000
5.880000,0.287750,0.005233,0.000195,0.253202,0.000000,0.000000
6.190000,0.268967,-0.021476,0.003948,0.258556,0.000000,0.000000
8.200000,0.191177,-0.015033,0.002388,0.256674,0.000000,0.000000
6.350000,0.182852,-0.008778,0.001218,0.259107,0.000000,0.000000
6.190000,0.213340,-0.007849,0.000439,0.261121,0.000000,0.000000
6.350000,0.294682,0.005233,0.000195,0.260580,0.000000,0.000000
5.890000,0.347239,0.000000,0.000000,0.260258,0.000000,0.000000
6.650000,0.325291,0.000000,0.000000,0.262362,0.000000,0.000000
6.500000,0.314267,-0.007159,0.000439,0.260256,0.000000,0.000000
5.250000,0.257014,-0.007849,0.000439,0.265127,0.000000,0.000000
5.880000,0.257233,-0.005292,0.000439,0.266090,0.000000,0.000000
5.570000,0.341026,-0.009025,0.000439,0.268872,0.000000,0.000000
5.730000,0.199367,-0.013959,0.002388,0.270559,0.000000,0.000000
7.120000,0.283913,-0.009025,0.000439,0.267961,0.000000,0.000000
5.570000,0.323166,0.000000,0.000000,0.268125,0.000000,0.000000
6.960000,0.292023,0.004772,0.000195,0.269439,0.000000,0.000000
6.190000,0.536527,0.014522,0.000780,0.265359,0.000000,0.000000
5.880000,0.193970,0.000000,0.000000,0.270388,0.000000,0.000000
6.500000,0.322084,0.009545,0.000780,0.274060,0.000000,0.000000
6.500000,0.200625,-0.008778,0.001218,0.274763,0.000000,0.000000
6.660000,0.247769,0.000000,0.000000,0.276118,0.000000,0.000000
6.040000,0.274448,0.010465,0.000780,0.277254,0.000000,0.000000
6.030000,0.329408,-0.009025,0.000439,0.277993,0.000000,0.000000
6.500000,0.184740,-0.008778,0.001218,0.278999,0.000000,0.000000
6.960000,0.234424,0.007943,0.000780,0.282072,0.000000,0.000000
6.340000,0.199300,-0.005292,0.000439,0.283339,0.000000,0.000000
6.500000,0.214331,0.004772,0.000195,0.284202,0.000000,0.000000
6.660000,0.219792,-0.005292,0.000439,0.284257,-0.039501,0.010966
4.790000,0.356859,-0.009025,0.000439,0.283549,0.000000,0.000000
6.340000,0.357415,-0.008539,0.000439,0.285238,0.000000,0.000000
5.720000,0.280885,0.023862,0.004874,0.289143,0.000000,0.000000
6.500000,0.302894,-0.007159,0.000439,0.290916,0.000000,0.000000
6.340000,0.273196,-0.007159,0.000439,0.290671,0.000000,0.000000
6.190000,0.252275,0.019090,0.003119,0.289500,0.000000,0.000000
6.350000,0.255170,0.000000,0.000000,0.290929,0.000000,0.000000
31.299999,0.734453,0.157071,0.043329,2.358078,0.639588,0.537345
19.150000,7.585134,2.990709,2.672299,1.290165,11.706822,132.932602
43.419998,19.427341,12.922697,12.517145,1.913543,3.884116,166.061584
31.170000,40.904613,16.786198,10.132550,0.912022,7.063745,221.759048
44.959999,65.956696,32.300171,17.865593,0.859234,11.433858,157.343414
54.540001,95.342682,41.543171,18.997501,2.093540,10.751040,101.229248
41.150002,112.083138,53.150543,29.665497,2.176288,-2.902925,122.876579
54.500000,129.805481,55.557323,26.704662,1.686721,3.497596,28.983736
62.090000,137.360931,75.118858,45.755047,1.832174,1.794448,9.869605
66.739998,133.804337,70.808472,44.365654,2.291294,0.717338,0.932129
79.779999,131.368011,74.114983,47.597233,2.517776,0.856339,1.633968
59.110001,130.885406,80.882767,56.199284,2.288270,0.923977,3.224071
71.139999,105.720154,90.446518,77.530052,2.561176,0.775339,1.326914
53.119999,85.906174,88.963577,93.001945,2.447201,0.103152,0.010966
54.540001,72.732666,88.033798,106.600494,2.517898,0.058335,0.010966
60.380001,57.761017,83.418350,120.890030,2.587128,0.000000,0.000000
61.810001,48.971371,75.738434,118.613632,2.622487,0.000000,0.000000
49.200001,45.187050,74.962776,125.004761,2.708267,0.000000,0.000000
39.080002,36.331375,69.206009,132.237579,2.707169,0.102272,0.010966
51.240002,34.469803,65.616951,125.214523,2.791436,0.000000,0.000000
48.470001,27.637756,63.068905,143.992172,2.812140,0.104444,0.010966
49.270000,25.783495,56.792927,126.329575,2.851151,0.105524,0.010966
43.389999,22.034065,55.990334,142.668625,2.883724,0.000000,0.000000
31.260000,18.029552,45.497803,116.022675,2.694738,0.468732,2.807354
47.919998,15.568151,40.033710,103.145546,2.757161,0.059601,0.043865
34.049999,16.141829,41.250626,107.938766,2.893871,0.000000,0.000000
37.599998,11.917814,36.013206,111.734146,2.933658,0.000000,0.000000
37.779999,8.460127,29.016373,101.990295,2.978364,0.000000,0.000000
24.070000,6.492295,26.081245,105.283279,3.019816,0.000000,0.000000
33.619999,3.133802,16.620773,90.766144,3.069895,0.000000,0.000000
20.209999,1.157269,8.942921,69.398376,3.130367,0.000000,0.000000
24.840000,0.257966,4.003622,66.946281,3.216651,0.000000,0.000000
31.320000,0.005516,0.237784,57.683426,3.342270,0.000000,0.000000
18.680000,0.545135,-4.509026,40.321892,3.476243,0.368541,0.394784
30.660000,2.043121,-5.265031,13.672741,3.827527,1.535923,2.028752
38.340000,3.709456,-7.519506,15.310266,4.861556,9.025791,19.794041
34.669998,4.393104,-8.270134,15.662941,3.184559,20.725643,157.957535
28.719999,2.856448,-3.868350,5.421361,1.600718,10.175268,262.279266
35.590000,5.947877,-5.397993,6.171208,3.131893,17.564663,163.638031
21.290001,0.669712,0.573555,6.863834,2.289332,8.092433,205.945740
11.900000,1.929449,4.470284,11.594227,0.798044,-2.525362,162.080826
31.150000,8.869116,9.635274,14.652925,1.303728,-0.451115,33.885639
44.779999,21.664005,18.202456,20.668901,3.624771,19.944559,186.009140
28.240000,31.852369,20.680140,17.977592,0.891172,-5.674146,275.307159
38.470001,42.394920,23.976734,26.185986,3.063839,8.472746,44.895729
30.860001,40.902927,31.904610,31.950176,0.841534,3.191254,178.705643
26.059999,40.840290,33.225872,37.351360,1.620984,-0.444034,20.550709
33.000000,40.235775,29.383842,34.232998,1.718822,4.921055,16.877024
36.669998,36.442974,34.761581,36.639919,1.522730,-4.241673,57.024380
31.280001,37.160339,30.418745,28.077293,1.071323,0.140236,4.178133
32.799999,32.231621,36.879898,43.619164,1.118768,-2.555399,39.478420
23.900000,31.204636,38.208092,48.792252,0.604946,0.652813,15.418514
108.919998,42.134026,57.187809,82.891762,2.872848,0.448449,4.594850
68.839996,79.037415,93.515869,122.659607,3.092707,31.245190,363.442719
58.119999,84.781540,94.490784,118.224792,0.549006,0.950316,325.554382
90.320000,61.645580,89.789902,145.758698,3.500245,16.356684,106.175011
28.219999,32.413307,71.116013,167.754013,0.301597,-0.538733,339.295074
23.920000,13.914302,42.223389,128.578934,0.880528,-0.750938,15.429482
17.910000,11.315742,40.372551,163.574051,0.119556,0.142829,0.975994
35.470001,5.013996,21.764744,156.873749,1.450119,1.167946,2.566097
15.750000,4.233135,14.397807,175.274124,0.453160,2.958590,120.529800
19.920000,5.672497,2.811974,176.903366,0.670567,2.858547,76.259148
14.360000,11.995658,-1.229997,195.158279,2.137212,11.473553,136.036041
10.980000,13.813646,-5.094674,188.453522,0.286401,-4.672546,128.984756
54.580002,8.795490,1.797588,170.845581,3.732891,5.628380,17.216976
21.309999,5.670867,12.806626,164.896332,0.775321,-5.566439,152.452484
21.620001,4.225924,21.785936,158.423004,0.674776,-2.236516,14.332859
33.020000,5.933203,31.983849,179.253754,0.446513,-3.530345,29.652679
21.620001,10.109557,37.479179,154.654846,0.247960,-0.942826,37.438702
27.020000,14.398735,43.653564,168.926590,0.211033,-0.568146,15.758469
19.459999,9.031853,38.301609,168.876144,0.537338,3.424047,39.555180
22.219999,7.478558,31.192877,164.997345,1.311096,1.721427,3.969774
23.180000,8.807432,31.077368,172.677277,1.037663,-5.673352,36.243385
35.259998,10.778770,25.854206,165.359497,1.848321,-1.707694,4.243930
25.150000,3.373775,21.398701,168.419556,1.225585,-8.203441,117.579887
22.389999,2.918415,20.566456,151.826965,0.095033,-0.599712,76.873260
10.360000,0.702347,10.378488,173.116516,0.206279,3.154288,55.280750
15.760000,0.115111,3.736453,155.497406,2.411780,4.692275,9.617381
45.459999,0.052419,-1.324737,129.539215,2.842571,-7.307201,20.068193
30.840000,1.451837,-11.334925,114.221252,4.002123,-12.167709,43.481087
10.210000,9.107869,-28.681793,99.463089,0.900300,-6.891856,123.008171
21.590000,19.484348,-37.643196,73.044571,2.290539,1.653239,37.833481
27.930000,31.536053,-30.302017,49.884445,1.221675,-11.239248,123.655174
4.790000,14.059759,-22.005348,34.686272,1.535119,13.902684,160.084976
12.510000,13.198883,-16.310127,21.033857,1.224051,5.504478,119.608643
34.820000,11.696295,-17.086807,25.182892,3.363098,23.176901,243.417358
2.160000,14.369690,-21.766676,34.068314,0.357635,-7.809976,308.271606
34.540001,12.620648,-15.609627,20.251015,2.923006,7.894036,43.426262
8.510000,8.683989,-11.169588,14.814690,0.543104,7.292957,180.482132
5.410000,5.445541,-9.401410,16.650970,0.473268,0.729344,18.642588
10.510000,2.706887,-2.662011,3.771700,1.556372,6.624186,29.532047
8.510000,1.590653,-1.361451,1.454707,0.751993,-2.661535,35.903431
14.070000,0.646336,-0.396969,0.758863,1.239364,-2.097423,9.014239
12.530000,0.288285,0.012263,0.154112,0.562184,-0.979412,6.415244
6.650000,0.369391,-0.022175,0.018521,0.634711,-1.127162,8.005345
6.340000,0.420116,0.039134,0.057414,0.390347,-0.178614,1.579137
6.190000,0.487314,-0.098192,0.060923,0.403203,-0.030251,1.414643
6.040000,0.429873,0.004985,0.030559,0.315330,-0.011879,1.140488
9.430000,0.489564,-0.160898,0.379383,0.343214,-0.249182,2.862185
7.270000,0.404093,0.089380,0.367490,0.260981,-0.243632,2.237111
5.870000,0.432190,-0.073384,0.229560,0.326110,-0.333305,2.280975
6.810000,0.371915,0.160795,0.322894,0.190931,-0.138773,1.919090
5.100000,0.220869,0.065714,0.427390,0.289797,-0.440274,1.326914
6.190000,0.263540,0.078523,0.265821,0.197427,-0.094634,1.370779
6.500000,0.318271,0.048508,0.076812,0.265835,-0.414382,1.326914
4.800000,0.329289,-0.020547,0.004923,0.182570,-0.113482,1.096623
7.120000,0.391898,0.017896,0.002827,0.252662,-0.345201,1.096623
5.570000,0.394838,-0.008914,0.003607,0.175117,-0.061311,0.701839
6.340000,0.363357,-0.006230,0.001657,0.252740,-0.286893,0.888264
6.340000,0.488807,0.005386,0.000195,0.171334,-0.057479,0.701839
5.570000,0.438555,-0.010687,0.001316,0.255902,-0.287262,0.888264
6.500000,0.467414,-0.009800,0.001218,0.180767,-0.083536,0.888264
6.040000,0.520274,-0.019984,0.002388,0.276303,-0.338207,1.096623
4.800000,0.403713,0.020172,0.003948,0.195627,-0.113525,1.096623
8.680000,0.752275,-0.020095,0.002632,0.299850,-0.407138,1.326914
6.500000,1.278679,0.119420,0.013159,0.224667,-0.282787,2.149381
10.980000,1.316528,0.161136,0.089631,0.382801,-0.760255,2.807354
6.650000,0.674684,0.015382,0.229852,0.268288,-0.483288,3.169239
6.040000,0.604162,0.024390,0.063750,0.409957,0.000000,0.000000
7.120000,0.649115,0.066055,0.061362,0.201667,0.179127,2.467401
7.730000,0.555600,0.004014,0.004386,0.239968,-0.316764,2.149381
5.880000,0.404046,-0.002940,0.002193,0.184677,0.067525,2.807354
7.890000,0.626908,0.004755,0.000195,0.221994,-0.264132,3.169239
5.570000,0.654463,-0.005710,0.000195,0.199868,0.161626,2.149381
6.350000,0.534227,-0.034796,0.004338,0.206339,-0.035237,1.096623
7.580000,0.561838,-0.004602,0.000975,0.254048,0.130261,0.274156
4.180000,0.579870,-0.005113,0.000195,0.222671,0.049697,0.054831
7.280000,0.694074,0.020547,0.001218,0.369240,-0.043809,0.010966
5.730000,0.653122,0.000000,0.000000,0.248085,-0.055447,0.098696
4.640000,0.661555,0.011829,0.000634,0.381527,-0.221289,0.274156
7.430000,0.752147,0.076921,0.013696,0.220926,0.000000,0.000000
5.880000,0.411706,0.140214,0.143341,0.278610,-0.243905,0.888264
6.040000,0.491472,0.023998,0.003119,0.223042,-0.027742,0.701839
7.270000,0.590268,0.004755,0.000195,0.297326,-0.292251,1.096623
4.640000,0.661120,-0.010900,0.001413,0.221613,-0.028535,0.888264
6.960000,0.520697,0.000000,0.000000,0.293533,-0.271295,1.096623
5.570000,0.745934,-0.011428,0.000439,0.245450,0.000000,0.000000
5.570000,0.436901,0.000000,0.000000,0.245927,0.000000,0.000000
8.200000,0.492521,0.017283,0.001218,0.264483,-0.056453,0.098696
5.260000,0.850949,0.004738,0.000195,0.250953,0.000000,0.000000
5.720000,0.600189,0.009170,0.000780,0.258654,0.000000,0.000000
6.350000,0.542872,0.000000,0.000000,0.253120,0.000000,0.000000
4.800000,0.758705,0.016976,0.001755,0.261970,0.000000,0.000000
6.960000,0.735609,0.028634,0.007018,0.263184,0.000000,0.000000
6.190000,0.674042,0.005522,0.000195,0.266082,0.000000,0.000000
4.800000,0.676493,0.005676,0.000195,0.268042,0.000000,0.000000
7.420000,0.594363,0.000000,0.000000,0.271993,0.000000,0.000000
4.640000,0.646690,0.000000,0.000000,0.276512,0.000000,0.000000
6.340000,0.555149,0.000000,0.000000,0.278212,0.000000,0.000000
6.810000,0.726990,0.000000,0.000000,0.279915,0.000000,0.000000
5.880000,0.646077,0.006426,0.000195,0.281091,0.000000,0.000000
5.880000,0.822824,0.000000,0.000000,0.284425,0.000000,0.000000
5.730000,0.715010,0.000000,0.000000,0.290177,0.000000,0.000000
6.960000,0.579797,0.000000,0.000000,0.292381,0.000000,0.000000
8.200000,0.686076,0.000000,0.000000,0.297111,0.000000,0.000000
7.120000,0.716743,0.000000,0.000000,0.293153,0.000000,0.000000
6.190000,0.842659,0.000000,0.000000,0.301104,0.000000,0.000000
5.260000,0.691250,0.000000,0.000000,0.302111,0.000000,0.000000
6.040000,0.817138,0.000000,0.000000,0.303249,0.000000,0.000000
7.740000,0.743754,0.000000,0.000000,0.304542,0.000000,0.000000
6.660000,0.743754,0.000000,0.000000,0.309691,0.000000,0.000000
7.430000,0.899617,-0.014240,0.000439,0.312621,0.000000,0.000000
6.500000,0.671525,0.000000,0.000000,0.319582,0.000000,0.000000
6.970000,0.513408,0.003562,0.000195,0.313589,0.000000,0.000000
6.810000,0.687800,0.000000,0.000000,0.318166,0.000000,0.000000
6.810000,0.649233,0.000000,0.000000,0.319137,0.000000,0.000000
5.570000,0.691529,0.000000,0.000000,0.323281,0.000000,0.000000
8.200000,0.573371,0.004483,0.000195,0.329877,0.000000,0.000000
6.030000,0.917326,0.000000,0.000000,0.327923,0.000000,0.000000
6.500000,0.720808,0.006221,0.000195,0.333073,0.000000,0.000000
7.890000,0.919548,0.006255,0.000195,0.338407,0.000000,0.000000
5.410000,0.683448,0.037736,0.007018,0.335741,0.000000,0.000000
8.670000,0.633410,0.023095,0.001950,0.335794,0.000000,0.000000
6.500000,0.465956,0.049394,0.012672,0.346454,0.000000,0.000000
5.420000,0.818758,0.030185,0.010771,0.344298,0.000000,0.000000
7.740000,0.591446,-0.012272,0.001413,0.344843,0.000000,0.000000
6.810000,0.615957,0.009587,0.002193,0.337355,0.000000,0.000000
7.280000,0.669418,0.000000,0.000000,0.346115,0.034422,0.010966
6.500000,0.640270,-0.030023,0.002827,0.339879,0.000000,0.000000
5.890000,0.668994,0.018050,0.001755,0.343694,0.000000,0.000000
7.580000,0.801057,0.000000,0.000000,0.341992,0.000000,0.000000
6.810000,0.659007,0.008829,0.000780,0.343481,0.000000,0.000000
7.420000,0.778785,-0.014999,0.001218,0.349323,0.000000,0.000000
8.350000,0.547376,-0.010252,0.000439,0.351569,0.000000,0.000000
5.570000,0.449453,-0.002480,0.000439,0.355047,0.000000,0.000000
8.350000,0.710653,-0.009025,0.000439,0.357741,0.000000,0.000000
8.200000,0.677197,-0.016703,0.002388,0.356561,0.000000,0.000000
5.570000,0.692345,0.000000,0.000000,0.365360,0.000000,0.000000
8.050000,0.729683,-0.009536,0.000439,0.364065,0.000000,0.000000
6.500000,0.904635,-0.008999,0.000439,0.363060,0.000000,0.000000
5.410000,0.790094,-0.009025,0.000439,0.365153,0.000000,0.000000
7.740000,0.616346,0.011283,0.000780,0.365867,0.000000,0.000000
5.110000,0.644150,0.000000,0.000000,0.370892,0.000000,0.000000
8.200000,0.825395,0.000000,0.000000,0.375167,0.000000,0.000000
7.580000,0.691743,-0.009562,0.000439,0.377059,0.000000,0.000000
6.200000,0.531521,0.000000,0.000000,0.377899,0.000000,0.000000
6.970000,0.756988,-0.010840,0.000439,0.384393,0.000000,0.000000
5.570000,0.634608,-0.015042,0.001218,0.373397,0.000000,0.000000
7.890000,0.666669,0.000000,0.000000,0.385521,0.000000,0.000000
8.350000,1.904306,-0.009025,0.000439,0.388388,0.000000,0.000000
6.500000,0.778785,0.000000,0.000000,0.387007,0.000000,0.000000
7.280000,0.745949,0.000000,0.000000,0.393582,0.000000,0.000000
6.190000,0.776313,-0.007721,0.000439,0.392974,0.000000,0.000000
6.340000,0.829421,-0.010303,0.000439,0.393934,0.000000,0.000000
8.820000,0.679359,0.005642,0.000195,0.398518,0.000000,0.000000
7.890000,0.871441,0.000000,0.000000,0.397890,0.000000,0.000000
5.730000,0.760488,0.005659,0.000195,0.401314,0.000000,0.000000
6.660000,0.694606,-0.009025,0.000439,0.400902,0.000000,0.000000
6.040000,0.909524,-0.014999,0.001218,0.402603,0.000000,0.000000
12.220000,0.891885,0.010261,0.000780,0.545445,0.000000,0.000000
32.540001,5.020602,1.453166,0.432508,3.309699,12.477696,47.505692
25.170000,16.991940,9.587959,7.532189,0.976226,1.063067,140.477371
32.099998,28.401443,18.435049,16.892962,1.247716,9.979431,195.955521
33.770000,42.183403,21.490356,13.549870,0.908888,10.215994,152.902100
50.040001,48.138287,18.524019,10.766689,2.018799,10.444885,103.389580
23.320000,39.084534,8.928373,2.748527,0.895720,9.604084,129.204086
41.169998,23.847685,4.937808,5.092764,2.281242,0.764546,56.903751
48.040001,24.011871,0.978288,1.995268,2.419239,13.069070,93.103264
16.250000,6.537397,0.643028,4.105999,0.671501,-7.628989,231.233856
34.360001,8.778526,-0.579649,0.227610,3.201430,7.832186,22.524630
15.750000,4.610242,-2.185403,2.057800,2.913163,14.032708,223.085968
25.000000,2.395505,-0.539365,1.348602,2.868168,-7.343948,226.463562
35.130001,1.442619,-0.686252,1.256876,3.943635,-1.160709,168.857971
8.510000,1.604588,0.365164,1.138879,0.293896,-3.025122,97.961311
12.050000,0.287749,0.057073,0.138174,1.158571,5.169230,45.345345
7.730000,0.469497,0.049232,0.289947,0.701645,1.450789,14.694745
8.970000,0.425909,-0.287860,1.512170,0.519665,0.105340,4.397458
9.750000,0.581267,0.153705,1.133567,0.455840,-0.019606,5.384418
7.740000,0.596794,-0.107984,0.451614,0.259657,0.127380,3.037645
5.880000,0.575875,0.011488,1.273350,0.304086,0.124569,0.098696
5.580000,0.930794,0.007968,0.249055,0.226190,0.365269,1.107589
6.660000,0.873168,0.262498,0.635603,0.166739,0.012643,0.010966
5.420000,0.340579,-0.129340,0.774459,0.219482,0.162469,0.274156
6.660000,1.612309,0.573692,0.335469,0.179770,0.020016,0.010966
6.030000,0.151637,-0.113310,0.303545,0.187080,0.000000,0.000000
4.950000,0.244202,0.006673,0.030121,0.163328,0.000000,0.000000
6.350000,0.556271,0.032589,0.015158,0.175919,0.000000,0.000000
5.570000,1.084216,0.104217,0.026660,0.132378,0.014808,0.010966
5.110000,1.150633,0.165627,0.112587,0.170240,0.050928,0.043865
5.570000,0.623052,-0.025899,0.007457,0.154054,0.000000,0.000000
4.960000,0.611909,0.032964,0.004533,0.155910,0.000000,0.000000
6.960000,0.545904,0.079980,0.031242,0.156653,0.000000,0.000000
5.570000,0.619410,0.043889,0.012867,0.157164,0.000000,0.000000
6.350000,0.880596,0.036747,0.003314,0.159503,0.000000,0.000000
5.410000,0.635770,0.000869,0.005507,0.160495,0.000000,0.000000
4.950000,0.691034,0.060251,0.060923,0.159701,0.000000,0.000000
6.190000,0.565454,0.000000,0.000000,0.160605,0.000000,0.000000
6.030000,0.483225,-0.010644,0.002437,0.158994,0.000000,0.000000
6.030000,0.779673,-0.019516,0.001218,0.161543,0.000000,0.000000
5.730000,0.708039,0.007926,0.000195,0.162881,0.000000,0.000000
4.950000,0.815313,-0.011735,0.000439,0.157334,0.000000,0.000000
6.190000,0.821765,0.033526,0.001998,0.156814,0.000000,0.000000
6.200000,0.793150,-0.010712,0.000439,0.160461,0.000000,0.000000
5.730000,0.638863,0.000000,0.000000,0.162350,0.000000,0.000000
6.350000,0.539538,-0.010150,0.000439,0.163574,0.000000,0.000000
5.260000,0.729588,-0.023086,0.002388,0.159912,0.000000,0.000000
5.730000,0.649042,-0.009894,0.000439,0.162809,0.000000,0.000000
6.660000,0.802031,0.000000,0.000000,0.162492,0.000000,0.000000
5.110000,0.563112,-0.010022,0.000439,0.163930,0.000000,0.000000
6.040000,0.874732,0.000000,0.000000,0.163379,0.000000,0.000000
5.730000,0.774994,-0.011607,0.000439,0.163950,0.000000,0.000000
5.420000,0.836731,0.000000,0.000000,0.165528,0.000000,0.000000
6.660000,0.853422,0.000000,0.000000,0.164388,0.000000,0.000000
6.350000,0.626263,-0.008360,0.000439,0.167091,0.000000,0.000000
5.730000,0.886993,0.000000,0.000000,0.164370,0.000000,0.000000
4.640000,0.941367,0.000000,0.000000,0.168687,0.000000,0.000000
5.880000,0.904900,0.000000,0.000000,0.168273,0.000000,0.000000
5.570000,0.695904,-0.016703,0.001218,0.167195,0.000000,0.000000
5.100000,0.666903,0.006596,0.000195,0.169757,0.000000,0.000000
5.880000,0.696328,-0.011735,0.000439,0.169656,0.000000,0.000000
5.570000,0.822064,0.015647,0.000780,0.168794,0.000000,0.000000
6.810000,0.833902,-0.019558,0.001218,0.171844,0.000000,0.000000
4.950000,0.729403,0.007823,0.000195,0.171431,0.000000,0.000000
5.410000,0.802031,0.000000,0.000000,0.174506,0.024201,0.010966
4.950000,0.893946,-0.019771,0.001218,0.174990,0.000000,0.000000
5.730000,0.699914,-0.016703,0.001218,0.173815,0.000000,0.000000
6.820000,0.606641,0.000000,0.000000,0.174248,0.000000,0.000000
4.490000,0.794075,-0.027382,0.002388,0.171250,0.000000,0.000000
5.570000,0.646897,0.007738,0.000195,0.175038,0.000000,0.000000
5.570000,0.626488,0.000000,0.000000,0.175743,0.000000,0.000000
6.350000,0.862220,0.000000,0.000000,0.173809,0.000000,0.000000
5.890000,0.698516,0.000000,0.000000,0.172962,0.000000,0.000000
5.890000,0.821140,-0.019303,0.001218,0.175733,0.000000,0.000000
6.190000,0.798704,-0.022413,0.001218,0.176413,0.000000,0.000000
4.950000,0.738330,-0.010175,0.000439,0.175808,0.000000,0.000000
5.880000,0.603381,0.006596,0.000195,0.175126,0.000000,0.000000
6.960000,0.791314,-0.011607,0.000439,0.177171,0.000000,0.000000
6.040000,0.683877,-0.009894,0.000439,0.177574,0.000000,0.000000
6.500000,0.730821,0.006681,0.000195,0.179602,0.000000,0.000000
5.570000,0.709301,0.000000,0.000000,0.181684,0.000000,0.000000
5.270000,0.609681,0.006724,0.000439,0.178524,0.000000,0.000000
5.570000,0.865844,0.000000,0.000000,0.180366,0.000000,0.000000
6.040000,1.016124,0.007909,0.000195,0.180465,0.000000,0.000000
6.660000,0.575925,-0.010022,0.000439,0.184099,0.000000,0.000000
5.570000,0.898629,-0.011735,0.000439,0.182950,0.000000,0.000000
5.570000,0.952761,-0.022626,0.001218,0.182103,0.000000,0.000000
6.040000,0.899504,0.000000,0.000000,0.180802,0.000000,0.000000
5.580000,0.500777,0.013363,0.000780,0.181615,0.000000,0.000000
6.040000,0.882277,0.007823,0.000195,0.180336,0.000000,0.000000
6.500000,0.785901,0.000000,0.000000,0.184246,0.000000,0.000000
5.580000,0.641526,0.006579,0.000195,0.182568,0.000000,0.000000
5.580000,0.839315,-0.005011,0.000877,0.182401,0.000000,0.000000
6.200000,0.844736,-0.023385,0.002388,0.184242,0.000000,0.000000
6.040000,0.756246,0.017931,0.000780,0.184428,0.000000,0.000000
6.190000,0.565450,0.020044,0.001755,0.182320,0.000000,0.000000
4.950000,0.574203,-0.010022,0.000439,0.188570,0.000000,0.000000
4.180000,0.848630,-0.011863,0.000439,0.186783,0.000000,0.000000
7.120000,0.890850,-0.022371,0.001218,0.187669,0.000000,0.000000
6.350000,0.911309,0.000000,0.000000,0.189089,0.000000,0.000000
6.500000,0.869742,0.000000,0.000000,0.188127,0.000000,0.000000
6.190000,0.963856,0.001687,0.000877,0.186571,0.000000,0.000000
5.110000,0.994246,0.000000,0.000000,0.191193,0.000000,0.000000
5.110000,0.877586,0.000000,0.000000,0.192597,0.000000,0.000000
6.810000,0.795463,0.007823,0.000195,0.190950,0.000000,0.000000
6.200000,0.870828,-0.011735,0.000439,0.192849,0.000000,0.000000
7.280000,0.792487,-0.013448,0.000439,0.191818,0.000000,0.000000
5.730000,0.766236,0.000000,0.000000,0.189572,0.000000,0.000000
6.040000,0.921173,0.000000,0.000000,0.186329,0.000000,0.000000
6.200000,0.856231,0.007823,0.000195,0.187337,0.000000,0.000000
5.880000,0.833036,0.000000,0.000000,0.193137,0.000000,0.000000
6.510000,0.977957,0.000000,0.000000,0.193882,0.000000,0.000000
6.040000,0.822738,-0.011735,0.000439,0.189228,0.000000,0.000000
4.950000,0.844969,0.006681,0.000195,0.189111,0.000000,0.000000
7.890000,0.938305,-0.034821,0.003948,0.190681,0.000000,0.000000
6.350000,0.938527,0.000000,0.000000,0.192097,0.000000,0.000000
5.570000,0.693946,0.000000,0.000000,0.191240,0.000000,0.000000
5.270000,0.638637,0.006596,0.000195,0.198318,0.000000,0.000000
5.880000,0.640686,0.000000,0.000000,0.195613,0.000000,0.000000
6.820000,0.798258,0.007823,0.000195,0.195939,0.000000,0.000000
6.350000,0.896457,0.000000,0.000000,0.196170,0.000000,0.000000
6.810000,0.869742,0.000000,0.000000,0.199547,0.000000,0.000000
5.270000,0.919141,-0.011582,0.000439,0.199804,0.000000,0.000000
6.190000,1.020904,-0.013422,0.000439,0.196496,0.000000,0.000000
6.660000,0.556569,0.000000,0.000000,0.194196,0.000000,0.000000
5.730000,0.974202,0.007738,0.000195,0.199598,0.000000,0.000000
5.880000,0.886993,0.015647,0.000780,0.196978,0.000000,0.000000
5.880000,0.886993,0.015647,0.000780,0.200036,0.000000,0.000000
5.730000,0.995770,0.017931,0.000780,0.198565,0.000000,0.000000
5.260000,0.636847,0.000000,0.000000,0.199489,0.000000,0.000000
5.110000,0.916420,-0.019558,0.001218,0.201039,0.000000,0.000000
6.040000,0.673857,-0.010022,0.000439,0.201574,0.000000,0.000000
5.730000,0.594489,0.000000,0.000000,0.202796,0.000000,0.000000
6.040000,0.950530,-0.013448,0.000439,0.201588,0.000000,0.000000
6.350000,0.796638,0.007823,0.000195,0.198223,0.000000,0.000000
5.730000,0.628617,0.000000,0.000000,0.198887,0.000000,0.000000
5.880000,0.734785,0.000000,0.000000,0.204707,0.000000,0.000000
6.350000,1.026370,0.007823,0.000195,0.202918,0.000000,0.000000
6.500000,0.648178,0.013363,0.000780,0.205055,0.000000,0.000000
6.040000,1.511933,-0.019303,0.001218,0.207198,0.000000,0.000000
6.350000,0.947888,-0.013448,0.000439,0.201298,0.000000,0.000000
5.580000,0.817306,-0.019345,0.001218,0.205379,0.000000,0.000000
5.420000,0.785317,-0.013295,0.000439,0.209858,0.000000,0.000000
7.120000,0.744422,0.000000,0.000000,0.205188,0.000000,0.000000
5.880000,0.793926,0.000000,0.000000,0.203163,0.000000,0.000000
5.890000,0.721213,-0.011761,0.000439,0.205125,0.000000,0.000000
5.420000,0.875594,0.000000,0.000000,0.206441,0.000000,0.000000
6.500000,0.750211,-0.016703,0.001218,0.205678,0.000000,0.000000
6.820000,0.968605,-0.022157,0.001218,0.205724,0.000000,0.000000
5.580000,0.751430,-0.013448,0.000439,0.210966,0.000000,0.000000
6.660000,0.940093,0.000000,0.000000,0.207767,0.000000,0.000000
5.420000,1.282468,0.000000,0.000000,0.207611,0.000000,0.000000
5.880000,1.013306,0.000000,0.000000,0.209887,0.000000,0.000000
6.970000,1.532702,0.000000,0.000000,0.211244,0.000000,0.000000
6.350000,0.864328,-0.011735,0.000439,0.211498,0.000000,0.000000
5.570000,0.759676,-0.011709,0.000439,0.210549,0.000000,0.000000
5.570000,0.837386,0.007738,0.000195,0.209165,0.026070,0.010966
6.510000,1.134244,-0.022371,0.001218,0.212592,0.000000,0.000000
5.890000,0.872022,0.000000,0.000000,0.214075,0.000000,0.000000
6.040000,0.989653,-0.019345,0.001218,0.213066,0.000000,0.000000
6.500000,0.819089,-0.016703,0.001218,0.213495,0.000000,0.000000
6.350000,0.834252,0.000000,0.000000,0.211978,0.000000,0.000000
6.350000,0.872584,0.000000,0.000000,0.212685,0.000000,0.000000
6.510000,1.042177,-0.022157,0.001218,0.214053,0.000000,0.000000
6.660000,0.992230,0.007823,0.000195,0.217161,0.000000,0.000000
5.110000,0.826281,-0.013448,0.000439,0.214373,0.000000,0.000000
6.810000,0.756791,-0.016703,0.001218,0.216143,0.000000,0.000000
6.660000,0.831161,-0.011582,0.000439,0.217814,0.000000,0.000000
6.350000,1.173887,0.000000,0.000000,0.217612,0.000000,0.000000
6.660000,0.956090,-0.011607,0.000439,0.214857,0.000000,0.000000
5.880000,0.873768,0.008965,0.000195,0.219997,0.000000,0.000000
6.660000,1.021007,0.015647,0.000780,0.217542,0.000000,0.000000
6.660000,0.787862,0.000000,0.000000,0.218357,0.000000,0.000000
6.810000,0.876792,-0.027083,0.002388,0.216953,0.000000,0.000000
7.280000,0.795239,-0.011582,0.000439,0.220990,0.000000,0.000000
5.580000,0.701645,0.000000,0.000000,0.217954,0.000000,0.000000
7.120000,0.772408,-0.011582,0.000439,0.220844,0.000000,0.000000
7.120000,0.734046,0.000000,0.000000,0.222370,0.000000,0.000000
6.190000,1.701669,-0.031319,0.002388,0.221896,0.000000,0.000000
6.350000,0.783920,0.000000,0.000000,0.220552,0.000000,0.000000
5.730000,0.971498,0.000000,0.000000,0.222254,0.000000,0.000000
6.510000,0.897242,0.008965,0.000195,0.224147,0.000000,0.000000
7.270000,0.864416,-0.013295,0.000439,0.222841,0.000000,0.000000
6.040000,0.979735,-0.022157,0.001218,0.224073,0.000000,0.000000
5.580000,1.066324,0.000000,0.000000,0.225749,0.000000,0.000000
6.040000,0.880624,-0.027382,0.002388,0.227871,0.000000,0.000000
6.190000,0.831342,0.000000,0.000000,0.225218,0.000000,0.000000
5.730000,0.944276,0.000000,0.000000,0.226311,0.000000,0.000000
6.040000,0.742078,0.008863,0.000195,0.224749,0.000000,0.000000
6.510000,0.900568,0.000000,0.000000,0.221579,0.000000,0.000000
6.190000,1.055685,-0.027322,0.002388,0.225690,0.000000,0.000000
6.820000,0.850321,-0.011607,0.000439,0.227286,0.000000,0.000000
5.570000,1.044746,0.015681,0.000780,0.224211,0.000000,0.000000
6.510000,0.724043,0.007619,0.000195,0.225237,0.000000,0.000000
6.820000,0.729159,-0.027382,0.002388,0.223065,0.000000,0.000000
6.970000,1.132226,0.017931,0.000780,0.239481,0.000000,0.000000
36.209999,3.884412,0.757948,0.187742,3.113218,7.570918,19.081234
23.660000,20.695168,8.573879,6.480212,0.538411,4.427548,158.023315
51.930000,44.242180,23.478855,16.631380,2.468180,10.403889,135.081985
59.279999,77.181595,37.426830,21.198936,0.811967,4.704113,193.773239
69.239998,122.696327,46.333221,17.816853,2.573484,15.657247,108.982361
44.009998,155.763077,48.239487,15.802040,1.032602,8.069248,147.550598
79.050003,148.165543,69.574715,37.707100,3.831911,0.477966,55.280750
72.370003,144.182510,76.529892,49.555447,1.883094,3.825749,55.894859
78.550003,141.214874,87.136932,60.668587,2.467234,3.158700,42.527027
59.070000,150.345093,82.640266,49.628513,2.544568,1.645702,10.538544
71.800003,148.248779,95.944939,72.939590,2.394679,1.551949,25.310055
86.989998,132.380600,97.952225,74.464874,2.088208,0.088762,0.065797
82.699997,124.647835,105.819275,91.357201,2.244646,0.230822,0.537345
71.489998,117.770386,102.551605,90.405533,2.327088,0.000000,0.000000
67.250000,111.602036,104.457130,98.282600,2.348721,0.034691,0.010966
75.650002,102.661125,87.408623,75.516800,2.318941,0.189809,0.043865
63.959999,89.096809,75.115456,68.809464,2.481477,0.074708,0.043865
32.160000,86.782852,47.423183,38.368874,2.541238,0.164276,0.175460
45.459999,74.107910,31.841717,21.789698,2.609116,0.043322,0.010966
38.240002,70.026550,17.155590,5.638737,2.613837,0.381135,1.096623
30.510000,58.288597,6.895440,1.063237,2.845882,0.278414,0.394784
37.630001,44.327709,2.987990,0.588180,2.770409,1.390831,3.344699
22.540001,28.572685,-0.200321,0.001657,2.304033,1.446870,1.601069
31.150000,12.510608,-2.255906,0.462580,3.848168,3.102106,8.992307
33.279999,9.247282,-3.855840,1.778479,3.966168,15.059425,91.381561
18.080000,7.981747,-5.206348,5.298930,1.406046,17.321293,251.313019
35.980000,9.347116,-6.961153,5.582443,2.700013,6.515282,209.904541
33.900002,9.881193,-6.037033,4.549132,3.979815,20.296165,127.274033
28.680000,9.586366,-7.187825,6.903167,4.053304,3.728819,272.642334
7.890000,10.253420,-6.959892,7.320029,1.300506,-4.165392,321.200775
39.599998,8.953420,-4.413246,3.164853,3.066995,15.753974,101.327927
30.240000,16.323019,-1.145313,4.891376,3.236688,19.285297,206.680496
33.950001,4.766889,-1.176563,4.531830,4.012437,-9.293815,180.657623
27.490000,2.162567,-1.268321,1.079418,2.873069,4.868442,44.007465
23.330000,2.616598,0.244474,0.123114,1.518834,0.872976,61.520531
16.250000,2.945682,0.222504,0.152309,2.140547,2.845933,4.847072
18.100000,2.418294,0.088707,0.189789,1.516802,1.730035,3.750450
15.760000,1.630111,-0.004670,0.488168,2.081708,0.821335,0.449615
12.210000,1.914011,-0.058837,0.033678,1.792270,1.285272,1.195319
15.620000,2.693774,0.045781,0.003558,1.877629,0.207363,0.098696
12.510000,2.590321,0.033756,0.019934,1.919335,0.428001,0.142561
20.430000,2.814527,0.053792,0.007018,1.906126,0.193079,0.098696
15.620000,2.830735,-0.076205,0.014086,1.895117,0.185502,0.098696
12.980000,3.830016,0.018408,0.000780,1.855116,0.178070,0.098696
15.930000,5.949792,0.152367,0.006092,1.811404,0.062087,0.010966
13.300000,3.392127,0.000000,0.000000,1.780166,0.285539,0.109662
14.700000,2.899827,-0.007227,0.001413,1.663876,0.164992,0.021932
23.780001,6.928188,0.259089,0.017205,1.911053,2.685038,4.320694
43.730000,18.975750,2.367248,1.047787,4.073263,17.803640,155.928802
17.290001,43.580536,14.449187,12.473085,0.607395,11.289808,264.987915
69.760002,97.404732,42.931705,31.554024,1.822637,10.199825,81.950607
108.220001,196.199982,20.820236,3.130249,4.915210,30.315733,289.146515
95.690002,316.159149,75.037933,28.767384,2.227368,-13.376783,426.476563
199.850006,437.162323,109.228256,31.883989,4.290250,7.814308,31.385345
143.699997,499.524536,141.003387,47.549072,2.142258,10.734995,412.999084
176.669998,500.405701,215.304642,193.929947,3.510821,-12.404507,173.496689
216.110001,476.520935,202.582794,351.805420,5.174559,2.895615,3.092476
215.479996,559.911377,221.013199,461.118927,3.505890,-12.050917,186.656158
159.610001,480.981995,256.620789,602.112976,2.563696,0.994279,51.420639
219.470001,454.387024,221.831802,643.818481,5.059231,3.873350,4.792242
201.649994,484.847168,275.345306,676.008850,6.542904,-11.269863,29.663645
188.080002,538.973450,326.107697,695.088562,4.820205,-15.069287,94.934624
235.899994,532.041748,323.322266,729.112305,3.065543,-7.193512,79.230995
221.610001,469.823334,337.111603,843.867676,3.377807,7.760786,77.465416
232.089996,461.523438,311.801727,656.131592,6.117925,-1.668190,0.756670
237.160004,477.417908,380.539886,731.804504,6.630566,-15.703039,64.218224
237.660004,571.172119,403.368347,581.222595,5.453145,-23.358734,191.075546
238.029999,568.651733,421.226532,762.889648,1.457038,3.995726,174.428818
201.169998,412.853241,398.244812,1046.341675,5.871850,-1.647526,9.716078
233.039993,458.457184,374.757629,983.680054,4.934790,-16.736553,99.540443
171.869995,485.189636,458.923523,1138.003540,4.641183,-21.904640,132.844879
284.630005,513.776062,417.969910,1268.946777,2.773906,-11.538322,87.137634
166.869995,513.799988,422.233154,1263.476929,1.773296,7.666814,99.244354
235.899994,405.873688,287.972321,1298.544800,4.829907,-1.732879,8.487860
265.510010,489.180420,377.422821,1218.756470,6.543647,-28.953178,160.951324
241.580002,519.849243,305.997040,821.278564,3.910096,-18.303669,120.464005
186.509995,504.899902,319.722076,1049.451538,1.194075,0.217271,158.122040
210.020004,497.802063,269.603455,867.431152,1.621598,0.000000,0.000000
191.539993,524.392639,313.609314,908.334961,3.564265,-14.116933,89.001900
207.889999,511.528625,230.798264,694.654602,1.263795,-1.835091,31.089254
189.429993,510.901031,220.760132,456.074219,1.708098,3.990953,28.534121
172.130005,510.468018,250.901718,571.328613,2.790363,-1.310570,1.502373
183.470001,519.148926,191.976334,426.888916,4.328447,-11.691426,43.568817
211.559998,541.901306,180.293594,246.159866,4.016211,-15.017346,81.204903
172.860001,561.286743,196.297699,294.285248,1.441300,-7.054584,135.542572
157.990005,477.294861,164.457703,288.016602,2.554589,5.896655,24.301159
158.979996,455.182220,141.636459,205.421097,5.202021,-4.822156,5.801134
128.369995,443.638184,148.462006,147.150101,5.542547,-27.254042,171.358276
168.899994,448.179749,100.063850,81.278412,2.844365,-17.107916,182.499954
69.699997,312.427979,92.616562,108.965599,1.683903,5.565495,77.388657
90.690002,223.616547,33.291855,21.352703,5.001596,-2.955527,2.478368
101.809998,174.870575,6.975045,0.700230,5.997672,-15.979141,55.291718
68.529999,152.962402,-0.281971,0.001218,4.858017,-19.516237,111.877449
42.770000,142.408981,0.154642,0.082369,2.138119,-7.304140,88.870300
38.419998,152.122101,0.748404,0.012916,1.878351,5.704274,88.837402
61.740002,194.180359,0.404587,0.002193,4.456420,2.599417,2.160347
122.480003,246.850662,13.722820,3.660770,6.209191,-11.383369,27.415567
115.970001,344.231049,2.958861,0.068722,5.275984,-19.548967,98.970200
148.300003,428.473999,30.768904,5.398161,3.682262,-19.682968,168.616699
90.209999,457.901733,34.165726,5.182737,1.489365,-4.402440,145.028336
90.080002,418.742096,48.077217,8.774786,2.501573,7.127158,40.849197
151.029999,372.510254,69.016266,32.836784,5.465225,-4.549211,4.879971
170.679993,417.739319,85.092064,43.706993,5.436284,-22.906887,127.953934
146.729996,458.295959,94.141182,42.395138,4.506638,-20.280138,130.289749
93.769997,497.658997,94.071648,46.186775,1.379115,-1.223179,120.902649
88.150002,476.260559,45.639515,11.593104,3.226780,5.861176,18.434227
175.800003,491.212585,64.901253,25.846422,5.489857,-10.000533,24.224394
181.779999,534.015686,87.326118,25.099455,5.459885,-25.522888,157.913681
147.080002,618.890381,61.372543,17.137484,2.630982,-16.008114,171.884644
154.279999,555.273926,58.980476,14.375456,1.556206,6.537852,81.204903
137.220001,532.212769,68.784004,12.083758,4.436591,-1.537104,0.701839
195.089996,528.286743,93.844688,37.187450,5.721526,-18.596386,75.546349
189.289993,608.384644,83.313942,40.397480,4.515288,-25.438768,191.075546
145.940002,603.169861,69.246704,33.060196,1.129435,2.762801,168.616699
148.649994,557.487305,65.011497,43.630333,3.862104,3.127531,3.553057
150.839996,554.413147,99.909050,43.008133,5.596612,-23.699682,125.552322
159.630005,596.819519,77.134361,60.090099,5.010172,-22.637583,132.691345
163.770004,643.892151,81.303566,59.139248,1.286420,0.000000,0.000000
148.910004,580.811768,85.957878,89.317383,4.144356,-1.691989,1.140488
197.649994,596.199158,94.173920,125.629692,4.382300,-15.259131,71.949409
202.690002,665.280457,112.081451,144.673737,3.208915,-15.856518,123.216530
174.779999,660.022644,85.679100,143.853714,1.177280,1.003617,140.027740
155.229996,545.146790,84.839317,188.000793,4.235858,3.288755,3.553057
197.949997,579.594971,105.270195,251.337143,5.914887,-22.516684,107.479980
199.929993,650.208374,96.948547,200.303375,4.682392,-20.251438,118.610718
161.970001,650.257080,98.942329,160.382477,1.366865,-4.828015,168.616699
147.710007,556.910583,99.513138,171.087418,3.206656,8.379639,35.629272
183.210007,516.562500,127.504120,242.300003,5.123135,-11.121534,31.977518
221.809998,507.409180,205.510544,307.524292,5.639264,-24.827791,140.422531
192.759995,577.716919,189.202835,196.927414,2.599654,-13.782420,147.561554
145.559998,489.684937,202.299316,294.494293,1.774753,5.618999,70.183861
199.779999,444.724182,170.277374,275.127960,5.129775,-1.769279,0.986960
171.740005,458.220642,183.843201,305.009949,5.861083,-24.000334,127.953934
219.059998,556.937988,213.927185,268.531891,3.765367,-19.491369,157.913681
188.149994,539.596436,191.825272,240.271744,1.514182,4.502719,130.289749
181.699997,550.319214,196.890717,275.949341,1.610600,0.000000,0.000000
197.160004,530.615112,228.283295,351.992981,3.640982,-13.047541,75.546349
189.369995,579.185486,200.021469,226.336105,2.480039,-9.672157,84.922470
191.990005,533.147339,188.188675,227.138535,1.493117,2.694936,79.230995
191.339996,476.346191,178.438858,246.925690,4.590133,0.158711,0.021932
202.539993,483.110413,173.282104,216.304321,5.843014,-14.578634,47.867584
195.649994,567.968872,200.551193,205.589691,5.615708,-26.935175,174.143677
177.449997,597.580383,149.259827,104.120911,1.445781,-4.000683,199.859497
162.330002,477.111267,185.231247,232.695236,3.432664,5.665790,15.846197
198.410004,480.016479,198.532211,294.164673,5.935842,-16.672813,61.685024
138.440002,533.430481,205.455109,295.550171,5.882633,-28.575636,185.603394
196.589996,518.477844,186.701599,235.116364,1.493166,-2.625289,185.340210
160.759995,495.183350,159.523422,165.515259,3.662546,5.452986,13.433628
172.809998,465.458130,189.690582,282.480347,6.221939,-13.929895,40.805332
237.160004,536.421570,202.765610,284.912964,3.984473,-20.142765,163.221329
182.940002,584.650574,182.605301,196.302002,2.325116,-9.834386,118.610718
136.339996,493.769287,165.768311,184.001099,2.823773,7.726432,46.332310
202.850006,547.471985,134.029449,78.498154,5.541301,-9.876668,24.224394
211.110001,477.795776,214.309341,326.841736,5.988230,-25.875347,150.116684
201.320007,562.315918,222.986176,291.443329,2.551710,-13.738440,185.329239
171.199997,472.427002,176.234558,273.760864,2.449541,8.031042,68.495049
193.330002,482.637695,177.116943,203.608521,5.123314,-2.579529,1.853292
225.619995,472.122131,202.936020,282.511108,5.945639,-29.767036,199.870468
192.309998,571.716248,201.357727,264.979797,3.964672,-19.175701,152.693741
183.250000,523.193359,176.965591,230.038742,1.640639,1.658766,135.125854
156.500000,459.780060,150.327576,166.354935,4.740902,1.854256,1.096623
171.770004,486.158081,163.920319,199.425720,6.033403,-20.440018,94.846901
177.100006,578.096313,187.462830,202.220795,5.041842,-25.142727,185.329239
182.039993,559.259888,146.627975,128.662323,1.725227,3.546404,150.116684
142.119995,500.740387,145.332809,135.760574,4.628868,1.441510,0.701839
206.669998,514.365356,138.979202,102.007408,6.067478,-19.784864,88.826439
170.210007,618.151733,122.102791,81.875412,5.952708,-28.099386,185.329239
162.889999,580.152466,164.662506,147.217209,1.894137,-5.962890,171.347305
160.330002,534.708252,123.918709,102.539246,2.956654,7.650891,42.263840
183.979996,487.998108,146.852219,143.359390,5.350554,-5.599058,8.597523
194.160004,547.139465,148.827606,102.427094,6.074566,0.073155,0.010966
158.259995,596.732727,175.140793,120.258080,1.694821,1.880118,94.846901
129.130005,526.376038,180.859833,191.781418,2.402053,3.084667,13.433628
176.690002,493.234924,181.514496,208.067459,4.650976,-1.788200,1.096623
220.139999,487.373718,169.359833,197.910339,6.236731,-15.340068,53.909973
199.020004,557.722961,186.129578,157.466446,5.228744,-20.360722,120.902649
225.440002,602.499023,181.051437,148.446533,2.249490,-7.742470,130.289749
190.740005,585.032654,221.289001,244.747894,1.946812,0.000000,0.000000
190.289993,502.978149,194.066559,211.483459,5.232237,-12.371624,44.917667
180.320007,531.394714,194.626617,205.929703,6.260806,-23.500856,125.552322
159.250000,620.156494,174.692123,130.718842,3.123578,-12.568979,125.552322
150.600006,535.146423,118.080948,109.261940,2.177325,5.483065,88.826439
211.259995,523.006836,133.641876,233.628632,5.693646,-2.498778,1.590103
195.500000,547.942871,198.095306,266.820618,4.573964,-15.263449,84.966331
205.300003,559.926331,212.326233,272.605438,3.469686,-12.371903,102.929016
193.380005,540.136597,231.423630,309.168884,1.821655,-2.692092,99.079857
162.750000,464.905457,176.726410,232.503708,3.945451,5.674663,15.012765
205.139999,441.776764,210.340057,359.973877,5.718714,-11.439995,33.271534
220.759995,496.320801,226.769379,313.676300,5.922418,-24.758884,150.160553
212.169998,577.052917,210.429291,227.940079,2.587680,-10.725959,152.693741
164.940002,453.700562,197.078979,279.789551,3.274056,8.681423,53.734512
164.050003,462.964966,231.985809,341.624054,5.901215,-9.473851,22.206610
220.139999,505.639954,225.141357,270.166565,6.305209,-27.977617,176.874283
227.919998,598.086975,222.598541,220.101547,2.853762,-13.417503,188.191406
178.130005,515.198303,181.497025,175.516449,2.914270,6.847870,46.332310
185.360001,450.190796,209.567108,274.774353,5.931836,-9.242501,21.230618
170.970001,544.313599,204.361710,203.599319,6.051630,-25.792727,160.556519
218.119995,635.229248,178.501511,144.231491,3.610967,-17.452007,182.499954
190.130005,539.546875,145.773193,100.445869,2.373714,5.979615,77.377693
161.479996,454.887146,204.227005,250.035522,5.646755,-1.415331,0.537345
206.369995,461.474274,186.127335,238.846283,6.211301,-17.596962,73.956230
172.229996,595.041931,228.126755,232.572510,4.999420,-21.887640,157.968521
203.309998,556.840698,174.368027,159.926270,2.056577,-4.180982,196.909561
179.199997,453.209106,197.574936,269.308624,4.097043,7.602490,26.439573
160.520004,491.387695,201.773788,217.522858,6.123112,-11.966183,34.401058
195.210007,521.960693,214.613007,218.646484,6.477945,-29.255062,191.075546
197.500000,595.802368,202.273453,174.606247,3.012493,-13.250731,176.918152
157.570007,529.449280,143.984619,150.117905,2.982912,7.044655,50.707829
161.589996,516.811768,146.326721,237.824509,5.978788,-10.280925,26.329912
199.029999,526.354858,179.264008,274.455597,5.961842,-26.070602,168.616699
231.270004,548.997742,224.552322,323.360168,2.922100,-10.097168,94.857864
157.869995,464.674194,202.592361,308.891357,2.259057,5.564151,86.907341
164.139999,470.357086,197.900574,243.755951,4.345984,3.645287,5.307654
181.699997,445.466064,210.749451,367.355591,6.044497,-12.560424,38.173435
159.179993,498.378540,227.594208,329.344971,6.011102,-27.512459,182.532852
195.520004,560.088501,222.738342,248.074799,2.392591,-8.616371,142.517090
153.729996,459.429565,188.718796,232.640945,3.474465,7.626383,36.890388
202.699997,470.980835,246.393692,365.773712,6.038534,-7.020703,11.953188
199.179993,520.952881,241.910858,316.556915,5.579669,-19.665518,105.319649
171.429993,551.508789,248.625427,285.175049,4.638035,-20.053696,147.561554
207.899994,548.485291,219.197067,216.373123,1.942714,-3.014302,208.840836
177.080002,448.678833,187.070221,219.405945,4.398255,7.358703,22.217575
216.169998,459.128845,223.746033,288.405762,5.939997,-11.628479,33.216702
195.809998,485.156128,209.387787,233.913101,6.329422,-25.084806,142.517090
185.899994,584.547241,223.322235,176.434937,3.394912,-14.692279,145.028336
173.889999,574.649780,172.531387,135.831589,1.918503,2.272674,125.552322
168.220001,468.243530,201.951569,248.074509,4.451305,5.650453,15.308852
205.139999,472.753235,212.291000,261.461090,6.218187,-19.471069,88.716774
175.770004,555.253662,210.816986,211.761292,6.250453,-26.116920,157.924652
195.070007,595.576477,191.476288,152.895233,2.439961,-9.337103,191.075546
175.800003,483.503357,202.943848,273.270660,3.263272,7.013936,33.446991
170.059998,459.203613,189.143890,239.336212,5.809283,-5.691228,8.608489
179.750000,525.473389,218.664291,193.754745,6.266092,-26.264977,160.556519
191.419998,609.996399,162.578033,94.776039,4.339321,-20.657509,180.065460
202.089996,486.064331,232.072754,330.188293,1.856256,4.387711,117.228973
189.039993,449.804443,216.013947,270.005066,4.504531,1.769094,1.195319
201.470001,470.448059,220.830673,289.394318,6.158340,-20.213564,90.822296
206.979996,563.881287,269.476715,310.244995,4.500836,-23.030027,185.329239
156.720001,488.923584,275.603027,432.531158,1.585689,-0.318442,174.143677
196.720001,460.829041,254.169250,418.274780,3.222144,5.047624,18.434229
181.410004,421.852661,216.387115,323.093353,5.416736,-3.060308,2.467401
201.020004,452.129181,233.463242,343.564209,5.469906,-15.543678,63.340923
175.750000,502.614014,288.439545,431.193634,4.788759,-17.045345,92.818146
166.929993,534.651978,254.835022,320.463074,1.774774,-4.733263,185.329239
153.429993,451.066589,225.714508,359.642822,3.712867,8.659734,36.890388
220.910004,473.730957,207.688660,314.923767,5.580249,-7.331429,13.477493
208.360001,448.541595,227.574844,352.607452,6.070909,-22.974489,120.913612
199.940002,573.674194,262.137115,296.037567,4.045780,-17.420874,127.910072
167.259995,544.199890,210.834732,206.912582,1.775437,-4.625567,188.191406
134.190002,468.959900,195.712128,200.735474,3.617955,8.451941,36.890388
184.169998,498.457214,177.892319,145.406616,5.375335,-6.879881,12.676957
201.619995,444.752441,206.539093,260.043396,5.957828,-18.413290,77.553154
202.550003,575.700195,242.994873,251.688293,4.371622,-22.889261,191.174240
127.279999,517.382141,190.336868,186.602188,1.707129,0.431042,174.099808
138.440002,479.928162,180.241119,173.320343,3.614856,7.471700,29.663645
213.860001,450.934265,208.866440,255.400223,5.927752,-8.796109,18.609686
223.800003,532.088623,212.193909,222.333908,6.095183,-25.914776,152.792435
230.830002,580.081787,221.407654,205.185135,3.322562,-14.674376,132.691345
141.770004,548.559937,168.125244,124.432121,2.114886,5.927294,84.922470
215.089996,502.510986,121.076622,185.293579,5.333936,-4.190799,4.836106
200.100006,514.214417,129.274734,288.991882,6.178590,-22.480778,111.866486
190.320007,599.325073,176.147949,383.795807,4.342410,-22.824368,193.981598
188.020004,506.731384,159.985046,430.791534,1.796665,3.285264,70.183861
137.830002,498.534790,174.144562,456.233002,4.441688,-0.702203,0.175460
192.460007,481.240601,191.073715,466.039673,5.403738,-8.125301,17.545965
195.050003,533.512268,197.977371,476.293518,5.951281,-24.960335,145.028336
193.830002,582.858154,224.330002,566.978760,3.454563,-14.895599,123.216530
197.669998,526.895264,177.474503,535.280029,1.725444,2.482800,107.479980
159.479996,455.312012,186.973068,532.697632,4.307519,4.766669,8.597523
189.830002,492.382202,189.338242,440.410217,5.977603,-17.370388,70.183861
197.970001,546.460815,199.696106,369.974304,5.660518,-21.563736,116.340706
187.550003,609.717346,180.214111,317.061066,1.992645,-7.115849,155.292740
184.919998,518.871948,169.384827,384.301025,3.192574,6.695180,29.652679
160.059998,483.795593,161.514450,402.856995,6.138168,-10.165278,23.204536
161.479996,526.341492,189.695419,464.869568,6.065346,-31.761812,230.564926
172.100006,548.516724,193.555115,511.325378,2.172860,0.000000,0.000000
186.460007,506.221558,185.044067,458.588257,4.426947,-3.814857,5.307654
181.529999,474.387451,192.682983,543.102234,4.744511,-7.663624,19.344423
242.270004,512.363708,306.744720,573.882080,3.702566,-15.263232,116.340706
214.449997,537.290833,318.514038,549.255737,2.344444,-7.099306,81.281670
188.339996,476.744019,278.183411,445.147156,1.740560,2.648805,111.866486
182.449997,439.853882,243.895126,345.947388,3.959650,3.175409,4.386491
141.610001,441.592957,202.319977,267.384125,5.663882,-10.247846,26.329912
177.020004,466.669037,231.079651,315.838867,5.884565,-25.829334,157.913681
177.020004,552.794678,220.684708,231.033218,3.286580,-17.737720,191.119415
177.889999,507.396179,219.880920,221.380020,2.016943,5.829695,96.941437
170.949997,446.174866,163.295654,152.228317,5.152226,-1.175030,0.394784
212.330002,473.084351,181.767395,180.129318,5.978919,-18.920420,83.003372
208.050003,541.786682,218.862534,214.903030,4.866233,-23.747690,176.874283
172.710007,585.818481,172.109009,115.225754,1.664921,1.087590,160.556519
158.029999,475.785431,147.935394,121.215805,4.002460,5.351835,12.775653
191.070007,498.978027,138.624573,136.067642,6.263199,-16.620613,60.051060
166.929993,554.697754,146.799423,176.580658,5.890311,-24.971920,147.561554
199.199997,579.845215,153.497131,190.504791,1.786915,-3.765072,127.910072
144.789993,482.890564,117.027039,217.635513,3.326254,6.604194,26.329912
166.100006,469.203369,135.465561,288.076599,6.972905,-10.353252,20.276552
199.050003,619.450989,142.248169,187.816132,4.133063,-21.984762,196.909561
206.679993,607.370056,133.318832,152.057693,1.792863,-4.563216,165.908035
156.110001,509.100769,111.949875,164.353271,3.206767,6.704948,29.652679
182.029999,515.341187,112.463226,204.827148,6.110719,-12.133658,33.172836
176.509995,545.961426,130.888000,191.199234,5.989623,-28.643349,191.075546
180.509995,608.428284,122.996834,215.553497,2.229425,-10.174174,191.075546
127.040001,499.333496,94.817017,163.400223,3.397739,6.044376,21.230618
195.970001,509.436798,100.120468,145.478058,5.777386,-10.794883,28.523155
172.839996,552.145935,100.069061,127.463531,5.864664,-25.697914,157.913681
146.639999,651.188904,99.055962,87.898697,2.569430,-10.260678,118.610718
114.760002,521.156799,81.380768,90.340698,3.050637,8.629894,55.280750
175.110001,512.078735,82.932564,72.380363,5.479050,-4.895924,6.316547
179.750000,509.230286,88.683990,57.983223,6.126845,-22.055492,109.662270
206.220001,612.746277,140.865845,81.579224,3.500203,-16.579439,152.704712
133.339996,554.285767,88.757126,47.070602,1.747331,2.426272,132.702316
156.839996,460.463623,78.080505,42.603149,4.307488,4.501447,8.038244
168.729996,474.242493,66.762718,22.966986,5.998591,-15.434306,55.280750
174.729996,477.350494,56.909355,12.535519,5.984756,-25.993685,157.913681
133.500000,514.845215,38.332458,7.795232,2.689031,-11.158825,130.289749
96.580002,397.423523,14.488311,1.820345,2.230309,5.502099,61.685024
58.540001,287.323120,13.606026,1.475713,5.246085,1.750581,0.888264
115.110001,275.565552,-0.469560,0.003607,6.035793,-19.083920,86.863480
113.650002,188.937714,-4.455924,0.603240,6.819584,-21.938080,103.225082
32.630001,111.073181,-10.959713,1.711608,2.936453,-9.245256,145.203796
56.750000,56.469421,-14.760226,4.140799,2.772032,1.291399,57.430130
47.060001,42.904694,-14.348975,5.551981,8.402432,30.709459,146.256577
11.650000,33.554512,-20.686531,16.599503,0.806392,12.175070,312.153656
97.830002,32.471474,-14.054784,9.686882,5.913856,20.020695,91.798286
14.720000,32.065346,-17.144392,10.543711,1.517678,15.376235,304.707581
51.970001,29.842653,-12.019064,8.857592,4.187917,18.469051,118.204964
25.450001,28.709604,-12.088911,7.063761,3.171028,6.086659,286.021149
48.490002,24.636383,-1.698790,2.881778,4.368230,12.996514,52.221172
31.400000,17.339983,-5.140489,4.326249,3.866122,11.177952,161.006134
34.009998,17.046124,-5.270562,2.318602,3.640363,12.373663,94.539841
61.889999,16.409523,-2.159913,1.512316,5.212779,14.382370,90.372681
101.419998,21.249063,-0.510978,3.981082,7.438489,22.795630,172.531662
35.900002,22.806814,5.205990,18.149349,4.366173,33.456455,382.874847
28.820000,20.007471,14.122542,22.215771,2.825212,0.409513,343.308716
37.200001,32.382557,18.239689,16.180206,2.439090,5.842714,56.333508
69.500000,51.014744,17.726997,17.029526,7.718297,20.256027,175.843445
60.419998,63.199181,18.499935,11.725968,3.344952,8.396265,232.034393
48.099998,78.622818,16.400776,5.612661,4.060115,18.517405,136.584351
44.880001,76.299622,23.979784,10.108667,4.484506,10.812306,133.546707
57.860001,79.172440,30.681082,15.462965,3.826496,13.695538,82.805977
39.830002,74.118683,35.888008,19.261520,3.110280,11.578328,110.364113
44.880001,68.710220,37.463551,21.812994,2.536162,0.448192,55.390415
69.500000,68.143173,33.894073,17.025335,5.418527,1.315886,14.486385
58.740002,60.680153,40.823639,31.291033,3.334528,2.887349,15.922961
49.939999,55.070881,35.440308,24.428562,3.968086,3.086270,8.608488
43.689999,45.076248,38.431656,34.495754,4.804654,4.492270,5.022532
30.639999,42.672207,32.229038,27.038183,1.885243,5.379669,17.545965
49.139999,34.549751,32.185543,34.870602,1.910494,0.003732,0.010966
28.030001,31.297144,32.384762,36.009872,2.917973,3.409624,4.386491
39.060001,25.550568,26.558754,32.693439,1.982771,2.141823,2.544165
29.559999,23.548014,30.840420,43.101025,2.428445,2.162551,2.028752
17.770000,18.311939,26.454828,39.304325,1.252371,1.121531,1.326914
23.299999,13.754380,22.461815,39.770020,1.699842,0.000000,0.000000
21.900000,12.077871,20.167364,35.819790,1.731454,0.027164,0.010966
29.059999,9.950577,16.536133,28.259724,1.683986,0.076129,0.010966
21.580000,6.845425,13.328887,26.232872,1.849034,0.000000,0.000000
25.430000,7.142221,14.644982,32.017387,2.056341,0.000000,0.000000
24.969999,6.440545,11.247437,21.294659,2.407485,0.000000,0.000000
24.200001,7.630280,12.035000,21.783850,1.901374,0.080109,0.010966
20.980000,8.234897,10.778543,17.459501,1.887290,0.000000,0.000000
27.110001,10.637011,11.934924,14.822195,1.942715,0.000000,0.000000
17.459999,12.853528,10.824953,9.650035,1.917051,0.000000,0.000000
29.559999,16.731121,13.090284,11.169711,1.987994,0.000000,0.000000
29.559999,17.095314,12.490771,9.778754,2.041068,0.000000,0.000000
17.309999,15.009380,11.371910,9.460686,2.078415,0.000000,0.000000
29.100000,13.524252,10.155473,8.375907,2.113348,0.000000,0.000000
19.610001,12.851735,6.897084,4.070956,2.159473,0.000000,0.000000
28.490000,9.380805,5.225096,3.284263,2.223400,0.000000,0.000000
24.490000,6.525305,4.545390,3.756591,2.303317,0.000000,0.000000
12.110000,1.923214,1.358834,1.281733,2.509279,0.000000,0.000000
30.920000,1.401660,0.414550,0.137541,3.036683,1.600741,0.888264
33.220001,1.155077,0.382473,0.683415,3.274304,10.772901,40.015766
59.590000,1.313576,0.044801,0.182770,5.045484,20.540390,162.793640
24.080000,2.272269,-0.831878,0.946507,2.618760,20.139343,330.105377
30.200001,1.944576,0.586100,0.746873,3.354863,20.215488,128.798340
26.959999,1.628464,-1.147128,2.192953,4.033254,-2.045162,125.519440
27.900000,2.280876,-0.105930,0.277421,3.220838,0.248244,182.850861
85.629997,1.768292,0.215371,0.313927,5.850513,-1.863041,149.568375
21.180000,1.816693,0.228751,0.218935,1.474878,19.799644,451.139648
6.130000,1.544899,-0.054831,1.490822,0.469754,-3.875649,341.554108
22.980000,1.564966,0.315600,0.512001,2.097625,12.885146,164.625015
13.630000,0.985782,0.353710,0.246716,1.264789,0.683551,217.449326
11.800000,2.719125,1.340461,1.570510,1.022935,6.281429,101.920105
30.150000,9.375591,2.758609,3.773113,2.601238,12.131167,79.439346
16.250000,14.914488,3.801128,7.320809,1.551929,13.323252,241.903992
36.810001,17.448994,6.228243,6.024844,0.402741,1.156062,11.240383
25.790001,17.098982,5.090890,2.805161,3.497789,7.265837,31.209883
18.990000,16.324903,7.137229,9.299702,2.172013,-4.027483,24.290192
13.640000,12.704731,3.536508,2.753936,1.628652,0.578273,0.581210
15.150000,7.098077,2.020329,2.001945,0.719247,0.046045,16.635765
11.640000,2.935374,1.718706,2.579305,1.119121,-0.194536,2.072617
12.260000,1.040043,0.718312,0.700669,0.981998,1.684123,4.386491
44.049999,0.621788,0.713489,1.293137,2.024253,6.284782,23.873476
44.459999,0.567757,0.225231,0.214889,5.087690,27.707460,171.478897
10.110000,1.480552,0.104941,0.232825,0.721985,6.594786,435.304443
42.400002,1.384565,0.029631,0.160741,2.777287,19.804663,166.620850
17.920000,1.784877,-0.136644,0.047472,1.770492,17.902880,283.784027
16.690001,2.115722,-0.658564,0.440745,0.444744,8.172896,207.941574
13.160000,3.506611,-0.139550,0.031631,0.319160,3.783288,140.806366
51.360001,6.905624,0.760292,5.120498,6.737875,14.913005,40.958858
2.600000,9.982708,2.464272,6.275607,0.439795,-1.714729,624.921387
20.049999,9.008726,4.196656,2.955812,0.977484,1.957729,287.326141
17.820000,12.095908,5.325589,2.741606,1.652150,17.901697,270.492981
10.880000,9.542933,2.998217,3.537851,1.611197,-10.527872,150.950104
31.840000,10.018702,-1.522246,4.123057,2.417526,1.496142,14.464454
22.530001,1.777728,1.170410,1.419176,2.227283,7.722066,114.125519
22.500000,0.373814,0.262839,1.850271,1.641800,-3.466691,198.126831
26.790001,0.544274,0.043258,0.046058,0.865490,6.355638,141.606888
30.219999,1.394515,-1.145798,3.187224,2.839230,13.397766,125.113693
22.040001,0.851682,0.303012,0.147240,2.035053,-16.659748,296.625458
17.780001,0.963162,0.711929,1.067282,1.995284,15.503651,179.330688
7.050000,1.570639,0.722539,1.082586,1.299892,-2.792872,139.249146
33.220001,1.567481,0.898163,1.226902,2.424238,4.463952,40.684700
8.270000,0.975241,-0.381518,1.394709,0.369001,-1.443805,248.505676
10.570000,1.133673,-0.107788,0.307737,1.036189,-1.513067,22.195644
31.860001,4.020843,0.172905,0.067552,2.053850,7.783004,47.078014
13.330000,4.306117,0.416186,2.295207,1.219880,-6.103625,50.411747
24.490000,0.763816,-0.097169,0.459997,1.428475,-1.022256,5.154127
9.190000,0.713697,0.164997,0.238723,0.374083,-1.519622,28.523155
9.030000,0.825669,0.116932,0.491969,0.569915,-0.220046,1.590103
5.510000,0.892305,0.004227,0.012672,0.194424,0.122298,8.038244
8.570000,1.004528,-0.006818,0.020860,0.373281,-0.193077,1.491407
7.500000,0.832054,0.042926,0.006872,0.263178,0.228026,3.564024
8.120000,0.921716,-0.011215,0.002096,0.342495,-0.166147,0.636041
5.660000,1.054218,0.047758,0.018667,0.269338,0.154964,1.326914
8.880000,0.935341,0.037199,0.011844,0.368333,-0.194806,0.274156
5.510000,0.902918,-0.022873,0.001608,0.283941,0.113537,0.394784
7.960000,1.068874,0.003520,0.003850,0.346225,0.000000,0.000000
6.280000,1.152569,0.012067,0.006385,0.315645,0.022764,0.010966
6.280000,0.831565,-0.013056,0.004094,0.361802,0.000000,0.000000
7.810000,1.177639,-0.011394,0.003265,0.356262,0.000000,0.000000
7.810000,0.951587,-0.008019,0.004728,0.367684,0.000000,0.000000
8.120000,0.916795,-0.021655,0.015743,0.372202,0.000000,0.000000
7.660000,0.992762,-0.019115,0.003363,0.384089,0.000000,0.000000
8.270000,0.823948,0.018212,0.002096,0.393159,0.000000,0.000000
8.110000,0.555748,0.003017,0.001511,0.403482,0.000000,0.000000
7.650000,1.082309,-0.018876,0.012380,0.400811,0.000000,0.000000
7.810000,0.975753,0.014769,0.001218,0.417355,0.000000,0.000000
7.650000,0.856432,0.004082,0.004923,0.422688,0.000000,0.000000
8.110000,0.922531,0.039892,0.018667,0.434795,0.000000,0.000000
7.500000,0.927843,-0.005556,0.007116,0.436517,0.000000,0.000000
8.870000,0.922887,0.020504,0.009455,0.443528,0.000000,0.000000
7.510000,1.188157,0.016959,0.005556,0.445553,0.000000,0.000000
6.420000,0.913879,-0.011939,0.002632,0.456660,0.000000,0.000000
8.890000,1.111002,0.053766,0.010674,0.463111,0.000000,0.000000
7.500000,1.068428,0.046505,0.005556,0.466797,0.000000,0.000000
7.960000,1.024006,0.024007,0.002437,0.468995,0.000000,0.000000
7.810000,0.957562,0.014496,0.010625,0.480760,0.000000,0.000000
7.040000,0.990322,-0.014471,0.002827,0.472853,0.000000,0.000000
8.720000,1.021613,0.039193,0.004045,0.496913,0.000000,0.000000
7.200000,1.037040,0.025217,0.009455,0.495976,0.000000,0.000000
8.730000,0.886208,0.014113,0.009212,0.501837,0.045894,0.010966
6.580000,0.993732,0.016789,0.002534,0.509829,0.000000,0.000000
7.200000,0.933000,0.023436,0.001657,0.497478,0.000000,0.000000
8.120000,1.043139,-0.007320,0.006775,0.515776,0.000000,0.000000
6.890000,0.987533,0.016669,0.004143,0.519686,0.000000,0.000000
8.730000,1.027297,-0.002523,0.001950,0.508227,0.000000,0.000000
9.030000,1.254317,0.017257,0.003948,0.528109,0.000000,0.000000
7.960000,1.075539,0.018152,0.011405,0.527952,0.000000,0.000000
7.500000,1.111303,0.016831,0.001852,0.529102,0.044580,0.010966
7.500000,1.118293,-0.008462,0.000634,0.535720,0.000000,0.000000
8.120000,0.996965,-0.014641,0.004386,0.538993,0.088696,0.043865
9.490000,1.092023,0.013584,0.002632,0.539772,0.000000,0.000000
8.420000,0.904673,0.035443,0.016230,0.521446,0.000000,0.000000
7.810000,0.958629,0.005897,0.000780,0.541266,0.043356,0.010966
7.960000,1.027431,0.005633,0.013354,0.546457,0.000000,0.000000
5.970000,0.886525,0.002540,0.001413,0.532173,0.000000,0.000000
9.490000,1.188414,0.029265,0.002291,0.550975,0.085485,0.043865
8.880000,0.912444,0.012689,0.006092,0.552312,0.000000,0.000000
7.200000,0.936587,0.008019,0.004484,0.558264,0.000000,0.000000
9.030000,1.058546,0.036645,0.005946,0.558340,0.000000,0.000000
6.120000,1.085775,0.026461,0.007993,0.564492,0.000000,0.000000
7.960000,0.989346,0.000170,0.004045,0.540189,0.000000,0.000000
7.810000,1.034810,0.002122,0.004825,0.564068,0.041850,0.010966
7.040000,0.868122,0.001150,0.004971,0.558872,0.051169,0.010966
8.120000,1.010501,0.016754,0.000829,0.562939,0.000000,0.000000
8.120000,0.926632,-0.010482,0.001755,0.541963,0.000000,0.000000
7.200000,1.068418,0.031481,0.002096,0.553546,0.142644,0.054831
8.730000,1.049733,0.036730,0.005605,0.534651,0.048233,0.010966
8.270000,0.951369,0.039960,0.004192,0.550433,0.000000,0.000000
8.110000,0.961754,0.096121,0.013696,0.138689,0.000000,0.000000
5.050000,0.325538,0.277591,0.903325,0.124401,3.104280,85.701057
4.440000,0.170714,-0.276730,0.499573,0.001492,0.220261,32.701286
5.660000,0.000903,0.012221,0.903422,0.000092,0.005868,1.973921
4.590000,0.004320,0.027305,0.240916,0.000067,0.007958,1.326914
4.130000,0.010732,0.006272,0.014134,0.000010,0.000413,0.043865
4.900000,0.000325,0.000256,0.008432,0.000006,0.000000,0.000000
5.050000,0.002459,0.001721,0.006385,0.000010,0.000000,0.000000
4.280000,0.009480,-0.001449,0.002534,0.000008,0.000000,0.000000
5.810000,0.023955,0.002906,0.002583,0.000017,0.000000,0.000000
4.440000,0.018932,0.000844,0.003607,0.000004,0.000000,0.000000
4.590000,0.009665,-0.003843,0.007896,0.000021,0.000000,0.000000
5.350000,0.009783,0.002693,0.000780,0.000011,0.000000,0.000000
4.740000,0.009435,-0.000153,0.001072,0.000019,0.000000,0.000000
5.050000,0.032409,-0.007840,0.002583,0.000014,0.000000,0.000000
5.510000,0.003961,0.000000,0.000000,0.000003,0.000000,0.000000
4.280000,0.005941,0.001074,0.000634,0.000006,0.000000,0.000000
4.590000,0.005779,-0.001568,0.007701,0.000010,0.000000,0.000000
5.200000,0.010139,0.002318,0.003607,0.000003,0.000000,0.000000
4.590000,0.033325,0.002173,0.002583,0.000007,0.000000,0.000000
5.050000,0.030485,-0.000767,0.002534,0.000005,0.000000,0.000000
4.740000,0.014570,0.001338,0.001657,0.000005,0.000000,0.000000
5.360000,0.006719,0.002233,0.000975,0.000008,0.000000,0.000000
4.900000,0.004618,-0.002011,0.005361,0.000002,0.000000,0.000000
5.050000,0.004488,-0.003511,0.011210,0.000008,0.000000,0.000000
6.120000,0.009458,0.000946,0.004045,0.000007,0.000000,0.000000
4.740000,0.043693,0.005318,0.005264,0.000002,0.000000,0.000000
5.210000,0.008787,0.001721,0.003363,0.000008,0.000000,0.000000
5.050000,0.020485,0.002880,0.006336,0.000030,0.000000,0.000000
4.430000,0.008045,-0.003946,0.003363,0.000004,0.000000,0.000000
4.590000,0.007592,-0.002156,0.001852,0.000003,0.000000,0.000000
4.280000,0.004660,-0.006707,0.019008,0.000006,0.000000,0.000000
5.660000,0.019209,-0.004159,0.009845,0.000009,0.000000,0.000000
4.590000,0.007926,-0.003221,0.002096,0.000014,0.000000,0.000000
5.050000,0.044575,-0.035870,0.033386,0.000012,0.000000,0.000000
5.050000,0.026302,-0.006971,0.007555,0.000021,0.000000,0.000000
4.740000,0.005868,-0.000375,0.000780,0.000005,0.000000,0.000000
5.360000,0.004569,0.003179,0.004045,0.000025,0.000000,0.000000
5.200000,0.007933,0.000256,0.003802,0.000003,0.000000,0.000000
4.280000,0.003408,-0.002446,0.002388,0.000006,0.000000,0.000000
4.890000,0.031607,-0.001747,0.002973,0.000005,0.000000,0.000000
5.050000,0.011985,-0.002702,0.006336,0.000005,0.000000,0.000000
4.900000,0.015806,0.006724,0.013696,0.000006,0.000000,0.000000
4.590000,0.017668,0.001858,0.000585,0.000002,0.000000,0.000000
5.510000,0.008622,-0.003477,0.005069,0.000007,0.000000,0.000000
4.590000,0.007957,0.000622,0.006775,0.000009,0.000000,0.000000
4.590000,0.025958,0.002412,0.001998,0.000011,0.000000,0.000000
6.430000,0.012158,0.002054,0.004143,0.000008,0.000000,0.000000
5.200000,0.008284,-0.000511,0.000390,0.000010,0.000000,0.000000
4.590000,0.000761,-0.000460,0.004338,0.000011,0.000000,0.000000
4.740000,0.005385,0.004031,0.005313,0.000004,0.000000,0.000000
4.590000,0.005321,0.000622,0.002973,0.000001,0.000000,0.000000
5.050000,0.014204,-0.004943,0.004728,0.000006,0.000000,0.000000
4.280000,0.001954,-0.000290,0.001170,0.000023,0.000000,0.000000
5.660000,0.003420,0.001824,0.009894,0.000011,0.000000,0.000000
4.440000,0.005025,-0.001202,0.003948,0.000006,0.000000,0.000000
4.900000,0.003497,-0.000017,0.002534,0.000010,0.000000,0.000000
5.200000,0.037560,-0.000511,0.000195,0.000008,0.000000,0.000000
4.740000,0.015911,-0.002838,0.004338,0.000003,0.000000,0.000000
4.440000,0.043097,-0.005250,0.004338,0.000009,0.000000,0.000000
5.360000,0.004850,0.001645,0.004045,0.000003,0.000000,0.000000
5.360000,0.002244,-0.001662,0.001657,0.000009,0.000000,0.000000
5.510000,0.006078,-0.000920,0.000877,0.000012,0.000000,0.000000
4.440000,0.014994,-0.002710,0.007311,0.000001,0.000000,0.000000
3.980000,0.006267,-0.003579,0.002388,0.000013,0.000000,0.000000
4.740000,0.183101,-0.015493,0.001413,0.000019,0.000000,0.000000
5.350000,0.003545,-0.001730,0.005313,0.000008,0.000000,0.000000
4.740000,0.008193,0.002420,0.002827,0.000005,0.000000,0.000000
4.890000,0.006454,-0.005071,0.006531,0.000002,0.000000,0.000000
4.590000,0.013457,0.001994,0.000975,0.000012,0.000000,0.000000
4.740000,0.258940,-0.010406,0.001316,0.000003,0.000000,0.000000
5.200000,0.010465,-0.001696,0.001998,0.000025,0.000000,0.000000
4.430000,0.020908,0.001023,0.000877,0.000009,0.000000,0.000000
4.890000,0.000793,-0.000494,0.001072,0.000001,0.000000,0.000000
4.740000,0.028262,-0.015306,0.033386,0.000005,0.000000,0.000000
4.130000,0.005111,0.001926,0.000975,0.000017,0.000000,0.000000
5.050000,0.004515,-0.000358,0.001852,0.000008,0.000000,0.000000
4.440000,0.015813,-0.002003,0.000634,0.000015,0.000000,0.000000
4.130000,0.018924,0.000980,0.000634,0.000008,0.000000,0.000000
4.740000,0.008586,-0.001696,0.001998,0.000008,0.000000,0.000000
5.050000,0.028063,-0.002429,0.001657,0.000002,0.000000,0.000000
4.280000,0.011005,0.005292,0.009455,0.000008,0.000000,0.000000
5.510000,0.006227,-0.001074,0.005605,0.000004,0.000000,0.000000
4.740000,0.006214,-0.002173,0.007311,0.000022,0.000000,0.000000
5.200000,0.009504,0.003434,0.008237,0.000005,0.000000,0.000000
4.590000,0.014971,-0.003332,0.001657,0.000005,0.000000,0.000000
4.740000,0.035042,-0.000648,0.002437,0.000003,0.000000,0.000000
4.900000,0.005518,0.000102,0.004386,0.000017,0.000000,0.000000
4.590000,0.007115,0.001943,0.000634,0.000006,0.000000,0.000000
4.590000,0.018345,0.005505,0.002437,0.000005,0.000000,0.000000
4.280000,0.032441,0.004372,0.000829,0.000010,0.000000,0.000000
4.740000,0.002293,-0.000213,0.002096,0.000001,0.000000,0.000000
5.360000,0.010799,-0.002250,0.000877,0.000002,0.000000,0.000000
4.740000,0.012216,0.000000,0.000000,0.000009,0.000000,0.000000
4.900000,0.004660,0.000247,0.004143,0.000002,0.000000,0.000000
5.050000,0.009832,0.003596,0.001998,0.000004,0.000000,0.000000
4.280000,0.010663,0.000622,0.005313,0.000001,0.000000,0.000000
6.120000,0.003473,0.003622,0.004338,0.000005,0.000000,0.000000
5.200000,0.025199,0.000656,0.002388,0.000006,0.000000,0.000000
5.510000,0.195542,-0.003025,0.002437,0.000001,0.000000,0.000000
5.350000,0.019060,-0.000358,0.000195,0.000017,0.000000,0.000000
4.900000,0.009647,-0.001747,0.000634,0.000008,0.000000,0.000000
5.660000,0.051861,0.013175,0.004143,0.000005,0.000019,0.010966
4.890000,0.009345,0.001321,0.001218,0.000003,0.000000,0.000000
4.590000,0.007457,0.000187,0.001657,0.000008,0.000000,0.000000
5.660000,0.005977,-0.002966,0.005849,0.000006,0.000000,0.000000
5.510000,0.042449,0.016541,0.009650,0.000006,0.000000,0.000000
4.590000,0.022385,0.005258,0.001657,0.000005,0.000000,0.000000
5.200000,0.007032,-0.002096,0.003997,0.000014,0.000000,0.000000
5.360000,0.005347,-0.000273,0.001657,0.000006,0.000000,0.000000
4.590000,0.005959,0.000852,0.002437,0.000007,0.000000,0.000000
6.120000,0.004369,-0.001321,0.001218,0.000005,0.000000,0.000000
5.050000,0.005832,-0.002344,0.001998,0.000012,0.000000,0.000000
4.740000,0.018547,-0.002267,0.000975,0.000014,0.000000,0.000000
4.740000,0.036719,0.010584,0.009894,0.000012,0.000000,0.000000
5.660000,0.004672,-0.001210,0.002534,0.000025,0.000000,0.000000
5.350000,0.004798,-0.000852,0.002437,0.000002,0.000000,0.000000
4.440000,0.007056,-0.002838,0.002632,0.000005,0.000000,0.000000
4.890000,0.012083,-0.003937,0.009991,0.000025,0.000000,0.000000
3.670000,0.007503,-0.000750,0.000390,0.000010,0.000000,0.000000
4.890000,0.014073,-0.003647,0.002729,0.000014,0.000000,0.000000
3.830000,0.008318,0.001594,0.000634,0.000044,0.000000,0.000000
4.890000,0.005613,-0.001355,0.012721,0.000009,0.000000,0.000000
4.280000,0.009696,0.001023,0.000877,0.000003,0.000000,0.000000
4.590000,0.028536,-0.010857,0.006092,0.000004,0.000000,0.000000
5.350000,0.012641,-0.005906,0.006336,0.000003,0.000000,0.000000
4.740000,0.010483,-0.002369,0.001413,0.000007,0.000000,0.000000
4.740000,0.013153,0.001721,0.008870,0.000005,0.000000,0.000000
5.050000,0.005977,-0.001798,0.001072,0.000004,0.000000,0.000000
5.970000,0.004938,-0.000273,0.002876,0.000010,0.000000,0.000000
5.050000,0.018007,0.004619,0.003607,0.000012,0.000000,0.000000
4.440000,0.017147,0.007346,0.009748,0.000002,0.000000,0.000000
4.590000,0.010465,0.001040,0.001657,0.000025,0.000000,0.000000
4.590000,0.013587,0.001739,0.002632,0.000010,0.000000,0.000000
5.200000,0.011507,0.000102,0.005507,0.000004,0.000000,0.000000
4.740000,0.010389,-0.010380,0.011405,0.000005,0.000000,0.000000
5.200000,0.007889,0.002224,0.004386,0.000006,0.000000,0.000000
5.510000,0.025381,0.002020,0.004386,0.000006,0.000000,0.000000
5.050000,0.040561,0.011726,0.012185,0.000005,0.000000,0.000000
5.660000,0.011972,0.001917,0.003948,0.000015,0.000000,0.000000
5.350000,0.007120,-0.000026,0.000877,0.000011,0.000000,0.000000
5.360000,0.006793,-0.001304,0.001218,0.000006,0.000000,0.000000
4.740000,0.005625,0.001977,0.000780,0.000001,0.000000,0.000000
4.590000,0.017546,0.000435,0.002583,0.000011,0.000000,0.000000
5.200000,0.025561,-0.001338,0.001218,0.000019,0.000000,0.000000
4.590000,0.001043,0.001023,0.001852,0.000008,0.000000,0.000000
5.660000,0.013225,-0.001798,0.000829,0.000010,0.000000,0.000000
5.050000,0.000793,-0.000043,0.002096,0.000003,0.000000,0.000000
5.660000,0.008956,-0.004389,0.002437,0.000002,0.000000,0.000000
4.440000,0.005983,-0.001969,0.001072,0.000003,0.000000,0.000000
4.590000,0.018868,-0.006042,0.005995,0.000005,0.000000,0.000000
3.980000,0.012766,0.000324,0.005946,0.000003,0.000000,0.000000
4.890000,0.019304,0.001193,0.008676,0.000008,0.000000,0.000000
4.740000,0.019339,0.000426,0.000634,0.000006,0.000000,0.000000
5.050000,0.008617,0.000954,0.000634,0.000008,0.000000,0.000000
4.740000,0.023238,-0.004244,0.001755,0.000005,0.000000,0.000000
5.200000,0.003308,0.001841,0.002632,0.000003,0.000000,0.000000
4.740000,0.004622,0.000494,0.003022,0.000005,0.000000,0.000000
4.280000,0.018674,-0.001355,0.002193,0.000006,0.000000,0.000000
5.810000,0.009546,-0.001483,0.001316,0.000001,0.000000,0.000000
5.050000,0.012015,-0.000511,0.000877,0.000001,0.000000,0.000000
4.280000,0.016421,0.005676,0.003607,0.000004,0.000000,0.000000
4.890000,0.021480,-0.001210,0.000390,0.000004,0.000000,0.000000
5.200000,0.011614,0.000435,0.001852,0.000026,0.000000,0.000000
4.590000,0.014287,0.001295,0.001657,0.000013,0.000000,0.000000
4.740000,0.022231,-0.005667,0.017010,0.000005,0.000000,0.000000
4.740000,0.028154,0.000435,0.001657,0.000005,0.000000,0.000000
4.590000,0.048564,0.004593,0.001072,0.000006,0.000000,0.000000
4.890000,0.008835,0.000443,0.006092,0.000005,0.000000,0.000000
5.960000,0.010672,0.001057,0.000780,0.000001,0.000000,0.000000
4.890000,0.003152,-0.003639,0.006092,0.000002,0.000000,0.000000
4.740000,0.033817,-0.004031,0.001413,0.000005,0.000000,0.000000
5.200000,0.020072,-0.002719,0.003802,0.000006,0.000000,0.000000
4.430000,0.019728,0.000017,0.000195,0.000020,0.000000,0.000000
4.740000,0.007428,-0.002148,0.002827,0.000011,0.000000,0.000000
5.050000,0.005539,0.001082,0.001072,0.000008,0.000000,0.000000
4.130000,0.000827,0.000631,0.007555,0.000004,0.000000,0.000000
5.200000,0.004022,-0.000571,0.001413,0.000006,0.000000,0.000000
4.430000,0.003405,0.001278,0.001218,0.000008,0.000000,0.000000
5.050000,0.009254,-0.004815,0.006531,0.000004,0.000000,0.000000
5.510000,0.011143,0.001227,0.001657,0.000002,0.000000,0.000000
4.280000,0.019155,0.000179,0.000877,0.000003,0.000000,0.000000
5.200000,0.011775,-0.000026,0.000439,0.000008,0.000000,0.000000
5.050000,0.003117,0.001585,0.000975,0.000007,0.000000,0.000000
5.200000,0.003408,0.000247,0.013696,0.000005,0.000000,0.000000
5.510000,0.005779,0.003025,0.002437,0.000019,0.000000,0.000000
4.280000,0.008878,-0.001662,0.001657,0.000005,0.000000,0.000000
4.590000,0.008057,-0.001747,0.001218,0.000005,0.000000,0.000000
4.590000,0.019482,0.005744,0.007213,0.000001,0.000000,0.000000
