I0,I1,I2,I3,I4,I5,I6
4.680000,0.007416,0.003988,0.023005,0.000015,0.000000,0.000000
5.770000,0.014511,0.008224,0.013403,0.000010,0.000000,0.000000
5.300000,0.005138,-0.002591,0.017595,0.000004,0.000000,0.000000
3.900000,0.023668,0.010175,0.010528,0.000004,0.000000,0.000000
4.370000,0.012465,-0.002096,0.001998,0.000003,0.000000,0.000000
5.310000,0.008854,-0.006170,0.016620,0.000002,0.000000,0.000000
5.310000,0.014608,0.002846,0.008432,0.000007,0.000000,0.000000
4.530000,0.007603,0.011769,0.029536,0.000011,0.000000,0.000000
5.930000,0.008181,-0.007627,0.033825,0.000001,0.000000,0.000000
4.840000,0.013219,-0.001935,0.008286,0.000007,0.000000,0.000000
4.990000,0.039476,-0.002898,0.004874,0.000007,0.000000,0.000000
4.990000,0.012659,0.005216,0.009845,0.000010,0.000000,0.000000
4.840000,0.017218,0.000972,0.002096,0.000002,0.000000,0.000000
3.900000,0.025555,-0.012604,0.017010,0.000009,0.000000,0.000000
4.990000,0.179954,0.001466,0.037675,0.000007,0.000000,0.000000
4.840000,0.047152,-0.009869,0.007116,0.000016,0.000000,0.000000
4.990000,0.020577,0.003085,0.009553,0.000007,0.000000,0.000000
4.840000,0.026329,-0.008130,0.011600,0.000015,0.000000,0.000000
6.080000,0.010791,0.012758,0.021884,0.000012,0.000000,0.000000
4.990000,0.021760,0.002378,0.014134,0.000001,0.000000,0.000000
4.680000,0.010349,0.000989,0.010235,0.000008,0.000000,0.000000
5.460000,0.014892,-0.005045,0.009212,0.000022,0.000000,0.000000
4.520000,0.004882,0.004099,0.012526,0.000012,0.000000,0.000000
4.840000,0.003554,-0.000920,0.002193,0.000012,0.000000,0.000000
4.840000,0.008760,-0.001611,0.002388,0.000003,0.000000,0.000000
4.990000,0.025724,-0.001781,0.007847,0.000004,0.000000,0.000000
5.460000,0.021301,0.004235,0.004776,0.000007,0.000000,0.000000
4.530000,0.017348,0.002028,0.003802,0.000022,0.000000,0.000000
3.590000,0.008382,0.000784,0.001950,0.000003,0.000000,0.000000
5.460000,0.009777,-0.012204,0.033727,0.000010,0.000000,0.000000
5.300000,0.016424,0.000230,0.015304,0.000005,0.000000,0.000000
4.210000,0.033353,0.008837,0.007116,0.000013,0.000000,0.000000
4.990000,0.012596,-0.005071,0.005995,0.000007,0.000000,0.000000
5.460000,0.023387,0.019874,0.058389,0.000010,0.000000,0.000000
5.150000,0.011697,0.003017,0.015840,0.000023,0.000000,0.000000
4.840000,0.035957,0.001483,0.018375,0.000014,0.000000,0.000000
4.210000,0.011274,-0.002753,0.024223,0.000005,0.000000,0.000000
4.210000,0.011425,-0.005625,0.008383,0.000010,0.000000,0.000000
4.990000,0.005625,0.003221,0.036067,0.000005,0.000000,0.000000
4.210000,0.019300,0.006289,0.007555,0.000005,0.000000,0.000000
5.150000,0.006281,-0.001662,0.003168,0.000013,0.000000,0.000000
4.840000,0.069849,0.011667,0.016279,0.000003,0.000000,0.000000
4.680000,0.016461,0.002344,0.031290,0.000004,0.000000,0.000000
5.300000,0.007026,0.002778,0.015889,0.000010,0.000000,0.000000
4.370000,0.008653,-0.000375,0.005995,0.000018,0.000000,0.000000
4.990000,0.014274,-0.005855,0.009796,0.000003,0.000000,0.000000
4.370000,0.002486,-0.002531,0.007067,0.000033,0.000000,0.000000
4.840000,0.074445,0.009264,0.012526,0.000012,0.000000,0.000000
5.770000,0.009049,-0.001449,0.003022,0.000004,0.000000,0.000000
5.300000,0.032447,-0.001764,0.009991,0.000002,0.000000,0.000000
4.520000,0.020850,0.000767,0.007116,0.000014,0.000000,0.000000
4.520000,0.022155,0.002710,0.000975,0.000004,0.000000,0.000000
5.620000,0.004502,0.000349,0.012233,0.000013,0.000000,0.000000
4.990000,0.008728,-0.001892,0.009602,0.000024,0.000000,0.000000
4.680000,0.023092,-0.000026,0.009114,0.000012,0.000000,0.000000
4.990000,0.007731,0.013422,0.040794,0.000014,0.000000,0.000000
5.310000,0.014047,0.002327,0.012526,0.000015,0.000000,0.000000
5.300000,0.030121,-0.004900,0.013159,0.000015,0.000000,0.000000
5.620000,0.034174,0.002880,0.000975,0.000002,0.000000,0.000000
4.680000,0.006540,-0.000452,0.008676,0.000002,0.000000,0.000000
4.990000,0.023195,0.002275,0.004386,0.000006,0.000000,0.000000
4.520000,0.027786,-0.013201,0.009017,0.000014,0.000000,0.000000
4.520000,0.018159,0.007440,0.010966,0.000007,0.000000,0.000000
4.840000,0.017551,0.003025,0.004776,0.000002,0.000000,0.000000
5.150000,0.022998,-0.000562,0.003607,0.000017,0.000000,0.000000
4.840000,0.014147,-0.006835,0.028707,0.000014,0.000000,0.000000
5.460000,0.004269,-0.002693,0.012136,0.000014,0.000000,0.000000
5.310000,0.019521,-0.001423,0.007457,0.000017,0.000000,0.000000
4.370000,0.008911,0.001150,0.013696,0.000008,0.000000,0.000000
5.610000,0.015071,0.003451,0.013744,0.000011,0.000000,0.000000
4.680000,0.004956,0.004926,0.017741,0.000040,0.000000,0.000000
4.680000,0.002608,0.003724,0.036115,0.000014,0.000000,0.000000
5.300000,0.037983,0.008974,0.007896,0.000022,0.000000,0.000000
4.840000,0.015959,-0.010167,0.011356,0.000008,0.000000,0.000000
4.840000,0.017540,-0.009085,0.014134,0.000005,0.000000,0.000000
5.000000,0.009470,-0.006289,0.008676,0.000011,0.000000,0.000000
4.680000,0.008078,0.001841,0.004679,0.000002,0.000000,0.000000
5.460000,0.028554,-0.021510,0.018813,0.000010,0.000000,0.000000
5.300000,0.024013,0.003119,0.023151,0.000023,0.000000,0.000000
3.590000,0.001541,-0.000307,0.006482,0.000013,0.000000,0.000000
4.370000,0.005481,0.000051,0.017254,0.000002,0.000000,0.000000
5.930000,0.006612,-0.002676,0.002388,0.000011,0.000000,0.000000
5.460000,0.039938,0.002327,0.003607,0.000017,0.000000,0.000000
4.840000,0.023213,0.008531,0.009212,0.000011,0.000000,0.000000
5.300000,0.021705,0.002608,0.035189,0.000012,0.000000,0.000000
4.840000,0.009498,-0.005403,0.008237,0.000015,0.000000,0.000000
4.990000,0.026880,-0.008266,0.004338,0.000007,0.000000,0.000000
5.620000,0.029275,-0.006562,0.007506,0.000005,0.000000,0.000000
4.210000,0.147960,0.003613,0.011161,0.000020,0.000000,0.000000
4.680000,0.009927,-0.002233,0.017985,0.000018,0.000000,0.000000
5.460000,0.008579,0.010201,0.018472,0.000008,0.000000,0.000000
4.840000,0.038594,-0.015042,0.009017,0.000003,0.000000,0.000000
4.990000,0.003371,-0.000614,0.001560,0.000005,0.000000,0.000000
5.780000,0.003915,-0.002642,0.015109,0.000011,0.000000,0.000000
4.370000,0.008099,0.000937,0.009212,0.000010,0.000000,0.000000
4.210000,0.003059,0.004091,0.041038,0.000002,0.000000,0.000000
5.300000,0.021969,-0.011556,0.013501,0.000016,0.000000,0.000000
4.680000,0.024006,0.000222,0.002145,0.000014,0.000000,0.000000
4.060000,0.004092,-0.000119,0.001852,0.000006,0.000000,0.000000
5.150000,0.009111,0.005684,0.007262,0.000016,0.000000,0.000000
5.460000,0.015666,-0.004798,0.008091,0.000015,0.000000,0.000000
4.990000,0.014552,-0.001244,0.005166,0.000023,0.000000,0.000000
4.520000,0.030570,-0.000741,0.020958,0.000008,0.000000,0.000000
4.680000,0.025772,-0.005301,0.004776,0.000010,0.000000,0.000000
5.310000,0.008556,-0.003034,0.002973,0.000013,0.000000,0.000000
4.990000,0.002047,-0.001952,0.010625,0.000005,0.000000,0.000000
4.520000,0.011972,0.006843,0.006336,0.000047,0.000000,0.000000
3.740000,0.005187,-0.002557,0.028951,0.000006,0.000000,0.000000
4.990000,0.032739,0.007423,0.002973,0.000022,0.000000,0.000000
5.460000,0.017563,-0.007985,0.009212,0.000014,0.000000,0.000000
4.060000,0.009300,0.010397,0.026758,0.000011,0.000000,0.000000
4.680000,0.007913,-0.004755,0.003948,0.000018,0.000000,0.000000
4.840000,0.005744,0.002309,0.008481,0.000010,0.000000,0.000000
4.680000,0.012848,-0.008215,0.016669,0.000018,0.000000,0.000000
4.680000,0.073689,0.018749,0.011795,0.000015,0.000000,0.000000
4.210000,0.017276,-0.002275,0.004386,0.000001,0.000000,0.000000
4.370000,0.009026,-0.013874,0.028707,0.000015,0.000000,0.000000
4.520000,0.018159,0.008488,0.005849,0.000023,0.000000,0.000000
4.520000,0.018995,0.001398,0.000975,0.000011,0.000000,0.000000
5.930000,0.011681,0.001116,0.006092,0.000019,0.000000,0.000000
4.370000,0.007664,-0.007874,0.014183,0.000007,0.000000,0.000000
4.990000,0.008784,0.010746,0.017010,0.000011,0.000000,0.000000
4.830000,0.014330,-0.008991,0.010625,0.000005,0.000000,0.000000
5.620000,0.027552,-0.002693,0.009991,0.000001,0.000000,0.000000
4.990000,0.005996,0.002898,0.006775,0.000008,0.000000,0.000000
4.370000,0.004198,-0.000426,0.004338,0.000007,0.000000,0.000000
4.210000,0.018097,-0.008232,0.016669,0.000020,0.000000,0.000000
4.210000,0.023779,0.007568,0.006092,0.000006,0.000000,0.000000
4.990000,0.004779,0.006136,0.018569,0.000007,0.000000,0.000000
26.990000,0.022323,-0.120435,0.922430,2.198405,0.000000,0.000000
7.290000,0.030483,0.022652,0.060680,0.488986,-3.860211,77.443497
43.169998,0.064550,-0.194415,0.655585,5.694670,26.508099,159.032211
42.840000,0.016655,-0.044485,1.133518,4.199426,-0.853652,335.029205
15.320000,0.040108,-0.096811,0.323041,2.000041,0.988307,168.507050
19.360001,0.031136,0.065518,0.937344,1.427488,4.518062,48.393963
17.889999,0.045429,0.053391,0.180480,1.605055,7.496657,57.430134
11.520000,0.088695,0.021501,0.168880,0.754313,-1.224644,43.206936
16.980000,0.024675,0.018655,0.154989,1.481981,3.260599,13.718750
10.920000,0.010344,-0.014317,0.189496,0.487778,0.196295,27.865183
8.890000,0.019066,-0.001219,0.123894,0.659966,0.670123,2.072617
10.450000,0.012782,-0.007133,0.042939,0.736606,0.076702,0.021932
7.650000,0.069912,0.021493,0.104009,0.601920,0.193651,4.046538
12.470000,0.014308,-0.010499,0.038211,0.761433,-0.367107,0.438649
7.790000,0.002731,-0.002591,0.005069,0.496799,0.311441,0.438649
8.730000,0.006881,0.000784,0.000195,0.605613,-0.184966,0.701839
6.550000,0.019985,0.000690,0.000439,0.476258,0.166241,0.537345
9.040000,0.005789,-0.003400,0.021494,0.556429,-0.089359,0.175460
7.800000,0.018422,-0.002736,0.000439,0.463406,0.040340,0.219325
7.800000,0.003281,-0.000562,0.000439,0.536184,-0.027589,0.010966
6.870000,0.015990,0.000000,0.000000,0.444351,0.033402,0.219325
8.100000,0.036599,-0.011658,0.027537,0.475479,-0.028540,0.109662
8.420000,0.009201,0.020070,0.228780,0.414185,0.033790,0.142561
6.240000,0.005367,-0.002335,0.106738,0.366756,0.077493,0.043865
7.490000,0.006388,-0.002650,0.145290,0.356905,-0.063110,0.745703
6.700000,0.014731,-0.006161,0.129548,0.324276,-0.061833,0.274156
6.870000,0.004295,0.008718,0.578334,0.346912,-0.015543,0.438649
7.180000,0.005749,-0.002378,0.014914,0.310019,-0.071416,0.394784
6.700000,0.023094,-0.002292,0.002096,0.327532,-0.108268,0.274156
7.020000,0.012867,-0.001355,0.005361,0.280026,-0.045537,0.175460
7.170000,0.011379,-0.000665,0.004776,0.298168,-0.115230,0.394784
7.800000,0.001852,0.002275,0.002827,0.268137,0.030172,0.021932
6.550000,0.017790,-0.001619,0.000195,0.260141,0.000000,0.000000
5.460000,0.013877,-0.005198,0.003363,0.245035,-0.017487,0.043865
5.930000,0.020580,0.001739,0.000877,0.267116,0.022728,0.010966
7.020000,0.027682,0.000903,0.001657,0.224136,0.080814,0.043865
5.310000,0.003937,0.000605,0.002193,0.214946,0.000000,0.000000
5.000000,0.002564,-0.000034,0.000195,0.205613,0.038842,0.010966
5.610000,0.020927,-0.004858,0.017595,0.207368,0.000000,0.000000
4.520000,0.015870,-0.000810,0.014524,0.210868,0.000000,0.000000
7.030000,0.047296,0.035759,0.050103,0.208346,0.000000,0.000000
6.710000,0.014128,0.000000,0.000000,0.203280,0.000000,0.000000
4.680000,0.041105,-0.004610,0.003753,0.199053,0.078710,0.043865
6.240000,0.000240,-0.000034,0.000195,0.197891,0.000000,0.000000
6.080000,0.013724,0.002335,0.002973,0.207237,0.040683,0.010966
5.930000,0.016443,0.000051,0.000877,0.200945,0.000000,0.000000
6.240000,0.007953,-0.002454,0.003168,0.207069,0.040635,0.010966
5.620000,0.027987,0.008190,0.003802,0.213669,0.000000,0.000000
6.400000,0.002578,0.000162,0.002827,0.215907,0.000000,0.000000
5.770000,0.031348,0.003528,0.001755,0.225470,0.000000,0.000000
5.620000,0.022890,0.000000,0.000000,0.227995,0.000000,0.000000
6.870000,0.000246,-0.000034,0.000195,0.232308,0.000000,0.000000
6.090000,0.002131,0.000307,0.000439,0.232755,0.042992,0.010966
6.870000,0.016539,0.000000,0.000000,0.222505,0.000000,0.000000
5.930000,0.007644,0.000000,0.000000,0.230619,0.083982,0.043865
7.330000,0.050403,0.005369,0.001218,0.216437,0.000000,0.000000
6.860000,0.052387,0.000026,0.000439,0.219932,0.040294,0.010966
7.180000,0.007810,0.001193,0.001657,0.227622,0.000000,0.000000
5.150000,0.003892,0.000060,0.002388,0.231858,0.000000,0.000000
6.710000,0.032812,-0.005284,0.001218,0.240249,0.000000,0.000000
5.620000,0.031883,-0.002940,0.001218,0.243548,0.000000,0.000000
6.710000,0.006410,0.000000,0.000000,0.257583,0.000000,0.000000
7.180000,0.008832,0.001176,0.000195,0.258924,0.000000,0.000000
6.870000,0.014673,-0.000835,0.002388,0.264229,0.000000,0.000000
7.330000,0.009586,-0.000358,0.000439,0.275946,0.000000,0.000000
6.240000,0.013871,0.000307,0.000439,0.274490,0.000000,0.000000
8.270000,0.027306,-0.001227,0.000195,0.280592,0.000000,0.000000
6.880000,0.010209,0.000000,0.000000,0.281334,0.000000,0.000000
6.550000,0.000772,0.000239,0.000195,0.284342,0.000000,0.000000
7.330000,0.016625,0.000000,0.000000,0.287603,0.000000,0.000000
6.400000,0.010112,0.004235,0.002388,0.289036,0.000000,0.000000
6.870000,0.000496,0.000085,0.001218,0.293162,0.000000,0.000000
6.390000,0.009711,0.001432,0.000439,0.300730,0.000000,0.000000
7.950000,0.004400,-0.000597,0.001218,0.303939,0.000000,0.000000
6.090000,0.009695,0.000000,0.000000,0.314106,0.000000,0.000000
8.430000,0.016145,-0.004116,0.002388,0.309930,0.000000,0.000000
6.080000,0.012073,0.000153,0.003948,0.318717,0.000000,0.000000
5.310000,0.009574,-0.000954,0.000195,0.313276,0.000000,0.000000
7.800000,0.039110,0.007517,0.002388,0.320433,0.000000,0.000000
6.710000,0.019485,0.000000,0.000000,0.331100,0.000000,0.000000
7.020000,0.011073,0.000000,0.000000,0.329854,0.000000,0.000000
6.240000,0.006661,0.002386,0.001218,0.332150,0.000000,0.000000
5.460000,0.008781,-0.000954,0.000195,0.338293,0.000000,0.000000
6.710000,0.025898,0.000000,0.000000,0.341903,0.000000,0.000000
6.090000,0.003889,-0.000580,0.000634,0.346707,0.000000,0.000000
7.020000,0.012195,-0.001381,0.000877,0.346639,0.000000,0.000000
6.400000,0.027056,0.006562,0.002388,0.352288,0.000000,0.000000
5.920000,0.021949,-0.000954,0.000195,0.353400,0.000000,0.000000
6.240000,0.008786,-0.000903,0.000634,0.361225,0.000000,0.000000
7.490000,0.014751,-0.001534,0.000439,0.359125,0.000000,0.000000
7.020000,0.010088,0.003341,0.002388,0.360481,0.000000,0.000000
6.870000,0.002131,-0.000597,0.001218,0.353437,0.000000,0.000000
7.480000,0.024256,0.000000,0.000000,0.371559,0.000000,0.000000
6.700000,0.020155,-0.002096,0.000439,0.362186,0.000000,0.000000
7.330000,0.010441,0.001176,0.000195,0.375761,0.000000,0.000000
6.710000,0.014119,-0.005497,0.004143,0.378713,0.000000,0.000000
8.110000,0.006324,-0.000835,0.002388,0.383509,0.000000,0.000000
7.640000,0.007585,0.000307,0.000439,0.387643,0.000000,0.000000
6.390000,0.009272,-0.002940,0.001218,0.396787,0.000000,0.000000
7.650000,0.019585,-0.006801,0.004386,0.403013,0.000000,0.000000
6.240000,0.040069,0.000000,0.000000,0.403375,0.000000,0.000000
8.430000,0.002499,0.001398,0.001218,0.411546,0.000000,0.000000
7.960000,0.011618,0.000043,0.001218,0.414868,0.000000,0.000000
6.390000,0.196180,-0.008923,0.000439,0.422373,0.000000,0.000000
7.330000,0.000283,0.000000,0.000000,0.428076,0.000000,0.000000
7.170000,0.019735,-0.004116,0.002388,0.425952,0.000000,0.000000
6.550000,0.019607,0.003358,0.000975,0.435407,0.000000,0.000000
7.650000,0.012307,-0.004449,0.001657,0.435745,0.000000,0.000000
7.490000,0.005464,0.000043,0.001218,0.442078,0.000000,0.000000
6.710000,0.030358,0.003341,0.002388,0.447381,0.000000,0.000000
7.950000,0.030425,-0.000358,0.000439,0.451501,0.000000,0.000000
7.170000,0.038700,0.000000,0.000000,0.443808,0.000000,0.000000
8.430000,0.005813,-0.000597,0.001218,0.458312,0.000000,0.000000
8.110000,0.007311,-0.000954,0.000195,0.463670,0.000000,0.000000
7.180000,0.001900,0.000000,0.000000,0.463268,0.000000,0.000000
7.180000,0.003889,-0.000358,0.000439,0.472140,0.000000,0.000000
7.180000,0.015451,0.002898,0.000780,0.476818,0.000000,0.000000
7.180000,0.018114,0.002898,0.000780,0.482057,0.000000,0.000000
8.110000,0.009534,-0.004116,0.002388,0.486210,0.000000,0.000000
7.330000,0.009325,-0.000954,0.000195,0.494273,0.000000,0.000000
7.950000,0.024873,0.001432,0.000439,0.500309,0.000000,0.000000
7.490000,0.034806,0.001432,0.000439,0.502509,0.000000,0.000000
7.810000,0.005241,-0.002148,0.000975,0.507497,0.000000,0.000000
7.800000,0.002584,-0.000179,0.002583,0.509662,0.000000,0.000000
8.420000,0.003073,0.001747,0.001218,0.505435,0.000000,0.000000
7.650000,0.005409,-0.000358,0.000439,0.513460,0.000000,0.000000
7.170000,0.005853,-0.000358,0.000439,0.519148,0.000000,0.000000
8.270000,0.006993,-0.000597,0.001218,0.523980,0.000000,0.000000
7.640000,0.015733,-0.001006,0.004143,0.525877,0.000000,0.000000
7.800000,0.012691,-0.001074,0.003948,0.532933,0.000000,0.000000
7.960000,0.031683,0.001432,0.000439,0.527941,0.000000,0.000000
6.710000,0.043698,-0.002352,0.000780,0.537085,0.000000,0.000000
8.110000,0.007828,-0.001329,0.000780,0.537638,0.000000,0.000000
7.960000,0.007065,0.000051,0.000439,0.547570,0.000000,0.000000
8.270000,0.010589,-0.000017,0.000195,0.547102,0.000000,0.000000
8.580000,0.013444,0.001449,0.000195,0.549526,0.000000,0.000000
9.200000,0.016996,-0.001764,0.000439,0.562521,0.000000,0.000000
8.430000,0.021257,0.000699,0.000195,0.561378,0.000000,0.000000
8.900000,0.011644,0.001432,0.000439,0.565897,0.000000,0.000000
7.960000,0.019954,0.000366,0.000634,0.569299,0.000000,0.000000
7.800000,0.080045,0.010738,0.002388,0.570111,0.040249,0.010966
8.740000,0.199792,-0.008897,0.000439,0.578647,0.000000,0.000000
7.950000,0.002252,-0.000017,0.000390,0.574654,0.031091,0.010966
7.800000,0.010523,-0.000358,0.000439,0.591716,0.000000,0.000000
7.800000,0.002727,-0.000170,0.001413,0.594051,0.000000,0.000000
8.270000,0.000408,-0.002727,0.019496,0.600148,0.000000,0.000000
9.360000,0.017753,0.001773,0.003119,0.662043,0.000000,0.000000
10.920000,0.020640,0.008599,0.070769,0.932733,1.646663,4.781276
17.770000,0.021586,-0.006144,0.082369,1.265097,4.811218,19.234762
22.270000,0.009938,-0.029555,0.113854,1.140941,9.695882,86.424835
14.040000,0.018315,-0.052198,0.908540,0.616591,8.340576,139.874222
10.140000,0.009000,-0.010908,0.372949,0.453108,6.894090,106.032440
15.570000,0.010775,-0.003068,0.420031,1.253738,7.313499,50.729767
13.090000,0.023000,-0.024254,0.974240,0.547961,3.657434,65.358711
12.310000,0.005928,0.006093,0.215133,0.855078,2.060823,29.411419
13.880000,0.015834,0.012400,0.320214,0.945958,2.984722,13.038844
8.260000,0.029720,0.041460,0.364810,0.504287,2.297533,17.216976
9.980000,0.012796,-0.001014,0.019398,0.686004,0.994629,3.564023
9.830000,0.013904,-0.002062,0.006336,0.732061,0.866359,1.601069
8.270000,0.008871,0.001006,0.011307,0.666120,0.488447,1.853292
8.890000,0.022310,-0.005983,0.014524,0.684237,0.136180,0.098696
8.110000,0.006644,0.001773,0.013696,0.639033,0.245689,0.394784
9.200000,0.023526,0.004704,0.001950,0.624684,0.000000,0.000000
9.200000,0.016955,-0.002420,0.002827,0.581812,0.077088,0.043865
7.010000,0.008820,-0.000017,0.000195,0.536201,0.000000,0.000000
8.100000,0.006069,-0.002045,0.003022,0.462611,0.134937,0.054831
7.480000,0.029211,0.002148,0.000877,0.409431,0.047062,0.010966
6.080000,0.006370,-0.000366,0.001608,0.377861,0.131876,0.416717
13.700000,0.001726,0.000903,0.000829,0.653368,0.455051,1.129521
10.430000,0.008477,-0.000989,0.005751,0.779941,3.499044,19.508919
12.920000,0.007108,-0.002932,0.046984,1.182938,6.489526,53.098469
7.000000,0.013831,-0.039159,0.333471,0.792789,6.478264,93.289696
14.170000,0.009921,-0.008940,1.193808,0.481164,4.006552,73.144737
8.710000,0.019017,0.044502,0.816667,0.893935,5.029667,39.664845
6.400000,0.024995,-0.121841,1.931128,0.329982,2.052058,46.409073
9.680000,0.041322,0.272137,1.807868,0.353488,1.663939,15.791367
5.150000,0.009102,-0.031310,0.359302,0.416034,1.842991,10.220524
5.930000,0.025308,-0.142439,1.667305,0.174763,0.803224,4.781276
7.960000,0.006898,0.060993,0.682197,0.335464,0.669401,2.248077
6.390000,0.037625,-0.035145,1.593320,0.266079,0.553868,1.502373
6.080000,0.098200,-0.248343,1.944775,0.224063,0.353077,1.853292
5.460000,0.025888,0.056868,5.568893,0.197506,0.334102,0.668940
6.240000,0.034787,-0.012008,5.237178,0.188321,0.163266,0.274156
5.770000,0.195774,-0.180192,5.255747,0.079536,0.257576,0.932129
5.610000,0.064287,0.108265,2.194220,0.121546,0.092099,0.098696
5.460000,0.024940,-0.015706,2.592611,0.076184,0.140568,0.394784
5.930000,0.050157,0.296536,3.169093,0.085496,0.000000,0.000000
5.460000,0.059709,0.016218,0.467990,0.103395,0.184437,0.394784
5.780000,0.078540,0.007431,0.314024,0.092177,0.000000,0.000000
5.930000,0.012794,0.001048,0.346094,0.073787,0.000000,0.000000
5.620000,0.028856,-0.013107,0.208700,0.066925,0.047677,0.043865
5.150000,0.024411,-0.024910,0.085488,0.075242,0.000000,0.000000
5.780000,0.006810,0.027688,0.146070,0.070598,0.000000,0.000000
5.300000,0.004545,-0.012493,0.125064,0.069526,0.000000,0.000000
5.300000,0.015347,0.031455,0.426806,0.060604,0.000000,0.000000
4.210000,0.010805,-0.049616,0.311441,0.056140,0.000000,0.000000
5.150000,0.033002,-0.000136,0.056488,0.064051,0.000000,0.000000
5.150000,0.033076,0.006298,0.004825,0.065026,0.000000,0.000000
4.520000,0.042465,0.005037,0.001413,0.036840,0.000000,0.000000
5.460000,0.035168,-0.003920,0.003607,0.061582,0.141466,0.372852
6.080000,0.024608,0.004985,0.001072,0.150905,0.406486,1.370779
7.170000,0.026856,0.006724,0.011405,0.337187,0.983663,3.958808
8.110000,0.018851,0.001645,0.000634,0.371078,0.976901,3.739483
7.330000,0.019898,-0.004449,0.001657,0.527546,0.859804,1.820394
6.080000,0.003931,0.000145,0.001657,0.404967,0.689635,2.226144
7.800000,0.021002,-0.000494,0.000195,0.393074,0.042657,0.043865
7.330000,0.014874,0.000631,0.000390,0.217099,0.142371,0.142561
4.680000,0.010242,0.000341,0.000780,0.090421,-0.036011,0.043865
4.990000,0.045031,0.000000,0.000000,0.023672,0.068532,0.745703
3.900000,0.027105,0.004449,0.005702,0.029794,0.172143,2.072617
6.550000,0.043486,-0.032316,0.045132,0.094168,0.255770,0.734737
5.150000,0.061892,-0.098413,0.231071,0.088428,0.337252,1.765563
6.550000,0.018755,0.010627,0.860045,0.159886,0.045293,0.186426
6.080000,0.029387,-0.046514,1.596975,0.135846,0.051057,0.098696
5.770000,0.043860,0.002088,0.959472,0.152560,0.114088,0.252223
6.550000,0.018863,-0.030390,0.261874,0.179922,0.069762,0.098696
5.300000,0.023147,0.025404,0.331911,0.147769,0.000000,0.000000
5.150000,0.020260,-0.041699,0.167320,0.164606,0.000000,0.000000
6.550000,0.032942,0.000835,0.002534,0.162406,0.000000,0.000000
5.460000,0.003707,-0.004074,0.009602,0.164460,0.000000,0.000000
4.370000,0.030932,0.002122,0.013354,0.156129,-0.028098,0.010966
5.610000,0.002064,-0.002957,0.005361,0.146579,0.026007,0.010966
5.770000,0.031921,-0.009093,0.012623,0.150952,0.000000,0.000000
6.550000,0.014289,0.006068,0.005361,0.154382,0.000000,0.000000
7.170000,0.016151,0.001227,0.003655,0.154738,0.000000,0.000000
7.320000,0.005880,-0.005846,0.016912,0.154303,0.000000,0.000000
6.040000,0.017793,0.002872,0.069160,0.148122,0.000000,0.000000
8.870000,0.002675,0.016414,0.768611,0.151106,0.000000,0.000000
2.180000,0.019914,-0.141348,2.681851,0.132077,0.050816,0.098696
3.740000,0.027488,-0.104336,1.067428,0.113965,0.028095,0.043865
5.300000,0.106825,-0.130951,0.672254,0.118301,0.000000,0.000000
6.710000,0.012080,-0.038690,0.807261,0.118774,0.048375,0.098696
4.370000,0.002237,0.001560,0.454099,0.108148,0.000000,0.000000
4.520000,0.022194,0.062041,0.367052,0.110367,0.000000,0.000000
6.400000,0.040896,-0.086176,0.259534,0.108628,0.000000,0.000000
5.620000,0.002749,-0.000119,0.147094,0.105896,0.000000,0.000000
5.930000,0.027546,-0.158196,1.057583,0.097057,0.000000,0.000000
4.680000,0.006564,-0.035750,0.599780,0.090357,0.000000,0.000000
5.460000,0.034967,0.012161,1.797389,0.082873,0.000000,0.000000
4.990000,0.016239,-0.113890,1.234554,0.076386,0.000000,0.000000
4.840000,0.045058,0.108597,0.998414,0.066859,0.000000,0.000000
5.460000,0.000677,-0.005684,0.292140,0.068845,0.000000,0.000000
4.680000,0.020519,-0.066276,0.273278,0.068276,0.000000,0.000000
5.620000,0.030167,-0.042525,0.151334,0.066817,0.000000,0.000000
5.460000,0.026533,-0.004099,0.008481,0.064193,0.000000,0.000000
4.050000,0.010008,-0.002471,0.038894,0.065122,0.000000,0.000000
5.620000,0.026195,0.010303,0.016474,0.064110,0.000000,0.000000
5.460000,0.037988,0.006946,0.005605,0.064119,0.000000,0.000000
5.140000,0.010757,0.007874,0.046399,0.064205,0.000000,0.000000
4.520000,0.006600,-0.029120,0.228682,0.065891,0.000000,0.000000
7.180000,0.013621,0.013030,0.119995,0.066736,0.000000,0.000000
3.580000,0.005957,-0.013303,0.104350,0.064203,0.000000,0.000000
4.830000,0.017874,0.004423,0.035189,0.064099,0.000000,0.000000
6.860000,0.005636,-0.001423,0.022127,0.063735,0.000000,0.000000
7.790000,0.008675,-0.005335,0.137980,0.065806,0.000000,0.000000
10.270000,0.373346,-0.009920,0.175947,0.064246,0.000000,0.000000
3.400000,0.019625,-0.047357,0.341269,0.061748,0.000000,0.000000
10.420000,0.033279,-0.158580,1.489165,0.060237,0.012752,0.010966
2.340000,0.009090,-0.077739,1.633822,0.066125,0.000000,0.000000
3.270000,0.016426,0.047732,0.969756,0.064571,0.028616,0.043865
5.770000,0.006041,0.009477,0.558693,0.063505,0.000000,0.000000
5.300000,0.023158,0.066566,0.258608,0.063070,0.000000,0.000000
4.990000,0.370988,-0.019141,0.044255,0.061686,0.000000,0.000000
6.080000,0.031736,-0.187367,1.148578,0.057769,0.000000,0.000000
4.210000,0.002688,-0.020939,1.911779,0.058343,0.025312,0.043865
4.990000,0.005558,-0.076128,2.722841,0.055431,0.000000,0.000000
4.840000,0.016418,-0.163471,3.996142,0.040037,-0.004419,0.087730
6.390000,0.065692,-0.337356,5.756782,0.047324,0.000000,0.000000
5.460000,0.018166,-0.080108,3.442079,0.033119,0.000000,0.000000
5.150000,0.033526,0.105742,3.776622,0.031791,0.018583,0.098696
4.840000,0.030783,-0.022592,3.375551,0.034023,0.000000,0.000000
4.990000,0.034091,-0.004551,1.971972,0.036289,0.004659,0.043865
4.530000,0.033090,0.064956,1.387008,0.035944,0.000000,0.000000
3.900000,0.018986,0.043625,0.624588,0.032422,0.001737,0.021932
5.460000,0.002708,0.017172,0.485682,0.034816,0.000000,0.000000
4.990000,0.005373,0.026444,0.413451,0.036446,0.000000,0.000000
6.080000,0.009589,-0.014027,0.056488,0.034117,0.000000,0.000000
4.370000,0.096098,-0.060285,0.176776,0.033547,0.000000,0.000000
4.840000,0.027369,0.055794,0.306713,0.033588,0.000000,0.000000
5.930000,0.007339,-0.014309,0.156062,0.031293,0.000000,0.000000
4.840000,0.008209,0.021953,0.301498,0.029612,0.000000,0.000000
5.300000,0.015244,-0.018433,0.047082,0.028018,0.000000,0.000000
4.520000,0.029837,0.003358,0.115511,0.028360,0.000000,0.000000
6.400000,0.011070,-0.008539,0.272255,0.025901,0.000000,0.000000
6.240000,0.023130,-0.016848,0.254514,0.027928,0.000000,0.000000
6.240000,0.053869,-0.015970,0.024613,0.027149,0.000000,0.000000
4.680000,0.009516,-0.011650,0.170732,0.025863,0.000000,0.000000
6.080000,0.026381,0.023811,0.097770,0.026260,0.000000,0.000000
4.500000,0.010538,-0.039440,0.640135,0.026932,0.000000,0.000000
0.930000,0.010116,-0.060388,0.517703,0.026222,0.000000,0.000000
1.240000,0.024544,-0.112177,0.898792,0.024876,0.000000,0.000000
6.710000,0.011332,-0.099410,1.954133,0.024673,0.000000,0.000000
5.460000,0.037926,0.130013,2.118675,0.024791,0.000000,0.000000
6.080000,0.013599,0.057013,1.060361,0.025859,0.000000,0.000000
4.840000,0.009102,0.011505,0.118825,0.024011,0.000000,0.000000
6.390000,0.021158,-0.022405,0.044255,0.022468,0.000000,0.000000
5.610000,0.019337,-0.015732,0.026611,0.020996,0.007187,0.010966
5.150000,0.032982,0.008693,0.126233,0.021895,0.000000,0.000000
4.680000,0.089841,-0.209610,1.144094,0.023703,0.006086,0.010966
4.840000,0.005056,-0.067691,1.369170,0.021952,0.000000,0.000000
6.240000,0.083549,-0.266521,2.188420,0.028940,0.000000,0.000000
5.460000,0.022414,-0.134487,1.288556,0.023828,-0.012581,0.010966
6.710000,0.027688,0.080125,0.851320,0.023925,0.000000,0.000000
4.680000,0.029227,0.064956,0.829973,0.023405,0.000000,0.000000
3.900000,0.038293,0.034131,0.486316,0.023731,0.000000,0.000000
5.310000,0.046612,-0.003017,0.043475,0.025161,0.000000,0.000000
4.530000,0.023004,-0.003622,0.022907,0.024150,0.000000,0.000000
4.370000,0.012371,-0.009545,0.009309,0.024650,0.000000,0.000000
4.840000,0.009885,0.000060,0.003022,0.022242,0.000000,0.000000
4.840000,0.040407,-0.124909,0.500011,0.022941,0.000000,0.000000
4.530000,0.032450,-0.044741,0.129401,0.020952,0.000000,0.000000
5.300000,0.035879,0.016635,0.202802,0.019852,0.000000,0.000000
5.930000,0.008014,-0.004466,0.019203,0.019553,0.000000,0.000000
5.140000,0.018531,-0.025813,0.212062,0.019247,0.000000,0.000000
6.240000,0.007823,0.005164,0.107761,0.018942,0.000000,0.000000
2.490000,0.030296,0.001432,0.125112,0.020170,0.000000,0.000000
4.980000,0.011489,-0.003878,0.042159,0.020888,0.000000,0.000000
5.610000,0.008950,-0.007474,0.022469,0.021498,0.000000,0.000000
2.650000,0.072496,-0.055999,0.095772,0.021401,0.000000,0.000000
4.790000,0.001067,-0.000418,0.015450,0.022648,0.000000,0.000000
5.090000,0.024348,-0.114316,0.807845,0.024276,0.000000,0.000000
-1.860000,0.023077,0.066890,1.376091,0.025430,0.000000,0.000000
1.550000,0.008954,-0.045235,1.875907,0.026640,0.000000,0.000000
7.170000,0.008298,0.002599,0.323869,0.027189,0.000000,0.000000
6.390000,0.024220,0.031932,0.168587,0.026761,0.000000,0.000000
4.680000,0.004300,0.001866,0.067406,0.027529,0.000000,0.000000
2.490000,0.030905,-0.011939,0.004923,0.026278,0.000000,0.000000
5.140000,0.018173,-0.149103,1.283292,0.022808,0.000000,0.000000
5.930000,0.046733,-0.291150,2.471446,0.020053,0.000000,0.000000
5.310000,0.015022,0.090147,3.423071,0.019632,0.000000,0.000000
5.770000,0.020710,-0.264825,4.614100,0.021231,0.000000,0.000000
4.360000,0.025418,-0.253166,8.182560,0.018420,0.000000,0.000000
5.610000,0.017793,-0.177933,6.475923,0.018705,0.000000,0.000000
4.680000,0.058280,0.083125,8.479574,0.018698,0.000000,0.000000
3.590000,0.002317,0.069830,5.655892,0.018719,0.000000,0.000000
5.150000,0.043185,-0.042594,3.573040,0.019227,0.000000,0.000000
4.990000,0.020137,0.196989,3.813615,0.019176,0.000000,0.000000
5.610000,0.029181,0.020044,1.350601,0.017155,0.000000,0.000000
4.840000,0.032455,0.094365,0.793906,0.018495,0.000000,0.000000
4.060000,0.008664,-0.019430,0.585450,0.018410,0.000000,0.000000
5.460000,0.013441,0.028242,0.092506,0.018561,0.000000,0.000000
5.150000,0.004518,-0.001398,0.015889,0.018894,0.000000,0.000000
5.620000,0.010233,-0.030577,0.120580,0.018905,0.000084,0.010966
4.680000,0.002804,0.008931,0.140270,0.017685,0.000000,0.000000
4.210000,0.005603,-0.016840,0.100499,0.017402,0.000000,0.000000
5.460000,0.034864,0.013499,0.175752,0.035598,0.049730,0.087730
9.990000,0.014700,-0.040659,0.251785,0.260422,0.654898,1.677833
7.170000,0.042823,0.002548,0.210990,0.726138,3.548542,18.532925
29.549999,0.020696,0.017709,0.087242,1.654558,8.367553,44.413219
23.660000,0.045948,-0.062663,0.096746,1.595776,12.591137,136.222473
8.260000,0.005372,0.008573,0.020958,0.618743,8.480876,180.756332
25.700001,0.017110,-0.033995,0.167028,1.562299,12.318769,106.218872
14.480000,0.015751,0.004346,0.200853,1.021285,7.650271,165.721619
15.420000,0.008620,0.009443,0.045425,0.591058,4.528368,117.185097
19.799999,0.117561,-0.153722,1.019810,0.988207,8.944402,81.435204
18.690001,0.031713,0.026342,0.141050,1.673186,7.327389,48.448792
8.260000,0.019953,-0.030373,0.148848,0.754621,6.988018,96.086082
16.209999,0.016500,-0.012093,0.011649,1.075772,4.811728,77.739578
21.980000,0.018276,-0.029887,0.086853,1.114139,7.500870,84.023224
29.770000,0.022250,-0.012528,0.136566,0.721318,-1.083683,79.406448
18.070000,0.012828,-0.002361,0.081394,1.531772,-0.090299,19.399256
5.620000,0.022294,-0.040778,0.235603,0.713353,1.163155,17.480165
6.860000,0.014457,0.012434,0.053759,0.297542,0.280563,1.085656
6.550000,0.019723,0.026955,0.037383,0.531917,-0.167478,0.570244
10.760000,0.009088,-0.004329,0.026270,0.302417,-0.106862,0.131595
6.390000,0.000764,-0.000136,0.003704,0.257742,-0.348070,3.476294
6.230000,0.020000,0.004585,0.006336,0.554863,0.006272,2.215178
6.860000,0.008444,0.005642,0.004581,0.729220,1.297246,5.241857
7.950000,0.002673,-0.004875,0.045425,0.747473,3.899931,22.272408
13.400000,0.019495,-0.011786,0.017254,0.811054,3.883184,21.033224
16.690001,0.005421,0.004474,0.039089,0.708032,5.012184,48.108841
11.380000,0.036520,0.007951,0.002973,0.906669,4.097179,75.107681
13.260000,0.014754,-0.001398,0.002534,0.789326,6.338183,69.163994
14.960000,0.014707,0.000878,0.002096,1.134025,7.513816,96.250580
7.790000,0.012252,0.001474,0.005020,0.608455,7.525992,117.141243
26.790001,0.022095,0.005761,0.006385,1.286188,5.027898,96.875656
15.740000,0.021061,-0.000170,0.003168,1.243724,8.108191,126.363831
21.350000,0.025055,-0.023760,0.051614,0.941167,4.896745,75.655998
15.290000,0.023611,0.078830,0.348823,1.357519,8.659415,64.810394
6.080000,0.075014,0.013934,0.103619,1.131847,-1.380624,57.638493
22.270000,0.008096,0.015382,0.059608,1.720990,1.221280,4.386491
11.690000,0.001933,0.002608,0.032411,0.544945,0.178556,42.559925
9.820000,0.028069,-0.071415,0.269282,0.611658,0.109740,4.803208
5.610000,0.027277,-0.000034,0.032460,0.590617,1.289591,17.260841
8.420000,0.003251,-0.003034,0.018180,0.304724,0.094264,3.882045
6.710000,0.025497,-0.003281,0.003460,0.649152,0.645546,7.193846
10.290000,0.013116,-0.015630,0.027586,0.338167,0.119967,0.350919
6.860000,0.004090,-0.003383,0.012380,0.595300,0.811205,2.368705
9.210000,0.022696,-0.001773,0.006336,0.395916,0.082425,0.043865
6.550000,0.022195,0.004218,0.007896,0.445134,0.256662,0.274156
5.460000,0.022967,-0.005446,0.002632,0.351995,0.057615,0.054831
7.960000,0.020464,0.001210,0.000195,0.416943,0.314190,0.493480
8.110000,0.001301,0.000085,0.000195,0.427959,-0.155249,0.274156
7.020000,0.007959,0.002642,0.001218,0.357976,0.210383,0.438649
7.950000,0.013596,-0.000273,0.003997,0.469544,-0.193581,0.274156
6.710000,0.014779,-0.001457,0.000439,0.361926,0.000000,0.000000
7.960000,0.009425,-0.002753,0.001218,0.416902,-0.093124,0.098696
7.330000,0.006501,-0.000213,0.001657,0.397127,0.090091,0.054831
8.420000,0.020263,-0.001048,0.001657,0.433348,-0.033124,0.010966
9.210000,0.006637,0.001730,0.001852,0.385369,-0.027247,0.010966
5.930000,0.006840,-0.000102,0.000439,0.414332,0.097102,0.054831
6.710000,0.025102,0.001917,0.002193,0.423756,0.000000,0.000000
8.890000,0.024478,-0.000443,0.001218,0.422997,0.000000,0.000000
6.550000,0.001164,-0.000469,0.001657,0.424518,0.000000,0.000000
9.040000,0.016825,-0.004747,0.002827,0.427760,0.000000,0.000000
5.140000,0.015350,-0.007116,0.005166,0.437308,0.000000,0.000000
5.300000,0.012280,-0.028941,0.174387,0.432535,0.000000,0.000000
6.530000,0.006482,-0.028353,0.200901,0.406416,0.060816,0.043865
15.780000,0.009647,0.066515,0.613378,0.401980,0.058405,0.043865
6.480000,0.040813,-0.161511,0.829632,0.383425,0.142590,0.142561
9.310000,0.025220,-0.145055,1.567976,0.306067,0.261615,0.361886
6.380000,0.084522,-0.521417,5.313649,0.258635,0.145176,0.197392
5.600000,0.015835,-0.173527,4.271954,0.203085,0.173293,0.383818
4.520000,0.105092,0.052812,4.621558,0.140344,0.183844,0.471548
5.460000,0.018278,-0.010789,3.007427,0.169196,0.078925,0.087730
5.460000,0.033940,0.159048,1.466258,0.141328,0.101811,0.197392
4.210000,0.016849,0.103058,1.156376,0.142542,0.051136,0.098696
4.210000,0.040849,0.059817,0.208797,0.125976,0.074151,0.142561
6.080000,0.016698,-0.019047,0.197343,0.129610,0.000000,0.000000
7.640000,0.071058,-0.204838,0.624783,0.132964,0.000000,0.000000
6.860000,0.010036,-0.073043,1.467281,0.125247,0.000000,0.000000
3.900000,0.494578,0.425986,2.308610,0.115485,0.000000,0.000000
4.520000,0.029209,-0.060635,2.880170,0.107342,0.000000,0.000000
4.520000,0.010191,-0.162568,4.037277,0.093512,0.000000,0.000000
4.530000,0.037326,0.304981,5.023750,0.087083,0.011743,0.010966
5.930000,0.011221,-0.211911,4.725371,0.084460,0.000000,0.000000
5.140000,0.009005,0.005071,3.101785,0.079676,0.007195,0.010966
4.370000,0.045675,0.156585,1.864649,0.079433,0.000000,0.000000
5.770000,0.044313,0.162585,0.641549,0.076306,0.000000,0.000000
4.370000,0.036201,-0.053885,0.352138,0.077618,0.000000,0.000000
4.680000,0.007430,0.009357,0.354575,0.076246,0.000000,0.000000
6.080000,0.013898,-0.034327,0.103814,0.073097,0.000000,0.000000
5.150000,0.022623,-0.043326,0.137492,0.072889,0.000000,0.000000
5.150000,0.022908,-0.015314,0.626878,0.070758,0.000000,0.000000
5.300000,0.019251,-0.050766,0.176093,0.068477,0.000000,0.000000
4.520000,0.036031,0.072046,0.243450,0.069791,0.000000,0.000000
5.620000,0.021513,-0.031549,0.187206,0.068942,0.000000,0.000000
4.680000,0.009064,-0.033509,0.664943,0.065276,0.000000,0.000000
6.550000,0.042553,-0.018169,0.088997,0.066698,0.000000,0.000000
5.460000,0.021829,-0.006750,0.015304,0.063136,0.000000,0.000000
5.460000,0.002603,0.004636,0.331326,0.061100,0.000000,0.000000
6.240000,0.012101,0.011607,0.063799,0.089085,0.000000,0.000000
9.830000,0.012919,-0.005514,0.009114,0.404458,0.474722,0.668940
17.770000,0.018075,-0.000494,0.003460,1.137189,3.271305,10.253423
31.290001,0.002624,-0.003741,0.027927,1.807266,9.896692,58.943470
33.750000,0.014180,0.013985,0.083100,2.260408,14.138489,148.011169
16.820000,0.011937,-0.010968,0.656706,0.911099,5.090590,270.756165
21.180000,0.005284,0.028319,1.050565,1.403946,8.828618,97.193665
13.560000,0.039683,-0.003861,0.001218,0.723965,6.772741,96.228638
28.000000,0.067414,-0.286505,1.538147,2.204971,15.494478,116.691628
11.380000,0.023279,-0.074603,1.808112,1.792664,-4.774661,111.131744
15.590000,0.010400,-0.010994,0.328061,1.690097,3.732768,26.198315
17.309999,0.003926,0.022592,0.188960,0.901200,2.112210,39.544216
6.390000,0.015244,0.004909,0.152114,0.572179,2.296715,17.425335
11.540000,0.040016,0.018203,0.166053,0.677902,0.756601,3.224071
9.670000,0.023542,-0.040753,0.087096,0.779090,1.865190,7.917616
8.110000,0.010464,-0.006460,0.029243,0.680277,0.387238,0.932129
8.260000,0.028569,-0.000026,0.024321,0.748283,0.195980,0.175460
7.480000,0.019339,0.015791,0.013696,0.577045,0.000000,0.000000
7.020000,0.005727,-0.003929,0.007457,0.626544,0.280156,0.274156
8.740000,0.000896,-0.001014,0.010186,0.395584,0.222709,0.581210
6.710000,0.004520,0.006315,0.013111,0.354539,0.240111,0.274156
5.620000,0.019109,0.005812,0.013111,0.183948,0.202817,1.074690
4.990000,0.007918,-0.006093,0.018813,0.178043,0.334167,1.699765
10.290000,0.018664,0.010823,0.010674,0.566795,2.453737,16.383545
38.480000,0.013083,-0.013090,0.058097,2.036709,10.354258,66.729492
12.940000,0.086756,-0.244082,0.713682,0.990554,11.419459,241.048615
17.440001,0.025611,0.116182,1.619005,1.091214,9.664179,173.540558
33.730000,0.006685,-0.085937,2.277758,2.619504,19.299847,169.910721
16.040001,0.022832,-0.092806,0.712171,0.880957,11.875190,307.240784
35.599998,0.051476,0.040241,0.632093,1.603508,13.185638,198.346146
18.690001,0.071728,0.008931,0.109224,1.008802,14.447463,225.849426
9.040000,0.036719,-0.047954,0.234385,0.250005,0.116751,168.452209
15.260000,0.042878,0.034642,0.097673,2.220693,8.055348,53.394562
6.700000,0.017412,-0.036960,0.091336,0.502090,2.737900,58.504818
9.980000,0.008526,-0.023240,0.102059,1.230379,3.806733,31.988485
10.140000,0.010571,0.020334,0.081979,0.612028,1.984559,7.796988
7.950000,0.020961,0.017402,0.164445,0.874803,2.102136,10.187625
6.240000,0.007829,-0.000469,0.004338,0.310644,0.739159,3.213105
8.110000,0.019088,-0.001406,0.075545,0.890920,0.529046,0.625075
4.840000,0.017847,0.000861,0.008481,0.332638,0.788554,3.794315
8.430000,0.073425,0.004295,0.004776,0.775396,1.390862,4.386491
6.870000,0.012177,0.003187,0.006677,0.387583,1.306907,16.679630
6.700000,0.040285,-0.004815,0.020860,0.392216,1.261303,14.212230
7.950000,0.012340,0.003937,0.002632,0.387369,-0.961807,9.321293
7.180000,0.013193,0.005437,0.007555,0.305584,-0.571180,4.836106
12.950000,0.031318,-0.029273,0.063458,0.528257,-1.647099,8.093076
8.580000,0.006732,-0.021433,0.071110,0.385387,-0.996535,4.386491
6.230000,0.008348,0.004397,0.067113,0.996352,2.766837,9.869605
12.020000,0.024220,-0.030680,0.266406,0.443558,0.346076,6.853892
7.480000,0.004275,-0.006059,0.179651,0.564442,0.651831,9.277428
16.070000,0.297934,0.016891,0.052735,1.079706,1.141517,5.855966
10.140000,0.038676,0.013593,0.014134,0.742480,3.594770,28.095474
15.110000,0.013849,-0.005531,0.005507,1.415455,3.372976,26.198318
10.130000,0.016779,0.002582,0.029389,1.055821,6.152353,59.415020
10.440000,0.450204,0.020053,0.162300,0.655247,3.719826,48.097874
10.290000,0.013040,-0.001304,0.005313,1.106786,4.440271,26.954987
8.110000,0.018016,-0.031395,0.133544,0.799577,1.984539,24.345024
7.350000,0.006579,-0.020922,0.136712,0.440986,0.583054,13.740684
15.420000,0.028746,0.005965,0.060729,0.959641,0.097469,3.092476
13.250000,0.017296,-0.005983,0.014865,1.276847,3.072709,28.490255
23.190001,0.007674,-0.036969,0.211283,1.729799,3.389272,21.658298
30.950001,0.019850,-0.043906,0.824904,3.172967,14.660760,124.543434
18.700001,0.019899,0.035077,0.425002,0.253417,6.088947,181.271744
56.529999,0.014259,-0.027169,0.493139,3.617712,17.479113,88.804504
15.720000,0.011243,-0.013652,0.828608,2.000572,8.772776,452.784485
32.180000,0.010189,0.067231,1.500472,1.253327,8.365812,205.660645
48.980000,0.483629,-0.082537,0.210990,4.823641,30.864525,290.133453
10.290000,0.014897,-0.013098,0.040843,1.388635,-12.244749,633.880798
82.440002,0.010394,0.007099,0.260704,4.566788,18.890774,128.502243
18.070000,0.016168,-0.008028,0.227659,1.198080,-5.849310,576.461670
18.379999,0.006501,0.054081,0.999828,0.442018,4.601904,111.186584
12.760000,0.023060,-0.059050,0.258803,3.202979,8.737796,83.365250
15.260000,0.021115,-0.020266,0.498062,2.812332,-7.332750,68.341530
46.790001,0.055441,-0.119003,0.320311,3.891007,-12.068562,66.071526
27.260000,0.019754,-0.045670,0.644571,1.848111,-6.668985,59.919468
14.490000,0.092731,-0.142762,0.317290,1.254083,-5.247491,56.179981
12.300000,0.023080,0.044264,0.323869,0.561156,0.481650,48.054008
8.730000,0.002106,0.010704,0.069599,0.342170,1.214439,13.609088
7.010000,0.002612,0.007448,0.102790,1.564522,1.306809,1.951989
11.530000,0.004603,-0.013567,0.219422,1.633479,-1.386045,10.637239
25.680000,0.009862,-0.010491,0.135348,2.299751,-6.781400,45.487911
16.490000,0.006907,-0.026700,0.261142,1.922916,-9.279761,96.886620
47.570000,0.017698,-0.087190,0.552649,2.307265,-3.942262,39.094601
20.230000,0.014497,0.022601,0.036115,1.882784,6.859423,217.975708
31.549999,0.159387,-0.205204,0.312464,3.779702,-15.362099,124.718895
8.260000,0.014761,0.005804,0.432362,0.846968,10.451231,179.560989
37.310001,0.018206,-0.050315,0.223565,2.817750,10.184818,265.020813
46.029999,0.044671,-0.164630,0.640428,3.721334,1.236222,325.554382
19.000000,0.018319,-0.260632,4.244514,1.908179,-13.087407,369.726349
29.530001,0.046483,0.120443,0.958838,2.569103,5.933629,47.988213
42.250000,0.037943,-0.033884,0.145144,2.573906,15.547089,216.232071
15.260000,0.004616,0.016959,0.145875,1.100354,-1.053425,185.745941
43.209999,0.022390,0.020129,0.064969,5.332292,23.852627,123.753876
8.730000,0.012745,-0.023155,0.201145,1.342083,-1.804410,410.290375
14.800000,0.005473,-0.009400,0.144803,1.713108,-2.504687,58.932503
25.510000,0.016636,0.012971,0.072377,2.092113,13.296382,108.225693
12.920000,0.021560,-0.061913,0.273132,1.404749,7.911062,169.548843
10.430000,0.023092,-0.060720,0.256074,2.476466,-1.438318,119.773125
21.639999,0.049807,-0.042909,0.282198,1.912751,0.839809,92.138245
10.130000,0.013073,0.006349,0.081345,1.144680,1.252620,41.079483
10.750000,0.010513,0.022302,0.128768,0.902644,2.758021,63.318993
19.950001,0.016715,0.003741,0.266601,0.892658,0.749926,10.286322
6.710000,0.019215,-0.008846,0.413597,0.406842,0.995209,5.537944
9.050000,0.012043,0.007542,0.014329,0.635598,0.284646,1.337880
4.840000,0.002317,0.003451,0.078811,0.517609,0.829554,3.388564
9.510000,0.010671,0.003878,0.058438,0.538469,-0.772181,1.973921
6.550000,0.015339,-0.019703,0.083295,0.484520,0.258823,3.991707
7.480000,0.006221,0.001483,0.012233,0.574746,-0.084502,0.712805
7.180000,0.004642,0.001525,0.011600,0.712051,0.203704,2.423536
7.800000,0.030704,0.011530,0.023053,0.409908,-0.909695,3.037645
6.700000,0.016399,0.003647,0.003997,0.668855,-0.498182,2.741557
10.920000,0.022805,-0.003665,0.002583,0.564098,-1.179230,3.728518
8.730000,0.003462,0.001892,0.001755,0.691224,-1.234529,5.976593
12.780000,0.029756,-0.004559,0.002583,0.772077,-2.191417,9.222597
14.490000,0.010474,0.007423,0.032119,0.701836,-2.355077,13.905177
10.130000,0.041963,0.012902,0.018033,1.436847,-4.797250,20.846798
13.880000,0.024803,-0.017470,0.012916,0.849959,-2.672509,20.133995
25.840000,0.029165,-0.019277,0.061313,1.299190,-2.034917,13.444594
8.420000,0.005111,-0.005855,0.054344,0.683506,-0.715727,34.236561
23.360001,0.010474,-0.005940,0.029000,1.512507,1.431778,13.916142
9.190000,0.004610,-0.000332,0.111953,0.904430,5.523028,43.404327
13.870000,0.016339,-0.053596,0.529254,0.689122,3.895107,32.306503
19.020000,0.020085,0.075813,0.323479,1.566585,7.661182,42.658627
8.110000,0.071856,0.064870,0.148751,0.626841,4.114637,50.663971
29.420000,0.018005,-0.063353,0.299792,2.157943,2.528640,36.440773
9.040000,0.014964,0.029836,0.120628,0.742898,1.454180,53.328758
14.170000,0.020006,0.014607,0.036895,1.181676,2.068272,34.850670
27.549999,0.009958,-0.035418,0.196271,0.545702,0.871059,38.579185
15.890000,0.017934,-0.008923,0.154112,1.841735,3.634193,66.893990
47.380001,0.027645,0.042065,0.157036,2.830687,16.334267,151.399734
18.219999,0.016738,-0.001364,0.138077,0.883810,10.829241,227.351807
13.070000,0.009318,-0.029896,0.123065,1.210466,11.796318,187.401855
25.040001,0.016180,0.051201,0.295893,1.247731,14.367380,173.803741
24.889999,0.008039,0.044895,0.413451,1.282449,12.686529,205.265854
20.870001,0.015244,-0.065654,0.378115,0.840430,13.032306,223.689102
10.450000,0.051144,-0.201122,1.041938,0.553666,5.989399,175.393829
14.950000,0.010072,0.027134,0.531204,1.907252,9.422321,79.176155
7.330000,0.012971,-0.006664,0.520579,0.624968,5.559264,93.717377
16.990000,0.016919,0.038955,0.592176,0.758563,1.893167,9.694145
11.060000,0.018995,-0.014002,0.060387,1.817201,5.260363,18.883844
7.960000,0.012848,-0.006596,0.068039,0.438000,0.500672,11.021058
13.870000,0.011237,0.008676,0.014524,1.539582,1.707247,2.796388
5.300000,0.009567,-0.005369,0.466138,0.291080,0.607899,9.606416
18.719999,0.006959,0.026419,0.249396,1.133772,-0.197350,0.416717
6.390000,0.009665,0.008735,0.289070,0.334950,0.285604,7.511866
13.400000,0.021093,-0.032222,0.059120,0.777152,-0.609348,0.800535
6.700000,0.006951,-0.000426,0.021932,0.345209,0.157324,5.329586
7.480000,0.031725,-0.019865,0.016230,0.775968,-1.125674,2.906050
8.580000,0.012472,-0.001713,0.001316,0.441133,-0.704054,7.413170
7.950000,0.012507,0.001312,0.000634,0.923104,-1.844449,6.316547
8.890000,0.007309,0.000989,0.004923,0.475399,-0.856420,8.696218
15.600000,0.059263,0.001108,0.004143,0.937545,-2.044405,7.413170
5.460000,0.000989,-0.002846,0.016864,0.440632,0.146907,0.098696
11.530000,0.005497,0.000827,0.001413,0.972750,0.207370,1.283049
9.040000,0.008436,-0.004372,0.004386,0.882041,4.037346,28.896008
14.640000,0.019841,-0.001935,0.005507,1.414110,6.237864,34.148834
25.219999,0.004461,0.006392,0.036798,1.473571,11.280271,98.520576
27.980000,0.006363,0.007857,0.015304,1.541083,14.782446,185.680145
5.920000,0.023521,-0.033049,0.131497,1.250572,5.034064,416.058655
15.910000,0.055350,-0.357247,2.457312,1.391341,-3.556634,168.561874
22.260000,0.005275,-0.043974,1.637867,1.611281,6.751392,56.169018
27.530001,0.008449,0.010729,0.889142,2.695089,27.914154,342.771332
7.800000,0.232497,-0.336999,0.507712,0.206116,-5.339756,431.466248
21.910000,0.075558,-0.390722,2.302518,1.904546,13.193172,173.540543
7.480000,0.035545,0.090104,0.516875,0.421786,9.596090,281.481110
7.480000,0.009283,0.046735,1.542339,0.289686,-1.104847,224.336121
39.480000,0.084034,0.029802,0.093481,1.921169,13.146583,98.707001
7.950000,0.011930,-0.013303,0.076325,0.470023,7.732047,293.829102
11.980000,0.074431,-0.493712,3.302832,3.156703,-7.154759,47.461830
17.920000,0.191858,0.002710,0.390105,0.292316,5.443545,167.969696
16.030001,0.008510,-0.000665,0.004045,1.501849,21.029573,317.263916
5.140000,0.013323,-0.064572,0.471109,0.569074,1.528188,425.029022
24.610001,0.030605,-0.268984,3.297276,0.628972,6.328957,98.005173
10.760000,0.047618,0.142745,0.673814,0.608589,4.195905,79.538048
9.510000,0.014757,0.039398,0.123845,0.236169,1.661071,31.911720
14.650000,0.022776,-0.046940,0.131887,1.312983,1.626217,2.193246
5.620000,0.014703,0.017206,0.068868,0.535882,1.937695,29.411419
13.560000,0.005724,-0.003477,0.007457,0.720528,-1.003307,4.178133
19.780001,0.027113,0.003997,0.010820,1.171085,-0.110330,10.659174
14.340000,0.010841,-0.002633,0.002583,0.805806,-2.421467,8.751049
17.940001,0.016528,-0.003272,0.084123,0.804090,1.651975,9.233563
5.460000,0.009947,-0.012664,0.177897,0.525752,-0.978935,3.662720
5.460000,0.020020,0.010363,0.038309,0.444322,1.396443,5.801134
8.110000,0.024743,-0.013448,0.024028,0.089522,-0.256148,3.355666
4.680000,0.038229,-0.006477,0.071451,0.518592,1.529718,5.581810
6.240000,0.010034,-0.017726,0.049957,0.086000,0.111149,0.449615
5.610000,0.024118,-0.009545,0.009455,0.571148,0.260219,0.175460
4.990000,0.013722,-0.001969,0.002388,0.272391,-0.401412,1.425610
8.730000,0.023879,-0.003375,0.007018,1.139976,-1.211604,1.370779
9.200000,0.373097,-0.002915,0.015791,0.490306,-2.390543,14.256095
20.889999,0.002988,0.002625,0.005897,1.280639,-4.716004,19.344423
4.990000,0.026864,-0.011232,0.091336,0.768798,0.000000,0.000000
7.960000,0.031428,-0.006340,0.028074,0.162245,-0.626174,12.676957
13.260000,0.003733,-0.007312,0.031242,0.141667,-0.437905,21.230618
13.560000,0.006840,-0.011334,0.040599,0.239514,-1.530177,23.204536
6.080000,0.007869,0.001636,0.001755,0.226839,1.252590,17.545965
6.540000,0.010033,-0.010431,0.063165,0.455975,1.355518,5.801134
5.300000,0.018471,-0.003409,0.012477,1.691144,-0.522131,0.175460
13.090000,0.014266,-0.002122,0.067942,1.906894,-5.567001,17.545965
33.779999,0.027511,-0.021680,0.028074,2.378758,-9.560822,40.805332
19.940001,0.049338,0.013891,0.004728,1.672029,-9.063343,53.734512
28.190001,0.014685,0.012655,0.127208,1.985856,-10.083362,55.280750
18.070000,0.030826,-0.001909,0.006239,0.228728,-2.536330,77.377693
16.040001,0.016484,0.026504,0.054295,0.179300,1.209195,53.734512
5.450000,0.011542,-0.022652,0.395223,1.420794,2.717298,5.801134
19.120001,0.011200,-0.025481,0.200073,3.894197,-10.328951,28.523155
45.980000,0.006299,-0.021254,0.360472,5.356005,-18.161032,63.340923
44.580002,0.090371,-0.253772,0.901911,4.155623,-24.509016,150.116684
23.490000,0.013670,0.017445,0.025783,3.783963,-26.136646,188.191406
49.470001,0.006691,0.013738,0.281710,0.396091,-5.589468,130.289749
6.080000,0.019234,-0.021569,0.134178,0.475714,3.293788,34.390091
10.750000,0.039549,-0.093650,0.600511,3.102995,-0.539006,0.098696
8.260000,0.040814,-0.107336,0.956499,0.762518,0.000000,0.000000
11.680000,0.018886,-0.002736,0.001413,1.330479,-8.032402,55.280750
29.420000,0.003299,0.006988,0.107859,0.791251,-6.641060,70.183861
21.000000,0.002134,0.011675,0.079201,0.466467,-5.978737,118.610718
11.370000,0.013483,-0.016840,0.070379,0.342973,2.974574,49.227390
5.920000,0.013651,-0.002898,0.280053,1.982300,1.972327,2.149381
13.540000,0.077005,-0.235210,0.798975,4.830897,-9.955241,21.230618
45.910000,0.045982,-0.179459,1.039111,4.647517,-28.800247,185.329239
30.930000,0.090303,-0.160250,0.395223,3.459119,-17.662767,94.846901
23.950001,0.095315,0.086789,0.096113,1.619637,-15.759105,171.347305
35.340000,0.016776,0.013388,0.083148,0.182820,0.706078,86.863480
5.610000,0.031482,0.094238,0.458583,1.698826,2.974642,5.801134
10.430000,0.080802,-0.064206,0.413744,4.410128,-7.969563,15.012765
43.799999,0.010677,-0.070759,0.498403,4.561024,-21.059246,101.064758
26.910000,0.050728,-0.103961,0.274936,3.928959,-25.560564,174.099808
38.889999,0.017092,0.006255,0.007262,1.582190,-12.647343,114.092621
20.400000,0.026505,-0.029938,0.170635,0.282219,2.626272,68.440224
3.740000,0.006494,0.014147,0.123065,1.881369,2.183503,2.807354
26.730000,0.014392,0.040906,0.701839,5.138409,-12.126027,29.652679
38.490002,0.024016,-0.055539,0.862140,4.676629,-28.393211,179.670670
38.240002,0.046487,-0.083610,0.181552,4.128550,-22.246582,125.552322
41.840000,0.062372,0.074926,0.097478,1.390304,-15.507867,199.859497
11.840000,0.020076,0.041256,0.144511,0.248741,1.727499,53.734512
7.480000,0.018892,-0.026938,0.579065,2.404516,1.868971,1.579137
19.459999,0.018795,-0.034753,0.569708,4.586884,-10.362015,24.224394
43.310001,0.064148,-0.161443,0.798536,4.884194,-26.826908,150.215378
50.330002,0.089273,-0.101447,0.122627,3.718410,-23.888155,158.352341
13.560000,0.016935,0.009494,0.008237,1.986663,-15.914248,140.729584
21.670000,0.008799,0.005318,0.267089,0.139643,0.878092,30.014563
9.190000,0.015225,-0.063123,0.487826,2.567575,5.432485,12.337006
11.840000,0.018033,-0.099351,0.749602,2.251197,-8.818091,44.303555
56.610001,0.045711,-0.180805,0.901473,3.787771,-11.305073,46.902554
37.950001,0.061511,-0.010942,0.003265,2.704180,-16.980827,123.062996
20.250000,0.004281,0.018851,0.094553,1.922107,-7.192993,37.065849
12.780000,0.013463,0.010116,0.067162,0.164306,1.275857,55.993557
4.830000,0.037684,-0.042926,0.181796,0.969762,1.176031,1.601069
9.200000,0.013889,-0.014462,0.144218,1.287271,-3.979988,12.479567
20.260000,0.014159,0.003221,0.006336,1.258503,-3.712945,12.326039
10.140000,0.006241,-0.007159,0.036164,0.792867,-5.955075,55.719398
16.680000,0.004673,-0.004636,0.014086,0.748889,-1.671709,10.056030
7.020000,0.072102,0.008965,0.003899,0.167020,0.402865,30.464182
5.770000,0.033620,-0.003486,0.015450,0.226218,0.471485,1.962955
7.020000,0.013354,-0.004772,0.005654,0.612540,0.101845,0.910197
6.390000,0.015976,-0.004679,0.014914,1.096632,-1.240512,3.125375
11.530000,0.007260,-0.000665,0.003412,0.885689,-2.541776,34.368156
28.639999,0.014892,-0.008258,0.011746,1.650144,-0.028035,12.698891
35.980000,0.009526,-0.018638,0.070281,3.898098,4.008307,74.109764
13.880000,0.069736,-0.009102,0.036993,0.249983,0.704093,394.334534
14.010000,0.009137,-0.044485,0.397416,1.703770,7.210818,261.588379
13.710000,0.156052,0.376558,0.939489,1.072347,-1.453521,146.563629
48.500000,0.021042,0.017573,0.199829,1.821005,12.989570,94.912689
7.010000,0.093387,-0.004346,0.006531,0.498734,8.329530,429.404572
9.040000,0.010863,0.061683,1.374677,0.250779,4.814987,265.448486
16.370001,0.012085,-0.119412,1.349869,1.597098,13.428343,229.731476
10.600000,0.055771,0.056902,0.448104,0.508924,5.297845,216.418472
3.900000,0.004068,0.007491,0.378847,0.435133,6.847582,245.128082
26.440001,0.074184,-0.396312,2.989150,3.905147,4.076352,18.554853
6.860000,0.269598,-0.011138,0.002193,0.323695,5.285432,318.349579
24.299999,0.065000,-0.326985,1.846177,0.598137,3.266319,142.319687
14.170000,0.024880,0.124636,0.837040,2.096309,10.218540,87.324066
11.690000,0.031833,0.068271,0.213963,0.704132,-5.538791,128.239044
24.610001,0.005771,-0.018663,0.065895,1.793646,2.498823,8.696218
4.680000,0.002100,0.001176,0.009212,0.114376,1.527323,53.142334
10.920000,0.031023,-0.010832,0.032460,0.818210,-0.021938,0.109662
6.390000,0.006415,0.009119,0.028317,1.066160,2.281144,13.345899
4.370000,0.013383,-0.000119,0.015060,0.172957,-0.123339,0.274156
11.530000,0.007159,-0.007738,0.122919,0.963294,0.771145,5.812101
11.220000,0.011207,0.009357,0.053271,0.698443,1.600277,12.293140
26.309999,0.002421,0.013678,0.089923,2.188768,4.778262,45.235691
22.740000,0.009835,-0.013380,0.044304,1.705183,15.012869,157.869797
13.720000,0.011156,-0.041435,0.158109,1.105937,7.631330,271.644440
13.250000,0.032358,-0.147262,1.074203,0.608675,6.644818,136.200546
23.350000,0.027403,0.085213,0.399171,2.376608,7.769994,84.867630
11.230000,0.035413,0.070299,0.173949,0.500285,6.102174,135.071014
24.610001,0.025602,-0.000784,0.018667,1.587459,3.940284,107.096176
13.390000,0.008593,0.028114,0.102059,0.922950,4.183139,39.971901
12.460000,0.014274,-0.025251,0.228292,1.179080,1.833048,47.714050
14.810000,0.004952,0.014752,0.129548,0.735434,0.549876,5.548911
6.860000,0.007322,-0.015382,0.181991,1.689903,5.194617,23.621252
10.140000,0.005415,-0.010883,0.037919,0.273203,2.644039,36.725895
22.709999,0.009899,-0.007039,0.006921,2.387462,8.257081,48.580387
4.990000,0.011399,-0.009562,0.019106,0.277659,0.476570,239.118591
14.350000,0.000456,-0.001687,0.031388,0.715490,-0.732454,115.869156
15.560000,0.012954,0.005914,0.004971,0.763300,1.521419,13.532325
20.080000,0.019661,-0.018178,0.111222,1.489256,8.678227,121.132950
11.380000,0.017388,0.022217,0.033873,0.401821,2.725275,186.535522
27.690001,0.018923,0.009255,0.022225,2.735494,6.720400,58.888641
11.060000,0.003779,0.005573,0.276349,0.752995,3.091620,190.735596
16.830000,0.004604,0.002923,0.446788,0.704352,0.280770,44.226795
18.240000,0.023304,0.135450,0.862579,1.537148,3.482930,28.588951
10.440000,0.038588,-0.027765,0.052540,0.823945,-1.655785,48.328163
10.600000,0.039451,-0.013542,0.025588,1.084629,0.259145,14.486386
11.060000,0.018409,-0.017206,0.028805,0.739615,-0.627969,28.742481
15.120000,0.014643,-0.004005,0.017497,0.598820,-0.024746,14.804405
11.380000,0.014476,-0.006877,0.009504,0.995688,1.624874,24.027002
8.110000,0.057295,-0.008803,0.003607,0.581836,0.849652,32.306503
18.510000,0.005525,0.000000,0.000000,2.690691,2.152924,3.717551
18.379999,0.009844,-0.000571,0.001072,2.070170,-1.022502,135.421951
40.880001,0.006905,0.018144,0.152747,2.783631,4.896246,62.386864
15.550000,0.028715,-0.209559,2.238280,2.810733,4.117937,272.773926
12.620000,0.008045,-0.022422,1.027462,0.282338,0.724568,227.954956
38.369999,0.080027,0.179058,0.454148,2.376658,5.580996,18.883842
18.700001,0.066170,-0.078139,0.109224,0.960102,6.670766,146.695221
22.120001,0.012289,-0.091954,1.379210,1.377081,2.468389,113.588188
14.640000,0.015680,0.029521,0.259485,1.402356,4.747510,70.940514
12.160000,0.013275,-0.009323,0.339612,0.417741,2.658957,52.133442
16.350000,0.006780,-0.008514,0.201437,1.328671,2.730050,17.249876
9.980000,0.020258,0.013439,0.083733,0.840632,0.349454,17.227943
15.270000,0.037175,-0.003630,0.007993,1.282463,-0.605189,4.671613
9.980000,0.064407,-0.021587,0.028415,0.662993,-0.006595,19.223797
14.340000,0.006248,-0.002565,0.049665,0.899433,-1.341812,7.139014
10.450000,0.011040,0.002812,0.039186,0.669147,-0.334945,6.853892
10.130000,0.009812,-0.003196,0.002193,0.698488,-1.220966,5.055430
7.650000,0.006504,-0.000903,0.014524,0.669413,0.709866,10.406949
8.410000,0.016502,-0.005804,0.030657,0.646583,-0.855473,3.553057
9.660000,0.133842,0.002403,0.002632,0.588584,0.299134,9.266462
12.160000,0.023310,-0.004253,0.014086,0.441712,-0.793965,7.950515
6.390000,0.030681,-0.009033,0.014475,0.623197,0.944766,7.555730
8.270000,0.055736,-0.014240,0.059900,0.341620,0.039864,5.680506
6.230000,0.002727,0.006724,0.034020,0.465133,0.678811,1.984887
9.990000,0.011586,-0.014096,0.031729,0.211096,0.825029,37.482567
68.459999,0.010690,-0.006596,0.004923,3.272094,7.101428,43.393364
20.080000,0.179510,-0.313810,0.916533,1.136157,21.204126,459.331360
48.860001,0.029637,-0.206883,1.570412,1.899939,15.279089,291.471344
31.840000,0.010845,-0.032018,2.318455,2.532380,33.316109,564.651001
6.080000,0.038825,-0.169190,1.479173,0.418848,-0.846746,646.327454
68.870003,0.025734,-0.014070,1.035456,4.941939,17.091579,174.165619
26.930000,0.030568,0.075779,0.462482,2.701820,-19.282734,497.669281
24.559999,0.048408,-0.100893,1.140829,0.719345,-1.842542,68.944672
19.299999,0.025961,-0.010815,0.210990,1.971881,6.245837,55.412346
8.570000,0.064689,0.059689,0.109857,0.975446,0.610077,27.240108
14.340000,0.006840,0.016183,0.240818,1.184120,0.527756,3.542091
9.520000,0.015017,-0.021706,0.104057,0.539893,0.283813,11.744829
8.420000,0.016586,0.009332,0.060680,0.738030,-0.062099,3.607888
8.890000,0.015400,0.012366,0.031242,0.633404,0.482530,1.239184
8.110000,0.002326,-0.001253,0.012965,0.572006,0.616363,2.752523
7.490000,0.003138,-0.001449,0.021006,0.655699,-0.500179,2.028752
7.950000,0.004032,0.002497,0.014914,0.474075,0.044972,2.160347
11.060000,0.000854,0.001150,0.012965,0.717125,-0.870938,2.906050
6.860000,0.015710,-0.004295,0.003022,0.516713,-0.107586,4.430356
17.160000,0.014335,0.001346,0.003022,1.123308,-1.184713,3.651753
8.410000,0.016426,0.006119,0.007555,0.844447,0.429661,10.066997
13.230000,0.004764,-0.002096,0.012185,1.253210,-0.377747,6.360412
12.020000,0.007537,0.011641,0.022761,0.754871,0.752959,14.486384
13.080000,0.009868,-0.021800,0.072718,1.097396,-0.713575,8.180806
14.030000,0.016658,-0.008710,0.014329,0.942122,0.568170,14.256094
18.830000,0.013718,-0.017112,0.067503,1.838191,2.423542,14.113535
37.310001,0.017913,0.061615,0.530960,2.363621,9.967115,61.454735
29.870001,0.029573,-0.055002,0.421542,1.654995,16.783617,234.260544
37.900002,0.010648,0.026623,1.548139,2.590790,24.215973,246.827850
25.680000,0.005499,-0.018817,1.707807,1.288991,14.716917,430.698608
49.279999,0.031041,0.095149,1.053489,2.610148,21.954010,401.550323
13.240000,0.019731,0.028660,1.252343,0.945734,18.377531,468.575897
13.720000,0.028715,0.061530,0.403557,0.535965,-1.337075,320.586670
45.450001,0.017078,-0.050834,0.153673,4.289292,14.503449,90.208176
5.300000,0.003605,-0.031983,0.379821,0.289097,-6.094347,270.240723
44.610001,0.205308,-0.396074,0.791567,1.845726,1.600206,6.755196
7.630000,0.005350,0.041750,0.424515,1.682029,10.873920,93.903801
8.580000,0.009893,0.003196,0.065018,0.912548,-4.816775,57.583660
36.369999,0.003451,-0.002258,0.013306,3.242314,-2.472775,7.347373
13.570000,0.003788,-0.007508,0.026806,0.714987,-3.618365,63.713783
21.790001,0.012551,0.001696,0.025685,1.706040,-4.998101,22.009216
10.120000,0.003153,-0.004193,0.081540,0.618511,-1.601802,47.571495
19.799999,0.034216,-0.050459,0.175947,0.919941,-3.936110,37.230339
11.700000,0.006887,0.004176,0.020080,0.619225,0.095745,29.071466
6.700000,0.020336,-0.015698,0.014768,1.608782,-1.808768,16.032623
10.750000,0.013779,-0.004397,0.182039,2.254779,-1.709953,6.075290
16.030001,0.019453,0.028293,0.072621,1.878772,-7.496809,39.599049
24.420000,0.019540,0.011394,0.016474,2.314119,-10.019384,47.757919
29.709999,0.024112,-0.010388,0.005361,1.778577,-9.923671,62.518459
19.920000,0.005558,-0.001142,0.001413,1.468893,-8.052999,53.515182
16.520000,0.007133,-0.003068,0.043865,0.366721,0.585619,59.075062
30.180000,0.009957,0.012911,0.067162,1.939089,0.191951,13.104642
14.480000,0.005499,0.009408,0.166784,4.295970,3.651211,43.919739
24.250000,0.068468,-0.213462,0.667819,5.870296,-12.570656,86.359047
55.910000,0.013469,-0.081795,0.497623,5.255181,-5.811694,100.735764
29.240000,0.050019,-0.095260,0.202656,2.988791,-9.058416,230.224976
32.639999,0.082041,-0.034395,0.065700,2.298417,7.192305,90.745529
10.760000,0.011371,-0.030893,0.427195,0.565883,10.116441,188.761658
12.460000,0.015137,-0.040361,0.284781,1.657622,4.367142,72.267441
23.330000,0.001019,0.002540,0.136371,2.929373,6.909467,92.193069
16.650000,0.255977,0.050008,0.195053,1.479509,-3.209383,117.985634
34.509998,0.001471,-0.010542,0.131107,2.577970,0.014044,42.439297
21.030001,0.078526,-0.038017,0.117119,1.118321,0.792986,90.208183
9.650000,0.004633,0.021604,0.132277,1.040397,0.347783,32.657425
19.780001,0.277217,0.022882,0.011064,1.181463,3.529658,17.271809
7.950000,0.019047,-0.000281,0.469208,0.467039,2.327117,24.520485
13.550000,0.023891,-0.008420,0.003753,1.636837,2.693352,7.029352
9.820000,0.004837,-0.025234,0.193444,1.005846,4.626869,31.473070
17.910000,0.004175,0.000426,0.001218,1.813214,0.679942,6.908723
24.160000,0.023054,0.001747,0.000829,2.215968,5.800956,35.760868
13.230000,0.018895,-0.001091,0.021494,1.097542,3.583225,58.044243
18.510000,0.013387,-0.015493,0.045766,2.318070,7.094835,38.820442
9.190000,0.004604,0.002096,0.013891,0.502757,5.520129,147.682190
45.230000,0.016697,0.003196,0.042988,1.713483,4.740266,13.795514
16.340000,0.006934,-0.003980,0.024857,1.312777,9.440055,77.969879
18.690001,0.004438,-0.019396,0.270793,0.562828,5.121644,60.029129
17.889999,0.018404,0.001773,0.121798,2.450781,9.980564,61.794689
9.670000,0.004958,0.001730,0.008870,0.423401,6.617183,122.054092
31.600000,0.003776,-0.004142,0.006336,1.376768,7.046507,48.580383
18.379999,0.004897,0.001099,0.178676,1.800863,11.535311,111.822609
13.400000,0.013627,-0.060294,0.313001,0.311471,2.591413,81.643562
30.469999,0.028616,-0.084198,0.372121,3.239459,6.565942,22.206608
8.100000,0.013418,-0.086090,0.610258,0.423015,0.595155,125.223343
29.730000,0.011055,0.057388,0.833238,1.481290,2.200451,10.922362
9.970000,0.055434,0.035699,0.045863,1.394784,6.489861,47.703087
9.660000,0.023250,-0.014096,0.027976,0.460114,1.471941,20.506845
16.350000,0.015168,0.005991,0.017254,1.572613,3.600989,9.573517
13.710000,0.003442,-0.005718,0.042208,1.053123,0.350689,33.074142
22.410000,0.016913,0.010082,0.082417,1.884618,0.232809,10.538544
11.690000,0.022544,-0.005855,0.032801,0.720350,0.609820,66.718521
21.340000,0.032888,-0.040719,0.264310,0.821551,4.748569,34.159798
39.139999,0.038579,-0.073554,0.252906,2.239778,17.167496,147.353195
8.410000,0.098071,-0.306958,1.021029,2.043463,-2.073454,288.466614
19.750000,0.027150,0.061496,0.622979,1.348943,14.215624,177.674805
22.879999,0.035158,0.025779,0.200901,1.616218,17.307747,247.014282
12.930000,0.022803,-0.008343,0.140806,0.749138,9.284150,236.398956
38.580002,0.008056,-0.004397,0.010820,1.626791,14.683367,144.830963
16.030001,0.037949,-0.020649,0.137102,1.215125,2.347197,258.397217
12.450000,0.014135,0.003613,0.820956,1.220355,7.922190,95.844818
13.570000,0.013396,0.031617,0.388887,0.392601,4.142447,49.545414
12.930000,0.012621,-0.005923,0.005361,1.365102,3.119932,13.565224
14.340000,0.138655,-0.038384,0.021737,0.827455,0.536988,32.405201
11.540000,0.008593,-0.017036,0.083879,0.840167,0.045590,8.652354
7.480000,0.006303,-0.007312,0.043572,0.701624,0.658523,9.266462
9.660000,0.009586,0.004227,0.031388,0.371929,0.020204,4.474221
7.170000,0.030717,0.010192,0.003558,0.754660,0.258550,3.454362
8.110000,0.004406,0.009076,0.035969,0.395178,-0.107692,2.906050
9.360000,0.027069,-0.037634,0.135786,0.498533,0.392936,0.800535
7.180000,0.021179,-0.008445,0.067357,0.445207,0.188173,1.096623
7.320000,0.004002,0.001943,0.038114,0.541904,0.061454,0.372852
6.860000,0.014882,-0.017973,0.165371,0.418174,0.119762,0.537345
6.080000,0.050615,0.005037,0.000829,0.548637,-0.026170,0.087730
8.730000,0.013831,-0.005216,0.016571,0.395094,0.013582,0.010966
7.640000,0.001942,0.001116,0.016035,0.542053,0.129162,0.098696
6.400000,0.012659,-0.003000,0.008676,0.403358,-0.057895,0.098696
7.630000,0.020854,0.001824,0.002096,0.472454,0.309728,0.888264
6.550000,0.010410,0.004397,0.006190,0.428025,-0.179109,0.537345
6.860000,0.037478,-0.008616,0.007896,0.486486,0.441997,1.579137
7.800000,0.017996,-0.008377,0.011210,0.430625,0.000000,0.000000
7.950000,0.021416,-0.000895,0.001413,0.435028,0.087436,0.098696
8.110000,0.006229,-0.002616,0.002096,0.425640,0.000000,0.000000
7.020000,0.026347,-0.000102,0.001316,0.426416,0.000000,0.000000
6.700000,0.025001,-0.004670,0.002096,0.423487,0.000000,0.000000
9.200000,0.011863,-0.001219,0.002827,0.421448,0.000000,0.000000
7.020000,0.003968,-0.001219,0.008237,0.427003,0.000000,0.000000
7.330000,0.008091,-0.000281,0.002193,0.422603,0.000000,0.000000
7.480000,0.134644,-0.005974,0.006531,0.423324,0.000000,0.000000
5.920000,0.014578,-0.000358,0.000195,0.428160,0.000000,0.000000
7.800000,0.001147,-0.001389,0.006092,0.424647,0.000000,0.000000
7.950000,0.002655,-0.000145,0.003607,0.427807,0.000000,0.000000
7.330000,0.056355,-0.007184,0.003607,0.426318,0.000000,0.000000
7.490000,0.002000,0.004091,0.010625,0.426212,0.000000,0.000000
6.080000,0.019157,-0.002710,0.002632,0.428128,0.000000,0.000000
6.240000,0.019890,0.001534,0.000877,0.425585,0.000000,0.000000
6.710000,0.001916,0.001057,0.003558,0.427524,0.000000,0.000000
6.700000,0.002028,0.000307,0.000439,0.433252,0.000000,0.000000
8.420000,0.006668,-0.000358,0.006141,0.430044,0.000000,0.000000
6.860000,0.007446,0.002591,0.000975,0.426477,0.000000,0.000000
7.010000,0.015609,0.000997,0.000439,0.429177,0.000000,0.000000
7.800000,0.004746,0.000375,0.000780,0.431113,0.000000,0.000000
5.920000,0.001147,-0.001057,0.014524,0.433760,0.000000,0.000000
8.730000,0.001113,-0.000187,0.000195,0.428169,0.000000,0.000000
7.640000,0.005119,-0.000886,0.001657,0.430001,0.000000,0.000000
6.700000,0.015177,0.001389,0.002827,0.432753,0.000000,0.000000
8.420000,0.017838,0.000307,0.000439,0.436068,0.000000,0.000000
6.240000,0.004761,0.000562,0.003314,0.434431,0.000000,0.000000
6.550000,0.015821,-0.001841,0.000877,0.432193,0.000000,0.000000
8.420000,0.013043,-0.008514,0.008334,0.432333,0.000000,0.000000
7.480000,0.013392,-0.000119,0.002827,0.435215,0.000000,0.000000
7.320000,0.009845,-0.001849,0.002583,0.434935,0.000000,0.000000
6.700000,0.008665,0.000869,0.000975,0.434715,0.000000,0.000000
6.550000,0.017591,0.005062,0.002193,0.434273,0.000000,0.000000
9.190000,0.022611,0.001006,0.000634,0.436584,0.000000,0.000000
8.110000,0.017354,-0.001415,0.000390,0.433421,0.000000,0.000000
6.240000,0.018489,0.000017,0.003412,0.436362,0.000000,0.000000
8.260000,0.029865,0.007048,0.003607,0.438958,0.000000,0.000000
6.080000,0.002365,-0.000528,0.000195,0.438170,0.000000,0.000000
8.100000,0.005753,-0.001994,0.001218,0.437334,0.000000,0.000000
8.430000,0.010955,-0.002915,0.002827,0.440995,0.000000,0.000000
5.460000,0.001147,-0.001048,0.004143,0.439792,0.000000,0.000000
8.580000,0.007543,-0.000528,0.000975,0.441160,0.000000,0.000000
6.240000,0.014150,0.003051,0.003265,0.444850,0.000000,0.000000
6.240000,0.019617,-0.007090,0.003119,0.448577,0.000000,0.000000
8.110000,0.016855,-0.000119,0.000390,0.449585,0.000000,0.000000
6.860000,0.058089,-0.001261,0.001560,0.456320,0.000000,0.000000
9.200000,0.008932,-0.000281,0.000439,0.450647,0.000000,0.000000
6.550000,0.001113,0.001406,0.005507,0.452949,0.000000,0.000000
6.860000,0.016031,-0.002301,0.000390,0.456326,0.000000,0.000000
8.580000,0.019410,-0.000205,0.003948,0.456632,0.000000,0.000000
6.710000,0.009006,0.004466,0.007555,0.458115,0.000000,0.000000
8.110000,0.005311,-0.000972,0.000439,0.466689,0.000000,0.000000
8.730000,0.020935,0.007295,0.006336,0.463419,0.000000,0.000000
6.240000,0.008376,0.006434,0.012185,0.461126,0.000000,0.000000
7.640000,0.003527,0.000562,0.001755,0.467749,0.000000,0.000000
8.420000,0.008938,0.001449,0.002096,0.462009,0.000000,0.000000
6.860000,0.021999,0.003613,0.003119,0.472043,0.000000,0.000000
9.360000,0.011465,-0.002071,0.002973,0.468409,0.000000,0.000000
7.630000,0.013538,0.005846,0.003753,0.469504,0.000000,0.000000
6.240000,0.007227,-0.002650,0.007116,0.473668,0.000000,0.000000
8.110000,0.005487,-0.000307,0.002193,0.471459,0.000000,0.000000
7.170000,0.009134,-0.000724,0.000634,0.477157,0.000000,0.000000
8.420000,0.001147,0.000307,0.000439,0.474946,0.000000,0.000000
8.410000,0.032341,-0.001278,0.002876,0.482360,0.000000,0.000000
5.930000,0.023879,0.003230,0.002096,0.479235,0.000000,0.000000
7.790000,0.051035,-0.003724,0.001072,0.485337,0.000000,0.000000
8.890000,0.006141,0.003895,0.003314,0.477482,0.000000,0.000000
7.320000,0.003923,0.000187,0.000195,0.482973,0.000000,0.000000
7.800000,0.011535,0.001696,0.005605,0.484415,0.000000,0.000000
6.700000,0.011967,0.003042,0.004386,0.484502,0.000000,0.000000
7.480000,0.017516,0.000281,0.000439,0.487469,0.000000,0.000000
8.890000,0.021757,0.006485,0.002827,0.489225,0.000000,0.000000
6.400000,0.002186,0.000741,0.000439,0.488109,0.000000,0.000000
8.580000,0.007614,0.000648,0.000195,0.497162,0.000000,0.000000
7.650000,0.012890,-0.003221,0.001755,0.493100,0.000000,0.000000
6.860000,0.030653,0.004057,0.004776,0.489540,0.000000,0.000000
8.420000,0.003202,0.000869,0.001072,0.497009,0.000000,0.000000
7.170000,0.014551,-0.000801,0.000829,0.499047,0.000000,0.000000
8.880000,0.031410,-0.000639,0.000829,0.500940,0.000000,0.000000
8.110000,0.009516,-0.002148,0.000780,0.504765,0.000000,0.000000
6.230000,0.012304,-0.002471,0.001218,0.502709,0.000000,0.000000
8.730000,0.072996,0.002778,0.002437,0.504607,0.000000,0.000000
6.860000,0.004365,0.001747,0.002437,0.504075,0.000000,0.000000
7.950000,0.017709,0.002642,0.001218,0.510592,0.000000,0.000000
8.890000,0.001743,0.001824,0.002096,0.507066,0.000000,0.000000
6.700000,0.006980,0.001133,0.001218,0.508792,0.000000,0.000000
7.170000,0.306275,-0.011582,0.000439,0.509210,0.000000,0.000000
7.800000,0.017944,-0.001415,0.000390,0.513557,0.000000,0.000000
6.390000,0.021538,-0.005718,0.001657,0.513481,0.000000,0.000000
8.730000,0.040081,0.005181,0.002096,0.514867,0.000000,0.000000
7.950000,0.017154,-0.005931,0.002632,0.514930,0.000000,0.000000
6.700000,0.003888,0.001858,0.002534,0.517644,0.000000,0.000000
8.110000,0.011571,-0.000724,0.002437,0.516954,0.000000,0.000000
6.860000,0.011612,0.002122,0.000877,0.516547,0.000000,0.000000
8.580000,0.018588,0.000648,0.001852,0.526232,0.000000,0.000000
8.260000,0.024775,-0.008505,0.007749,0.517879,0.000000,0.000000
7.170000,0.005119,0.000801,0.000195,0.526332,0.000000,0.000000
8.270000,0.086787,-0.011369,0.001657,0.525876,0.000000,0.000000
6.700000,0.002642,-0.001892,0.003168,0.532946,0.000000,0.000000
7.330000,0.017364,0.008335,0.005166,0.524812,0.000000,0.000000
9.200000,0.006297,-0.001466,0.002096,0.528944,0.000000,0.000000
7.330000,0.009462,0.000980,0.000634,0.531575,0.000000,0.000000
8.580000,0.014439,0.005897,0.002876,0.533702,0.000000,0.000000
7.330000,0.003201,-0.000469,0.001218,0.538809,0.000000,0.000000
6.870000,0.026897,-0.000844,0.003948,0.534772,0.000000,0.000000
8.730000,0.017437,0.003809,0.002827,0.536700,0.000000,0.000000
8.730000,0.001147,0.000375,0.002096,0.543752,0.000000,0.000000
7.630000,0.010589,0.001031,0.001072,0.543426,0.000000,0.000000
8.880000,0.058657,-0.004014,0.002193,0.544778,0.000000,0.000000
7.630000,0.002281,-0.001551,0.002827,0.547840,0.000000,0.000000
7.480000,0.013992,0.000000,0.000000,0.545606,0.000000,0.000000
8.740000,0.037941,0.001790,0.000439,0.550923,0.000000,0.000000
7.480000,0.012031,0.000997,0.002291,0.541387,0.000000,0.000000
8.890000,0.011736,-0.000673,0.000634,0.554586,0.000000,0.000000
7.960000,0.012532,0.000937,0.001218,0.545134,0.000000,0.000000
7.800000,0.008872,0.000537,0.000439,0.552180,0.000000,0.000000
8.580000,0.016454,-0.004116,0.003607,0.550155,0.000000,0.000000
7.640000,0.019453,-0.000452,0.001218,0.554628,0.000000,0.000000
9.040000,0.007865,0.000920,0.003948,0.559781,0.000000,0.000000
8.580000,0.012495,0.000562,0.000439,0.558381,0.000000,0.000000
7.790000,0.007634,-0.001185,0.001998,0.555741,0.000000,0.000000
8.420000,0.010137,-0.000256,0.000390,0.560953,0.000000,0.000000
7.950000,0.010325,0.000187,0.000195,0.562550,0.000000,0.000000
8.570000,0.008069,-0.002727,0.001657,0.559578,0.000000,0.000000
8.420000,0.000742,0.001244,0.005313,0.564044,0.000000,0.000000
8.580000,0.024582,-0.000085,0.000634,0.567770,0.000000,0.000000
7.180000,0.001147,0.000068,0.001657,0.564887,0.000000,0.000000
7.020000,0.003722,0.002003,0.001218,0.562078,0.000000,0.000000
7.630000,0.034378,-0.001662,0.001413,0.567616,0.000000,0.000000
8.740000,0.033802,-0.001432,0.000877,0.569551,0.000000,0.000000
7.020000,0.003168,-0.000716,0.001218,0.569659,0.000000,0.000000
7.800000,0.002308,0.001304,0.000877,0.571595,0.000000,0.000000
8.580000,0.005321,0.003835,0.004874,0.575629,0.000000,0.000000
7.950000,0.001988,-0.000597,0.000975,0.571077,0.000000,0.000000
7.330000,0.020751,-0.008582,0.005313,0.576851,0.000000,0.000000
8.420000,0.005820,-0.001909,0.003265,0.575594,0.000000,0.000000
8.570000,0.019164,0.000000,0.000000,0.572716,0.000000,0.000000
7.800000,0.011721,-0.006443,0.003948,0.572651,0.000000,0.000000
7.650000,0.006336,0.001926,0.001413,0.577725,0.000000,0.000000
7.480000,0.004362,0.000383,0.001413,0.578364,0.000000,0.000000
9.200000,0.017944,0.000281,0.000439,0.576615,0.000000,0.000000
7.640000,0.015064,-0.001227,0.000439,0.582301,0.000000,0.000000
7.640000,0.023156,-0.001261,0.000390,0.584071,0.000000,0.000000
7.170000,0.012311,0.005343,0.004045,0.586593,0.000000,0.000000
8.430000,0.022785,0.003434,0.001218,0.581927,0.000000,0.000000
8.430000,0.018360,0.001790,0.002388,0.584423,0.000000,0.000000
8.570000,0.008756,0.001295,0.000634,0.588754,0.000000,0.000000
8.410000,0.011477,0.001125,0.009748,0.585508,0.000000,0.000000
9.200000,0.004636,0.000213,0.007652,0.577541,0.000000,0.000000
7.950000,0.004603,-0.002557,0.004874,0.579542,0.000000,0.000000
7.490000,0.003204,0.000869,0.002193,0.584576,0.000000,0.000000
9.970000,0.075725,-0.000358,0.000195,0.583896,0.000000,0.000000
8.420000,0.135057,-0.006255,0.003412,0.586321,0.000000,0.000000
8.260000,0.006780,-0.002591,0.002096,0.591847,0.000000,0.000000
8.890000,0.010949,-0.002420,0.000780,0.586995,0.000000,0.000000
8.260000,0.018778,0.002770,0.005166,0.588372,0.000000,0.000000
8.580000,0.024542,-0.004270,0.004143,0.591057,0.000000,0.000000
8.260000,0.001147,0.000256,0.000877,0.593666,0.000000,0.000000
7.480000,0.006226,-0.000716,0.000780,0.590429,0.000000,0.000000
8.580000,0.021999,0.000537,0.000439,0.591321,0.000000,0.000000
8.580000,0.052761,0.007900,0.003948,0.593138,0.000000,0.000000
7.640000,0.035462,0.003375,0.000439,0.597854,0.000000,0.000000
8.740000,0.019309,0.000537,0.000439,0.596847,0.000000,0.000000
7.330000,0.007926,-0.000452,0.003558,0.593508,0.000000,0.000000
9.200000,0.024381,0.002207,0.000634,0.599719,0.000000,0.000000
8.110000,0.013688,-0.008028,0.006775,0.600172,0.000000,0.000000
7.640000,0.024807,0.003068,0.001218,0.598255,0.000000,0.000000
8.260000,0.068732,0.005940,0.001657,0.599372,0.000000,0.000000
7.480000,0.003923,0.000980,0.003168,0.600410,0.000000,0.000000
6.700000,0.003681,0.001611,0.003948,0.597930,0.000000,0.000000
9.040000,0.018887,-0.004517,0.003655,0.591268,0.000000,0.000000
7.950000,0.001147,-0.000315,0.008286,0.597410,0.000000,0.000000
7.630000,0.010201,-0.000426,0.001218,0.604933,0.000000,0.000000
8.270000,0.019006,0.000009,0.003363,0.610503,0.000000,0.000000
7.020000,0.002484,0.000409,0.006336,0.597744,0.000000,0.000000
8.580000,0.009383,-0.003826,0.002096,0.603953,0.000000,0.000000
9.360000,0.009128,0.002650,0.002973,0.608412,0.000000,0.000000
7.020000,0.052467,-0.001023,0.000780,0.608520,0.000000,0.000000
9.190000,0.007017,0.000537,0.001755,0.605575,0.000000,0.000000
7.480000,0.006194,0.000281,0.000877,0.611069,0.000000,0.000000
8.880000,0.032601,-0.005983,0.001755,0.611473,0.000000,0.000000
9.510000,0.008830,0.001645,0.004338,0.610290,0.000000,0.000000
7.020000,0.005260,0.000750,0.003119,0.594689,0.000000,0.000000
9.670000,0.007090,0.000418,0.001998,0.601714,0.000000,0.000000
7.490000,0.013418,0.005241,0.003558,0.606148,0.000000,0.000000
7.480000,0.006089,0.000682,0.003119,0.603256,0.000000,0.000000
9.980000,0.006457,-0.000852,0.001218,0.605767,0.000000,0.000000
8.260000,0.005887,0.001704,0.002437,0.606722,0.000000,0.000000
8.260000,0.008363,-0.001483,0.001755,0.605693,0.000000,0.000000
9.200000,0.007792,-0.001381,0.007896,0.604810,0.000000,0.000000
7.010000,0.005168,-0.001440,0.003558,0.610560,0.000000,0.000000
7.950000,0.011167,-0.003971,0.001998,0.605864,0.000000,0.000000
9.670000,0.004365,-0.000205,0.000634,0.604069,0.000000,0.000000
8.880000,0.003950,0.003383,0.004045,0.608853,0.000000,0.000000
9.830000,0.002226,-0.000724,0.006336,0.611403,0.000000,0.000000
7.640000,0.013344,-0.002531,0.000634,0.615888,0.000000,0.000000
8.880000,0.007336,-0.000213,0.000634,0.611388,0.000000,0.000000
9.360000,0.004427,0.000537,0.000439,0.615928,0.000000,0.000000
7.320000,0.025043,-0.012033,0.006775,0.612653,0.000000,0.000000
9.510000,0.002758,-0.001372,0.003168,0.610496,0.000000,0.000000
9.040000,0.017704,0.004679,0.004045,0.612648,0.000000,0.000000
7.020000,0.008269,-0.000452,0.001072,0.612600,0.000000,0.000000
8.570000,0.021620,0.014496,0.016912,0.613870,0.000000,0.000000
6.870000,0.010325,0.001057,0.003558,0.615991,0.000000,0.000000
9.210000,0.024565,-0.002420,0.000780,0.617356,0.000000,0.000000
9.820000,0.023907,0.001406,0.006092,0.618112,0.000000,0.000000
6.230000,0.008814,0.003272,0.002096,0.621173,0.000000,0.000000
9.050000,0.012767,-0.003579,0.009553,0.617703,0.000000,0.000000
6.400000,0.012901,0.000281,0.000439,0.609819,0.000000,0.000000
7.800000,0.006039,0.000051,0.001316,0.612794,0.000000,0.000000
9.360000,0.016323,-0.002915,0.002193,0.613789,0.000000,0.000000
7.330000,0.019783,-0.001721,0.001218,0.619018,0.000000,0.000000
7.330000,0.025746,0.003460,0.005313,0.613584,0.000000,0.000000
8.260000,0.026111,0.009707,0.014086,0.618373,0.000000,0.000000
6.540000,0.012200,0.000537,0.000439,0.624797,0.000000,0.000000
9.510000,0.008190,-0.006340,0.007018,0.620807,0.000000,0.000000
8.730000,0.005628,0.003102,0.008237,0.618459,0.000000,0.000000
6.860000,0.014997,0.000750,0.003802,0.613864,0.000000,0.000000
8.580000,0.007285,0.004534,0.017595,0.616704,0.000000,0.000000
5.920000,0.018355,-0.001415,0.001950,0.614798,0.000000,0.000000
9.190000,0.037152,-0.000656,0.002388,0.615459,0.000000,0.000000
10.450000,0.012200,0.002548,0.008822,0.614806,0.000000,0.000000
5.920000,0.057612,0.003503,0.000439,0.618673,0.000000,0.000000
9.820000,0.007650,-0.002872,0.001657,0.623503,0.000000,0.000000
6.860000,0.004692,0.002557,0.001755,0.626564,0.000000,0.000000
7.480000,0.021058,-0.003307,0.003997,0.624705,0.000000,0.000000
11.070000,0.003172,0.001133,0.005313,0.621936,0.000000,0.000000
8.890000,0.002007,0.000750,0.003119,0.617998,0.000000,0.000000
9.510000,0.007313,0.000767,0.001072,0.621919,0.000000,0.000000
8.580000,0.009415,0.002148,0.000877,0.616006,0.000000,0.000000
6.700000,0.004563,0.000784,0.000195,0.623068,0.000000,0.000000
10.600000,0.049147,0.002003,0.017010,0.620531,0.000000,0.000000
9.660000,0.000946,0.000452,0.001218,0.622446,0.000000,0.000000
9.040000,0.006786,-0.002753,0.001511,0.620119,0.000000,0.000000
9.510000,0.036468,0.000273,0.012916,0.620599,0.000000,0.000000
6.080000,0.007711,-0.004022,0.015304,0.622045,0.000000,0.000000
8.260000,0.007634,0.000580,0.005069,0.624457,0.000000,0.000000
10.290000,0.002308,-0.000511,0.000195,0.627145,0.000000,0.000000
6.870000,0.007792,-0.001253,0.000877,0.622584,0.000000,0.000000
10.290000,0.018282,-0.003886,0.004581,0.626372,0.000000,0.000000
7.330000,0.016245,0.001474,0.003558,0.620062,0.000000,0.000000
6.390000,0.023431,-0.003511,0.000780,0.628555,0.000000,0.000000
11.230000,0.003983,-0.002625,0.002973,0.618362,0.000000,0.000000
8.890000,0.007465,-0.000119,0.004045,0.622769,0.000000,0.000000
9.970000,0.026897,0.000912,0.001218,0.620306,0.000000,0.000000
7.490000,0.012204,0.001304,0.000877,0.623514,0.000000,0.000000
6.240000,0.009385,0.001074,0.002583,0.623520,0.000000,0.000000
8.890000,0.013593,0.000102,0.001218,0.620766,0.000000,0.000000
9.820000,0.022869,-0.001892,0.000634,0.621408,0.000000,0.000000
8.420000,0.149783,0.037523,0.010430,0.622605,0.000000,0.000000
10.140000,0.014223,-0.002267,0.000634,0.621716,0.000000,0.000000
6.390000,0.009809,-0.006818,0.005751,0.621434,0.000000,0.000000
8.430000,0.007126,0.000793,0.002193,0.624452,0.000000,0.000000
11.070000,0.010379,-0.000085,0.008432,0.618108,0.000000,0.000000
6.710000,0.003746,0.002207,0.002827,0.622347,0.000000,0.000000
10.600000,0.020018,0.001321,0.006092,0.619850,0.000000,0.000000
7.800000,0.001976,-0.000827,0.008676,0.624052,0.000000,0.000000
6.080000,0.017959,0.001125,0.007018,0.620164,0.000000,0.000000
7.640000,0.090377,-0.005769,0.001072,0.621483,0.000000,0.000000
6.080000,0.011383,-0.002369,0.001950,0.621110,0.000000,0.000000
9.820000,0.012818,0.000537,0.000439,0.621838,0.000000,0.000000
9.970000,0.003168,-0.000741,0.001218,0.624009,0.000000,0.000000
5.140000,0.018832,0.004670,0.001657,0.619327,0.000000,0.000000
8.580000,0.014509,0.003119,0.002193,0.623685,0.000000,0.000000
5.770000,0.038196,-0.000801,0.000634,0.617282,0.000000,0.000000
8.890000,0.003172,0.000793,0.002193,0.606982,0.036125,0.010966
10.450000,0.002316,0.000511,0.001218,0.618026,0.000000,0.000000
6.860000,0.010589,0.001099,0.002193,0.615557,0.000000,0.000000
7.330000,0.002453,-0.001466,0.008432,0.619891,0.000000,0.000000
8.110000,0.025144,0.001662,0.001316,0.620021,0.000000,0.000000
5.460000,0.003390,0.002838,0.006336,0.615155,0.000000,0.000000
11.070000,0.022133,0.004534,0.017595,0.614699,0.000000,0.000000
9.190000,0.003080,0.002829,0.004581,0.619836,0.000000,0.000000
5.770000,0.016470,0.000000,0.000000,0.623481,0.000000,0.000000
9.200000,0.007640,0.003809,0.004143,0.619275,0.000000,0.000000
5.460000,0.021592,0.000562,0.001755,0.611115,0.000000,0.000000
9.830000,0.004980,0.003920,0.004874,0.614059,0.000000,0.000000
10.450000,0.003892,-0.002471,0.002437,0.614186,0.000000,0.000000
6.240000,0.037631,0.003946,0.001413,0.608960,0.000000,0.000000
10.450000,0.001800,-0.000256,0.000439,0.610599,0.000000,0.000000
6.390000,0.015502,0.002863,0.000780,0.614050,0.000000,0.000000
8.580000,0.020736,0.004261,0.004874,0.611450,0.000000,0.000000
10.290000,0.004815,-0.000520,0.001218,0.610762,0.000000,0.000000
7.010000,0.019708,-0.006911,0.005605,0.605321,0.000000,0.000000
11.550000,0.013238,-0.004772,0.002437,0.609178,0.000000,0.000000
7.640000,0.005789,0.001986,0.001072,0.608919,0.000000,0.000000
5.920000,0.003852,-0.003102,0.005654,0.611381,0.000000,0.000000
11.060000,0.004365,0.001210,0.000975,0.610324,0.000000,0.000000
9.360000,0.008251,-0.000562,0.002193,0.613394,0.000000,0.000000
10.600000,0.003803,-0.004244,0.005166,0.610608,0.000000,0.000000
8.880000,0.007445,0.002932,0.006336,0.613422,0.000000,0.000000
5.610000,0.001590,0.000784,0.002437,0.608346,0.000000,0.000000
9.980000,0.011402,-0.000750,0.000634,0.607728,0.000000,0.000000
9.980000,0.008707,-0.001483,0.001755,0.606336,0.000000,0.000000
7.790000,0.011735,0.003554,0.003558,0.614005,0.000000,0.000000
10.290000,0.018770,0.001253,0.002388,0.607598,0.000000,0.000000
7.330000,0.011668,-0.003451,0.003948,0.607413,0.000000,0.000000
8.410000,0.002007,0.000844,0.002193,0.607888,0.000000,0.000000
10.440000,0.001590,0.000170,0.007555,0.607225,0.000000,0.000000
5.920000,0.005405,0.001304,0.001413,0.607928,0.000000,0.000000
11.230000,0.010644,-0.002045,0.000634,0.606896,0.000000,0.000000
8.580000,0.039510,-0.000187,0.000195,0.610549,0.000000,0.000000
6.240000,0.034004,-0.010278,0.004581,0.605444,0.000000,0.000000
10.140000,0.005679,0.001244,0.004045,0.604271,0.000000,0.000000
5.610000,0.007619,0.000307,0.000439,0.606966,0.000000,0.000000
9.360000,0.017504,0.010261,0.006336,0.608154,0.000000,0.000000
8.880000,0.015311,-0.002327,0.001657,0.607603,0.000000,0.000000
6.700000,0.001147,0.000895,0.001218,0.603426,0.000000,0.000000
8.420000,0.025287,-0.001312,0.001852,0.605648,0.000000,0.000000
10.920000,0.018413,-0.004159,0.001072,0.605650,0.000000,0.000000
7.170000,0.008190,-0.001721,0.001072,0.609910,0.000000,0.000000
11.070000,0.000836,-0.001329,0.005702,0.604891,0.000000,0.000000
7.170000,0.019552,0.006673,0.004386,0.609009,0.000000,0.000000
6.700000,0.007813,0.001278,0.000877,0.608553,0.000000,0.000000
10.760000,0.006740,0.000724,0.000634,0.606242,0.000000,0.000000
5.620000,0.010112,-0.001031,0.003168,0.608166,0.000000,0.000000
10.450000,0.008938,-0.000187,0.000195,0.605425,0.000000,0.000000
8.420000,0.013538,-0.003111,0.002437,0.606898,0.000000,0.000000
5.610000,0.006792,0.001619,0.002096,0.605577,0.000000,0.000000
9.190000,0.016943,-0.003477,0.001755,0.604404,0.000000,0.000000
5.460000,0.003885,-0.001636,0.001657,0.604808,0.000000,0.000000
9.670000,0.003204,-0.000375,0.002827,0.607134,0.000000,0.000000
9.670000,0.020789,0.000818,0.000390,0.611207,0.000000,0.000000
5.920000,0.021408,0.000426,0.000390,0.611675,0.000000,0.000000
7.950000,0.014530,-0.001244,0.001998,0.602578,0.000000,0.000000
7.330000,0.006740,-0.000119,0.002827,0.593512,0.000000,0.000000
7.180000,0.005789,0.000793,0.002193,0.593825,0.000000,0.000000
10.750000,0.011364,-0.001747,0.001413,0.587945,0.000000,0.000000
6.700000,0.009111,0.002778,0.004143,0.587758,0.000000,0.000000
7.320000,0.027803,-0.000009,0.001413,0.592529,0.000000,0.000000
8.420000,0.015052,-0.002182,0.000780,0.596035,0.000000,0.000000
5.920000,0.011721,-0.003272,0.001657,0.586939,0.000000,0.000000
9.360000,0.020446,0.001900,0.001413,0.593706,0.000000,0.000000
9.040000,0.056435,0.001210,0.000975,0.590727,0.000000,0.000000
9.510000,0.012575,0.003699,0.002388,0.589212,0.000000,0.000000
9.200000,0.027882,0.007883,0.003607,0.589097,0.000000,0.000000
6.860000,0.007264,-0.000469,0.000634,0.587216,0.000000,0.000000
8.260000,0.024606,-0.002565,0.000634,0.587943,0.000000,0.000000
9.510000,0.079706,0.000281,0.002632,0.590901,0.000000,0.000000
7.950000,0.006039,-0.000614,0.003899,0.593803,0.000000,0.000000
10.600000,0.003508,-0.003451,0.003948,0.596978,0.000000,0.000000
6.700000,0.022939,0.001500,0.000390,0.593529,0.000000,0.000000
6.700000,0.010325,-0.001440,0.001657,0.588832,0.000000,0.000000
9.820000,0.033079,-0.002335,0.000195,0.590915,0.000000,0.000000
8.410000,0.014761,-0.010252,0.008676,0.583894,0.000000,0.000000
9.970000,0.020912,0.002216,0.000975,0.588962,0.000000,0.000000
8.260000,0.007445,0.001193,0.001218,0.586759,0.000000,0.000000
5.460000,0.009994,0.004176,0.002437,0.588493,0.000000,0.000000
9.350000,0.004163,-0.000162,0.001657,0.586073,0.000000,0.000000
7.020000,0.025067,-0.002506,0.001316,0.585701,0.000000,0.000000
9.040000,0.002453,0.000469,0.002437,0.588004,0.000000,0.000000
8.580000,0.004844,-0.002216,0.003607,0.589213,0.000000,0.000000
6.390000,0.002186,0.001210,0.001657,0.591002,0.000000,0.000000
8.740000,0.006847,-0.001866,0.001218,0.588834,0.000000,0.000000
9.040000,0.008777,-0.000801,0.000634,0.580549,0.000000,0.000000
7.800000,0.015789,0.000068,0.001657,0.587790,0.000000,0.000000
9.200000,0.013213,0.002778,0.010333,0.589862,0.000000,0.000000
7.180000,0.001116,0.000298,0.003607,0.588880,0.000000,0.000000
7.630000,0.002539,-0.001227,0.000877,0.588550,0.000000,0.000000
9.820000,0.024311,-0.000844,0.002583,0.581495,0.000000,0.000000
6.230000,0.006457,0.000187,0.000195,0.582371,0.000000,0.000000
10.130000,0.015704,0.003051,0.000975,0.581563,0.000000,0.000000
8.890000,0.024542,-0.002506,0.002827,0.584553,0.000000,0.000000
6.390000,0.010504,-0.001278,0.010966,0.583679,0.000000,0.000000
8.740000,0.012705,-0.001432,0.000975,0.589074,0.000000,0.000000
5.620000,0.017090,0.002233,0.001657,0.587183,0.000000,0.000000
7.650000,0.003542,0.001278,0.001413,0.580119,0.000000,0.000000
9.350000,0.010201,0.004014,0.004386,0.583215,0.000000,0.000000
7.170000,0.002687,0.000895,0.006092,0.581221,0.000000,0.000000
8.110000,0.008938,-0.002915,0.002193,0.585049,0.000000,0.000000
7.330000,0.014059,0.001926,0.002534,0.580311,0.000000,0.000000
8.420000,0.008218,-0.000358,0.000195,0.582502,0.000000,0.000000
9.820000,0.012437,-0.007874,0.005897,0.577428,0.000000,0.000000
7.640000,0.002007,0.000000,0.000390,0.581851,0.000000,0.000000
9.980000,0.002484,-0.000972,0.011600,0.580635,0.000000,0.000000
7.800000,0.009347,0.000844,0.000877,0.583831,0.000000,0.000000
7.020000,0.013562,0.001636,0.002534,0.579083,0.000000,0.000000
9.670000,0.014681,-0.009519,0.009114,0.582998,0.000000,0.000000
8.110000,0.005405,0.002131,0.002534,0.575145,0.000000,0.000000
9.510000,0.004192,-0.003170,0.003753,0.578535,0.000000,0.000000
8.890000,0.008354,-0.000562,0.007116,0.582156,0.000000,0.000000
6.540000,0.011256,-0.009417,0.008237,0.576366,0.000000,0.000000
8.260000,0.011398,0.003843,0.003265,0.578287,0.000000,0.000000
9.350000,0.008121,0.004039,0.002827,0.583937,0.000000,0.000000
6.550000,0.012526,-0.005650,0.008237,0.575491,0.000000,0.000000
8.890000,0.003201,0.000614,0.001657,0.577061,0.000000,0.000000
7.640000,0.007837,0.001636,0.000877,0.582362,0.000000,0.000000
8.100000,0.007376,-0.001662,0.000634,0.573971,0.000000,0.000000
9.040000,0.038983,-0.005011,0.002388,0.575624,0.000000,0.000000
8.890000,0.030260,0.002540,0.001413,0.580729,0.000000,0.000000
9.510000,0.002484,0.000239,0.003607,0.579973,0.000000,0.000000
7.950000,0.021897,-0.002131,0.005605,0.585316,0.000000,0.000000
6.390000,0.004640,0.001244,0.004923,0.580852,0.000000,0.000000
9.200000,0.016719,0.002506,0.004776,0.572251,0.000000,0.000000
7.640000,0.002007,0.000963,0.001657,0.580688,0.000000,0.000000
9.510000,0.008062,-0.004270,0.002827,0.577617,0.000000,0.000000
8.580000,0.011100,-0.002071,0.000877,0.581272,0.000000,0.000000
7.790000,0.022301,0.003298,0.001657,0.576626,0.000000,0.000000
8.580000,0.006191,-0.000750,0.002096,0.579700,0.000000,0.000000
7.950000,0.026925,-0.000222,0.001657,0.579178,0.000000,0.000000
9.350000,0.007299,0.003477,0.006336,0.579305,0.000000,0.000000
9.350000,0.008073,-0.003443,0.005313,0.578434,0.000000,0.000000
7.950000,0.007944,-0.002753,0.002973,0.581258,0.000000,0.000000
8.260000,0.032440,-0.005156,0.002437,0.581243,0.000000,0.000000
9.200000,0.004797,-0.000656,0.002388,0.576835,0.000000,0.000000
7.950000,0.008230,-0.000494,0.000195,0.577608,0.000000,0.000000
9.360000,0.005804,-0.001628,0.002827,0.583748,0.000000,0.000000
7.950000,0.012687,0.001909,0.006677,0.574002,0.000000,0.000000
7.020000,0.010112,0.000937,0.004874,0.582583,0.000000,0.000000
10.290000,0.006177,-0.000187,0.000195,0.572276,0.000000,0.000000
7.480000,0.009236,-0.000597,0.001218,0.581345,0.000000,0.000000
9.040000,0.012593,-0.008641,0.009894,0.569384,0.000000,0.000000
7.480000,0.007167,-0.001074,0.000195,0.572412,0.000000,0.000000
8.100000,0.017491,-0.003298,0.001657,0.570904,0.000000,0.000000
7.950000,0.014378,-0.004389,0.006092,0.569012,0.000000,0.000000
8.890000,0.131792,0.000281,0.000439,0.574886,0.000000,0.000000
8.260000,0.007324,-0.000537,0.000634,0.567233,0.000000,0.000000
9.360000,0.006297,-0.001014,0.002583,0.569373,0.000000,0.000000
6.710000,0.037591,0.001900,0.001413,0.566587,0.000000,0.000000
8.110000,0.013104,-0.001023,0.000780,0.566379,0.000000,0.000000
8.890000,0.023374,-0.001892,0.000877,0.569909,0.000000,0.000000
8.100000,0.002387,0.000562,0.001755,0.564927,0.000000,0.000000
9.350000,0.012252,0.001389,0.000634,0.569993,0.000000,0.000000
7.480000,0.017919,0.005983,0.005069,0.568842,0.000000,0.000000
7.630000,0.023240,-0.003094,0.000634,0.573606,0.000000,0.000000
7.950000,0.004278,0.001108,0.018472,0.572392,0.000000,0.000000
7.330000,0.013719,0.003596,0.003265,0.569295,0.000000,0.000000
8.880000,0.007792,0.001483,0.000975,0.569040,0.000000,0.000000
7.950000,0.020583,0.002301,0.002437,0.573456,0.000000,0.000000
7.330000,0.023720,0.004551,0.005654,0.570705,0.000000,0.000000
9.040000,0.014143,0.001091,0.000390,0.570515,0.000000,0.000000
7.020000,0.009994,-0.005173,0.008432,0.566699,0.000000,0.000000
8.730000,0.037016,0.001969,0.002827,0.568675,0.000000,0.000000
8.580000,0.013092,0.000895,0.001218,0.568927,0.000000,0.000000
7.630000,0.006263,0.000878,0.001852,0.564777,0.000000,0.000000
9.200000,0.003923,-0.001031,0.005897,0.564613,0.000000,0.000000
6.550000,0.003080,0.000000,0.000000,0.565130,0.000000,0.000000
8.580000,0.017019,0.005446,0.005946,0.566742,0.000000,0.000000
9.970000,0.016144,0.005906,0.005897,0.558736,0.000000,0.000000
6.860000,0.022300,-0.006954,0.003119,0.553634,0.000000,0.000000
9.670000,0.004046,-0.000989,0.000780,0.556778,0.000000,0.000000
7.800000,0.009319,0.000187,0.000195,0.556291,0.000000,0.000000
6.700000,0.019971,0.000673,0.000634,0.551550,0.000000,0.000000
9.190000,0.001058,0.000844,0.002193,0.547885,0.000000,0.000000
7.170000,0.002460,-0.001704,0.001560,0.558889,0.000000,0.000000
6.700000,0.017019,0.009127,0.007457,0.554826,0.000000,0.000000
8.260000,0.029695,0.002045,0.000439,0.555753,0.000000,0.000000
7.170000,0.012973,0.002684,0.004386,0.551642,0.000000,0.000000
8.410000,0.011773,0.002582,0.002096,0.556751,0.000000,0.000000
9.200000,0.009272,0.001585,0.000439,0.552932,0.000000,0.000000
8.420000,0.004341,0.001091,0.000634,0.547892,0.000000,0.000000
8.580000,0.013992,-0.001619,0.001218,0.548918,0.000000,0.000000
6.240000,0.002611,0.001636,0.001560,0.548427,0.000000,0.000000
8.260000,0.035647,0.020675,0.022712,0.550930,0.000000,0.000000
9.040000,0.009577,0.002301,0.001755,0.545279,0.000000,0.000000
7.330000,0.003731,0.002148,0.003948,0.551030,0.000000,0.000000
9.200000,0.014284,-0.000358,0.000195,0.553460,0.000000,0.000000
7.330000,0.002484,0.000094,0.002973,0.547969,0.000000,0.000000
6.860000,0.012030,-0.002250,0.000439,0.550825,0.000000,0.000000
7.170000,0.059788,0.001210,0.001657,0.546211,0.000000,0.000000
6.860000,0.012776,0.001832,0.002973,0.550738,0.000000,0.000000
9.510000,0.033954,0.000537,0.000439,0.549910,0.000000,0.000000
8.730000,0.010268,0.000511,0.000877,0.548922,0.000000,0.000000
6.390000,0.016794,-0.005071,0.002388,0.545576,0.000000,0.000000
9.510000,0.010960,0.002165,0.000975,0.548379,0.000000,0.000000
8.420000,0.030889,-0.002267,0.002388,0.550531,0.000000,0.000000
8.890000,0.022934,-0.001602,0.002583,0.548587,0.000000,0.000000
9.040000,0.003630,-0.003835,0.007457,0.545472,0.000000,0.000000
7.480000,0.011137,0.000000,0.000000,0.546629,0.000000,0.000000
7.960000,0.007176,-0.003886,0.006287,0.544318,0.000000,0.000000
9.370000,0.008203,-0.000767,0.003948,0.543109,0.000000,0.000000
7.790000,0.006017,-0.000477,0.000195,0.546936,0.000000,0.000000
9.350000,0.006881,0.004295,0.002827,0.542143,0.000000,0.000000
7.800000,0.012176,-0.003929,0.001657,0.547592,0.000000,0.000000
6.550000,0.021000,0.009562,0.005897,0.545116,0.000000,0.000000
6.860000,0.005051,0.001244,0.005313,0.542397,0.000000,0.000000
6.860000,0.028056,0.005556,0.003607,0.545668,0.000000,0.000000
8.890000,0.015444,-0.000426,0.001218,0.539993,0.000000,0.000000
8.410000,0.007530,-0.000989,0.000780,0.543438,0.000000,0.000000
7.330000,0.007126,0.000810,0.001998,0.544397,0.000000,0.000000
8.580000,0.007555,0.000307,0.000439,0.542314,0.000000,0.000000
7.170000,0.014524,-0.003409,0.008676,0.540247,0.000000,0.000000
8.410000,0.013384,-0.000844,0.003948,0.541262,0.000000,0.000000
8.420000,0.028279,-0.000477,0.000195,0.543090,0.000000,0.000000
7.480000,0.016887,-0.003153,0.002973,0.542667,0.000000,0.000000
7.950000,0.009415,-0.003221,0.001755,0.540142,0.000000,0.000000
7.170000,0.017220,-0.000077,0.001316,0.543530,0.000000,0.000000
7.480000,0.020161,-0.003136,0.001218,0.540644,0.000000,0.000000
8.890000,0.007196,-0.002855,0.008676,0.541048,0.000000,0.000000
7.630000,0.003172,0.000571,0.001852,0.540300,0.000000,0.000000
8.890000,0.017959,-0.002923,0.000634,0.544249,0.000000,0.000000
7.800000,0.017652,-0.002548,0.001218,0.543351,0.000000,0.000000
6.240000,0.014247,-0.000145,0.006336,0.542912,0.000000,0.000000
8.890000,0.006822,0.001023,0.000877,0.536863,0.000000,0.000000
7.480000,0.003979,-0.001312,0.001657,0.535018,0.000000,0.000000
6.860000,0.015594,-0.001227,0.000439,0.541098,0.000000,0.000000
8.570000,0.026692,0.004585,0.002973,0.543080,0.000000,0.000000
6.540000,0.009461,-0.002258,0.006336,0.534185,0.000000,0.000000
7.480000,0.007603,0.000170,0.000195,0.544510,0.000000,0.000000
9.360000,0.020452,-0.000426,0.001218,0.542423,0.000000,0.000000
7.480000,0.005753,0.000528,0.001998,0.538680,0.000000,0.000000
7.640000,0.016227,0.001764,0.000829,0.541030,0.000000,0.000000
7.480000,0.008751,-0.004815,0.006092,0.537087,0.000000,0.000000
6.240000,0.013146,0.003111,0.001413,0.538791,0.000000,0.000000
8.890000,0.009285,0.002199,0.004386,0.538526,0.000000,0.000000
8.110000,0.006498,0.000281,0.000439,0.536793,0.000000,0.000000
6.870000,0.007172,-0.005821,0.005166,0.535467,0.000000,0.000000
7.800000,0.002404,0.000494,0.000634,0.537412,0.000000,0.000000
6.550000,0.102155,0.001611,0.000439,0.533675,0.000000,0.000000
8.570000,0.006634,0.001338,0.001413,0.536749,0.000000,0.000000
8.260000,0.002642,-0.001329,0.007262,0.534938,0.000000,0.000000
8.260000,0.022669,-0.003119,0.000439,0.534042,0.000000,0.000000
8.730000,0.003895,-0.000835,0.002534,0.532766,0.000000,0.000000
7.010000,0.019114,-0.001346,0.000195,0.532442,0.000000,0.000000
7.320000,0.019164,-0.005548,0.005166,0.533144,0.000000,0.000000
8.110000,0.017008,0.000000,0.000000,0.537896,0.000000,0.000000
7.330000,0.006248,0.001159,0.000975,0.533896,0.000000,0.000000
9.510000,0.041875,-0.000597,0.004776,0.532845,0.000000,0.000000
7.800000,0.001976,0.000136,0.002534,0.533890,0.000000,0.000000
7.630000,0.010379,-0.002599,0.001413,0.531475,0.000000,0.000000
7.800000,0.006504,0.002454,0.001413,0.532302,0.000000,0.000000
8.420000,0.026412,-0.005011,0.008237,0.532579,0.000000,0.000000
8.730000,0.005881,0.000000,0.000000,0.538698,0.000000,0.000000
8.100000,0.010963,0.001900,0.001413,0.531981,0.000000,0.000000
6.860000,0.005321,0.004602,0.007018,0.535031,0.000000,0.000000
8.730000,0.082527,0.010712,0.005702,0.528654,0.000000,0.000000
7.170000,0.009289,-0.002386,0.001218,0.532897,0.000000,0.000000
7.800000,0.013182,0.002642,0.001218,0.530613,0.000000,0.000000
8.580000,0.023553,-0.003008,0.001998,0.537384,0.000000,0.000000
7.020000,0.052252,-0.003272,0.004825,0.528512,0.000000,0.000000
7.330000,0.039890,0.001704,0.000780,0.527177,0.000000,0.000000
7.330000,0.020714,0.000716,0.001218,0.534272,0.000000,0.000000
7.170000,0.007126,0.000213,0.001657,0.532624,0.000000,0.000000
9.360000,0.030164,0.000656,0.002388,0.532676,0.000000,0.000000
7.800000,0.010674,0.000477,0.003607,0.527621,0.000000,0.000000
8.730000,0.003557,0.000000,0.000000,0.527956,0.000000,0.000000
8.410000,0.092901,-0.000597,0.000390,0.530268,0.000000,0.000000
6.240000,0.006647,0.000656,0.002388,0.531942,0.000000,0.000000
8.110000,0.023034,-0.002863,0.000877,0.528246,0.000000,0.000000
8.270000,0.019950,0.005369,0.005166,0.531765,0.000000,0.000000
7.950000,0.021656,0.003119,0.001657,0.530254,0.000000,0.000000
8.410000,0.003472,0.001619,0.003022,0.531855,0.000000,0.000000
7.170000,0.016885,0.002054,0.001413,0.528264,0.000000,0.000000
6.860000,0.010723,-0.002028,0.000634,0.526250,0.000000,0.000000
8.730000,0.007027,0.000469,0.001218,0.529648,0.000000,0.000000
7.010000,0.014862,0.002139,0.003607,0.532015,0.000000,0.000000
9.510000,0.016245,0.001406,0.002876,0.525606,0.000000,0.000000
7.020000,0.009303,-0.001483,0.001755,0.529496,0.000000,0.000000
7.330000,0.005880,-0.002071,0.004386,0.531374,0.000000,0.000000
9.040000,0.017700,-0.002778,0.000975,0.519477,0.000000,0.000000
7.490000,0.004359,0.000102,0.001413,0.526413,0.000000,0.000000
7.800000,0.010677,-0.004116,0.003704,0.525841,0.000000,0.000000
8.100000,0.013301,-0.002983,0.002388,0.517473,0.000000,0.000000
7.020000,0.007720,-0.002966,0.001852,0.523150,0.000000,0.000000
7.330000,0.005989,-0.001483,0.002973,0.527586,0.000000,0.000000
7.640000,0.037369,-0.001534,0.000439,0.525718,0.000000,0.000000
7.480000,0.014254,0.001457,0.000439,0.525683,0.000000,0.000000
8.420000,0.003852,0.002616,0.008676,0.524259,0.000000,0.000000
7.330000,0.036673,0.004662,0.001218,0.527230,0.000000,0.000000
8.110000,0.016406,0.004005,0.001413,0.522276,0.000000,0.000000
8.110000,0.006333,0.003358,0.006628,0.524071,0.000000,0.000000
6.860000,0.011787,-0.001739,0.002632,0.522230,0.000000,0.000000
8.110000,0.018910,-0.002949,0.000634,0.524273,0.000000,0.000000
7.950000,0.015756,-0.004645,0.001413,0.523393,0.000000,0.000000
7.950000,0.003903,-0.000767,0.000877,0.516519,0.000000,0.000000
7.170000,0.014617,-0.000844,0.003948,0.523909,0.000000,0.000000
7.640000,0.012317,-0.003912,0.008334,0.521229,0.000000,0.000000
7.950000,0.011577,-0.002915,0.007652,0.526369,0.000000,0.000000
7.800000,0.020723,-0.000153,0.002632,0.521568,0.000000,0.000000
7.320000,0.024047,0.005292,0.011405,0.525736,0.000000,0.000000
7.480000,0.016631,0.000409,0.000390,0.517380,0.000000,0.000000
8.580000,0.005519,-0.002131,0.001413,0.521233,0.000000,0.000000
6.860000,0.030194,-0.005173,0.003607,0.525582,0.000000,0.000000
8.110000,0.008823,0.000648,0.000195,0.518861,0.000000,0.000000
6.700000,0.039974,0.008488,0.002193,0.515015,0.000000,0.000000
7.480000,0.012502,-0.000435,0.000877,0.517151,0.000000,0.000000
7.800000,0.005695,-0.002088,0.002437,0.526498,0.000000,0.000000
7.480000,0.011544,0.002915,0.004776,0.517105,0.000000,0.000000
7.480000,0.001058,-0.000460,0.000829,0.517059,0.000000,0.000000
7.640000,0.008683,0.003724,0.003265,0.521557,0.000000,0.000000
8.260000,0.010230,-0.003980,0.003265,0.519407,0.000000,0.000000
7.480000,0.001743,0.001517,0.001657,0.515940,0.000000,0.000000
6.860000,0.006232,-0.000954,0.004143,0.512916,0.000000,0.000000
7.170000,0.023772,-0.004841,0.002973,0.521922,0.000000,0.000000
7.640000,0.003758,0.002531,0.006336,0.515720,0.000000,0.000000
6.860000,0.012740,0.000588,0.001413,0.518137,0.000000,0.000000
8.260000,0.002941,0.002182,0.002437,0.519791,0.000000,0.000000
7.630000,0.030635,0.004534,0.003753,0.516854,0.000000,0.000000
8.260000,0.001983,-0.000562,0.001755,0.516485,0.000000,0.000000
7.800000,0.008354,-0.001031,0.004143,0.511397,0.000000,0.000000
6.860000,0.021461,0.004713,0.002388,0.510214,0.000000,0.000000
8.730000,0.012046,0.002420,0.000975,0.509566,0.000000,0.000000
7.480000,0.002663,-0.000494,0.000195,0.517343,0.000000,0.000000
8.580000,0.003557,0.000187,0.000195,0.512444,0.000000,0.000000
8.110000,0.002007,-0.001031,0.003168,0.505079,0.000000,0.000000
7.800000,0.003053,0.000511,0.001755,0.501263,0.000000,0.000000
7.790000,0.029454,0.002906,0.005605,0.506411,0.000000,0.000000
7.650000,0.012830,-0.005198,0.002583,0.501376,0.000000,0.000000
7.800000,0.014918,0.003042,0.000634,0.505841,0.000000,0.000000
7.650000,0.004169,0.000128,0.002632,0.506457,0.000000,0.000000
7.170000,0.002484,-0.000639,0.000634,0.503279,0.000000,0.000000
7.330000,0.007083,0.001585,0.000439,0.501979,0.000000,0.000000
7.180000,0.019023,-0.002684,0.000439,0.499691,0.000000,0.000000
7.330000,0.002530,-0.001577,0.001218,0.502481,0.000000,0.000000
7.480000,0.010772,0.001236,0.001218,0.504982,0.000000,0.000000
8.110000,0.017656,-0.002889,0.002876,0.502190,0.000000,0.000000
7.640000,0.013365,-0.001508,0.000877,0.506101,0.000000,0.000000
9.060000,0.003390,0.002633,0.008432,0.499651,0.000000,0.000000
8.100000,0.009695,-0.003298,0.001657,0.497400,0.000000,0.000000
8.570000,0.006947,-0.002531,0.001413,0.500311,0.000000,0.000000
7.950000,0.012644,-0.000511,0.000195,0.504126,0.000000,0.000000
8.260000,0.023307,-0.002744,0.002388,0.495837,0.000000,0.000000
7.630000,0.029507,-0.013218,0.011844,0.502070,0.000000,0.000000
7.170000,0.005385,-0.000673,0.015743,0.501519,0.000000,0.000000
8.260000,0.003923,0.000000,0.000000,0.496412,0.000000,0.000000
7.490000,0.006881,0.002684,0.001218,0.496770,0.000000,0.000000
7.480000,0.023045,0.000051,0.000439,0.496545,0.000000,0.000000
7.790000,0.014909,-0.001457,0.000877,0.499867,0.000000,0.000000
7.320000,0.004327,-0.000119,0.004143,0.499596,0.000000,0.000000
7.800000,0.025670,-0.007286,0.003265,0.495450,0.000000,0.000000
7.490000,0.026454,0.003750,0.004338,0.495308,0.000000,0.000000
7.330000,0.005063,0.000818,0.000390,0.495754,0.000000,0.000000
8.270000,0.005274,0.000741,0.000439,0.493924,0.000000,0.000000
7.790000,0.036164,0.000000,0.000000,0.496608,0.000000,0.000000
7.640000,0.020519,0.004022,0.003607,0.489976,0.000000,0.000000
8.120000,0.008354,-0.000281,0.000439,0.495220,0.000000,0.000000
8.880000,0.005130,-0.000128,0.000439,0.490903,0.000000,0.000000
7.800000,0.010994,0.002787,0.005166,0.496046,0.000000,0.000000
7.330000,0.000671,-0.000469,0.001218,0.494796,0.000000,0.000000
7.330000,0.026903,-0.001108,0.000390,0.493893,0.000000,0.000000
7.650000,0.002830,0.000111,0.003997,0.496525,0.000000,0.000000
7.630000,0.003979,0.000366,0.000634,0.496695,0.000000,0.000000
7.020000,0.015967,0.003366,0.001218,0.491333,0.000000,0.000000
8.260000,0.028609,0.002684,0.001218,0.493396,0.000000,0.000000
7.800000,0.015397,0.001432,0.000195,0.487712,0.000000,0.000000
7.480000,0.023161,0.000187,0.000195,0.495272,0.000000,0.000000
8.420000,0.002484,0.001082,0.001413,0.493848,0.000000,0.000000
8.260000,0.000946,0.000179,0.002388,0.485270,0.000000,0.000000
7.640000,0.003935,-0.001074,0.001950,0.493331,0.000000,0.000000
7.790000,0.002484,-0.001952,0.014280,0.492584,0.000000,0.000000
7.630000,0.004335,0.000341,0.000780,0.488788,0.000000,0.000000
7.640000,0.001113,-0.000187,0.003607,0.493290,0.000000,0.000000
6.870000,0.159697,0.010031,0.001657,0.486100,0.000000,0.000000
7.170000,0.007167,0.001969,0.001998,0.493266,0.000000,0.000000
7.950000,0.011237,0.004133,0.001657,0.490473,0.000000,0.000000
5.920000,0.000639,0.000511,0.001755,0.491361,0.000000,0.000000
8.880000,0.018282,-0.000972,0.001218,0.486975,0.000000,0.000000
8.420000,0.005893,0.000895,0.001218,0.487521,0.000000,0.000000
7.010000,0.006136,0.000273,0.001560,0.489439,0.000000,0.000000
7.650000,0.008942,-0.002983,0.002388,0.489780,0.000000,0.000000
7.020000,0.010838,0.002940,0.001852,0.489107,0.000000,0.000000
7.330000,0.006989,0.000187,0.000195,0.488049,0.000000,0.000000
7.480000,0.011508,-0.000187,0.000195,0.485276,0.000000,0.000000
7.800000,0.007378,0.002361,0.003168,0.490560,0.000000,0.000000
8.260000,0.004996,-0.002045,0.001218,0.482922,0.000000,0.000000
7.650000,0.007649,0.001227,0.006531,0.486030,0.000000,0.000000
6.860000,0.017585,-0.000937,0.005897,0.486543,0.000000,0.000000
8.730000,0.018744,-0.002480,0.002193,0.478555,0.000000,0.000000
8.430000,0.003852,-0.000477,0.000195,0.487059,0.000000,0.000000
7.330000,0.013050,0.007082,0.007116,0.480992,0.000000,0.000000
7.490000,0.032936,0.006187,0.006336,0.481074,0.000000,0.000000
8.100000,0.009055,0.001346,0.000634,0.482013,0.000000,0.000000
7.800000,0.009759,0.002327,0.000877,0.479503,0.000000,0.000000
8.260000,0.027715,-0.001756,0.000195,0.483341,0.000000,0.000000
7.170000,0.016861,0.002020,0.000439,0.483443,0.000000,0.000000
8.730000,0.002611,-0.000801,0.014280,0.478529,0.000000,0.000000
6.700000,0.049324,-0.008531,0.003607,0.483327,0.000000,0.000000
8.580000,0.019212,0.003324,0.000634,0.480622,0.000000,0.000000
8.420000,0.008944,-0.002292,0.005166,0.480798,0.000000,0.000000
7.020000,0.027679,0.000895,0.001218,0.479490,0.000000,0.000000
7.640000,0.018318,0.004295,0.001755,0.475911,0.000000,0.000000
7.650000,0.049320,0.002991,0.000634,0.481972,0.000000,0.000000
6.550000,0.013581,0.001023,0.000975,0.480340,0.000000,0.000000
7.800000,0.020878,0.001611,0.000439,0.477905,0.000000,0.000000
5.920000,0.011310,-0.010090,0.010771,0.482549,0.000000,0.000000
8.260000,0.026630,0.002454,0.000877,0.482018,0.000000,0.000000
6.710000,0.006002,-0.003545,0.011844,0.482458,0.000000,0.000000
7.170000,0.003548,-0.001253,0.002193,0.479321,0.000000,0.000000
7.640000,0.013964,0.003426,0.001316,0.480883,0.000000,0.000000
6.870000,0.017349,0.003741,0.004581,0.476648,0.000000,0.000000
7.170000,0.030892,0.000000,0.000000,0.478712,0.000000,0.000000
7.330000,0.002608,0.001372,0.002583,0.480066,0.000000,0.000000
7.330000,0.007370,0.000537,0.000439,0.472198,0.000000,0.000000
6.390000,0.018314,0.000000,0.000000,0.478157,0.000000,0.000000
8.110000,0.023434,0.007286,0.007896,0.474394,0.000000,0.000000
7.020000,0.004753,0.000895,0.001218,0.479823,0.000000,0.000000
7.800000,0.003681,-0.000656,0.002388,0.477687,0.000000,0.000000
7.950000,0.002484,0.001287,0.003558,0.477218,0.000000,0.000000
7.170000,0.004311,-0.002855,0.004484,0.475923,0.000000,0.000000
7.330000,0.029670,0.000111,0.001657,0.475802,0.000000,0.000000
6.080000,0.012293,0.002173,0.002583,0.475340,0.000000,0.000000
9.040000,0.054197,-0.006886,0.003119,0.475146,0.000000,0.000000
7.330000,0.009862,0.002855,0.001218,0.470649,0.000000,0.000000
7.010000,0.001433,-0.000511,0.012185,0.473685,0.000000,0.000000
8.730000,0.012818,0.002863,0.000780,0.473267,0.000000,0.000000
7.630000,0.014880,0.003324,0.001950,0.477503,0.000000,0.000000
7.800000,0.003460,0.000741,0.000439,0.471235,0.000000,0.000000
9.040000,0.011179,0.003946,0.003558,0.469235,0.000000,0.000000
7.640000,0.007370,0.002719,0.005897,0.470103,0.000000,0.000000
8.260000,0.011997,-0.006630,0.007213,0.471234,0.000000,0.000000
7.950000,0.002758,-0.000494,0.006336,0.472850,0.000000,0.000000
6.710000,0.054136,0.004287,0.001072,0.468990,0.000000,0.000000
8.100000,0.015101,-0.000844,0.003948,0.470449,0.000000,0.000000
9.040000,0.017968,-0.002787,0.002096,0.469597,0.000000,0.000000
7.950000,0.025482,-0.004295,0.002193,0.470852,0.000000,0.000000
7.950000,0.011881,-0.000256,0.000439,0.470448,0.000000,0.000000
7.480000,0.011078,-0.005045,0.002827,0.471835,0.000000,0.000000
9.350000,0.004201,0.000187,0.000195,0.469396,0.000000,0.000000
8.580000,0.004335,-0.006417,0.011405,0.468264,0.000000,0.000000
7.480000,0.021093,-0.005497,0.002583,0.468352,0.000000,0.000000
9.040000,0.020841,0.009468,0.005897,0.468195,0.000000,0.000000
7.640000,0.006892,0.000827,0.001998,0.465132,0.000000,0.000000
6.390000,0.019507,0.008735,0.004338,0.467639,0.000000,0.000000
8.100000,0.007157,0.000562,0.003314,0.467703,0.000000,0.000000
5.920000,0.008358,0.000222,0.000390,0.470149,0.000000,0.000000
8.890000,0.002135,-0.001244,0.002388,0.468689,0.000000,0.000000
8.580000,0.024183,-0.003477,0.001755,0.465600,0.000000,0.000000
7.020000,0.030591,0.009562,0.005897,0.467284,0.000000,0.000000
7.480000,0.011429,-0.004781,0.009991,0.466370,0.000000,0.000000
8.260000,0.005321,0.003170,0.002096,0.466769,0.000000,0.000000
7.490000,0.031272,-0.004321,0.002973,0.463587,0.000000,0.000000
6.390000,0.014719,0.004832,0.003948,0.465802,0.000000,0.000000
7.480000,0.010809,0.003298,0.001218,0.461862,0.000000,0.000000
7.020000,0.011577,0.003835,0.004581,0.468193,0.000000,0.000000
8.110000,0.002046,-0.001142,0.000975,0.454885,0.000000,0.000000
7.020000,0.009601,-0.005565,0.004776,0.464568,0.000000,0.000000
7.800000,0.005789,0.000699,0.002827,0.464271,0.000000,0.000000
8.410000,0.005804,0.000486,0.000829,0.461586,0.000000,0.000000
6.540000,0.003923,-0.000852,0.001218,0.461808,0.000000,0.000000
8.890000,0.018670,-0.001057,0.000195,0.465136,0.000000,0.000000
6.700000,0.005385,-0.000315,0.002827,0.458739,0.000000,0.000000
7.180000,0.009780,-0.000358,0.000195,0.460306,0.000000,0.000000
6.540000,0.003049,-0.000281,0.001316,0.458941,0.000000,0.000000
6.240000,0.005361,-0.000511,0.000195,0.460513,0.000000,0.000000
7.320000,0.013939,0.001807,0.000390,0.461741,0.000000,0.000000
6.080000,0.026879,-0.004414,0.003168,0.458365,0.000000,0.000000
6.550000,0.006117,0.001636,0.000780,0.457511,0.000000,0.000000
7.170000,0.009458,-0.003758,0.003948,0.456990,0.000000,0.000000
6.700000,0.007901,-0.002727,0.001657,0.458391,0.000000,0.000000
6.240000,0.002973,-0.002676,0.003607,0.460183,0.000000,0.000000
7.330000,0.020418,-0.000469,0.002583,0.456794,0.000000,0.000000
7.950000,0.006659,0.000077,0.001657,0.457662,0.000000,0.000000
8.260000,0.022675,-0.005974,0.002437,0.454491,0.000000,0.000000
8.110000,0.026815,0.000187,0.001657,0.454386,0.000000,0.000000
6.080000,0.020562,0.001670,0.001072,0.460852,0.000000,0.000000
8.420000,0.007157,0.000656,0.001218,0.454584,0.000000,0.000000
6.700000,0.014548,-0.004704,0.003119,0.464909,0.000000,0.000000
9.040000,0.013584,-0.000895,0.000439,0.458141,0.000000,0.000000
9.360000,0.011973,0.009229,0.007457,0.459790,0.000000,0.000000
7.170000,0.011899,-0.002131,0.001218,0.454974,0.000000,0.000000
8.110000,0.020847,-0.003767,0.002534,0.455503,0.000000,0.000000
7.330000,0.012738,0.002880,0.006336,0.454076,0.000000,0.000000
9.040000,0.026581,-0.001074,0.000195,0.458417,0.000000,0.000000
8.890000,0.017551,0.001057,0.000975,0.457005,0.000000,0.000000
8.250000,0.005633,-0.000920,0.000439,0.449719,0.000000,0.000000
8.580000,0.019293,-0.000443,0.000829,0.451447,0.000000,0.000000
7.330000,0.004563,-0.000349,0.001657,0.452431,0.000000,0.000000
6.550000,0.014655,0.008667,0.005215,0.453893,0.000000,0.000000
8.120000,0.031134,0.006903,0.002583,0.453867,0.000000,0.000000
7.490000,0.010116,0.000954,0.002437,0.455804,0.000000,0.000000
7.020000,0.002356,-0.002710,0.021932,0.450754,0.000000,0.000000
7.800000,0.011797,-0.000469,0.007116,0.450064,0.000000,0.000000
6.400000,0.035883,-0.000256,0.000439,0.452195,0.000000,0.000000
9.510000,0.005881,-0.005369,0.012185,0.451163,0.000000,0.000000
9.040000,0.001116,-0.001159,0.008870,0.449082,0.000000,0.000000
5.610000,0.024140,0.000460,0.000877,0.450711,0.000000,0.000000
8.420000,0.007865,0.004951,0.013696,0.450700,0.000000,0.000000
5.920000,0.019173,0.000656,0.001218,0.446589,0.000000,0.000000
6.390000,0.008376,0.003758,0.002388,0.447609,0.000000,0.000000
8.580000,0.003025,0.002582,0.005166,0.450658,0.000000,0.000000
5.920000,0.008318,0.000145,0.002583,0.450067,0.000000,0.000000
8.260000,0.031297,-0.003656,0.002632,0.450873,0.000000,0.000000
8.880000,0.018126,0.006392,0.002632,0.448675,0.000000,0.000000
6.240000,0.011703,0.000733,0.000195,0.454878,0.000000,0.000000
7.800000,0.002864,-0.000810,0.003022,0.444750,0.000000,0.000000
7.170000,0.010112,-0.000281,0.000439,0.446188,0.000000,0.000000
5.140000,0.010534,0.003912,0.004143,0.450212,0.000000,0.000000
7.640000,0.012793,-0.009792,0.008676,0.443285,0.000000,0.000000
6.860000,0.008799,0.000111,0.001657,0.443111,0.000000,0.000000
5.300000,0.020079,0.000068,0.001657,0.449862,0.000000,0.000000
7.640000,0.016777,0.002684,0.001218,0.449748,0.000000,0.000000
4.990000,0.028883,0.002582,0.004386,0.447246,0.000000,0.000000
7.480000,0.000671,-0.000375,0.000780,0.443852,0.000000,0.000000
7.800000,0.011447,0.003145,0.001218,0.442046,0.000000,0.000000
5.770000,0.012609,-0.000281,0.000439,0.444777,0.000000,0.000000
7.800000,0.017703,0.003630,0.001218,0.450615,0.000000,0.000000
6.240000,0.012593,-0.003153,0.002437,0.449897,0.000000,0.000000
8.110000,0.022785,-0.000375,0.000780,0.440834,0.000000,0.000000
8.570000,0.006685,-0.000307,0.004386,0.442726,0.000000,0.000000
7.020000,0.026290,0.004116,0.002388,0.444006,0.000000,0.000000
7.170000,0.034067,0.013848,0.006336,0.449529,0.000000,0.000000
6.700000,0.019804,-0.007235,0.004386,0.441939,0.000000,0.000000
5.460000,0.020452,0.000793,0.001657,0.438188,0.000000,0.000000
7.640000,0.014807,-0.003937,0.002583,0.438528,0.000000,0.000000
8.260000,0.036095,-0.000597,0.002388,0.439055,0.000000,0.000000
5.140000,0.016059,-0.001074,0.000195,0.437947,0.000000,0.000000
7.800000,0.023378,0.004261,0.001218,0.436595,0.000000,0.000000
5.770000,0.017688,-0.000665,0.000390,0.444930,0.000000,0.000000
8.260000,0.013790,-0.003622,0.001218,0.441162,0.000000,0.000000
8.420000,0.002864,-0.000827,0.001413,0.444090,0.000000,0.000000
6.860000,0.017610,0.004295,0.001755,0.436468,0.000000,0.000000
8.260000,0.013177,0.000375,0.000780,0.437791,0.000000,0.000000
6.860000,0.004821,0.001006,0.001413,0.437591,0.000000,0.000000
6.390000,0.001535,-0.000307,0.000439,0.441823,0.000000,0.000000
9.040000,0.017230,0.000469,0.000634,0.437396,0.000000,0.000000
7.180000,0.005661,0.000153,0.009017,0.442222,0.000000,0.000000
8.730000,0.014509,0.000000,0.000000,0.440575,0.000000,0.000000
7.170000,0.006124,-0.000383,0.002437,0.436231,0.000000,0.000000
9.510000,0.007090,-0.000281,0.000439,0.432675,0.000000,0.000000
8.420000,0.032254,-0.000136,0.000195,0.435520,0.000000,0.000000
7.950000,0.011481,-0.000358,0.000195,0.434681,0.000000,0.000000
7.650000,0.002663,0.001278,0.000877,0.440425,0.000000,0.000000
8.110000,0.028643,0.003264,0.004581,0.435881,0.000000,0.000000
6.240000,0.031358,-0.000937,0.005897,0.432835,0.000000,0.000000
6.860000,0.030944,0.000741,0.000877,0.439822,0.000000,0.000000
8.580000,0.012843,-0.000281,0.000439,0.432998,0.000000,0.000000
6.550000,0.031583,0.012144,0.004825,0.433730,0.000000,0.000000
6.550000,0.005703,-0.000997,0.000877,0.436206,0.000000,0.000000
5.760000,0.007634,0.001287,0.003558,0.431304,0.000000,0.000000
5.610000,0.005119,0.000000,0.000000,0.433318,0.000000,0.000000
9.510000,0.004278,-0.000426,0.001218,0.434224,0.000000,0.000000
6.080000,0.004932,-0.005480,0.008870,0.429650,0.000000,0.000000
9.040000,0.012870,0.002471,0.002437,0.434592,0.000000,0.000000
5.770000,0.027964,0.005020,0.003168,0.431776,0.000000,0.000000
6.860000,0.054435,0.000895,0.001218,0.431222,0.000000,0.000000
8.890000,0.003172,0.000332,0.001316,0.433517,0.000000,0.000000
5.770000,0.008230,0.001355,0.003168,0.431392,0.000000,0.000000
7.480000,0.007370,0.000102,0.002096,0.432325,0.000000,0.000000
8.410000,0.011793,0.001364,0.002827,0.427931,0.000000,0.000000
6.390000,0.024126,-0.003409,0.008676,0.432428,0.000000,0.000000
6.700000,0.005583,-0.000571,0.001218,0.433237,0.000000,0.000000
6.080000,0.005737,0.002173,0.001218,0.431554,0.000000,0.000000
8.580000,0.003472,0.001253,0.000877,0.428286,0.000000,0.000000
7.950000,0.010924,0.001721,0.003314,0.430502,0.000000,0.000000
6.080000,0.022605,0.006068,0.001657,0.429637,0.000000,0.000000
6.080000,0.023255,0.002122,0.000877,0.426080,0.000000,0.000000
7.950000,0.007196,-0.001935,0.008676,0.427888,0.000000,0.000000
4.990000,0.020769,-0.004432,0.002096,0.429649,0.000000,0.000000
7.630000,0.003867,0.001006,0.000975,0.424999,0.000000,0.000000
7.170000,0.012212,0.003494,0.002437,0.431276,0.000000,0.000000
4.830000,0.011699,0.000597,0.003753,0.426625,0.000000,0.000000
8.100000,0.001590,0.001662,0.007457,0.421350,0.000000,0.000000
6.550000,0.016956,-0.000793,0.000634,0.426699,0.000000,0.000000
8.580000,0.004046,0.002361,0.002583,0.423270,0.000000,0.000000
8.890000,0.016029,-0.004363,0.002583,0.431391,0.000000,0.000000
7.630000,0.015397,0.010653,0.009748,0.423344,0.000000,0.000000
9.040000,0.012341,-0.006161,0.004386,0.432872,0.000000,0.000000
6.400000,0.016887,-0.006383,0.004045,0.425856,0.000000,0.000000
6.240000,0.031424,0.001432,0.000195,0.427082,0.000000,0.000000
8.580000,0.004400,0.003272,0.003119,0.427982,0.000000,0.000000
6.550000,0.002775,-0.000460,0.000439,0.426496,0.000000,0.000000
8.420000,0.000544,-0.000341,0.004581,0.423133,0.000000,0.000000
8.880000,0.001147,0.001645,0.003022,0.425025,0.000000,0.000000
5.460000,0.014453,0.007397,0.006190,0.422706,0.000000,0.000000
8.570000,0.021404,0.001756,0.003607,0.425259,0.000000,0.000000
9.510000,0.023232,0.000375,0.000780,0.421830,0.000000,0.000000
8.580000,0.036344,-0.000435,0.004338,0.418284,0.000000,0.000000
7.800000,0.013158,-0.004747,0.005313,0.422182,0.000000,0.000000
7.330000,0.015983,0.009229,0.007457,0.416613,0.000000,0.000000
7.800000,0.003847,-0.001696,0.003558,0.420804,0.000000,0.000000
8.260000,0.009480,0.003571,0.002096,0.422946,0.000000,0.000000
6.700000,0.000782,-0.000187,0.000195,0.415602,0.000000,0.000000
6.860000,0.003269,0.001730,0.006336,0.417313,0.000000,0.000000
5.920000,0.012232,-0.000580,0.001218,0.418748,0.000000,0.000000
5.770000,0.013363,0.000000,0.000000,0.417571,0.000000,0.000000
8.110000,0.013913,-0.000656,0.002827,0.412036,0.000000,0.000000
6.240000,0.019519,0.000886,0.000195,0.420816,0.000000,0.000000
7.950000,0.013070,-0.005429,0.002583,0.423354,0.000000,0.000000
7.630000,0.011829,-0.001909,0.003265,0.415656,0.000000,0.000000
5.920000,0.004844,0.000469,0.001218,0.408143,0.000000,0.000000
6.540000,0.011680,0.001491,0.015304,0.418498,0.000000,0.000000
9.190000,0.063333,-0.001014,0.002583,0.418312,0.000000,0.000000
6.860000,0.094010,0.012996,0.003607,0.419792,0.000000,0.000000
6.080000,0.008751,-0.002889,0.002193,0.421154,0.000000,0.000000
7.020000,0.012228,0.004099,0.002437,0.421561,0.000000,0.000000
6.860000,0.008622,-0.001014,0.004338,0.417809,0.000000,0.000000
8.580000,0.002016,0.000187,0.000195,0.413364,0.000000,0.000000
8.270000,0.014108,0.000401,0.001413,0.419361,0.000000,0.000000
7.170000,0.017992,0.001790,0.000195,0.420897,0.000000,0.000000
7.480000,0.030012,0.000375,0.000780,0.417742,0.000000,0.000000
6.860000,0.008658,0.001270,0.000634,0.412006,0.000000,0.000000
7.950000,0.012274,-0.000060,0.002827,0.412896,0.000000,0.000000
7.950000,0.009218,-0.001628,0.003558,0.418866,0.000000,0.000000
7.640000,0.005139,-0.001909,0.005069,0.412023,0.000000,0.000000
7.800000,0.008264,0.003886,0.004386,0.414032,0.000000,0.000000
5.610000,0.403038,0.006554,0.000634,0.416193,0.000000,0.000000
7.790000,0.006685,-0.000869,0.011405,0.411562,0.000000,0.000000
6.550000,0.052634,0.005769,0.009991,0.413729,0.000000,0.000000
8.260000,0.009616,-0.004193,0.001998,0.413689,0.000000,0.000000
8.260000,0.017996,0.000375,0.000780,0.411223,0.000000,0.000000
6.860000,0.007167,0.002148,0.000877,0.409206,0.000000,0.000000
6.240000,0.006571,0.002011,0.008676,0.415057,0.000000,0.000000
6.230000,0.013022,0.000520,0.000634,0.412853,0.000000,0.000000
6.860000,0.005157,0.002318,0.003460,0.412205,0.000000,0.000000
8.110000,0.007083,0.007764,0.009455,0.412512,0.000000,0.000000
7.330000,0.003114,0.000852,0.004874,0.408911,0.000000,0.000000
6.700000,0.006409,0.000537,0.000439,0.410280,0.000000,0.000000
7.790000,0.014503,-0.002608,0.000877,0.413788,0.000000,0.000000
6.390000,0.002523,0.001253,0.000877,0.409609,0.000000,0.000000
7.630000,0.004224,-0.001670,0.001657,0.407720,0.000000,0.000000
7.800000,0.019714,-0.002173,0.000439,0.410035,0.000000,0.000000
6.240000,0.014535,0.001432,0.000195,0.407745,0.000000,0.000000
7.800000,0.021072,-0.001900,0.001218,0.406416,0.000000,0.000000
7.170000,0.012210,0.001474,0.001657,0.407255,0.000000,0.000000
6.080000,0.020723,0.000000,0.000000,0.409743,0.000000,0.000000
9.360000,0.005242,-0.001670,0.005069,0.409097,0.000000,0.000000
7.180000,0.007680,0.001006,0.000975,0.408990,0.000000,0.000000
8.260000,0.032035,-0.005931,0.001316,0.410457,0.000000,0.000000
5.920000,0.005928,0.002148,0.003948,0.404557,0.000000,0.000000
6.860000,0.006013,0.002361,0.002583,0.405179,0.000000,0.000000
7.480000,0.037196,-0.000077,0.000877,0.402815,0.000000,0.000000
7.790000,0.011007,0.002684,0.001218,0.409624,0.000000,0.000000
7.950000,0.005417,-0.000119,0.002096,0.406047,0.000000,0.000000
8.110000,0.006685,-0.000469,0.001218,0.405996,0.000000,0.000000
6.700000,0.011332,-0.003170,0.001755,0.405804,0.000000,0.000000
7.800000,0.007585,0.000375,0.000780,0.402232,0.000000,0.000000
7.650000,0.008622,0.001329,0.000877,0.405894,0.000000,0.000000
8.420000,0.012878,0.004167,0.004825,0.402771,0.000000,0.000000
6.550000,0.011620,-0.002932,0.013111,0.401391,0.000000,0.000000
7.330000,0.028636,-0.001560,0.001657,0.404267,0.000000,0.000000
6.550000,0.007157,0.000562,0.003314,0.404128,0.000000,0.000000
7.640000,0.009017,-0.000656,0.002388,0.400218,0.000000,0.000000
5.920000,0.018422,0.006417,0.005410,0.402461,0.000000,0.000000
7.480000,0.007281,-0.000494,0.000195,0.399403,0.000000,0.000000
6.710000,0.027129,-0.000827,0.001072,0.401206,0.000000,0.000000
7.170000,0.037174,0.000537,0.000439,0.400391,0.000000,0.000000
7.320000,0.007352,-0.001756,0.005069,0.396684,0.000000,0.000000
5.920000,0.006297,0.000051,0.005166,0.400739,0.000000,0.000000
7.480000,0.089392,-0.000801,0.001998,0.400697,0.000000,0.000000
7.800000,0.005820,-0.000187,0.000195,0.400314,0.000000,0.000000
6.390000,0.025359,0.000631,0.000195,0.385403,0.000000,0.000000
7.020000,0.026163,-0.002088,0.000634,0.398455,0.000000,0.000000
7.170000,0.013122,0.001764,0.000439,0.400691,0.000000,0.000000
6.550000,0.006191,-0.000153,0.001316,0.398050,0.000000,0.000000
6.230000,0.009991,0.007090,0.008237,0.396825,0.000000,0.000000
7.640000,0.020720,0.011479,0.006775,0.399836,0.000000,0.000000
6.550000,0.020179,0.002156,0.013354,0.397824,0.000000,0.000000
6.240000,0.017531,0.002608,0.000634,0.394542,0.000000,0.000000
7.800000,0.007269,-0.003145,0.002632,0.394063,0.000000,0.000000
7.960000,0.007750,-0.000256,0.000634,0.394412,0.000000,0.000000
7.480000,0.011198,0.002079,0.001657,0.401611,0.000000,0.000000
6.860000,0.007920,-0.000486,0.000439,0.398358,0.000000,0.000000
7.330000,0.007412,-0.000341,0.001072,0.394642,0.000000,0.000000
5.770000,0.004169,-0.001065,0.006092,0.395188,0.000000,0.000000
7.630000,0.034907,0.003861,0.004386,0.393956,0.000000,0.000000
7.950000,0.016280,-0.002352,0.000780,0.393513,0.000000,0.000000
6.700000,0.015637,0.001355,0.002193,0.398233,0.000000,0.000000
6.870000,0.020048,-0.000256,0.000439,0.394362,0.000000,0.000000
6.870000,0.013259,-0.003622,0.001218,0.394936,0.000000,0.000000
7.330000,0.015453,-0.002148,0.000439,0.396885,0.000000,0.000000
6.700000,0.026605,-0.002148,0.000439,0.391493,0.000000,0.000000
6.700000,0.326075,-0.006519,0.003948,0.395958,0.000000,0.000000
6.700000,0.011064,0.004389,0.002096,0.386838,0.000000,0.000000
7.330000,0.009288,0.000801,0.000195,0.385889,0.000000,0.000000
7.330000,0.015350,0.003835,0.001218,0.390709,0.000000,0.000000
7.630000,0.005119,0.000520,0.000634,0.388291,0.000000,0.000000
6.860000,0.025210,0.003230,0.000634,0.387749,0.000000,0.000000
7.010000,0.012703,0.000196,0.002583,0.388609,0.000000,0.000000
6.400000,0.049664,0.008360,0.002193,0.391538,0.000000,0.000000
7.020000,0.019293,-0.004176,0.003607,0.395510,0.000000,0.000000
7.330000,0.019386,-0.000852,0.000390,0.380599,0.000000,0.000000
5.920000,0.028142,0.012442,0.010625,0.194227,0.000000,0.000000
6.700000,0.010449,-0.000281,0.000439,0.224329,0.644090,3.048611
13.400000,0.025609,0.000844,0.000877,0.591711,3.135027,19.015438
25.370001,0.025173,0.000750,0.003119,1.163536,7.782849,57.473995
18.070000,0.006302,0.000409,0.013988,1.389034,11.576764,133.206757
15.730000,0.012228,0.001176,0.007652,0.660164,7.688709,141.782349
9.980000,0.003454,-0.008386,0.040404,0.844793,7.924866,89.089630
15.250000,0.023213,-0.000009,0.008529,1.307409,5.967138,56.826988
9.810000,0.018293,-0.003477,0.184623,0.903812,5.698856,148.767838
19.160000,0.011513,0.084088,1.107053,1.014921,5.950580,78.222099
14.480000,0.037663,-0.040173,0.368563,0.943787,4.588598,69.668442
9.820000,0.008987,-0.003417,0.145290,0.412199,1.192439,29.926832
11.520000,0.008054,-0.006690,0.317290,1.341551,1.039366,5.351519
5.460000,0.065620,-0.029930,0.017838,0.433863,0.272209,16.504169
9.990000,0.022545,0.015024,0.049470,0.902002,-0.130074,1.601069
13.560000,0.001942,-0.002267,0.016864,0.329309,-0.399288,2.368705
13.240000,0.020631,0.005855,0.031680,1.148371,6.025889,71.554626
38.060001,0.012127,-0.001525,0.010089,2.237683,10.608154,77.311897
18.070000,0.015147,-0.006818,0.018131,1.454462,10.197201,231.508026
18.520000,0.013883,0.033134,0.174241,1.337716,16.804716,225.092773
32.669998,0.003305,0.010576,0.108493,1.727130,16.472256,236.486694
30.469999,0.002177,0.007338,0.143779,1.572595,17.639292,297.985291
21.959999,0.014880,-0.026163,0.146168,0.703626,3.436446,338.998993
34.509998,0.018960,0.030611,0.309101,2.453873,17.120470,141.102448
7.010000,0.015800,-0.009383,0.110637,1.209818,8.250974,240.971878
40.730000,0.020251,-0.074398,0.292530,1.914974,-10.530611,135.312271
30.980000,0.003563,-0.026325,1.356937,2.839062,3.931414,67.650658
16.049999,0.032064,-0.027032,0.372852,1.182419,-6.238372,83.562645
10.760000,0.009440,0.010192,0.162349,0.651724,-0.170446,0.636041
6.240000,0.007495,0.002838,0.015645,0.598899,0.458325,10.560477
7.020000,0.026534,0.000614,0.001316,0.384747,-0.100675,2.291942
6.240000,0.017978,0.004670,0.001608,0.214311,-1.866172,33.666321
31.840000,0.055799,-0.025515,0.015938,2.480365,3.693867,8.838779
6.700000,0.024922,-0.007806,0.019788,0.310226,3.345196,224.401886
43.310001,0.014833,-0.007644,0.016425,2.453707,9.990732,74.515518
28.270000,0.018366,-0.052488,0.344437,2.885906,22.157059,307.262695
55.840000,0.024760,-0.008403,0.010625,2.897435,-11.235729,457.116211
41.070000,0.001989,-0.003119,0.013013,5.177227,19.297344,228.371674
13.870000,0.028186,-0.011547,0.048008,0.359876,-9.744448,421.684326
40.389999,0.007369,-0.004193,0.004192,2.340898,8.117582,62.748749
18.520000,0.011268,-0.003392,0.004045,2.409539,5.929845,148.197601
38.680000,0.121732,0.036517,0.070671,2.374103,-9.957558,72.903473
38.520000,0.032482,0.006843,0.212404,3.593582,-2.630632,64.152428
12.780000,0.044921,-0.095780,1.056511,1.383554,-5.831524,114.882195
49.860001,0.006798,-0.006894,0.358961,2.748018,0.211166,24.805607
11.530000,0.021507,0.008224,0.084659,0.791582,8.181491,148.208557
13.560000,0.013374,-0.003111,0.010966,0.740413,4.329970,47.352169
24.400000,0.008492,0.001500,0.094066,4.198812,11.043167,44.731239
8.880000,0.157832,-0.194151,0.567076,0.684696,1.794037,182.752182
55.759998,0.003281,0.004968,0.214158,3.190462,5.564051,54.995628
9.500000,0.012399,0.024288,0.175947,0.850440,6.935328,188.377838
22.379999,0.016253,-0.021501,0.469355,1.954847,4.199467,64.251122
19.459999,0.032088,0.020342,0.100256,1.998891,10.337973,119.817001
18.070000,0.025623,-0.017811,0.019106,0.675158,5.124282,135.739960
36.529999,0.045604,-0.036100,0.073791,1.949794,11.641163,80.744324
11.380000,0.000949,0.000954,0.003412,1.612044,11.732473,208.149963
34.200001,0.013325,0.018280,0.057999,2.288452,2.461858,151.037827
23.760000,0.007929,-0.010729,0.020422,3.348788,20.815050,236.738922
24.280001,0.011620,0.001594,0.054831,1.371848,4.168910,417.517151
84.760002,0.011262,-0.028353,0.126867,5.046767,22.017422,261.401978
14.800000,0.033560,-0.122923,0.734542,1.390407,3.546546,540.974915
40.389999,0.051609,-0.173664,1.345434,1.993699,14.932391,272.510742
23.330000,0.026684,-0.112125,1.287045,2.372381,10.070934,418.504150
30.000000,0.009185,-0.001866,0.094407,2.423703,-13.736796,208.785965
31.330000,0.099185,-0.378211,3.373943,4.487104,2.984994,81.983513
37.740002,0.062661,0.093956,0.460825,2.144190,-10.931279,132.625549
16.510000,0.035359,-0.046181,0.844107,1.184897,3.921194,40.224121
9.190000,0.035183,-0.019090,0.151626,1.101589,2.199919,18.839979
14.320000,0.006165,-0.028200,0.424125,1.714403,-5.215809,25.255219
17.590000,0.036514,-0.028515,0.082369,2.210950,-7.569434,33.403130
17.760000,0.014196,-0.005480,0.118435,1.091163,-4.645972,35.727970
26.440001,0.030829,-0.003613,0.024711,0.880343,-1.973248,39.237160
6.240000,0.012861,-0.031983,0.080224,0.544477,2.749844,25.331984
15.100000,0.021780,-0.012187,0.043329,1.728825,1.072093,4.112335
11.840000,0.026901,-0.007985,0.011551,2.490611,-1.746124,21.384144
22.570000,0.010005,-0.005625,0.008676,2.361114,-0.500410,45.805931
32.669998,0.006934,0.006366,0.107908,2.442826,2.474961,57.748154
11.520000,0.017841,-0.047826,0.146704,1.089040,2.680571,125.420746
31.709999,0.039884,-0.037114,0.211819,2.099176,9.843515,62.814552
11.200000,0.017509,-0.111606,1.518262,1.771878,9.551418,161.642181
22.879999,0.002964,0.031123,0.600852,1.643918,-0.788094,147.824738
52.740002,0.042018,-0.145549,0.906054,5.843874,19.606359,197.282425
23.049999,0.018792,0.097144,0.612500,0.634902,-9.524155,338.944153
23.660000,0.002928,0.021109,0.348677,1.365925,9.331077,90.372681
21.910000,0.007793,0.014692,0.193493,2.708711,14.407748,106.350471
6.230000,0.013134,-0.031660,0.384939,0.780055,-4.670194,188.454605
50.880001,0.025930,0.011999,0.794296,4.288251,3.200221,10.374051
9.820000,0.022016,-0.015544,0.716168,0.137075,1.747319,181.754227
18.700001,0.003473,-0.026316,0.260363,0.873217,0.011352,0.054831
7.630000,0.056945,-0.182305,0.672546,1.745584,6.608577,28.764412
6.390000,0.008933,-0.011343,0.021738,0.533543,-2.412421,13.049810
6.230000,0.003096,-0.010712,0.139101,1.198957,-1.120884,7.347373
12.620000,0.030787,-0.032861,0.040648,0.433591,-0.898048,8.389164
4.830000,0.004992,-0.005769,0.008481,0.259528,-1.751997,17.524033
20.090000,0.103822,-0.003094,0.062434,1.635663,3.256181,16.043591
6.540000,0.013094,-0.006017,0.036895,0.235227,1.705978,73.802711
34.169998,0.015038,-0.017666,0.030559,3.209745,10.219297,43.974567
12.150000,0.064157,-0.095993,0.812281,1.285371,3.327067,202.239151
46.439999,0.007068,-0.020018,0.170050,3.453043,4.819287,104.102402
22.900000,0.014524,0.027586,0.824319,1.547177,6.498620,173.332184
20.400000,0.022724,0.018067,0.120482,0.769422,6.864542,163.155518
14.630000,0.007482,-0.018536,1.083902,2.392517,12.939592,135.816711
16.639999,0.009494,-0.085059,0.772753,2.651546,4.856512,127.888130
23.040001,0.070888,0.013260,0.313195,2.382605,-6.545252,197.315308
33.240002,0.007211,-0.011241,0.737808,2.937470,0.014789,69.701340
19.629999,0.063702,-0.020947,0.061801,1.059129,-1.661680,123.315231
20.530001,0.023504,0.063507,0.189155,1.597883,7.035205,39.971897
18.969999,0.032458,-0.052411,0.528523,2.569831,10.834216,89.067688
31.040001,0.026356,-0.019200,0.379480,2.990430,3.332078,192.073471
46.000000,0.037941,-0.199417,1.258045,4.594519,18.499273,229.512177
31.910000,0.047073,-0.237043,1.221881,0.609289,-3.875029,568.774292
44.790001,0.011772,0.026274,0.741755,3.941586,21.797672,154.283859
5.760000,0.010130,-0.085417,0.984767,2.789877,4.667194,340.413605
43.990002,0.034305,-0.069183,0.151041,4.307424,3.914567,236.015137
25.469999,0.054929,-0.105973,0.530424,3.170107,6.482016,445.601654
34.529999,0.034121,0.012732,0.567027,0.684269,8.526936,374.321228
46.880001,0.020316,0.011948,0.144169,1.866889,8.412689,162.354996
52.000000,0.032178,-0.026742,0.028756,4.560665,13.917212,239.568176
43.830002,0.012830,-0.083423,1.518749,4.081447,-19.468410,517.364624
22.780001,0.030175,0.100987,0.758570,4.134047,15.969398,196.975372
16.030001,0.006078,-0.006357,0.156110,1.330310,7.569748,389.443634
27.219999,0.055155,-0.150509,0.459997,2.462373,-0.186713,210.617371
39.060001,0.004126,0.047230,1.269791,5.495486,11.427536,124.357018
22.430000,0.029840,0.021126,0.454343,1.625829,-16.094976,356.808136
40.240002,0.049238,-0.154975,1.823318,4.651995,3.574501,42.472198
14.790000,0.011507,-0.028600,0.115755,0.489910,0.273627,330.533020
37.520000,0.002284,0.014846,0.744777,0.797286,6.361655,67.716454
37.250000,0.009070,0.035997,0.282831,6.028051,21.148796,98.202553
13.070000,0.016135,-0.099547,0.695649,2.136292,-16.793646,379.760437
36.139999,0.035113,0.045295,0.549530,4.361232,3.744476,50.126621
11.830000,0.025283,-0.074015,0.451565,1.296828,13.192226,336.092926
18.520000,0.027800,-0.002829,0.969366,1.169174,-2.130549,121.834785
45.759998,0.010315,0.073358,1.815032,4.629478,5.353625,34.543613
30.980000,0.029312,0.053732,0.195394,3.047667,-16.004065,209.125946
41.840000,0.005682,-0.013209,0.115706,2.650927,-6.933211,36.210480
15.260000,0.017053,-0.003520,0.023833,0.835212,0.877376,120.760101
12.460000,0.003281,0.001679,0.166053,1.252231,1.166105,6.086256
21.790001,0.009570,-0.016899,0.098696,2.571392,-1.330286,7.215777
14.320000,0.043389,-0.036756,0.060339,1.861839,-6.998322,45.707233
24.440001,0.017431,-0.051397,0.282393,1.749184,-4.710692,26.505371
9.350000,0.007693,-0.010448,0.024711,0.744465,-2.683814,23.303232
5.140000,0.015266,-0.016243,0.044840,0.152604,0.932694,23.248402
5.770000,0.021301,-0.009340,0.078859,0.326128,-0.492221,2.708658
31.110001,0.020443,-0.020879,0.139880,1.971220,1.568587,4.353593
19.309999,0.005648,-0.008488,0.065456,1.554844,-6.792747,142.199066
65.300003,0.009759,-0.004346,0.039917,3.948250,2.410423,34.971298
21.910000,0.003015,-0.001125,0.005166,1.808232,8.745583,286.580444
15.110000,0.027767,-0.090394,0.328012,0.527355,3.415392,136.222473
56.689999,0.008520,-0.013669,0.166297,5.171972,11.668425,35.388016
21.170000,0.052468,-0.158162,0.577652,2.987001,-6.965989,247.420013
54.990002,0.005391,0.009792,0.443669,2.775105,-3.973662,65.874123
35.080002,0.023229,0.004005,0.370074,3.748501,4.661999,148.109848
9.190000,0.036898,-0.080312,0.838453,0.614447,-2.693827,155.435303
49.369999,0.041470,0.020010,0.153089,5.765308,6.157448,9.145833
18.350000,0.003418,0.015902,0.459704,2.238183,-1.035228,243.340591
41.810001,0.006473,-0.032009,0.329669,2.342335,-3.810749,89.714706
42.060001,0.041401,0.085068,0.240428,4.052296,3.088938,119.959549
11.990000,0.015596,-0.005872,0.142853,0.294206,-4.780786,218.995544
44.080002,0.027268,0.030509,0.210503,3.927910,4.763439,29.784271
28.270000,0.045933,0.039031,0.388399,2.543020,-5.163813,97.928406
36.990002,0.031678,-0.088596,0.393468,2.179710,-5.726484,28.928905
17.760000,0.010841,0.027288,0.372218,1.798993,-3.273766,49.008072
12.460000,0.100379,0.053178,0.037578,1.253451,-3.501710,26.154449
14.800000,0.000899,-0.007789,0.165176,1.325308,-0.919636,37.910248
10.900000,0.054090,-0.017053,0.052345,0.841253,0.546433,16.997652
11.680000,0.009263,0.001125,0.015499,1.543288,4.577121,27.920015
25.219999,0.010006,-0.007525,0.021494,1.186676,5.525847,29.663643
22.540001,0.019309,0.007568,0.020860,2.660283,9.800255,76.993881
12.450000,0.074606,-0.186847,0.736199,0.829601,10.371519,144.326508
33.220001,0.005832,-0.049940,0.926914,3.260915,16.912647,135.202606
16.809999,0.004347,-0.045875,0.581697,1.640437,13.682778,262.410858
38.549999,0.013921,0.001329,0.205434,1.252463,14.410059,227.264099
44.330002,0.020836,-0.009485,0.114195,3.714815,24.993000,281.930725
8.720000,0.037631,0.025609,0.337711,0.559199,4.999029,500.038025
28.400000,0.015900,0.024672,0.125015,2.220296,16.737186,188.728760
18.660000,0.050469,-0.140649,0.700718,2.199684,11.705550,307.131104
19.480000,0.021592,0.008991,0.692237,0.671445,-7.251638,214.455551
52.430000,0.043866,-0.047051,0.182770,3.362542,3.517938,26.417641
10.750000,0.030622,0.020232,0.500401,0.464884,0.699852,179.297791
14.330000,0.023545,-0.002642,0.155136,0.455238,1.670844,6.568769
9.970000,0.047319,-0.045287,1.041597,1.719177,3.507138,10.889463
19.000000,0.015530,0.061010,0.700766,1.170923,-7.327378,55.730370
36.369999,0.031827,-0.001585,0.036408,2.777627,-4.731277,21.449942
9.040000,0.035354,-0.030569,0.120726,0.520973,-1.591339,65.567070
42.439999,0.047918,-0.067035,0.224881,2.031677,0.979075,12.073816
10.590000,0.031659,-0.032776,0.249006,1.909353,9.067571,89.813400
20.219999,0.002488,0.000656,0.014768,2.862412,0.630884,76.094650
50.290001,0.004834,-0.014990,0.518629,3.593988,6.373411,120.957489
12.300000,0.022763,-0.075966,0.438942,0.510868,6.175435,249.821640
33.860001,0.010997,-0.064768,0.836455,2.102643,12.296885,104.815193
16.620001,0.023681,0.055854,0.703886,3.523692,21.387529,244.612656
15.240000,0.008887,-0.055419,0.804628,2.192424,-13.723413,328.833252
80.269997,0.033160,-0.087718,2.162150,6.574988,10.938829,96.524719
8.560000,0.026277,-0.016388,0.602265,0.363174,-2.335553,348.978271
36.680000,0.008450,-0.043045,0.431143,0.959395,1.379882,24.761740
23.450001,0.039949,0.077253,0.672157,4.415763,11.459259,54.633743
14.620000,0.072175,-0.040139,0.022761,4.673016,-25.732222,147.057114
60.709999,0.003733,-0.027407,0.264603,5.395987,-14.248507,49.238358
35.130001,0.029500,-0.001074,0.035238,1.937040,-15.811987,141.091476
27.709999,0.034508,-0.050766,0.085732,1.407873,-6.490136,68.023514
7.160000,0.011681,0.017658,0.216936,0.758680,4.146924,36.528507
9.500000,0.025694,-0.005787,0.027732,2.370667,-2.150311,5.658573
14.470000,0.014566,-0.009741,0.047082,2.582070,-9.890063,39.028801
54.750000,0.018665,-0.002829,0.012331,2.660011,-9.950511,47.187675
26.930000,0.023113,0.005957,0.005946,1.511464,-10.314604,126.572197
52.700001,0.007185,0.001329,0.022371,1.564658,-0.851192,59.425987
23.020000,0.008985,-0.048585,0.460971,2.552609,17.957396,178.574036
9.960000,0.020422,-0.051278,0.617569,1.565805,1.991643,215.760513
60.910000,0.042202,-0.092116,0.420226,4.095590,11.688038,138.865326
28.270000,0.044903,-0.180430,1.102423,3.897185,-4.461197,418.690552
45.730000,0.014766,0.042329,0.517557,0.626776,0.575489,304.608887
37.119999,0.072643,-0.123247,0.820907,2.873107,21.037146,159.503769
14.000000,0.051089,-0.355347,2.671763,3.087841,2.579785,252.936035
33.419998,0.002815,-0.037557,0.831727,2.100489,-1.398935,207.481018
44.299999,0.034092,0.126366,3.652046,4.434238,12.946953,224.719925
4.830000,0.024791,-0.023478,2.186958,2.515975,-4.904863,344.405334
78.360001,0.051555,-0.047749,0.692140,6.197627,1.861657,74.460686
28.420000,0.066260,-0.306805,1.825901,3.928695,-11.538855,354.187195
43.310001,0.031343,0.056808,0.669525,1.394554,-5.207355,211.099869
30.420000,0.026532,0.026308,0.174582,2.370500,13.509453,224.270294
7.620000,0.007275,-0.048585,0.888313,1.947530,6.580067,162.354996
36.810001,0.030899,0.074313,0.202071,3.044895,-2.494545,67.793213
33.060001,0.014172,-0.066958,0.364079,3.856231,-6.964868,138.481522
18.969999,0.008687,-0.010593,0.073985,1.864597,-3.476801,90.570068
25.180000,0.006296,-0.004679,0.027781,2.710453,2.680509,104.069489
12.290000,0.004835,-0.003724,0.012818,0.423884,6.547399,141.793304
37.310001,0.012156,0.005181,0.158986,3.166446,8.991499,37.701889
31.219999,0.022416,-0.046096,0.219325,5.366537,-0.017783,164.822403
38.930000,0.046197,-0.108291,0.372511,5.488772,-15.786083,222.614410
42.930000,0.043231,-0.072131,0.352771,5.935076,-9.606174,262.432770
15.550000,0.030744,0.001278,0.274156,1.488374,8.539652,253.813324
20.530001,0.013605,-0.038102,0.248129,1.353547,9.247655,193.981567
53.279999,0.009236,-0.015681,0.138321,5.670855,15.240052,168.726364
21.290001,0.035717,-0.177976,2.872713,2.589500,-8.374175,304.532135
36.040001,0.034578,-0.117963,0.681173,2.590979,6.459484,166.006744
11.840000,0.005266,0.007917,0.394297,0.971605,10.750212,200.122665
8.560000,0.021170,0.044963,0.682441,1.573852,5.318354,105.637657
27.820000,0.012521,0.005173,0.332788,3.475745,-0.412179,89.352814
35.230000,0.013368,-0.015578,0.258949,2.711277,-4.616662,95.987373
22.240000,0.050436,-0.088775,0.480613,2.389034,-6.058277,111.625214
24.709999,0.015868,0.018271,0.103229,2.284955,2.699458,63.494453
7.010000,0.007285,-0.011692,0.113951,0.964099,6.698317,130.125244
21.650000,0.024113,-0.076392,0.604897,1.783397,1.497152,42.351570
20.530001,0.009482,0.010303,0.537735,3.910197,2.311788,59.776901
17.430000,0.014280,0.029060,0.214792,2.130521,-12.054304,125.047882
35.730000,0.018029,0.043437,0.461605,3.781992,-7.936426,49.040970
15.400000,0.016043,-0.062476,0.323089,0.677217,-6.853575,134.292419
20.700001,0.033160,-0.025652,0.261727,0.817768,1.641897,32.821915
14.480000,0.033432,0.013891,0.022907,1.630138,1.534296,16.866058
20.530001,0.013295,-0.021169,0.209528,4.912670,-13.666302,53.273933
62.619999,0.026447,-0.083517,0.352771,4.338827,-25.905128,167.092407
47.930000,0.058982,-0.063524,0.090264,4.966005,-18.087368,103.367653
26.580000,0.036272,0.066779,0.279078,0.709255,-6.658472,258.046295
38.240002,0.001393,0.002105,0.152650,2.679413,6.973027,25.156525
24.700001,0.036713,-0.123358,0.630826,3.593085,12.748068,101.887230
63.500000,0.078909,-0.119932,1.639719,4.548453,-12.743555,279.112396
57.110001,0.034110,0.014454,0.527841,4.864867,4.765610,177.488388
18.660000,0.034827,-0.121415,1.706394,1.087610,3.847753,329.710571
30.620001,0.015990,0.004713,0.693699,1.739084,12.957487,123.775803
14.630000,0.049649,-0.096539,1.195465,3.872731,9.957325,162.311127
42.779999,0.042006,-0.084412,0.670402,6.401683,-14.612579,121.220665
69.029999,0.015113,-0.020129,0.261435,4.233339,-11.838436,154.963745
22.049999,0.009824,-0.014240,0.616205,2.450031,-8.893665,123.194595
27.530001,0.026646,-0.027143,0.284537,1.120087,0.267965,37.679955
20.700001,0.014314,-0.012681,0.119507,1.316505,5.653880,45.509842
8.710000,0.030479,0.017274,0.027342,0.838960,1.230536,29.027603
21.170000,0.009446,-0.007363,0.262117,1.803047,2.591406,12.819520
13.400000,0.012314,0.014573,0.119459,0.989181,3.404088,23.708984
16.030001,0.034098,-0.012178,0.022127,1.679997,4.343477,21.340277
16.980000,0.019754,-0.002863,0.020422,1.169382,5.117651,31.670464
21.139999,0.027250,0.000852,0.003314,3.049812,4.136249,40.750500
33.419998,0.006525,-0.003912,0.018911,2.251307,4.328209,107.666412
27.400000,0.042944,-0.009281,0.091921,0.857269,0.811389,96.031250
21.600000,0.012214,-0.003094,0.041038,3.017327,11.439694,53.624851
11.680000,0.012213,-0.024305,0.096210,0.946614,0.907074,206.066376
54.900002,0.013050,0.000375,0.162446,5.390451,10.752045,48.196568
22.400000,0.008203,0.020641,0.194809,1.497354,14.761238,460.449951
44.770000,0.013903,0.027961,0.455318,0.384192,7.770660,229.238007
36.060001,0.043885,-0.139379,1.990979,5.629785,32.973057,241.377625
14.170000,0.014003,-0.015297,0.248714,2.243218,-23.576736,511.267426
27.670000,0.037350,-0.017504,0.038796,2.426275,10.035416,47.966270
8.870000,0.015119,-0.019149,0.606213,2.251225,13.659964,131.737274
32.509998,0.044677,-0.061640,0.365005,2.204562,-7.168519,47.231537
49.990002,0.019346,-0.098908,0.924575,5.833695,-12.332287,68.012543
38.650002,0.031266,0.016090,0.210795,3.278562,-18.225603,126.594124
41.410000,0.097904,-0.042900,0.055855,2.521721,-11.631144,121.747047
11.670000,0.043200,-0.073154,0.145729,0.743021,5.660285,101.580162
27.180000,0.008228,-0.031114,0.142220,4.284765,-5.174825,16.164217
50.610001,0.031962,-0.103118,0.440111,6.446169,-9.937808,78.265961
23.610001,0.057849,-0.059970,0.076861,3.372746,-18.109173,179.429428
65.830002,0.074524,-0.075088,0.319775,2.842481,-0.991896,138.207367
4.670000,0.009908,-0.006775,0.943534,2.000870,12.366897,159.832764
43.740002,0.067581,-0.131454,0.624198,4.813973,-11.541451,149.864456
74.650002,0.083165,-0.197449,0.809892,8.257318,0.618406,186.042053
9.340000,0.030477,-0.041579,0.841768,2.170058,-24.642399,487.744873
84.629997,0.049928,-0.075114,0.535883,4.305210,11.342128,60.456810
6.020000,0.001460,0.023521,1.023515,1.896399,17.807751,395.825928
36.840000,0.007679,0.009272,1.376530,1.570119,-14.698729,237.967102
72.589996,0.027770,-0.036858,1.047055,6.403109,10.879644,63.845367
16.170000,0.020455,-0.024944,0.743267,1.022719,-16.220366,296.768005
41.779999,0.011617,-0.029546,0.097819,3.567639,-2.668242,12.435701
6.230000,0.001527,0.023640,0.530765,0.484027,5.516851,121.725121
22.549999,0.030498,0.098413,0.405945,1.761496,-0.567298,1.469475
19.309999,0.021581,-0.025916,0.261873,2.672852,6.832939,54.644711
23.049999,0.039051,-0.048423,0.077202,0.303851,-1.798938,44.928635
34.299999,0.014064,-0.047664,0.243645,3.904840,7.150297,24.849472
14.960000,0.025430,-0.044417,0.236139,0.821944,-7.192194,80.316643
8.720000,0.009978,-0.002267,0.274399,1.195732,-0.070442,15.297886
9.340000,0.015074,-0.003400,0.092555,0.419775,-0.543531,12.676959
8.880000,0.044154,-0.038886,0.134763,0.369876,-1.669877,26.472469
16.959999,0.026192,0.010610,0.035336,1.490856,1.752378,12.885317
12.310000,0.023508,-0.043770,0.086073,0.795773,0.997582,43.612686
28.930000,0.005549,0.007133,0.028610,1.947041,5.653760,36.276283
18.510000,0.017793,-0.041503,0.485438,1.373440,8.459560,97.489761
34.349998,0.044617,-0.079503,0.482806,1.670386,9.688164,114.498383
28.910000,0.023447,0.111725,0.951576,2.827121,16.992126,147.320282
11.220000,0.066951,0.067904,0.434945,0.490974,2.396682,234.019287
49.360001,0.035532,-0.033995,0.215425,3.300678,10.877121,78.869110
13.850000,0.007981,-0.037889,0.908393,1.464065,7.372233,191.799316
15.410000,0.026575,-0.043770,0.380747,2.017097,1.730929,129.862061
29.549999,0.014865,-0.003920,0.166930,1.978964,6.916452,101.920113
18.330000,0.016519,-0.040770,0.640428,1.794910,10.228015,128.118439
44.389999,0.037095,0.030560,0.269477,1.955859,4.407330,132.022415
59.770000,0.020619,-0.138476,1.359568,5.633356,21.319553,182.170975
15.890000,0.065829,0.166846,1.553890,1.330609,-3.951930,594.917847
74.550003,0.041816,-0.095669,1.799485,3.124766,20.570593,326.398773
16.629999,0.037822,-0.167553,2.649148,3.376105,17.471869,581.177124
37.770000,0.022088,-0.104848,1.583523,3.302441,-9.533569,331.015564
37.070000,0.037536,-0.103833,2.522671,4.927079,10.941477,251.806519
16.320000,0.042489,0.157514,0.645009,1.132303,-6.717851,319.095306
62.150002,0.097714,0.054644,0.181065,3.304855,8.370904,80.459206
11.200000,0.033833,-0.106953,0.497136,2.428320,5.712907,200.418762
81.660004,0.026292,-0.158776,1.199900,4.886034,-16.975193,190.735596
46.889999,0.096136,-0.092081,0.119946,7.560911,-12.660063,263.419739
21.600000,0.017259,-0.068731,0.627512,2.579483,-21.026966,266.073578
49.669998,0.021306,-0.024654,0.108541,2.470422,9.040529,69.690369
8.400000,0.004759,-0.003528,0.007993,1.652897,15.852879,188.564270
16.639999,0.008051,0.003682,0.125259,1.537288,-0.722787,39.642914
37.099998,0.005807,-0.002531,0.023638,3.818926,2.247007,48.393959
10.590000,0.023006,-0.125590,1.177968,1.175826,-6.328190,83.716179
16.160000,0.107171,0.059297,0.033971,2.993011,5.271151,31.374378
7.480000,0.005479,-0.035699,0.568002,0.389399,2.003010,22.765888
8.730000,0.015695,0.014257,0.153527,0.465817,0.574643,3.750450
9.190000,0.008644,0.007926,0.016669,0.729706,1.150469,2.796388
10.750000,0.014618,0.007448,0.004143,0.518831,-0.003502,0.010966
7.480000,0.001888,-0.004789,0.014134,0.967828,0.814673,1.030825
20.090000,0.025059,-0.000827,0.007555,1.178740,2.121318,4.068470
16.330000,0.006934,0.000256,0.003948,2.364890,5.681985,14.716677
19.910000,0.010926,-0.007269,0.061850,1.348523,10.301884,84.549614
37.770000,0.009273,-0.006042,0.032996,1.927338,12.445673,110.375076
9.810000,0.009248,-0.033339,0.208066,0.947618,14.243698,217.284821
23.040001,0.005397,-0.011087,1.379405,0.666391,8.479474,147.747971
30.270000,0.004806,-0.046769,1.133128,3.375916,21.067596,142.308731
8.710000,0.042322,-0.215831,1.272131,0.557099,4.836256,301.955048
57.389999,0.025803,-0.108316,1.493551,2.949022,11.795549,114.279053
11.360000,0.024870,0.170195,2.082413,1.318545,18.420067,312.285248
8.730000,0.031902,0.029384,1.098085,0.530227,-3.164675,163.341965
38.099998,0.011154,0.094962,0.923649,4.956364,15.771823,113.105667
28.459999,0.027640,0.049062,0.559083,2.376860,-16.235828,288.916199
58.320000,0.026126,0.063677,0.235701,1.570615,-4.876717,78.331757
28.760000,0.054322,0.001253,0.041915,1.894594,10.049848,195.747147
9.490000,0.022361,0.004065,0.096600,2.644909,-4.645336,39.763542
38.279999,0.049008,-0.076520,0.217326,6.258460,-13.248388,38.184402
41.439999,0.021961,-0.019183,0.042988,4.206822,-22.454628,155.819138
32.490002,0.008664,0.001244,0.007749,2.769876,-12.433413,70.238686
13.070000,0.014761,0.012059,0.010430,0.405093,1.568180,55.280750
13.870000,0.016740,-0.011351,0.113123,3.164185,0.874614,0.361886
24.250000,0.016437,-0.061334,0.238040,3.716667,-21.248468,124.598274
62.480000,0.273892,-0.025319,0.047472,5.780762,-14.855967,53.844170
27.709999,0.023435,0.030339,0.062532,0.772983,-9.242077,348.715057
55.840000,0.003013,-0.021399,0.380991,3.898449,8.281249,36.934254
15.370000,0.008383,-0.030492,0.138906,2.486620,21.778851,263.759705
18.520000,0.039110,-0.009587,0.687948,1.951839,-5.002072,259.175812
88.830002,0.003424,-0.025268,0.275764,7.074131,16.042971,106.207909
12.760000,0.095864,-0.315983,1.465527,0.964250,-5.594342,549.013184
45.009998,0.046435,0.199631,1.370047,0.760306,9.197951,129.971725
24.660000,0.013207,-0.048712,1.745190,4.443976,21.749466,154.897949
21.170000,0.024316,0.024262,0.707200,3.097938,-15.738882,290.232178
77.889999,0.040217,0.024936,0.867794,5.312938,-6.418860,69.317520
34.299999,0.020494,0.026086,0.094797,3.427595,-4.926860,277.171387
33.619999,0.011632,-0.017300,0.097673,0.798389,-5.893601,120.496902
32.650002,0.003375,-0.057081,1.145264,6.039706,13.785418,80.875916
4.670000,0.017960,-0.039892,0.099525,0.397786,-2.204344,349.186584
91.959999,0.021753,-0.018911,0.059705,5.661373,15.199137,63.297066
36.599998,0.058712,-0.055530,0.154258,3.280408,20.010138,442.125366
39.639999,0.018682,0.027458,0.134227,0.563991,-2.905538,460.296387
59.880001,0.008900,-0.017181,0.046497,7.136049,43.079720,301.911194
7.930000,0.028172,-0.118730,1.190201,1.455216,-3.886107,934.037476
55.490002,0.020894,0.047613,0.127988,3.083254,5.701252,290.254089
36.759998,0.049423,-0.249374,1.513827,3.891392,27.877697,405.180145
5.140000,0.013545,-0.045602,1.113486,1.344043,-18.104553,279.880035
63.700001,0.030634,0.094928,0.539880,4.066267,6.367659,17.831085
8.410000,0.021218,0.076222,0.460435,0.304109,2.050702,161.806686
30.950001,0.013438,0.005642,0.140953,1.028316,1.266104,34.543617
44.389999,0.026231,-0.054047,0.540318,2.876988,10.655939,88.826447
7.940000,0.002387,-0.001210,0.156841,0.097357,0.820452,141.025681
33.660000,0.023332,-0.104370,0.484951,3.425812,4.939886,38.019909
24.260000,0.012343,-0.011045,0.709003,1.362217,9.299325,135.871552
23.500000,0.015154,0.040889,0.397562,1.352775,2.060632,129.938828
39.919998,0.017732,-0.090905,0.505470,3.433387,14.587334,92.609787
8.570000,0.006227,0.023768,1.138782,1.246456,12.189251,224.862503
39.110001,0.101660,-0.087198,0.566783,4.022909,-1.253435,132.537827
11.840000,0.014773,0.027859,0.319288,2.321743,16.217680,233.810928
15.260000,0.186381,0.050681,0.974824,0.068534,0.843637,109.388115
45.810001,0.035928,0.025157,0.453417,5.346226,10.719997,26.976919
10.440000,0.041661,-0.103118,0.374996,1.169883,-4.204682,272.795837
37.119999,0.065507,0.026188,0.772997,2.699842,-3.554851,28.172239
13.700000,0.024383,0.081574,0.662165,1.854559,8.703470,109.760971
9.670000,0.010385,-0.013491,0.778846,0.455187,-1.497874,29.323692
11.830000,0.055499,-0.020751,0.322407,1.240478,0.127654,6.239783
9.970000,0.040455,0.005667,0.049226,0.228612,-1.152606,13.302034
15.110000,0.013426,-0.002983,0.004386,1.214297,-0.333399,1.162420
10.900000,0.014472,-0.033168,0.171268,0.870657,2.065880,28.183203
41.009998,0.025132,0.004985,0.002632,2.867591,3.210954,13.916142
25.799999,0.009003,-0.026180,0.113171,1.903649,14.166521,143.602737
38.990002,0.016961,-0.069106,0.561617,1.436991,8.917441,206.362457
80.459999,0.055702,-0.332499,2.324840,5.302699,32.802155,256.796143
16.170000,0.037655,-0.030756,1.218372,1.430584,8.195228,583.337463
86.019997,0.032470,-0.132809,2.431042,3.927463,32.254257,350.184540
22.070000,0.021383,-0.101319,2.669034,1.318020,25.079342,695.850952
32.490002,0.029670,0.289599,4.715721,0.535233,9.655351,481.691528
46.880001,0.050254,0.076699,1.803189,2.550479,24.374084,243.669586
8.240000,0.026236,-0.081369,4.029041,1.169187,19.733015,385.057129
18.680000,0.063358,-0.202358,3.263257,2.487483,-17.849318,239.798477
60.360001,0.077489,0.126409,0.679711,5.847181,-1.848273,28.238037
24.580000,0.017600,-0.018766,0.090264,1.949332,-16.843313,228.108475
39.740002,0.035742,-0.002898,0.013452,1.620990,0.047537,44.435150
7.310000,0.015065,0.034770,0.234872,2.038743,12.535824,83.463951
27.200001,0.012109,0.045687,0.399951,4.002211,-7.509755,87.993004
54.790001,0.038208,-0.085928,0.380309,4.036617,-5.709489,65.863159
40.020000,0.016668,-0.014079,0.266260,3.609437,-15.657799,146.530716
29.379999,0.047629,-0.075617,0.460728,1.460470,-5.723972,72.146805
15.240000,0.014110,0.030040,0.505860,1.233175,-1.608510,109.782898
66.559998,0.148472,-0.182799,0.616984,6.817287,-7.384176,23.127771
19.430000,0.092266,-0.205434,0.600949,3.978069,-15.269164,266.983765
93.540001,0.038457,-0.004500,0.515169,8.090019,-4.319898,133.009369
14.290000,0.016795,-0.009792,0.134373,2.179220,15.009600,709.262695
21.790001,0.030515,-0.143342,0.836991,3.270414,-3.890417,335.281464
44.950001,0.010096,0.030782,0.574143,4.096291,9.361696,321.474976
26.559999,0.006045,0.001926,0.106494,2.602003,0.969669,324.150696
35.410000,0.024904,0.004653,0.105958,1.640291,-3.300046,224.895355
24.110001,0.021596,-0.061777,0.711928,1.221977,0.399487,223.020172
30.000000,0.143729,0.435020,1.558520,1.276689,4.376837,91.524139
18.969999,0.012001,0.039977,0.211429,2.785895,0.963037,58.987339
13.530000,0.021316,0.009903,0.061655,2.538322,-9.060793,82.751144
55.099998,0.037876,-0.110370,0.398976,4.775187,-8.379950,82.038345
28.760000,0.017472,-0.052675,0.230193,2.267690,-15.657423,200.188477
62.770000,0.034930,0.033083,0.106153,1.979310,-4.463193,69.229797
9.340000,0.020526,0.040838,0.103960,1.546007,11.405581,181.896790
10.890000,0.022936,-0.076597,0.314999,3.328261,-7.210423,81.468109
56.689999,0.074373,-0.093130,0.363738,6.068345,-13.120317,82.882744
47.340000,0.037780,-0.069932,0.138857,3.343561,-21.122198,209.158844
56.070000,0.042309,0.003622,0.048836,3.246604,-5.187274,52.714649
6.530000,0.003456,0.003903,0.827195,1.552171,16.227463,219.445175
51.730000,0.020494,-0.066737,0.482270,2.585789,-6.130645,72.409996
44.080002,0.021836,-0.170204,2.555716,6.144506,24.071878,287.962158
17.900000,0.035240,0.154847,1.573288,1.830077,-27.257803,666.615051
65.160004,0.019605,0.077287,0.569805,3.353374,13.855499,97.676193
5.910000,0.014980,0.018263,0.580723,2.356001,19.846704,364.045837
33.709999,0.070408,0.121466,0.238918,1.920352,-8.002667,145.028336
33.009998,0.020267,-0.007338,0.333715,4.268167,1.498599,101.251175
15.250000,0.022270,-0.070486,0.258705,0.957888,-7.515654,203.467377
36.910000,0.025597,-0.002105,0.005361,2.905498,3.838608,38.206337
4.510000,0.028659,0.032486,0.055416,0.570595,9.132151,195.977448
25.959999,0.015347,-0.017735,0.130815,1.937273,-1.235810,26.987883
24.990000,0.034541,-0.097740,0.372413,4.597620,3.639743,106.196945
55.799999,0.014012,0.037540,0.616936,3.597194,-24.266455,195.560715
77.989998,0.039853,-0.088596,0.335420,6.913321,-14.766682,118.106270
16.020000,0.008705,-0.004610,0.054490,1.575291,-6.751430,234.786896
46.750000,0.013821,-0.052888,0.205434,2.371498,8.585133,52.626923
26.400000,0.017305,-0.040753,0.359741,6.211855,16.675728,136.266342
15.860000,0.040165,0.114938,0.710709,2.981826,-12.765418,249.591339
55.099998,0.025257,0.024535,0.560935,5.009074,5.831487,70.929558
13.700000,0.036439,-0.046454,0.581064,0.835545,7.127472,260.217590
43.029999,0.016980,-0.039031,0.860093,1.249419,8.445696,90.910027
55.209999,0.020906,-0.112884,0.735956,4.544789,15.555471,97.851639
20.350000,0.063205,-0.186293,0.827292,3.222796,-14.891957,404.379639
60.250000,0.021273,0.019601,2.215714,4.393491,7.440176,156.882843
14.310000,0.058112,-0.007960,2.164197,0.708255,8.128440,331.980621
18.350000,0.010103,-0.090667,1.898327,2.239582,3.197387,170.130051
15.230000,0.088471,0.151370,0.843961,4.924277,17.373394,146.399139
8.100000,0.060658,-0.048968,0.929497,1.404678,-3.303952,105.670570
31.840000,0.025283,0.061214,0.369148,2.265604,-0.169684,30.606741
9.970000,0.004201,-0.029487,0.357645,0.837103,-1.220454,58.943470
8.720000,0.023410,-0.069932,0.247788,0.571833,1.277587,5.987560
11.060000,0.043474,-0.000673,0.083879,0.792460,1.229194,2.642861
7.320000,0.018166,0.003298,0.083343,0.412743,0.797019,4.452288
5.760000,0.017777,-0.025421,0.101474,0.421542,0.079211,0.098696
5.460000,0.001308,0.000656,0.042159,0.050688,-0.071698,0.175460
6.080000,0.007503,-0.001790,0.009699,0.138130,1.303910,16.701565
22.860001,0.012475,-0.005241,0.004045,0.929601,3.785276,17.436302
16.330000,0.024650,-0.018996,0.092360,1.143125,7.900641,61.739861
18.820000,0.299165,-0.421921,0.626098,1.474362,10.323503,73.298264
19.920000,0.032224,-0.017547,0.769439,1.520673,10.411071,93.969604
16.030001,0.017820,0.003111,0.097673,0.770169,6.810190,67.398430
20.059999,0.049838,0.044579,0.200901,1.579276,7.966761,41.682632
19.459999,0.029579,-0.070964,0.336151,1.546855,5.183683,42.625725
12.160000,0.030991,0.029043,0.128524,0.755025,2.244960,29.893936
21.010000,0.034985,-0.017965,0.099525,1.441338,1.341131,6.722298
6.230000,0.009207,0.007636,0.020568,0.321005,1.283166,10.637240
16.020000,0.004064,-0.000409,0.013793,1.002154,1.745042,12.391836
29.490000,0.011222,-0.013064,0.027440,2.588626,13.388296,87.444687
26.730000,0.011060,-0.041852,0.203826,0.832559,12.442169,265.349792
28.309999,0.031044,0.021510,0.097234,2.026078,18.439438,245.884766
32.279999,0.045076,-0.233353,1.781549,2.078692,17.300766,165.513275
4.200000,0.031643,-0.050766,0.095333,0.798818,4.434796,379.848145
33.080002,0.018814,-0.011479,0.125454,1.891238,14.565138,125.398804
20.360001,0.008933,0.010985,0.069745,1.670145,19.514355,248.275360
20.700001,0.011593,-0.009238,0.026806,1.456320,1.575263,353.945923
31.530001,0.018503,0.007815,0.013354,2.385970,14.498556,138.821472
10.280000,0.015822,-0.021902,0.099281,0.688452,6.340068,217.756378
16.040001,0.040530,0.004057,0.133642,1.320395,1.449820,67.705482
16.650000,0.009064,-0.028822,0.314755,2.533816,2.942242,94.803024
19.299999,0.008093,0.016950,0.650078,0.451839,-3.350292,55.280746
26.290001,0.005187,-0.034847,0.609966,1.165318,-2.821744,47.121880
9.500000,0.008467,0.030322,0.241208,0.309453,0.448799,28.259968
9.650000,0.034042,-0.023930,0.113854,1.199098,-2.900517,21.000324
25.660000,0.030324,-0.029103,0.297355,3.674422,-4.522298,8.575590
26.870001,0.011812,-0.002778,0.020958,3.198321,-18.273701,116.263939
47.959999,0.014119,-0.010073,0.031290,3.006614,-12.483340,67.168137
15.560000,0.009127,0.004917,0.007116,1.841287,-12.176228,90.109489
9.190000,0.037006,-0.027254,0.068088,0.194853,0.165339,22.327242
4.360000,0.004841,0.002548,0.159571,1.780439,2.380424,3.553057
12.450000,0.005324,-0.000912,0.039673,2.556399,-6.586918,18.532923
46.029999,0.005336,-0.003281,0.046302,4.042971,-17.653683,81.281670
34.330002,0.010206,0.015255,0.062824,2.678401,-15.028237,90.910027
23.469999,0.012797,-0.030467,0.161862,0.521498,-6.308974,123.216530
5.450000,0.007267,-0.004789,0.048446,1.101597,4.720171,24.224394
10.890000,0.006959,0.015493,0.050445,1.805824,-4.652596,13.433628
40.509998,0.008340,0.021169,0.063165,4.038644,-16.660099,71.949409
61.689999,0.005588,-0.009383,0.313342,4.024786,-21.538895,120.902649
22.230000,0.008796,0.004184,0.013111,2.392143,-13.069045,77.377693
25.650000,0.004317,-0.001790,0.000877,0.180599,0.274455,111.866486
5.760000,0.013940,0.005616,0.010771,1.043616,2.322770,6.316547
17.250000,0.006033,0.000009,0.004825,4.347357,-10.691317,27.415567
35.910000,0.020680,0.002642,0.008724,3.372006,-13.457983,56.848919
25.469999,0.031474,0.019311,0.019788,2.773677,-13.328202,68.440224
12.910000,0.004336,-0.000810,0.001852,0.958470,-6.609170,61.685024
22.100000,0.001954,-0.002071,0.003363,0.962070,1.653646,4.090403
28.209999,0.012019,0.003085,0.007847,4.621595,12.066649,56.574764
7.010000,0.033028,-0.017164,0.074522,0.534851,2.074546,336.323242
16.510000,0.013764,-0.026896,0.088412,0.396963,5.523603,126.221268
25.780001,0.026612,0.011922,0.310612,1.618396,9.665856,90.690697
8.880000,0.019620,-0.064120,0.411355,0.754060,10.021489,229.183182
9.810000,0.024030,-0.026504,0.202071,1.173526,-2.197772,108.061211
26.270000,0.071861,-0.000273,0.117022,2.626194,1.811147,24.794640
13.380000,0.019526,-0.052581,0.187791,0.865938,-4.810254,89.714706
22.400000,0.011846,-0.011880,0.212160,2.225304,-2.918880,6.996453
7.470000,0.013849,-0.022942,0.106202,0.628254,5.503788,82.575691
22.260000,0.015922,-0.026061,0.111807,1.127585,1.404568,71.916519
11.980000,0.014690,0.015186,0.104252,0.920385,6.246635,96.908554
25.510000,0.017175,0.017164,0.060631,2.319423,9.184407,94.704330
13.400000,0.026479,-0.001517,0.025490,0.758471,4.528782,165.579056
24.889999,0.017129,0.016192,0.345948,2.203054,4.855923,51.124550
12.930000,0.066422,0.017556,0.029536,0.732051,6.827424,102.885139
10.600000,0.020866,-0.025669,0.138077,0.222690,2.267919,34.960335
9.490000,0.012870,-0.023853,0.081832,1.363759,4.800137,19.421186
4.830000,0.025767,-0.015050,0.015645,0.224927,1.287881,30.771233
10.900000,0.057055,-0.051013,0.063068,1.226531,0.745287,0.910197
5.920000,0.003304,0.000852,0.030705,0.240530,1.490211,23.621254
12.470000,0.039853,-0.014215,0.044596,0.735316,0.214342,4.956734
4.670000,0.012197,-0.010508,0.028610,0.238806,1.143618,8.663319
7.630000,0.008070,0.000937,0.009455,0.470733,-0.129345,0.449615
7.320000,0.003733,0.001491,0.002632,0.490457,0.382668,1.272082
6.860000,0.005232,-0.002915,0.002876,0.527084,-0.352015,0.581210
9.350000,0.012012,-0.009323,0.014670,0.601894,-0.488990,1.096623
7.320000,0.003141,0.004602,0.031680,0.822133,0.379834,0.350919
15.400000,0.053433,-0.113106,0.245156,0.891369,2.848699,13.729715
35.410000,0.021245,0.016985,0.094651,1.844436,9.053108,72.738983
10.430000,0.001441,0.011215,0.113951,0.865410,13.231339,236.793747
26.420000,0.014473,-0.024280,0.073839,2.126555,-5.345451,175.613159
20.700001,0.027481,0.001517,0.004971,1.158290,4.184227,136.266342
28.000000,0.032641,0.009519,0.020617,1.656494,8.248123,108.730148
15.710000,0.023255,-0.030756,0.201876,1.139276,4.752061,145.499908
10.580000,0.012727,-0.006732,0.073547,0.908576,0.469583,55.379444
13.370000,0.015230,0.025447,0.231655,2.029722,2.426481,42.724422
15.260000,0.017223,-0.009315,0.100304,0.611424,-4.482368,60.248447
16.490000,0.010890,0.008752,0.048690,1.586878,-1.507380,9.365158
11.380000,0.043185,0.005429,0.016522,0.434287,-1.497018,19.925634
11.370000,0.003722,0.000903,0.001413,0.831772,-2.324691,12.731791
12.940000,0.019434,-0.007269,0.006336,0.313994,-0.551823,19.761141
12.470000,0.020474,-0.006613,0.002827,0.433849,-1.743343,22.327236
7.320000,0.019471,0.002148,0.000780,0.402022,0.973580,13.828413
8.410000,0.016122,-0.004934,0.005313,0.322395,0.349855,10.187625
7.010000,0.011070,-0.001764,0.001657,0.832408,0.286062,0.175460
6.690000,0.057395,-0.004662,0.003802,1.076611,-1.117102,1.590103
7.940000,0.024441,0.000136,0.003168,0.770067,-0.129257,0.043865
8.260000,0.010924,-0.002727,0.006287,0.507827,-1.346632,8.992307
12.930000,0.007960,-0.004806,0.007896,1.336683,-2.290162,7.204812
12.620000,0.016522,0.000954,0.002729,0.718222,-2.025247,11.075890
13.380000,0.017861,-0.009068,0.008822,1.594180,-0.435429,13.422663
8.880000,0.004116,-0.000111,0.002827,0.497846,-1.425631,9.869605
10.900000,0.012602,-0.003136,0.010235,0.800045,-2.178216,9.694145
9.340000,0.007477,-0.003997,0.003168,0.351852,-0.816200,9.869605
10.290000,0.035910,0.010005,0.006775,0.447837,-1.223670,13.214302
7.940000,0.026092,0.001679,0.001413,0.283639,0.206013,11.075889
5.610000,0.014675,-0.004261,0.002437,0.330373,0.000000,0.000000
5.450000,0.003186,0.000153,0.002632,0.424603,-0.277273,0.932129
6.550000,0.097252,0.000000,0.000000,0.149277,-0.150116,1.140488
10.900000,0.005966,-0.008795,0.015304,1.144265,0.990323,2.533199
18.990000,0.012797,0.003954,0.012965,1.150493,7.299925,58.088108
10.120000,0.013815,-0.025208,0.106446,1.103208,8.711382,124.982086
18.820000,0.010988,-0.014718,0.032801,2.272195,2.102269,123.490685
14.330000,0.014588,-0.001585,0.033191,0.471652,5.040031,138.240250
21.309999,0.004189,0.001210,0.004045,1.569475,9.271973,72.969269
16.030001,0.021520,-0.027126,0.060534,1.167284,9.601137,118.588776
8.410000,0.009947,-0.026384,0.268453,0.541542,3.698459,94.890762
18.200001,0.002941,-0.008207,0.336785,1.478485,3.850523,44.972496
8.260000,0.007135,-0.024365,0.429340,0.301659,1.255057,60.314251
12.460000,0.025973,-0.018817,0.056976,1.197128,0.861621,13.488458
11.830000,0.010277,0.039031,0.244181,0.805307,1.027053,19.815969
9.660000,0.000741,0.000989,0.059315,0.488373,-0.551482,13.784548
6.860000,0.018354,-0.038290,0.258657,0.462311,0.502315,6.810027
10.910000,0.018194,0.016720,0.164152,0.738337,0.665950,8.476894
8.260000,0.008529,-0.017027,0.080419,0.278087,-0.171068,1.864259
8.560000,0.016807,-0.020249,0.103034,0.528222,-0.331446,4.386491
9.500000,0.044581,0.007499,0.020178,0.304739,-0.300663,2.851219
5.610000,0.031860,-0.051474,0.176922,0.358363,-0.461779,2.906050
7.000000,0.002243,0.001764,0.217131,0.566099,0.714442,1.326914
17.280001,0.010045,-0.013081,0.093481,0.951670,5.005476,32.690323
25.469999,0.008506,0.000622,0.007847,2.483193,15.578093,116.921906
14.950000,0.028834,0.001321,0.015450,0.863045,0.630522,297.162811
51.299999,0.009124,-0.002514,0.008432,1.825221,8.641356,108.061188
5.140000,0.011536,-0.011761,0.083343,0.370691,10.468816,327.659882
14.480000,0.008348,0.000392,0.222395,0.654198,-4.608804,124.642128
28.420000,0.016625,-0.030407,0.094066,2.997591,4.961658,23.698017
14.000000,0.034295,-0.014863,0.042354,1.786706,-11.904749,128.973801
26.889999,0.271496,-0.010704,0.159912,1.831816,-3.287154,14.025804
14.170000,0.003587,0.003562,0.008286,0.817655,-2.782262,50.291119
13.240000,0.038490,0.003443,0.029146,0.246151,0.614615,14.552183
6.690000,0.021186,-0.000716,0.057463,1.005081,1.095988,2.127448
5.290000,0.041506,0.018306,0.011990,0.633716,-0.567618,4.309728
12.610000,0.013115,0.002642,0.007993,1.204266,-1.938993,5.307654
13.720000,0.005044,-0.001466,0.010771,0.639639,-2.222528,13.477493
11.210000,0.018790,-0.000111,0.017059,0.853438,-2.064276,9.869605
8.410000,0.010934,-0.005863,0.028220,0.408863,-0.796181,8.871678
9.190000,0.008108,-0.002182,0.000829,0.517681,-1.079655,11.953188
7.940000,0.010414,-0.003076,0.011064,0.300221,0.276102,7.424136
8.100000,0.038289,-0.003230,0.005751,0.375502,0.314236,3.728517
7.780000,0.007375,-0.004142,0.018375,0.472050,-0.013624,0.087730
6.860000,0.002071,0.002045,0.002193,0.469277,0.105727,0.372852
5.610000,0.012365,0.005369,0.005654,0.754773,-0.787990,1.579137
8.100000,0.006862,-0.002096,0.001413,0.515719,-0.734641,3.169239
10.750000,0.022250,0.001577,0.001218,0.673755,-1.465103,6.853892
8.410000,0.078315,0.000187,0.002437,0.521058,-0.970445,4.836106
8.570000,0.037523,-0.001091,0.001413,0.444142,-0.883446,8.772983
15.560000,0.003059,-0.004005,0.007847,1.124658,0.808462,5.965628
24.709999,0.004092,0.006238,0.012623,2.472193,15.320951,114.037804
56.660000,0.107177,-0.420481,1.854267,4.557162,-26.636118,300.277191
28.129999,0.020520,-0.211604,3.048611,2.064856,15.180127,135.487732
24.900000,0.149223,-0.113020,0.126233,1.282408,0.792612,371.206848
41.009998,0.007996,0.008053,0.288095,1.939717,12.034102,177.356781
8.250000,0.011241,-0.060149,1.135468,0.657867,6.715847,179.484238
7.020000,0.026849,0.025711,0.568587,0.845777,-3.998429,68.319595
39.330002,0.004371,0.000844,0.011015,3.630007,0.808208,5.208958
10.430000,0.008835,0.009127,0.018521,0.941493,-7.115007,84.198685
31.730000,0.007488,-0.006068,0.004923,2.026947,-3.514861,9.628347
7.630000,0.015230,-0.008258,0.007311,0.397059,-2.360224,41.649727
14.630000,0.013301,-0.020845,0.042988,0.926838,-2.512705,11.086855
9.660000,0.010517,-0.021689,0.117655,0.331706,-0.920058,20.671337
6.700000,0.003608,0.006528,0.012623,0.705927,-0.697029,2.467402
6.550000,0.001076,0.000469,0.207140,0.232150,0.290005,1.140488
7.630000,0.011748,0.008028,0.018033,0.478000,-0.184870,0.811501
4.830000,0.008443,-0.008565,0.025442,0.194209,-0.022502,0.394784
9.820000,0.011323,0.001636,0.000877,0.747860,-0.395762,0.274156
5.140000,0.017628,0.001381,0.000195,0.258294,-0.268509,0.888264
10.750000,0.002117,0.000128,0.001218,1.155216,-0.311534,0.098696
6.080000,0.002114,0.000000,0.000000,0.495791,-0.412506,0.537345
5.140000,0.010863,0.001790,0.000439,0.964476,2.232397,6.316547
10.130000,0.048259,-0.023674,0.012672,0.198441,-0.413264,7.994380
5.300000,0.008096,-0.001432,0.000439,0.144472,-0.049672,3.564024
10.600000,0.005946,0.003332,0.005751,0.478443,-0.180255,1.590103
16.980000,0.008114,-0.007142,0.009455,0.676747,3.312000,31.867855
21.320000,0.015689,0.002250,0.001755,1.291575,8.957255,71.455933
7.010000,0.045292,0.013593,0.006531,0.476462,8.762859,198.422928
16.809999,0.010553,-0.082954,0.680296,0.949610,1.054881,152.584076
19.750000,0.045833,0.009264,0.014183,2.047643,11.017110,74.405846
6.380000,0.000261,0.001432,0.008870,0.162939,-0.211380,137.439728
19.770000,0.047217,-0.059314,0.192372,1.270143,3.138962,10.538544
5.300000,0.034173,-0.047161,0.077300,0.797239,4.585151,49.402859
7.780000,0.030872,-0.049454,0.119215,0.284025,0.438901,13.718749
9.030000,0.050797,0.034719,0.029292,1.023378,1.251683,1.721698
5.460000,0.020713,-0.009025,0.008529,0.284315,1.066234,5.801135
9.820000,0.035401,-0.004218,0.002534,0.520261,0.364293,0.405750
7.320000,0.003780,-0.001611,0.003412,0.597222,0.349781,0.394784
9.190000,0.003998,0.002028,0.001950,0.486177,0.324720,0.438649
6.540000,0.019841,-0.004099,0.002583,0.683870,0.161378,0.054831
7.630000,0.006111,-0.003366,0.003558,0.652471,0.211066,0.186426
10.910000,0.031102,0.001176,0.000439,0.696774,0.184898,0.098696
6.550000,0.033496,-0.012400,0.018813,0.629033,0.488931,0.712805
12.150000,0.030747,-0.003324,0.003314,0.664634,0.250058,0.175460
7.940000,0.003953,-0.000631,0.003997,0.559026,0.457615,0.548311
5.760000,0.015417,0.009033,0.009699,0.596187,0.298622,0.274156
9.820000,0.006455,-0.004065,0.003753,0.553264,0.527638,0.636041
9.190000,0.003450,-0.001960,0.006775,0.595811,0.477835,0.701839
11.840000,0.007045,-0.002915,0.009455,0.557868,1.068499,2.390638
7.790000,0.028142,-0.003187,0.007555,0.443780,0.902492,3.596922
5.140000,0.012107,-0.000460,0.015499,0.371299,0.795281,2.324840
10.130000,0.005181,0.004559,0.022907,0.361207,1.584339,7.292542
37.459999,0.004283,-0.000077,0.004045,1.371380,4.669806,19.355392
9.340000,0.011308,0.002250,0.037773,1.035884,7.268207,187.961136
19.610001,0.013754,-0.082128,1.119579,0.729939,3.074562,60.862553
17.719999,0.015272,0.018979,0.169124,1.651186,12.820737,111.186569
9.650000,0.016624,0.008462,0.051127,1.462259,8.462464,244.919693
18.520000,0.010778,-0.009391,0.319629,1.913161,3.517836,97.840683
14.930000,0.034288,-0.034881,0.039089,1.817836,3.028395,60.204582
9.340000,0.013143,-0.014846,0.022371,0.433289,3.343101,70.512840
13.710000,0.043674,-0.001449,0.005946,0.749480,1.319199,7.511865
7.780000,0.022388,0.002983,0.002583,1.017345,3.082838,10.121828
9.510000,0.003770,0.001534,0.015304,0.307194,0.485496,14.091602
8.880000,0.011213,-0.005914,0.010820,0.946187,0.516593,0.745703
6.080000,0.012241,0.002369,0.026611,0.265842,0.710894,6.163019
9.820000,0.017276,-0.001551,0.009017,0.627934,0.232129,0.142561
6.700000,0.039078,-0.003690,0.002583,0.426882,0.534157,1.096623
7.010000,0.014299,0.000639,0.000634,0.510333,0.000000,0.000000
5.920000,0.008471,0.001312,0.000634,0.397237,0.209618,0.274156
7.010000,0.031832,0.006119,0.002583,0.450941,0.000000,0.000000
7.160000,0.021055,0.000997,0.003948,0.399251,0.092686,0.043865
8.560000,0.008284,0.006562,0.005897,0.583581,0.854481,2.741557
11.670000,0.007245,-0.009425,0.022712,1.022174,4.944723,31.111187
27.799999,0.016087,-0.012280,0.710075,2.094941,14.125366,101.229240
5.300000,0.012717,-0.040616,0.283172,0.187415,5.369997,300.101746
34.380001,0.029963,0.005608,0.007896,1.660568,5.537643,67.617760
21.010000,0.024275,0.007781,0.002583,1.519838,12.143690,163.374847
10.130000,0.085156,-0.114350,0.168198,0.337846,1.910405,153.110474
38.990002,0.023410,-0.040386,0.759643,2.180496,5.016490,34.773903
10.430000,0.021641,0.000145,0.179115,0.730325,3.901486,107.765121
10.890000,0.010142,0.095541,1.022198,0.622296,1.286559,12.863383
10.580000,0.024170,0.046667,0.104593,0.885471,2.235285,11.097822
8.410000,0.022604,0.014488,0.274156,0.558002,0.540957,6.239784
14.010000,0.005777,-0.004585,0.081491,1.204789,-1.218591,4.792241
7.630000,0.016828,-0.007124,0.087974,0.459907,0.459571,0.888264
7.940000,0.003685,-0.006323,0.021494,0.435769,-0.220079,1.765563
8.110000,0.005893,-0.003886,0.021591,0.401251,0.324991,2.982814
9.510000,0.011729,-0.004022,0.002145,0.665897,-1.040024,4.057504
9.040000,0.037798,-0.005522,0.020568,0.384330,0.021441,6.952588
9.810000,0.020187,-0.010124,0.007798,0.715589,-1.477416,5.801134
6.230000,0.029628,-0.009068,0.007555,0.346017,0.105415,7.994380
14.630000,0.002876,-0.000554,0.006092,0.417372,-0.938914,11.229417
8.720000,0.013894,-0.010891,0.021932,0.453723,1.119830,9.222597
7.170000,0.029062,-0.000656,0.003558,0.335374,0.219422,8.597523
7.320000,0.007781,-0.007167,0.011064,0.474836,0.536792,1.370779
5.760000,0.002362,0.001329,0.001316,0.355281,0.180338,0.888264
9.510000,0.021915,0.000196,0.001218,0.808589,-0.146964,0.043865
8.560000,0.004508,-0.000920,0.001998,0.471046,-0.414094,1.096623
7.930000,0.171597,-0.056493,0.020129,1.151713,-1.882833,4.397458
13.080000,0.034009,-0.008105,0.005946,0.627617,-1.262790,5.318621
9.960000,0.016071,0.031830,0.263043,1.097685,-2.527904,10.045065
15.860000,0.009480,0.005991,0.013793,1.680055,5.723611,24.037971
14.630000,0.010672,-0.028208,0.134032,1.442910,10.673336,84.154816
27.980000,0.005206,-0.050869,0.882611,2.569260,-3.321964,147.605423
13.560000,0.015621,-0.047997,0.422955,0.557792,4.152480,154.207092
35.540001,0.016445,0.012417,0.010771,1.793852,11.521791,92.412399
9.340000,0.034630,-0.025294,0.027879,1.044638,14.026680,208.380249
12.310000,0.051470,-0.200253,0.798780,1.112297,-1.562179,65.950890
19.290001,0.007170,-0.003017,0.352625,2.010442,6.261372,40.333786
9.040000,0.017664,0.067512,0.319580,0.657441,1.827541,51.508369
17.120001,0.025888,0.030535,0.039917,1.229375,0.558256,10.154727
7.010000,0.013325,-0.031242,0.099671,0.696916,2.605704,20.199791
7.940000,0.017954,-0.009673,0.022371,0.461323,0.613482,5.197992
12.160000,0.005101,0.002932,0.007018,0.824779,1.115498,2.675760
7.950000,0.030591,0.001406,0.028366,0.529419,0.320473,3.564024
14.330000,0.008085,0.001057,0.018423,0.942939,-0.225130,0.383818
6.700000,0.002399,-0.003042,0.016035,0.428073,0.000000,0.000000
8.260000,0.004642,-0.002531,0.017010,0.578515,-0.108856,0.493480
8.100000,0.031504,-0.002054,0.001072,0.448572,0.102798,0.537345
7.630000,0.005771,-0.000085,0.000195,0.651377,-0.197258,0.175460
10.750000,0.001696,-0.000383,0.001218,0.523771,0.084749,0.394784
16.950001,0.008136,0.002011,0.004192,1.679595,1.551849,1.633968
13.840000,0.009379,0.006963,0.032119,1.541139,6.433344,40.103493
69.959999,0.099728,0.000486,0.196807,3.096961,16.423325,132.658447
8.410000,0.062615,-0.165022,0.643352,0.596904,-3.521648,414.983948
54.020000,0.028877,-0.259200,4.004427,2.396839,7.609944,50.455608
16.510000,0.002298,0.019737,1.836770,0.480187,8.972424,293.785187
7.930000,0.054261,-0.011369,0.009309,0.588655,10.080627,246.564667
16.650000,0.022943,-0.105137,0.709393,1.682643,-2.108189,129.467285
8.870000,0.101644,-0.299118,0.947823,0.651663,4.559935,54.896931
14.480000,0.004032,-0.003656,0.022517,0.546141,0.704366,15.846198
11.060000,0.006343,0.013797,0.054295,0.891941,2.643012,14.530250
5.610000,0.007054,0.003758,0.004045,0.136944,0.273868,4.594849
8.250000,0.021614,-0.013175,0.019544,1.091076,1.049401,1.579137
6.390000,0.009218,0.002761,0.001267,0.279701,-0.333755,5.965628
8.410000,0.009239,-0.005744,0.008042,1.517110,0.572947,0.274156
11.680000,0.087148,0.003895,0.001608,0.558956,-1.780753,11.942222
7.010000,0.004791,-0.000758,0.005020,1.921407,3.768951,8.597523
4.670000,0.009866,-0.020658,0.134958,0.302748,-0.074889,0.175460
8.410000,0.006397,0.026913,0.129207,0.780124,-0.226075,0.098696
6.690000,0.013357,0.006187,0.042598,0.473032,1.949389,18.434227
13.080000,0.011614,-0.000767,0.000439,0.468085,2.381134,27.415567
9.190000,0.272457,-0.005471,0.213086,0.297580,-0.393136,5.307654
6.690000,0.020054,0.010482,0.016717,0.282115,-0.323214,6.316547
22.730000,0.006250,0.001619,0.012623,0.784584,-2.717469,14.212230
7.930000,0.070004,-0.002940,0.002583,1.019467,-4.099764,22.206610
5.600000,0.029184,-0.056382,0.148312,1.303934,2.561466,6.316547
11.520000,0.017115,-0.002744,0.020617,0.264057,-0.011000,6.853892
7.930000,0.023845,-0.010525,0.018180,0.406039,-0.734646,5.844999
20.090000,0.013533,-0.001568,0.051663,0.692889,-1.995582,24.959133
63.869999,0.020090,-0.076810,0.336395,4.623041,-0.471349,36.692993
5.920000,0.012299,0.008147,0.061021,0.428930,1.613415,275.361969
42.060001,0.044993,-0.361662,3.458797,3.094934,3.456926,48.854542
13.710000,0.002365,0.017973,0.600511,0.717750,10.550261,248.077972
28.170000,0.001808,0.000383,0.032558,1.175551,15.125817,241.838196
17.570000,0.032152,-0.134897,0.903958,1.893324,5.617251,201.986923
5.610000,0.012901,-0.020419,0.943632,0.572917,0.068933,161.225464
36.040001,0.017709,0.098533,0.611087,2.064348,1.896637,10.275355
8.100000,0.029606,-0.066012,0.189594,0.400290,0.011266,64.580116
7.950000,0.015032,0.015936,0.026465,0.472817,-0.394096,4.364559
8.100000,0.014380,-0.007891,0.007408,0.662624,1.406526,15.637839
6.230000,0.006086,0.001381,0.004045,0.237105,-0.405044,7.259643
8.570000,0.006403,0.005693,0.013159,0.599214,1.329270,9.913470
10.750000,0.007190,-0.002616,0.005556,0.232047,0.289568,4.496153
5.760000,0.001201,0.000426,0.000975,0.436344,0.787311,3.564024
7.320000,0.026718,-0.018868,0.015499,0.287285,-0.005925,0.274156
7.170000,0.001299,0.000954,0.016522,0.734531,0.502017,0.537345
6.860000,0.002797,-0.000946,0.006580,0.299243,0.036169,0.043865
10.750000,0.005086,0.000494,0.004338,0.896725,0.053789,0.098696
13.860000,0.013277,-0.000716,0.036067,0.831453,0.741744,1.601069
17.280001,0.003183,-0.001193,0.007262,1.223501,5.823006,38.272133
37.740002,0.004835,-0.004287,0.021786,2.151606,11.597022,95.132019
9.500000,0.042279,-0.137717,0.689166,0.806162,12.557028,282.862885
18.660000,0.005871,0.030219,0.665723,2.994144,-7.486556,154.678635
14.010000,0.030743,0.035196,0.252418,1.538132,6.521664,109.717102
36.320000,0.029127,-0.132084,0.847811,2.705304,7.196863,119.411247
16.350000,0.039861,-0.157625,0.902886,1.409316,-1.929062,200.331024
20.530001,0.003140,0.002625,0.039673,1.378642,2.377315,19.925634
9.190000,0.027832,0.025558,0.102449,1.345508,1.821581,79.406448
13.540000,0.017956,-0.005394,0.052930,0.633817,-1.297150,16.372576
9.950000,0.009470,-0.008735,0.015840,1.835311,2.907910,14.442520
8.730000,0.001904,-0.003068,0.010625,0.155557,-0.543209,11.722898
8.720000,0.015989,-0.004747,0.008286,1.313278,-0.153347,0.668940
5.760000,0.015210,0.003673,0.002827,0.280651,-0.011491,3.344699
11.060000,0.032368,-0.013133,0.007311,0.661007,-0.198443,0.175460
7.320000,0.009577,-0.005522,0.010235,0.310383,-0.034978,2.149381
12.610000,0.011535,0.004500,0.014329,0.749756,-0.883869,2.149381
6.700000,0.008240,-0.005267,0.004240,0.394982,-0.112591,3.169239
6.700000,0.014533,0.002923,0.006970,0.800895,-1.068820,2.807354
8.100000,0.010353,-0.002403,0.006921,0.416015,-0.268470,3.958808
6.230000,0.002100,-0.000639,0.007555,0.950190,-1.627339,4.836106
10.120000,0.023437,-0.013567,0.011892,0.494642,-0.817725,7.994380
19.299999,0.012365,-0.004363,0.011795,1.285156,-3.138040,11.229417
7.940000,0.010116,-0.001261,0.010235,0.635098,-1.762438,14.212230
14.020000,0.008722,-0.005812,0.005946,1.288391,-2.641818,7.994380
5.920000,0.006263,0.000060,0.002583,0.408744,-0.089563,0.109662
7.320000,0.009339,-0.000298,0.011502,0.634984,0.157095,0.098696
10.750000,0.003649,-0.000341,0.003119,0.487046,1.035688,2.642861
22.070000,0.010198,-0.004525,0.012818,1.981452,6.380654,24.674011
10.900000,0.021246,0.005983,0.017448,0.704565,3.618768,192.062485
15.400000,0.010982,0.023044,0.136907,1.670966,2.568341,113.478516
11.360000,0.025181,-0.015630,0.012185,0.544118,7.115788,108.072166
29.110001,0.008662,-0.002863,0.004923,1.502312,9.564267,104.332687
13.370000,0.022282,0.007235,0.040307,1.085134,7.076463,122.284401
9.500000,0.023711,-0.019175,0.265626,0.648172,5.594505,89.802437
12.300000,0.010630,0.014590,0.029292,1.036114,3.311465,52.714649
10.120000,0.002936,-0.002309,0.108639,0.660192,1.124215,45.553707
13.710000,0.006357,-0.001747,0.008286,0.777891,2.023570,20.528778
10.280000,0.035976,-0.039108,0.055660,0.576816,1.117511,22.261438
7.790000,0.011998,0.012434,0.065846,0.374532,1.318624,12.600195
10.120000,0.042252,0.015621,0.094456,0.676781,0.655708,3.553057
5.920000,0.007357,0.006076,0.022907,0.178477,0.376408,5.494081
7.320000,0.007540,0.006400,0.021201,0.349598,0.236369,0.975994
7.010000,0.005427,-0.001645,0.042598,0.295746,0.451938,2.127448
5.920000,0.003989,-0.006750,0.012721,0.372262,0.000000,0.000000
7.320000,0.011882,-0.011053,0.030657,0.326366,0.140332,0.175460
7.320000,0.020690,0.004636,0.022225,0.369255,0.000000,0.000000
5.760000,0.019576,0.000903,0.002632,0.353395,0.000000,0.000000
7.630000,0.001796,0.001508,0.002876,0.373519,0.039916,0.010966
10.900000,0.002705,0.000230,0.005751,0.666338,0.247188,0.175460
23.020000,0.002176,0.002471,0.003607,1.358548,3.626437,10.933329
43.150002,0.016956,0.000298,0.016717,2.626057,10.525595,48.733910
13.360000,0.018357,-0.045883,0.157085,1.899942,20.839376,262.937225
13.240000,0.040773,-0.170715,0.919262,1.158983,-5.237744,236.486694
37.900002,0.022224,0.035571,0.720067,1.986433,9.223112,91.842148
23.500000,0.004919,0.030006,0.369830,1.725759,7.394658,151.805481
21.480000,0.024356,-0.055709,0.358620,0.778203,5.513081,121.450966
10.890000,0.061016,0.080960,0.305641,1.191187,4.508179,44.895737
9.810000,0.041512,-0.066132,1.134785,0.904217,2.320230,24.092800
7.170000,0.036937,0.016703,0.344924,1.117016,2.593105,23.577389
9.340000,0.006889,0.003596,0.007701,0.956918,-0.716350,8.180806
12.610000,0.012420,0.010201,0.019788,0.766454,-0.484431,12.172513
8.870000,0.012483,-0.000119,0.045863,0.826420,-1.326102,8.027279
6.540000,0.005731,0.000068,0.010333,1.043806,-0.544928,8.564625
11.380000,0.023352,0.022873,0.079006,0.525205,-0.761361,6.733263
6.380000,0.022486,-0.002250,0.005459,1.503929,3.200075,10.823667
12.780000,0.024100,0.023291,0.055416,0.154164,-0.443686,14.508318
8.250000,0.020872,0.012076,0.029438,0.411058,-0.407049,3.004746
5.140000,0.004984,-0.004022,0.028610,0.144908,0.198808,1.403677
6.240000,0.021873,-0.005258,0.008432,0.180105,0.102882,1.491407
6.080000,0.030299,0.026146,0.033922,0.302946,0.044479,0.043865
5.610000,0.005083,0.000494,0.002876,0.548367,1.763507,5.987560
12.310000,0.011377,-0.012988,0.019301,0.505120,0.101536,0.372852
7.320000,0.015099,-0.004372,0.004143,0.577382,0.941169,1.853292
6.540000,0.008127,-0.000162,0.003802,0.408220,0.197897,1.272082
10.440000,0.013807,0.000776,0.001657,0.777868,0.694524,1.436576
7.930000,0.004832,-0.002633,0.004338,0.477094,2.230248,21.208681
51.689999,0.015654,0.001866,0.003022,2.391424,9.299421,37.603191
17.430000,0.022757,0.035622,0.750821,1.214833,-1.646284,195.911652
13.060000,0.006130,-0.082750,1.412889,1.595959,12.400476,101.821426
22.860001,0.046904,-0.024697,0.024808,0.943672,13.817089,206.274719
22.379999,0.007161,-0.029120,0.191738,1.969579,15.740990,238.482513
35.669998,0.027004,0.017700,0.520043,2.102870,22.207626,357.104218
29.690001,0.039141,-0.083977,0.320506,1.825118,-3.933696,368.037537
34.150002,0.033399,-0.029086,0.510295,1.822756,9.414727,192.248932
26.129999,0.006105,0.016533,0.444644,1.532865,15.410827,320.027405
8.880000,0.057699,-0.075762,0.341610,0.794903,4.806862,325.455688
15.260000,0.007555,-0.033211,0.976287,1.206458,10.177873,185.340210
20.230000,0.048411,0.015238,0.055124,0.930657,-3.377733,183.026352
21.780001,0.007488,-0.005412,0.019983,1.558837,1.100549,22.919415
9.340000,0.005069,0.022285,0.145095,0.434123,1.523765,83.891647
11.060000,0.005391,-0.000520,0.007311,0.841514,0.307071,5.252823
8.710000,0.012560,0.004841,0.010528,1.690319,2.134560,6.163020
12.770000,0.011508,0.007133,0.012721,1.123427,-3.416047,23.785748
19.139999,0.003994,0.001142,0.020909,1.452508,-1.389271,7.468001
10.120000,0.014432,0.004031,0.015840,0.534539,0.556219,42.713455
23.799999,0.009172,-0.004244,0.004581,1.336276,4.826283,36.353043
18.520000,0.003572,0.010090,0.030705,0.888427,10.816892,157.420181
26.889999,0.011913,-0.004645,0.014280,1.731926,8.458086,143.076370
54.250000,0.040208,-0.019984,0.031047,3.912676,21.115292,211.077957
8.410000,0.005230,0.032768,0.495917,0.961177,1.364923,529.822266
53.980000,0.011429,-0.029623,0.242037,2.217155,17.967688,196.284485
22.370001,0.252391,0.038597,0.832020,2.540808,31.275265,418.591827
8.560000,0.101826,-0.090028,0.606798,1.665868,-17.688198,431.213959
71.870003,0.019962,0.050059,0.809941,5.244572,22.780895,105.308678
9.340000,0.024828,0.018740,0.241257,0.935943,13.456938,404.511200
29.070000,0.009353,-0.003076,0.039235,0.832200,7.863534,306.889832
56.959999,0.026764,-0.044596,0.669573,4.336671,32.536705,252.234177
3.580000,0.010088,0.003511,0.011064,0.099074,1.069515,635.054199
46.529999,0.056502,-0.153398,0.516290,2.462633,15.920322,269.955627
18.660000,0.014712,-0.160131,4.447365,2.145428,25.309586,388.083832
8.250000,0.050411,0.243127,2.822268,0.250090,-2.734787,454.517242
44.389999,0.001392,0.026598,1.618030,2.140734,13.519971,171.402115
11.660000,0.030813,0.075753,1.215009,1.212463,6.911562,266.161285
24.230000,0.017676,-0.125957,1.078541,2.729214,4.563287,171.182816
46.810001,0.005852,-0.083193,2.542702,2.745658,17.834688,153.494278
13.540000,0.021642,0.211647,2.728446,1.103628,10.943118,255.315689
48.389999,0.002065,0.003170,1.292260,3.292964,15.267183,176.578201
23.760000,0.064722,-0.033671,1.079369,2.951845,15.404599,344.975555
25.799999,0.019847,0.010695,2.214008,1.724593,12.245353,337.112762
40.950001,0.009026,0.039577,1.079954,2.624351,29.256207,383.927612
24.870001,0.007503,0.051346,1.633237,2.485992,12.466304,442.640747
24.400000,0.057456,-0.091536,0.603240,1.804123,10.553049,392.656738
37.529999,0.054577,-0.159645,1.034724,2.667258,30.266785,447.794922
15.550000,0.001708,-0.000034,1.002703,1.222595,22.455862,699.261475
8.560000,0.018971,-0.068373,0.518776,0.418212,7.106213,605.566040
36.970001,0.024639,-0.054132,0.396539,3.434602,1.864090,97.665222
42.680000,0.026925,-0.116301,0.622589,3.322033,9.114764,161.664124
27.980000,0.165400,-0.155980,0.214743,2.923410,-5.453272,86.435799
26.850000,0.027958,-0.088255,0.379870,2.813211,9.690105,179.199097
35.700001,0.000158,0.005309,0.256512,1.484059,16.775059,266.150330
7.780000,0.022425,-0.175044,1.376237,0.108889,5.010525,329.469299
38.470001,0.025839,-0.070163,0.651784,4.998166,8.351672,64.031799
18.830000,0.009198,-0.009869,0.332057,2.155627,-5.341616,322.121948
28.270000,0.027043,0.011079,0.085049,1.766331,-3.911906,154.097412
29.330000,0.016227,0.000886,0.018472,2.513033,7.111091,103.455383
13.690000,0.029527,-0.054371,0.133593,1.425732,8.553615,142.769318
13.220000,0.069287,-0.070623,0.116242,3.077265,-7.314454,102.928993
60.630001,0.016536,0.000963,0.022371,6.920297,-4.481872,78.540115
42.189999,0.033396,-0.078847,0.320214,3.798778,-25.796196,298.796783
60.410000,0.073270,-0.047161,1.301131,5.531829,-15.333395,84.110962
19.290001,0.032730,0.003426,0.152211,2.754578,-14.526275,134.906525
11.670000,0.008458,-0.032384,0.176727,0.728162,2.079890,36.692993
7.470000,0.024787,-0.045193,0.093091,3.049291,0.938760,0.394784
32.750000,0.034747,0.003059,0.148653,4.027615,-14.662791,61.630196
28.440001,0.016639,0.018127,0.118435,3.418767,-17.618998,96.996269
35.099998,0.007848,-0.006946,0.018569,3.774435,-17.090246,78.222092
9.970000,0.006875,0.021033,0.126965,0.159476,-3.865802,130.838043
15.560000,0.015226,0.002182,0.003899,0.813876,1.750880,5.581810
25.020000,0.018023,-0.031020,0.085634,3.027669,6.886675,28.128372
19.600000,0.020173,-0.006852,0.035969,2.756683,-12.971297,181.238815
41.910000,0.013497,-0.013354,0.051322,3.343155,2.540632,39.719677
12.450000,0.007489,-0.009630,0.042646,0.771861,1.586987,143.471146
29.840000,0.028580,-0.004167,0.008432,1.798294,7.469702,36.769760
30.910000,0.003566,-0.001585,0.070233,2.705513,12.946538,96.557632
21.000000,0.013503,0.016763,0.161520,2.046424,-7.991846,254.778366
49.980000,0.020565,-0.025208,0.227415,3.815373,7.967093,46.277477
12.610000,0.008382,-0.038878,0.539928,0.514350,5.213383,182.324478
25.820000,0.029591,0.015468,0.028707,1.324182,7.311282,51.629002
25.660000,0.017469,-0.029538,0.166004,2.753943,11.453055,75.206383
17.719999,0.042334,-0.089022,0.776604,1.591779,-2.477194,173.200592
38.369999,0.000997,-0.003153,0.282149,3.490089,4.880677,53.383595
16.490000,0.011483,0.002062,0.065554,1.222820,0.894483,130.092361
20.670000,0.023511,-0.077406,0.522577,2.122844,8.365232,61.904350
10.430000,0.026837,-0.099462,0.844205,1.117048,7.977694,89.418610
16.030001,0.044450,-0.011190,0.511416,1.448541,3.974270,63.209332
22.549999,0.040995,-0.005318,0.075009,1.836398,3.958295,40.410549
10.900000,0.023499,-0.009417,0.014134,0.646634,-1.994982,61.388943
14.160000,0.008847,0.004287,0.087437,1.354835,0.175593,4.068470
7.160000,0.004004,-0.001585,0.023882,0.372477,4.402537,124.696968
49.630001,0.011721,0.023751,0.195637,2.406120,11.182110,82.334427
11.360000,0.022383,-0.016252,0.123748,0.821110,10.590961,387.085876
19.000000,0.029740,-0.186788,1.295526,0.791593,0.809547,253.374680
14.460000,0.015013,-0.000383,0.138272,1.378919,12.217528,180.734390
9.340000,0.020702,-0.042415,0.214938,0.838911,3.216937,143.142166
15.550000,0.062448,-0.000631,0.006775,1.633129,2.528739,126.616058
19.889999,0.016657,-0.003153,0.012233,1.603594,7.746683,82.334435
12.610000,0.007787,-0.011062,0.094651,0.973136,5.954318,169.790100
8.880000,0.025959,-0.010636,0.224150,0.560571,1.431924,109.958366
20.059999,0.007527,-0.000213,0.001218,2.061699,6.033103,39.127495
14.800000,0.030215,-0.001713,0.002632,0.765550,-4.455814,111.318176
13.700000,0.013037,0.001739,0.001852,1.379765,0.933778,11.613235
7.010000,0.010702,0.019831,0.045083,0.655741,1.433934,33.282501
12.930000,0.288333,0.028481,0.014329,0.688633,-2.459484,16.427410
14.310000,0.012226,-0.006034,0.084659,1.833175,0.793610,18.324566
17.430000,0.015937,0.012476,0.036505,1.769420,-4.735435,62.924213
11.830000,0.019239,-0.022013,0.213378,1.621615,6.396476,93.059402
30.020000,0.015807,0.013567,0.034653,1.462385,2.383615,74.087830
48.389999,0.001833,0.006554,0.034020,3.400557,1.803757,137.242325
11.050000,0.052133,-0.049249,0.137297,1.163133,-12.352613,238.032913
35.439999,0.009586,0.001057,0.018618,1.484425,5.734123,37.668987
7.470000,0.010243,0.011309,0.043183,0.379896,3.664170,94.320518
14.320000,0.017191,-0.025515,0.048154,0.648893,0.197347,8.663320
22.709999,0.003037,0.000026,0.018862,1.869256,0.025737,29.027603
9.190000,0.034505,-0.024868,0.043572,0.790118,-5.179453,45.202789
18.820000,0.004913,0.010525,0.058194,1.693442,-1.302827,12.018986
8.730000,0.021407,-0.008744,0.222882,0.208858,-1.252313,41.616833
22.540001,0.017509,-0.006579,0.160838,2.299371,0.152854,12.205411
11.210000,0.020982,-0.020402,0.027537,1.285095,4.542406,62.507492
28.459999,0.070387,0.001176,0.076910,1.830125,0.771758,79.176155
12.610000,0.003400,-0.003324,0.057024,1.257317,3.085113,96.524719
31.530001,0.028391,0.000486,0.060241,2.509792,8.734950,74.504547
7.470000,0.026472,0.022175,0.680881,1.074244,5.997851,202.173355
41.599998,0.012471,0.020257,0.316120,2.485209,5.936119,54.019634
22.690001,0.032894,0.085954,0.469939,1.820897,11.535583,284.463928
11.210000,0.015023,0.040983,0.514438,0.246767,0.999874,192.457291
30.129999,0.012983,-0.003886,0.316120,3.883769,13.464952,66.554031
9.800000,0.032887,0.065041,0.374265,1.202998,-6.836238,221.177826
18.350000,0.003581,-0.008130,0.031875,2.113983,0.378858,26.998852
15.110000,0.009750,-0.017308,0.046107,0.713434,1.672409,59.886566
10.290000,0.012393,0.006196,0.022810,0.424167,1.231858,12.238309
8.250000,0.008008,-0.000690,0.016474,0.856415,1.554667,3.531126
8.410000,0.002536,0.000409,0.006092,0.853379,-0.553695,2.906050
7.630000,0.013739,0.003843,0.007944,0.850318,-1.189106,4.265862
8.720000,0.001644,0.000051,0.001316,0.565885,0.095702,0.043865
7.940000,0.021467,0.004261,0.001413,0.419133,-0.108536,1.272082
7.160000,0.002447,0.002506,0.005313,0.491704,0.170105,1.337880
7.790000,0.008312,0.000810,0.008676,0.452157,0.000000,0.000000
4.200000,0.003989,0.002565,0.005020,0.217249,0.011243,0.010966
6.380000,0.012049,-0.008590,0.007457,0.067289,0.051745,0.986960
7.940000,0.014447,0.004261,0.004192,0.083315,0.626693,5.987560
7.950000,0.003800,0.003537,0.005556,0.449814,2.413309,21.735062
11.990000,0.018413,-0.014990,0.018423,0.433887,3.558207,39.423584
13.370000,0.009342,0.003034,0.004923,1.163024,6.477588,43.086308
11.980000,0.007008,-0.001960,0.001218,0.813637,6.351927,75.019974
21.950001,0.002906,0.005335,0.009845,0.987095,5.788550,49.698944
8.400000,0.004295,0.002506,0.004484,0.826611,6.333387,58.417091
17.760000,0.007811,-0.008241,0.011405,0.969208,2.843890,45.246651
14.010000,0.003104,0.011377,0.057561,1.373679,5.705064,28.917940
8.730000,0.125691,-0.023299,0.029389,0.796962,2.242373,23.445793
13.860000,0.002162,-0.006349,0.051761,1.009393,2.154219,13.729717
7.630000,0.008498,0.000443,0.011844,0.693143,0.745091,3.969774
16.350000,0.018552,0.002327,0.002973,1.172204,0.740490,5.581810
11.370000,0.009219,0.010491,0.035677,0.805381,1.318890,6.733263
18.969999,0.021413,0.002906,0.005897,2.317189,3.270237,11.174585
9.190000,0.007364,-0.000861,0.060680,0.446276,4.822801,67.332634
47.650002,0.006324,-0.015928,0.312659,2.522773,7.358213,25.024929
14.010000,0.019138,-0.008744,0.064043,1.307056,8.887693,182.105164
24.139999,0.020541,-0.015340,0.028512,0.400959,2.699968,93.267769
38.279999,0.005537,-0.006767,0.103814,4.664799,17.522177,95.044289
4.670000,0.008430,-0.004824,0.028025,0.349638,-8.458282,275.767700
47.619999,0.110398,0.053391,0.064043,3.678268,4.220581,6.799061
7.160000,0.013645,-0.031003,0.107761,1.020242,8.121902,183.168884
9.820000,0.024655,-0.018399,0.026416,0.327158,-1.591074,87.971077
38.340000,0.006023,0.002216,0.013208,4.928730,10.975203,33.556656
4.520000,0.013927,0.024365,0.151821,0.600388,-0.914534,236.453781
65.209999,0.035062,-0.004355,0.047472,3.265825,2.327013,19.936602
16.190001,0.019017,-0.020487,0.061947,1.745894,-1.495739,267.564972
17.740000,0.013690,-0.036790,0.472279,1.538722,-3.443694,141.409485
47.240002,0.040275,0.079767,0.336395,5.659620,17.692986,110.024155
11.970000,0.041100,-0.172871,1.002021,2.022886,-7.313201,310.070099
52.970001,0.008693,0.006997,0.485731,2.887774,2.575336,142.144226
21.879999,0.027347,-0.063013,1.123770,2.143221,8.935806,254.262939
15.540000,0.013867,-0.068773,0.728011,1.103114,2.721924,140.597992
20.250000,0.061476,-0.095073,1.233189,1.100642,6.257183,58.844776
14.320000,0.004436,-0.033611,0.616107,1.969519,4.393813,57.452065
18.370001,0.042005,-0.089533,0.509710,1.320537,-0.689717,65.589005
12.760000,0.019222,-0.002565,0.086999,1.066368,1.059434,18.434229
9.030000,0.002061,-0.010815,0.075301,0.573143,0.281226,15.988759
13.390000,0.020565,-0.005454,0.063604,0.544266,0.448631,1.272082
7.170000,0.025021,0.000026,0.006044,0.602715,0.922463,2.511266
7.480000,0.008567,-0.000716,0.010771,0.508971,0.347412,0.712805
9.190000,0.026304,-0.016149,0.012818,0.654347,0.180526,0.098696
6.080000,0.003184,-0.004389,0.011502,0.503698,0.170839,0.186426
10.430000,0.010644,0.032001,0.113708,0.896168,0.543590,0.581210
12.300000,0.013259,-0.004423,0.075545,0.834602,1.114209,1.765563
10.430000,0.013445,0.016456,0.026416,1.205244,1.458982,1.842326
14.950000,0.005752,-0.003792,0.003363,1.050147,2.731483,9.913469
10.120000,0.007077,0.003366,0.009894,0.867681,2.333056,6.733264
12.450000,0.009051,0.001790,0.000439,1.327393,2.041417,5.143160
10.750000,0.007351,-0.000435,0.002388,0.598614,1.671117,7.796988
9.020000,0.003365,-0.001057,0.001657,1.253463,0.518738,0.559278
10.750000,0.015636,0.002906,0.010966,0.681188,0.938125,4.276828
11.680000,0.019385,0.022200,0.054734,0.886145,0.226551,0.142561
6.070000,0.007427,0.010295,0.017448,0.896717,0.484179,0.712805
11.840000,0.003251,0.006213,0.051907,0.787128,-0.042843,0.010966
10.120000,0.004940,0.000733,0.000975,0.814125,0.000000,0.000000
7.010000,0.005135,-0.001227,0.000439,0.807344,0.000000,0.000000
10.600000,0.014645,-0.002463,0.000634,0.806355,0.000000,0.000000
7.170000,0.002024,-0.001551,0.031339,0.800077,0.000000,0.000000
8.410000,0.021136,-0.001432,0.004386,0.791768,0.000000,0.000000
11.380000,0.006911,-0.000477,0.000390,0.780954,0.000000,0.000000
8.720000,0.012973,-0.001739,0.000877,0.775203,0.000000,0.000000
11.520000,0.012298,0.002727,0.003314,0.786487,0.000000,0.000000
9.190000,0.027695,0.003528,0.000877,0.785982,0.000000,0.000000
7.470000,0.007373,-0.000026,0.000634,0.781333,0.000000,0.000000
10.910000,0.020932,0.001969,0.001072,0.786229,0.000000,0.000000
7.330000,0.012931,0.001125,0.000634,0.792213,0.000000,0.000000
8.720000,0.018366,0.002693,0.001657,0.671722,0.000000,0.000000
4.980000,0.006221,-0.003596,0.005507,0.252407,-0.029723,0.010966
4.830000,0.015691,0.002812,0.007311,0.036962,0.013296,1.458508
8.100000,0.006476,0.002974,0.002778,0.141364,0.895421,6.689399
10.750000,0.001778,0.000477,0.000195,0.417652,2.395336,15.111463
11.840000,0.009035,-0.002088,0.002827,0.554810,3.253799,26.198317
18.370001,0.021461,-0.009477,0.029292,0.807420,4.388381,26.549236
9.180000,0.013570,-0.030876,0.181796,0.890074,4.736516,36.824589
7.780000,0.019827,0.059280,0.266894,0.555113,3.715429,34.324291
13.850000,0.011474,-0.003042,0.021494,1.169520,3.865539,14.848271
9.800000,0.030114,-0.001611,0.003607,1.035325,4.069819,24.454685
14.180000,0.009651,0.002207,0.038552,0.676872,2.175088,18.675484
13.380000,0.021988,-0.007678,0.149287,1.208053,2.532032,7.446068
5.920000,0.013682,-0.032418,0.183404,0.447339,1.948564,20.068197
14.010000,0.005153,-0.001364,0.154210,1.065247,0.873838,1.765563
6.540000,0.002007,0.000750,0.135055,0.627790,1.844143,10.363086
11.990000,0.003844,0.005079,0.141635,0.752951,0.761060,2.423536
13.070000,0.023691,-0.010082,0.020714,0.797027,1.253890,4.923836
6.700000,0.014117,-0.006281,0.010430,0.396680,0.997787,3.498227
9.650000,0.005156,0.001994,0.004825,1.005115,0.494345,0.449615
6.230000,0.060710,0.011326,0.005946,0.384300,0.855935,3.783349
10.600000,0.027260,-0.008872,0.004923,0.818254,-0.142562,0.372852
9.350000,0.012444,0.003230,0.002193,0.477571,0.577194,2.938949
8.410000,0.023288,0.000886,0.001657,0.758743,-0.304359,0.800535
9.510000,0.041531,-0.005522,0.002437,0.488456,0.088919,0.098696
8.570000,0.008881,-0.002403,0.002583,0.535625,-0.003167,0.383818
5.760000,0.015415,0.000000,0.000000,0.531557,0.133271,0.394784
9.190000,0.019057,0.002173,0.000877,0.534931,0.000000,0.000000
5.760000,0.008443,0.001406,0.000439,0.616226,0.197622,0.142561
9.190000,0.005187,0.000494,0.001998,0.657721,-0.037964,0.010966
7.320000,0.026715,-0.003784,0.001316,0.610103,0.263020,0.274156
7.160000,0.005001,-0.002437,0.002437,0.745522,0.122236,0.054831
8.410000,0.001372,0.000358,0.000877,0.751679,0.457045,0.372852
13.080000,0.020783,-0.002344,0.001852,0.847000,0.209204,0.142561
7.940000,0.012049,-0.000153,0.000877,0.760738,0.354351,0.372852
13.700000,0.004752,0.000767,0.000634,0.914893,0.302240,0.274156
8.560000,0.329870,0.009076,0.002096,0.861736,0.474480,0.712805
9.810000,0.002816,0.000068,0.002096,0.929515,0.583959,0.668940
13.860000,0.005732,0.001994,0.000877,0.880786,0.647426,1.601069
8.720000,0.025824,0.001900,0.002632,0.929444,0.800438,1.085657
13.400000,0.022312,0.009153,0.005702,0.773689,0.587576,1.754596
10.120000,0.018181,0.006196,0.004045,0.766521,0.558448,0.679906
7.010000,0.010845,-0.001508,0.000877,0.737371,0.511842,1.425610
9.970000,0.009839,-0.002284,0.001657,0.685474,0.377685,0.416717
6.700000,0.031030,-0.002301,0.001413,0.651421,0.361927,0.932129
7.780000,0.007303,-0.001227,0.000439,0.656967,0.078084,0.318021
11.050000,0.024275,0.001636,0.000780,0.634803,0.306296,1.107589
8.410000,0.009035,0.000383,0.002437,0.665436,-0.225853,0.745703
7.320000,0.019328,0.000060,0.001852,0.667396,0.000000,0.000000
11.370000,0.005038,-0.002096,0.001657,0.598871,-0.088690,0.438649
7.650000,0.025186,-0.006519,0.008432,0.595553,0.245436,1.096623
11.530000,0.006613,-0.000469,0.003022,0.644790,-0.317061,1.140488
7.790000,0.008066,-0.000690,0.003948,0.535205,0.232149,2.807354
9.970000,0.009178,-0.002241,0.000634,0.689706,-0.814383,3.553057
9.980000,0.012812,0.006434,0.007262,0.493442,0.232043,8.608489
10.910000,0.001253,-0.000835,0.002437,0.630080,-0.970717,7.413170
8.560000,0.012769,-0.013874,0.094651,0.545223,0.806093,9.233563
9.190000,0.030854,0.002991,0.003168,0.501608,0.388602,3.969774
5.450000,0.024341,0.002770,0.028171,1.354695,0.923896,0.899231
7.780000,0.007094,0.006051,0.046253,2.012708,-2.208472,3.169239
21.620001,0.028893,-0.048559,0.101474,2.574174,-8.930580,38.184402
31.860001,0.007698,-0.003332,0.111368,2.699950,-12.434657,68.440224
19.910000,0.010860,0.023691,0.339758,2.508931,-11.002022,58.482891
29.840000,0.039372,-0.051397,0.086804,1.283865,-8.456186,81.106209
11.990000,0.015405,0.032248,0.182137,0.364977,0.265802,30.804132
7.010000,0.025174,-0.096735,0.396003,2.372524,2.378145,2.807354
21.780001,0.037266,-0.175513,0.838356,4.578801,-9.293818,20.276552
8.560000,0.061673,-0.157097,0.543340,5.102578,0.000000,0.000000
25.820000,0.006951,0.010602,0.018813,0.280828,-0.383443,56.848919
19.770000,0.032653,0.014556,0.035531,0.307111,-1.644892,42.154175
6.230000,0.028068,-0.040633,0.070574,0.644633,1.856549,7.994380
8.710000,0.043847,-0.123298,0.419202,2.195961,-2.085361,2.149381
26.709999,0.093026,-0.257504,0.801314,3.145474,-13.226563,58.439026
30.110001,0.129288,-0.080006,0.060339,2.935869,-13.902254,68.440224
38.830002,0.072977,0.018544,0.036067,3.288863,-18.701796,109.662270
35.570000,0.000522,0.003520,0.168100,0.480191,-6.136199,94.846901
2.020000,0.008370,-0.036909,0.815839,0.474530,2.398663,14.212230
11.820000,0.034989,0.145396,0.850102,4.203786,-6.390545,9.869605
34.869999,0.043580,-0.197389,0.903422,4.943048,-23.620356,114.092621
50.910000,0.095822,-0.036713,0.017692,4.152359,-23.946875,140.027740
43.430000,0.012195,0.028362,0.138077,2.320627,-18.138874,145.028336
27.549999,0.008771,-0.044835,0.508735,0.046951,-0.357304,98.970200
19.580000,0.073577,-0.258672,0.942900,2.304168,1.259631,0.701839
38.590000,0.045012,-0.215533,1.100230,4.646613,-20.698936,92.818146
44.860001,0.098765,-0.059399,0.042159,4.383870,-27.323692,171.358276
27.030001,0.154622,0.057746,0.024857,2.913690,-17.455019,105.319649
22.540001,0.009288,0.011454,0.213525,0.127770,-3.513003,114.092621
2.960000,0.020498,-0.077040,0.501912,1.288241,2.951092,6.853892
23.760000,0.052482,-0.202264,0.905469,3.338028,-9.350203,26.329912
36.889999,0.076599,-0.293340,1.148042,4.640016,-22.289194,107.479980
58.520000,0.155970,-0.118526,0.091970,4.452270,-24.676567,137.560364
18.820000,0.009178,0.007363,0.100304,2.111780,-16.758764,135.257446
5.140000,0.016227,-0.035290,0.247496,0.099445,0.000000,0.000000
14.630000,0.016010,-0.061513,0.248519,2.127431,-5.901641,18.192974
19.129999,0.078367,-0.115049,0.270208,1.739582,-6.790349,28.523155
24.889999,0.012448,-0.019618,0.336395,1.629960,-6.942907,34.247528
12.150000,0.019906,-0.034600,0.080711,1.520526,-8.558379,56.848919
15.250000,0.046729,0.008292,0.023102,0.532928,-2.787890,26.933056
6.380000,0.005749,0.001219,0.001267,0.595108,2.392956,20.462978
7.160000,0.005469,-0.007346,0.057414,0.626301,0.700540,3.673686
13.390000,0.023350,-0.020044,0.154843,1.530108,0.391699,2.423537
9.350000,0.016612,-0.029248,0.056586,0.870917,0.122825,21.263517
18.680000,0.006172,0.003537,0.019008,1.462232,0.880616,8.959409
11.210000,0.009473,-0.000878,0.008870,0.978744,3.306381,16.789295
12.910000,0.003459,0.006690,0.260606,1.272852,4.079286,16.153254
16.170000,0.011533,0.006519,0.089046,1.000993,5.190544,30.716406
11.360000,0.174008,0.015749,0.154258,1.052448,4.338994,29.510118
18.209999,0.028692,-0.045235,0.240721,1.489751,5.354741,31.527905
12.760000,0.005282,0.011258,0.077397,0.812608,4.705772,44.281624
15.870000,0.017187,0.000758,0.322748,1.026957,4.241108,20.726170
12.300000,0.011401,-0.047784,0.715778,1.010321,2.657515,26.209284
9.350000,0.027551,0.031907,0.062922,0.943474,2.102798,6.930656
13.080000,0.006399,0.001628,0.005800,1.242199,2.715556,10.034098
16.809999,0.004970,-0.001133,0.002583,1.082680,3.418500,12.479567
15.550000,0.018963,0.002028,0.062093,1.540062,2.902866,6.020459
12.290000,0.038312,-0.083432,0.248129,1.098645,4.213422,23.884443
10.430000,0.012834,0.041656,0.233020,0.761841,3.395590,16.887989
10.750000,0.010906,-0.003392,0.035043,1.335581,3.843335,11.975120
14.010000,0.016387,-0.046948,0.413841,0.929668,3.580362,23.314198
16.959999,0.001337,0.007235,0.388497,1.066018,2.688389,8.520760
17.430000,0.026926,0.029043,0.053954,1.579825,4.322108,12.676959
9.190000,0.008562,-0.015621,0.049762,0.739305,2.338052,22.908449
12.610000,0.003354,-0.017615,0.198172,1.724561,1.586666,4.803208
12.610000,0.013357,-0.011684,0.123260,0.941207,2.395547,25.288118
11.360000,0.005946,-0.000179,0.142561,1.140608,1.284521,9.376124
18.049999,0.005256,0.002702,0.001852,1.214454,1.724294,10.626274
9.500000,0.001423,0.000017,0.010771,0.883934,1.102223,12.128647
9.030000,0.031467,0.000741,0.000439,1.105381,1.915452,5.581810
8.720000,0.002895,0.000827,0.010235,0.645642,1.119996,4.342626
12.610000,0.004002,0.005573,0.016084,1.000632,1.163858,1.809427
7.470000,0.005016,-0.015238,0.141050,0.537449,1.163921,2.796388
8.090000,0.027448,-0.031634,0.187839,0.759630,0.168532,0.197392
6.860000,0.022933,0.031762,0.209041,0.445570,0.166304,0.142561
7.010000,0.017013,-0.037310,0.114926,0.417439,-0.096651,0.098696
5.770000,0.017960,0.006434,0.029146,0.238024,0.000000,0.000000
4.830000,0.027587,0.001329,0.008237,0.143093,-0.133061,0.318021
4.980000,0.017603,-0.001440,0.004484,0.016750,-0.025673,0.668940
4.980000,0.014134,0.000997,0.003997,0.013952,0.126766,2.401604
7.320000,0.011413,0.003605,0.006092,0.276592,1.119475,4.956735
9.820000,0.023049,0.008232,0.013452,0.403272,2.167199,14.639913
9.490000,0.072853,0.006204,0.009455,0.840180,4.171333,21.109987
9.490000,0.008731,-0.012664,0.034605,0.693861,4.771854,34.368156
14.630000,0.021309,0.015757,0.024126,0.787689,4.779075,31.791092
10.280000,0.001833,0.001747,0.071402,0.852275,4.573636,25.485512
16.500000,0.003681,-0.030143,0.337760,0.770192,2.611959,14.683779
8.880000,0.018126,0.000614,0.017838,0.811378,3.690956,20.221722
14.310000,0.023124,-0.007747,0.015109,1.067433,0.273241,0.482514
7.480000,0.018099,0.006741,0.011844,0.511842,1.455320,10.955261
12.150000,0.015745,0.019967,0.029731,0.677838,-0.093890,0.241257
6.690000,0.076988,-0.015127,0.170878,0.741133,2.124933,8.005345
15.110000,0.037830,-0.027458,0.117119,0.810960,0.781777,1.239184
12.300000,0.009082,-0.001653,0.338491,1.061871,3.925014,17.458235
11.980000,0.011678,0.000750,0.010479,0.630804,2.088531,7.829886
20.700001,0.058764,-0.010644,0.054441,1.507046,3.657266,9.957335
7.630000,0.014646,-0.035818,0.110686,0.554693,3.384860,27.009815
13.850000,0.026259,-0.007355,0.117655,1.264125,2.411289,8.959408
16.370001,0.009589,0.037063,0.520384,1.263701,4.133455,15.506247
12.750000,0.001428,0.002480,0.007749,0.887821,2.907201,18.697416
18.379999,0.008458,0.008164,0.112002,1.340882,3.031501,8.202738
8.250000,0.005437,-0.036833,0.328110,0.838604,3.416212,18.719351
11.380000,0.062948,0.083824,0.142610,1.086932,2.019535,6.459108
11.060000,0.006308,-0.002437,0.014524,1.093866,3.064614,9.595448
10.280000,0.007406,0.000383,0.005020,0.820884,1.333160,3.838179
12.150000,0.010905,0.003665,0.002534,1.318104,2.350323,4.803207
9.660000,0.009641,0.002011,0.016961,0.710703,1.360472,5.987560
11.050000,0.007658,0.002088,0.002973,1.080986,1.251291,1.754596
10.900000,0.004520,0.005718,0.012380,0.717982,0.784294,1.272082
8.100000,0.017594,-0.001116,0.005361,0.899612,1.167769,1.864259
8.410000,0.022392,-0.001645,0.011405,0.683448,0.284859,0.153527
10.120000,0.009634,0.003213,0.013354,0.803139,0.611211,1.096623
8.250000,0.029324,-0.009408,0.034020,0.715801,0.000000,0.000000
7.470000,0.020881,0.002727,0.005069,0.541007,0.000000,0.000000
5.610000,0.152859,-0.002957,0.006385,0.421167,0.000000,0.000000
5.920000,0.004229,0.003971,0.007749,0.217029,0.000000,0.000000
5.610000,0.014430,0.001977,0.003071,0.086807,-0.094727,0.285122
4.360000,0.005172,-0.004355,0.013306,0.017336,-0.082529,0.910197
5.920000,0.013235,-0.001031,0.002047,0.042606,0.245874,2.302908
7.320000,0.014386,0.006545,0.008578,0.165622,0.766304,3.783349
9.500000,0.019498,-0.008880,0.018813,0.686335,2.936861,13.609090
10.730000,0.004707,0.001969,0.139637,0.532151,2.825742,18.818045
11.830000,0.017874,-0.002335,0.061947,1.123938,4.894423,22.085983
8.880000,0.017884,-0.002812,0.004289,0.523574,2.917207,24.345022
14.650000,0.025098,-0.008624,0.008919,0.766418,1.787297,8.213705
11.060000,0.006220,0.007678,0.012623,1.118107,1.441013,4.221998
8.720000,0.005206,-0.000631,0.008529,0.662223,0.915717,9.134868
11.520000,0.029531,-0.001381,0.002534,0.983981,0.220830,0.175460
8.410000,0.013845,-0.000869,0.000634,0.624255,0.533671,2.467401
7.630000,0.008956,-0.001781,0.001657,0.882108,0.254027,0.175460
8.570000,0.023307,0.001270,0.003753,0.543872,0.573681,0.975994
8.100000,0.007074,-0.003451,0.003753,0.905391,0.168866,0.142561
8.580000,0.032775,0.002523,0.015353,0.531923,1.040735,3.125375
15.420000,0.002664,-0.000187,0.008383,0.971570,0.773970,1.085657
15.100000,0.001115,0.002003,0.037675,1.262210,3.732152,11.722898
29.870001,0.036053,-0.201863,1.403092,2.058654,11.707720,69.569748
16.809999,0.005387,-0.032026,1.371997,1.361595,4.575600,160.479767
15.250000,0.058614,0.055002,0.100109,1.283641,10.173221,82.871780
22.400000,0.000899,-0.004738,0.056440,1.324691,9.156099,155.073425
10.900000,0.005201,0.002131,0.065018,0.628467,9.724370,182.675400
13.550000,0.006732,0.001346,0.022322,0.302771,4.897524,104.716492
18.969999,0.013168,-0.052505,0.287023,2.034229,5.260927,46.869656
9.800000,0.005367,-0.061973,0.930131,0.833952,2.123277,45.158924
18.070000,0.010063,0.014641,0.033142,0.937590,0.263229,25.759670
8.720000,0.002781,0.012400,0.186864,0.730352,0.797372,15.835232
11.210000,0.001140,-0.003290,0.175606,0.509824,0.504976,10.450815
7.780000,0.017408,-0.024458,0.260314,0.563772,0.468911,3.388564
8.880000,0.062874,0.045278,0.082222,0.535742,0.266279,4.836106
9.810000,0.002135,0.002684,0.082174,0.493842,0.059307,2.423536
9.190000,0.018306,-0.007542,0.014865,0.405439,0.179900,3.958808
8.260000,0.010133,-0.016362,0.152991,0.444866,-0.132085,1.666867
7.780000,0.002620,0.008343,0.088412,0.316030,0.046413,3.169239
10.290000,0.009182,0.000852,0.003460,0.480964,-0.556632,1.326914
7.010000,0.007553,-0.003716,0.004094,0.282971,0.154063,3.267935
7.320000,0.018427,-0.001466,0.002583,0.323180,0.000000,0.000000
5.140000,0.010376,0.000332,0.003607,0.313952,0.225747,0.581210
6.080000,0.081418,0.006801,0.007311,0.335667,-0.073415,0.318021
6.080000,0.004509,-0.003298,0.013159,0.246016,0.080726,0.701839
7.180000,0.023659,-0.005241,0.002632,0.382615,0.073462,0.043865
5.920000,0.002900,0.001278,0.008724,0.275093,0.205335,0.888264
7.780000,0.024895,0.001875,0.002437,0.345277,-0.216160,0.394784
5.770000,0.003000,-0.001116,0.001072,0.231329,0.036379,0.888264
9.030000,0.004902,-0.006008,0.015304,0.431787,-0.467671,1.096623
6.390000,0.011177,0.009485,0.008724,0.235956,-0.033118,1.326914
8.570000,0.009961,0.003656,0.006775,0.483363,-0.626477,1.579137
4.980000,0.011237,0.000281,0.001072,0.251502,-0.160421,1.579137
10.600000,0.008710,0.003298,0.011405,0.564494,-0.778173,1.853292
6.860000,0.010648,-0.004116,0.002583,0.309071,-0.419361,2.467401
7.630000,0.003304,-0.001423,0.002827,0.711208,-0.359480,0.274156
7.480000,0.018784,-0.002821,0.001218,0.390145,-0.603771,2.467401
5.300000,0.013888,-0.007227,0.032947,0.775997,0.688752,0.888264
7.160000,0.023843,-0.051593,0.127793,0.243550,0.031690,0.537345
5.920000,0.017609,-0.001585,0.002145,0.291967,0.000000,0.000000
5.290000,0.001629,-0.001508,0.005751,0.245518,0.000585,0.098696
7.320000,0.018398,-0.005241,0.006872,0.389779,-0.078675,0.043865
6.550000,0.008628,0.000869,0.000439,0.264435,0.000000,0.000000
7.010000,0.010152,-0.003068,0.003948,0.347049,-0.032283,0.010966
7.320000,0.016145,-0.001295,0.000390,0.274545,0.000000,0.000000
6.540000,0.013508,-0.001091,0.001657,0.291163,0.000000,0.000000
6.080000,0.007914,-0.000597,0.004874,0.273177,0.013903,0.010966
7.630000,0.005618,0.001432,0.000439,0.293089,0.000000,0.000000
7.010000,0.001314,-0.001227,0.003948,0.287814,0.000000,0.000000
6.860000,0.005831,-0.001023,0.002193,0.293420,0.000000,0.000000
5.450000,0.007308,-0.002250,0.002193,0.291264,0.000000,0.000000
6.850000,0.030978,-0.000494,0.001998,0.296793,0.000000,0.000000
6.230000,0.548787,-0.055871,0.005897,0.296708,0.000000,0.000000
7.020000,0.010206,-0.000545,0.000195,0.298842,0.000000,0.000000
6.700000,0.007594,0.000937,0.005897,0.305530,0.000000,0.000000
6.690000,0.015016,-0.001909,0.000780,0.305697,0.000000,0.000000
7.170000,0.011148,-0.000682,0.001218,0.308171,0.000000,0.000000
7.480000,0.012590,-0.001091,0.001657,0.311782,0.000000,0.000000
6.690000,0.015882,-0.000929,0.002876,0.311143,0.000000,0.000000
6.700000,0.009842,-0.001278,0.000877,0.311736,0.000000,0.000000
7.320000,0.006409,0.002301,0.000877,0.315324,0.000000,0.000000
7.160000,0.003016,-0.001278,0.000877,0.318861,0.000000,0.000000
7.010000,0.008602,-0.000614,0.000439,0.321784,0.000000,0.000000
6.390000,0.004673,0.000545,0.000780,0.319094,0.000000,0.000000
7.170000,0.001688,-0.000136,0.000195,0.321390,0.000000,0.000000
5.600000,0.022191,0.001517,0.000195,0.324885,0.000000,0.000000
6.230000,0.005695,-0.000597,0.000634,0.328162,0.000000,0.000000
7.010000,0.019838,0.003716,0.001218,0.329367,0.000000,0.000000
5.760000,0.002018,0.000000,0.000000,0.326439,0.000000,0.000000
6.690000,0.007661,-0.001048,0.000439,0.331399,0.000000,0.000000
6.700000,0.003329,0.000682,0.000195,0.332276,0.000000,0.000000
6.540000,0.101651,-0.000409,0.000439,0.332426,0.000000,0.000000
7.470000,0.002117,0.000545,0.000780,0.336126,0.000000,0.000000
7.630000,0.007944,-0.000239,0.000780,0.334855,0.000000,0.000000
6.390000,0.004590,-0.001500,0.005897,0.340390,0.000000,0.000000
7.010000,0.003079,0.002062,0.001950,0.342243,0.000000,0.000000
7.320000,0.019994,-0.003622,0.006336,0.344277,0.000000,0.000000
7.160000,0.024393,0.000545,0.000780,0.343584,0.000000,0.000000
7.320000,0.013013,0.000000,0.000000,0.343752,0.000000,0.000000
6.230000,0.013645,0.000409,0.000195,0.343647,0.000000,0.000000
7.010000,0.001831,0.001346,0.002827,0.350315,0.000000,0.000000
7.480000,0.006612,-0.002863,0.004338,0.351283,0.000000,0.000000
7.630000,0.021048,0.005565,0.002827,0.355081,0.000000,0.000000
7.630000,0.008026,0.006034,0.007457,0.358003,0.000000,0.000000
6.070000,0.010259,-0.001790,0.001218,0.358355,0.000000,0.000000
7.630000,0.005585,0.000000,0.000634,0.359892,0.000000,0.000000
7.630000,0.023727,0.000307,0.001657,0.363880,0.000000,0.000000
7.170000,0.010423,0.001662,0.002193,0.364385,0.000000,0.000000
7.480000,0.007443,-0.001176,0.003314,0.344833,0.000000,0.000000
6.230000,0.022431,-0.002105,0.000634,0.364192,0.000000,0.000000
6.380000,0.009556,-0.000409,0.000439,0.370742,0.000000,0.000000
8.410000,0.005640,0.000273,0.000195,0.368899,0.000000,0.000000
7.930000,0.016066,-0.001346,0.000195,0.365328,0.000000,0.000000
7.480000,0.023261,-0.002531,0.001657,0.373505,0.000000,0.000000
7.010000,0.013454,-0.002045,0.002193,0.366617,0.000000,0.000000
6.080000,0.014366,-0.002156,0.001657,0.373165,0.000000,0.000000
6.860000,0.009556,0.000000,0.000000,0.370479,0.000000,0.000000
8.100000,0.021644,0.001977,0.000195,0.366779,0.000000,0.000000
6.390000,0.011745,-0.000562,0.000390,0.372360,0.000000,0.000000
8.410000,0.002111,0.000000,0.000000,0.375685,0.000000,0.000000
6.700000,0.002833,-0.000554,0.001657,0.376130,0.000000,0.000000
6.700000,0.007805,0.000767,0.000439,0.370433,0.000000,0.000000
7.480000,0.013520,-0.003792,0.001218,0.377588,0.000000,0.000000
7.320000,0.010194,-0.000153,0.000195,0.376773,0.000000,0.000000
6.690000,0.007656,-0.001440,0.001072,0.372388,0.000000,0.000000
6.380000,0.093395,0.007704,0.000780,0.370071,0.000000,0.000000
6.080000,0.004359,0.000000,0.000000,0.376278,0.000000,0.000000
7.790000,0.006641,0.000000,0.000000,0.372608,0.000000,0.000000
6.230000,0.013383,-0.001747,0.004143,0.373535,0.000000,0.000000
8.890000,0.008979,-0.001773,0.008237,0.380139,0.000000,0.000000
7.780000,0.001433,-0.000409,0.000439,0.378402,0.000000,0.000000
5.920000,0.002111,-0.000614,0.000439,0.377854,0.000000,0.000000
6.860000,0.012514,-0.002275,0.000634,0.380991,0.000000,0.000000
6.700000,0.008972,-0.002045,0.003119,0.377717,0.000000,0.000000
6.070000,0.007704,0.000435,0.000877,0.379394,0.000000,0.000000
6.230000,0.004686,-0.002591,0.017595,0.379722,0.000000,0.000000
10.120000,0.019315,0.000000,0.000000,0.439837,0.000000,0.000000
5.760000,0.014141,-0.040054,0.216644,5.916831,14.416654,52.791412
4.980000,0.001751,-0.022115,0.382794,0.001941,0.273820,59.469852
4.830000,0.014068,0.009656,0.205385,0.000067,0.003848,4.507120
4.980000,0.021465,0.019482,0.034215,0.000046,0.012588,4.002673
5.610000,0.019997,0.010806,0.018033,0.000029,0.000000,0.000000
5.300000,0.006194,-0.000656,0.003607,0.000006,0.000000,0.000000
4.210000,0.019243,0.001781,0.004045,0.000007,0.000000,0.000000
4.670000,0.026126,-0.001168,0.001072,0.000013,0.000000,0.000000
4.980000,0.036791,0.008914,0.007116,0.000008,0.000000,0.000000
6.080000,0.008009,0.000562,0.001755,0.000009,0.000000,0.000000
4.210000,0.010571,-0.000426,0.002827,0.000005,0.000000,0.000000
4.680000,0.021313,-0.001508,0.000439,0.000007,0.000000,0.000000
3.890000,0.023465,0.004679,0.002632,0.000017,0.000000,0.000000
4.210000,0.013807,0.001790,0.002388,0.000002,0.000000,0.000000
5.140000,0.017469,0.000000,0.000000,0.000016,0.000000,0.000000
4.980000,0.005528,-0.003426,0.003802,0.000003,0.000000,0.000000
5.300000,0.009176,0.000460,0.000439,0.000012,0.000000,0.000000
4.830000,0.036114,-0.006519,0.003948,0.000002,0.000000,0.000000
5.300000,0.001997,-0.001219,0.001413,0.000016,0.000000,0.000000
5.460000,0.003082,-0.000656,0.001413,0.000005,0.000000,0.000000
4.830000,0.018521,-0.006443,0.003948,0.000007,0.000000,0.000000
4.050000,0.250398,-0.000537,0.000877,0.000002,0.000000,0.000000
4.980000,0.002129,0.000562,0.000439,0.000003,0.000000,0.000000
4.980000,0.019835,0.000000,0.000000,0.000001,0.000000,0.000000
4.510000,0.011624,-0.001534,0.003314,0.000002,0.000000,0.000000
5.600000,0.050196,0.000094,0.000634,0.000006,0.000000,0.000000
5.460000,0.017916,-0.005071,0.002388,0.000007,0.000000,0.000000
5.610000,0.008146,-0.001031,0.005897,0.000006,0.000000,0.000000
5.300000,0.007604,-0.001909,0.000634,0.000013,0.000000,0.000000
5.610000,0.012404,-0.003647,0.001657,0.000002,0.000000,0.000000
5.460000,0.000928,0.000469,0.002437,0.000012,0.000000,0.000000
4.360000,0.040822,0.003255,0.000634,0.000003,0.000000,0.000000
5.300000,0.029257,-0.005335,0.003168,0.000008,0.000000,0.000000
4.980000,0.009573,0.001687,0.001413,0.000003,0.000000,0.000000
4.670000,0.024220,-0.001935,0.001072,0.000005,0.000000,0.000000
4.820000,0.020076,0.003196,0.001218,0.000001,0.000000,0.000000
5.920000,0.007473,0.001798,0.001852,0.000003,0.000000,0.000000
4.050000,0.094448,0.000844,0.000439,0.000009,0.000000,0.000000
5.450000,0.011143,-0.000631,0.001218,0.000029,0.000000,0.000000
5.140000,0.018023,0.001917,0.001218,0.000013,0.000000,0.000000
4.520000,0.005278,-0.000980,0.001218,0.000015,0.000000,0.000000
4.360000,0.005938,-0.000844,0.000634,0.000027,0.000000,0.000000
4.830000,0.011203,0.065961,3.095547,0.000009,0.000000,0.000000
4.210000,0.010982,0.002642,0.001218,0.000019,0.000000,0.000000
5.140000,0.014125,0.000580,0.000195,0.000021,0.000000,0.000000
5.460000,0.014231,0.003068,0.003558,0.000008,0.000000,0.000000
4.520000,0.006606,-0.005028,0.006092,0.000016,0.000000,0.000000
4.830000,0.001535,0.000648,0.000634,0.000018,0.000000,0.000000
4.670000,0.034215,0.003835,0.002827,0.000022,0.000000,0.000000
5.610000,0.008146,-0.001244,0.002583,0.000012,0.000000,0.000000
4.520000,0.013660,-0.000469,0.001218,0.000022,0.000006,0.010966
5.760000,0.019111,-0.009306,0.008237,0.000007,0.000000,0.000000
4.990000,0.002019,-0.000707,0.000634,0.000011,0.000000,0.000000
5.290000,0.008951,-0.000281,0.000439,0.000013,0.000000,0.000000
5.300000,0.016949,0.001278,0.001218,0.000008,0.000000,0.000000
5.140000,0.010982,-0.001074,0.000439,0.000021,0.000000,0.000000
5.450000,0.001575,-0.000187,0.002437,0.000017,0.000000,0.000000
4.830000,0.006016,-0.000230,0.001657,0.000002,0.000000,0.000000
5.300000,0.003460,0.001278,0.001218,0.000004,0.000000,0.000000
5.450000,0.044414,-0.001023,0.000780,0.000008,0.000000,0.000000
5.460000,0.006235,-0.000886,0.002096,0.000003,0.000000,0.000000
5.460000,0.015870,-0.002378,0.000877,0.000002,0.000000,0.000000
4.670000,0.009938,0.001099,0.001852,0.000007,0.000000,0.000000
4.830000,0.009106,0.002216,0.002583,0.000011,0.000000,0.000000
4.520000,0.006610,0.000989,0.000390,0.000002,0.000000,0.000000
4.980000,0.011909,0.001841,0.001998,0.000003,0.000000,0.000000
4.980000,0.009276,-0.004227,0.003119,0.000001,0.000000,0.000000
5.140000,0.015524,-0.003315,0.002096,0.000011,0.000000,0.000000
4.830000,0.007473,0.000273,0.006775,0.000002,0.000000,0.000000
5.610000,0.010256,0.000298,0.000634,0.000007,0.000000,0.000000
4.050000,0.016068,-0.001381,0.000439,0.000004,0.000000,0.000000
4.210000,0.003794,-0.002020,0.001413,0.000008,0.000000,0.000000
4.830000,0.010644,0.000187,0.000195,0.000011,0.000000,0.000000
5.290000,0.015758,0.001619,0.005605,0.000004,0.000000,0.000000
5.460000,0.015262,0.004772,0.002388,0.000017,0.000000,0.000000
4.980000,0.200669,0.001048,0.000634,0.000002,0.000000,0.000000
4.360000,0.027175,-0.000315,0.001072,0.000002,0.000000,0.000000
5.450000,0.005117,-0.003571,0.006336,0.000004,0.000000,0.000000
4.210000,0.019699,-0.001423,0.000634,0.000010,0.000000,0.000000
4.680000,0.006305,-0.000307,0.000195,0.000009,0.000000,0.000000
4.210000,0.012878,0.000000,0.000000,0.000005,0.000000,0.000000
5.460000,0.015983,-0.002787,0.000877,0.000013,0.000000,0.000000
4.980000,0.011736,0.000903,0.000195,0.000002,0.000000,0.000000
4.980000,0.009702,0.000187,0.000195,0.000020,0.000000,0.000000
4.980000,0.017302,-0.001790,0.000195,0.000015,0.000000,0.000000
5.300000,0.009154,0.000000,0.000000,0.000015,0.000000,0.000000
4.990000,0.020789,0.004755,0.001852,0.000007,0.000000,0.000000
5.140000,0.007352,-0.001082,0.000634,0.000010,0.000000,0.000000
4.050000,0.006399,0.000767,0.000439,0.000010,0.000000,0.000000
4.680000,0.031258,0.005957,0.002096,0.000025,0.000000,0.000000
4.830000,0.003645,-0.000026,0.003412,0.000002,0.000000,0.000000
5.610000,0.028202,-0.006417,0.002437,0.000022,0.000000,0.000000
4.360000,0.149122,-0.001031,0.005897,0.000006,0.000000,0.000000
4.670000,0.007083,-0.000614,0.000439,0.000019,0.000000,0.000000
5.760000,0.002339,0.001406,0.002193,0.000026,0.000000,0.000000
4.670000,0.011715,0.001747,0.002193,0.000020,0.000000,0.000000
5.610000,0.003551,-0.000307,0.000195,0.000012,0.000000,0.000000
5.450000,0.023836,0.000128,0.001413,0.000001,0.000000,0.000000
4.980000,0.004278,0.000000,0.000000,0.000017,0.000000,0.000000
4.050000,0.016935,0.003196,0.001218,0.000010,0.000000,0.000000
5.610000,0.004993,0.000068,0.000390,0.000003,0.000000,0.000000
4.830000,0.008951,0.001295,0.001657,0.000008,0.000000,0.000000
4.520000,0.012536,0.000273,0.001852,0.000006,0.000000,0.000000
4.670000,0.009330,-0.000733,0.001413,0.000014,0.000000,0.000000
4.360000,0.017741,-0.005343,0.002193,0.000020,0.000000,0.000000
4.980000,0.007454,0.002378,0.003948,0.000012,0.000000,0.000000
6.240000,0.000969,-0.000094,0.002827,0.000026,0.000000,0.000000
4.830000,0.006002,0.001125,0.001657,0.000013,0.000000,0.000000
4.680000,0.011638,-0.005020,0.002583,0.000019,0.000000,0.000000
4.520000,0.007942,-0.000315,0.001657,0.000072,0.000000,0.000000
5.760000,0.024907,0.003690,0.001657,0.000006,0.000000,0.000000
4.980000,0.023028,-0.004355,0.001072,0.000002,0.000000,0.000000
3.890000,0.032605,0.002454,0.001657,0.000010,0.000000,0.000000
5.920000,0.021964,0.000903,0.000195,0.000004,0.000000,0.000000
4.520000,0.005928,0.000937,0.001218,0.000009,0.000000,0.000000
4.520000,0.040987,-0.000571,0.001413,0.000022,0.000000,0.000000
5.140000,0.022572,-0.001406,0.000439,0.000004,0.000000,0.000000
5.300000,0.011024,-0.000511,0.001218,0.000007,0.000000,0.000000
4.980000,0.001398,0.000179,0.004825,0.000008,0.000000,0.000000
4.830000,0.024714,0.006664,0.002827,0.000015,0.000000,0.000000
5.770000,0.019111,-0.001687,0.000877,0.000036,0.000000,0.000000
4.520000,0.022665,-0.002301,0.001218,0.000002,0.000000,0.000000
4.830000,0.018011,0.002821,0.001998,0.000001,0.000000,0.000000
5.770000,0.027721,-0.000051,0.001755,0.000012,0.000000,0.000000
3.740000,0.044197,0.005684,0.006287,0.000019,0.000000,0.000000
4.830000,0.007507,0.001909,0.002388,0.000002,0.000000,0.000000
4.520000,0.007330,0.000187,0.000195,0.000009,0.000000,0.000000
5.140000,0.021309,0.001977,0.000195,0.000010,0.000000,0.000000
3.900000,0.024198,0.000000,0.000975,0.000011,0.000000,0.000000
4.680000,0.029384,0.004483,0.000975,0.000014,0.000000,0.000000
5.140000,0.013265,-0.003221,0.002388,0.000010,0.000000,0.000000
4.210000,0.009587,0.000000,0.000000,0.000009,0.000000,0.000000
5.460000,0.018492,0.005377,0.003558,0.000005,0.000000,0.000000
5.300000,0.006932,0.001585,0.000439,0.000036,0.000000,0.000000
5.140000,0.010952,0.000435,0.001413,0.000009,0.000000,0.000000
5.450000,0.031753,-0.005804,0.002193,0.000018,0.000000,0.000000
5.450000,0.018284,0.002045,0.000439,0.000006,0.000000,0.000000
4.670000,0.002299,0.000000,0.000000,0.000015,0.000000,0.000000
4.670000,0.018078,0.007593,0.004045,0.000003,0.000000,0.000000
4.520000,0.000717,0.000767,0.001657,0.000024,0.000000,0.000000
4.520000,0.007163,0.000844,0.000439,0.000021,0.000000,0.000000
4.980000,0.001040,-0.001082,0.001657,0.000032,0.000000,0.000000
4.670000,0.010142,0.000537,0.001657,0.000006,0.000000,0.000000
6.080000,0.012162,0.003145,0.004386,0.000005,0.000000,0.000000
4.360000,0.021398,-0.005028,0.002437,0.000010,0.000000,0.000000
6.080000,0.003164,0.000844,0.000439,0.000025,0.000000,0.000000
4.520000,0.014262,0.001406,0.002193,0.000010,0.000000,0.000000
5.460000,0.010721,-0.001099,0.000439,0.000004,0.000000,0.000000
5.140000,0.015618,-0.002966,0.001316,0.000017,0.000000,0.000000
5.300000,0.008526,-0.001636,0.001755,0.000007,0.000000,0.000000
4.360000,0.019687,-0.000895,0.000439,0.000015,0.000000,0.000000
5.140000,0.006945,0.002352,0.001657,0.000011,0.000000,0.000000
5.300000,0.016710,0.001406,0.001218,0.000012,0.000000,0.000000
4.980000,0.005260,0.000000,0.000000,0.000003,0.000000,0.000000
4.980000,0.030316,0.006511,0.002827,0.000007,0.000000,0.000000
5.140000,0.002119,0.000000,0.000000,0.000001,0.000000,0.000000
4.360000,0.024198,-0.002446,0.001072,0.000054,0.000000,0.000000
4.830000,0.000916,0.000298,0.001072,0.000012,0.000000,0.000000
5.140000,0.008899,0.000375,0.001657,0.000007,0.000000,0.000000
4.830000,0.013855,-0.002148,0.001950,0.000047,0.000000,0.000000
4.360000,0.003348,-0.000426,0.003558,0.000002,0.000000,0.000000
5.300000,0.020042,-0.002190,0.000634,0.000010,0.000000,0.000000
5.140000,0.176154,0.004329,0.000780,0.000001,0.000000,0.000000
4.200000,0.014828,-0.001491,0.001218,0.000015,0.000000,0.000000
4.360000,0.001535,-0.000426,0.000634,0.000007,0.000000,0.000000
5.300000,0.009099,0.000187,0.000195,0.000009,0.000000,0.000000
4.200000,0.005013,0.000000,0.000000,0.000009,0.000000,0.000000
5.300000,0.026795,0.000639,0.000877,0.000042,0.000000,0.000000
4.830000,0.016686,-0.006502,0.003607,0.000013,0.000000,0.000000
4.830000,0.000422,0.000026,0.000877,0.000002,0.000000,0.000000
4.200000,0.073023,-0.000895,0.000877,0.000001,0.000000,0.000000
4.830000,0.006934,0.002642,0.001218,0.000006,0.000000,0.000000
4.680000,0.002502,-0.000844,0.003948,0.000007,0.000000,0.000000
4.050000,0.011960,0.000580,0.000195,0.000018,0.000000,0.000000
5.300000,0.009334,-0.002812,0.002437,0.000007,0.000000,0.000000
4.050000,0.006421,-0.001023,0.000780,0.000005,0.000000,0.000000
4.510000,0.016588,0.002292,0.000634,0.000006,0.000000,0.000000
5.140000,0.018556,-0.004346,0.001950,0.000027,0.000000,0.000000
4.360000,0.020923,-0.004116,0.001316,0.000022,0.000000,0.000000
4.680000,0.007640,-0.000528,0.000195,0.000008,0.000000,0.000000
4.830000,0.007604,-0.001483,0.001316,0.000005,0.000000,0.000000
6.080000,0.008808,0.001150,0.000439,0.000008,0.000000,0.000000
4.980000,0.017495,0.002659,0.000439,0.000000,0.000000,0.000000
4.520000,0.003889,-0.001892,0.002632,0.000015,0.000000,0.000000
4.360000,0.010188,0.002523,0.001657,0.000003,0.000000,0.000000
4.980000,0.006780,0.000903,0.000195,0.000016,0.000000,0.000000
4.830000,0.014028,0.000026,0.003412,0.000018,0.000000,0.000000
4.830000,0.009137,0.000187,0.000195,0.000015,0.000000,0.000000
5.140000,0.019267,0.002173,0.006531,0.000032,0.000000,0.000000
4.520000,0.012891,-0.001210,0.003607,0.000010,0.000000,0.000000
5.300000,0.002299,0.000562,0.000877,0.000006,0.000000,0.000000
5.610000,0.008979,-0.003562,0.006336,0.000008,0.000000,0.000000
4.670000,0.018105,0.000000,0.000000,0.000019,0.000000,0.000000
4.050000,0.034206,-0.007372,0.002193,0.000009,0.000000,0.000000
4.360000,0.009745,0.000844,0.000439,0.000009,0.000000,0.000000
4.520000,0.023754,-0.001670,0.000634,0.000002,0.000000,0.000000
5.760000,0.026231,0.000793,0.000439,0.000004,0.000000,0.000000
5.300000,0.012274,-0.001270,0.002827,0.000014,0.000000,0.000000
5.300000,0.013565,-0.004619,0.003607,0.000013,0.000000,0.000000
4.980000,0.007378,-0.000026,0.000439,0.000024,0.000000,0.000000
5.300000,0.007533,0.000205,0.000390,0.000002,0.000000,0.000000
4.680000,0.063723,0.004551,0.000439,0.000022,0.000000,0.000000
4.520000,0.015594,-0.003579,0.001218,0.000012,0.000000,0.000000
5.140000,0.018989,-0.000895,0.000439,0.000001,0.000000,0.000000
4.680000,0.024650,0.002659,0.000439,0.000006,0.000000,0.000000
4.520000,0.017355,0.002301,0.001657,0.000010,0.000000,0.000000
5.770000,0.014231,0.003579,0.006092,0.000005,0.000000,0.000000
5.140000,0.010177,0.003673,0.001657,0.000014,0.000000,0.000000
4.200000,0.015095,0.001389,0.002827,0.000029,0.000000,0.000000
5.450000,0.022694,0.000562,0.000439,0.000026,0.000000,0.000000
4.980000,0.007997,0.000358,0.003607,0.000002,0.000000,0.000000
4.520000,0.019810,-0.001057,0.000195,0.000007,0.000000,0.000000
5.140000,0.012396,-0.000281,0.000439,0.000008,0.000000,0.000000
4.680000,0.035891,0.000562,0.000439,0.000004,0.000000,0.000000
4.050000,0.001398,0.001125,0.002193,0.000013,0.000000,0.000000
4.210000,0.030801,-0.001721,0.003022,0.000004,0.000000,0.000000
4.360000,0.003983,0.002148,0.001755,0.000007,0.000000,0.000000
4.670000,0.002526,-0.000060,0.001657,0.000006,0.000000,0.000000
4.200000,0.003645,0.000758,0.001072,0.000005,0.000000,0.000000
4.980000,0.002287,0.000562,0.000877,0.000009,0.000000,0.000000
4.520000,0.001939,0.000358,0.001316,0.000003,0.000000,0.000000
4.990000,0.010461,-0.001687,0.000877,0.000003,-0.000085,0.010966
4.990000,0.018699,0.000562,0.000439,0.000011,0.000000,0.000000
4.520000,0.009137,0.001483,0.000877,0.000011,0.000000,0.000000
3.740000,0.006534,0.000000,0.000000,0.000008,0.000000,0.000000
5.450000,0.011809,0.002267,0.004045,0.000020,0.000000,0.000000
4.520000,0.003341,-0.000699,0.000390,0.000008,0.000000,0.000000
3.430000,0.027369,-0.004159,0.004386,0.000002,0.000000,0.000000
4.520000,0.018571,0.007107,0.002827,0.000009,0.000000,0.000000
5.610000,0.019759,-0.001815,0.000634,0.000025,0.000000,0.000000
5.140000,0.014296,-0.000128,0.000829,0.000016,0.000000,0.000000
5.140000,0.001559,0.000648,0.000634,0.000003,0.000000,0.000000
4.680000,0.014089,-0.000656,0.002388,0.000004,0.000000,0.000000
4.520000,0.008209,-0.001057,0.000195,0.000008,0.000000,0.000000
4.680000,0.009105,-0.000528,0.000195,0.000006,0.000000,0.000000
4.520000,0.019462,0.002020,0.000877,0.000062,0.000000,0.000000
5.920000,0.009114,-0.001406,0.010966,0.000001,0.000000,0.000000
4.980000,0.014290,0.000000,0.000000,0.000002,0.000000,0.000000
5.300000,0.022604,0.001278,0.000877,0.000003,0.000000,0.000000
6.080000,0.007853,0.000835,0.001218,0.000007,0.000000,0.000000
4.200000,0.012858,0.001764,0.000634,0.000006,0.000000,0.000000
6.540000,0.006405,-0.000844,0.003948,0.000014,0.000000,0.000000
4.670000,0.016232,0.001926,0.001657,0.000001,0.000000,0.000000
4.360000,0.028379,0.001014,0.002827,0.000011,0.000000,0.000000
5.140000,0.007518,-0.003221,0.003948,0.000010,0.000000,0.000000
4.830000,0.014076,-0.006298,0.003265,0.000005,0.000000,0.000000
4.830000,0.008050,0.000094,0.001657,0.000002,0.000000,0.000000
5.300000,0.005238,0.000000,0.000000,0.000002,0.000000,0.000000
5.610000,0.019716,-0.000920,0.002583,0.000021,0.000000,0.000000
4.990000,0.010237,-0.000281,0.000439,0.000013,0.000000,0.000000
4.520000,0.003539,-0.000281,0.000439,0.000005,0.000000,0.000000
5.460000,0.017960,0.000460,0.000439,0.000031,0.000000,0.000000
5.610000,0.019765,0.004091,0.002437,0.000013,0.000000,0.000000
4.360000,0.009950,0.001312,0.000390,0.000001,0.000000,0.000000
4.360000,0.017409,-0.003835,0.002437,0.000010,0.000000,0.000000
5.460000,0.002767,0.000562,0.000439,0.000023,0.000000,0.000000
4.050000,0.025326,-0.000707,0.000634,0.000024,0.000000,0.000000
5.140000,0.020042,-0.004159,0.004045,0.000002,0.000000,0.000000
5.770000,0.017755,-0.003622,0.001218,0.000011,0.000000,0.000000
4.830000,0.017267,0.000187,0.000195,0.000011,0.000000,0.000000
4.670000,0.014617,-0.002736,0.000877,0.000005,0.000000,0.000000
4.990000,0.004970,0.001150,0.000439,0.000017,0.000000,0.000000
5.140000,0.006388,-0.002224,0.004386,0.000019,0.000000,0.000000
5.300000,0.013961,-0.006801,0.007311,0.000011,0.000000,0.000000
5.140000,0.003296,-0.000528,0.000195,0.000008,0.000000,0.000000
5.140000,0.011304,-0.001304,0.000877,0.000003,0.000000,0.000000
4.830000,0.010327,-0.002301,0.001218,0.000004,0.000000,0.000000
5.610000,0.002168,-0.000332,0.000439,0.000006,0.000000,0.000000
4.680000,0.014558,0.000000,0.000000,0.000023,0.000000,0.000000
4.050000,0.023662,-0.002173,0.000439,0.000010,0.000000,0.000000
5.610000,0.012591,0.000733,0.000195,0.000003,0.000000,0.000000
4.980000,0.006945,0.000562,0.000439,0.000021,0.000000,0.000000
2.960000,0.064437,-0.001023,0.001316,0.000006,0.000000,0.000000
5.760000,0.003754,-0.001628,0.002827,0.000002,0.000000,0.000000
5.300000,0.015207,0.001219,0.000634,0.000004,0.000000,0.000000
5.300000,0.007735,0.000418,0.003558,0.000003,0.000000,0.000000
4.670000,0.005160,0.000528,0.000390,0.000006,0.000000,0.000000
5.300000,0.007088,0.000690,0.000877,0.000005,0.000000,0.000000
4.830000,0.002490,0.000784,0.000390,0.000027,0.000000,0.000000
4.830000,0.025252,-0.002616,0.001852,0.000005,0.000000,0.000000
4.990000,0.009289,0.002642,0.001218,0.000001,0.000000,0.000000
4.670000,0.006500,0.005198,0.006677,0.000010,0.000000,0.000000
4.210000,0.011753,-0.001952,0.000634,0.000000,0.000000,0.000000
5.300000,0.014459,0.004900,0.003022,0.000013,0.000000,0.000000
4.670000,0.012514,-0.003136,0.001998,0.000001,0.000000,0.000000
3.590000,0.055762,-0.004525,0.000439,0.000015,0.000000,0.000000
4.830000,0.019909,-0.001381,0.000439,0.000001,0.000000,0.000000
5.140000,0.008911,-0.000989,0.000390,0.000025,-0.000314,0.010966
4.200000,0.007786,0.000460,0.000439,0.000011,0.000000,0.000000
4.990000,0.007735,-0.000026,0.000439,0.000004,0.000000,0.000000
4.830000,0.018039,-0.002301,0.001218,0.000008,0.000000,0.000000
4.520000,0.020567,0.002693,0.002827,0.000023,0.000000,0.000000
5.760000,0.009114,-0.000844,0.003948,0.000002,0.000000,0.000000
4.050000,0.010163,0.006196,0.004825,0.000005,0.000000,0.000000
4.200000,0.009349,0.000017,0.000195,0.000019,0.000000,0.000000
4.210000,0.007875,-0.001150,0.001608,0.000003,0.000000,0.000000
5.920000,0.027674,-0.001926,0.003022,0.000022,0.000000,0.000000
5.140000,0.007457,0.001321,0.001218,0.000009,0.000000,0.000000
4.360000,0.237429,-0.003511,0.001852,0.000004,0.000000,0.000000
5.290000,0.014658,0.004576,0.006336,0.000006,0.000000,0.000000
5.450000,0.011578,-0.000281,0.000439,0.000015,0.000000,0.000000
5.300000,0.017285,0.004380,0.004143,0.000001,0.000000,0.000000
5.300000,0.004631,0.000903,0.000195,0.000004,0.000000,0.000000
4.990000,0.003563,-0.001244,0.000829,0.000008,0.000000,0.000000
4.520000,0.008687,-0.000307,0.000195,0.000007,0.000000,0.000000
4.520000,0.006489,0.000793,0.000439,0.000004,0.000000,0.000000
5.300000,0.009118,0.000375,0.001657,0.000018,0.000000,0.000000
3.900000,0.019692,-0.006264,0.002583,0.000018,0.000000,0.000000
5.450000,0.004970,0.000767,0.001218,0.000004,0.000000,0.000000
5.770000,0.005211,-0.001943,0.000877,0.000002,0.000000,0.000000
4.680000,0.006267,0.000162,0.000634,0.000007,0.000000,0.000000
5.140000,0.003539,0.000562,0.000877,0.000015,0.000000,0.000000
4.830000,0.014262,0.001108,0.002827,0.000001,0.000000,0.000000
4.210000,0.001535,0.001432,0.002388,0.000003,0.000000,0.000000
4.980000,0.039920,-0.010039,0.002827,0.000011,0.000000,0.000000
4.990000,0.032023,-0.000273,0.001560,0.000023,0.000000,0.000000
5.140000,0.007106,-0.002113,0.000780,0.000028,0.000000,0.000000
4.210000,0.014816,-0.002684,0.000634,0.000009,0.000000,0.000000
5.610000,0.022659,0.001952,0.000634,0.000006,0.000000,0.000000
4.830000,0.005101,0.000000,0.000000,0.000011,0.000000,0.000000
4.360000,0.011353,0.000903,0.000195,0.000014,0.000000,0.000000
5.460000,0.086813,-0.001491,0.001218,0.000007,0.000000,0.000000
5.770000,0.017773,0.001449,0.000195,0.000007,0.000000,0.000000
4.680000,0.012682,0.000000,0.000000,0.000009,0.000000,0.000000
5.920000,0.011550,0.004755,0.003948,0.000017,0.000000,0.000000
4.830000,0.004584,0.000562,0.001755,0.000014,0.000000,0.000000
5.450000,0.060596,-0.001790,0.001218,0.000003,0.000000,0.000000
5.140000,0.014399,0.000000,0.000000,0.000030,0.000000,0.000000
5.300000,0.056921,0.006784,0.003899,0.000009,0.000000,0.000000
4.680000,0.011268,-0.000332,0.000439,0.000013,0.000000,0.000000
4.670000,0.013144,-0.002096,0.000439,0.000006,0.000000,0.000000
5.610000,0.026602,-0.000187,0.000975,0.000019,0.000000,0.000000
5.300000,0.026706,0.001815,0.001218,0.000003,0.000000,0.000000
4.830000,0.006749,0.000375,0.000780,0.000006,0.000000,0.000000
4.990000,0.015466,-0.004278,0.002096,0.000003,0.000000,0.000000
3.740000,0.006364,-0.001662,0.000877,0.000005,0.000000,0.000000
4.980000,0.029264,0.000460,0.000439,0.000006,0.000000,0.000000
5.610000,0.013901,-0.002113,0.000780,0.000010,0.000000,0.000000
4.680000,0.011891,-0.003307,0.001657,0.000008,0.000000,0.000000
5.460000,0.010845,0.001219,0.001218,0.000026,0.000000,0.000000
4.200000,0.021963,-0.001773,0.000195,0.000029,0.000000,0.000000
5.300000,0.017332,-0.002378,0.000877,0.000023,0.000000,0.000000
4.200000,0.002399,0.000426,0.000390,0.000032,0.000000,0.000000
5.920000,0.015739,-0.001432,0.000975,0.000005,0.000000,0.000000
4.360000,0.008595,0.001909,0.002388,0.000006,0.000000,0.000000
5.140000,0.006470,-0.000733,0.001950,0.000006,0.000000,0.000000
5.140000,0.055715,0.003886,0.001852,0.000002,0.000000,0.000000
5.450000,0.005101,-0.000699,0.002096,0.000016,0.000000,0.000000
4.520000,0.007436,-0.000085,0.006092,0.000015,0.000000,0.000000
4.830000,0.013748,-0.000307,0.000195,0.000008,0.000000,0.000000
4.360000,0.048159,0.000017,0.000195,0.000007,0.000000,0.000000
4.680000,0.017267,-0.001636,0.000877,0.000016,0.000000,0.000000
4.980000,0.013486,-0.002352,0.004386,0.000008,0.000000,0.000000
5.300000,0.014916,-0.000418,0.000634,0.000021,0.000000,0.000000
4.980000,0.033717,0.003579,0.002827,0.000001,0.000000,0.000000
4.520000,0.070952,0.007883,0.003265,0.000007,0.000000,0.000000
4.520000,0.007169,-0.000699,0.003607,0.000009,0.000000,0.000000
4.670000,0.002033,0.000239,0.001072,0.000035,0.000000,0.000000
4.980000,0.027224,-0.001381,0.001072,0.000021,0.000000,0.000000
4.830000,0.039223,0.004653,0.002193,0.000006,0.000000,0.000000
4.360000,0.007847,0.000247,0.001072,0.000020,0.000000,0.000000
4.210000,0.041939,-0.002113,0.000780,0.000045,0.000000,0.000000
5.760000,0.011557,0.003707,0.001316,0.000008,0.000000,0.000000
