Time;gimbal_controller.pitch_angle_pid.Ref;gimbal_controller.pitch_angle_pid.Measure;gimbal_controller.pitch_speed_pid.Ref;gimbal_controller.pitch_speed_pid.Measure;gimbal_controller.pitch_angle_pid.Output
0;0;0;0;0;0
16000;0;0;0;0;0
31000;0;0;0;0;0
45000;0;0;0;0;0
59000;0;0;0;0;0
75000;0;0;0;0;0
89000;0;0;0;0;0
103000;0;0;0;0;0
116000;0;0;0;0;0
130000;0;0;0;0;0
145000;0;0;0;0;0
159000;0;0;0;0;0
174000;0;0;0;0;0
189000;0;0;0;0;0
203000;0;0;0;0;0
218000;0;0;0;0;0
232000;0;0;0;0;0
246000;0;0;0;0;0
261000;0;0;0;0;0
275000;0;0;0;0;0
289000;0;0;0;0;0
304000;0;0;0;0;0
319000;0;0;0;0;0
333000;0;0;0;0;0
346000;0;0;0;0;0
361000;0;0;0;0;0
375000;0;0;0;0;0
388000;0;0;0;0;0
402000;0;0;0;0;0
415000;0;0;0;0;0
428000;0;0;0;0;0
441000;0;0;0;0;0
456000;0;0;0;0;0
469000;0;0;0;0;0
483000;0;0;0;0;0
498000;0;0;0;0;0
512000;0;0;0;0;0
525000;0;0;0;0;0
538000;0;0;0;0;0
551000;0;0;0;0;0
566000;0;0;0;0;0
581000;0;0;0;0;0
597000;0;0;0;0;0
611000;0;0;0;0;0
624000;0;0;0;0;0
637000;0;0;0;0;0
650000;0;0;0;0;0
663000;0;0;0;0;0
677000;0;0;0;0;0
690000;0;0;0;0;0
703000;0;0;0;0;0
717000;0;0;0;0;0
730000;0;0;0;0;0
744000;0;0;0;0;0
758000;0;0;0;0;0
771000;0;0;0;0;0
784000;0;0;0;0;0
797000;0;0;0;0;0
811000;0;0;0;0;0
824000;0;0;0;0;0
838000;0;0;0;0;0
851000;0;0;0;0;0
864000;0;0;0;0;0
878000;0;0;0;0;0
891000;0;0;0;0;0
905000;0;0;0;0;0
918000;0;0;0;0;0
931000;0;0;0;0;0
945000;0;0;0;0;0
959000;0;0;0;0;0
973000;0;0;0;0;0
987000;0;0;0;0;0
1001000;0;0;0;0;0
1014000;0;0;0;0;0
1028000;0;0;0;0;0
1043000;0;0;0;0;0
1057000;0;0;0;0;0
1072000;0;0;0;0;0
1086000;0;0;0;0;0
1100000;0;0;0;0;0
1114000;0;0;0;0;0
1127000;0;0;0;0;0
1141000;0;0;0;0;0
1154000;0;0;0;0;0
1167000;0;0;0;0;0
1180000;0;0;0;0;0
1194000;0;0;0;0;0
1208000;0;0;0;0;0
1223000;0;0;0;0;0
1237000;0;0;0;0;0
1250000;0;0;0;0;0
1265000;0;0;0;0;0
1279000;0;0;0;0;0
1293000;0;0;0;0;0
1308000;0;0;0;0;0
1322000;0;0;0;0;0
1336000;0;0;0;0;0
1350000;0;0;0;0;0
1365000;0;0;0;0;0
1380000;0;0;0;0;0
1394000;0;0;0;0;0
1409000;0;0;0;0;0
1422000;0;0;0;0;0
1435000;0;0;0;0;0
1449000;0;0;0;0;0
1464000;0;0;0;0;0
1478000;0;0;0;0;0
1491000;0;0;0;0;0
1505000;0;0;0;0;0
1519000;0;0;0;0;0
1533000;0;0;0;0;0
1546000;0;0;0;0;0
1560000;0;0;0;0;0
1574000;0;0;0;0;0
1588000;0;0;0;0;0
1603000;0;0;0;0;0
1617000;0;0;0;0;0
1630000;0;0;0;0;0
1644000;0;0;0;0;0
1658000;0;0;0;0;0
1672000;0;0;0;0;0
1686000;0;0;0;0;0
1700000;0;0;0;0;0
1713000;0;0;0;0;0
1726000;0;0;0;0;0
1739000;0;0;0;0;0
1753000;0;0;0;0;0
1766000;0;0;0;0;0
1779000;0;0;0;0;0
1793000;0;0;0;0;0
1806000;0;0;0;0;0
1819000;0;0;0;0;0
1833000;0;0;0;0;0
1847000;0;0;0;0;0
1860000;0;0;0;0;0
1875000;0;0;0;0;0
1888000;0;0;0;0;0
1903000;0;0;0;0;0
1917000;0;0;0;0;0
1931000;0;0;0;0;0
1944000;0;0;0;0;0
1958000;0;0;0;0;0
1972000;0;0;0;0;0
1986000;0;0;0;0;0
2001000;0;0;0;0;0
2016000;0;0;0;0;0
2030000;0;0;0;0;0
2045000;0;0;0;0;0
2058000;0;0;0;0;0
2072000;0;0;0;0;0
2086000;0;0;0;0;0
2100000;0;0;0;0;0
2115000;0;0;0;0;0
2129000;0;0;0;0;0
2144000;0;0;0;0;0
2157000;0;0;0;0;0
2170000;0;0;0;0;0
2184000;0;0;0;0;0
2197000;0;0;0;0;0
2211000;0;0;0;0;0
2224000;0;0;0;0;0
2238000;0;0;0;0;0
2253000;0;0;0;0;0
2268000;0;0;0;0;0
2282000;0;0;0;0;0
2295000;0;0;0;0;0
2310000;0;0;0;0;0
2325000;0;0;0;0;0
2339000;0;0;0;0;0
2353000;0;0;0;0;0
2368000;0;0;0;0;0
2383000;0;0;0;0;0
2397000;0;0;0;0;0
2411000;0;0;0;0;0
2426000;0;0;0;0;0
2441000;0;0;0;0;0
2454000;0;0;0;0;0
2468000;0;0;0;0;0
2481000;0;0;0;0;0
2495000;0;0;0;0;0
2509000;0;0;0;0;0
2522000;0;0;0;0;0
2535000;0;0;0;0;0
2549000;0;0;0;0;0
2562000;0;0;0;0;0
2576000;0;0;0;0;0
2590000;0;0;0;0;0
2605000;0;0;0;0;0
2619000;0;0;0;0;0
2633000;0;0;0;0;0
2646000;0;0;0;0;0
2660000;0;0;0;0;0
2674000;0;0;0;0;0
2687000;0;0;0;0;0
2702000;0;0;0;0;0
2716000;0;0;0;0;0
2729000;0;0;0;0;0
2745000;0;0;0;0;0
2759000;0;0;0;0;0
2773000;0;0;0;0;0
2786000;0;0;0;0;0
2800000;0;0;0;0;0
2813000;0;0;0;0;0
2827000;0;0;0;0;0
2840000;0;0;0;0;0
2854000;0;0;0;0;0
2866000;0;0;0;0;0
2879000;0;0;0;0;0
2893000;0;0;0;0;0
2907000;0;0;0;0;0
2921000;0;0;0;0;0
2935000;0;0;0;0;0
2949000;0;0;0;0;0
2964000;0;0;0;0;0
2978000;0;0;0;0;0
2992000;0;0;0;0;0
3006000;0;0;0;0;0
3020000;0;0;0;0;0
3034000;0;0;0;0;0
3048000;0;0;0;0;0
3062000;0;0;0;0;0
3076000;0;0;0;0;0
3089000;0;0;0;0;0
3102000;0;0;0;0;0
3116000;0;0;0;0;0
3130000;0;0;0;0;0
3144000;0;0;0;0;0
3160000;0;0;0;0;0
3173000;0;0;0;0;0
3187000;0;0;0;0;0
3201000;0;0;0;0;0
3215000;0;0;0;0;0
3229000;0;0;0;0;0
3243000;0;0;0;0;0
3257000;0;0;0;0;0
3271000;0;0;0;0;0
3285000;0;0;0;0;0
3300000;0;0;0;0;0
3314000;0;0;0;0;0
3328000;0;0;0;0;0
3342000;-2.9077830314636230469;-2.9019019603729248047;-0.03120899200439453125;0.4062659144401550293;-0.058810710906982421875
3355000;-2.9077830314636230469;-2.8902254104614257812;-0.17103910446166992188;0.99596381187438964844;-0.17557621002197265625
3368000;-2.9077830314636230469;-2.8847887516021728516;-0.25575160980224609375;1.4049420356750488281;-0.22994279861450195312
3381000;-2.9077830314636230469;-2.8748419284820556641;-0.30952692031860351562;0.36529958248138427734;-0.32941102981567382812
3394000;-2.9077830314636230469;-2.8628854751586914062;-0.40060281753540039062;1.4206006526947021484;-0.45735120773315429688
3408000;-2.9077830314636230469;-2.8543651103973388672;-0.53040266036987304688;0.63847720623016357422;-0.55299520492553710938
3421000;-2.9077830314636230469;-2.8460693359375;-0.6038761138916015625;0.36095985770225524902;-0.61713695526123046875
3435000;-2.9077830314636230469;-2.8330180644989013672;-0.71644544601440429688;0.71855258941650390625;-0.74764966964721679688
3450000;-2.9077830314636230469;-2.8233726024627685547;-0.841503143310546875;0.98259949684143066406;-0.84410429000854492188
3465000;-2.9077830314636230469;-2.8138761520385742188;-0.91645956039428710938;0.69139593839645385742;-0.93906879425048828125
3479000;-2.9077830314636230469;-2.8051524162292480469;-1.0210919380187988281;0.77256453037261962891;-1.0205531120300292969
3492000;-2.9077830314636230469;-2.7960975170135498047;-1.1063528060913085938;0.72802555561065673828;-1.1168551445007324219
3506000;-2.9077830314636230469;-2.786151885986328125;-1.1858201026916503906;0.89975249767303466797;-1.2220621109008789062
3519000;-2.9077830314636230469;-2.7777972221374511719;-1.2964463233947753906;1.1840684413909912109;-1.29985809326171875
3532000;-2.9077830314636230469;-2.7688622474670410156;-1.3983368873596191406;0.35883080959320068359;-1.4091038703918457031
3546000;-2.9077830314636230469;-2.7593641281127929688;-1.466884613037109375;0.29918381571769714355;-1.4964389801025390625
3560000;-2.9077830314636230469;-2.7555925846099853516;-1.5142369270324707031;0.38001659512519836426;-1.5316605567932128906
3575000;-2.9077830314636230469;-2.7427916526794433594;-1.5935873985290527344;0.74119108915328979492;-1.649913787841796875
3588000;-2.9077830314636230469;-2.7317261695861816406;-1.7180991172790527344;0.63438242673873901367;-1.7605686187744140625
3601000;-2.9077830314636230469;-2.7277052402496337891;-1.81095123291015625;0.72173082828521728516;-1.8007779121398925781
3614000;-2.9077830314636230469;-2.7193555831909179688;-1.8818259239196777344;0.30649602413177490234;-1.9083404541015625
3628000;-2.9077830314636230469;-2.7060511112213134766;-1.994171142578125;1.0161800384521484375;-2.020473480224609375
3642000;-2.9077830314636230469;-2.6983425617218017578;-2.0897531509399414062;0.79557919502258300781;-2.0833325386047363281
3656000;-2.9077830314636230469;-2.6917960643768310547;-2.1509885787963867188;0.57562142610549926758;-2.1598696708679199219
3670000;-2.9077830314636230469;-2.6796309947967529297;-2.2364044189453125;0.31109827756881713867;-2.2815203666687011719
3687000;-2.9077830314636230469;-2.6732192039489746094;-2.3474955558776855469;0.59040206670761108398;-2.345638275146484375
3700000;-2.9077830314636230469;-2.6662335395812988281;-2.4062275886535644531;0.64182955026626586914;-2.4131941795349121094
3715000;-2.9077830314636230469;-2.6544437408447265625;-2.4925899505615234375;0.34470206499099731445;-2.5333929061889648438
3728000;-2.9077830314636230469;-2.6455240249633789062;-2.5896167755126953125;0.20051106810569763184;-2.6399064064025878906
3741000;-2.9077830314636230469;-2.6392431259155273438;-2.6938772201538085938;0.95774042606353759766;-2.6853990554809570312
3756000;-2.9077830314636230469;-2.627216339111328125;-2.7931094169616699219;0.96060895919799804688;-2.8265643119812011719
3771000;-2.9077830314636230469;-2.6155292987823486328;-2.9010796546936035156;0.74047625064849853516;-2.9225373268127441406
3785000;-2.9077830314636230469;-2.6082365512847900391;-2.9764723777770996094;0.23851740360260009766;-2.9954648017883300781
3800000;-2.9077830314636230469;-2.6022543907165527344;-3.080348968505859375;1.2984963655471801758;-3.055286407470703125
3813000;-2.9077830314636230469;-2.5950703620910644531;-3.1067872047424316406;0.12255510687828063965;-3.1271266937255859375
3828000;-2.9077830314636230469;-2.5920577049255371094;-3.1476688385009765625;0.38398212194442749023;-3.1537413597106933594
3842000;-2.9077830314636230469;-2.5870471000671386719;-3.2033133506774902344;0.34608021378517150879;-3.2191371917724609375
3856000;-2.9077830314636230469;-2.5781495571136474609;-3.273296356201171875;0.38537591695785522461;-3.2963347434997558594
3869000;-2.9077830314636230469;-2.5725052356719970703;-3.3336281776428222656;0.65865987539291381836;-3.3527779579162597656
3883000;-2.9077830314636230469;-2.5650920867919921875;-3.4129261970520019531;0.19105261564254760742;-3.4269094467163085938
3897000;-2.9077830314636230469;-2.5553395748138427734;-3.4810566902160644531;0.5707938075065612793;-3.5244345664978027344
3910000;-2.9077830314636230469;-2.5492756366729736328;-3.568592071533203125;0.73509961366653442383;-3.5797071456909179688
3923000;-2.9077830314636230469;-2.5442719459533691406;-3.6271929740905761719;0.4300511777400970459;-3.6351108551025390625
3937000;-2.9077830314636230469;-2.5377488136291503906;-3.675365447998046875;0.30592691898345947266;-3.7003421783447265625
3951000;-2.9077830314636230469;-2.5314564704895019531;-3.7471151351928710938;0.61494386196136474609;-3.7666273117065429688
3965000;-2.9077830314636230469;-2.5300951004028320312;-3.7926125526428222656;-0.29317650198936462402;-3.7768793106079101562
3979000;-2.9077830314636230469;-2.5192537307739257812;-3.8392305374145507812;0.92068439722061157227;-3.8852930068969726562
3993000;-2.9077830314636230469;-2.5119709968566894531;-3.9568734169006347656;0.47813498973846435547;-3.9581203460693359375
4007000;-2.9077830314636230469;-2.5046880245208740234;-4.0028357505798339844;0.20551536977291107178;-4.0309500694274902344
4021000;-2.9077830314636230469;-2.5006673336029052734;-4.0895295143127441406;0.75198888778686523438;-4.0711569786071777344
4035000;-2.9077830314636230469;-2.4926590919494628906;-4.1341066360473632812;0.072770953178405761719;-4.1512393951416015625
4049000;-2.9077830314636230469;-2.4848618507385253906;-4.2173123359680175781;0.019034788012504577637;-4.2292118072509765625
4064000;-2.9077830314636230469;-2.4808156490325927734;-4.2751336097717285156;0.35791626572608947754;-4.2948412895202636719
4078000;-2.9077830314636230469;-2.4681961536407470703;-4.3741202354431152344;0.49788916110992431641;-4.3958687782287597656
4092000;-2.9077830314636230469;-2.4614470005035400391;-4.4531798362731933594;0.42463898658752441406;-4.4633603096008300781
4106000;-2.9077830314636230469;-2.4528448581695556641;-4.5089650154113769531;0.29004740715026855469;-4.5493817329406738281
4120000;-2.9077830314636230469;-2.4459674358367919922;-4.6023130416870117188;0.77284550666809082031;-4.6218442916870117188
4134000;-2.9077830314636230469;-2.4405679702758789062;-4.6712732315063476562;0.13634757697582244873;-4.6874642372131347656
4148000;-2.9077830314636230469;-2.4333403110504150391;-4.7378492355346679688;0.46227568387985229492;-4.7512006759643554688
4163000;-2.9077830314636230469;-2.4274587631225585938;-4.7858428955078125;0.46092468500137329102;-4.8032426834106445312
4178000;-2.9077830314636230469;-2.4190435409545898438;-4.8471283912658691406;1.1513731479644775391;-4.8574900627136230469
4191000;-2.9077830314636230469;-2.4187533855438232422;-4.8964571952819824219;0.34646779298782348633;-4.907321929931640625
4206000;-2.9077830314636230469;-2.4104459285736083984;-4.9504733085632324219;0.28969007730484008789;-4.9733710289001464844
4220000;-2.9077830314636230469;-2.4075360298156738281;-5.0034189224243164062;0.21175764501094818115;-4.9980568885803222656
4234000;-2.9077830314636230469;-2.4039614200592041016;-5.0464940071105957031;0.43950104713439941406;-5.0382161140441894531
4248000;-2.9077830314636230469;-2.3979096412658691406;-5.0729489326477050781;0.21313756704330444336;-5.0997114181518554688
4261000;-2.9077830314636230469;-2.3910889625549316406;-5.1713514328002929688;0.97906661033630371094;-5.1669406890869140625
4275000;-2.9077830314636230469;-2.3840780258178710938;-5.2177286148071289062;0.30903959274291992188;-5.2370500564575195312
4289000;-2.9077830314636230469;-2.3784437179565429688;-5.2977061271667480469;0.75488203763961791992;-5.2933931350708007812
4303000;-2.9077830314636230469;-2.3702895641326904297;-5.3525042533874511719;0.56698113679885864258;-5.3749346733093261719
4318000;-2.9077830314636230469;-2.3646345138549804688;-5.3999662399291992188;-0.46589761972427368164;-5.4109025001525878906
4333000;-2.9077830314636230469;-2.3655240535736083984;-5.4213190078735351562;0.054094649851322174072;-5.4225897789001464844
4347000;-2.9077830314636230469;-2.3608775138854980469;-5.48305511474609375;0.7696736454963684082;-5.46905517578125
4360000;-2.9077830314636230469;-2.3553452491760253906;-5.4986858367919921875;0.67503106594085693359;-5.5243778228759765625
4375000;-2.9077830314636230469;-2.3480916023254394531;-5.5859351158142089844;0.5747420191764831543;-5.6179666519165039062
4389000;-2.9077830314636230469;-2.3380863666534423828;-5.6833243370056152344;0.65730363130569458008;-5.6969666481018066406
4403000;-2.9077830314636230469;-2.3354992866516113281;-5.7259345054626464844;0.36621683835983276367;-5.7228374481201171875
4417000;-2.9077830314636230469;-2.3309876918792724609;-5.7491731643676757812;0.28342425823211669922;-5.7679533958435058594
4431000;-2.9077830314636230469;-2.3243660926818847656;-5.8297824859619140625;0.56044059991836547852;-5.8341693878173828125
4444000;-2.9077830314636230469;-2.3191492557525634766;-5.87314605712890625;0.21717479825019836426;-5.8915090560913085938
4459000;-2.9077830314636230469;-2.3157372474670410156;-5.8865833282470703125;0.75942492485046386719;-5.9147191047668457031
4473000;-2.9077830314636230469;-2.3099458217620849609;-5.9781479835510253906;0.41351225972175598145;-5.995941162109375
4487000;-2.9077830314636230469;-2.3043637275695800781;-6.0202741622924804688;0.33450400829315185547;-6.0603761672973632812
4502000;-2.9077830314636230469;-2.3036267757415771484;-6.0687351226806640625;0.56111466884613037109;-6.0860514640808105469
4515000;-2.9077830314636230469;-2.2957816123962402344;-6.0918521881103515625;0.05927120894193649292;-6.120014190673828125
4528000;-2.9077830314636230469;-2.2940747737884521484;-6.1352443695068359375;0.30826222896575927734;-6.1266684532165527344
4541000;-2.9077830314636230469;-2.2893354892730712891;-6.1716103553771972656;0.69537460803985595703;-6.1844754219055175781
4555000;-2.9077830314636230469;-2.2863991260528564453;-6.2093472480773925781;0.29480293393135070801;-6.2113976478576660156
4569000;-2.9077830314636230469;-2.2835040092468261719;-6.2223720550537109375;0.041112527251243591309;-6.24279022216796875
4583000;-2.9077830314636230469;-2.2789158821105957031;-6.2915682792663574219;0.14202964305877685547;-6.30870819091796875
4596000;-2.9077830314636230469;-2.2778060436248779297;-6.2993669509887695312;-0.12458221614360809326;-6.2997698783874511719
4609000;-2.9077830314636230469;-2.271923065185546875;-6.3525176048278808594;0.43625110387802124023;-6.3585996627807617188
4623000;-2.9077830314636230469;-2.2679512500762939453;-6.3914775848388671875;0.41473144292831420898;-6.3983178138732910156
4637000;-2.9077830314636230469;-2.2678570747375488281;-6.4002442359924316406;-0.00060161948204040527344;-6.3992595672607421875
4650000;-2.9077830314636230469;-2.2643005847930908203;-6.4111828804016113281;-0.19057098031044006348;-6.4293313026428222656
4664000;-2.9077830314636230469;-2.2624840736389160156;-6.4526581764221191406;0.40519192814826965332;-6.4529895782470703125
4679000;-2.9077830314636230469;-2.2610449790954589844;-6.4617395401000976562;0.18642190098762512207;-6.4739561080932617188
4692000;-2.9077830314636230469;-2.258892059326171875;-6.4672327041625976562;-0.28778976202011108398;-6.4889097213745117188
4705000;-2.9077830314636230469;-2.2540066242218017578;-6.5412783622741699219;1.0819451808929443359;-6.5377640724182128906
4720000;-2.9077830314636230469;-2.2532868385314941406;-6.5304589271545410156;-0.20171326398849487305;-6.5449619293212890625
4734000;-2.9077830314636230469;-2.2476954460144042969;-6.5936923027038574219;0.83853286504745483398;-6.6008758544921875
4748000;-2.9077830314636230469;-2.2424607276916503906;-6.6433787345886230469;0.10619181394577026367;-6.6532230377197265625
4761000;-2.9077830314636230469;-2.2343258857727050781;-6.7077016830444335938;0.36517542600631713867;-6.7345714569091796875
4775000;-2.9077830314636230469;-2.2318429946899414062;-6.7583918571472167969;0.44978773593902587891;-6.7594003677368164062
4788000;-2.9077830314636230469;-2.2262048721313476562;-6.8191361427307128906;0.69315749406814575195;-6.8245053291320800781
4801000;-2.9077830314636230469;-2.2199802398681640625;-6.8562340736389160156;0.11197628825902938843;-6.8780279159545898438
4814000;-2.9077830314636230469;-2.2208950519561767578;-6.84597015380859375;0.3372771143913269043;-6.8819832801818847656
4827000;-2.9077830314636230469;-2.2159926891326904297;-6.9132161140441894531;0.55545687675476074219;-6.9179034233093261719
4840000;-2.9077830314636230469;-2.2059421539306640625;-7.0149397850036621094;0.2012157142162322998;-7.0184087753295898438
4854000;-2.9077830314636230469;-2.2040071487426757812;-7.0459437370300292969;-0.18766424059867858887;-7.0532751083374023438
4868000;-2.9077830314636230469;-2.1992471218109130859;-7.0588898658752441406;0.83186262845993041992;-7.0735430717468261719
4882000;-2.9077830314636230469;-2.1951773166656494141;-7.1225237846374511719;0.43179297447204589844;-7.1443271636962890625
4896000;-2.9077830314636230469;-2.1911876201629638672;-7.1588969230651855469;0.092075332999229431152;-7.1573090553283691406
4910000;-2.9077830314636230469;-2.1907505989074707031;-7.1970725059509277344;0.45338022708892822266;-7.1703243255615234375
4924000;-2.9077830314636230469;-2.1839275360107421875;-7.222461700439453125;0.22619980573654174805;-7.2385549545288085938
4938000;-2.9077830314636230469;-2.1780018806457519531;-7.2884154319763183594;0.16112034022808074951;-7.2978115081787109375
4951000;-2.9077830314636230469;-2.1757576465606689453;-7.3288941383361816406;0.028332665562629699707;-7.3108029365539550781
4964000;-2.9077830314636230469;-2.1740806102752685547;-7.3439288139343261719;0.66135388612747192383;-7.3370242118835449219
4977000;-2.9077830314636230469;-2.1701955795288085938;-7.3817300796508789062;0.12389875203371047974;-7.3758745193481445312
4991000;-2.9077830314636230469;-2.1674902439117431641;-7.3845171928405761719;0.47402858734130859375;-7.4029278755187988281
5005000;-2.9077830314636230469;-2.1629292964935302734;-7.4236822128295898438;0.12844559550285339355;-7.4485373497009277344
5019000;-2.9077830314636230469;-2.1587469577789306641;-7.475433349609375;0.53078293800354003906;-7.4903607368469238281
5033000;-2.9077830314636230469;-2.1582777500152587891;-7.515964508056640625;0.16463315486907958984;-7.4950528144836425781
5046000;-2.9077830314636230469;-2.1542263031005859375;-7.5277686119079589844;0.39675259590148925781;-7.541103363037109375
5060000;-2.9077830314636230469;-2.1464006900787353516;-7.6067757606506347656;0.60901057720184326172;-7.6138234138488769531
5073000;-2.9077830314636230469;-2.1444761753082275391;-7.62607574462890625;0.43344262242317199707;-7.6330685615539550781
5086000;-2.9077830314636230469;-2.1395866870880126953;-7.6880860328674316406;0.66001707315444946289;-7.6819634437561035156
5099000;-2.9077830314636230469;-2.1350247859954833984;-7.7181386947631835938;-0.2679030299186706543;-7.7275824546813964844
5112000;-2.9077830314636230469;-2.1343502998352050781;-7.7415251731872558594;0.14507736265659332275;-7.7301049232482910156
5126000;-2.9077830314636230469;-2.1325402259826660156;-7.7582836151123046875;0.25372016429901123047;-7.7563881874084472656
5140000;-2.9077830314636230469;-2.1313283443450927734;-7.7728223800659179688;0.20606696605682373047;-7.781963348388671875
5153000;-2.9077830314636230469;-2.125484466552734375;-7.7994060516357421875;0.40937721729278564453;-7.8229856491088867188
5167000;-2.9077830314636230469;-2.1253192424774169922;-7.8415775299072265625;0.47319948673248291016;-7.8246378898620605469
5180000;-2.9077830314636230469;-2.1203372478485107422;-7.8717017173767089844;0.24188971519470214844;-7.8953576087951660156
5194000;-2.9077830314636230469;-2.1143717765808105469;-7.9085063934326171875;0.16305273771286010742;-7.9260468482971191406
5208000;-2.9077830314636230469;-2.1102604866027832031;-7.9837250709533691406;-0.18693068623542785645;-7.9752254486083984375
5224000;-2.9077830314636230469;-2.1096088886260986328;-7.958507537841796875;-0.13669678568840026855;-7.9817414283752441406
5238000;-2.9077830314636230469;-2.1071393489837646484;-8.017971038818359375;0.34934914112091064453;-8.0064373016357421875
5251000;-2.9077830314636230469;-2.1014056205749511719;-8.062038421630859375;0.42392420768737792969;-8.06377410888671875
5264000;-2.9077830314636230469;-2.1002321243286132812;-8.051166534423828125;0.36950629949569702148;-7.8342175483703613281
5277000;-2.8126316070556640625;-2.0996270179748535156;-7.4086785316467285156;0.53914749622344970703;-7.1300458908081054688
5291000;-2.7289953231811523438;-2.0949826240539550781;-6.3126730918884277344;-0.14104722440242767334;-6.3401269912719726562
5306000;-2.6102075576782226562;-2.0982084274291992188;-5.4219961166381835938;-0.23401391506195068359;-5.1036477088928222656
5320000;-2.5211167335510253906;-2.0986461639404296875;-4.23679351806640625;0.44827806949615478516;-3.9335894584655761719
5335000;-2.4023292064666748047;-2.0929284095764160156;-3.0862593650817871094;0.64536154270172119141;-3.0940079689025878906
5349000;-2.3132381439208984375;-2.091648101806640625;-2.2295999526977539062;-0.078872025012969970703;-1.924991607666015625
5362000;-2.1968746185302734375;-2.0908861160278320312;-1.3399004936218261719;-0.0089064724743366241455;-1.0598850250244140625
5376000;-2.1096019744873046875;-2.0871706008911132812;-0.2262973785400390625;0.48463070392608642578;0.0707721710205078125
5389000;-1.9932384490966796875;-2.0862243175506591797;0.62716245651245117188;-0.09757633507251739502;0.92985868453979492188
5403000;-1.9077839851379394531;-2.0856547355651855469;1.7805528640747070312;-0.35230880975723266602;1.7787075042724609375
5416000;-1.8223310708999633789;-2.0804524421691894531;2.6137864589691162109;0.7425009608268737793;2.8571689128875732422
5431000;-1.7120265960693359375;-2.0755565166473388672;3.6368703842163085938;0.53602439165115356445;3.6352992057800292969
5444000;-1.6386932134628295898;-2.072414398193359375;4.3425264358520507812;-0.063734605908393859863;4.5675144195556640625
5459000;-1.555662989616394043;-2.071102142333984375;4.9544324874877929688;0.516506195068359375;5.1543912887573242188
5474000;-1.5356630086898803711;-2.0682508945465087891;5.3196964263916015625;0.4116452634334564209;5.3205575942993164062
5488000;-1.5356630086898803711;-2.0693490505218505859;5.2958545684814453125;0.42540732026100158691;5.3273763656616210938
5503000;-1.5356630086898803711;-2.0620939731597900391;5.2906599044799804688;0.52708572149276733398;5.2643098831176757812
5517000;-1.4793272018432617188;-2.0642740726470947266;5.6258130073547363281;0.37034684419631958008;5.8494687080383300781
5532000;-1.4011453390121459961;-2.05975341796875;6.5922107696533203125;-0.15074312686920166016;6.5860805511474609375
5545000;-1.265993952751159668;-2.0580499172210693359;7.5587406158447265625;0.26056396961212158203;7.9205598831176757812
5560000;-1.1375091075897216797;-2.0571854114532470703;9.2039947509765625;-0.20855711400508880615;9.642246246337890625
5574000;-0.92417740821838378906;-2.0539212226867675781;10.748796463012695312;0.27316573262214660645;11.285154342651367188
5589000;-0.73630011081695556641;-2.0503046512603759766;13.148613929748535156;0.08730621635913848877;13.800688743591308594
5603000;-0.43569028377532958984;-2.0441126823425292969;16.096899032592773438;0.61668491363525390625;16.084224700927734375
5619000;-0.077508471906185150146;-2.0442073345184326172;18.732364654541015625;-0.27997553348541259766;19.666988372802734375
5633000;0.21582487225532531738;-2.0414609909057617188;22.607784271240234375;0.81538438796997070312;23.591724395751953125
5647000;0.65037035942077636719;-2.0426201820373535156;25.81699371337890625;0.031481161713600158691;26.919145584106445312
5660000;1.0224915742874145508;-2.0394442081451416016;30.626163482666015625;-0.017793685197830200195;31.914594650268554688
5673000;1.4218859672546386719;-2.0397288799285888672;34.633819580078125;0.15278363227844238281;36.0040283203125
5686000;2.0012798309326171875;-2.0364384651184082031;38.87957000732421875;0.35876604914665222168;40.38227081298828125
5701000;2.4594619274139404297;-2.0329833030700683594;44.928249359130859375;0.37245017290115356445;46.48809051513671875
5715000;3.0934016704559326172;-2.0334591865539550781;49.67929840087890625;0.65706789493560791016;51.26860809326171875
5728000;3.5812807083129882812;-2.0290906429290771484;56.111480712890625;0.19812436401844024658;57.770381927490234375
5742000;4.252796173095703125;-2.0270771980285644531;61.12377166748046875;0.38516378402709960938;62.7941741943359375
5757000;4.762493133544921875;-2.0280339717864990234;67.910125732421875;-0.0082428976893424987793;69.632354736328125
5770000;5.4534015655517578125;-2.0294749736785888672;73.06026458740234375;0.16370575129985809326;74.8166351318359375
5784000;5.9879465103149414062;-2.0247704982757568359;80;0.0062354579567909240723;80
5797000;6.5334005355834960938;-2.0258009433746337891;80;0.25336286425590515137;80
5811000;7.2733988761901855469;-2.0265533924102783203;80;-0.28404605388641357422;80
5826000;8.027935028076171875;-2.0232234001159667969;80;0.28185290098190307617;80
5840000;8.6061277389526367188;-2.0206637382507324219;80;0.19777341187000274658;80
5854000;8.9179315567016601562;-2.0189580917358398438;80;0.51292008161544799805;80
5869000;8.9215145111083984375;-2.0148012638092041016;80;-0.13960832357406616211;80
5883000;8.9215946197509765625;-2.0152952671051025391;80;0.10050262510776519775;80
5897000;8.9228105545043945312;-2.0123343467712402344;80;0.50090765953063964844;80
5910000;8.926361083984375;-2.010528564453125;80;0.20325355231761932373;80
5925000;8.928073883056640625;-2.0086333751678466797;80;0.49889448285102844238;80
5939000;8.9248819351196289062;-2.0065143108367919922;80;-0.11521479487419128418;80
5952000;8.9287824630737304688;-2.0026140213012695312;80;0.4456965327262878418;80
5966000;8.9306640625;-2.0007319450378417969;80;0.12767627835273742676;80
5981000;8.9261178970336914062;-1.9994604587554931641;80;-0.14986000955104827881;80
5995000;8.9247827529907226562;-1.9955979585647583008;80;0.583385467529296875;80
6010000;8.9313287734985351562;-1.9945743083953857422;80;-0.043057885020971298218;80
6024000;8.9293107986450195312;-1.996146082878112793;80;-0.19687804579734802246;80
6038000;8.9235515594482421875;-1.9968581199645996094;80;0.30515709519386291504;80
6053000;8.91693115234375;-1.9968013763427734375;80;0.11160451173782348633;80
6066000;8.9270877838134765625;-1.9933223724365234375;80;0.26193058490753173828;80
6079000;8.9245386123657226562;-1.9894900321960449219;80;-0.11216898262500762939;80
6092000;8.9299707412719726562;-1.9849462509155273438;80;0.16196013987064361572;80
6106000;8.933559417724609375;-1.9813574552536010742;80;0.3503659665584564209;80
6119000;8.9329395294189453125;-1.9819774627685546875;80;0.48856258392333984375;80
6132000;8.9347581863403320312;-1.9801591634750366211;80;0.47463464736938476562;80
6146000;8.9326696395874023438;-1.976754307746887207;80;0.1891670525074005127;80
6159000;8.9311647415161132812;-1.9724668264389038086;80;0.36524689197540283203;80
6173000;8.9321460723876953125;-1.9712728261947631836;80;-0.15209360420703887939;80
6186000;8.9432840347290039062;-1.9661395549774169922;80;0.58041334152221679688;80
6200000;8.9392337799072265625;-1.9634926319122314453;80;0.36578980088233947754;80
6214000;8.93895721435546875;-1.9649735689163208008;80;0.53853905200958251953;80
6227000;8.9347629547119140625;-1.9623866081237792969;80;-0.17966747283935546875;80
6240000;8.9376201629638671875;-1.958728790283203125;80;0.53024131059646606445;80
6255000;8.9337472915649414062;-1.9583791494369506836;80;0.10123836249113082886;80
6270000;8.9335088729858398438;-1.9594357013702392578;80;-0.1169643402099609375;80
6283000;8.9322032928466796875;-1.9620720148086547852;80;0.004069026559591293335;80
6297000;8.9315214157104492188;-1.9603607654571533203;80;0.029303267598152160645;80
6311000;8.9262781143188476562;-1.9605505466461181641;80;-0.28160554170608520508;80
6325000;8.93146514892578125;-1.9559857845306396484;80;0.037871524691581726074;80
6339000;8.926914215087890625;-1.9526211023330688477;80;-0.40407842397689819336;80
6355000;8.9329996109008789062;-1.954161524772644043;80;0.076238691806793212891;80
6368000;8.9230556488037109375;-1.95162200927734375;80;-0.017460361123085021973;80
6381000;8.9250802993774414062;-1.9503253698348999023;80;0.76651477813720703125;80
6394000;8.9250192642211914062;-1.951445460319519043;80;0.059656776487827301025;80
6408000;8.9284763336181640625;-1.9475826025009155273;80;0.175750732421875;80
6423000;8.928462982177734375;-1.9434063434600830078;80;0.5314044952392578125;80
6437000;8.9236965179443359375;-1.9415993690490722656;80;0.018553107976913452148;80
6451000;8.9330043792724609375;-1.9388685226440429688;80;0.774684906005859375;80
6465000;8.9312896728515625;-1.934551239013671875;80;0.12656709551811218262;80
6480000;8.929592132568359375;-1.9342344999313354492;80;0.59000360965728759766;80
6494000;8.9276838302612304688;-1.9323012828826904297;80;0.55744290351867675781;80
6508000;8.92929840087890625;-1.9293527603149414062;80;-0.21729965507984161377;80
6522000;8.9269256591796875;-1.9275660514831542969;80;0.17012482881546020508;80
6536000;8.9199018478393554688;-1.9277582168579101562;80;-0.72487413883209228516;80
6549000;8.9245090484619140625;-1.9231473207473754883;80;0.43643325567245483398;80
6562000;8.923496246337890625;-1.9200091361999511719;80;0.43999525904655456543;80
6577000;8.9236249923706054688;-1.9176161289215087891;80;-0.045963138341903686523;80
6590000;8.9239988327026367188;-1.9140141010284423828;80;0.44671243429183959961;80
6604000;8.9243421554565429688;-1.9136708974838256836;80;0.33473834395408630371;80
6619000;8.925006866455078125;-1.9134454727172851562;80;-0.1586684882640838623;80
6632000;8.9148082733154296875;-1.9122184514999389648;80;-0.31104210019111633301;80
6645000;8.9165639877319335938;-1.9105894565582275391;80;0.42876914143562316895;80
6659000;8.9129304885864257812;-1.9080349206924438477;80;0.011177059262990951538;80
6673000;8.9069766998291015625;-1.9088748693466186523;80;0.11126313358545303345;80
6687000;8.9087657928466796875;-1.9072740077972412109;80;0.16312751173973083496;80
6701000;8.9054365158081054688;-1.905110478401184082;80;-0.23261605203151702881;80
6715000;8.9080457687377929688;-1.9023063182830810547;80;0.35750138759613037109;80
6730000;8.9118862152099609375;-1.8986603021621704102;80;-0.038979157805442810059;80
6743000;8.9079151153564453125;-1.8971390724182128906;80;0.50231683254241943359;80
6757000;8.9030733108520507812;-1.8964874744415283203;80;-0.13139936327934265137;80
6773000;8.9057025909423828125;-1.8929803371429443359;80;0.54868733882904052734;80
6788000;8.91131591796875;-1.887469172477722168;80;0.16554588079452514648;80
6803000;8.9126405715942382812;-1.8878889083862304688;80;0.12955842912197113037;80
6817000;8.9166011810302734375;-1.8829591274261474609;80;-0.042341366410255432129;80
6831000;8.9090976715087890625;-1.8846542835235595703;80;0.075581461191177368164;80
6845000;8.9049472808837890625;-1.8843685388565063477;80;-0.2438392937183380127;80
6860000;8.9036579132080078125;-1.8828003406524658203;80;-0.10186804831027984619;80
6873000;8.901897430419921875;-1.8811831474304199219;80;0.30810940265655517578;80
6887000;8.9071950912475585938;-1.8791033029556274414;80;-0.044929742813110351562;80
6902000;8.90984344482421875;-1.8787308931350708008;80;0.46882599592208862305;80
6915000;8.9044170379638671875;-1.8757061958312988281;80;-0.21503460407257080078;80
6929000;8.906566619873046875;-1.8746780157089233398;80;0.35466498136520385742;80
6942000;8.9083204269409179688;-1.8747606277465820312;80;0.16994974017143249512;80
6956000;8.9039831161499023438;-1.8736044168472290039;80;0.12872487306594848633;80
6971000;8.9145803451538085938;-1.8685009479522705078;80;0.50015038251876831055;80
6985000;8.9065637588500976562;-1.8710244894027709961;80;-0.28086584806442260742;80
6998000;8.9062824249267578125;-1.8713049888610839844;80;0.2134507596492767334;80
7011000;8.908916473388671875;-1.8694570064544677734;80;0.17851875722408294678;80
7025000;8.9078264236450195312;-1.8715780973434448242;80;0.075483247637748718262;80
7040000;8.906558990478515625;-1.8682817220687866211;80;0.59148812294006347656;80
7054000;8.9075841903686523438;-1.870003819465637207;80;-0.12078069150447845459;80
7069000;8.9037685394287109375;-1.8676488399505615234;80;-0.23290406167507171631;80
7083000;8.9148092269897460938;-1.8633539676666259766;80;0.71705293655395507812;80
7097000;8.9073362350463867188;-1.8632748126983642578;80;-0.41800788044929504395;80
7111000;8.905712127685546875;-1.8640367984771728516;80;0.5572293400764465332;80
7125000;8.9114389419555664062;-1.8603125810623168945;80;-0.071136534214019775391;80
7139000;8.9123249053955078125;-1.8586524724960327148;80;0.35980615019798278809;80
7153000;8.9057760238647460938;-1.8590613603591918945;80;0.093590617179870605469;80
7168000;8.9143972396850585938;-1.8576974868774414062;80;0.21786701679229736328;80
7182000;8.9196186065673828125;-1.8524762392044067383;80;0.64088547229766845703;80
7196000;8.920192718505859375;-1.8519022464752197266;80;0.24118238687515258789;80
7210000;8.9224452972412109375;-1.8496489524841308594;80;0.071531340479850769043;80
7224000;8.9162988662719726562;-1.8503023386001586914;80;0.45896416902542114258;80
7239000;8.9268484115600585938;-1.8473951816558837891;80;0.60052883625030517578;80
7253000;8.9203100204467773438;-1.8469547033309936523;80;0.096685342490673065186;80
7267000;8.9245576858520507812;-1.841678619384765625;80;0.2229893803596496582;80
7282000;8.9242658615112304688;-1.841515660285949707;80;-0.18799251317977905273;80
7297000;8.9215526580810546875;-1.8416980504989624023;80;-0.13639226555824279785;80
7310000;8.8912496566772460938;-1.840554356575012207;80;-0.085832685232162475586;80
7324000;8.8002939224243164062;-1.8405659198760986328;80;-0.46960118412971496582;80
7338000;8.5718793869018554688;-1.8383370637893676758;80;0.16062724590301513672;80
7352000;8.3173341751098632812;-1.8369736671447753906;80;0.24325504899024963379;80
7367000;7.8355236053466796875;-1.8345470428466796875;80;-0.14156097173690795898;80
7381000;7.4100661277770996094;-1.8369958400726318359;80;-0.0071647614240646362305;80
7395000;6.7240090370178222656;-1.8309732675552368164;80;-0.16680227220058441162;80
7408000;6.1549072265625;-1.8290207386016845703;79.85855865478515625;0.43278416991233825684;77.62109375
7422000;5.267635345458984375;-1.8235521316528320312;73.14064788818359375;0.57437694072723388672;70.93369293212890625
7435000;4.5330905914306640625;-1.8237363100051879883;63.5696258544921875;0.197374686598777771;63.568267822265625
7449000;3.4664387702941894531;-1.819000244140625;55.534786224365234375;0.60430514812469482422;52.854389190673828125
7464000;2.6046061515808105469;-1.8182042837142944336;44.20894622802734375;-0.25082325935363769531;41.1687469482421875
7479000;1.3852276802062988281;-1.8186947107315063477;32.033061981201171875;0.12596760690212249756;32.03922271728515625
7493000;0.44884636998176574707;-1.813933253288269043;22.63581085205078125;0.21780312061309814453;19.50658416748046875
7508000;-0.79963862895965576172;-1.8097823858261108398;10.115930557250976562;-0.0084475129842758178711;10.101437568664550781
7522000;-2.0481235980987548828;-1.8091580867767333984;0.74053883552551269531;0.21124735474586486816;-2.3896551132202148438
7537000;-2.9844872951507568359;-1.8048461675643920898;-11.788455963134765625;0.2011273503303527832;-14.917622566223144531
7551000;-4.2329721450805664062;-1.8020670413970947266;-21.186634063720703125;0.40005439519882202148;-24.309051513671875
7564000;-5.1693186759948730469;-1.7999856472015380859;-33.68769073486328125;-0.019638106226921081543;-36.82511138916015625
7578000;-6.4178218841552734375;-1.796530604362487793;-43.0824737548828125;0.21319365501403808594;-46.19875335693359375
7592000;-7.3541860580444335938;-1.7936569452285766602;-55.61572265625;0.67630726099014282227;-58.72751617431640625
7607000;-8.6026716232299804688;-1.7866264581680297852;-65.0124053955078125;0.47805517911911010742;-68.16045379638671875
7621000;-9.53902435302734375;-1.7761731147766113281;-77.58167266845703125;1.1387948989868164062;-80
7635000;-10.787518501281738281;-1.7617790699005126953;-80;0.90386998653411865234;-80
7649000;-11.723866462707519531;-1.7501840591430664062;-80;0.60871171951293945312;-80
7664000;-12.972369194030761719;-1.7271605730056762695;-80;1.6087790727615356445;-80
7678000;-14.220854759216308594;-1.6989034414291381836;-80;2.0205936431884765625;-80
7692000;-15.15720367431640625;-1.6680048704147338867;-80;2.2280032634735107422;-80
7706000;-16.405702590942382812;-1.6355969905853271484;-80;2.1931610107421875;-80
7720000;-17.342046737670898438;-1.5972079038619995117;-80;3.2214193344116210938;-80
7734000;-18.590547561645507812;-1.559313654899597168;-80;3.0315117835998535156;-80
7748000;-19.52690887451171875;-1.5189214944839477539;-80;3.1320486068725585938;-80
7762000;-20.775390625;-1.478461146354675293;-80;3.1250863075256347656;-80
7776000;-20.793598175048828125;-1.4314160346984863281;-80;3.2749919891357421875;-80
7790000;-19.5796966552734375;-1.3875577449798583984;-80;3.0201768875122070312;-80
7803000;-18.542959213256835938;-1.3396066427230834961;-80;3.4556074142456054688;-80
7816000;-17.303066253662109375;-1.2972066402435302734;-80;3.5612583160400390625;-80
7831000;-16.043634414672851562;-1.2449730634689331055;-80;3.3893156051635742188;-80
7844000;-14.840914726257324219;-1.2026091814041137695;-80;3.6685857772827148438;-80
7858000;-13.62445068359375;-1.1561894416809082031;-80;3.0967831611633300781;-80
7873000;-12.445865631103515625;-1.1102895736694335938;-80;2.8836522102355957031;-80
7887000;-11.287670135498046875;-1.0655463933944702148;-80;3.4949488639831542969;-80
7901000;-10.1530914306640625;-1.0250492095947265625;-80;2.5940220355987548828;-80
7914000;-9.0896005630493164062;-0.99389702081680297852;-80;2.353271484375;-79.693603515625
7928000;-8.0448026657104492188;-0.95434874296188354492;-72.33275604248046875;2.9654054641723632812;-69.53125
7943000;-6.99253082275390625;-0.91281872987747192383;-62.225341796875;2.4172730445861816406;-60.797119140625
7957000;-6.2784419059753417969;-0.87963873147964477539;-53.9306640625;2.1673841476440429688;-52.94189453125
7972000;-5.5070276260375976562;-0.85004514455795288086;-47.393798828125;2.4710526466369628906;-45.855712890625
7986000;-5.027362823486328125;-0.82631325721740722656;-42.559814453125;1.2729279994964599609;-41.571044921875
8000000;-4.7640838623046875;-0.81022661924362182617;-39.813236236572265625;1.1252675056457519531;-39.263919830322265625
8014000;-4.6939249038696289062;-0.80598556995391845703;-38.8651275634765625;0.077892512083053588867;-38.87939453125
8028000;-4.7371892929077148438;-0.80536973476409912109;-39.31884765625;0.10670198500156402588;-39.318195343017578125
8042000;-4.8319940567016601562;-0.81221854686737060547;-39.974414825439453125;-0.1688868105411529541;-40.19775390625
8057000;-4.88005828857421875;-0.81546789407730102539;-40.63720703125;-0.29133594036102294922;-40.7470703125
8071000;-4.8906149864196777344;-0.81731599569320678711;-40.7470703125;0.3161099851131439209;-40.732990264892578125
8086000;-4.8789339065551757812;-0.81521314382553100586;-40.69042205810546875;0.1315685957670211792;-40.63720703125
8100000;-4.8733959197998046875;-0.81097877025604248047;-40.63720703125;0.55887311697006225586;-40.62416839599609375
8114000;-4.7327914237976074219;-0.80807816982269287109;-39.574329376220703125;0.29397881031036376953;-39.24713134765625
8128000;-4.5546069145202636719;-0.80855405330657958984;-37.46791839599609375;-0.16954952478408813477;-36.592082977294921875
8142000;-4.2127881050109863281;-0.81039476394653320312;-34.893802642822265625;-0.27753049135208129883;-34.05718231201171875
8156000;-3.8782429695129394531;-0.80679553747177124023;-30.697744369506835938;0.31125771999359130859;-29.230718612670898438
8170000;-3.2915759086608886719;-0.80885756015777587891;-26.298309326171875;0.43171271681785583496;-24.830846786499023438
8185000;-2.8061211109161376953;-0.80941450595855712891;-19.96832275390625;-0.029080554842948913574;-18.348882675170898438
8199000;-2.0933938026428222656;-0.81285804510116577148;-14.650079727172851562;0.059938896447420120239;-12.805356979370117188
8213000;-1.4315755367279052734;-0.81043934822082519531;-6.2154664993286132812;-0.0011339564807713031769;-4.0053009986877441406
8227000;-0.4855149388313293457;-0.81120067834854125977;0.82893550395965576172;0.25102719664573669434;3.2568573951721191406
8240000;0.36721241474151611328;-0.81120836734771728516;11.794838905334472656;0.29712808132171630859;14.621639251708984375
8254000;1.5914549827575683594;-0.80837279558181762695;20.854099273681640625;0.38093137741088867188;23.980768203735351562
8269000;2.5653944015502929688;-0.80791467428207397461;33.705295562744140625;-0.24341171979904174805;37.036102294921875
8284000;3.8865902423858642578;-0.81200689077377319336;46.99254608154296875;-0.69421160221099853516;46.98596954345703125
8298000;5.2078189849853515625;-0.81606125831604003906;56.943126678466796875;-0.17602699995040893555;60.2548828125
8312000;6.1987280845642089844;-0.8254566192626953125;70.22504425048828125;-0.57473659515380859375;73.54668426513671875
8327000;7.55629730224609375;-0.83440029621124267578;80;-0.33617997169494628906;80
8341000;8.925994873046875;-0.84826767444610595703;80;-1.0678311586380004883;80
8355000;9.9532680511474609375;-0.865947723388671875;80;-1.1781823635101318359;80
8369000;10.980524063110351562;-0.88954722881317138672;80;-1.4767496585845947266;80
8384000;12.350218772888183594;-0.90982174873352050781;80;-1.6964839696884155273;80
8397000;13.377511024475097656;-0.93581831455230712891;80;-1.6439807415008544922;80
8410000;14.747208595275878906;-0.96630531549453735352;80;-2.7507410049438476562;80
8423000;15.774481773376464844;-0.99556910991668701172;80;-2.5955119132995605469;80
8437000;17.144159317016601562;-1.0291763544082641602;80;-2.3267657756805419922;80
8450000;18.171434402465820312;-1.05989837646484375;80;-2.6056809425354003906;80
8464000;19.198705673217773438;-1.0966875553131103516;80;-2.5720310211181640625;80
8478000;20.568403244018554688;-1.1301504373550415039;80;-2.346576690673828125;80
8491000;21.59569549560546875;-1.1715826988220214844;80;-2.7826414108276367188;80
8506000;22.213230133056640625;-1.2096222639083862305;80;-2.7106862068176269531;80
8520000;21.094800949096679688;-1.2513908147811889648;80;-2.4330646991729736328;80
8534000;19.959716796875;-1.2933355569839477539;80;-3.3047254085540771484;80
8547000;18.99212646484375;-1.3334931135177612305;80;-2.6740534305572509766;80
8561000;17.881029129028320312;-1.3787670135498046875;80;-3.586750030517578125;80
8575000;16.735971450805664062;-1.4192166328430175781;80;-3.0080108642578125;80
8589000;15.60248565673828125;-1.4607298374176025391;80;-2.8084859848022460938;80
8604000;14.369706153869628906;-1.494551539421081543;80;-2.6943078041076660156;80
8618000;13.391398429870605469;-1.528035283088684082;80;-2.5598740577697753906;80
8631000;12.540538787841796875;-1.565399169921875;80;-2.3912224769592285156;80
8645000;11.5723876953125;-1.5994399785995483398;80;-2.3228640556335449219;80
8659000;10.761777877807617188;-1.6253070831298828125;80;-2.3318929672241210938;80
8672000;9.97527313232421875;-1.6592478752136230469;80;-2.4327867031097412109;80
8686000;9.2134122848510742188;-1.6850250959396362305;80;-2.1751885414123535156;80
8700000;8.6152276992797851562;-1.711920619010925293;80;-1.9001202583312988281;80
8714000;8.0499267578125;-1.7331836223602294922;80;-1.6413604021072387695;80
8729000;7.5890913009643554688;-1.749287724494934082;80;-0.70614916086196899414;80
8742000;7.2304372787475585938;-1.7618722915649414062;80;-0.8757603764533996582;80
8756000;6.9511857032775878906;-1.7719588279724121094;80;-0.70176583528518676758;80
8771000;6.7553458213806152344;-1.7755378484725952148;80;0.17221632599830627441;80
8784000;6.6077246665954589844;-1.7803369760513305664;80;-0.17799517512321472168;80
8798000;6.5740942955017089844;-1.7810083627700805664;80;0.011220373213291168213;80
8812000;6.585681915283203125;-1.7808935642242431641;80;-0.12935577332973480225;80
8826000;6.6161069869995117188;-1.7774479389190673828;80;0.57260543107986450195;80
8841000;6.6137824058532714844;-1.7742789983749389648;80;0.33591037988662719727;80
8855000;6.5977663993835449219;-1.7738155126571655273;80;0.17114248871803283691;80
8870000;6.5990118980407714844;-1.7725701332092285156;80;0.048148054629564285278;80
8884000;6.6128377914428710938;-1.769730687141418457;80;0.0070219784975051879883;80
8898000;6.61725616455078125;-1.76531219482421875;80;0.016554746776819229126;80
8913000;6.6133904457092285156;-1.7643662691116333008;80;0.11789394915103912354;80
8927000;6.6157841682434082031;-1.7612910270690917969;80;0.45557874441146850586;80
8942000;6.6204080581665039062;-1.7621600627899169922;80;-0.21008317172527313232;80
8955000;6.6220326423645019531;-1.7598186731338500977;80;0.058380588889122009277;80
8970000;6.6183156967163085938;-1.7587593793869018555;80;0.1434834897518157959;80
8985000;6.6180477142333984375;-1.7549031972885131836;80;0.089867576956748962402;80
8999000;6.6212205886840820312;-1.7592823505401611328;80;0.088776797056198120117;80
9013000;6.6203451156616210938;-1.7547305822372436523;80;0.11226267367601394653;80
9028000;6.6219992637634277344;-1.7550758123397827148;80;-0.3456618189811706543;80
9043000;6.6235184669494628906;-1.7525246143341064453;80;-0.31414216756820678711;80
9057000;6.6235184669494628906;-1.7515794038772583008;80;0.61982023715972900391;80
9071000;6.5507907867431640625;-1.7508947849273681641;80;-0.02066448703408241272;80
9085000;6.4113950729370117188;-1.7501107454299926758;80;0.65037781000137329102;80
9098000;6.0586652755737304688;-1.7449072599411010742;79.12995147705078125;0.98801010847091674805;78.05219268798828125
9113000;5.7065439224243164062;-1.7453773021697998047;74.5246429443359375;-0.12129800021648406982;73.1920166015625
9127000;5.1386752128601074219;-1.7462434768676757812;68.81607818603515625;0.44867157936096191406;68.84918975830078125
9142000;4.3895740509033203125;-1.7447091341018676758;63.3722381591796875;-0.49808979034423828125;61.33937835693359375
9156000;3.7410869598388671875;-1.7417458295822143555;54.83197021484375;-0.047139428555965423584;54.82833099365234375
9169000;2.7107818126678466797;-1.7382525205612182617;47.272457122802734375;-0.12439620494842529297;44.4903411865234375
9183000;1.8683576583862304688;-1.7364547252655029297;36.06981658935546875;-0.12353476136922836304;36.048122406005859375
9197000;0.69322448968887329102;-1.7389444112777709961;27.372419357299804688;0.19863292574882507324;24.321689605712890625
9211000;-0.23101943731307983398;-1.7384055852890014648;15.081400871276855469;-0.30042105913162231445;15.073862075805664062
9225000;-1.16738128662109375;-1.7312903404235839844;5.6351566314697265625;0.80410724878311157227;2.5175166130065917969
9238000;-2.4158844947814941406;-1.7241272926330566406;-3.7822735309600830078;0.60026383399963378906;-6.9055104255676269531
9252000;-3.3522479534149169922;-1.7198398113250732422;-16.300119400024414062;0.77067536115646362305;-19.452800750732421875
9266000;-4.6007328033447265625;-1.7147222757339477539;-25.719926834106445312;0.48192197084426879883;-28.850946426391601562
9280000;-5.5370969772338867188;-1.7068431377410888672;-38.2803802490234375;0.37742418050765991211;-41.408542633056640625
9294000;-6.7855639457702636719;-1.6953929662704467773;-47.74105072021484375;0.7860571742057800293;-50.90171051025390625
9308000;-7.7219281196594238281;-1.6855611801147460938;-60.35394287109375;0.81544518470764160156;-63.4974212646484375
9322000;-8.9704313278198242188;-1.6702325344085693359;-69.85962677001953125;0.89406448602676391602;-73.0492095947265625
9336000;-9.9067945480346679688;-1.6422176361083984375;-80;2.3647851943969726562;-80
9350000;-11.155280113220214844;-1.6162697076797485352;-80;1.6377341747283935547;-80
9364000;-12.091643333435058594;-1.584469914436340332;-80;2.4308681488037109375;-80
9378000;-13.340108871459960938;-1.5479363203048706055;-80;2.4267551898956298828;-80
9393000;-14.276472091674804688;-1.5072020292282104492;-80;2.782077789306640625;-80
9406000;-15.524974822998046875;-1.4665429592132568359;-80;3.8009011745452880859;-80
9421000;-16.461338043212890625;-1.4131375551223754883;-80;3.4917497634887695312;-80
9434000;-17.709821701049804688;-1.3696837425231933594;-80;3.1402840614318847656;-80
9449000;-18.646184921264648438;-1.3093305826187133789;-80;3.6087155342102050781;-80
9462000;-19.894651412963867188;-1.2622896432876586914;-80;4.159393310546875;-80
9477000;-19.099300384521484375;-1.2015568017959594727;-80;4.1703505516052246094;-80
9491000;-17.620157241821289062;-1.1447333097457885742;-80;3.758220672607421875;-80
9505000;-15.867763519287109375;-1.086879730224609375;-80;4.0158748626708984375;-80
9519000;-14.603815078735351562;-1.0301071405410766602;-80;4.1153349876403808594;-80
9534000;-12.886113166809082031;-0.97266107797622680664;-80;3.7426676750183105469;-80
9548000;-11.502801895141601562;-0.92418855428695678711;-80;3.9918711185455322266;-80
9562000;-10.108743667602539062;-0.87046259641647338867;-80;3.7026891708374023438;-80
9575000;-8.9332284927368164062;-0.81837040185928344727;-80;3.6174068450927734375;-79.36402130126953125
9589000;-7.60807037353515625;-0.77035027742385864258;-70.245361328125;3.7279100418090820312;-66.89453125
9602000;-6.4187531471252441406;-0.73454904556274414062;-58.43505859375;2.7194280624389648438;-56.842041015625
9615000;-5.5410962104797363281;-0.69084501266479492188;-48.4375;2.8004298210144042969;-47.00927734375
9629000;-4.6268415451049804688;-0.65224093198776245117;-39.703369140625;2.8540487289428710938;-38.549800872802734375
9642000;-3.8775439262390136719;-0.62681150436401367188;-33.49609375;2.0475921630859375;-31.793212890625
9655000;-3.4207983016967773438;-0.60402578115463256836;-28.717041015625;1.2029855251312255859;-28.167724609375
9669000;-3.2024576663970947266;-0.58893233537673950195;-26.35498046875;0.54058742523193359375;-26.080322265625
9685000;-3.2095546722412109375;-0.58466809988021850586;-26.231325149536132812;-0.30150780081748962402;-26.46484375
9699000;-3.3544008731842041016;-0.59380334615707397461;-27.618408203125;-0.66849803924560546875;-27.605974197387695312
9713000;-3.5067815780639648438;-0.60211855173110961914;-28.809583663940429688;-0.58586049079895019531;-29.046630859375
9727000;-3.5973978042602539062;-0.60427445173263549805;-29.753936767578125;-0.42851760983467102051;-29.931232452392578125
9740000;-3.6127190589904785156;-0.60495418310165405273;-30.09033203125;0.2804400026798248291;-30.035400390625
9755000;-3.6003794670104980469;-0.59894096851348876953;-29.925537109375;0.21554225683212280273;-29.815673828125
9769000;-3.5799062252044677734;-0.59891706705093383789;-29.87060546875;-0.011522911489009857178;-29.87060546875
9782000;-3.5892691612243652344;-0.59671533107757568359;-29.925537109375;0.1733983159065246582;-29.9135284423828125
9796000;-3.5899169445037841797;-0.59736329317092895508;-29.98046875;0.03651854395866394043;-29.925537109375
9811000;-3.5936486721038818359;-0.60200709104537963867;-29.925537109375;-0.31212306022644042969;-29.916416168212890625
9825000;-3.4609215259552001953;-0.60034692287445068359;-28.590402603149414062;-0.042157500982284545898;-28.163295745849609375
9839000;-3.2839493751525878906;-0.60127770900726318359;-26.83905029296875;0.51103043556213378906;-26.826715469360351562
9853000;-3.1069798469543457031;-0.59699106216430664062;-25.526790618896484375;-0.12475165724754333496;-25.099887847900390625
9868000;-2.6524343490600585938;-0.59834450483322143555;-20.533372879028320312;0.013038195669651031494;-20.540897369384765625
9882000;-1.9136552810668945312;-0.59606856107711791992;-15.14838409423828125;0.39464545249938964844;-13.175867080688476562
9896000;-1.1718370914459228516;-0.59496158361434936523;-5.7603955268859863281;0.094894275069236755371;-5.7687549591064453125
9910000;-0.18273146450519561768;-0.59714108705520629883;1.6674315929412841797;-0.062006615102291107178;4.14409637451171875
9924000;0.69120794534683227539;-0.59478467702865600586;12.869801521301269531;0.11118237674236297607;15.993259429931640625
9938000;1.9445413351058959961;-0.59157842397689819336;22.24102020263671875;0.39139977097511291504;25.372304916381835938
9953000;3.2851288318634033203;-0.59741449356079101562;35.3919525146484375;-0.19473028182983398438;38.82543182373046875
9967000;4.3124012947082519531;-0.59732681512832641602;49.0974273681640625;-0.16206906735897064209;49.09728240966796875
9981000;5.6821184158325195312;-0.60277450084686279297;59.42786407470703125;-0.77855730056762695312;62.84893035888671875
9995000;6.7093911170959472656;-0.60737949609756469727;73.16159820556640625;-0.42170050740242004395;73.1677093505859375
10009000;7.736663818359375;-0.62354230880737304688;80;-0.94513380527496337891;80
10023000;0;0;0;0;0
10036000;0.038999885320663452148;-0.65307259559631347656;6.8966236114501953125;-1.0649509429931640625;6.9207248687744140625
10049000;1.0662726163864135742;-0.67747962474822998047;17.375028610229492188;-1.1564970016479492188;20.861560821533203125
10062000;2.4359493255615234375;-0.69030642509460449219;27.793188095092773438;-1.1417446136474609375;31.2625579833984375
10077000;3.4632220268249511719;-0.6936130523681640625;41.5664520263671875;0.11250503361225128174;44.9927978515625
10091000;4.83293914794921875;-0.69493955373764038086;55.287319183349609375;-0.055036425590515136719;55.27878570556640625
10104000;5.8602118492126464844;-0.69546365737915039062;65.5372772216796875;-0.40075159072875976562;68.9917144775390625
10118000;7.2301511764526367188;-0.6947224736213684082;75.8335723876953125;0.11873081326484680176;79.2753448486328125
10132000;8.2571811676025390625;-0.69622790813446044922;80;0.023375488817691802979;80
10147000;9.6268568038940429688;-0.69547456502914428711;80;0.31712812185287475586;80
10161000;10.996573448181152344;-0.70114505290985107422;80;-0.11633281409740447998;80
10176000;12.023845672607421875;-0.70565330982208251953;80;-0.62216418981552124023;80
10189000;13.051118850708007812;-0.71473973989486694336;80;-0.86801135540008544922;80
10203000;14.420812606811523438;-0.72101497650146484375;80;-0.91831231117248535156;80
10217000;15.790530204772949219;-0.72887957096099853516;80;-0.82234537601470947266;80
10232000;16.8177642822265625;-0.74122583866119384766;80;-0.90431535243988037109;80
10246000;18.187482833862304688;-0.75071883201599121094;80;-0.70855665206909179688;80
10260000;19.214756011962890625;-0.76726651191711425781;80;-1.0461819171905517578;80
10274000;20.58444976806640625;-0.7770608067512512207;80;-1.2953367233276367188;80
10289000;21.611726760864257812;-0.79779911041259765625;80;-0.97842013835906982422;80
10303000;22.981403350830078125;-0.81413084268569946289;80;-1.1501922607421875;80
10317000;24.008676528930664062;-0.82549083232879638672;80;-1.081208348274230957;80
10331000;25.37839508056640625;-0.84367805719375610352;80;-0.92391300201416015625;80
10345000;26.405668258666992188;-0.85885244607925415039;80;-1.5352226495742797852;80
10359000;27.51027679443359375;-0.87556940317153930664;80;-0.90086674690246582031;80
10373000;26.881954193115234375;-0.89148253202438354492;80;-1.2723422050476074219;80
10387000;26.40137481689453125;-0.90514284372329711914;80;-1.2875359058380126953;80
10400000;25.949846267700195312;-0.92395937442779541016;80;-1.2630583047866821289;80
10415000;25.4245147705078125;-0.94315445423126220703;80;-1.1654293537139892578;80
10428000;24.914409637451171875;-0.95839327573776245117;80;-1.1629300117492675781;80
10441000;24.372358322143554688;-0.97859364748001098633;80;-1.4615907669067382812;80
10455000;23.837545394897460938;-0.99704927206039428711;80;-1.5928137302398681641;80
10469000;23.30794525146484375;-1.01578521728515625;80;-0.97042024135589599609;80
10484000;22.818819046020507812;-1.0324993133544921875;80;-1.4398413896560668945;80
10498000;22.317327499389648438;-1.0505919456481933594;80;-1.5576643943786621094;80
10513000;21.860141754150390625;-1.0704315900802612305;80;-1.5341837406158447266;80
10527000;21.405279159545898438;-1.0840865373611450195;80;-0.81585025787353515625;80
10541000;20.988101959228515625;-1.0990953445434570312;80;-0.52584934234619140625;80
10556000;20.496288299560546875;-1.1138182878494262695;80;-1.5973206758499145508;80
10570000;20.0802154541015625;-1.1288911104202270508;80;-0.86455869674682617188;80
10584000;19.710968017578125;-1.1410832405090332031;80;-0.86035466194152832031;80
10598000;19.387983322143554688;-1.1558192968368530273;80;-0.60636740922927856445;80
10613000;19.09117889404296875;-1.1621290445327758789;80;-0.48039066791534423828;80
10627000;18.838552474975585938;-1.1688466072082519531;80;-0.52732115983963012695;80
10641000;18.596340179443359375;-1.1748609542846679688;80;-0.32616373896598815918;80
10654000;18.4309844970703125;-1.1796102523803710938;80;-0.83307552337646484375;80
10668000;18.294414520263671875;-1.1788529157638549805;80;-0.37161016464233398438;80
10682000;18.149494171142578125;-1.1864424943923950195;80;-0.50762891769409179688;80
10696000;18.073133468627929688;-1.1858997344970703125;80;-0.22355774044990539551;80
10710000;17.969648361206054688;-1.1905072927474975586;80;-0.48526456952095031738;80
10724000;17.88208770751953125;-1.1939717531204223633;80;-0.45621693134307861328;80
10739000;17.775041580200195312;-1.1983466148376464844;80;0.23274970054626464844;80
10754000;17.694303512573242188;-1.1975615024566650391;80;0.33795824646949768066;80
10768000;17.632825851440429688;-1.1969608068466186523;80;0.034415364265441894531;80
10783000;17.570339202880859375;-1.1994894742965698242;80;-0.66913229227066040039;80
10797000;17.529247283935546875;-1.2024414539337158203;80;-0.23372863233089447021;80
10812000;17.5059661865234375;-1.2037498950958251953;80;-0.42068502306938171387;80
10826000;17.501569747924804688;-1.202653050422668457;80;0.12798747420310974121;80
10841000;17.50180816650390625;-1.2015829086303710938;80;-0.35505336523056030273;80
10856000;17.49930572509765625;-1.2002881765365600586;80;-0.1334804147481918335;80
10870000;17.499378204345703125;-1.199352264404296875;80;-0.4000256657600402832;80
10884000;17.500799179077148438;-1.1969338655471801758;80;0.49306499958038330078;80
10900000;17.499904632568359375;-1.1931242942810058594;80;0.19318732619285583496;80
10914000;17.50350189208984375;-1.1897352933883666992;80;0.89582073688507080078;80
10927000;17.498468399047851562;-1.1953351497650146484;80;-0.37803548574447631836;80
10941000;17.491788864135742188;-1.1959549188613891602;80;-0.33330741524696350098;80
10956000;17.495306015014648438;-1.1979320049285888672;80;-0.24031743407249450684;80
10969000;17.498937606811523438;-1.1943000555038452148;80;0.13254874944686889648;80
10984000;17.493711471557617188;-1.1940332651138305664;80;-0.18406248092651367188;80
10998000;17.494220733642578125;-1.1935229301452636719;80;0.056376196444034576416;80
11012000;17.493547439575195312;-1.1941961050033569336;80;0.021094579249620437622;80
11026000;17.487272262573242188;-1.1949790716171264648;80;0.058300636708736419678;80
11041000;17.4874114990234375;-1.1933497190475463867;80;-0.49669983983039855957;80
11054000;17.490434646606445312;-1.1917102336883544922;80;-0.17380043864250183105;80
11068000;17.49188232421875;-1.1894528865814208984;80;-0.022600337862968444824;80
11083000;17.49045562744140625;-1.1871170997619628906;80;0.79635465145111083984;80
11097000;17.489856719970703125;-1.1873594522476196289;80;-0.28247565031051635742;80
11112000;17.491659164428710938;-1.1842802762985229492;80;0.13532483577728271484;80
11126000;17.491313934326171875;-1.1854448318481445312;80;-0.66174560785293579102;80
11141000;17.490354537963867188;-1.184356689453125;80;-0.043539762496948242188;80
11155000;17.489416122436523438;-1.1870192289352416992;80;-0.50312811136245727539;80
11168000;17.486042022705078125;-1.1852222681045532227;80;0.53365403413772583008;80
11182000;17.49752044677734375;-1.1792379617691040039;80;0.51780122518539428711;80
11196000;17.491937637329101562;-1.1791958808898925781;80;-0.10262325406074523926;80
11210000;17.497537612915039062;-1.1737270355224609375;80;0.16753381490707397461;80
11224000;17.496059417724609375;-1.1682333946228027344;80;0.087005257606506347656;80
11238000;17.4958343505859375;-1.1699365377426147461;80;0.460079193115234375;80
11253000;17.49694061279296875;-1.1675913333892822266;80;0.39223444461822509766;80
11266000;17.498559951782226562;-1.1672118902206420898;80;-0.29529103636741638184;80
11280000;17.493196487426757812;-1.1651128530502319336;80;0.42033559083938598633;80
11294000;17.4932708740234375;-1.1671068668365478516;80;-0.039754919707775115967;80
11309000;17.491077423095703125;-1.1691462993621826172;80;-0.10149411857128143311;80
11322000;17.397914886474609375;-1.1639560461044311523;80;0.76064062118530273438;80
11336000;17.236097335815429688;-1.1639044284820556641;80;0.16794104874134063721;80
11351000;16.9894256591796875;-1.1597628593444824219;80;-0.22801713645458221436;80
11365000;16.685182571411132812;-1.1587754487991333008;80;0.50153231620788574219;80
11380000;16.4197235107421875;-1.1604276895523071289;80;-0.24702207744121551514;80
11393000;16.0548858642578125;-1.1599898338317871094;80;0.59629243612289428711;80
11408000;15.771249771118164062;-1.1571387052536010742;80;-0.027036532759666442871;80
11422000;15.398516654968261719;-1.1534230709075927734;80;0.75890511274337768555;80
11435000;15.122758865356445312;-1.1503702402114868164;80;0.49212878942489624023;80
11450000;14.763970375061035156;-1.1487996578216552734;80;-0.042583934962749481201;80
11464000;14.501551628112792969;-1.1468633413314819336;80;-0.16084244847297668457;80
11478000;14.162157058715820312;-1.148708343505859375;80;-0.40311062335968017578;80
11491000;13.916701316833496094;-1.1454094648361206055;80;0.093209743499755859375;80
11506000;13.600332260131835938;-1.147005915641784668;80;-0.13701166212558746338;80
11520000;13.371245384216308594;-1.1450277566909790039;80;0.018263727426528930664;80
11534000;13.065791130065917969;-1.1441770792007446289;80;-0.11717444658279418945;80
11549000;12.748822212219238281;-1.1399414539337158203;80;0.49267143011093139648;80
11563000;12.496701240539550781;-1.1369504928588867188;80;0.63093876838684082031;80
11578000;12.140333175659179688;-1.1368074417114257812;80;-0.38766190409660339355;80
11591000;11.859127044677734375;-1.1366733312606811523;80;0.44171410799026489258;80
11605000;11.5754852294921875;-1.1387017965316772461;80;-0.27762588858604431152;80
11619000;11.199728012084960938;-1.1384491920471191406;80;0.31446677446365356445;80
11633000;10.919734001159667969;-1.142483830451965332;80;-0.090509817004203796387;80
11648000;10.54094696044921875;-1.1425925493240356445;80;-0.16683164238929748535;80
11661000;10.235492706298828125;-1.1385778188705444336;80;0.37992054224014282227;80
11675000;9.7912435531616210938;-1.1341937780380249023;80;0.38139230012893676758;80
11689000;9.4179162979125976562;-1.1346253156661987305;80;-0.20553465187549591064;80
11702000;8.8809480667114257812;-1.1337838172912597656;80;0.0384484902024269104;80
11716000;8.4591217041015625;-1.1318999528884887695;80;0.46157783269882202148;80
11731000;7.8791294097900390625;-1.1294004917144775391;80;0.33976715803146362305;80
11745000;7.4427661895751953125;-1.1280024051666259766;80;0.40740832686424255371;80
11760000;6.840938568115234375;-1.1243005990982055664;79.656494140625;0.42013579607009887695;78.097686767578125
11774000;6.1948771476745605469;-1.1238896846771240234;74.9435882568359375;0.45243635773658752441;73.1707305908203125
11788000;5.6638336181640625;-1.123035430908203125;67.86238861083984375;-0.28429588675498962402;65.730316162109375
11803000;4.7900710105895996094;-1.122883915901184082;59.11341094970703125;0.20060236752033233643;59.129547119140625
11817000;3.8294651508331298828;-1.1215281486511230469;52.1430206298828125;0.31562274694442749023;49.5099334716796875
11831000;3.0209636688232421875;-1.121623992919921875;41.410976409912109375;0.044740371406078338623;41.425876617431640625
11846000;1.8961341381072998047;-1.1153458356857299805;32.995281219482421875;0.15733216702938079834;30.11479949951171875
11860000;1.0415697097778320312;-1.1133202314376831055;21.558074951171875;0.34436562657356262207;18.634632110595703125
11874000;-0.12810984253883361816;-1.1067488193511962891;12.749439239501953125;0.44595625996589660645;9.7863903045654296875
11888000;-1.0135643482208251953;-1.1030981540679931641;0.91944098472595214844;0.66446459293365478516;-2.1138691902160644531
11902000;-2.2208371162414550781;-1.0981042385101318359;-8.1534013748168945312;0.53901207447052001953;-11.238932609558105469
11916000;-3.142673492431640625;-1.0914233922958374023;-20.494852066040039062;0.74050760269165039062;-23.644184112548828125
11931000;-4.3911590576171875;-1.088714599609375;-33.0255126953125;0.42128652334213256836;-33.024444580078125
11945000;-5.63962554931640625;-1.0825480222702026367;-42.419719696044921875;-0.15998324751853942871;-45.570774078369140625
11959000;-6.5759897232055664062;-1.0816177129745483398;-54.9503631591796875;0.37431538105010986328;-54.94371795654296875
11973000;-7.8244752883911132812;-1.0780540704727172852;-64.32630157470703125;-0.015543468296527862549;-67.46421051025390625
11988000;-8.76085662841796875;-1.0679670572280883789;-76.89026641845703125;0.48065662384033203125;-80
12002000;-10.0093231201171875;-1.05908203125;-80;1.5902973413467407227;-80
12016000;-10.945705413818359375;-1.0368392467498779297;-80;1.022555232048034668;-80
12031000;-12.194171905517578125;-1.0171701908111572266;-80;1.6281850337982177734;-80
12044000;-13.130535125732421875;-1.001690983772277832;-80;1.1310943365097045898;-80
12057000;-14.37902069091796875;-0.97613412141799926758;-80;1.5936858654022216797;-80
12071000;-15.315384864807128906;-0.95419025421142578125;-80;1.9352375268936157227;-80
12085000;-16.251749038696289062;-0.92425942420959472656;-80;1.9408000707626342773;-80
12098000;-16.708150863647460938;-0.90004521608352661133;-80;2.2093319892883300781;-80
12113000;-15.931896209716796875;-0.86336320638656616211;-80;2.2281727790832519531;-80
12127000;-15.149319648742675781;-0.83189606666564941406;-80;3.0177206993103027344;-80
12140000;-14.346753120422363281;-0.80732423067092895508;-80;2.2003540992736816406;-80
12154000;-13.606279373168945312;-0.78096157312393188477;-80;2.4732396602630615234;-80
12168000;-12.763561248779296875;-0.74573856592178344727;-80;2.32196807861328125;-80
12183000;-11.932142257690429688;-0.71632218360900878906;-80;1.830841064453125;-80
12197000;-11.292751312255859375;-0.68505293130874633789;-80;1.7536532878875732422;-80
12210000;-10.552068710327148438;-0.66010046005249023438;-80;2.1917209625244140625;-80
12225000;-9.8744497299194335938;-0.63173937797546386719;-80;1.7158384323120117188;-80
12239000;-9.1873340606689453125;-0.60467070341110229492;-80;1.9363167285919189453;-80
12253000;-8.5721416473388671875;-0.5840606689453125;-80;1.3638052940368652344;-79.034423828125
12267000;-7.9793763160705566406;-0.5601946711540222168;-74.859619140625;1.3268523216247558594;-73.37646484375
12281000;-7.4325685501098632812;-0.54303890466690063477;-69.64111328125;1.3670735359191894531;-68.157958984375
12295000;-6.9278497695922851562;-0.52404105663299560547;-64.532470703125;1.0320428609848022461;-64.0380859375
12310000;-6.5421991348266601562;-0.51192551851272583008;-60.906982421875;1.0401866436004638672;-59.86328125
12324000;-6.2578597068786621094;-0.49675133824348449707;-57.8857421875;0.58754569292068481445;-57.33642578125
12339000;-6.0962886810302734375;-0.48715832829475402832;-56.23779296875;0.50742673873901367188;-56.01806640625
12353000;-6.0807962417602539062;-0.4835020601749420166;-55.959228515625;0.03272549062967300415;-56.072998046875
12367000;-6.1308307647705078125;-0.47975617647171020508;-56.512451171875;0.55483788251876831055;-56.5107421875
12381000;-6.14397430419921875;-0.48387557268142700195;-56.622314453125;-0.31960046291351318359;-56.622314453125
12394000;-6.1316857337951660156;-0.48044064640998840332;-56.504901885986328125;0.53125512599945068359;-56.45751953125
12408000;-6.1038656234741210938;-0.47459325194358825684;-56.292724609375;0.40888309478759765625;-56.292724609375
12422000;-6.0781698226928710938;-0.47714400291442871094;-56.345855712890625;-0.077572196722030639648;-56.015125274658203125
12438000;-5.9169597625732421875;-0.47483518719673156738;-55.02858734130859375;0.11673256754875183105;-54.42124176025390625
12452000;-5.67211151123046875;-0.47340980172157287598;-51.9874267578125;0.6102040410041809082;-50.763568878173828125
12466000;-5.1308541297912597656;-0.47129046916961669922;-48.335132598876953125;0.029569096863269805908;-46.598876953125
12481000;-4.5739302635192871094;-0.4712130427360534668;-41.04509735107421875;-0.013541370630264282227;-38.9362640380859375
12494000;-3.6676414012908935547;-0.46951520442962646484;-34.767948150634765625;-0.02109301835298538208;-31.996898651123046875
12507000;-2.8314898014068603516;-0.46981659531593322754;-23.603849411010742188;0.086105734109878540039;-23.616731643676757812
12521000;-1.8987809419631958008;-0.4693737030029296875;-14.305220603942871094;0.28876194357872009277;-10.869829177856445312
12535000;-0.52908384799957275391;-0.46815168857574462891;-4.0448708534240722656;-0.094295099377632141113;-0.60932159423828125
12549000;0.49818891286849975586;-0.46612936258316040039;9.6448421478271484375;0.018506165593862533569;13.067628860473632812
12563000;1.8678859472274780273;-0.46972694993019104004;23.352817535400390625;-0.091779537498950958252;23.376129150390625
12577000;2.8951790332794189453;-0.46773067116737365723;33.64488983154296875;0.10778412222862243652;37.05313873291015625
12591000;4.2648758888244628906;-0.47154527902603149414;47.33960723876953125;0.04999211430549621582;47.3642120361328125
12604000;5.2921280860900878906;-0.47578671574592590332;57.64868927001953125;-0.86264395713806152344;61.10324859619140625
12619000;6.6618251800537109375;-0.4843838810920715332;71.46230316162109375;-0.62215954065322875977;71.46208953857421875
12633000;7.6890978813171386719;-0.49632439017295837402;80;-1.102084040641784668;80
12647000;9.0588140487670898438;-0.51172870397567749023;80;-1.311009526252746582;80
12661000;10.086066246032714844;-0.53082907199859619141;80;-1.5845197439193725586;80
12675000;11.455761909484863281;-0.54839479923248291016;80;-1.6774556636810302734;80
12688000;12.48305511474609375;-0.56547224521636962891;80;-1.6405017375946044922;80
12701000;13.852730751037597656;-0.59319365024566650391;80;-1.9542467594146728516;80
12715000;14.880002975463867188;-0.61791920661926269531;80;-2.0267300605773925781;80
12730000;16.249698638916015625;-0.6482372283935546875;80;-2.1063630580902099609;80
12744000;17.2769927978515625;-0.68231445550918579102;80;-2.7920088768005371094;80
12757000;18.646671295166015625;-0.71187371015548706055;80;-2.1106202602386474609;80
12771000;19.6739654541015625;-0.74339324235916137695;80;-2.4994955062866210938;80
12786000;21.043642044067382812;-0.7779280543327331543;80;-2.8356471061706542969;80
12800000;22.070913314819335938;-0.80798959732055664062;80;-2.1986505985260009766;80
12814000;22.014797210693359375;-0.85234034061431884766;80;-2.5332016944885253906;80
12828000;20.957666397094726562;-0.89372956752777099609;80;-3.0610752105712890625;80
12842000;19.926305770874023438;-0.92976045608520507812;80;-2.8733975887298583984;80
12857000;18.787160873413085938;-0.96625620126724243164;80;-2.5560777187347412109;80
12871000;17.7930450439453125;-1.0045621395111083984;80;-2.6261434555053710938;80
12886000;16.846944808959960938;-1.038796544075012207;80;-2.6339869499206542969;80
12899000;15.990197181701660156;-1.0776175260543823242;80;-2.6420111656188964844;80
12912000;15.054027557373046875;-1.1118943691253662109;80;-2.5979747772216796875;80
12927000;14.236445426940917969;-1.1420447826385498047;80;-1.9949030876159667969;80
12943000;13.215424537658691406;-1.1711722612380981445;80;-2.2815511226654052734;80
12957000;12.464882850646972656;-1.2045493125915527344;80;-2.2278215885162353516;80
12971000;11.781649589538574219;-1.2261632680892944336;80;-1.3554462194442749023;80
12984000;11.146292686462402344;-1.2462857961654663086;80;-1.6000527143478393555;80
12997000;10.590491294860839844;-1.2637571096420288086;80;-1.559421539306640625;80
13011000;10.089021682739257812;-1.2818276882171630859;80;-0.87652742862701416016;80
13025000;9.6315813064575195312;-1.299815058708190918;80;-1.6757218837738037109;80
13039000;9.337123870849609375;-1.3153434991836547852;80;-1.5255641937255859375;80
13053000;9.0847711563110351562;-1.3222533464431762695;80;-0.16869869828224182129;80
13067000;8.9244537353515625;-1.3273855447769165039;80;-0.15528978407382965088;80
13081000;8.7966365814208984375;-1.3265579938888549805;80;-0.17998582124710083008;80
13095000;8.7650251388549804688;-1.3263534307479858398;80;-0.016130805015563964844;80
13109000;8.7705678939819335938;-1.3226810693740844727;80;0.07196572422981262207;80
13123000;8.7805604934692382812;-1.3214875459671020508;80;0.40341389179229736328;80
13138000;8.7802495956420898438;-1.3216894865036010742;80;-0.11853847652673721313;80
13152000;8.7755956649780273438;-1.3221685886383056641;80;-0.33486434817314147949;80
13167000;8.7746362686157226562;-1.321385502815246582;80;0.12368978559970855713;80
13181000;8.7811126708984375;-1.3208163976669311523;80;0.45071679353713989258;80
13195000;8.7810182571411132812;-1.3198989629745483398;80;-0.045193433761596679688;80
13209000;8.7819871902465820312;-1.3156085014343261719;80;0.46331489086151123047;80
13224000;8.7856359481811523438;-1.3127872943878173828;80;-0.25199532508850097656;80
13238000;8.790637969970703125;-1.3112906217575073242;80;0.12760451436042785645;80
13253000;8.7937164306640625;-1.305933833122253418;80;-0.16349196434020996094;80
13267000;8.7975187301635742188;-1.3036538362503051758;80;0.48312467336654663086;80
13281000;8.7939586639404296875;-1.3028353452682495117;80;0.098005615174770355225;80
13294000;8.8015031814575195312;-1.3004255294799804688;80;0.0026196539402008056641;80
13307000;8.79749298095703125;-1.2982797622680664062;80;0.047929532825946807861;80
13322000;8.8060894012451171875;-1.2958395481109619141;80;0.54138457775115966797;80
13336000;8.8099536895751953125;-1.2919027805328369141;80;0.1550967097282409668;80
13350000;8.8125514984130859375;-1.2893775701522827148;80;0.11294639110565185547;80
13364000;8.8159351348876953125;-1.2859930992126464844;80;0.16237805783748626709;80
13378000;8.8145704269409179688;-1.287358403205871582;80;-0.20509621500968933105;80
13393000;8.8124179840087890625;-1.2885042428970336914;80;-0.11377219855785369873;80
13407000;8.8112945556640625;-1.2888921499252319336;80;-0.25193557143211364746;80
13421000;8.8126125335693359375;-1.2893164157867431641;80;0.46116846799850463867;80
13435000;8.8164615631103515625;-1.2844460010528564453;80;0.40489533543586730957;80
13450000;8.8210287094116210938;-1.2818752527236938477;80;0.54552316665649414062;80
13465000;8.8173646926879882812;-1.2831073999404907227;80;-0.36323517560958862305;80
13479000;8.8234796524047851562;-1.2800145149230957031;80;0.84585499763488769531;80
13492000;8.8228092193603515625;-1.2748796939849853516;80;0.092094540596008300781;80
13506000;8.8250551223754882812;-1.2768738269805908203;80;-1.0959221124649047852;80
13521000;8.8212862014770507812;-1.2723559141159057617;80;0.33015221357345581055;80
13534000;8.8212862014770507812;-1.2727867364883422852;80;-0.28270161151885986328;80
13547000;8.7940120697021484375;-1.2689657211303710938;80;0.33525842428207397461;80
13562000;8.638858795166015625;-1.2655571699142456055;80;-0.16753846406936645508;80
13576000;8.4540128707885742188;-1.2621299028396606445;80;-0.37198999524116516113;80
13590000;8.1000738143920898438;-1.2623533010482788086;80;0.14929956197738647461;80
13604000;7.7715902328491210938;-1.2624367475509643555;80;-0.04901514202356338501;80
13619000;7.2455301284790039062;-1.2590386867523193359;80;-0.016930788755416870117;80
13633000;6.7824902534484863281;-1.2580946683883666992;80;-0.12270827591419219971;78.73322296142578125
13647000;6.0988545417785644531;-1.2543003559112548828;75.3474273681640625;0.18086230754852294922;73.53155517578125
13661000;5.5534000396728515625;-1.2557250261306762695;68.084991455078125;0.096419312059879302979;66.2307586669921875
13675000;4.80310821533203125;-1.2535926103591918945;62.512493133544921875;0.48080396652221679688;60.56700897216796875
13689000;4.2267451286315917969;-1.2510045766830444336;54.780483245849609375;0.33072060346603393555;52.75313568115234375
13703000;3.4103829860687255859;-1.2486002445220947266;46.603679656982421875;-0.48848363757133483887;46.589832305908203125
13717000;2.7830960750579833984;-1.2453970909118652344;40.30013275146484375;0.22598572075366973877;38.060794830322265625
13731000;1.8934122323989868164;-1.2445416450500488281;31.36786651611328125;0.17457954585552215576;31.379537582397460938
13744000;1.2006711959838867188;-1.2436857223510742188;24.432033538818359375;-0.034415483474731445312;22.067546844482421875
13759000;0.26250326633453369141;-1.2379058599472045898;14.995443344116210938;0.59751898050308227539;15.004091262817382812
13773000;-0.45749673247337341309;-1.2333246469497680664;7.773204803466796875;0.23861303925514221191;5.3217701911926269531
13788000;-1.4320425987243652344;-1.2303572893142700195;-2.0181882381439208984;0.28638437390327453613;-4.5260596275329589844
13802000;-2.4381031990051269531;-1.2277283668518066406;-9.57720184326171875;-0.012560401111841201782;-12.104887008666992188
13816000;-3.2271938323974609375;-1.222662806510925293;-20.033121109008789062;0.58617186546325683594;-22.817108154296875
13831000;-4.3399214744567871094;-1.2179139852523803711;-31.208696365356445312;0.13364329934120178223;-31.220073699951171875
13845000;-5.5181035995483398438;-1.2107191085815429688;-40.02112579345703125;0.5374774932861328125;-43.084331512451171875
13859000;-6.4290308952331542969;-1.1993196010589599609;-52.267856597900390625;0.70186018943786621094;-52.297115325927734375
13873000;-7.36539459228515625;-1.1896697282791137695;-61.74814605712890625;1.1481095552444458008;-64.8784637451171875
13887000;-8.613880157470703125;-1.1737816333770751953;-74.382476806640625;1.1612991094589233398;-74.4009857177734375
13900000;-9.5502271652221679688;-1.1577283143997192383;-80;0.97561430931091308594;-80
13915000;-10.798709869384765625;-1.1253348588943481445;-80;2.0215008258819580078;-80
13929000;-11.735073089599609375;-1.0933446884155273438;-80;2.6302914619445800781;-80
13943000;-12.98355865478515625;-1.0572260618209838867;-80;2.3812530040740966797;-80
13958000;-14.232043266296386719;-1.0187928676605224609;-80;3.0332074165344238281;-80
13972000;-15.168425559997558594;-0.97265952825546264648;-80;2.5095925331115722656;-80
13986000;-16.41689300537109375;-0.93303716182708740234;-80;3.6645073890686035156;-80
13999000;-17.353254318237304688;-0.88822788000106811523;-80;3.5275120735168457031;-80
14013000;-18.601757049560546875;-0.84218657016754150391;-80;2.9409146308898925781;-80
14027000;-19.131999969482421875;-0.78686720132827758789;-80;3.5785670280456542969;-80
14041000;-17.824182510375976562;-0.74174416065216064453;-80;3.2905271053314208984;-80
14055000;-16.496343612670898438;-0.69179004430770874023;-80;3.1622319221496582031;-80
14070000;-14.964989662170410156;-0.64003813266754150391;-80;4.0111942291259765625;-80
14083000;-13.801411628723144531;-0.58977472782135009766;-80;3.2792823314666748047;-80
14097000;-12.496595382690429688;-0.53677964210510253906;-80;3.7633428573608398438;-80
14111000;-11.041234970092773438;-0.49008736014366149902;-80;3.1360063552856445312;-80
14125000;-9.9870500564575195312;-0.44599762558937072754;-80;3.5174245834350585938;-80
14140000;-8.6276407241821289062;-0.4055944979190826416;-80;3.1082096099853515625;-80
14154000;-7.4473628997802734375;-0.35690873861312866211;-72.772216796875;3.0260043144226074219;-70.904541015625
14167000;-6.5872817039489746094;-0.31645914912223815918;-64.14794921875;3.1158089637756347656;-61.181640625
14180000;-5.598052978515625;-0.28738382458686828613;-54.095458984375;2.5730938911437988281;-53.106689453125
14193000;-4.8888936042785644531;-0.2510090172290802002;-46.35009765625;2.6183211803436279297;-45.196533203125
14206000;-4.2555408477783203125;-0.23027223348617553711;-41.07666015625;1.4496681690216064453;-39.53857421875
14221000;-3.7979853153228759766;-0.20563301444053649902;-36.407470703125;2.0973563194274902344;-35.58349609375
14235000;-3.5486459732055664062;-0.19839358329772949219;-33.660888671875;0.53567093610763549805;-33.2763671875
14249000;-3.4924633502960205078;-0.19754004478454589844;-32.94677734375;0.015619195997714996338;-33.056640625
14263000;-3.5526652336120605469;-0.19671726226806640625;-33.34473419189453125;-0.25054401159286499023;-33.559478759765625
14277000;-3.6162867546081542969;-0.19610251486301422119;-34.210205078125;-0.16132777929306030273;-34.375
14291000;-3.6584584712982177734;-0.20042318105697631836;-34.5947265625;0.078926131129264831543;-34.580352783203125
14305000;-3.6413161754608154297;-0.1983229517936706543;-34.429931640625;0.47212451696395874023;-34.429931640625
14320000;-3.6260287761688232422;-0.19402194023132324219;-34.320068359375;0.19776079058647155762;-34.320068359375
14335000;-3.6325387954711914062;-0.19362975656986236572;-34.37097930908203125;-0.2181765437126159668;-34.375
14348000;-3.6373007297515869141;-0.19288082420825958252;-34.429931640625;0.096166819334030151367;-34.4441986083984375
14362000;-3.6336050033569335938;-0.19610500335693359375;-34.369457244873046875;-0.41162252426147460938;-34.375
14375000;-3.6260831356048583984;-0.19415141642093658447;-34.322666168212890625;-0.24402606487274169922;-34.319316864013671875
14389000;-3.633544921875;-0.19055171310901641846;-34.38173675537109375;0.19633699953556060791;-34.429931640625
14404000;-3.6285672187805175781;-0.19106717407703399658;-34.375;-0.082382403314113616943;-34.375
14419000;-3.6210279464721679688;-0.18902580440044403076;-34.320068359375;0.22221422195434570312;-34.3200225830078125
14433000;-3.6210279464721679688;-0.19022350013256072998;-34.29500579833984375;-0.19853490591049194336;-34.30804443359375
14448000;-3.5210239887237548828;-0.1851689070463180542;-33.344451904296875;0.12418252229690551758;-33.022884368896484375
14462000;-3.3076927661895751953;-0.1878242790699005127;-31.806583404541015625;-0.31505429744720458984;-31.197071075439453125
14476000;-3.0731291770935058594;-0.19032995402812957764;-28.820476531982421875;-0.11202482879161834717;-28.051120758056640625
14490000;-2.6349706649780273438;-0.1943960040807723999;-25.639085769653320312;-0.84396648406982421875;-24.4057464599609375
14505000;-2.1804251670837402344;-0.19671955704689025879;-19.826890945434570312;0.15538415312767028809;-18.321813583374023438
14518000;-1.4852755069732666016;-0.19767065346240997314;-14.673946380615234375;0.13296690583229064941;-12.86675262451171875
14532000;-0.88222253322601318359;-0.19759295880794525146;-6.8471231460571289062;0.019410610198974609375;-4.743785858154296875
14546000;0.090495377779006958008;-0.19289259612560272217;0.30078589916229248047;0.48908847570419311523;2.8252196311950683594
14560000;0.89357960224151611328;-0.19035549461841583252;10.838274002075195312;0.2698052525520324707;13.583507537841796875
14573000;1.7838134765625;-0.19107560813426971436;19.741031646728515625;0.028675187379121780396;22.827678680419921875
14586000;3.0844173431396484375;-0.18725387752056121826;29.299022674560546875;0.27772134542465209961;32.709079742431640625
14600000;4.1116900444030761719;-0.1927913278341293335;43.021209716796875;-0.025491058826446533203;46.469287872314453125
14615000;5.4814076423645019531;-0.20190788805484771729;56.79697418212890625;-0.44705101847648620605;56.833156585693359375
14630000;6.851104736328125;-0.21084545552730560303;67.186859130859375;-0.5403506159782409668;70.63712310791015625
14644000;7.8783774375915527344;-0.22662949562072753906;80;-1.7164399623870849609;80
14659000;9.2480535507202148438;-0.24757342040538787842;80;-1.1602077484130859375;80
14674000;10.617770195007324219;-0.26474115252494812012;80;-1.206787109375;80
14687000;11.645022392272949219;-0.29179093241691589355;80;-1.9553217887878417969;80
14700000;12.672314643859863281;-0.32071864604949951172;80;-2.4249629974365234375;80
14715000;14.042011260986328125;-0.35053029656410217285;80;-2.1372525691986083984;80
14730000;15.411686897277832031;-0.38285610079765319824;80;-1.6181826591491699219;80
14744000;16.438959121704101562;-0.42172539234161376953;80;-3.1934475898742675781;80
14758000;17.80867767333984375;-0.45663031935691833496;80;-2.6570456027984619141;80
14773000;18.835950851440429688;-0.49457585811614990234;80;-2.6819815635681152344;80
14787000;20.20565032958984375;-0.53174918889999389648;80;-2.6208779811859130859;80
14800000;21.23290252685546875;-0.56776881217956542969;80;-2.9624905586242675781;80
14815000;22.60260009765625;-0.61183840036392211914;80;-2.6541681289672851562;80
14829000;22.299028396606445312;-0.65763717889785766602;80;-2.9870743751525878906;80
14844000;20.905870437622070312;-0.70423740148544311523;80;-3.6411471366882324219;80
14858000;19.744668960571289062;-0.74483317136764526367;80;-2.7641770839691162109;80
14872000;18.594692230224609375;-0.78519034385681152344;80;-3.1529245376586914062;80
14886000;17.396505355834960938;-0.82981318235397338867;80;-3.1158957481384277344;80
14901000;16.252584457397460938;-0.87646627426147460938;80;-2.6493103504180908203;80
14914000;15.189076423645019531;-0.91157382726669311523;80;-2.3857884407043457031;80
14929000;14.145841598510742188;-0.94914537668228149414;80;-2.6427679061889648438;80
14942000;13.1205902099609375;-0.98036170005798339844;80;-3.0277528762817382812;80
14956000;12.134044647216796875;-1.0165902376174926758;80;-2.3528621196746826172;80
14970000;11.308588981628417969;-1.0455373525619506836;80;-1.8212158679962158203;80
14984000;10.525168418884277344;-1.076394200325012207;80;-2.1653261184692382812;80
14998000;9.7438793182373046875;-1.1051192283630371094;80;-1.7500014305114746094;80
15013000;9.0598907470703125;-1.1299284696578979492;80;-2.0618844032287597656;80
15029000;8.5207462310791015625;-1.1553034782409667969;80;-1.7873532772064208984;80
15043000;8.0759906768798828125;-1.170100092887878418;80;-1.459491729736328125;80
15056000;7.7588109970092773438;-1.1785666942596435547;80;-0.54343515634536743164;80
15069000;7.4939370155334472656;-1.1852622032165527344;80;-0.3250249028205871582;80
15083000;7.3238368034362792969;-1.1905674934387207031;80;-0.55704575777053833008;80
15098000;7.2109775543212890625;-1.1935633420944213867;80;0.42430928349494934082;80
15111000;7.1944684982299804688;-1.1948571205139160156;80;-0.14495328068733215332;80
15124000;7.2132110595703125;-1.1912904977798461914;80;0.23770475387573242188;80
15137000;7.2244811058044433594;-1.1910463571548461914;80;-0.29407903552055358887;80
15150000;7.2243599891662597656;-1.1911672353744506836;80;0.14435327053070068359;80
15163000;7.2183160781860351562;-1.191654205322265625;80;-0.20339311659336090088;80
15177000;7.2118587493896484375;-1.1926825046539306641;80;-0.078077614307403564453;80
15192000;7.2151021957397460938;-1.1949322223663330078;80;0.42206680774688720703;80
15205000;7.2221026420593261719;-1.1910191774368286133;80;0.19511552155017852783;80
15219000;7.2200188636779785156;-1.1898865699768066406;80;0.2682686150074005127;80
15234000;7.2135043144226074219;-1.1897100210189819336;80;-0.42628803849220275879;80
15248000;7.2197656631469726562;-1.1875612735748291016;80;0.6136531829833984375;80
15262000;7.2295298576354980469;-1.184977412223815918;80;-0.11240282654762268066;80
15276000;7.2221074104309082031;-1.1846500635147094727;80;0.51628082990646362305;80
15290000;7.2254633903503417969;-1.1864784955978393555;80;0.15035259723663330078;80
15304000;7.2226724624633789062;-1.1854120492935180664;80;0.11080637574195861816;80
15319000;7.2261948585510253906;-1.1838393211364746094;80;0.35281994938850402832;80
15333000;7.2230572700500488281;-1.1814838647842407227;80;-0.25349396467208862305;80
15348000;7.2291688919067382812;-1.1806664466857910156;80;0.12939563393592834473;80
15363000;7.2323770523071289062;-1.182923436164855957;80;-0.23807230591773986816;80
15377000;7.2270836830139160156;-1.1808360815048217773;80;0.10599465668201446533;80
15392000;7.2217645645141601562;-1.1823925971984863281;80;0.13288858532905578613;80
15406000;7.2303209304809570312;-1.1814584732055664062;80;0.61636132001876831055;80
15421000;7.2246332168579101562;-1.1822594404220581055;80;-0.3916524350643157959;80
15434000;7.2235169410705566406;-1.1810241937637329102;80;-0.13917931914329528809;80
15447000;7.233379364013671875;-1.1770582199096679688;80;0.37220486998558044434;80
15461000;7.2276325225830078125;-1.1769082546234130859;80;0.0058829635381698608398;80
15475000;7.2279214859008789062;-1.1753499507904052734;80;-0.25092217326164245605;80
15490000;7.2344942092895507812;-1.1755402088165283203;80;0.084147416055202484131;80
15503000;7.233493804931640625;-1.1759499311447143555;80;-0.20791983604431152344;80
15519000;7.2346525192260742188;-1.1749131679534912109;80;-0.049351077526807785034;80
15534000;7.2390198707580566406;-1.1710143089294433594;80;0.28443101048469543457;80
15548000;7.2410035133361816406;-1.1690305471420288086;80;0.053634539246559143066;80
15562000;7.2426238059997558594;-1.1674102544784545898;80;0.037682592868804931641;80
15576000;7.2383441925048828125;-1.1716901063919067383;80;-0.3767178952693939209;80
15589000;7.2316875457763671875;-1.172608494758605957;80;0.15926674008369445801;80
15602000;7.228786468505859375;-1.1741125583648681641;80;-0.2942364811897277832;80
15617000;7.2296352386474609375;-1.1746895313262939453;80;-0.1384766697883605957;80
15632000;7.2303137779235839844;-1.1741962432861328125;80;0.033767133951187133789;80
15647000;7.2358446121215820312;-1.1777955293655395508;80;-0.036544933915138244629;80
15661000;7.2359590530395507812;-1.1714240312576293945;80;0.28810065984725952148;80
15676000;7.2330842018127441406;-1.1675635576248168945;80;0.51639950275421142578;80
15689000;7.2330842018127441406;-1.1686694622039794922;80;-0.20192849636077880859;80
15703000;7.23622894287109375;-1.1681151390075683594;80;-0.044125963002443313599;80
15718000;7.23622894287109375;-1.1659177541732788086;80;0.041823148727416992188;80
15732000;7.23622894287109375;-1.1635187864303588867;80;-0.38291734457015991211;80
15745000;7.2443795204162597656;-1.161696314811706543;80;0.39607733488082885742;80
15759000;7.2439937591552734375;-1.1606550216674804688;80;-0.21189865469932556152;80
15773000;7.2439937591552734375;-1.1576479673385620117;80;0.013865541666746139526;80
15787000;7.2439937591552734375;-1.157736659049987793;80;0.21827714145183563232;80
15801000;7.2439937591552734375;-1.1555240154266357422;80;0.0090155536308884620667;80
15817000;7.2439937591552734375;-1.1544204950332641602;80;-0.41817307472229003906;80
15831000;7.2439937591552734375;-1.1545060873031616211;80;-0.00015450268983840942383;80
15845000;7.2439937591552734375;-1.1568689346313476562;80;0.09810021519660949707;80
15859000;7.2439937591552734375;-1.1590850353240966797;80;-0.39711660146713256836;80
15873000;7.2439937591552734375;-1.1569819450378417969;80;0.2230892181396484375;80
15886000;7.2439937591552734375;-1.1551824808120727539;80;0.16979932785034179688;80
15900000;7.2439937591552734375;-1.1574462652206420898;80;-0.029465213418006896973;80
15913000;7.2439937591552734375;-1.1550222635269165039;80;0.0083782263100147247314;80
15926000;7.2439937591552734375;-1.1504360437393188477;80;0.9390513300895690918;80
15939000;7.2439937591552734375;-1.1486777067184448242;80;0.30619436502456665039;80
15954000;7.2439937591552734375;-1.1502962112426757812;80;0.1686750948429107666;80
15968000;7.2439937591552734375;-1.1484124660491943359;80;0.21808804571628570557;80
15982000;7.2439937591552734375;-1.1438385248184204102;80;0.088943853974342346191;80
15997000;7.2439937591552734375;-1.1442601680755615234;80;0.17374297976493835449;80
16011000;7.2439937591552734375;-1.1456362009048461914;80;-0.39094752073287963867;80
16025000;7.2439937591552734375;-1.1440567970275878906;80;0.14277467131614685059;80
16040000;7.2439937591552734375;-1.1427285671234130859;80;0.22760808467864990234;80
16053000;7.2439937591552734375;-1.1440666913986206055;80;-0.11386359483003616333;80
16066000;7.2439937591552734375;-1.1398667097091674805;80;0.87663710117340087891;80
16079000;7.2439937591552734375;-1.1430050134658813477;80;0.094085484743118286133;80
16093000;7.2439937591552734375;-1.1380072832107543945;80;0.073041535913944244385;80
16107000;7.2439937591552734375;-1.1332839727401733398;80;0.32061079144477844238;80
16120000;7.2439937591552734375;-1.1325310468673706055;80;-0.27131289243698120117;80
16133000;7.2439937591552734375;-1.1303244829177856445;80;0.1486673206090927124;80
16147000;7.2439937591552734375;-1.129011988639831543;80;-0.011469095945358276367;80
16161000;7.2439937591552734375;-1.1310383081436157227;80;0.2595430910587310791;80
16174000;7.2439937591552734375;-1.131862640380859375;80;-0.20711570978164672852;80
16188000;7.2439937591552734375;-1.1249762773513793945;80;0.79919010400772094727;80
16202000;7.2439937591552734375;-1.1261583566665649414;80;0.10363952815532684326;80
16217000;7.2439937591552734375;-1.1265331506729125977;80;-0.17460003495216369629;80
16230000;7.2439937591552734375;-1.1255373954772949219;80;-0.045837700366973876953;80
16245000;7.2439937591552734375;-1.126504063606262207;80;-0.004725024104118347168;80
16259000;7.2439937591552734375;-1.1260696649551391602;80;0.21645319461822509766;80
16273000;7.2439937591552734375;-1.1276205778121948242;80;-0.19442404806613922119;80
16287000;7.2439937591552734375;-1.1266839504241943359;80;0.14296761155128479004;80
16301000;7.2439937591552734375;-1.1320908069610595703;80;-0.24537093937397003174;80
16316000;7.2439937591552734375;-1.1288818120956420898;80;0.31948754191398620605;80
16330000;7.2439937591552734375;-1.1242547035217285156;80;0.23201997578144073486;80
16344000;7.2439937591552734375;-1.1205689907073974609;80;0.27114471793174743652;80
16357000;7.2439937591552734375;-1.1172695159912109375;80;0.43476521968841552734;80
16371000;7.2439937591552734375;-1.1174056529998779297;80;0.28782662749290466309;80
16385000;7.2439937591552734375;-1.1147701740264892578;80;0.12981653213500976562;80
16398000;7.2439937591552734375;-1.1124968528747558594;80;0.0005486011505126953125;80
16412000;7.2439937591552734375;-1.111868739128112793;80;-0.24373491108417510986;80
16426000;7.2439937591552734375;-1.1116163730621337891;80;-0.33196076750755310059;80
16441000;7.2439937591552734375;-1.1113913059234619141;80;0.071972906589508056641;80
16454000;7.2439937591552734375;-1.1075081825256347656;80;0.11793545633554458618;80
16468000;7.2439937591552734375;-1.1107237339019775391;80;0.12144866585731506348;80
16483000;7.2439937591552734375;-1.1146957874298095703;80;-0.45803713798522949219;80
16497000;7.2439937591552734375;-1.1102917194366455078;80;-0.023057967424392700195;80
16511000;7.2439937591552734375;-1.1142637729644775391;80;0.4561634361743927002;80
16525000;7.2439937591552734375;-1.1132194995880126953;80;0.22193329036235809326;80
16540000;7.2439937591552734375;-1.1134167909622192383;80;0.093218594789505004883;80
16553000;7.2439937591552734375;-1.1146548986434936523;80;0.28451359272003173828;80
16566000;7.2439937591552734375;-1.1139773130416870117;80;0.40708503127098083496;80
16579000;7.2439937591552734375;-1.1125522851943969727;80;0.37332320213317871094;80
16592000;7.2439937591552734375;-1.1086711883544921875;80;0.47584232687950134277;80
16606000;7.2439937591552734375;-1.1096274852752685547;80;-0.29176598787307739258;80
16621000;7.2439937591552734375;-1.1086938381195068359;80;0.090344130992889404297;80
16636000;7.2439937591552734375;-1.1069310903549194336;80;0.02584819495677947998;80
16651000;7.2439937591552734375;-1.1078132390975952148;80;-0.5462010502815246582;80
16665000;7.2439937591552734375;-1.1051691770553588867;80;0.40331119298934936523;80
16679000;7.2439937591552734375;-1.1026772260665893555;80;0.0037451982498168945312;80
16692000;7.2439937591552734375;-1.1001620292663574219;80;0.64905065298080444336;80
16706000;7.2439937591552734375;-1.1000921726226806641;80;-0.20035275816917419434;80
16721000;7.2439937591552734375;-1.1014715433120727539;80;0.40507775545120239258;80
16735000;7.2439937591552734375;-1.0989438295364379883;80;0.11259890347719192505;80
16750000;7.2439937591552734375;-1.0954452753067016602;80;0.6311550140380859375;80
16763000;7.2439937591552734375;-1.0953992605209350586;80;0.26001501083374023438;80
16777000;7.2439937591552734375;-1.0936690568923950195;80;-0.012571297585964202881;80
16790000;7.2439937591552734375;-1.0918798446655273438;80;0.25815731287002563477;80
16804000;7.2439937591552734375;-1.0930657386779785156;80;-0.51389539241790771484;80
16819000;7.2439937591552734375;-1.0930916070938110352;80;0.28785699605941772461;80
16833000;7.2439937591552734375;-1.0912322998046875;80;0.27156502008438110352;80
16847000;7.2439937591552734375;-1.0903917551040649414;80;-0.054792687296867370605;80
16860000;7.2439937591552734375;-1.0904926061630249023;80;0.2406978309154510498;80
16875000;7.2439937591552734375;-1.0906176567077636719;80;-0.3721612393856048584;80
16889000;7.2439937591552734375;-1.0902756452560424805;80;0.093047052621841430664;80
16902000;7.2439937591552734375;-1.0893132686614990234;80;0.50889283418655395508;80
16915000;7.2439937591552734375;-1.0890889167785644531;80;0.006448268890380859375;80
16928000;7.2439937591552734375;-1.0864599943161010742;80;0.25340497493743896484;80
16941000;7.2439937591552734375;-1.0879769325256347656;80;-0.39833930134773254395;80
16954000;7.2439937591552734375;-1.0859663486480712891;80;0.44647008180618286133;80
16968000;7.2439937591552734375;-1.0853352546691894531;80;-0.3967768251895904541;80
16982000;7.2439937591552734375;-1.0827863216400146484;80;0.3296877741813659668;80
16996000;7.2439937591552734375;-1.083607792854309082;80;0.094322308897972106934;80
17011000;7.2439937591552734375;-1.0811389684677124023;80;-0.42333662509918212891;80
17025000;7.2439937591552734375;-1.0799144506454467773;80;0.10396847128868103027;80
17039000;7.2439937591552734375;-1.0748730897903442383;80;-0.68612432479858398438;80
17054000;7.2439937591552734375;-1.0758011341094970703;80;-0.046274743974208831787;80
17068000;7.2439937591552734375;-1.0734940767288208008;80;-0.098682105541229248047;80
17081000;7.2439937591552734375;-1.0707736015319824219;80;-0.16534289717674255371;80
17095000;7.2439937591552734375;-1.0694299936294555664;80;0.14591836929321289062;80
17109000;7.2439937591552734375;-1.0654720067977905273;80;-0.16019441187381744385;80
17123000;7.2439937591552734375;-1.0592064857482910156;80;0.55936217308044433594;80
17136000;7.2439937591552734375;-1.0612417459487915039;80;-0.22876967489719390869;80
17149000;7.2439937591552734375;-1.062975764274597168;80;-1.0625311136245727539;80
17163000;7.2439937591552734375;-1.0604443550109863281;80;-0.00080154836177825927734;80
17177000;7.2439937591552734375;-1.0622657537460327148;80;0.29964470863342285156;80
17191000;7.2439937591552734375;-1.0640993118286132812;80;-0.34940093755722045898;80
17205000;7.2439937591552734375;-1.0657777786254882812;80;0.072832182049751281738;80
17220000;7.2439937591552734375;-1.0639029741287231445;80;-0.074626497924327850342;80
17233000;7.2439937591552734375;-1.061777949333190918;80;0.34316346049308776855;80
17248000;7.2439937591552734375;-1.0609461069107055664;80;-0.23248788714408874512;80
17263000;7.2439937591552734375;-1.0576111078262329102;80;0.0071641188114881515503;80
17278000;7.2439937591552734375;-1.0578916072845458984;80;0.046526167541742324829;80
17292000;7.2439937591552734375;-1.0565571784973144531;80;-0.059311896562576293945;80
17305000;7.2439937591552734375;-1.0561121702194213867;80;0.097059972584247589111;80
17319000;7.2439937591552734375;-1.0541634559631347656;80;0.10683265328407287598;80
17333000;7.2439937591552734375;-1.0526891946792602539;80;0.34065774083137512207;80
17347000;7.2439937591552734375;-1.0497062206268310547;80;-0.0602014884352684021;80
17360000;7.2439937591552734375;-1.0481811761856079102;80;0.17371025681495666504;80
17374000;7.2439937591552734375;-1.0488840341567993164;80;0.21320012211799621582;80
17387000;7.2439937591552734375;-1.0506167411804199219;80;-0.21030528843402862549;80
17401000;7.2439937591552734375;-1.045569300651550293;80;0.2541675567626953125;80
17414000;7.2439937591552734375;-1.0445388555526733398;80;-0.061887674033641815186;80
17428000;7.2439937591552734375;-1.0416579246520996094;80;0.2487993091344833374;80
17442000;7.2439937591552734375;-1.0391646623611450195;80;0.24597913026809692383;80
17455000;7.2439937591552734375;-1.0339308977127075195;80;0.17829807102680206299;80
17470000;7.2439937591552734375;-1.0377694368362426758;80;-0.44275832176208496094;80
17484000;7.2439937591552734375;-1.0333520174026489258;80;-0.18867391347885131836;80
17498000;7.2439937591552734375;-1.0307563543319702148;80;0.2404511868953704834;80
17511000;7.2439937591552734375;-1.0284725427627563477;80;-0.075637996196746826172;80
17526000;7.2439937591552734375;-1.0265649557113647461;80;-0.050788745284080505371;80
17540000;7.2439937591552734375;-1.0261901617050170898;80;0.39441651105880737305;80
17554000;7.2439937591552734375;-1.0259745121002197266;80;-0.71617704629898071289;80
17567000;7.2439937591552734375;-1.0235714912414550781;80;0.13557220995426177979;80
17582000;7.2439937591552734375;-1.0218923091888427734;80;0.43736755847930908203;80
17595000;7.2439937591552734375;-1.0195672512054443359;80;0.036036364734172821045;80
17608000;7.2439937591552734375;-1.0157908201217651367;80;0.68100661039352416992;80
17622000;7.2439937591552734375;-1.0161182880401611328;80;0.30936104059219360352;80
17635000;7.2439937591552734375;-1.0121433734893798828;80;-0.30719688534736633301;80
17648000;7.2439937591552734375;-1.0063877105712890625;80;0.15127106010913848877;80
17661000;7.2439937591552734375;-1.00279998779296875;80;0.02467009425163269043;80
17675000;7.2439937591552734375;-1.0063474178314208984;80;-0.057959929108619689941;80
17688000;7.2439937591552734375;-1.0026468038558959961;80;0.4780381321907043457;80
17703000;7.2439937591552734375;-1.0042886734008789062;80;0.30146926641464233398;80
17717000;7.2439937591552734375;-1.0058940649032592773;80;-0.71860945224761962891;80
