Time;friction_wheels.PidFrictionSpeed[0].Measure;friction_wheels.PidFrictionSpeed[1].Measure
0;0;0
14000;0;0
26000;0;0
37000;0;0
50000;0;0
61000;0;0
73000;0;0
84000;0;0
96000;0;0
108000;0;0
120000;0;0
131000;0;0
143000;0;0
155000;0;0
168000;0;0
179000;0;0
190000;0;0
202000;0;0
214000;0;0
226000;0;0
237000;0;0
249000;0;0
262000;0;0
274000;0;0
286000;0;0
298000;0;0
310000;0;0
322000;0;0
335000;0;0
347000;0;0
360000;0;0
372000;0;0
384000;0;0
396000;0;0
407000;0;0
419000;0;0
431000;0;0
443000;0;0
456000;0;0
468000;0;0
481000;0;0
493000;0;0
506000;0;0
518000;0;0
530000;0;0
541000;0;0
554000;0;0
567000;0;0
578000;0;0
591000;0;0
602000;0;0
614000;0;0
627000;0;0
640000;0;0
653000;0;0
666000;0;0
678000;0;0
690000;0;0
702000;0;0
715000;0;0
727000;0;0
739000;0;0
752000;0;0
764000;0;0
777000;0;0
789000;0;0
802000;0;0
813000;0;0
824000;0;0
837000;0;0
849000;0;0
861000;0;0
873000;0;0
886000;0;0
898000;0;0
910000;0;0
923000;0;0
934000;0;0
946000;0;0
957000;0;0
970000;0;0
982000;0;0
994000;0;0
1006000;0;0
1018000;0;0
1031000;0;0
1043000;0;0
1055000;0;0
1067000;0;0
1078000;0;0
1090000;0;0
1101000;0;0
1113000;0;0
1124000;0;0
1137000;0;0
1148000;0;0
1160000;0;0
1172000;0;0
1184000;0;0
1196000;0;0
1208000;0;0
1219000;0;0
1231000;0;0
1243000;0;0
1254000;0;0
1266000;0;0
1277000;0;0
1289000;0;0
1302000;0;0
1314000;0;0
1326000;0;0
1338000;0;0
1352000;0;0
1364000;0;0
1376000;0;0
1388000;0;0
1399000;0;0
1411000;0;0
1424000;0;0
1436000;0;0
1450000;0;0
1461000;0;0
1474000;0;0
1486000;0;0
1498000;0;0
1510000;0;0
1522000;0;0
1534000;0;0
1547000;0;0
1559000;0;0
1573000;0;0
1585000;0;0
1597000;0;0
1609000;0;0
1621000;0;0
1633000;0;0
1646000;0;0
1659000;0;0
1670000;0;0
1682000;0;0
1694000;0;0
1706000;0;0
1718000;0;0
1730000;0;0
1741000;0;0
1754000;0;0
1767000;0;0
1779000;0;0
1793000;0;0
1805000;0;0
1818000;0;0
1830000;0;0
1843000;0;0
1854000;0;0
1866000;0;0
1879000;0;0
1892000;0;0
1904000;0;0
1917000;0;0
1928000;0;0
1940000;0;0
1951000;0;0
1964000;0;0
1976000;0;0
1989000;0;0
2001000;0;0
2013000;0;0
2025000;0;0
2036000;0;0
2048000;0;0
2062000;0;0
2074000;0;0
2086000;0;0
2098000;0;0
2110000;0;0
2121000;0;0
2134000;0;0
2145000;0;0
2159000;0;0
2172000;0;0
2183000;0;0
2195000;0;0
2207000;0;0
2219000;0;0
2231000;0;0
2243000;0;0
2255000;0;0
2267000;0;0
2279000;0;0
2291000;0;0
2302000;0;0
2314000;0;0
2326000;0;0
2338000;0;0
2350000;0;0
2362000;0;0
2374000;0;0
2386000;0;0
2398000;0;0
2411000;0;0
2423000;0;0
2435000;0;0
2447000;0;0
2460000;0;0
2472000;0;0
2485000;0;0
2498000;0;0
2510000;0;0
2522000;0;0
2534000;0;0
2546000;0;0
2559000;0;0
2571000;0;0
2584000;0;0
2596000;0;0
2609000;0;0
2622000;0;0
2634000;0;0
2647000;0;0
2659000;0;0
2671000;0;0
2683000;0;0
2695000;0;0
2707000;0;0
2719000;0;0
2732000;0;0
2744000;0;0
2757000;0;0
2768000;0;0
2780000;0;0
2793000;0;0
2805000;0;0
2817000;0;0
2829000;0;0
2842000;0;0
2854000;0;0
2865000;0;0
2878000;0;0
2889000;0;0
2902000;0;0
2914000;0;0
2926000;0;0
2938000;0;0
2950000;0;0
2961000;0;0
2973000;0;0
2986000;0;0
2997000;0;0
3009000;0;0
3023000;0;0
3035000;0;0
3048000;0;0
3060000;0;0
3071000;0;0
3083000;0;0
3095000;0;0
3108000;0;0
3119000;0;0
3131000;0;0
3145000;0;0
3157000;0;0
3170000;0;0
3182000;0;0
3194000;0;0
3206000;0;0
3218000;0;0
3230000;0;0
3241000;0;0
3254000;0;0
3265000;0;0
3278000;0;0
3289000;0;0
3301000;0;0
3313000;0;0
3324000;0;0
3336000;0;0
3348000;0;0
3361000;0;0
3373000;0;0
3385000;0;0
3397000;0;0
3409000;0;0
3420000;0;0
3431000;0;0
3443000;0;0
3455000;0;0
3467000;0;0
3478000;0;0
3491000;0;0
3502000;0;0
3515000;0;0
3527000;0;0
3538000;0;0
3551000;0;0
3563000;0;0
3575000;0;0
3587000;0;0
3599000;0;0
3612000;0;0
3625000;0;0
3638000;0;0
3650000;0;0
3663000;0;0
3674000;0;0
3687000;0;0
3700000;0;0
3712000;0;0
3725000;0;0
3738000;0;0
3750000;0;0
3762000;0;0
3776000;0;0
3788000;0;0
3800000;0;0
3813000;0;0
3824000;0;0
3836000;0;0
3847000;0;0
3860000;0;0
3873000;0;0
3884000;0;0
3896000;0;0
3908000;0;0
3920000;0;0
3931000;0;0
3944000;0;0
3957000;0;0
3969000;0;0
3981000;0;0
3994000;0;0
4006000;0;0
4019000;0;0
4032000;0;0
4044000;0;0
4057000;0;0
4069000;0;0
4080000;0;0
4093000;0;0
4105000;0;0
4117000;0;0
4129000;0;0
4141000;0;0
4153000;0;0
4166000;0;0
4179000;0;0
4190000;0;0
4202000;0;0
4214000;0;0
4226000;0;0
4237000;0;0
4249000;0;0
4261000;0;0
4273000;0;0
4285000;0;0
4297000;0;0
4309000;0;0
4321000;0;0
4333000;0;0
4346000;0;0
4359000;0;0
4371000;0;0
4384000;0;0
4396000;0;0
4408000;0;0
4420000;0;0
4432000;0;0
4444000;0;0
4456000;0;0
4467000;0;0
4478000;0;0
4491000;0;0
4504000;0;0
4515000;0;0
4528000;0;0
4541000;0;0
4553000;0;0
4566000;0;0
4578000;0;0
4590000;0;0
4602000;0;0
4615000;0;0
4627000;0;0
4638000;0;0
4651000;0;0
4663000;0;0
4676000;0;0
4689000;0;0
4700000;0;0
4712000;0;0
4725000;0;0
4737000;0;0
4748000;0;0
4761000;0;0
4773000;0;0
4785000;0;0
4797000;0;0
4810000;0;0
4822000;0;0
4834000;0;0
4845000;0;0
4858000;0;0
4871000;0;0
4883000;0;0
4897000;0;0
4909000;0;0
4921000;0;0
4934000;0;0
4947000;0;0
4959000;0;0
4972000;0;0
4983000;0;0
4995000;0;0
5007000;0;0
5018000;0;0
5031000;0;0
5043000;0;0
5054000;0;0
5067000;0;0
5080000;0;0
5091000;0;0
5104000;0;0
5117000;0;0
5128000;0;0
5140000;0;0
5153000;0;0
5166000;0;0
5178000;0;0
5191000;0;0
5204000;0;0
5217000;0;0
5228000;0;0
5240000;0;0
5252000;0;0
5263000;0;0
5276000;0;0
5288000;0;0
5299000;0;0
5312000;0;0
5324000;0;0
5337000;0;0
5349000;0;0
5361000;0;0
5373000;0;0
5385000;0;0
5398000;0;0
5409000;0;0
5421000;0;0
5434000;0;0
5445000;0;0
5458000;0;0
5470000;0;0
5483000;0;0
5497000;0;0
5508000;0;0
5520000;0;0
5533000;0;0
5544000;0;0
5556000;0;0
5568000;0;0
5580000;0;0
5592000;0;0
5603000;0;0
5615000;0;0
5627000;0;0
5639000;0;0
5652000;0;0
5665000;0;0
5677000;0;0
5691000;0;0
5703000;0;0
5714000;0;0
5727000;0;0
5739000;0;0
5751000;0;0
5763000;0;0
5774000;0;0
5786000;0;0
5797000;0;0
5809000;0;0
5822000;0;0
5834000;0;0
5847000;0;0
5859000;0;0
5872000;0;0
5884000;0;0
5897000;0;0
5910000;0;0
5921000;0;0
5933000;0;0
5945000;0;0
5957000;0;0
5970000;0;0
5981000;0;0
5993000;0;0
6005000;0;0
6018000;0;0
6029000;0;0
6042000;0;0
6054000;0;0
6065000;0;0
6078000;0;0
6091000;0;0
6103000;0;0
6116000;0;0
6127000;0;0
6138000;0;0
6150000;0;0
6162000;0;0
6174000;0;0
6186000;0;0
6198000;0;0
6210000;0;0
6221000;0;0
6234000;0;0
6245000;0;0
6257000;0;0
6270000;0;0
6281000;0;0
6293000;0;0
6305000;0;0
6317000;0;0
6328000;0;0
6340000;0;0
6352000;0;0
6365000;0;0
6377000;0;0
6389000;0;0
6401000;0;0
6413000;0;0
6424000;0;0
6436000;0;0
6450000;0;0
6462000;0;0
6475000;0;0
6488000;0;0
6501000;0;0
6513000;0;0
6525000;0;0
6538000;0;0
6550000;0;0
6562000;0;0
6574000;0;0
6587000;0;0
6598000;0;0
6610000;0;0
6623000;0;0
6634000;0;0
6646000;0;0
6658000;0;0
6670000;0;0
6682000;0;0
6694000;0;0
6707000;0;0
6718000;0;0
6730000;0;0
6742000;0;0
6754000;0;0
6766000;0;0
6778000;0;0
6790000;0;0
6802000;0;0
6814000;0;0
6827000;0;0
6839000;0;0
6851000;0;0
6864000;0;0
6876000;0;0
6888000;0;0
6900000;0;0
6912000;0;0
6925000;0;0
6937000;0;0
6949000;0;0
6961000;0;0
6973000;0;0
6985000;0;0
6997000;0;0
7010000;0;0
7023000;0;0
7035000;0;0
7047000;0;0
7059000;0;0
7070000;0;0
7083000;0;0
7094000;0;0
7107000;0;0
7119000;0;0
7132000;0;0
7146000;0;0
7158000;0;0
7170000;0;0
7182000;0;0
7194000;0;0
7205000;0;0
7218000;0;0
7231000;0;0
7244000;0;0
7255000;0;0
7268000;0;0
7280000;0;0
7292000;0;0
7305000;0;0
7317000;0;0
7330000;0;0
7341000;0;0
7354000;0;0
7366000;0;0
7378000;0;0
7391000;0;0
7404000;0;0
7416000;0;0
7428000;0;0
7440000;0;0
7453000;0;0
7464000;0;0
7476000;0;0
7488000;0;0
7500000;0;0
7513000;0;0
7525000;0;0
7537000;0;0
7549000;0;0
7561000;0;0
7574000;0;0
7587000;0;0
7599000;0;0
7612000;0;0
7623000;0;0
7635000;0;0
7647000;0;0
7659000;0;0
7671000;0;0
7684000;0;0
7696000;0;0
7708000;0;0
7720000;0;0
7733000;0;0
7745000;0;0
7757000;0;0
7768000;0;0
7781000;0;0
7794000;0;0
7807000;0;0
7819000;0;0
7831000;0;0
7843000;0;0
7857000;0;0
7869000;0;0
7882000;0;0
7894000;0;0
7907000;0;0
7919000;0;0
7931000;0;0
7943000;0;0
7955000;0;0
7968000;0;0
7980000;0;0
7992000;0;0
8005000;0;0
8017000;0;0
8029000;0;0
8042000;0;0
8055000;0;0
8068000;0;0
8081000;0;0
8094000;0;0
8107000;0;0
8118000;0;0
8132000;0;0
8143000;0;0
8155000;0;0
8167000;0;0
8179000;0;0
8191000;0;0
8203000;0;0
8215000;0;0
8227000;0;0
8239000;0;0
8251000;0;0
8264000;0;0
8276000;0;0
8288000;0;0
8300000;0;0
8312000;0;0
8324000;0;0
8337000;0;0
8349000;0;0
8362000;0;0
8374000;0;0
8386000;0;0
8398000;0;0
8409000;0;0
8422000;0;0
8434000;0;0
8446000;0;0
8458000;0;0
8470000;0;0
8482000;0;0
8494000;0;0
8507000;0;0
8518000;0;0
8530000;0;0
8542000;0;0
8553000;0;0
8566000;0;0
8578000;0;0
8590000;0;0
8602000;0;0
8614000;0;0
8626000;0;0
8640000;0;0
8652000;0;0
8663000;0;0
8676000;0;0
8689000;0;0
8702000;0;0
8714000;0;0
8727000;0;0
8739000;0;0
8750000;0;0
8764000;0;0
8775000;0;0
8788000;0;0
8800000;0;0
8811000;0;0
8824000;0;0
8835000;0;0
8848000;0;0
8860000;0;0
8873000;0;0
8886000;0;0
8898000;0;0
8910000;0;0
8922000;0;0
8934000;0;0
8947000;0;0
8959000;0;0
8972000;0;0
8984000;0;0
8996000;0;0
9007000;0;0
9019000;0;0
9031000;0;0
9043000;0;0
9057000;0;0
9070000;0;0
9082000;0;0
9094000;0;0
9107000;0;0
9120000;0;0
9132000;0;0
9144000;0;0
9157000;0;0
9170000;0;0
9181000;0;0
9194000;0;0
9205000;0;0
9218000;0;0
9230000;0;0
9243000;0;0
9254000;0;0
9265000;0;0
9278000;0;0
9291000;0;0
9303000;0;0
9315000;0;0
9327000;0;0
9339000;0;0
9352000;0;0
9363000;0;0
9374000;0;0
9387000;0;0
9399000;0;0
9411000;0;0
9423000;0;0
9435000;0;0
9448000;0;0
9459000;0;0
9471000;0;0
9482000;0;0
9494000;0;0
9506000;0;0
9518000;0;0
9530000;0;0
9542000;0;0
9553000;0;0
9565000;0;0
9577000;0;0
9589000;0;0
9601000;0;0
9612000;0;0
9624000;0;0
9635000;0;0
9647000;0;0
9658000;0;0
9671000;0;0
9683000;0;0
9694000;0;0
9706000;0;0
9718000;0;0
9730000;0;0
9743000;0;0
9756000;0;0
9768000;0;0
9781000;0;0
9793000;0;0
9806000;0;0
9818000;0;0
9830000;0;0
9842000;0;0
9854000;0;0
9867000;0;0
9879000;0;0
9891000;0;0
9907000;0;0
9920000;0;0
9931000;0;0
9944000;0;0
9955000;0;0
9968000;0;0
9980000;0;0
9992000;0;0
10004000;0;0
10016000;0;0
10028000;0;0
10041000;0;0
10054000;0;0
10066000;0;0
10079000;0;0
10090000;0;0
10102000;0;0
10113000;0;0
10127000;0;0
10138000;0;0
10151000;0;0
10162000;0;0
10175000;0;0
10188000;0;0
10199000;0;0
10211000;0;0
10223000;0;0
10235000;0;0
10248000;0;0
10261000;0;0
10274000;0;0
10286000;0;0
10298000;0;0
10310000;0;0
10323000;0;0
10335000;0;0
10347000;0;0
10359000;0;0
10372000;0;0
10385000;0;0
10397000;0;0
10410000;0;0
10423000;0;0
10435000;0;0
10448000;0;0
10460000;0;0
10472000;0;0
10483000;0;0
10496000;0;0
10510000;0;0
10522000;0;0
10534000;0;0
10545000;0;0
10558000;0;0
10569000;0;0
10581000;0;0
10594000;0;0
10606000;0;0
10618000;0;0
10630000;0;0
10641000;0;0
10653000;0;0
10665000;0;0
10677000;0;0
10688000;0;0
10700000;0;0
10713000;0;0
10726000;0;0
10738000;0;0
10750000;0;0
10763000;0;0
10775000;0;0
10787000;0;0
10798000;0;0
10810000;0;0
10821000;0;0
10834000;0;0
10846000;0;0
10858000;0;0
10870000;0;0
10881000;0;0
10893000;0;0
10905000;0;0
10918000;0;0
10930000;0;0
10942000;0;0
10954000;0;0
10966000;0;0
10977000;0;0
10990000;0;0
11002000;0;0
11015000;0;0
11027000;0;0
11040000;0;0
11053000;0;0
11064000;0;0
11077000;0;0
11088000;0;0
11101000;0;0
11113000;0;0
11125000;0;0
11139000;0;0
11150000;0;0
11162000;0;0
11175000;0;0
11188000;0;0
11200000;0;0
11211000;0;0
11223000;0;0
11236000;0;0
11248000;0;0
11260000;0;0
11272000;0;0
11284000;0;0
11297000;0;0
11310000;0;0
11322000;0;0
11334000;0;0
11347000;0;0
11360000;0;0
11372000;0;0
11384000;0;0
11397000;0;0
11409000;0;0
11421000;0;0
11434000;0;0
11447000;0;0
11459000;0;0
11471000;0;0
11483000;0;0
11495000;0;0
11508000;0;0
11520000;0;0
11532000;0;0
11544000;0;0
11557000;0;0
11569000;0;0
11581000;0;0
11594000;0;0
11606000;0;0
11618000;0;0
11630000;0;0
11642000;0;0
11654000;0;0
11666000;0;0
11678000;0;0
11690000;0;0
11703000;0;0
11714000;0;0
11726000;0;0
11739000;0;0
11751000;0;0
11762000;0;0
11774000;0;0
11788000;0;0
11801000;0;0
11814000;0;0
11825000;0;0
11838000;0;0
11850000;0;0
11864000;0;0
11876000;0;0
11888000;0;0
11900000;0;0
11912000;0;0
11925000;0;0
11936000;0;0
11948000;0;0
11960000;0;0
11971000;0;0
11982000;0;0
11994000;0;0
12007000;0;0
12019000;0;0
12031000;0;0
12042000;0;0
12054000;0;0
12067000;0;0
12078000;0;0
12091000;0;0
12104000;0;0
12116000;0;0
12128000;0;0
12140000;0;0
12154000;0;0
12166000;0;0
12179000;0;0
12190000;0;0
12202000;0;0
12214000;0;0
12227000;0;0
12239000;0;0
12251000;0;0
12263000;0;0
12276000;0;0
12288000;0;0
12301000;0;0
12313000;0;0
12325000;0;0
12338000;0;0
12350000;0;0
12363000;0;0
12375000;0;0
12388000;0;0
12400000;0;0
12411000;0;0
12424000;0;0
12436000;0;0
12448000;0;0
12459000;0;0
12471000;0;0
12484000;0;0
12496000;0;0
12508000;0;0
12521000;0;0
12534000;0;0
12546000;0;0
12559000;0;0
12571000;0;0
12584000;0;0
12596000;0;0
12607000;0;0
12620000;0;0
12632000;0;0
12644000;0;0
12656000;0;0
12668000;0;0
12681000;0;0
12694000;0;0
12706000;0;0
12718000;0;0
12730000;0;0
12742000;0;0
12755000;0;0
12768000;0;0
12780000;0;0
12791000;0;0
12803000;0;0
12816000;0;0
12828000;0;0
12840000;0;0
12852000;0;0
12863000;0;0
12876000;0;0
12888000;0;0
12900000;0;0
12912000;0;0
12925000;0;0
12936000;0;0
12948000;0;0
12960000;0;0
12971000;0;0
12983000;0;0
12995000;0;0
13007000;0;0
13019000;0;0
13031000;0;0
13042000;0;0
13054000;0;0
13065000;0;0
13078000;0;0
13090000;0;0
13102000;0;0
13114000;0;0
13126000;0;0
13138000;0;0
13151000;0;0
13163000;0;0
13176000;0;0
13188000;0;0
13200000;0;0
13213000;0;0
13225000;0;0
13238000;0;0
13250000;0;0
13262000;0;0
13274000;0;0
13286000;0;0
13299000;0;0
13312000;0;0
13324000;0;0
13336000;0;0
13348000;0;0
13360000;0;0
13372000;0;0
13384000;0;0
13396000;0;0
13408000;0;0
13421000;0;0
13433000;0;0
13446000;0;0
13458000;0;0
13470000;0;0
13483000;0;0
13494000;0;0
13506000;0;0
13518000;0;0
13530000;0;0
13543000;0;0
13555000;0;0
13566000;0;0
13578000;0;0
13590000;0;0
13602000;0;0
13614000;0;0
13628000;0;0
13640000;0;0
13653000;0;0
13665000;0;0
13677000;0;0
13689000;0;0
13702000;0;0
13714000;0;0
13727000;0;0
13739000;0;0
13752000;0;0
13764000;0;0
13776000;0;0
13789000;0;0
13802000;0;0
13814000;0;0
13826000;0;0
13839000;0;0
13852000;0;0
13864000;0;0
13876000;0;0
13888000;0;0
13900000;0;0
13912000;0;0
13925000;0;0
13937000;0;0
13949000;0;0
13960000;0;0
13971000;0;0
13983000;0;0
13995000;0;0
14008000;0;0
14020000;0;0
14032000;0;0
14045000;0;0
14056000;0;0
14070000;0;0
14081000;0;0
14093000;0;0
14105000;0;0
14118000;0;0
14130000;0;0
14143000;0;0
14155000;0;0
14167000;0;0
14180000;0;0
14193000;0;0
14205000;0;0
14217000;0;0
14229000;0;0
14242000;0;0
14254000;0;0
14266000;0;0
14278000;0;0
14290000;0;0
14302000;0;0
14315000;0;0
14327000;0;0
14339000;0;0
14352000;0;0
14364000;0;0
14377000;0;0
14388000;0;0
14399000;0;0
14411000;0;0
14424000;0;0
14437000;0;0
14449000;0;0
14461000;0;0
14472000;0;0
14484000;0;0
14497000;0;0
14509000;0;0
14521000;0;0
14533000;0;0
14544000;0;0
14556000;0;0
14568000;0;0
14580000;0;0
14591000;0;0
14604000;0;0
14616000;0;0
14629000;0;0
14641000;0;0
14653000;0;0
14667000;0;0
14678000;0;0
14690000;0;0
14703000;0;0
14715000;0;0
14727000;0;0
14742000;0;0
14755000;0;0
14767000;0;0
14779000;0;0
14790000;0;0
14803000;0;0
14814000;0;0
14826000;0;0
14838000;0;0
14850000;0;0
14862000;0;0
14874000;0;0
14887000;0;0
14899000;0;0
14910000;0;0
14922000;0;0
14934000;0;0
14946000;0;0
14959000;0;0
14971000;0;0
14983000;0;0
14995000;0;0
15007000;0;0
15019000;0;0
15031000;0;0
15044000;0;0
15056000;0;0
15069000;0;0
15080000;0;0
15091000;0;0
15104000;0;0
15116000;0;0
15127000;0;0
15139000;0;0
15151000;0;0
15163000;0;0
15175000;0;0
15187000;0;0
15199000;0;0
15211000;0;0
15223000;0;0
15235000;0;0
15246000;0;0
15258000;0;0
15270000;0;0
15282000;0;0
15294000;0;0
15306000;0;0
15322000;0;0
15334000;0;0
15347000;0;0
15358000;0;0
15370000;0;0
15382000;0;0
15394000;0;0
15407000;0;0
15418000;0;0
15430000;0;0
15442000;0;0
15455000;0;0
15468000;0;0
15481000;0;0
15493000;0;0
15506000;0;0
15518000;0;0
15531000;0;0
15544000;0;0
15555000;0;0
15567000;0;0
15580000;0;0
15592000;0;0
15604000;0;0
15617000;0;0
15629000;0;0
15641000;0;0
15653000;0;0
15664000;0;0
15676000;0;0
15688000;0;0
15700000;0;0
15712000;0;0
15725000;0;0
15737000;0;0
15749000;0;0
15761000;0;0
15774000;0;0
15786000;0;0
15798000;0;0
15810000;0;0
15821000;0;0
15834000;0;0
15846000;0;0
15858000;0;0
15869000;0;0
15882000;0;0
15894000;0;0
15907000;0;0
15918000;0;0
15930000;0;0
15942000;0;0
15955000;0;0
15967000;0;0
15980000;0;0
15993000;0;0
16004000;0;0
16016000;0;0
16029000;0;0
16041000;0;0
16054000;0;0
16066000;0;0
16077000;0;0
16090000;0;0
16102000;0;0
16114000;0;0
16126000;0;0
16138000;0;0
16150000;0;0
16161000;0;0
16173000;0;0
16185000;0;0
16197000;0;0
16208000;0;0
16220000;0;0
16233000;0;0
16245000;0;0
16257000;0;0
16270000;0;0
16281000;0;0
16293000;0;0
16305000;0;0
16317000;0;0
16329000;0;0
16340000;0;0
16352000;0;0
16364000;0;0
16376000;0;0
16388000;0;0
16400000;0;0
16412000;0;0
16423000;0;0
16435000;0;0
16447000;0;0
16460000;0;0
16471000;0;0
16484000;0;0
16495000;0;0
16507000;0;0
16519000;0;0
16530000;0;0
16541000;0;0
16553000;0;0
16566000;0;0
16578000;0;0
16591000;0;0
16604000;0;0
16615000;0;0
16628000;0;0
16640000;0;0
16652000;0;0
16664000;0;0
16676000;0;0
16689000;0;0
16700000;0;0
16712000;0;0
16724000;0;0
16736000;0;0
16748000;0;0
16761000;0;0
16774000;0;0
16786000;0;0
16798000;0;0
16810000;0;0
16822000;0;0
16833000;0;0
16845000;0;0
16857000;0;0
16869000;0;0
16881000;0;0
16893000;0;0
16906000;0;0
16919000;0;0
16930000;0;0
16942000;0;0
16954000;0;0
16965000;0;0
16978000;0;0
16991000;0;0
17003000;0;0
17015000;0;0
17027000;0;0
17040000;0;0
17051000;0;0
17063000;0;0
17075000;0;0
17088000;0;0
17101000;0;0
17113000;0;0
17126000;0;0
17138000;0;0
17150000;0;0
17162000;0;0
17174000;0;0
17186000;0;0
17198000;0;0
17210000;0;0
17223000;0;0
17234000;0;0
17247000;0;0
17260000;0;0
17272000;0;0
17284000;0;0
17296000;0;0
17308000;0;0
17320000;0;0
17332000;0;0
17344000;0;0
17357000;0;0
17369000;0;0
17381000;0;0
17393000;0;0
17405000;0;0
17417000;0;0
17429000;0;0
17441000;0;0
17452000;0;0
17465000;0;0
17478000;0;0
17491000;0;0
17504000;0;0
17517000;0;0
17529000;0;0
17542000;0;0
17554000;0;0
17566000;0;0
17578000;0;0
17590000;0;0
17602000;0;0
17615000;0;0
17627000;0;0
17639000;0;0
17651000;0;0
17662000;0;0
17674000;0;0
17686000;0;0
17698000;0;0
17709000;0;0
17722000;0;0
17734000;0;0
17746000;0;0
17758000;0;0
17770000;0;0
17782000;0;0
17794000;0;0
17806000;0;0
17818000;-3.1964821373259073083e-25;-7.8000020980834960938
17830000;689.326171875;-688.05487060546875
17842000;3101.04345703125;-3388.6494140625
17854000;6488.03173828125;-6639.86083984375
17866000;10440.875;-10360.2548828125
17880000;15381.859375;-14361.1962890625
17891000;19761.041015625;-18618.283203125
17903000;24243.3671875;-22909.47265625
17916000;28762.935546875;-27193.896484375
17928000;33230.9765625;-32221.544921875
17940000;37215.8515625;-36089.68359375
17952000;39447.25;-38664.53515625
17965000;39169.9140625;-39024.13671875
17978000;37691.0234375;-37932.640625
17990000;35980.02734375;-36350.54296875
18001000;34581.77734375;-34923.27734375
18014000;33765.88671875;-33988.5546875
18026000;33568.484375;-33645.37109375
18038000;33917.30078125;-33904.31640625
18051000;34492.89453125;-34431.2265625
18062000;35004.60546875;-34955.29296875
18075000;35332.328125;-35321.38671875
18087000;35460.46875;-35485.3828125
18098000;35397.48828125;-35449.890625
18112000;35197.39453125;-35279.16796875
18124000;35006.01171875;-35024.3671875
18137000;34867.078125;-34870.87890625
18150000;34835.953125;-34794.75
18161000;34855.640625;-34806.4765625
18174000;34913.00390625;-34891.44140625
18186000;34965.625;-34962.4140625
18198000;35018.02734375;-35038.1171875
18210000;35041.69921875;-35064.75
18222000;35056.08984375;-35072.82421875
18235000;35039.09765625;-35046.47265625
18247000;35017.99609375;-35016.2109375
18261000;34967.58203125;-34976.40625
18273000;34959.9296875;-34959.25
18284000;34956.40625;-34961.44140625
18296000;34980.375;-34964.859375
18309000;34995.5;-34977.7109375
18322000;34996.6796875;-34999.89453125
18334000;34994.9921875;-35012.4453125
18345000;35001.4609375;-35015.09765625
18358000;34999.9609375;-35002.62890625
18371000;34997.59765625;-34990.9921875
18383000;34997.609375;-34994.78125
18395000;34990.0078125;-34991.71875
18407000;34999.58203125;-34999.16015625
18419000;34997.41015625;-34995.296875
18431000;34987.6328125;-34986.19140625
18443000;34984.421875;-34990.515625
18455000;34986.6484375;-34995.96875
18467000;34992.51171875;-34989.609375
18479000;35000.84375;-34979.68359375
18492000;35004.86328125;-34983.80859375
18505000;34995.8515625;-34986.73046875
18516000;34993.703125;-34996.1640625
18528000;34988.51171875;-35000.5390625
18540000;34992.1328125;-34990.546875
18552000;34999.9296875;-34985.7421875
18564000;35008.5703125;-34991.78125
18576000;35002;-35009.45703125
18588000;34996;-34999.78125
18599000;34991.46875;-35002.44921875
18611000;34986.796875;-34997.76953125
18624000;34998.31640625;-34987.26953125
18636000;35000.03515625;-34992.05859375
18649000;34993.98828125;-34993.9921875
18661000;34989.1640625;-35007.0390625
18673000;34993.90234375;-35001.75390625
18684000;34991.99609375;-34991.7578125
18696000;34996.8125;-34994.19921875
18707000;34997.6484375;-34997.76171875
18720000;34993.09375;-35012.35546875
18732000;34998.1796875;-35007.16796875
18743000;34996.65234375;-34998.25390625
18754000;34987.56640625;-34989.01953125
18766000;34989.484375;-34986.1328125
18779000;34989.16015625;-34994.6796875
18791000;34987.9453125;-35008.328125
18803000;34992.5234375;-34998.51953125
18815000;34980.3671875;-34995.4375
18827000;35000.1015625;-34979.9296875
18840000;34990.2890625;-34978.7265625
18852000;34999.41796875;-34988.43359375
18864000;34989.4453125;-34983.91796875
18877000;34980.984375;-34978.5390625
18888000;34974.6015625;-34992.7578125
18900000;34995.1171875;-35002.16796875
18913000;34989.46875;-35005.6015625
18925000;34988.453125;-34999.4453125
18937000;34981.5625;-34991.2578125
18949000;34985.58984375;-35007.23828125
18962000;34988.7421875;-34998.84375
18974000;35001.0078125;-35007.5625
18987000;34993.76953125;-34999.19140625
18998000;34989.38671875;-34987.52734375
19010000;34996.24609375;-34986.2578125
19022000;34993.75390625;-34983.921875
19034000;34999.84375;-34997.3046875
19046000;34988.4140625;-35000.125
19057000;34989.765625;-34998.203125
19069000;34988.41015625;-34992.91796875
19080000;34983.0390625;-35000.953125
19091000;34995.48046875;-34990.0625
19103000;34996.88671875;-34996.73046875
19116000;34988.1328125;-34989.328125
19128000;34986.84375;-34990.125
19141000;34988.984375;-34986.78125
19153000;34986.2734375;-34989.12890625
19165000;34999.109375;-34991.34765625
19177000;35003.0625;-34997.44140625
19188000;34992.98828125;-34998.1796875
19199000;34988.546875;-35005.046875
19212000;34986.41015625;-34989.578125
19224000;34980.8984375;-34989.640625
19237000;34995.421875;-35004.515625
19248000;34999.78125;-34997.5703125
19260000;34993.70703125;-34998.9140625
19272000;34993.47265625;-34995.390625
19284000;34990.31640625;-34998.3984375
19298000;34986.1171875;-35003.72265625
19310000;34987.42578125;-34994.17578125
19322000;34993.4609375;-35001.72265625
19333000;34991.19140625;-34997.7109375
19346000;35001.43359375;-34989.6328125
19357000;34999.87890625;-34996.97265625
19370000;34997.4765625;-35001.55078125
19382000;34995.72265625;-34998.03125
19394000;34996.7265625;-35001.41796875
19406000;34990.8515625;-35003.4921875
19419000;34997.3125;-34995.6484375
19431000;34997.62109375;-34989.04296875
19443000;34991.89453125;-34985.6953125
19455000;34991.84375;-34979.42578125
19467000;34994.7734375;-34985.109375
19479000;34993.05859375;-34997.89453125
19491000;35001.9609375;-35013.71484375
19502000;34998.4765625;-35012.18359375
19514000;34997.58984375;-35000.0703125
19526000;35002.36328125;-34996.27734375
19539000;35002.546875;-34987.93359375
19551000;34992.86328125;-34976.859375
19564000;34998.43359375;-34990.859375
19576000;35000.34765625;-34993.76171875
19588000;34987.265625;-34989.08984375
19600000;34990.35546875;-35002.42578125
19611000;34983.09375;-35000.40625
19624000;34983.66015625;-35013.76953125
19637000;34989.359375;-34985.78125
19649000;35010.82421875;-34987.078125
19662000;35001.41015625;-34985.51953125
19673000;35002.89453125;-34988.33203125
19686000;34992.80859375;-34994.65234375
19698000;34990.03125;-34998.7265625
19710000;34988.8828125;-34994.78515625
19722000;34999.6328125;-34998.7890625
19734000;34990.10546875;-35008.42578125
19746000;34994.14453125;-35002.0703125
19759000;34994.55078125;-35001.0234375
19772000;34992.8515625;-35009.06640625
19784000;34991.0859375;-35001.50390625
19796000;34998.5390625;-34977.7890625
19809000;35003.84375;-34981.03515625
19821000;34985.99609375;-34989.734375
19834000;35003.7421875;-34991.25
19846000;34987.67578125;-34998.296875
19858000;34981.78125;-35003.9453125
19871000;34981;-34990.6328125
19883000;34989.328125;-34979.25
19894000;34986.44921875;-34980.7578125
19906000;35004.7890625;-35000.90234375
19919000;34998.98828125;-35001.21484375
19931000;34988.48828125;-35000.90234375
19943000;35005.046875;-34991.1171875
19955000;34993.78125;-34999.1796875
19967000;34998.6171875;-34999.87890625
19980000;34984.4609375;-34996.05859375
19992000;34977.51953125;-35008.140625
20003000;34973.7890625;-35000.4921875
20015000;34999.09765625;-34990.37890625
20027000;34996.2421875;-34995.453125
20038000;35006.28125;-35009.0546875
20050000;34994.8359375;-35013.2734375
20061000;34993.41015625;-35007.23828125
20073000;34985.3828125;-34995.12890625
20085000;34987.99609375;-34983.39453125
20097000;34989.9296875;-35005.0234375
20108000;34994.74609375;-34996.19140625
20120000;34990.3359375;-34992.953125
20132000;34986.36328125;-35004.734375
20146000;34987.40625;-34996.44921875
20158000;34991.6328125;-34988.41015625
20170000;34992.38671875;-34991.81640625
20182000;34997.4296875;-34992.78515625
20194000;34989.2578125;-34985.34765625
20206000;34990.81640625;-34988.51953125
20218000;34989.37109375;-34992.453125
20229000;34993.36328125;-34990.3984375
20242000;35002.0625;-34994.1796875
20254000;34999.50390625;-34997.2578125
20266000;34989.21484375;-34990.59765625
20279000;34993.1171875;-34978.1328125
20292000;34991.59375;-35004.640625
20305000;34979.94921875;-35000.1796875
20317000;34985.12890625;-34994.30078125
20330000;34983.98828125;-34991.5625
20341000;34995.70703125;-34995.4453125
20353000;34993.6484375;-34992.1328125
20365000;34997.52734375;-34992.91015625
20377000;34989.0546875;-35007.0546875
20389000;34991.7578125;-35000.16796875
20400000;34988.1328125;-34992.28515625
20412000;34983.51953125;-34993.1953125
20424000;34994.2734375;-34983.41015625
20435000;34996.25;-35005.5390625
20448000;34986.28125;-34994.88671875
20461000;34988.68359375;-35005.921875
20473000;34984.984375;-35000.8125
20485000;34986.12890625;-34998.34765625
20496000;34994.94921875;-35006.69921875
20509000;34995.28125;-34998.6796875
20520000;34986.55859375;-34996.02734375
20532000;34990.25;-34987.10546875
20544000;34990.41796875;-34995.609375
20556000;34983.3984375;-35001.32421875
20569000;34984.58203125;-34999.76953125
20583000;34988.8984375;-34991.8125
20596000;34994.75390625;-34992.109375
20608000;34997.46484375;-34988.33203125
20619000;34996.00390625;-34992.5859375
20631000;34992.6796875;-35000.1328125
20643000;34990.82421875;-34996.3515625
20655000;34988.4140625;-35001.7109375
20666000;34993.65234375;-35000.328125
20677000;34998.91796875;-34995.37109375
20689000;34994.34375;-34997.9375
20700000;34987.26171875;-34997.0625
20712000;34983.6875;-34990.75
20724000;34987.3125;-34987.04296875
20737000;34997.7109375;-34982.796875
20748000;34995.640625;-34991.48046875
20760000;34989.44140625;-34998.99609375
20772000;34984.46484375;-35005.1015625
20784000;34982.5703125;-34999.1015625
20796000;34989.3515625;-34995.31640625
20808000;35002.5234375;-34969.31640625
20820000;34998.203125;-34990.71875
20834000;34993.125;-34995.73046875
20845000;35003.0546875;-34992.7578125
20858000;34997.0546875;-35000.1328125
20870000;35008.27734375;-35009.08984375
20883000;34989.8203125;-35013.65625
20894000;34987.88671875;-35013.93359375
20906000;34985.2890625;-34998.0625
20919000;34978.13671875;-34990.2109375
20932000;34985.47265625;-34985.9765625
20944000;34988.78125;-34982.8046875
20955000;35006.4296875;-34988.1796875
20967000;35005.734375;-34990.3125
20980000;34996.30859375;-35001.18359375
20992000;34988.5625;-35001.8671875
21004000;34991.43359375;-35000.6796875
21017000;34994.6484375;-34993.44921875
21030000;34998.7421875;-34993.16015625
21042000;34999.0859375;-34995.07421875
21054000;34989.73046875;-35000.65234375
21066000;34990.8828125;-35011.14453125
21078000;34990.7109375;-34992.47265625
21090000;34996.93359375;-35002.92578125
21102000;35002.05078125;-34994.65625
21114000;35005.15625;-35000.32421875
21126000;34994.30078125;-35000.7109375
21138000;34991.6328125;-35002.79296875
21149000;34987.5;-35005.36328125
21162000;34992.83984375;-35001.41015625
21174000;34999.68359375;-34998.8828125
21187000;34993.4140625;-34999.4296875
21200000;34987.0390625;-34999.54296875
21211000;34993.9375;-34992.5625
21224000;34991.33984375;-34992.171875
21235000;34980.640625;-34992.58984375
21248000;34983.4921875;-35000.12890625
21260000;34987.3671875;-34986.60546875
21272000;34989.796875;-34989.68359375
21285000;34996.06640625;-34989.09375
21297000;34999.15234375;-34994.7109375
21310000;34988.65234375;-34999.625
21322000;34989.17578125;-34990.14453125
21333000;34987.09765625;-35006.79296875
21346000;34996.7734375;-34985.41015625
21358000;34994.5859375;-34981.328125
21369000;34998.62890625;-34981.1015625
21382000;34990.43359375;-34994.98046875
21395000;34991.1171875;-34995.5078125
21407000;34988.89453125;-34986.8046875
21418000;35003.21484375;-34992.5234375
21431000;34999.85546875;-34993.7109375
21443000;35001.3203125;-34999.109375
21455000;34988.734375;-34996.453125
21468000;34983.45703125;-34992.703125
21481000;34994.171875;-34987.6015625
21493000;34998.06640625;-34997.84375
21506000;34992.3984375;-34991.640625
21518000;34989.87109375;-34995.6015625
21531000;34999.90234375;-34995.64453125
21543000;35000.6953125;-34997.4453125
21556000;34991.74609375;-34995.140625
21567000;34988.6796875;-34988.03515625
21578000;34986.484375;-35005.3515625
21590000;34983.1796875;-34995.921875
21602000;34996.18359375;-35004.015625
21615000;34999.7265625;-35003.41796875
21628000;34994.76171875;-34990.6796875
21640000;34992.24609375;-34984.24609375
21652000;34987.734375;-34988.12109375
21664000;34989.546875;-34990.28125
21676000;34994.0625;-35004.9140625
21688000;34997.3828125;-34999.50390625
21700000;34991.57421875;-34994.3359375
21711000;34990.29296875;-34997.73828125
21723000;34987.18359375;-35002.0390625
21736000;34989.578125;-35011.53515625
21748000;34997.6015625;-34988.7109375
21760000;34998.4765625;-34992.98828125
21773000;34991.2734375;-34987.42578125
21786000;34983.76953125;-34988.13671875
21798000;34977.65234375;-34996.55078125
21810000;34996.640625;-34996.81640625
21822000;34997.65625;-35027.4140625
21835000;34995.25;-35006.6328125
21848000;34994.6328125;-34993.28125
21861000;34994.51953125;-34990.83203125
21872000;34998.5703125;-34979.71875
21885000;34986.32421875;-34978.34375
21897000;34991.38671875;-34978.0234375
21910000;34993.94921875;-34982.39453125
21921000;34988.6640625;-34987.08984375
21934000;34989.68359375;-35000.28515625
21946000;34987.93359375;-34998.7890625
21958000;34992.87890625;-34999.2578125
21970000;35001.15625;-35000.53515625
21982000;35000.76171875;-34985.046875
21995000;34988.2265625;-34978.6015625
22008000;34987.921875;-34989.09765625
22020000;34982.01171875;-35000.37109375
22031000;34998.28125;-35003.01171875
22044000;34997.56640625;-35000.2734375
22056000;34994.88671875;-34992.62109375
22068000;34985.7421875;-34988.046875
22081000;34986.2265625;-34990.20703125
22094000;34989.78125;-34995.5703125
22106000;34996.6953125;-34984.03515625
22119000;35005.8125;-34992.9765625
22132000;34993.84375;-35001.19140625
22146000;34984.65625;-35001.28515625
22158000;34981.75;-34997.71484375
22171000;34989.40625;-35000.6796875
22183000;34995.6640625;-34995.375
22196000;34999.25;-34986.53125
22209000;35015.69921875;-34974.35546875
22221000;35010.46875;-34984.62890625
22234000;34994.6015625;-34996.0234375
22246000;34979.8046875;-35006.15625
22258000;34973.51171875;-35001.58203125
22270000;34994.44140625;-35003.0390625
22283000;34998.91796875;-34997.046875
22294000;34999.890625;-34988.09375
22306000;34992.734375;-34996.5078125
22317000;34985.12109375;-34997.6484375
22331000;34981.30078125;-34989.23828125
22344000;35005.46875;-34991.03515625
22356000;34998.79296875;-34993.046875
22368000;35004.05859375;-35000.3359375
22380000;34994.48828125;-34997.00390625
22392000;34994.0390625;-35006.58984375
22405000;34994.66796875;-35004.11328125
22418000;34993.9921875;-34987.91015625
22431000;34998.1640625;-34979.55078125
22443000;35002.5625;-34979.109375
22456000;34998.86328125;-34986.30859375
22468000;34987.62890625;-34997.2734375
22481000;34985.0390625;-34988.3671875
22494000;34980.4921875;-34990.10546875
22507000;34988.8125;-35002.51171875
22519000;34997.0234375;-35004.01953125
22532000;35000.6953125;-34996.44140625
22544000;35007.7578125;-34994.69140625
22556000;35002.1796875;-35004.08984375
22568000;34989.6015625;-34997
22581000;34990.8671875;-35002.66015625
22592000;34990.7421875;-34995.46484375
22605000;34991.96875;-34979.71875
22617000;34997.13671875;-34984.80859375
22628000;34996.42578125;-34991.00390625
22641000;34983.890625;-35003.19140625
22653000;34986.62890625;-34998.03515625
22664000;34988.78125;-35003.8828125
22676000;34989.84375;-34998.8671875
22687000;35005.953125;-34988.6328125
22700000;35008.0625;-34987.82421875
22711000;34995.72265625;-35003.8125
22723000;34999.625;-34999.3515625
22734000;34992.26953125;-35000.23828125
22748000;34980.3515625;-34993.265625
22759000;34990.1953125;-35002.390625
22771000;34989.875;-35004.28125
22784000;34989.4921875;-35006.6015625
22796000;34994.87109375;-34994.37890625
22807000;34996.9140625;-34985.05859375
22819000;34995.4765625;-34968.390625
22831000;34994.69140625;-34981.85546875
22843000;34996.05859375;-34998.421875
22855000;34999.36328125;-35010.75390625
22868000;34992.56640625;-35001.046875
22880000;35002.37890625;-35008.01171875
22892000;35001.78515625;-34999.8671875
22904000;34989.921875;-35007
22917000;34990.44921875;-34998.21875
22930000;34983.49609375;-34997.08984375
22942000;34980.5;-34994.390625
22955000;34978.28515625;-34988.83203125
22967000;34990.9375;-34999.62890625
22979000;35000.2265625;-35000.390625
22992000;34993.78515625;-34996.8203125
23004000;34986.73046875;-34995.421875
23017000;34978.80859375;-34999.3359375
23029000;34997.6171875;-34992.21484375
23041000;34994.078125;-34989.86328125
23054000;34992.57421875;-34993.96875
23066000;34985.26171875;-34991.0078125
23079000;34994.328125;-34982.71875
23091000;34991.84765625;-34998.6796875
23103000;34995.84765625;-34998.44140625
23115000;34994.671875;-34999.4453125
23128000;34982.109375;-35010.890625
23140000;35003.34765625;-34987.23046875
23152000;34997;-34973.84765625
23166000;34990.74609375;-35000.296875
23177000;34980.6953125;-34992.52734375
23189000;34980.1484375;-34997.8984375
23201000;34986.8359375;-34991.2578125
23214000;34999.19921875;-34996.90234375
23226000;35000.2890625;-34994.8203125
23238000;34993.8984375;-34992.2890625
23250000;34986.1484375;-35005.265625
23263000;34992.86328125;-34997.09375
23275000;35001.5390625;-34988.203125
23287000;34990.14453125;-34993.5625
23300000;34992.73828125;-35009.5546875
23311000;34989.69140625;-35008.71484375
23324000;34991.015625;-34996.90625
23336000;34990.23828125;-34998.5625
23349000;34988.1328125;-34990.14453125
23362000;34992.484375;-34996.07421875
23375000;34998.7578125;-34990.046875
23388000;34991.1015625;-34995.9140625
23399000;34983.19921875;-34996.47265625
23411000;34986.50390625;-35018.95703125
23424000;34981.171875;-34997.56640625
23437000;34992.18359375;-35003.98046875
23448000;34991.078125;-34996.26171875
23460000;35011.734375;-34993.91796875
23472000;35003.71484375;-34994.3515625
23484000;35002.0625;-34998.23828125
23496000;34990.51171875;-34992.79296875
23508000;34989.0390625;-34983.015625
23520000;34983.296875;-34991.72265625
23532000;35002.44921875;-34998.90625
23546000;34996.20703125;-34998.3359375
23557000;34997.24609375;-34997.24609375
23570000;34995.08203125;-34994.06640625
23583000;34990.33203125;-34986.109375
23595000;34988.65625;-34991.5
23606000;34991.03515625;-34992.765625
23618000;35000.3671875;-34996.9296875
23630000;34998.484375;-34989.765625
23642000;34994.0546875;-34995.64453125
23655000;34988.02734375;-35012.3125
23667000;34988.015625;-35004.1484375
23680000;34985.48828125;-34988.76171875
23691000;34998.8515625;-34990.0234375
23704000;34999.5703125;-34992.22265625
23716000;34989.55859375;-34997.09765625
23727000;34990.9921875;-34992.625
23739000;34992.92578125;-35010.75390625
23751000;34988.015625;-35007.86328125
23764000;34993.765625;-34995.109375
23777000;35005.3046875;-34997.93359375
23788000;35006.0234375;-34996.875
23800000;34995.49609375;-34998.0390625
23811000;34988.6953125;-34991.515625
23823000;34989.91796875;-34995.24609375
23836000;34981.08203125;-34993.77734375
23848000;34986.21484375;-35001.01953125
23860000;35003.7578125;-34991.86328125
23872000;35000.640625;-34999.09375
23883000;34993.20703125;-34997.21875
23896000;34995.1015625;-34992.08203125
23908000;34989.4765625;-34995.4453125
23921000;34993.421875;-35002.890625
23933000;34985.81640625;-34990.9375
23946000;34985.49609375;-34991.55859375
23957000;34985.54296875;-34991.8828125
23969000;35001.2421875;-35012.9765625
23980000;35004.40625;-35007.265625
23993000;35008.66796875;-34996.14453125
24004000;34996.25;-34996.50390625
24017000;34993.15234375;-34985.9375
24028000;34989.08984375;-34986.09375
24040000;34994.9296875;-34985.89453125
24051000;34992.93359375;-34994.4609375
24064000;34999.078125;-35009.15625
24076000;34988.1640625;-35000.41796875
24088000;34993.703125;-35000.80859375
24101000;34997.31640625;-34997.1171875
24114000;34992;-34983.1796875
24126000;34993.7421875;-34984.98828125
24138000;34989.55859375;-34991.328125
24151000;34996.6328125;-34991.94140625
24163000;34991.61328125;-34995.1953125
24174000;34993.11328125;-35003.4921875
24188000;34987.14453125;-34994.77734375
24200000;34991.375;-34987.37890625
24211000;34989.7421875;-34988.51171875
24222000;34990.0703125;-34993.2578125
24234000;34996.24609375;-34992.8671875
24246000;34993.2265625;-34988.4375
24258000;34985.11328125;-34982.4140625
24270000;34988.2890625;-34986.796875
24283000;34985.37109375;-34995.421875
24294000;34989.66796875;-34998.12890625
24307000;34998.2265625;-35002.6171875
24320000;34994.32421875;-34989.04296875
24333000;34984.12109375;-34990.73828125
24345000;34988.796875;-34994.01171875
24357000;34989.5;-34992.609375
24370000;34998.64453125;-34992.42578125
24382000;35001.20703125;-34997.72265625
24394000;34995.03515625;-34998.80078125
24406000;34995.8046875;-34999.89453125
24418000;34990.88671875;-35002.796875
24430000;34986.0859375;-34993.6796875
24443000;34990.078125;-34981.67578125
24455000;34985.93359375;-34991.6484375
24467000;34983.17578125;-35007.765625
24480000;34998.61328125;-34992.8515625
24493000;35001.98046875;-35003.6015625
24506000;34991.9296875;-34998.23828125
24517000;34990.5703125;-34991.3828125
24530000;34986.609375;-34985.12109375
24542000;34991.765625;-34981.6171875
24556000;34993.875;-34992.75
24568000;34999.41015625;-35016.84765625
24580000;34993.890625;-35011.4609375
24592000;34989.6015625;-34999.29296875
24604000;34982.78515625;-34992.20703125
24616000;34999.66015625;-35008.34765625
24628000;34993.66015625;-34993.59375
24640000;34998.5859375;-34983.3125
24652000;34990.203125;-34993.34765625
24664000;34985.3203125;-34991.02734375
24676000;34982.5859375;-34987.03125
24689000;35002.21875;-35000.84375
24703000;35006.375;-35000.16796875
24714000;35000.05859375;-34993.859375
24727000;35004.56640625;-34996.85546875
24740000;35001.6484375;-34997.3125
24751000;34994.5625;-34992.3046875
24763000;34986.828125;-34992.453125
24774000;34984.484375;-34987.1328125
24786000;34982.2421875;-34986.3671875
24798000;34999.78515625;-34990.7265625
24809000;34998.55859375;-34995.33203125
24821000;35001.87890625;-35000.6875
24834000;34992.0078125;-35006.49609375
24847000;34992.4296875;-35001.296875
24858000;34990.21484375;-34994.921875
24869000;35000.41015625;-34978.4453125
24882000;34999.13671875;-35000.37890625
24894000;34999.92578125;-34993.24609375
24906000;34982.04296875;-34989.6171875
24918000;34987.17578125;-34988.33984375
24930000;34985.11328125;-34989.72265625
24942000;34990.81640625;-34982.4765625
24953000;34995.890625;-34986.8984375
24965000;35009.4765625;-34993.39453125
24978000;34997.14453125;-35005.85546875
24992000;34999.63671875;-34995.9609375
25003000;34990.90625;-35002.0390625
25016000;34983.98828125;-35002.234375
25028000;34983.9140625;-34993.71484375
25041000;34980.00390625;-34997.86328125
25053000;34995.69140625;-34999.51171875
25064000;34993.91796875;-34992.8671875
25076000;35020.6484375;-34987.421875
25088000;35014.21484375;-34986.21484375
25100000;35011.625;-34977.625
25112000;34992.1640625;-34980.01953125
25124000;34981.1171875;-34998.4765625
25137000;34981.8671875;-35010.328125
25149000;34999.2890625;-35014.11328125
25161000;34993.31640625;-35002.74609375
25173000;34992.9140625;-34988.078125
25185000;34985.71875;-35008.421875
25197000;34993.69140625;-34995.43359375
25209000;34993.51953125;-34993.984375
25222000;35008.171875;-35000.109375
25235000;34998.60546875;-34990.828125
25246000;34991.56640625;-34991.65234375
25258000;34980.20703125;-34992.3359375
25270000;34981.28125;-34995.94140625
25281000;34980.09765625;-34997.71875
25293000;34997.74609375;-34986.0078125
25305000;34992.6953125;-34982.52734375
25316000;35000.19140625;-34985.8203125
25329000;34983.9609375;-34995.6171875
25342000;34992.4765625;-35002.94921875
25354000;34995.921875;-34996.734375
25366000;34993.36328125;-34979.81640625
25378000;34995.5546875;-34987.8671875
25390000;34994.44140625;-34989.25
25403000;34999.140625;-34992.1328125
25414000;34996.45703125;-35001
25426000;35001.46484375;-34999.19921875
25438000;34988.33203125;-35003.359375
25450000;34987.19140625;-34999.29296875
25461000;34983.234375;-34994.515625
25474000;34988.9453125;-35002.796875
25486000;34993.984375;-34984.37890625
25499000;35002.98046875;-34988.61328125
25512000;34995.33203125;-34988.5390625
25523000;34987.60546875;-35001.27734375
25534000;34990.6328125;-35006.61328125
25546000;34991.453125;-35001.98828125
25558000;34993.265625;-34994.2421875
25570000;35002.65234375;-34983.546875
25582000;34996.5390625;-34990.85546875
25594000;34994.59375;-34994.453125
25606000;34988.4765625;-34999.0546875
25618000;34988.625;-34990.234375
25630000;34988.12890625;-34996.46875
25642000;34996.140625;-34994.47265625
25653000;34988.734375;-34997.6484375
25666000;34993.3984375;-34995.09375
25677000;34991.60546875;-34996.67578125
25690000;34992.84765625;-34993.76953125
25702000;34993.484375;-34982.3515625
25714000;34992.07421875;-34990.8828125
25727000;34982.3046875;-35007.5546875
25738000;34993.47265625;-35005.234375
25750000;34993.2578125;-35001.6484375
25762000;34992.1875;-35006.79296875
25775000;34989.421875;-34998.1328125
25786000;34993.6953125;-34987.3828125
25799000;34982.3046875;-34983.0546875
25811000;34996.140625;-34993.140625
25824000;34997.37109375;-34987.63671875
25835000;34988.51953125;-34995.0390625
25846000;34996.25;-34979.83984375
25858000;34996.59765625;-34992.796875
25870000;34991.5390625;-35013.3828125
25882000;34992.51953125;-35013.77734375
25894000;34991.3671875;-34999.28515625
25906000;34990.2109375;-35000.73828125
25918000;34985.04296875;-34997.25390625
25930000;34992.6171875;-34989.11328125
25942000;34986.37109375;-34978.23828125
25955000;34977.265625;-34981.3984375
25967000;34990.65234375;-34987.15234375
25980000;35004.875;-34994.984375
25992000;35004.14453125;-35005.85546875
26004000;34998.62109375;-34997.3984375
26016000;35007.796875;-34984.921875
26027000;34998.8515625;-34977.90234375
26040000;34997.5625;-35004.94140625
26052000;34981.16015625;-35002.49609375
26064000;34983.19921875;-34995.37109375
26077000;34986.3828125;-34991.16015625
26089000;35001.890625;-34995.515625
26101000;35003.40234375;-34991.140625
26113000;35004.58203125;-34991.96875
26125000;34993.9140625;-35004.00390625
26137000;34989.00390625;-34998.0859375
26149000;34988.7734375;-34992.05078125
26161000;35001.79296875;-34994.421875
26173000;34997.7734375;-35008.8046875
26184000;35000.03515625;-35008.4609375
26196000;34986.33984375;-34996.04296875
26208000;34986.09375;-35005.30078125
26220000;34985.95703125;-34997.046875
26232000;35000.2578125;-34988.421875
26243000;35003.4921875;-34986.8515625
26255000;35006.546875;-34985.484375
26266000;34990.75390625;-35000.046875
26278000;34989.8125;-34994.140625
26291000;34985.42578125;-34998.25390625
26303000;34988.23828125;-35001.8828125
26315000;34993.30859375;-34995.0625
26327000;35002.99609375;-35007.38671875
26339000;34995.953125;-34988.02734375
26351000;35001.08984375;-34992.72265625
26363000;34994.484375;-34984.45703125
26375000;34990.3828125;-34985.83203125
26387000;34990.875;-35009.015625
26398000;34990.32421875;-35005.2578125
26410000;35010.0234375;-35008.640625
26423000;35003.015625;-34992.28125
26435000;34994.7265625;-34995.06640625
26447000;34990.3828125;-34994.328125
26458000;34984.06640625;-34989.5390625
26470000;34988.90234375;-34997.453125
26482000;35003.98046875;-34999.78515625
26494000;34997.4765625;-35003.24609375
26507000;34998.41015625;-35001.97265625
26519000;35000.00390625;-35002.390625
26531000;35002.9375;-34995.01953125
26543000;35005.03515625;-34984.06640625
26555000;35007.40625;-34990.06640625
26566000;34998.1171875;-34988.78125
26578000;34989.8125;-34992.1171875
26590000;34981.71484375;-34998.72265625
26602000;34988.50390625;-35008.40625
26614000;35000.015625;-35006.953125
26627000;34996.32421875;-34992.7421875
26639000;34997.26953125;-35000.640625
26652000;34988.09375;-35010.76171875
26664000;35000.203125;-34996.00390625
26676000;34992.8359375;-34991.046875
26689000;34986.30859375;-34989.86328125
26700000;34989.0703125;-34986.2109375
26712000;34987.30078125;-34990.48046875
26724000;34984.12109375;-35001.64453125
26736000;34998.64453125;-34999.34765625
26748000;34993.78515625;-34990.5546875
26760000;35001.41796875;-34986.7421875
26773000;34985.5859375;-35005.07421875
26786000;34983.953125;-34988.53515625
26798000;34997.82421875;-34999.18359375
26810000;35002.91796875;-35002.21875
26823000;34993.78515625;-34998.44921875
26836000;34983.57421875;-34997.0234375
26849000;34989.51953125;-34991.7890625
26861000;34990.078125;-34999.0078125
26873000;35002.18359375;-34994.7890625
26884000;34996.7890625;-34991.41796875
26897000;34996.11328125;-35003.9140625
26910000;34997.484375;-35000.546875
26922000;34986.91015625;-34995.96484375
26934000;34999.78125;-34994.796875
26947000;34987.43359375;-34995.33984375
26958000;34998.828125;-34991.65625
26970000;34996.63671875;-34994.94921875
26982000;34987.421875;-34989.8671875
26994000;34984.51171875;-34995.54296875
27007000;34983.296875;-34996.6875
27019000;34991.3046875;-34984.98828125
27031000;34991.67578125;-34990.453125
27043000;35000.6015625;-34987.60546875
27055000;34994.38671875;-34997.3515625
27067000;34991.44921875;-35000.44140625
27079000;34985.41796875;-34995.84375
27091000;34993.22265625;-34984.66796875
27104000;34996.17578125;-34986.53125
27117000;34999.140625;-34985.90234375
27129000;34988.74609375;-34990.3828125
27140000;34989.53125;-35009.625
27153000;34988.73828125;-35003.6328125
27165000;35000.5390625;-34997.0234375
27177000;34998.8671875;-34997.4921875
27189000;35005.8671875;-35004.6640625
27201000;34993.7578125;-34995.8125
27214000;34984.94921875;-34984.84765625
27227000;34977.25390625;-34982.80078125
27239000;34990.41015625;-35006.5390625
27251000;34994.15625;-35008.64453125
27263000;34993.03515625;-35002.55859375
27276000;35004.4609375;-34992.48046875
27288000;35000.54296875;-34991.7734375
27301000;34997.64453125;-35006.1015625
27314000;34988.87890625;-35001.38671875
27326000;34985.20703125;-34975.4296875
27339000;34995.50390625;-34987.69140625
27352000;34996.58984375;-35003.71484375
27364000;35003.71484375;-35001.44921875
27376000;34993.5859375;-34993.4765625
27389000;34986.234375;-35005.3125
27400000;34977.69921875;-34994.80078125
27412000;35004.65234375;-34995.0703125
27425000;34995.63671875;-35001.66796875
27437000;34996.1640625;-34993.5390625
27450000;34989.5390625;-34997.7578125
27462000;34995.1640625;-34999.453125
27474000;34991.6953125;-34994.109375
27486000;35006.7890625;-35003.578125
27498000;35001.45703125;-34993.578125
27510000;35001.2421875;-34996.5078125
27522000;34988;-34993.08984375
27534000;34991.37890625;-34995.546875
27546000;34996.66796875;-34995.41796875
27558000;34986.6796875;-34991.8984375
27570000;34987.1484375;-34989.42578125
27582000;34988.125;-34999.171875
27594000;34992.90625;-35001.671875
27606000;34997.1328125;-34996.91015625
27620000;35007.08203125;-34994.22265625
27631000;34997.50390625;-34986.17578125
27643000;34988.953125;-34983.84375
27654000;34993.2734375;-34991.6328125
27666000;34997.5078125;-34998.7890625
27679000;34996.3359375;-35010.6328125
27692000;35003.12890625;-35010.89453125
27705000;34981.85546875;-35005.7734375
27717000;34982.15625;-35024.6953125
27729000;34989.65625;-35004.15625
27742000;35001.09765625;-34984.859375
27755000;34998.2421875;-34982.48828125
27767000;34993.8203125;-34982.04296875
27780000;34992.5;-34993.58203125
27792000;34997.2578125;-34994.43359375
27805000;34994.7734375;-34996.9765625
27817000;34997.36328125;-34997.35546875
27829000;35002.34375;-35007.09765625
27842000;34999.55078125;-34982.0625
27854000;34977.859375;-34991.28125
27866000;34987.08203125;-34977.1953125
27878000;34993.90234375;-34990.05078125
27890000;34990.640625;-34996.828125
27901000;34985.22265625;-35011.48828125
27914000;35002.8125;-35011.73046875
27926000;35002.66015625;-35013.46875
27938000;34997.73828125;-35004.63671875
27950000;34987.5390625;-34995.5234375
27963000;34998.1015625;-34992.47265625
27975000;35001.60546875;-34980.0234375
27986000;34992.0703125;-34978.671875
27998000;34985.1171875;-34992.8046875
28011000;34985.96484375;-35004.421875
28024000;34985.12890625;-34998.17578125
28037000;34987.87890625;-34996.9609375
28048000;34996.6875;-34987.44921875
28061000;34991.3671875;-34990.578125
28073000;34985.41796875;-34989.45703125
28086000;34981.62890625;-34995.47265625
28098000;35003.17578125;-34983.87109375
28111000;34999.3984375;-34998.0390625
28123000;34993.40625;-35004.19921875
28135000;34984.70703125;-35002.6953125
28148000;34985.30859375;-34992.58203125
28159000;34985.53125;-34991.19921875
28171000;34981.41796875;-34991.390625
28184000;34988.53125;-34988.3828125
28196000;34988.66796875;-35001.31640625
28208000;34999.828125;-34999.15234375
28221000;35000.79296875;-34997.3984375
28234000;35004.3984375;-35003.453125
28246000;34993.00390625;-34997.45703125
28258000;34987.22265625;-34987.7734375
28270000;34980.359375;-34989.015625
28281000;34994.66015625;-34985.5078125
28293000;34994.796875;-34980.44140625
28304000;34998.66015625;-34993.43359375
28317000;34994.78515625;-34997.703125
28329000;34992.046875;-35013.43359375
28340000;34988.45703125;-35009.953125
28352000;34996.4609375;-34994.5
28364000;34993.60546875;-34994.1171875
28377000;34998.15625;-34994.75
28389000;34990;-34992.82421875
28402000;34984.7578125;-34993.81640625
28414000;34979.9609375;-35000.4453125
28426000;34996.54296875;-34998.9609375
28439000;34996.11328125;-34995.56640625
28451000;34993.22265625;-34995.68359375
28463000;34989.05078125;-34983.55859375
28474000;34993.19921875;-34980.65234375
28487000;34994.2421875;-34987.79296875
28498000;34988.01953125;-35002.1796875
28511000;34987.3984375;-35005.5
28524000;34984.95703125;-35001.9609375
28536000;34999.234375;-35006.21875
28548000;34998.265625;-35005.90625
28560000;34999.046875;-34991.9921875
28572000;34989.67578125;-34999.1015625
28585000;34989.7578125;-34991.734375
28597000;34990.796875;-34979.9375
28608000;34998.52734375;-34986.51953125
28620000;34995.21484375;-34994.51171875
28633000;34996.17578125;-34998.4375
28646000;34989.50390625;-34996.34375
28657000;34986.953125;-35004.953125
28668000;34984.3359375;-34997.97265625
28681000;35001.609375;-34992.3203125
28692000;35008.52734375;-34993.1328125
28704000;35005.6875;-34995.515625
28716000;34995.0078125;-34994.21484375
28729000;34991.9765625;-34986.6484375
28741000;34990.5078125;-34999
28754000;34997.859375;-35009.65625
28766000;35000.11328125;-34997.4765625
28779000;34990.21875;-34983.93359375
28791000;34996.85546875;-34992.22265625
28804000;34992.2890625;-34993.03125
28816000;34980.0703125;-35002.15625
28828000;34979.10546875;-35000.37109375
28840000;34986.16015625;-34990.734375
28852000;34987.59375;-34995.82421875
28864000;35005.671875;-35001.40234375
28876000;35007.6328125;-34993.51171875
28887000;34996.1328125;-34998
28901000;34995.26171875;-34974.3125
28913000;34991.08984375;-34986.51171875
28925000;34998.0234375;-34996.48828125
28938000;34998.89453125;-34998.109375
28950000;35001.18359375;-35001.578125
28962000;34988.02734375;-34999.87890625
28974000;34985.2890625;-34995.37109375
28986000;34982.421875;-34993.4296875
28999000;34989.76953125;-35003.203125
29012000;34997.30859375;-34980.15234375
29024000;34996.80859375;-34991.50390625
29037000;35004.203125;-34995.54296875
29049000;34999.6171875;-34999.83984375
29062000;34999.47265625;-35002.81640625
29073000;34986.640625;-35001.59375
29085000;34985.8125;-35003.03125
29097000;34985.078125;-34998.2734375
29108000;34992.98046875;-34994.3203125
29121000;34995.25;-34988.1015625
29133000;35009.4453125;-34980.63671875
29145000;34997.68359375;-34982.4453125
29157000;34996.953125;-34996.59375
29169000;34991.140625;-35009.77734375
29180000;34984.68359375;-35013.70703125
29193000;34992.30859375;-34987.2890625
29204000;34992.9140625;-34991.9296875
29216000;35002.24609375;-34988.54296875
29228000;34995.71875;-34988.35546875
29240000;34987.4453125;-34992.296875
29252000;34980.60546875;-35001.8515625
29264000;34980.81640625;-34996.1484375
29277000;34999.6640625;-34999.08203125
29289000;34992.03125;-34999.109375
29302000;34996.06640625;-34998.6328125
29314000;34988.84375;-34984.9609375
29326000;34988.1953125;-34989.91015625
29338000;34988.92578125;-34988.34375
29350000;35001.359375;-34988.890625
29362000;34991.73046875;-35010.79296875
29374000;34995.078125;-35012.2890625
29386000;34991.015625;-35000.5703125
29398000;35011.81640625;-34985.546875
29410000;35003.46875;-34987.2421875
29423000;34989.1328125;-34989.53125
29434000;34985.71875;-34986.0078125
29446000;34979.21484375;-34986.66015625
29458000;34978.21875;-34993.5234375
29471000;34991.1640625;-34992.50390625
29484000;34999.87109375;-35000.10546875
29497000;34984.97265625;-35006.328125
29508000;34987.23046875;-34999.0390625
29520000;34980.296875;-34987.34375
29533000;35003.28125;-34989.015625
29545000;34993.1875;-35005.640625
29557000;34989.75390625;-34998.390625
29568000;34990.4140625;-34990.8515625
29581000;34983.4296875;-34992.6328125
29592000;34976.22265625;-34993.84765625
29604000;34998.31640625;-34989.26171875
29617000;34995.21484375;-34989.74609375
29629000;34995.828125;-35007.33984375
29641000;34988.90234375;-35004.19140625
29653000;34985.19140625;-34995.49609375
29665000;34987.2890625;-34997.640625
29677000;34998.92578125;-34995.1640625
29689000;34991.5390625;-34994.69921875
29701000;34990.6015625;-34986.81640625
29714000;35002.57421875;-35003.33984375
29726000;34998.203125;-35001.3046875
29739000;35000.2890625;-34996.671875
29752000;34989.3515625;-34994
29763000;34981.0703125;-34989.1875
29775000;34974.9765625;-34985.4921875
29787000;34996.8046875;-34995.265625
29799000;34992.58984375;-35005.98828125
29812000;35004.01953125;-34993.71875
29825000;34987.125;-34995.421875
29837000;34984.6875;-34987.0390625
29850000;34992.390625;-34987.1953125
29862000;35001.859375;-35015.515625
29875000;34998.484375;-34999.203125
29889000;34997.7109375;-34992.86328125
29901000;34994.2578125;-34993.97265625
29913000;34988.69140625;-35006.26171875
29925000;34981.76171875;-34998.5078125
29937000;34985.5234375;-34993.40625
29949000;34991.10546875;-34991.0703125
29961000;35002.37890625;-35004.6796875
29973000;34996.125;-34998.46875
29984000;34996.13671875;-34984.2109375
29996000;34995.05078125;-34994.03515625
30008000;34991.55078125;-34984.29296875
30021000;34979.2578125;-34994.515625
30033000;34996.81640625;-34997.71875
30046000;34997.9375;-34996.88671875
30058000;35002.12890625;-34986.078125
30071000;35001.1953125;-34992.5390625
30083000;35001.7890625;-34997.78515625
30095000;35002.55078125;-35001.26171875
30107000;34988.7890625;-34991.875
30119000;34986.62890625;-34995.38671875
30130000;34989.1328125;-34997.2421875
30142000;34985.37890625;-34994.0078125
30154000;34997.890625;-34992.30078125
30167000;34998.64453125;-34997.00390625
30178000;34994.81640625;-34986.18359375
30191000;34992.8359375;-34982.56640625
30202000;34990.9296875;-34990.71484375
30215000;34994.67578125;-35005.48046875
30228000;35000.49609375;-35006.1484375
30240000;35003.95703125;-35003.3828125
30252000;34993.9609375;-34989.8671875
30264000;34991.453125;-34995.515625
30276000;34986.69140625;-34993.640625
30288000;34991.39453125;-35003.0390625
30301000;35000.828125;-35001.48828125
30312000;35004.1171875;-34990.01953125
30325000;34995.10546875;-34997.4296875
30336000;34989.94921875;-35004.28125
30349000;34992.515625;-35017.734375
30360000;34994.56640625;-34997.2265625
30373000;34993.1796875;-34988.859375
30385000;34994.98828125;-34979.3671875
30398000;35001.04296875;-34977.46875
30411000;34995.9765625;-34987.828125
30422000;34998.39453125;-34989.48828125
30434000;34985.796875;-34994.40625
30446000;34984.51953125;-35002.5859375
30458000;34989.8203125;-35018.41015625
30470000;34987.21484375;-35007.046875
30483000;34994.828125;-34992.8125
30495000;34999.71484375;-34979.40625
30508000;34988.96875;-34988.47265625
30521000;34988.3515625;-34991.55859375
30533000;34984.42578125;-35003.73828125
30544000;34997.32421875;-35003.4375
30556000;34997.78125;-34991.04296875
30568000;35004.390625;-34994.6328125
30580000;34992.42578125;-34994.4375
30591000;34991.484375;-35003.66796875
30603000;34987.38671875;-34992.98046875
30615000;34993.9609375;-34977.421875
30628000;34993.0625;-34987.9453125
30641000;34988.32421875;-34991.0390625
30653000;34989.15625;-34998.61328125
30665000;34997.9765625;-35002.1484375
30677000;34998.828125;-34994.859375
30689000;34990.234375;-34983.3828125
30701000;34990.890625;-34991.390625
30713000;34989.01953125;-34994.25
30724000;34989.6328125;-34996.828125
30737000;34996.76171875;-34997.9765625
30749000;34997.21484375;-34998.49609375
30762000;34991.359375;-34997.859375
30775000;34987.08203125;-34998.7578125
30788000;34984.70703125;-34999.50390625
30800000;34994.140625;-34984.15234375
30813000;34994.23828125;-34990.15234375
30825000;34989.0234375;-35003.18359375
30836000;34985.47265625;-35000.296875
30848000;34988.95703125;-34996.296875
30862000;34991.6171875;-34999.5234375
30874000;34998.4765625;-35017.25
30886000;35000.99609375;-35020.66015625
30897000;34996.68359375;-34996.625
30910000;34990.53125;-34980.37890625
30922000;34988.08203125;-34975.75
30934000;34997.83984375;-34973.86328125
30946000;34998.23046875;-34972.86328125
30958000;35006.66796875;-34995.49609375
30970000;34992.56640625;-35002.91796875
30982000;34995.46875;-35003.48828125
30994000;34993.34765625;-35015.05078125
31007000;34999.3203125;-35013.80859375
31019000;34988.1015625;-34993.74609375
31031000;34985.69140625;-34985.64453125
31044000;34979.9296875;-34990.19140625
31057000;34990.8671875;-34986.74609375
31069000;34995.828125;-34994.61328125
31081000;34995.29296875;-34992.640625
31093000;35003.80078125;-34989.859375
31106000;35000.96875;-34997.484375
31118000;34995.796875;-35016.23828125
31129000;34994.62890625;-35006.94140625
31142000;34996.85546875;-34990.015625
31153000;34992.125;-34989.140625
31166000;34995.9140625;-34986.94921875
31178000;34990.76171875;-34989.75
31190000;34988.21484375;-34993.87109375
31202000;34990.8046875;-35012.37109375
31215000;34987.2578125;-35009.43359375
31227000;34990.84765625;-34995.37109375
31239000;35000.71484375;-35005.23046875
31251000;35002.0859375;-34999.66015625
31263000;34990.41015625;-34989.41796875
31275000;34992.2890625;-34979.484375
31287000;34984.70703125;-34989.546875
31299000;34980.26171875;-34990.58984375
31311000;34986.1328125;-34997.0625
31322000;34987.07421875;-34993.23828125
31334000;35004.984375;-35002.375
31346000;35000.37890625;-35000.10546875
31358000;35009.5;-34987.2109375
31369000;34997.05078125;-34996.28125
31382000;34988.54296875;-35004.02734375
31394000;34984.5390625;-35000.88671875
31407000;35004.0859375;-34995.05078125
31419000;35000.53125;-34995.8125
31430000;35004.70703125;-34998.7109375
31442000;34991.80859375;-34992.0234375
31453000;34984.88671875;-34986.828125
31466000;34981.26953125;-34991.5234375
31477000;35002;-34998.296875
31489000;34997.29296875;-34997.46875
31501000;35007.65625;-34990.1015625
31514000;34996.22265625;-35008.21484375
31525000;34989.8046875;-35003
31537000;34983.140625;-34998.78515625
31550000;35000.9375;-34987.8046875
31561000;34995.76171875;-34984.16796875
31574000;34997.50390625;-34986.1640625
31586000;34989.3515625;-34993.8984375
31597000;34992.51171875;-34999.96875
31608000;34983.94140625;-35001.84375
31620000;34983.3671875;-34996.6015625
31632000;34985.42578125;-34996.30859375
31646000;34989.78515625;-35004.03125
31658000;34992.47265625;-34996.83203125
31671000;35000.90234375;-34989.69921875
31683000;34998.953125;-34990.1953125
31695000;34987.15625;-34991.3125
31707000;34988.37890625;-34997.2578125
31719000;34987.5;-35015.34375
31730000;34988.40625;-35007.421875
31742000;34999.37890625;-35001.35546875
31755000;34997.05859375;-34986.0625
31767000;34986.3125;-34985.3515625
31780000;34991.08984375;-34987.76953125
31791000;34990.6953125;-34987.3046875
31803000;35001.2421875;-34978.05859375
31815000;34999.55859375;-34998.5625
31827000;35001.3125;-35001.90625
31838000;34989.3203125;-35006.625
31851000;34988.640625;-35013.74609375
31863000;34984.06640625;-35002.60546875
31877000;34996.875;-34989.76171875
31889000;34996.21484375;-34988.59375
31901000;34998.6796875;-34990.98046875
31913000;34995.80859375;-34997.87890625
31924000;34994.64453125;-34990.41796875
31938000;34990.953125;-34996.9140625
31950000;34989.45703125;-34999.8125
31961000;34988.25390625;-34996.6875
31973000;34988.921875;-35014.3828125
31986000;34993.875;-35001.09765625
31998000;34996.25;-34990.4140625
32010000;34997.2578125;-34985.93359375
32022000;34989.375;-34992.5546875
32035000;34986.48046875;-34993.3359375
32047000;34980.15625;-34989.765625
32058000;34989.94921875;-34985.078125
32070000;34978.78515625;-34999.46875
32082000;34996.8125;-35007.921875
32094000;34997.9765625;-35006.32421875
32106000;35004.38671875;-35006.44921875
32117000;34994.59375;-35007.515625
32129000;34986.79296875;-35000.9453125
32141000;34979.87890625;-34995.8984375
32154000;34995.734375;-34993.07421875
32166000;34993.046875;-34997.66796875
32178000;34996.34765625;-34992.5546875
32191000;34981.32421875;-34994.6484375
32204000;34992.14453125;-34988.43359375
32217000;34998.2734375;-34991.07421875
32229000;34995.34375;-34983.2578125
32240000;34992.3359375;-34995.6796875
32252000;34985.02734375;-34996.34375
32265000;34998.14453125;-35001.92578125
32277000;34993.484375;-35020.453125
32290000;35005.3671875;-34995.46484375
32302000;34996.59765625;-34985.1015625
32314000;34987.390625;-34987.7109375
32327000;34990.7890625;-34988.08984375
32339000;35003.5625;-34990.9296875
32350000;34996.578125;-34996.79296875
32361000;35007.09375;-34997.9453125
32373000;34996.43359375;-35006.18359375
32385000;34987.3359375;-35000.12890625
32397000;34979.31640625;-34996.19921875
32408000;34991.0234375;-34998.69921875
32420000;34995.734375;-34991.76953125
32432000;35003.1875;-34984.28515625
32444000;34996.8203125;-34994.859375
32456000;34991.953125;-34991.859375
32467000;34987.55078125;-34996.0390625
32478000;34983.6640625;-34992.34375
32491000;34995.6640625;-34990.7421875
32504000;35000.515625;-34994.53125
32516000;34995.875;-34980.1484375
32527000;34995.203125;-34990.90625
32540000;34990.88671875;-34996
32552000;34983.38671875;-34988.7109375
32565000;34982.6015625;-34991.32421875
32577000;34990.25;-35001.50390625
32589000;34992.07421875;-35007.48046875
32602000;35006.37109375;-35002.9609375
32614000;35005.421875;-35006.90234375
32625000;34989.6015625;-34989.328125
32637000;34987.92578125;-34985.44921875
32649000;34989.22265625;-34992.7734375
32662000;34987.21484375;-35015.06640625
32674000;35000.09375;-35010.44921875
32687000;34999.94921875;-34997.5078125
32698000;34988.4140625;-34998.015625
32710000;34989.1796875;-34994.703125
32722000;34992.75;-34991.53515625
32734000;35006.7109375;-34986.47265625
32747000;35009.56640625;-34987.94921875
32760000;35014.4921875;-34979.875
32772000;34998.578125;-34995.16796875
32784000;34994.34375;-34997.46484375
32797000;34982.55078125;-35001.81640625
32809000;34997.9140625;-34998.8046875
32822000;34996.93359375;-34994.6015625
32834000;34992.5078125;-34992.5078125
32846000;34991.26953125;-34992.7578125
32858000;34997.765625;-35000.52734375
32871000;34993.90625;-34989.75
32883000;34983.8359375;-34989.47265625
32895000;34989.62109375;-34982.7265625
32907000;34989.59765625;-34992.94921875
32919000;35002.18359375;-35000.70703125
32932000;34998.26953125;-34995.12890625
32945000;34995.95703125;-35000.79296875
32958000;34990.0625;-35020.45703125
32970000;34986.81640625;-34998.546875
32982000;34989.6484375;-34982.16015625
32994000;34997.49609375;-34981.734375
33006000;35003.7265625;-34982.5234375
33018000;34984.75;-34989.109375
33030000;34985.953125;-35013.48828125
33042000;34983.41015625;-35012.46875
33055000;34993.609375;-34997.984375
33067000;35001.3203125;-34989.390625
33079000;35008.22265625;-34997.3671875
33091000;35001.75390625;-34990.63671875
33103000;35007.3125;-34980.01171875
33115000;34996.046875;-34983.828125
33127000;34983.4765625;-34993.359375
33138000;34986.30078125;-35002.28515625
33151000;34979.546875;-35000.01171875
33162000;34987.63671875;-35008.0078125
33174000;34985.55859375;-34999.5859375
33186000;34984.3046875;-34986.4765625
33198000;35004.71875;-34992.3515625
33209000;34999.3203125;-34995.21484375
33221000;35002.3046875;-35014.66015625
33233000;34991.27734375;-35009.15234375
33245000;34982.22265625;-34993.8671875
33257000;34975.9375;-34998.80078125
33268000;34995.6171875;-34990.26171875
33280000;34996.1796875;-35003.3359375
33292000;35001.71484375;-34997.16015625
33304000;35000.3203125;-35006.125
33316000;34994.578125;-34999.1796875
33328000;34990.43359375;-34986.984375
33340000;34987.05078125;-34989.640625
33353000;34989.859375;-34993.203125
33365000;34997.73046875;-35001.3359375
33377000;34987.3515625;-34991.0546875
33388000;34989.70703125;-34994.71484375
33400000;34985.5703125;-34987.8125
33412000;34986.68359375;-34990.73828125
33425000;34994.88671875;-35000.51171875
33436000;35002.23046875;-34996.27734375
33448000;34999.62109375;-34997.2578125
33461000;34990.3046875;-34980.98828125
33472000;34989.47265625;-34986.8125
33484000;34988.265625;-34989.07421875
33496000;34991.0703125;-34989.3671875
33507000;34990.5078125;-34987.16796875
33518000;35001.12109375;-35007.66796875
33530000;34991.99609375;-35012.140625
33541000;34999.07421875;-34997.2421875
33553000;34993.78515625;-34985.50390625
33565000;34995.140625;-34982.89453125
33577000;34990.0859375;-34994.203125
33589000;34999.453125;-34994.96875
33601000;34991.11328125;-34991.86328125
33612000;34996.9375;-35001.859375
33625000;34989.8984375;-35000.66796875
33638000;34991.625;-34997.88671875
33651000;34991.9765625;-35001.23828125
33663000;34988.640625;-34993.66796875
33675000;34991.16796875;-34980.00390625
33687000;34991.05859375;-34994.8515625
33699000;34993.41796875;-34998.28125
33712000;34992.79296875;-34993.68359375
33725000;34986.875;-35001.36328125
33738000;34983.47265625;-34998.859375
33749000;34999.76953125;-34995.4609375
33762000;35002.8359375;-35009.421875
33774000;34996.40234375;-34991.734375
33785000;34991.74609375;-34983.25390625
33797000;34993.8671875;-34988.76953125
33810000;34985.1640625;-34996.81640625
33822000;34989.68359375;-34998.6328125
33834000;34993.1484375;-34993.34765625
33846000;35001.09375;-35004.87890625
33858000;34995.734375;-34998.8828125
33870000;34994.640625;-34995.90625
33882000;34981.2421875;-34982.39453125
33894000;34986.10546875;-34994.609375
33907000;35003.3984375;-34983.53125
33918000;35015.8984375;-35003.13671875
33930000;35002.73828125;-35006.22265625
33943000;34991.8203125;-35011.90625
33955000;34987.8125;-35008.828125
33967000;34987.96875;-34997.56640625
33980000;34995.4453125;-35001.875
33992000;34995.8125;-34897.671875
34004000;34313.59375;-34165.60546875
34016000;33985.109375;-33947.76171875
34028000;34068.66015625;-34119.55859375
34040000;34409.2109375;-34500.515625
34052000;34819.59765625;-34922.55078125
34064000;35158.3046875;-35252.68359375
34077000;35361.328125;-35417.5234375
34089000;35350.9375;-35417.2734375
34102000;35232.41796875;-35282.01171875
34114000;35083.64453125;-35103.43359375
34127000;34938.04296875;-34930.76171875
34139000;34871.765625;-34830.484375
34151000;34868.11328125;-34811.90625
34163000;34902.015625;-34870.078125
34175000;34951.203125;-34930.08203125
34188000;35006.1484375;-35022.44921875
34200000;35036.140625;-35059.5234375
34212000;35040.2890625;-35059.3046875
34223000;35034.109375;-35054.0546875
34234000;35016.35546875;-35031.015625
34247000;34993.94921875;-35001
34259000;34985.6640625;-34972.1484375
34271000;34975.87109375;-34969.10546875
34284000;34975.66796875;-34969.30078125
34296000;34981.5078125;-34974.8671875
34308000;34987.171875;-34997.28125
34321000;34986.609375;-35003.9921875
34333000;35006.3203125;-35001.52734375
34344000;35004.796875;-35005.4375
34357000;34996.50390625;-35007.70703125
34368000;34986.58203125;-35004.84765625
34380000;34996.328125;-34993.74609375
34392000;34992.0546875;-34994.49609375
34405000;34988.8671875;-34987.17578125
34417000;34990.04296875;-34979.20703125
34430000;35006;-34996.046875
34442000;34995.13671875;-35007.21875
34454000;34992.9765625;-35003.19921875
34466000;34985.78515625;-35003.3359375
34478000;34987.34765625;-34996.796875
34491000;34995.23828125;-34989.2578125
34504000;34987.09375;-34982.5234375
34515000;34990.80859375;-34994.04296875
34528000;34991.6328125;-34995.0625
34540000;34993.76953125;-34996.5546875
34552000;34996.4609375;-35003.015625
34564000;34998.84375;-35001.7578125
34576000;34991.7734375;-34993.3671875
34588000;34995.265625;-34985.1015625
34601000;35001.3515625;-34988.99609375
34613000;34995.84375;-34989.6328125
34624000;34995.53125;-34986.83984375
34637000;34990.21875;-34996.375
34648000;34989.65625;-34993.5703125
34659000;34994.34375;-34985.5625
34671000;34991.5;-34989.51953125
34683000;34991.59375;-34997.34765625
34695000;34989.25390625;-35004.85546875
34707000;35000.125;-34993.21484375
34720000;34997.90234375;-34995.91796875
34732000;34989.96484375;-34998.80078125
34743000;34984.171875;-34995.703125
34755000;34999.578125;-34994.203125
34767000;34994.5546875;-34994.40234375
34779000;35002.3046875;-35004.37109375
34791000;34992.14453125;-34999.7890625
34803000;34987.015625;-34986.37109375
34815000;34980.44921875;-34992.4765625
34827000;34999.87890625;-35004.2109375
34840000;34995.4609375;-34997.81640625
34852000;35004.8359375;-34999.765625
34863000;34998.49609375;-34997.1875
34875000;34992.3828125;-34994.10546875
34888000;34984.546875;-34997.2421875
34899000;34999.1328125;-34996.6171875
34911000;34990.8125;-35003.3671875
34923000;34996.53515625;-35001.30859375
34936000;34987.09375;-34994.0859375
34948000;34982.046875;-34989.4296875
34961000;34989.30859375;-35003.8515625
34974000;35003.3515625;-34981.2109375
34987000;34997.12890625;-34990.76171875
34998000;34986.46484375;-34989.6328125
35011000;34998.12890625;-34993.9921875
35022000;34995.78515625;-34991.38671875
35034000;34998.98046875;-34994.23046875
35047000;34993.8828125;-34996.7890625
35059000;34991.1484375;-34992.80078125
35072000;34996.8125;-34980.0234375
35084000;34992.3359375;-34995.7265625
35096000;34998.84375;-34998.6640625
35109000;34993.87109375;-35009.84375
35122000;35005.171875;-35005.3203125
35134000;35005.8515625;-34993.03125
35147000;34991.3359375;-34990.43359375
35159000;34986.8828125;-34988.34375
35172000;34978.953125;-34991.66015625
35185000;35000.11328125;-34995.4921875
35197000;34995.98828125;-34992.80859375
35209000;35005.50390625;-34995.49609375
35221000;34996.5;-35015.3671875
35233000;34988.25;-35014.90625
35245000;34981.90625;-35010.6875
35258000;35003.36328125;-34985.08984375
35270000;34997.2578125;-34989.328125
35282000;35000.62109375;-34991.8828125
35294000;34991.51953125;-34990.7109375
35307000;34989.3359375;-35000.92578125
35319000;34998.015625;-34999.70703125
35331000;34991.86328125;-34994.33984375
35342000;34993.1640625;-34992.359375
35354000;34995.34765625;-34993.80859375
35366000;34991.546875;-34994.42578125
35377000;35002.0546875;-35002.65625
35389000;34999.20703125;-34992.078125
35402000;34986.5;-35004.32421875
35414000;34986.37890625;-35004.546875
35426000;34989.109375;-35001.9296875
35438000;34986.92578125;-34996.5625
35449000;34998.53515625;-34989.015625
35461000;34998.1015625;-34996.4609375
35473000;34989.25;-34985.5390625
35485000;34991.2890625;-35001.8125
35498000;34994.578125;-35005.5859375
35510000;34990.91015625;-34999.8984375
35522000;35003.82421875;-34999.2578125
35534000;35002.15234375;-34996.8515625
35547000;34990.24609375;-34992.1171875
35559000;34990.8125;-34989.5546875
35570000;34990.87109375;-34995.88671875
35582000;34986.6796875;-34986.48828125
35593000;35000.51953125;-34996.1796875
35606000;34998.25390625;-34995.30859375
35617000;35005.12109375;-34995.6796875
35630000;34995.03515625;-35008.0234375
35642000;34988.2890625;-35000.26171875
35655000;34990.1171875;-34981.359375
35667000;34992.76953125;-34987.90625
35679000;34998.83984375;-34989.59765625
35692000;34992.1640625;-35010.33984375
35704000;34997.8203125;-35009.3671875
35717000;34998.5703125;-34996.3671875
35729000;34990.40234375;-35004.4453125
35741000;34989.50390625;-34996.9765625
35753000;34986.87890625;-34989.796875
35765000;34988.6953125;-34980.3046875
35777000;34994.8046875;-34982.20703125
35789000;34994.140625;-34987.82421875
35802000;34988.4609375;-34991.484375
35814000;34989.30078125;-34997.16796875
35826000;34987.203125;-34994.8984375
35838000;34992.69140625;-34993.68359375
35850000;35000.08984375;-34996.81640625
35863000;34996.2265625;-35007.66015625
35876000;34986.3125;-34984.65625
35888000;34988.34765625;-34992.29296875
35900000;34989.8046875;-34975.55859375
35912000;34994.8515625;-34996.6015625
35924000;34995.7109375;-35003.25
35936000;35003.17578125;-35003.07421875
35947000;34993.5234375;-35002.27734375
35959000;35001.02734375;-35001.26953125
35971000;34994.91015625;-34987.8984375
35983000;34997.8125;-34984.640625
35996000;34995.04296875;-34982.17578125
36008000;35006.53125;-34974.421875
36019000;34994.3359375;-34987.75
36031000;34997.75;-34982.15625
36043000;34992.2734375;-35003.59375
36057000;34997.8359375;-35008.73046875
36069000;35000.85546875;-34997.1640625
36081000;34998.8046875;-34997.9921875
36093000;34999.96484375;-34990
36105000;34994.1640625;-34981.07421875
36117000;35012.9375;-34978.796875
36129000;35009.40625;-34984.546875
36142000;35011.609375;-35001.1328125
36154000;34996.578125;-35001.35546875
36166000;34984.25;-35012.44140625
36178000;34975.4453125;-35005.7890625
36190000;34992.44140625;-34997.91015625
36202000;34980.81640625;-35012.5859375
36214000;34968.08984375;-35023.1484375
36226000;34960.76171875;-35029.703125
36238000;34975.2265625;-35024.05859375
36250000;34985.7890625;-35014.23046875
36262000;34986.84765625;-34996.9375
36274000;34992.046875;-34975.3046875
36286000;35000.59375;-34979.9296875
36298000;34998.9921875;-34986.328125
36311000;35007.53515625;-34985.12890625
36323000;35006.3984375;-34982.6328125
36335000;34989.96875;-34993.4140625
36347000;34987.546875;-34999.9765625
36358000;34987.765625;-35001.5234375
36370000;34997.046875;-35003.265625
36383000;34999.265625;-35001.73046875
36395000;35005.046875;-34986.609375
36406000;34991.32421875;-34974.265625
36418000;34988.56640625;-34984.0703125
36430000;34978.3046875;-35003.03125
36443000;34984.34375;-35013.37890625
36455000;34979.2578125;-35015.046875
36467000;34980.39453125;-35010.66015625
36479000;34965.76953125;-35016.52734375
36490000;34965.25;-35016.50390625
36502000;34970.1796875;-35020.85546875
36514000;34974.13671875;-35021.08984375
36526000;34984.52734375;-35005.7734375
36537000;34992.703125;-35000.58203125
36550000;35009.59375;-34992.17578125
36563000;35004.26953125;-34996.04296875
36577000;34998.80078125;-34985.47265625
36589000;34987.84765625;-34992.75
36601000;34992.58203125;-34989.453125
36613000;34993.67578125;-34987.62109375
36625000;35002.7265625;-34982.71875
36638000;35020.81640625;-34965.265625
36650000;35031.671875;-34955.16015625
36661000;35031.546875;-34953.546875
36673000;35031.0078125;-34963.76171875
36684000;35020.4453125;-34980.88671875
36697000;34997.27734375;-34996.78125
36709000;34993.52734375;-34993.41796875
36721000;34981.30859375;-35002.73828125
36733000;34963.56640625;-35009.484375
36745000;34964.76171875;-35006.3515625
36756000;34976.3125;-35002.84375
36770000;34981.953125;-34997.28125
36782000;35003.7109375;-34997.203125
36794000;35011.72265625;-34992.2578125
36807000;35002.09765625;-35006.81640625
36819000;35001.32421875;-34981.6328125
36832000;34991.49609375;-34990.22265625
36844000;34988.62890625;-34989.09765625
36855000;34987.88671875;-34995.0703125
36868000;34995.53125;-35005.75390625
36881000;34997.28125;-35000.02734375
36893000;35003.8515625;-35004.80859375
36904000;35003.921875;-34975.71875
36916000;35009.07421875;-34972.46875
36929000;35012.96875;-34959.9765625
36941000;35011.69921875;-34959.1171875
36954000;35013.42578125;-34961.08984375
36966000;35014.65234375;-34969.01953125
36978000;35004.53515625;-34997.453125
36990000;34993.15234375;-35002.27734375
37002000;34983.84765625;-35003
37013000;34973.16796875;-35018.5859375
37025000;34963.3828125;-35022.2109375
37038000;34952.6328125;-35054.359375
37050000;34937.59765625;-35043.59375
37063000;34942.23046875;-35039.28125
37075000;34966.76953125;-35009.76953125
37088000;34989.6796875;-34976.15625
37100000;35020.390625;-34976.2578125
37113000;35022.05859375;-34979.73046875
37125000;35011.859375;-34989.140625
37137000;35009.30078125;-34993.77734375
37149000;34990.4296875;-35001.2265625
37161000;34994.6640625;-34999.46875
37173000;34979.39453125;-34995.94140625
37185000;34987.5859375;-34996.23828125
37198000;34984.59375;-34998.015625
37210000;34980.3125;-34998.5546875
37221000;34978.88671875;-34998.33984375
37234000;35002.8359375;-35007.71875
37245000;34998.40625;-34994.078125
37257000;35007.796875;-34999.93359375
37269000;34998.59375;-34987.48828125
37281000;34981.4609375;-34997.73828125
37293000;34970.38671875;-34993.6875
37305000;34989.7109375;-35011.76953125
37319000;34987.00390625;-35011.5078125
37331000;34983.78515625;-34997.9765625
37344000;34982.62109375;-35005.84375
37356000;34987.7890625;-35001.6484375
37369000;35010.375;-34985.69140625
37382000;35003.484375;-34983.22265625
37394000;35006.8203125;-34979.27734375
37407000;35002.875;-34983.30859375
37419000;35008.24609375;-35004.34765625
37431000;35005.85546875;-34988.4375
37443000;34987.203125;-34999.05078125
37455000;34968.1640625;-34983.7578125
37468000;34970.4921875;-34987.53515625
37479000;35002.2890625;-34980.51171875
37491000;35006.20703125;-34980.24609375
37504000;35010.37890625;-34995.0234375
37516000;34991.23828125;-34999.546875
37529000;34991.4375;-35004.140625
37542000;34987.74609375;-34998.6171875
37554000;34989.4453125;-34992.7890625
37566000;34994.62109375;-34990.8125
37579000;35001.70703125;-35002.125
37594000;34994.37109375;-34988.16796875
37607000;34991.92578125;-34985.703125
37618000;34989.59375;-35002.37890625
37630000;34989.0546875;-35012.40625
37642000;35003.02734375;-35006.109375
37654000;35002.44140625;-34994.921875
37666000;34989.1015625;-34988.16796875
37677000;34985.77734375;-34981.2734375
37689000;34988.16015625;-34985.9453125
37702000;34985.22265625;-34995.91015625
37714000;35000.4140625;-34993.78515625
37726000;35017.22265625;-35002.5546875
37738000;35012.0859375;-35003.9609375
37749000;34995.62109375;-34996.984375
37762000;34983.875;-34999.05859375
37774000;34975.79296875;-34987.453125
37786000;34981.81640625;-34987.7578125
37798000;35001.23046875;-34983.3828125
37810000;34997.6640625;-34990.69140625
37823000;35002.6796875;-35013.12109375
37835000;34997.98828125;-34995.35546875
37847000;34991.6171875;-34998.35546875
37859000;34992.80078125;-34995.65625
37870000;34986.68359375;-34995.12890625
37882000;34992.69921875;-34991.109375
37895000;35000.64453125;-34985.98046875
37907000;34996.6328125;-34989.078125
37920000;34994.63671875;-34999.953125
37933000;34991.25390625;-35005.3515625
37944000;34988.8046875;-35008.2734375
37956000;34989.78515625;-35002.21484375
37969000;34996.2578125;-34989.234375
37980000;34992.1640625;-34989.07421875
37991000;34992.265625;-34985.48046875
38003000;34995.77734375;-34990.8984375
38015000;35000.34375;-34990.62890625
38027000;34994.85546875;-34989.828125
38039000;34989.2890625;-34984.4453125
38051000;34984.43359375;-34988.6796875
38063000;35001.3671875;-34996.0859375
38075000;34998.07421875;-34996.3984375
38085000;35002.58203125;-34999.1171875
38098000;34992.1015625;-35001.6875
38110000;34989.2578125;-34988.02734375
38122000;34984.09375;-34981.6875
38134000;34990.45703125;-34987.97265625
38145000;34996.98046875;-34987.34375
38157000;35001.8828125;-35000.5546875
38170000;34994.3046875;-34998.97265625
38181000;34995.61328125;-34991.703125
38194000;34990.83203125;-34996.140625
38206000;34990.04296875;-34996.44140625
38219000;34986.5859375;-35013.296875
38232000;34988.453125;-35008.31640625
38244000;34988.4140625;-34994.21875
38256000;34996.23828125;-34990.8046875
38269000;34990.94140625;-34995.40625
38281000;34984.9296875;-34991.78125
38292000;34483.1796875;-34489.59765625
38306000;34016.5703125;-33981.01171875
38320000;34008.375;-34078.23828125
38331000;34346.89453125;-34424.69921875
38343000;34780.421875;-34770.5625
38356000;35126.86328125;-35187.2421875
38368000;35322.62109375;-35361.4921875
38381000;35334.92578125;-35373.8203125
38393000;35243.57421875;-35240.3046875
38406000;35090.8984375;-35067.46484375
38417000;34961.796875;-34955.7109375
38429000;34878;-34858.27734375
38441000;34852.8671875;-34838.77734375
38454000;34894.4453125;-34878.109375
38466000;34943.1875;-34938.3046875
38479000;34997.9375;-35012.59765625
38492000;35022.375;-35046.51171875
38504000;35036.9375;-35062.4609375
38517000;35027.4453125;-35040.2578125
38529000;35007.1484375;-35020.5234375
38542000;34996.87890625;-34998.265625
38555000;34989.22265625;-34988.12890625
38566000;34975.10546875;-34978.84375
38578000;34979.27734375;-34973.78515625
38590000;34980.88671875;-34974.83203125
38604000;34978.2734375;-35001.265625
38618000;34999.34765625;-34983.96484375
38630000;35001.4296875;-34995.15234375
38641000;34997.703125;-34995.9609375
38653000;34999.203125;-34991.25
38665000;34991.84375;-34999.57421875
38677000;34987.3828125;-35005.00390625
38688000;34983.64453125;-35005.16796875
38700000;34985.390625;-34988.88671875
38712000;35004.10546875;-34984.95703125
38724000;34997.82421875;-34983.9453125
38736000;34999.3984375;-34982.1171875
38747000;34989.890625;-34991.828125
38759000;34991.36328125;-35001.328125
38771000;34988.4453125;-35000.6328125
38784000;35002.9609375;-34996.43359375
38796000;34996.890625;-34997.3125
38809000;34996.7578125;-35014.65625
38821000;34994.6640625;-35005.58203125
38834000;34995.203125;-34986.10546875
38846000;34995.98046875;-34995.62109375
38857000;34990.28515625;-35001.86328125
38869000;34996.05078125;-35001.64453125
38881000;34993.32421875;-34992.265625
38893000;34993.0078125;-35005.03125
38906000;34990.83203125;-34979.55859375
38919000;34989.73046875;-34982.49609375
38931000;34985.828125;-34990.27734375
38943000;34987.3046875;-34989.32421875
38954000;35000.0234375;-34992.69140625
38966000;35010.22265625;-35000.93359375
38978000;35003.34375;-35013.10546875
38990000;35009.734375;-35025.6640625
39001000;34995.34765625;-35010.15234375
39013000;34984.3515625;-35003.6640625
39025000;34979.8359375;-34989.47265625
39037000;35000.2578125;-34983.44921875
39049000;34994.44140625;-34973.85546875
39062000;35006.0859375;-34982.30078125
39074000;34994.13671875;-34999.453125
39087000;34982.8125;-35001.96875
39098000;34980.5390625;-34999.19140625
39111000;35004.6875;-35000.34765625
39123000;35003.18359375;-35012.67578125
39135000;34986.6171875;-35002.95703125
39147000;34992.5703125;-34981.89453125
39159000;34986.796875;-34987.38671875
39172000;34992.84765625;-34994.953125
39183000;34983.6015625;-34992.6171875
39194000;34987.484375;-34993.9296875
39207000;34989.67578125;-35010.6328125
39219000;35002.93359375;-35008.38671875
39232000;35005.70703125;-34993.5390625
39244000;34998.49609375;-34995.125
39256000;34992.5;-34994.93359375
39268000;34993.37890625;-34987.703125
39280000;34992.98046875;-34990.51953125
39293000;34990.171875;-34996.52734375
39305000;34990.69140625;-34994.4296875
39317000;34989.5703125;-35007.640625
39330000;34991.67578125;-35002.97265625
39342000;34997.5234375;-34995.015625
39354000;34995.48046875;-34990.59765625
39366000;34991.1796875;-35003.015625
39378000;34985.73046875;-34992.7578125
39390000;34979.421875;-34982.05078125
39402000;34994.1953125;-34999.234375
39414000;34473.05859375;-34389.046875
39427000;33950.421875;-34041.015625
39438000;33853.57421875;-34099.40234375
39450000;34035.9609375;-34405.01171875
39463000;34464.203125;-34787.5859375
39475000;34906.09375;-35137.015625
39486000;35183.5;-35357.33203125
39499000;35393.58984375;-35394.125
39512000;35358.98046875;-35236.44140625
39524000;34622.15625;-34396.9296875
39536000;34018.8359375;-33943.76953125
39547000;33938.4296875;-33926.515625
39559000;34254.234375;-34317.5859375
39572000;34709.67578125;-34812.5234375
39585000;35071.80078125;-35136.890625
39596000;34610.41015625;-34599.32421875
39609000;34341.73828125;-34360.375
39621000;34324.1796875;-34316.453125
39634000;33826.39453125;-33842.32421875
39648000;33976.99609375;-34023.05859375
39660000;34434.6484375;-34508.39453125
39672000;34926.71875;-35021.87890625
39685000;35328.74609375;-35408.12109375
39698000;35439.16015625;-35483.4453125
39710000;35336.390625;-35374.421875
39723000;34642.046875;-34714.20703125
39734000;33966.3515625;-34034.22265625
39746000;33759.7734375;-33781.5390625
39758000;33317.13671875;-33358.25
39770000;33543.21875;-33643.4921875
39782000;34321.33984375;-34300.60546875
39795000;35027.21875;-35015.7734375
39807000;35113.24609375;-35141.03125
39819000;34726.8984375;-34796.99609375
39832000;34535.2109375;-34548.94921875
39844000;34535.359375;-34556.18359375
39855000;34328.08984375;-34268.84375
39868000;33989.29296875;-34016.875
39879000;34093.7890625;-34121.8203125
39892000;34288.609375;-34229.39453125
39904000;34072.5546875;-34112.859375
39915000;34252.08203125;-34316.515625
39927000;34617.9609375;-34616.6640625
39939000;34978.7109375;-35053.56640625
39951000;35241.48046875;-35298.07421875
39963000;35104.2578125;-35124.609375
39975000;34398.375;-34431.921875
39987000;33995.47265625;-34219.1171875
39999000;33791.1484375;-33903.87890625
40012000;33614.453125;-33763.640625
40024000;33912.03515625;-34090.3046875
40037000;34628.87890625;-34612.3359375
40049000;34837.4296875;-34660.18359375
40061000;34647.09375;-34526.16015625
40073000;34613.6484375;-34545.8671875
40085000;34686.80078125;-34691.6953125
40098000;34165.5625;-34197.171875
40110000;33973.9921875;-34175.69140625
40122000;34242.76171875;-34433.3125
40135000;34673.5390625;-34788.83984375
40147000;34492.46875;-34490.08203125
40159000;34346.9609375;-34282.38671875
40172000;34467.83984375;-34404.515625
40184000;34552.16015625;-34398.515625
40196000;34167.60546875;-34133.12890625
40208000;34190.2265625;-34242.75
40219000;34479.27734375;-34562.3984375
40231000;34595.4375;-34631.78125
40242000;34247.578125;-34282.078125
40254000;34250.07421875;-34292.73828125
40266000;34456.66015625;-34519.04296875
40278000;34261.0703125;-34235.4921875
40290000;34135.9765625;-34131.7109375
40302000;34326.43359375;-34322.52734375
40314000;34749.40234375;-34714.78125
40325000;35044.63671875;-35094.265625
40337000;35274.74609375;-35315.61328125
40350000;35365.9140625;-35352.2421875
40363000;35269.23046875;-35270.8515625
40374000;35117.5625;-35121.86328125
40386000;34980.296875;-34968.6328125
40397000;34873.77734375;-34873.21875
40409000;34833.3359375;-34828.8359375
40421000;34881.13671875;-34867.8359375
40434000;34947.5;-34937.6484375
40445000;35011.05859375;-35010.5078125
40459000;35034.08203125;-35058.71875
40471000;35040.2421875;-35071.36328125
40483000;35041.375;-35046.90234375
40494000;35018.23046875;-35025.08984375
40507000;34992.16796875;-34994.1484375
40519000;34980.17578125;-34960.9921875
40533000;34992.0546875;-34963.0234375
40545000;34992.0234375;-34969.1484375
40558000;34977.02734375;-34985.73046875
40571000;34978.06640625;-34999.92578125
40583000;34985.34765625;-35006.57421875
40596000;34338.0625;-34292.68359375
40608000;33969.44921875;-34013.69921875
40620000;34131.3828125;-34141.96484375
40633000;34539.6171875;-34532.484375
40646000;34980.5078125;-35036
40658000;35320.9609375;-35321.25
40670000;35480.9921875;-35415.46484375
40684000;35376.75;-35331.0078125
40698000;35173.71875;-35115.1015625
40710000;34961.109375;-34932.9375
40721000;34824.71875;-34840.89453125
40733000;34787.65234375;-34807.515625
40744000;34808.8125;-34850.4140625
40755000;34897.65625;-34922.8203125
40768000;34988.59375;-35002.1875
40780000;35050.83984375;-35062.75
40792000;35079.64453125;-35090.48828125
40804000;35064.08984375;-35066.83984375
40816000;35041.65625;-35024.9140625
40829000;34949.37890625;-34962.50390625
40840000;34296.51953125;-34206.70703125
40852000;33962.359375;-33919.15234375
40864000;33938.34375;-33910.71484375
40876000;33719.17578125;-33703.6953125
40888000;33958.86328125;-34026.5234375
40900000;34475.203125;-34568.8125
40912000;35078.4140625;-35087.80859375
40925000;35390.19140625;-35461.24609375
40937000;35477.59375;-35525.0546875
40950000;35372.84765625;-35385.03125
40962000;34747.9765625;-34620.1875
40974000;33871.3359375;-33982.6484375
40987000;33729.640625;-33892.75390625
40999000;34075.4765625;-34196.7109375
41011000;34629.67578125;-34681.13671875
41024000;35128.6875;-35167.3359375
41035000;35444.84375;-35379.6171875
41047000;35519.6796875;-35466.41796875
41058000;35400.56640625;-35346.12109375
41071000;35166.11328125;-35150.44140625
41083000;34937.171875;-34948.140625
41094000;34779.75390625;-34811.9296875
41107000;34746.6484375;-34786.234375
41118000;34734.2109375;-34757.078125
41130000;34172.0859375;-34170.28515625
41142000;33954.84375;-34063.59375
41154000;34163.23828125;-34285.6796875
41166000;34600.78515625;-34684.53515625
41178000;35025.53125;-35062.13671875
41189000;35297.96875;-35327.01171875
41202000;35374.75390625;-35406.9140625
41214000;35303.9765625;-35327.68359375
41227000;35128.6640625;-35157.6796875
41239000;34971.21875;-34944.2265625
41251000;34865.4296875;-34843.16796875
41263000;34838.13671875;-34826.0078125
41276000;34877.55859375;-34864.55078125
41287000;34941.3671875;-34926.4765625
41299000;35012.23828125;-35012.5078125
41311000;35053.60546875;-35081.68359375
41323000;35061.38671875;-35084.1640625
41335000;35037.765625;-35063.59375
41347000;35006.12109375;-35018.62890625
41359000;34994.90234375;-34982.40625
41371000;34988.078125;-34986.72265625
41383000;34977.4140625;-34972.48046875
41395000;34974.54296875;-34968.71484375
41407000;34982.796875;-34990.26953125
41420000;34994.8359375;-35000.0078125
41432000;34999.859375;-35003.03125
41444000;34990.01171875;-34992.50390625
41456000;34991.1171875;-35002.11328125
41468000;35007.078125;-34993.8671875
41482000;35009.671875;-35002.36328125
41494000;34993.328125;-34996.96875
41506000;34991.57421875;-34997.875
41518000;34997.89453125;-35000.95703125
41530000;35009.078125;-34993.8515625
41542000;35007.375;-34977.9453125
41556000;34995.90234375;-34997.44921875
41568000;34982.73046875;-34991.4609375
41581000;34983.21484375;-35000.34765625
41593000;34988.578125;-35002.08984375
41604000;35013.45703125;-35004.5078125
41616000;35011.63671875;-35010.37890625
41628000;35013.4921875;-35002.3671875
41641000;34993.8515625;-35001.9921875
41653000;34974.60546875;-34986.375
41664000;34969.11328125;-34972.2734375
41677000;34453.58203125;-34490.81640625
41689000;34015.85546875;-34091.07421875
41703000;34081.74609375;-34144.0390625
41715000;34453.02734375;-34549.609375
41728000;34884.02734375;-34975.5234375
41740000;35229.6640625;-35286.3828125
41752000;35387.2421875;-35401.7109375
41764000;35321.6328125;-35340.90234375
41777000;35178.41796875;-35196.69921875
41789000;35014.10546875;-34997.015625
41801000;34386.0234375;-34255.28125
41813000;33893.98046875;-33879.09765625
41824000;33918.86328125;-33895.1015625
41837000;34316.3203125;-34278.4453125
41849000;34811.7734375;-34873.55078125
41861000;35211.765625;-35226.78515625
41872000;35403.3125;-35469.703125
41884000;35448.34375;-35493.75
41897000;35292.234375;-35336.89453125
41910000;35069.3125;-35056.83984375
41923000;34849.953125;-34850.48046875
41934000;34768.484375;-34732.1171875
41946000;34784.5;-34709.2578125
41958000;34862.328125;-34774.6484375
41971000;34950.68359375;-34929.9296875
41982000;35048.27734375;-35032.31640625
41995000;35098.14453125;-35115.79296875
42008000;35100.8515625;-35111.8046875
42020000;35050.875;-35083.328125
42033000;34993.0234375;-35020.03125
42045000;34956.90234375;-34976.421875
42057000;34947.984375;-34943.31640625
42068000;34893.7421875;-34855.34375
42081000;34166.4765625;-34171.5703125
42093000;33972.390625;-33944.828125
42104000;34162.33984375;-34121.66796875
42116000;34502.57421875;-34550.33984375
42129000;34997.62890625;-34992.8046875
42141000;35304.0078125;-35317.01953125
42153000;35418.0625;-35420.9921875
42165000;35127.7421875;-35076.83203125
42177000;34321.1328125;-34332.171875
42188000;34006.15234375;-34035.58984375
42200000;34041.66015625;-34152.28125
42211000;34379.08984375;-34523.32421875
42224000;34836.68359375;-34925.53515625
42236000;35207.625;-35227.2109375
42247000;35381.13671875;-35367.203125
42260000;35384.03125;-35383.859375
42272000;35248.94140625;-35218.46484375
42284000;35023.56640625;-35023.44140625
42297000;34890.359375;-34876.40234375
42309000;34826.5;-34818.94921875
42321000;34833;-34827.171875
42334000;34883.48828125;-34921.09765625
42347000;35002.3515625;-35006.9296875
42359000;35048.203125;-35059.2421875
42371000;35065.75;-35081.8125
42382000;35048.0703125;-35070.97265625
42394000;35021.0078125;-35042.0625
42407000;35002.75;-35001.08203125
42418000;34997.70703125;-34978.01171875
42430000;34977.98828125;-34958.60546875
42442000;34969.59375;-34959.578125
42454000;34967.359375;-34972.44140625
42467000;34983.65625;-34992.16796875
42479000;35000.5625;-35016.9140625
42491000;35019.015625;-35006.703125
42502000;35007.359375;-35007.0703125
42514000;35008.52734375;-34994.40234375
42527000;34989.375;-34985.8359375
42538000;34981.53125;-34979.12109375
42550000;34983.9609375;-34989.671875
42563000;35011.71484375;-35001.125
42575000;35002.2734375;-35001.984375
42588000;34999.8984375;-35009.05859375
42599000;34981.80078125;-34983.5859375
42611000;34974.2265625;-34979.84765625
42623000;34985.41015625;-34977.375
42635000;34803.73046875;-34843.02734375
42647000;34145.0625;-34131.578125
42658000;34019.234375;-33915.9375
42670000;34244.0703125;-34095.7890625
42684000;34656.19140625;-34607.5390625
42696000;35044.25;-35065.86328125
42708000;35296.4296875;-35373.94140625
42721000;35351.171875;-35435.02734375
42734000;35265.4609375;-35323.984375
42745000;35103.15625;-35120.828125
42757000;34318.953125;-34359.21484375
42769000;33869.12890625;-33829.75390625
42781000;33936.7734375;-33945.953125
42793000;34347.69921875;-34300.79296875
42805000;34860.81640625;-34812.125
42818000;35375.61328125;-35287.13671875
42830000;35764.48046875;-35477.4375
42842000;35739.9140625;-35455.296875
42854000;35475.8203125;-35268.84375
42866000;35134.40234375;-35060.0234375
42877000;34834.9453125;-34895.546875
42889000;34666.3828125;-34781.21875
42902000;34648.25;-34787.44921875
42915000;34777.26171875;-34855.67578125
42927000;34938.41015625;-34969.37109375
42939000;35063.80078125;-35066.8828125
42952000;35157.3359375;-35113.55078125
42963000;35149.80078125;-35108.75390625
42975000;35097.6484375;-35053.47265625
42987000;35013.2109375;-34999.9765625
42999000;34941.6953125;-34952.36328125
43011000;34911.51171875;-34922.359375
43024000;34720.0703125;-34525.3046875
43037000;34062.05078125;-34066.828125
43048000;33988.578125;-34050.56640625
43060000;34241.84375;-34367.60546875
43071000;34688.22265625;-34799.4609375
43084000;35096.8984375;-35190.98828125
43097000;35384.5859375;-35394.28125
43108000;35410.23828125;-35381.5234375
43121000;35273.63671875;-35256.54296875
43133000;35081.16015625;-35071.1015625
43145000;34860.44921875;-34657.828125
43158000;34020.94140625;-33992.828125
43170000;33751.91796875;-33884.01953125
43182000;33988.16796875;-33996.86328125
43194000;33801.0234375;-33844.94921875
43207000;34079.34765625;-34129.7578125
43219000;34613.5390625;-34702.0859375
43231000;35108.5078125;-35100.4140625
43243000;35410.734375;-35449.73046875
43254000;35473.01171875;-35533.73046875
43266000;35345.27734375;-35405.62890625
43279000;35133.69921875;-35168.6015625
43291000;34933.5078125;-34921.60546875
43303000;34828.046875;-34798.83203125
43315000;34808.421875;-34747.64453125
43327000;34863.16796875;-34785.109375
43339000;34942.6171875;-34904.90234375
43351000;35016.2109375;-35031.76171875
43362000;35054.5390625;-35085.00390625
43374000;35065.35546875;-35090.765625
43385000;35039.90625;-35063.8203125
43397000;35029.609375;-35042.3046875
43409000;34999.49609375;-35013.5234375
43421000;34966.38671875;-34966.27734375
43433000;34943.93359375;-34953.234375
43445000;34972.15234375;-34953.46484375
43458000;34443.9609375;-34330.62109375
43469000;33984.83203125;-33962.75
43481000;34013.2734375;-34017.08203125
43493000;34370.86328125;-34321.0546875
43505000;34821.625;-34805.12109375
43517000;35193.6796875;-35197.96875
43528000;35379.6796875;-35404.15625
43540000;35410.5234375;-35415.94921875
43552000;35237.09375;-35279.59375
43564000;35035.421875;-35078.60546875
43575000;34908.53515625;-34912.49609375
43587000;34825.55859375;-34825.42578125
43599000;34843.03515625;-34802.74609375
43610000;34899.7265625;-34854.42578125
43623000;34977.08203125;-34929.7890625
43634000;35027.4140625;-35022.2578125
43646000;35052.53125;-35082.3671875
43658000;35051.06640625;-35085.6953125
43670000;35033.70703125;-35055.08984375
43683000;34994.46484375;-35015.23046875
43695000;34990.38671875;-34986.38671875
43707000;34982.265625;-34970.46484375
43719000;34977.90234375;-34979.76171875
43731000;34969.07421875;-34975.2421875
43743000;34987.625;-34974.60546875
43757000;34832.8125;-34808.28125
43768000;34160.171875;-34174.5078125
43780000;33974.26953125;-33991.515625
43793000;34196.81640625;-34275.96484375
43805000;34631.66015625;-34705.5703125
43817000;35051.75;-35061.921875
43828000;35328.1796875;-35356.3046875
43841000;35412.4453125;-35446.703125
43854000;35322.65234375;-35335.28125
43865000;35151.5078125;-35172.76953125
43877000;34977.6484375;-34982.1796875
43890000;34870.30078125;-34819.6953125
43902000;34826.4921875;-34791.56640625
43914000;34876.484375;-34845.59375
43926000;34927.51953125;-34930.8515625
43938000;34997.203125;-35015.421875
43950000;35034.8828125;-35071.41015625
43962000;35055.75;-35102.09375
43975000;35056.0546875;-35084.359375
43987000;35028.64453125;-35015.875
43999000;34995.40625;-34980.38671875
44011000;34977.3125;-34962.7421875
44023000;34974.43359375;-34975.3515625
44036000;34973.96875;-34973.35546875
44048000;34987.0625;-34986.23828125
44060000;34993.625;-35005.19140625
44071000;35005.90234375;-35022.9140625
44083000;35010.35546875;-35024.328125
44095000;35005.99609375;-35003.7578125
44108000;35001.8203125;-34986.5625
44121000;35012.59375;-34987.2109375
44133000;35008.015625;-35013.015625
44145000;34985.6015625;-34990.66796875
44158000;34973.84375;-35002.390625
44170000;34978.3125;-34995.828125
44182000;34998.27734375;-35002.828125
44194000;35009.5546875;-35002.875
44206000;35002.75;-34990.9765625
44218000;34997.06640625;-34999.58984375
44230000;35000.34375;-34991.0859375
44241000;34998.83203125;-34996.83203125
44253000;34998.38671875;-34997.2421875
44265000;35000.265625;-35015.03125
44278000;35009.609375;-35013.54296875
44289000;35000.53515625;-35003.58984375
44302000;34992.765625;-35000.015625
44313000;34977.74609375;-34973.91796875
44326000;34977.3046875;-34982.03125
44338000;34986.54296875;-34992.546875
44351000;35005.90625;-34995.70703125
44364000;35005.45703125;-35006.08203125
44376000;35001.95703125;-35018.76953125
44388000;35005.46875;-35025.51953125
44400000;35007.515625;-35018.015625
44412000;34987.515625;-34987.90625
44424000;34975.19921875;-34970.5859375
44436000;34973.86328125;-34976.8203125
44448000;34982.765625;-34979.27734375
44461000;34743.6484375;-34835.3515625
44473000;34092.8359375;-34204.62109375
44485000;33963.5859375;-34030.94921875
44497000;34242.83203125;-34285.4453125
44509000;34669.984375;-34622.984375
44522000;35064.3984375;-35078.9609375
44535000;35351.53125;-35373.78125
44547000;35380.84765625;-35441.84765625
44558000;35262.859375;-35335.4609375
44570000;35104.47265625;-35148.12890625
44582000;34953.1328125;-34974.56640625
44594000;34861.7890625;-34858.5078125
44606000;34595.87109375;-34587.87890625
44618000;34016;-33988.20703125
44631000;33941.8828125;-33909.9296875
44644000;34318.10546875;-34287.17578125
44657000;34787.875;-34785.42578125
44669000;34771.328125;-34785.29296875
44681000;34428.18359375;-34493.3125
44692000;34308.1015625;-34431.5703125
44704000;34156.40234375;-34239.07421875
44717000;33789.4140625;-34019.48828125
44729000;34027.5;-34234.16796875
44741000;34523.5859375;-34589.0390625
44754000;34343.5625;-34286.37890625
44766000;34321.79296875;-34315.86328125
44778000;34522.0390625;-34564.578125
44789000;34835.9453125;-34897.80078125
44801000;35116.23828125;-35168.24609375
44813000;35266.26171875;-35303.046875
44825000;35280.08984375;-35301.52734375
44838000;35160.04296875;-35193.78125
44851000;35047.74609375;-35049.0390625
44863000;34942.453125;-34934.21484375
44875000;34881.76953125;-34833.59765625
44888000;34882.88671875;-34867.7109375
44900000;34921.8515625;-34923.98046875
44911000;34980.40234375;-34991.5
44923000;35020.234375;-35031.2421875
44937000;35037.984375;-35056.34765625
44949000;35036.58203125;-35048.8828125
44962000;35029.0078125;-35032.76953125
44974000;35001.1640625;-34991.5859375
44986000;34987.38671875;-34964.84375
44997000;34971.08203125;-34957.17578125
45010000;34972.17578125;-34968.59765625
45021000;34977.4296875;-34977.3984375
45033000;34994.4765625;-35006.8671875
45047000;35010.26171875;-35004.9765625
45058000;35019.87109375;-35019.015625
45070000;35016.70703125;-35020.421875
45083000;34994.4375;-35012.3828125
45096000;34980.546875;-34986.921875
45107000;34977.58203125;-34990.1953125
45120000;34991.7265625;-34996.3515625
45132000;34998.92578125;-35009.84765625
45144000;34999.72265625;-35008.28125
45156000;35001.671875;-35003.5078125
45168000;35004.9609375;-34997.68359375
45179000;35003.22265625;-34997.9609375
45192000;34990.16796875;-35002.66796875
45204000;34988.06640625;-35004.68359375
45217000;34983.9921875;-35004.65625
45228000;34985.875;-34979.796875
45240000;34981.40234375;-34972.38671875
45253000;34987.859375;-34987.86328125
45266000;35011.59765625;-35004.23046875
45278000;35008.37890625;-35027.34765625
45291000;34995.20703125;-35002.84375
45304000;34986.19921875;-34997.70703125
45315000;34988.0546875;-35002.53125
45328000;34981.4453125;-35007.16015625
45341000;34977.140625;-34991.2890625
45352000;34986.08984375;-34992.1484375
45365000;34998.28515625;-34999.19140625
45378000;35003.94921875;-35011.265625
45389000;34999.73046875;-34995.140625
45401000;34992.8671875;-34995.3203125
45414000;34995.10546875;-34995.1640625
45426000;34994.3125;-34999.03125
45439000;35001.87890625;-35005.74609375
45451000;34509.86328125;-34580.81640625
45462000;34045.28125;-34058.578125
45474000;34046.77734375;-34033.44140625
45486000;34385.4765625;-34324.08203125
45498000;34734.6640625;-34758.41796875
45510000;35156.54296875;-35156.94140625
45524000;35346.3203125;-35417.9140625
45537000;35342.00390625;-35433.046875
45549000;35198.3125;-35288.12890625
45561000;35050.37109375;-35090.86328125
45574000;34923.8359375;-34881.390625
45586000;34858.5625;-34811.546875
45598000;34865.2421875;-34813.52734375
45610000;34898.6796875;-34874.984375
45622000;34947.078125;-34968.17578125
45634000;35020.984375;-35044.96484375
45647000;35040.87890625;-35074.07421875
45659000;35045.63671875;-35075.71484375
45673000;35041.73046875;-35057.94140625
45685000;35022.83984375;-35003.57421875
45697000;35005.0625;-34976.56640625
45709000;34975.3515625;-34957.328125
45722000;34951.50390625;-34952.74609375
45734000;34977.19921875;-34966.73046875
45747000;34994.6796875;-35003.40625
45758000;35006.55859375;-35012.8046875
45770000;35011.1796875;-35005.12109375
45782000;34999.25390625;-35014.234375
45794000;34995.79296875;-35014.5078125
45806000;35007.984375;-35002.73046875
45819000;34999.05859375;-34986.30078125
45832000;34990.69140625;-34987.4921875
45844000;34986.9296875;-34993.05078125
45857000;34990.50390625;-34997.609375
45868000;34982.95703125;-35007.54296875
45879000;34990.75390625;-34989.05078125
45892000;34999.8515625;-34986.4375
45904000;35008.46484375;-34993.01171875
45917000;34995.62890625;-34996.203125
45929000;34991.78125;-34980.234375
45941000;34993.9140625;-35000.05859375
45954000;34999.40234375;-34997.38671875
45967000;35000.1015625;-35004.07421875
45979000;34995.80859375;-35001.30078125
45991000;34993.265625;-34993.90625
46004000;34404.7421875;-34265.1015625
46016000;34005.7890625;-33974.03515625
46028000;34111.22265625;-34124.77734375
46040000;34425.9375;-34544.6171875
46052000;34863.609375;-34982.84375
46064000;35207.84375;-35292.78125
46076000;35366.62890625;-35404.44140625
46088000;35344.0390625;-35350.01171875
46100000;35225.47265625;-35186.21875
46112000;35045.94140625;-34999.9140625
46124000;34918.1171875;-34873.8203125
46137000;34847.21875;-34823.7734375
46149000;34850.859375;-34863.3671875
46161000;34905.81640625;-34925.9453125
46174000;34967.65625;-34987.765625
46185000;35028.671875;-35045.984375
46197000;35058.50390625;-35067.86328125
46209000;35073.69140625;-35082.08203125
46222000;35038.0546875;-35055.6953125
46234000;34986.96484375;-35008.47265625
46246000;34944.2421875;-34974.953125
46259000;34931.73046875;-34963.22265625
46272000;34938.9765625;-34959.125
46284000;34964.9765625;-34985.546875
46295000;34997.94921875;-34996.55078125
46307000;35022.0703125;-35008.140625
46320000;35026.7421875;-35015.21484375
46332000;35005.59375;-35006.1484375
46344000;34991.91015625;-34999.15625
46357000;34986.29296875;-35019.765625
46368000;34991.17578125;-35015.08203125
46381000;34982.81640625;-34987.83984375
46393000;34523.796875;-34450.421875
46405000;34020.37890625;-34061.66796875
46417000;34014.25390625;-34063.17578125
46430000;34434.4765625;-34376.4609375
46442000;34858.71875;-34827.5
46455000;35196.41796875;-35239.16796875
46468000;35361.59765625;-35413.40625
46480000;35318.31640625;-35384.81640625
46492000;35185.06640625;-35225.32421875
46504000;35033.703125;-35044.1171875
46516000;34926.265625;-34880.23828125
46528000;34863.75;-34806.36328125
46541000;34848.15234375;-34812.5546875
46554000;34881.53125;-34886.84375
46565000;34945.94140625;-34980.30078125
46578000;35022.47265625;-35053.83203125
46590000;35051.19921875;-35082.125
46602000;35048.36328125;-35074.4609375
46614000;35023.8125;-35041.671875
46626000;35025.3046875;-35018.09765625
46640000;35000.8984375;-34984.61328125
46652000;34978.25;-34954.26953125
46663000;34968.91796875;-34946.8671875
46675000;34974.40625;-34960.32421875
46687000;34986.08984375;-34978
46699000;35000.66015625;-34997.9375
46711000;35012.171875;-35033.9140625
46724000;35017.0390625;-35041.3203125
46737000;34998.62109375;-35019.15625
46749000;34975.78515625;-34997.0703125
46761000;34984.48046875;-34976.97265625
46773000;34988.45703125;-34985.55078125
46785000;35012.265625;-34994.6171875
46798000;34994.87890625;-35006.39453125
46810000;34991.640625;-35005.39453125
46822000;34995.609375;-35003.94921875
46835000;35014.03515625;-35003.609375
46847000;35001.31640625;-34987.4140625
46860000;34990.01171875;-34980.0390625
46872000;34983.25390625;-34996.5078125
46884000;34992.10546875;-35000.203125
46896000;34989.4296875;-34993.26171875
46908000;34996.02734375;-35004.44921875
46920000;35008.09375;-35012.1328125
46933000;35014.2265625;-35009.671875
46945000;35016.89453125;-35002.1171875
46957000;34991.6640625;-35003.7890625
46969000;34985.30078125;-34973.99609375
46981000;34981.078125;-34985.95703125
46993000;34983.3046875;-34989.94921875
47004000;34990.078125;-34999.7578125
47016000;35004.93359375;-34997.02734375
47028000;35004.91015625;-35006.77734375
47041000;35016.828125;-35015.1484375
47053000;34998.875;-35010.90234375
47064000;34988.05859375;-35007.9921875
47076000;34993.11328125;-35004.37890625
47088000;35015.203125;-35001.49609375
47100000;35010.96875;-34987.14453125
47112000;35005.23046875;-34987.71484375
47124000;34986.453125;-34987.9765625
47136000;34982.4140625;-34999
47148000;34992.23046875;-35012.421875
47160000;35001.14453125;-35001.953125
47172000;35002.79296875;-34977.36328125
47184000;35017.140625;-34987.54296875
47196000;35014.29296875;-35009.10546875
47208000;35014.07421875;-35010.6328125
47220000;34995.22265625;-35002.84765625
47232000;35002.51953125;-34987.3359375
47244000;34982.37109375;-34980.734375
47256000;34987.80078125;-34984.4140625
47268000;34995.05078125;-34993.1953125
47280000;34990.9375;-35013.94140625
47292000;34990.74609375;-35013.328125
47304000;35010.01953125;-35008.78125
47315000;34994.09765625;-34999.58203125
47327000;34991.37890625;-34980.92578125
47339000;34976.81640625;-34987.4453125
47351000;34972.09765625;-34989.5234375
47363000;34981.8828125;-35000.87890625
47374000;35018.73828125;-35006.44140625
47387000;35016.73828125;-35008.33984375
47398000;35019.42578125;-35009.46484375
47410000;34999.33984375;-35006.87890625
47422000;34975.42578125;-34999.0546875
47434000;34965.37109375;-34987.40625
47447000;34994.6484375;-34996.4140625
47460000;34999.8828125;-35008.046875
47472000;35008.953125;-34999.3515625
47484000;34996.7109375;-35004.3515625
47496000;34994.30859375;-35002.25390625
47508000;34911.8515625;-34868.609375
47520000;34217.375;-34181.3828125
47534000;33984.27734375;-34006.921875
47546000;34178.12109375;-34267.76953125
47559000;34679.2734375;-34690.203125
47571000;35081.30859375;-35074.8984375
47582000;35325.09765625;-35341.0625
47595000;35364.71875;-35404.51953125
47607000;35265.05078125;-35278.85546875
47618000;35145.35546875;-35145.2890625
47630000;35006.6484375;-34977.984375
47642000;34901.8359375;-34872.953125
47655000;34867.7734375;-34820.09765625
47667000;34876.6875;-34849.70703125
47678000;34923.9140625;-34902.23046875
47690000;34969.97265625;-34977.7734375
47701000;35022.515625;-35050.47265625
47713000;35058.09765625;-35078.234375
47726000;35056.09765625;-35094.9921875
47738000;35033.6796875;-35046.21484375
47750000;34992.93359375;-35000.30859375
47763000;34983.86328125;-34960.83984375
47776000;34975.5234375;-34961.53125
47788000;34980.609375;-34973.2734375
47799000;34988.55859375;-34997.0703125
47812000;34995.328125;-35009.41796875
47824000;35002.14453125;-35003.0078125
47835000;35002.125;-35013.5859375
47848000;34985.74609375;-34992.21484375
47861000;34986.67578125;-34990.0546875
47872000;34999.4609375;-34984.890625
47884000;34996.37109375;-34985.9140625
47895000;34984.66015625;-34989.828125
47908000;34993.703125;-34996.9921875
47921000;35018.57421875;-35010.6171875
47934000;35006.58984375;-35010.58984375
47947000;34999.55078125;-34992.98046875
47958000;34993.35546875;-34986.35546875
47972000;34997.23828125;-34991.7265625
47984000;34993.2734375;-34985.0234375
47996000;34980.59375;-34968.40234375
48008000;35000.9765625;-34997.9609375
48019000;35004.89453125;-35007.3203125
48031000;35007.14453125;-35013.4453125
48043000;35002.7734375;-35007.2109375
48055000;34994.6171875;-34996.5
48067000;34994.6328125;-35004.3515625
48078000;35006.35546875;-35003.59375
48090000;35005.33984375;-34998.82421875
48103000;34997.3125;-34987.36328125
48115000;34989.89453125;-34965.84375
48128000;34993.56640625;-34981.0078125
48140000;35001.2109375;-35008.26171875
48152000;35018.60546875;-35029.984375
48165000;35013.2578125;-35019.2421875
48177000;34997.7109375;-34994.30078125
48190000;34984.04296875;-34987.81640625
48203000;34976.484375;-34982.6171875
48215000;34984.75;-34985.9609375
48227000;35002.109375;-34988.0625
48239000;35017.390625;-35007.01171875
48251000;35005.890625;-35011.91796875
48263000;34999.265625;-34997.875
48275000;34996.515625;-35000.484375
48287000;34995.24609375;-34990.9921875
48300000;34986.28515625;-34988.92578125
48312000;34980.25;-34984.359375
48325000;34984.109375;-35013.0625
48338000;34992.4765625;-35000.13671875
48349000;35005.8515625;-35010.09375
48361000;35007.8203125;-34999.53515625
48373000;34995.63671875;-34989.9453125
48386000;34988.89453125;-35000.47265625
48398000;34992.09375;-34996.33984375
48411000;34985.7890625;-34993.83984375
48424000;34984.9921875;-34992.734375
48437000;35001.2578125;-35010.34375
48448000;35005.6328125;-35015.78125
48460000;34991.76171875;-35003.92578125
48472000;34991.01953125;-34990.2265625
48484000;34996.9921875;-35004.9609375
48496000;35001.23046875;-34997.34765625
48508000;35001.5390625;-34991.94921875
48520000;34991.57421875;-34992.47265625
48532000;34993.96875;-34990
48544000;34995.2265625;-35004.2265625
48555000;34994.859375;-35000.3046875
48567000;34992.36328125;-34993.015625
48579000;34988.9921875;-35005.984375
48592000;34996.24609375;-35000.9140625
48604000;35010.515625;-35003.87109375
48616000;35004.02734375;-34995.61328125
48629000;34993.15234375;-34996.6953125
48641000;34985.765625;-34992.0703125
48653000;34987.01171875;-35002.4453125
48665000;34980.4140625;-34989.765625
48677000;34999.265625;-34998.83984375
48689000;35003.890625;-35007.21484375
48701000;35012.32421875;-35007.12890625
48714000;34991.64453125;-35005.796875
48726000;34988.171875;-34992.55078125
48739000;34985.6015625;-34990.1328125
48751000;35008.40234375;-35004.02734375
48762000;35003.71484375;-35013.87109375
48774000;34998.82421875;-35017.54296875
48786000;34989.6796875;-35001.6640625
48798000;34972.94921875;-34988.29296875
48809000;34965.27734375;-34986.4375
48820000;34986.3125;-34981.234375
48833000;34997.91796875;-34998.30859375
48845000;35015.453125;-35000.94140625
48858000;35010.85546875;-34996.4921875
48870000;35011.85546875;-34992.875
48882000;34992.390625;-34995.640625
48893000;34981.21875;-34993.9765625
48905000;34981.21875;-35001.91015625
48917000;34994.32421875;-34998.890625
48928000;34997.83984375;-34989.921875
48940000;35009.2890625;-34987.9140625
48953000;35001.015625;-34986.28125
48964000;34985.59765625;-34984.84765625
48977000;34971.78515625;-34991.34375
48989000;34983.3046875;-35001.328125
49000000;34996.3125;-35009.71875
49012000;35013.609375;-35010.2734375
49024000;35020;-35004.3125
49036000;35005.375;-34997.87890625
49048000;34979.640625;-34992.33984375
49059000;34972.58984375;-34976.58984375
49072000;34964.90625;-34975.52734375
49084000;34989.74609375;-34991.94140625
49095000;35004.4765625;-35023.71875
49107000;35017.9375;-35030.29296875
49119000;35014.9296875;-35020.9296875
49132000;35004.5234375;-35004.14453125
49144000;34977.453125;-34980.1796875
49157000;34974.3203125;-34967.19921875
49168000;34985.0546875;-34979.59375
49180000;35004.41796875;-35009.265625
49191000;35011.82421875;-35009.453125
49203000;35006.484375;-34999.5234375
49214000;34994.55859375;-35003.4765625
49226000;34990.30859375;-34990.33203125
49238000;34986.9375;-35008.30078125
49251000;35001.8046875;-35004.00390625
49263000;35008.8828125;-34999.88671875
49274000;35009.4296875;-34993.78125
49285000;35007.68359375;-34987.55859375
49297000;34983.01171875;-34980.39453125
49309000;34991.89453125;-34992.8203125
49321000;34998.2734375;-35001.046875
49332000;34997.7734375;-35010.2265625
49344000;34999.66796875;-34997.59765625
49356000;34998.890625;-34987.4140625
49368000;34994.078125;-34986.1796875
49379000;35004.12890625;-34985.41015625
49391000;34339.3671875;-34359.4375
49402000;33947.61328125;-34088.52734375
49414000;34037.33984375;-34148.58203125
49426000;34413.41015625;-34455.88671875
49438000;34866.65234375;-34923.9296875
49451000;35224.93359375;-35222.7109375
49463000;35384.22265625;-35355.4609375
49474000;35365.59765625;-35359.84375
49486000;35222.671875;-35230.484375
49498000;35081.3671875;-35054.7421875
49510000;34899.33203125;-34902.50390625
49523000;34834.953125;-34825.02734375
49534000;34850.31640625;-34843.55078125
49546000;34899.55078125;-34917.45703125
49558000;34975.48046875;-34985.39453125
49570000;35035.33203125;-35054.1015625
49583000;35052.80859375;-35079.53125
49595000;35046.359375;-35067.5859375
49607000;35024.03515625;-35038.96875
49619000;34999.84765625;-35000.99609375
49631000;34983.89453125;-34974.875
49643000;34977.37109375;-34963.66015625
49654000;34966.92578125;-34964.4375
49667000;34967.7890625;-34993.9375
49679000;34981.21875;-35004.453125
49690000;35002.10546875;-35011.67578125
49703000;35007.94140625;-35017.70703125
49714000;35006.1484375;-35002.01953125
49726000;35012.50390625;-35003.03125
49738000;35000.9453125;-34998.7734375
49750000;34996.89453125;-35005.99609375
49762000;34979.8203125;-34997.84375
49773000;34992.8203125;-34992.55078125
49785000;34999.890625;-35002.91015625
49797000;35009.30859375;-35013.515625
49808000;34997.11328125;-35019.71484375
49821000;34983.578125;-34980.453125
49833000;34974.4921875;-34979.68359375
49844000;35000.67578125;-34984.44921875
49857000;34999.8984375;-34988.26171875
49869000;35002.83984375;-35005.47265625
49881000;34998.5;-34995.34765625
49893000;34999.29296875;-35010.546875
49905000;34990.765625;-34994.42578125
49917000;34999.73828125;-34993.75
49929000;34988.57421875;-34987.140625
49941000;34998.87109375;-34991.12890625
49953000;35001.89453125;-34993.9765625
49965000;34995.54296875;-34986.26953125
49976000;34983.3515625;-35001.8515625
49988000;35003.6328125;-35003.9296875
50000000;35007.015625;-35012.47265625
50012000;35012.88671875;-35020.6640625
50026000;35003.5234375;-34995.7734375
50037000;34993.01953125;-34984.21875
50050000;34980.6484375;-34980.49609375
50062000;34990.3828125;-34976.75
50075000;34978.86328125;-34982.15625
50088000;34978.07421875;-34975.46484375
50100000;34994.44921875;-34996.4375
50112000;35015;-35022.4609375
50124000;35016.5625;-35008.6796875
50137000;35007.4296875;-35011.5390625
50148000;34996.97265625;-35011.08203125
50160000;34992.41796875;-35004.84765625
50173000;34992.23828125;-34988.2734375
50184000;34992.02734375;-34990.6171875
50195000;34997.3359375;-34997.90234375
50208000;35001.1953125;-35003.66796875
50219000;34996.6171875;-34989.3203125
50231000;34986.43359375;-34993.81640625
50244000;34997.98046875;-34998.53125
50256000;35009.9609375;-35005.1953125
50268000;35016.61328125;-35007.4140625
50279000;34996.06640625;-34994.98046875
50292000;34984.09765625;-35002.109375
50304000;34987.56640625;-35001.8984375
50317000;35013.5390625;-35003.5
50328000;35000.6875;-35002
50340000;34985.796875;-34984.546875
50353000;34991.5859375;-34986.0078125
50365000;34986.81640625;-34991.9140625
50376000;34983.69921875;-35005.3046875
50388000;34979.6484375;-35003.4609375
50400000;35000.890625;-34999.46875
50412000;35006.171875;-34997.296875
50424000;35009.046875;-35000.6015625
50435000;35012;-35005.81640625
50447000;35000.66796875;-35004.16015625
50459000;34999.23828125;-34982.9140625
50472000;34988.828125;-34973.28125
50484000;34979.46875;-34981.8828125
50497000;34987.08203125;-35002.72265625
50508000;34992.9609375;-35011.0859375
50519000;35005.609375;-35022.33203125
50532000;35015.41015625;-35024.96484375
50544000;35004.9921875;-35004.43359375
50556000;34996.1640625;-34980.8046875
50567000;34985.328125;-34978.140625
50581000;34978.5625;-35003.8828125
50593000;35001.078125;-34986.1953125
50606000;35002.0390625;-35000.9609375
50618000;35005.96875;-35012.3125
50630000;35003.47265625;-35017.0390625
50642000;34992.0078125;-35009.70703125
50654000;34983.3125;-34996.23828125
50666000;34990.7109375;-34984.5
50678000;34992.03125;-34977.75
50689000;34994.59375;-34992.26171875
50701000;35000.6171875;-35001.71875
50714000;35001.83203125;-35014.51171875
50725000;35000.53125;-35011.9375
50738000;34994.20703125;-35010.7890625
50750000;34985.0546875;-34999.80859375
50763000;34978.23828125;-34981.6953125
50774000;34992.74609375;-34981.546875
50785000;35012.6015625;-34987.25
50798000;35010.515625;-34985.84375
50810000;35001.765625;-34996.76953125
50822000;34996.32421875;-35015.13671875
50834000;34992.63671875;-35032.6875
50846000;34991.46484375;-35023.234375
50858000;34989.5546875;-34999.671875
50871000;34991.390625;-34989.109375
50883000;34992.484375;-34983.82421875
50895000;34998.05859375;-34977.1328125
50908000;34982.3828125;-34992.3515625
50920000;35006.44140625;-35000.328125
50934000;35002.91796875;-35009.9375
50944000;35012.046875;-35019.03125
50957000;34996.5;-35014.56640625
50969000;34988.21484375;-35001.0390625
50982000;34993.22265625;-34997.19140625
50994000;34984.4296875;-34988.3984375
51006000;34982.31640625;-34978.828125
51017000;34981.4609375;-34982.8828125
51029000;34978.63671875;-35006.9375
51040000;35005.95703125;-35005.55078125
51052000;35015.55859375;-35009.7734375
51064000;35004.375;-35007.87890625
51076000;35005.21875;-34999.65625
51087000;34997.0546875;-34995.1953125
51100000;34977.9375;-34991.1171875
51112000;34984.5859375;-34969.17578125
51124000;34991.59375;-34976.41015625
51137000;34994.26953125;-34998
51148000;34998.88671875;-35020.9609375
51160000;34996.765625;-35016.0390625
51173000;34982.5703125;-35002.9921875
51185000;34995.18359375;-34989.02734375
51197000;35005.3125;-34995.7578125
51209000;34999.90234375;-34991.81640625
51221000;34990.35546875;-35003.25390625
51234000;34989.1796875;-34998.16015625
51246000;34988.68359375;-34993.92578125
51258000;35004.28125;-35006.328125
51270000;35007.41015625;-35007.80859375
51282000;34995.53515625;-35006.67578125
51295000;34996.06640625;-35004.6875
51307000;34985.2890625;-34993.2265625
51320000;34983.109375;-34980.15234375
51331000;34978.55078125;-34980.41015625
51343000;34996.5546875;-34986.15625
51355000;34998.55078125;-34993.3203125
51368000;35009.85546875;-35009.375
51380000;35009.66015625;-35018.0234375
51392000;35024.0234375;-35028.35546875
51404000;35004.0234375;-35007.921875
51416000;34996.77734375;-34982.796875
51427000;34975.4296875;-34979.12890625
51439000;34969.14453125;-34985.828125
51450000;34982.2890625;-34995.984375
51463000;35022.34765625;-35007.49609375
51477000;35021.6484375;-35014.36328125
51488000;35007.4296875;-35014.97265625
51500000;34988.91015625;-35000.546875
51513000;34983.87109375;-34993.109375
51525000;34978.234375;-34974.35546875
51537000;34987.53125;-34970.15234375
51548000;34994.4375;-34980.08984375
51560000;35000.08203125;-35008.2734375
51573000;34994.61328125;-35012.5
51584000;34990.453125;-35010.96484375
51596000;34983.99609375;-35008.5703125
51608000;35003.25;-34999.23828125
51619000;34975.9453125;-34905.14453125
51631000;34249.10546875;-34273.41015625
51642000;33989.9609375;-33989.57421875
51654000;34159.703125;-34120.57421875
51666000;34486.55859375;-34526.98046875
51677000;34918.21484375;-34986.7734375
51690000;35231.39453125;-35317.9765625
51701000;35361.13671875;-35438.1875
51713000;35340.5078125;-35375.4765625
51725000;35195.3984375;-35212.23828125
51738000;35017.44140625;-35011.65234375
51751000;34885.11328125;-34836.9296875
51763000;34859.78125;-34794.34375
51775000;34876.66796875;-34823.7734375
51788000;34917.62109375;-34895.9765625
51799000;34965.546875;-34978.5546875
51811000;35017.22265625;-35055
51824000;35079.40625;-35088.5625
51836000;35082.4453125;-35087.84765625
51849000;35042.83984375;-35058.46484375
51861000;35007.21484375;-35025.19140625
51873000;34988.1796875;-34964.265625
51886000;34970.71875;-34948.8984375
51898000;34954.4765625;-34941.37109375
51910000;34964.32421875;-34963.0625
51922000;34984.72265625;-35008.06640625
51934000;35020.62109375;-35026.46484375
51946000;35030.984375;-35035.10546875
51958000;35017.85546875;-35014.13671875
51970000;35002.6171875;-35002.67578125
51982000;34966.29296875;-34986.60546875
51996000;34951.2109375;-34969.51953125
52007000;34976.6953125;-34965.015625
52018000;34997.2421875;-34985.01953125
52030000;35013.1640625;-35009.80859375
52041000;35017.83984375;-35024.09765625
52053000;35000.921875;-35023.109375
52065000;34989.60546875;-34917.7421875
52078000;34183.4140625;-34229.6328125
52091000;33936.1328125;-34015.0390625
52104000;34113.2890625;-34264.81640625
52116000;34535.97265625;-34686.91015625
52129000;35081.71484375;-35079.0859375
52141000;35399.51171875;-35337.78515625
52153000;35495.765625;-35396.6640625
52165000;35391.23046875;-35278.73828125
52177000;35167.98046875;-35089.4296875
52188000;34950.8671875;-34959.48828125
52200000;34818.921875;-34855.44921875
52212000;34787.38671875;-34825.4609375
52224000;34809.72265625;-34876.9765625
52235000;34915.98828125;-34951.3828125
52247000;35005.2578125;-35017.64453125
52259000;35061.0078125;-35049.421875
52271000;35069.1171875;-35056.328125
52283000;35064.125;-35044.859375
52296000;35035.7578125;-35018.1875
52307000;35012.46484375;-34988.7890625
52319000;34972.5546875;-34972.25
52332000;34969.484375;-34970.80078125
52343000;34957.41015625;-34974.6640625
52354000;34976.3125;-34986.4296875
52367000;34996.70703125;-34997.3828125
52379000;34996.5703125;-35001.421875
52392000;35006.30859375;-35005.953125
52404000;35002.4296875;-35000.75
52415000;35010.00390625;-34988.12109375
52428000;35001.4375;-35002.703125
52440000;35007.0390625;-34997.9453125
52452000;34996.609375;-35002.2421875
52465000;34989.8828125;-34994.9140625
52477000;34986.59765625;-34993.87109375
52488000;35007.27734375;-34991.7421875
52500000;35001.01953125;-34990
52513000;34997.734375;-34975.71875
52525000;34978.7578125;-35001.01953125
52537000;34998.1953125;-35009.83984375
52549000;35005.9921875;-35016.2578125
52562000;34992.43359375;-35018.2734375
52573000;34989.640625;-35002.39453125
52585000;34997.07421875;-35002.4140625
52597000;34999.39453125;-34990.75390625
52609000;35009.890625;-34996.703125
52620000;34997.5390625;-34991.34765625
52632000;34978.21875;-34981.59375
52644000;34985.45703125;-34988.91015625
52657000;34993.3359375;-35003.58203125
52669000;34996.703125;-35002.80859375
52681000;35010.6015625;-35001.62109375
52693000;35009.71875;-35006.17578125
52705000;34997.28125;-35005.98046875
52718000;34990.6484375;-34996.26953125
52730000;34978.09375;-34992.56640625
52742000;34986.22265625;-34994.1796875
52754000;34989.85546875;-35008.2890625
52765000;35004.9453125;-35013.625
52778000;34998.78515625;-35001.61328125
52790000;34992.51953125;-34985.3203125
52802000;34991.859375;-34975.234375
52814000;35001.125;-34990.71484375
52828000;34994.22265625;-35004.71875
52840000;34988.3984375;-35007.7109375
52852000;34994.1171875;-35008.9921875
52864000;35004.91796875;-35015.95703125
52876000;35000.484375;-35005.921875
52888000;34986.1640625;-34991.8203125
52901000;34992.62890625;-35003.34765625
52913000;34996.5625;-34995.2734375
52925000;34998.3515625;-35001.5625
52937000;35005.41015625;-35004.51171875
52949000;35003.5703125;-35008.01953125
52961000;34988.2109375;-34999.69140625
52973000;34984.875;-34993.28125
52984000;34974.890625;-34986.09375
52997000;34975.79296875;-34972.88671875
53009000;34991.7109375;-34989.37890625
53021000;35009.1953125;-35001.92578125
53033000;35006.14453125;-35027.26953125
53045000;35004.5390625;-35025.82421875
53057000;34996.69140625;-35012.68359375
53070000;35003.6640625;-35007.5859375
53082000;34993.109375;-34984.7890625
53094000;34983.46875;-34973.18359375
53106000;34979.375;-34975.3046875
53118000;34995.94140625;-34992.609375
53130000;34994.81640625;-35017.50390625
53142000;34999;-35009.41015625
53154000;34993.01171875;-34998.4765625
53167000;35001.70703125;-34999.3671875
53179000;35001.6640625;-35014.82421875
53192000;35007.2109375;-35014.16015625
53203000;34992.984375;-35005.8828125
53215000;34986.953125;-34995.73046875
53227000;34987.48828125;-34982.515625
53240000;34983.87890625;-34991.3828125
53252000;34986.40234375;-34987.4296875
53264000;34989.1171875;-34989.9609375
53277000;35002.51171875;-35002.0859375
53288000;35012.33203125;-35016.67578125
53302000;35007.52734375;-35010.89453125
53313000;34998.58984375;-35004.90234375
53325000;34997.17578125;-34985.55859375
53337000;34993.875;-34984.94921875
53348000;34983.59765625;-34967.71875
53360000;35002.0859375;-34973.828125
53371000;35001.91015625;-35000.890625
53384000;35006.3046875;-35024.47265625
53396000;35005.69140625;-35026.26171875
53408000;34984.17578125;-35008.4765625
53421000;35000.671875;-34998.6015625
53432000;35006.62890625;-34994.3515625
53445000;35014.98046875;-34991.625
53457000;35001.9375;-35002.7734375
53469000;34989.86328125;-34996.1953125
53481000;34984.07421875;-34990.5625
53493000;34980.8359375;-35004.5078125
53506000;34966.77734375;-35000.125
53518000;34911.453125;-34819.375
53530000;34146.5078125;-34220.26171875
53544000;34036.8984375;-34058.72265625
53557000;34325.703125;-34365.95703125
53569000;34734.19921875;-34775.68359375
53582000;35114.9296875;-35154.46875
53594000;35356.875;-35358.8203125
53605000;35374.109375;-35391.3203125
53618000;35252.41015625;-35277.0078125
53629000;35081.50390625;-35098.26171875
53641000;34948.26171875;-34932.75390625
53653000;34868.8046875;-34821.78515625
53665000;34858.1953125;-34801.87109375
53677000;34879.828125;-34853.47265625
53690000;34934.79296875;-34939.2421875
53702000;35003.28125;-35019.08984375
53714000;35049.34375;-35074.7734375
53727000;35077.07421875;-35102.18359375
53738000;35059.3828125;-35076.6640625
53750000;35035.8125;-35046.08984375
53762000;34986.69140625;-35004.2734375
53774000;34959.5078125;-34961.640625
53787000;34951.87890625;-34943.1796875
53798000;34974.16796875;-34946.78515625
53810000;34985.82421875;-34977.671875
53823000;35006.3984375;-35022.671875
53835000;35010.9609375;-35032.171875
53848000;35022.359375;-35031.47265625
53860000;35010.37890625;-35023.17578125
53872000;34994.5078125;-34999.78125
53884000;34980.0703125;-34979.2734375
53897000;34977.49609375;-34965.87890625
53908000;34985.62890625;-34978.171875
53921000;34987.921875;-34983.875
53933000;34998.12109375;-35007.41796875
53946000;35005.640625;-35021.70703125
53957000;35008.75390625;-35018.11328125
53969000;34999.4375;-35009.33984375
53980000;34996.33203125;-34993.796875
53991000;34997.3515625;-34988.9296875
54003000;34991.54296875;-34986.65234375
54015000;34989.32421875;-34979.26953125
54027000;34985.44140625;-34975.140625
54038000;34993.53515625;-34995.796875
54051000;34993.66015625;-35015.2109375
54062000;35000.58203125;-35013.0390625
54074000;34993.05859375;-35006.19140625
54087000;34996.16796875;-35002.31640625
54098000;35003.7734375;-35012.0078125
54111000;35011.3671875;-35004.26953125
54123000;34997.41796875;-34983.49609375
54135000;34984.11328125;-34987.4921875
54148000;34977.26953125;-34997.60546875
54160000;35000.71875;-35000.3359375
54173000;35006.3359375;-35006.9609375
54186000;34993.28125;-34998.859375
54198000;34984.04296875;-34993.046875
54209000;34983.52734375;-35013.78125
54222000;34999.76171875;-35005.953125
54233000;34997.61328125;-34992.4140625
54245000;34999.5546875;-34990.38671875
54257000;34996.49609375;-35005.23046875
54268000;34995.5625;-35016.07421875
54280000;34997.109375;-35011.56640625
54291000;34983.234375;-34997.91015625
54303000;34990.60546875;-34985.6796875
54315000;34989.70703125;-34990.47265625
54328000;34999.76953125;-34989.3515625
54341000;34983.72265625;-35001.27734375
54354000;34997.74609375;-35004.74609375
54365000;35010.1640625;-35000.15234375
54378000;35014.71484375;-35007.7265625
54390000;34998.07421875;-35002.234375
54401000;34984.859375;-34997.421875
54413000;34997.984375;-34995.14453125
54425000;35002.04296875;-34991.43359375
54437000;35010.3671875;-34993.84765625
54448000;34992.1796875;-34982.29296875
54460000;34993.87109375;-34981.06640625
54472000;34989.90234375;-35003.57421875
54483000;34989.8203125;-35022.3671875
54495000;34988.6640625;-35013.6328125
54508000;35004.40625;-34998.703125
54520000;35009.72265625;-35003.359375
54532000;35008.64453125;-35000.40625
54545000;34989.78515625;-34987.62890625
54557000;34987.96875;-34983.59765625
54568000;34988.83203125;-34996.15234375
54581000;35010.5078125;-35002.328125
54593000;34999.02734375;-35002.27734375
54606000;34996.671875;-35000.078125
54618000;34995.796875;-34993.859375
54630000;34999.6875;-35002.859375
54643000;34997.55859375;-34998.0390625
54655000;34991.40234375;-34991.640625
54667000;34992.15625;-34981.15625
54678000;35006.8671875;-34997.9609375
54690000;35011.87109375;-35002.9296875
54702000;35005.890625;-35001.484375
54714000;34998.41796875;-34998.296875
54726000;34984.96484375;-34991.515625
54739000;34984.98828125;-34990.43359375
54752000;34979.796875;-34973.9921875
54763000;35005.6484375;-34988
54775000;35012.078125;-35001.8515625
54787000;35012.2265625;-35010.25
54800000;34987.20703125;-34993.01171875
54812000;34982.65625;-34993.0625
54825000;34982.48828125;-34993.01953125
54838000;35007.16796875;-35003.7109375
54850000;35000.59375;-35007.7265625
54863000;34994.16015625;-34986.421875
54876000;34997.984375;-34995.4453125
54888000;35009.81640625;-35001.68359375
54900000;35009.08203125;-35004.18359375
54911000;34994.29296875;-34997.06640625
54923000;34990.40234375;-35003.7421875
54935000;34991.046875;-35005.61328125
54947000;34995.96875;-35006.8984375
54960000;34994.1796875;-35011.69140625
54973000;34996.32421875;-34995.25
54984000;34989.78515625;-34997.078125
54996000;34995.92578125;-34980.9296875
55008000;34984.69921875;-34983.60546875
55020000;34972.359375;-34986.70703125
55031000;34984.390625;-34996.71875
55044000;35010.484375;-35015.125
55056000;35011.94921875;-35006.125
55068000;35011.5546875;-35011.52734375
55080000;34993.96875;-35009.87109375
55092000;34989.578125;-34991.78125
55106000;34969.76171875;-34970.8125
55117000;34447.46484375;-34335.0859375
55129000;34017.34765625;-34055.72265625
55141000;34057.63671875;-34166.625
55152000;34398.3125;-34446.36328125
55164000;34826.92578125;-34851.03515625
55176000;35177.8515625;-35175.765625
55188000;35374.3828125;-35354.08203125
55201000;35389.74609375;-35371.0703125
55213000;35263.3515625;-35242.15234375
55225000;35077.64453125;-35048.94140625
55238000;34907.7421875;-34900.2109375
55250000;34812.83203125;-34826.359375
55262000;34789.45703125;-34847.078125
55274000;34841.7421875;-34906.0390625
55286000;34923.1875;-34969.25390625
55297000;34998.27734375;-35030.01953125
55310000;35065.98046875;-35066.25390625
55322000;35084.92578125;-35069.0390625
55334000;35064.77734375;-35045.1796875
55347000;35038.71875;-35014.59765625
55359000;35006.3046875;-34989.30078125
55371000;34969.28515625;-34970.3125
55383000;34943.8203125;-34956.265625
55394000;34946.6796875;-34965.0390625
55406000;34968.11328125;-34999.51953125
55418000;35007.8515625;-35018.09765625
55431000;35013.45703125;-35013.5
55443000;35018.7890625;-35004.05078125
55455000;35008.41796875;-35005.515625
55468000;35009.765625;-35010.953125
55480000;34989.87109375;-35019.875
55491000;35001.0390625;-35012.22265625
55503000;34997.66796875;-34995.078125
55515000;35003.94921875;-34994.3671875
55527000;34991.10546875;-34986.13671875
55538000;34977.81640625;-34997.3359375
55550000;34986.98046875;-34994.23828125
55561000;34995.51953125;-34991.16796875
55574000;35017.39453125;-35001.4453125
55586000;35011.7734375;-34996.5234375
55598000;35000.29296875;-34998.65625
55610000;35001.30859375;-35022.83984375
55621000;34997.1875;-35017.109375
55634000;34996.6875;-35003.44921875
55645000;34995.7734375;-34982.53125
55659000;35002.8046875;-34994.78125
55672000;35000.91015625;-35000.015625
55683000;35005.67578125;-34996.609375
55694000;34992.859375;-35007.5234375
55706000;34988.5859375;-34993.296875
55717000;34993.30078125;-34995.29296875
55727000;35002.0078125;-35000.4140625
55740000;35006.5859375;-34999.578125
55751000;34994.58203125;-35011.4140625
55763000;35000.62890625;-35001.1328125
55774000;34999.015625;-35005.54296875
55787000;34998.765625;-34984.609375
55799000;35002.015625;-34998.6328125
55810000;35010.546875;-35006.015625
55822000;35003.19921875;-35008.26171875
55835000;34998.3984375;-35016.8359375
55847000;34984.328125;-34999.5546875
55860000;34978.8984375;-34979.8515625
55872000;34986.453125;-34991.90625
55884000;35001.671875;-35010.69140625
55896000;35010.57421875;-35013.53515625
55909000;35018.5390625;-35009.66015625
55921000;35009.98828125;-35011.2265625
55933000;34991.78515625;-35000.7578125
55944000;34981.09375;-34989.29296875
55957000;34973.484375;-34987.1640625
55968000;34983.5625;-35000.69921875
55980000;35001.94921875;-35007.1171875
55992000;35013.84375;-35001.9921875
56006000;35010.984375;-35007.55859375
56017000;34998.2890625;-35006.6796875
56029000;34993.12890625;-35003.48046875
56041000;34986.70703125;-35011.3046875
56053000;34981.84375;-34999.2265625
56064000;34995.91796875;-34990.86328125
56077000;35009.625;-34997.125
56089000;35007.24609375;-34985.1953125
56101000;34988.5234375;-34983.67578125
56115000;34977.578125;-34984.9375
56127000;34983.890625;-35004.15234375
56140000;35010.35546875;-35018.87109375
56153000;35001.37890625;-35004.359375
56166000;34997.3984375;-34999.59765625
56178000;34987.7578125;-35008.1171875
56190000;34993.16796875;-35009.5
56202000;34995.3515625;-35003.3359375
56215000;34981.7734375;-34993.63671875
56227000;34992.1640625;-34995.74609375
56238000;35000.09765625;-34994.47265625
56250000;34998.4296875;-34998.74609375
56262000;34998.265625;-35009.609375
56274000;34990.546875;-35002.921875
56287000;34990.6796875;-35001.38671875
56300000;35000.7890625;-35003.21875
56311000;34994.80859375;-34995.71484375
56324000;34993.6171875;-34990.3515625
56336000;35004.515625;-35002.97265625
56348000;35005.625;-35006.6953125
56360000;35001.48828125;-35006.1015625
56372000;34992.19140625;-34998.9375
56384000;34986.90234375;-34992.1640625
56396000;34994.71875;-34988.58203125
56408000;34990.49609375;-34982.2734375
56420000;34993.29296875;-34998.234375
56432000;35011.2265625;-35015.2265625
56444000;35009.48046875;-35027.33984375
56457000;35015.2578125;-35016.1484375
56469000;34996.15625;-35003.8125
56481000;34975.51171875;-34980.64453125
56493000;34965.19140625;-34977.015625
56505000;34991.07421875;-34996.05859375
56517000;34986.6015625;-34989.9453125
56528000;34995.3984375;-34984.640625
56540000;34990.58984375;-34991.9375
56553000;34990.99609375;-35024.1328125
56565000;34988.9140625;-35014.7421875
56577000;35005.38671875;-34995.1171875
56590000;35005.6640625;-35006.7265625
56602000;35011.75;-35004
56614000;35031.5859375;-35018.68359375
56626000;35008.7890625;-35003.17578125
56637000;34992.98046875;-34997.03515625
56649000;34966.7734375;-34990.74609375
56660000;34975.4296875;-34997.2421875
56672000;34983.45703125;-35000.05078125
56684000;34989.66796875;-34998.80859375
56696000;35009.91015625;-35013.7890625
56708000;35018.5078125;-35008.7578125
56721000;35000.90625;-34987.8046875
56732000;35001.5;-34993.79296875
56743000;34999.48046875;-34992.27734375
56755000;34998.6796875;-34998.24609375
56767000;35005.921875;-35015.31640625
56779000;35005.6015625;-35007.28515625
56790000;34998.3515625;-34997.03125
56803000;34990.44140625;-34975.9296875
56815000;34984.03515625;-34980.140625
56828000;34981.33203125;-34985.0078125
56840000;34996.921875;-34990.20703125
56852000;35012.0703125;-34992.265625
56863000;35014.8671875;-35013.8515625
56876000;35011.55078125;-35021.3515625
56888000;35010.296875;-35013.25390625
56900000;34983.921875;-34999.4140625
56912000;34984.9296875;-34987.0546875
56924000;34987.953125;-34979.8515625
56936000;35006.484375;-34988.59375
56949000;35005.10546875;-35014.140625
56961000;35007.79296875;-35019.53125
56973000;34997.1953125;-35010.609375
56985000;34996.5546875;-34998.84765625
56998000;34994.05078125;-34985.2734375
57010000;34983.4375;-34982.48046875
57023000;34992.37109375;-34996.11328125
57035000;34992.28125;-35008.09765625
57048000;34995.40625;-35000.97265625
57059000;35012.17578125;-35014.640625
57072000;35010.2578125;-35013.35546875
57084000;35000.71484375;-35007.609375
57097000;34373.04296875;-34274.48828125
57109000;33938.34375;-33994.01171875
57121000;33972.671875;-34129.453125
57134000;34418.734375;-34520.71875
57146000;34887.5546875;-34947.04296875
57159000;35248.6015625;-35290.67578125
57171000;35439.953125;-35408.34375
57182000;35420.3828125;-35369.80078125
57195000;35264.73046875;-35179.1875
57206000;35062.05859375;-35034.4140625
57218000;34913.7265625;-34906.1953125
57230000;34840.0234375;-34855.375
57242000;34833.0234375;-34857.07421875
57254000;34880.71875;-34898.09375
57266000;34926.51953125;-34950.19921875
57279000;35004.65234375;-35019.14453125
57290000;35042.60546875;-35050.0390625
57302000;35060.015625;-35045.47265625
57314000;35054.5234375;-35041.9296875
57327000;35034.2109375;-35028.46484375
57339000;35004.4609375;-35000.9765625
57351000;34980.68359375;-34988.515625
57363000;34965.44921875;-34979.62890625
57375000;34969.890625;-34980.5625
57388000;34983.06640625;-34986.24609375
57400000;34997.74609375;-34997.96484375
57411000;34998.02734375;-34995.875
57424000;35003.78515625;-35003.3671875
57437000;35007.9453125;-35015.7109375
57448000;34998.44921875;-35020.77734375
57461000;34997.0546875;-35010.90234375
57473000;34996.65234375;-35003.3359375
57485000;34988.66796875;-34994.96875
57498000;34994.46484375;-34992.703125
57510000;34997.06640625;-34994.21484375
57522000;34990.8828125;-35002.59765625
57533000;34997.99609375;-35002.9140625
57545000;34993.69140625;-34996.15234375
57557000;34986.94140625;-35006.22265625
57569000;34990.5234375;-35010.46875
57582000;35003.98046875;-35005.12109375
57593000;35010.82421875;-34981.9765625
57605000;35001.7265625;-34986.16796875
57617000;34997.37109375;-34993.5546875
57628000;34986.921875;-34992.609375
57640000;34989.01953125;-34999.109375
57653000;34987.76171875;-35005.43359375
57665000;35005.1796875;-35002.98828125
57676000;34999.69921875;-35013.9375
57688000;35000.1484375;-34995.28125
57700000;34992.57421875;-34994.92578125
57711000;34991.73828125;-34994.609375
57723000;34981.77734375;-34986.71875
57735000;35003.84375;-34998.79296875
57748000;34997.8203125;-34997.359375
57761000;34995.41796875;-34993.3359375
57773000;34987.9609375;-35001.2578125
57786000;34995.171875;-35007.91015625
57798000;35001.2890625;-34999.09375
57810000;34998.59375;-35003.16015625
57822000;35003.00390625;-34999.7421875
57834000;34991.98046875;-34997.234375
57847000;34990.58203125;-34988.0234375
57860000;34994.265625;-35003.78515625
57872000;34991.6328125;-35001.90234375
57885000;34987.3046875;-35000.8046875
57898000;34988.09375;-35001.3046875
57908000;34999.47265625;-34999.171875
57921000;35012.6796875;-34983.58203125
57932000;35009.0390625;-34983
57944000;34998.63671875;-34997.65234375
57957000;34987.26171875;-35013.9609375
57969000;34984.84375;-35007.76953125
57981000;34992.16796875;-34992.8984375
57994000;34996.1484375;-34989.15625
58006000;35001.09765625;-34985.6484375
58017000;34996.21875;-34990.7890625
58029000;34989.75;-35004.078125
58041000;34991.4921875;-34998.74609375
58053000;34999.59765625;-35005.2734375
58065000;35008.65625;-35005.61328125
58077000;35002.4296875;-35016.15234375
58089000;34994.84375;-35013.61328125
58102000;34986.6484375;-35006.8671875
58113000;34989.453125;-34994.30859375
58125000;34997.01171875;-34996.00390625
58137000;35010.46875;-34994.4765625
58148000;34998.99609375;-34987.43359375
58159000;34994.10546875;-34990.62109375
58172000;34989.2109375;-35001.42578125
58183000;35001.1484375;-35006.23046875
58196000;35000.0390625;-35002.84375
58207000;34990.12890625;-35001.140625
58220000;34994.52734375;-35015.3046875
58232000;34993.60546875;-35002.62109375
58244000;35004.33984375;-34987.65625
58256000;34998.16015625;-34978.609375
58267000;34999.359375;-34989.61328125
58280000;34987.828125;-34995.1796875
58292000;34991.390625;-34997.609375
58305000;34989.30859375;-35013.3984375
58317000;34999.79296875;-34990.5625
58328000;34999.08984375;-34996.65234375
58340000;35006.45703125;-34993.87109375
58352000;34995.40625;-35002.05859375
58363000;34992.6171875;-34997.51171875
58375000;34986.4921875;-34989.41015625
58388000;35003.98046875;-35000.46484375
58400000;34996.171875;-35001.2265625
58413000;35000.30859375;-35001.39453125
58424000;34987.4921875;-35002.3515625
58437000;34987.17578125;-34990.77734375
58448000;34978.34765625;-34998.80078125
58461000;34990.7109375;-34995.734375
58473000;35003.6015625;-35006.10546875
58485000;35012.359375;-35010.5390625
58498000;34997.01171875;-34995.8125
58510000;34990.82421875;-35001.359375
58523000;34999.484375;-35004.24609375
58535000;35003.61328125;-35000.98046875
58546000;34998.85546875;-34999.7265625
58557000;35001.5546875;-35005.2734375
58570000;34983.953125;-34995.04296875
58581000;34988.703125;-34989.1171875
58593000;34985.12109375;-34997.3515625
58606000;35005.03125;-35022.62890625
58618000;35004.1875;-35019.37890625
58631000;34996.72265625;-35010.04296875
58643000;34988.62109375;-35002.12890625
58655000;34981.25390625;-34996.69921875
58668000;35000.1328125;-34990.03515625
58680000;34999.6640625;-34994
58691000;34997.87890625;-34995.09375
58704000;34988.73046875;-34990.69140625
58716000;34991.76953125;-35004.5625
58729000;34990.15625;-35012.85546875
58740000;35004.8671875;-35001.1953125
58752000;35005.71484375;-34992.15234375
58764000;35001.04296875;-34990.04296875
58776000;34997.984375;-34989.078125
58788000;35005.8828125;-34990.65625
58802000;35003.91796875;-35009.62890625
58814000;34991.4140625;-35008.8828125
58826000;34981.140625;-35019.9765625
58838000;34977.140625;-35004.83203125
58850000;35001.37890625;-35008.31640625
58863000;35002.0625;-34979.015625
58875000;35001.50390625;-34981.609375
58888000;34992.7890625;-34981.97265625
58900000;34994.7265625;-34991.1875
58912000;34992.37109375;-35019.3203125
58925000;35010.796875;-35000.76171875
58938000;35002.546875;-34994.75390625
58950000;34998.74609375;-34993.625
58962000;34995.30859375;-35005.3828125
58973000;34990.234375;-34997.70703125
58986000;34993.8671875;-34989.0703125
58999000;34991.765625;-34991.1328125
59011000;35001.4609375;-35004.11328125
59024000;35005.87890625;-35009.84765625
59037000;34992.12109375;-34998.5859375
59050000;34993.2265625;-34993.109375
59062000;34990.09765625;-34996.99609375
59074000;35004.19921875;-34996.9921875
59085000;35001.29296875;-34999.3359375
59098000;35009.78515625;-34998.203125
59109000;35008.44140625;-34988.64453125
59121000;34998.6875;-34987.765625
59133000;34992.234375;-35012.64453125
59145000;34983.37890625;-35013.12890625
59157000;34986.46484375;-35014.26171875
59171000;35007.5859375;-35000.59765625
59184000;35001.06640625;-35003.30078125
59197000;35004.90625;-34995.4765625
59209000;35002.0859375;-34984.546875
59221000;34993.765625;-34984.0859375
59233000;34992.71484375;-34979.546875
59246000;34991.22265625;-34993.6171875
59259000;35005.12109375;-35010.125
59270000;35004.16796875;-35012.98828125
59283000;35000.54296875;-35003.85546875
59296000;34990.453125;-35002.77734375
59307000;34992.203125;-34996.90625
59319000;34988.01171875;-34991.734375
59331000;35001.6484375;-34995.703125
59343000;34997.8671875;-34998.20703125
59357000;34998.84765625;-34997.13671875
59369000;34994.33984375;-35004.5390625
59381000;34993.2421875;-34996.015625
59393000;34988.7890625;-34999.2578125
59406000;34995.80078125;-34986.515625
59418000;35000.9609375;-35008.2265625
59430000;34995.08984375;-35005.3125
59442000;35005.45703125;-34999.30078125
59453000;35000.57421875;-34997.23046875
59465000;35007.48046875;-34996.29296875
59476000;34995.3515625;-34998.4765625
59488000;34998.296875;-34999.9921875
59501000;34988.8515625;-35005.76171875
59513000;34980.8515625;-34997.1328125
59525000;34975.20703125;-34987.71875
59537000;35002.9765625;-34993.1328125
59549000;35000.67578125;-34997.77734375
59561000;35009.7265625;-35002.2734375
59573000;34997.9609375;-34994.2890625
59585000;34986.1875;-35005.10546875
59598000;34988.515625;-34999.88671875
59610000;35002.22265625;-34996.68359375
59622000;34993.03125;-35004.94140625
59635000;34988.125;-34990.2734375
59647000;34612.015625;-34376.70703125
59659000;32088.41015625;-31975.171875
59672000;28906.7734375;-28645.203125
59684000;25242.16796875;-24863.97265625
59697000;21290.99609375;-20087.982421875
59709000;16335.359375;-15862.1142578125
59723000;12013.7158203125;-10813.533203125
59734000;7724.498046875;-7120.23974609375
59746000;0;0
59758000;0;0
59771000;0;0
59785000;0;0
59796000;0;0
59808000;0;0
59820000;0;0
59831000;0;0
59843000;0;0
59855000;0;0
59867000;0;0
59879000;0;0
59891000;0;0
59903000;0;0
59915000;0;0
59927000;0;0
59940000;0;0
59953000;0;0
59965000;0;0
59977000;0;0
59988000;0;0
60000000;0;0
60013000;0;0
60025000;0;0
60036000;0;0
60048000;0;0
60060000;0;0
60072000;0;0
60085000;0;0
60097000;0;0
60110000;0;0
60122000;0;0
60135000;0;0
60147000;0;0
60159000;0;0
60171000;0;0
60183000;0;0
60195000;0;0
60207000;0;0
60218000;0;0
60230000;0;0
60242000;0;0
60253000;0;0
60265000;0;0
60277000;0;0
60288000;0;0
60301000;0;0
60314000;0;0
60326000;0;0
60338000;0;0
60350000;0;0
60361000;0;0
60373000;0;0
60385000;0;0
60398000;0;0
60411000;0;0
60425000;0;0
60437000;0;0
60449000;0;0
60461000;0;0
60474000;0;0
60486000;0;0
60498000;0;0
60510000;0;0
60522000;0;0
60534000;0;0
60546000;0;0
60558000;0;0
60570000;0;0
60583000;0;0
60595000;0;0
60607000;0;0
60618000;0;0
60631000;0;0
60643000;0;0
60655000;0;0
60668000;0;0
60680000;0;0
60692000;0;0
60704000;0;0
60715000;0;0
60727000;0;0
60739000;0;0
60751000;0;0
60763000;0;0
60776000;0;0
60788000;0;0
60801000;0;0
60814000;0;0
60825000;0;0
60837000;0;0
60850000;0;0
60862000;0;0
60873000;0;0
60886000;0;0
60898000;0;0
60910000;0;0
60922000;0;0
60934000;0;0
60946000;0;0
60958000;0;0
60970000;0;0
60981000;0;0
60993000;0;0
61006000;0;0
61018000;0;0
61030000;0;0
61043000;0;0
61055000;0;0
61067000;0;0
61080000;0;0
61091000;0;0
61104000;0;0
61116000;0;0
61127000;0;0
61139000;0;0
61150000;0;0
61162000;0;0
61173000;0;0
61186000;0;0
61198000;0;0
61209000;0;0
61222000;0;0
61235000;0;0
61247000;0;0
61259000;0;0
61271000;0;0
61284000;0;0
61296000;0;0
61307000;0;0
61319000;0;0
61332000;0;0
61345000;0;0
61356000;0;0
61368000;0;0
61380000;0;0
61392000;0;0
61404000;0;0
61417000;0;0
61429000;0;0
61441000;0;0
61453000;0;0
61466000;0;0
61478000;0;0
61490000;0;0
61503000;0;0
61515000;0;0
61526000;0;0
61539000;0;0
61552000;0;0
61565000;0;0
61577000;0;0
61589000;0;0
61601000;0;0
61614000;0;0
61625000;0;0
61636000;0;0
61648000;0;0
61660000;0;0
61672000;0;0
61685000;0;0
61697000;0;0
61708000;0;0
61720000;0;0
61732000;0;0
61744000;0;0
61756000;0;0
61767000;0;0
61780000;0;0
61793000;0;0
61806000;0;0
61818000;0;0
61830000;0;0
61843000;0;0
61855000;0;0
61867000;0;0
61879000;0;0
61890000;0;0
61902000;0;0
61913000;0;0
61926000;0;0
61937000;0;0
61949000;0;0
61961000;0;0
61973000;0;0
61985000;0;0
61998000;0;0
62010000;0;0
62021000;0;0
62033000;0;0
62044000;0;0
62056000;0;0
62067000;0;0
62079000;0;0
62091000;0;0
62103000;0;0
62115000;0;0
62127000;0;0
62139000;0;0
62151000;0;0
62164000;0;0
62175000;0;0
62188000;0;0
62200000;0;0
62213000;0;0
62225000;0;0
62237000;0;0
62250000;0;0
62261000;0;0
62274000;0;0
62285000;0;0
62298000;0;0
62311000;0;0
62322000;0;0
62335000;0;0
62348000;0;0
62360000;0;0
62373000;0;0
62385000;0;0
62397000;0;0
62408000;0;0
62420000;0;0
62431000;0;0
62443000;0;0
62455000;0;0
62468000;0;0
62480000;0;0
62493000;0;0
62505000;0;0
62517000;0;0
62529000;0;0
62541000;0;0
62552000;0;0
62565000;0;0
62578000;0;0
62590000;0;0
62601000;0;0
62613000;0;0
62625000;0;0
62637000;0;0
62650000;0;0
62662000;0;0
62675000;0;0
62686000;0;0
62697000;0;0
62708000;0;0
62721000;0;0
62733000;0;0
62746000;0;0
62758000;0;0
62770000;0;0
62780000;0;0
62791000;0;0
62804000;0;0
62817000;0;0
62828000;0;0
62840000;0;0
62852000;0;0
62865000;0;0
62877000;0;0
62889000;0;0
62901000;0;0
62914000;0;0
62926000;0;0
62938000;0;0
62949000;0;0
62962000;0;0
62974000;0;0
62986000;0;0
63000000;0;0
63011000;0;0
63024000;0;0
63037000;0;0
63049000;0;0
63062000;0;0
63074000;0;0
63086000;0;0
63097000;0;0
63110000;0;0
63121000;0;0
63133000;0;0
63145000;0;0
63158000;0;0
63170000;0;0
63181000;0;0
63194000;0;0
63206000;0;0
63218000;0;0
63230000;0;0
63243000;0;0
63254000;0;0
63266000;0;0
63279000;0;0
63291000;0;0
63304000;0;0
63316000;0;0
63330000;0;0
63341000;0;0
63352000;0;0
63365000;0;0
63376000;0;0
63388000;0;0
63401000;0;0
63413000;0;0
63425000;0;0
63437000;0;0
63449000;0;0
63463000;0;0
63475000;0;0
63488000;0;0
63500000;0;0
63513000;0;0
63525000;0;0
63537000;0;0
63549000;0;0
63562000;0;0
63573000;0;0
63585000;0;0
63598000;0;0
63611000;0;0
63622000;0;0
63634000;0;0
63647000;0;0
63659000;0;0
63671000;0;0
63683000;0;0
63695000;0;0
63708000;0;0
63720000;0;0
63732000;0;0
63744000;0;0
63756000;0;0
63768000;0;0
63780000;0;0
63792000;0;0
63805000;0;0
63817000;0;0
63830000;0;0
63843000;0;0
63856000;0;0
63868000;0;0
63880000;0;0
63892000;0;0
63905000;0;0
63918000;0;0
63930000;0;0
63942000;0;0
63955000;0;0
63967000;0;0
63980000;0;0
63992000;0;0
64004000;0;0
64018000;0;0
64031000;0;0
64043000;0;0
64054000;0;0
64066000;0;0
64079000;0;0
64091000;0;0
64103000;0;0
64115000;0;0
64128000;0;0
64140000;0;0
64153000;0;0
64166000;0;0
64178000;0;0
64190000;0;0
64201000;0;0
64213000;0;0
64225000;0;0
64237000;0;0
64249000;0;0
64262000;0;0
64274000;0;0
64287000;0;0
64298000;0;0
64309000;0;0
64322000;0;0
64334000;0;0
64346000;0;0
64358000;0;0
64371000;0;0
64383000;0;0
64395000;0;0
64407000;0;0
64420000;0;0
64431000;0;0
64442000;0;0
64454000;0;0
64467000;0;0
64479000;0;0
64492000;0;0
64504000;0;0
64516000;0;0
64528000;0;0
64540000;0;0
64553000;0;0
64565000;0;0
64577000;0;0
64588000;0;0
64601000;0;0
64613000;0;0
64626000;0;0
64638000;0;0
64651000;0;0
64664000;0;0
64676000;0;0
64689000;0;0
64702000;0;0
64714000;0;0
64725000;0;0
64737000;0;0
64750000;0;0
64762000;0;0
64773000;0;0
64785000;0;0
64797000;0;0
64809000;0;0
64821000;0;0
64832000;0;0
64844000;0;0
64856000;0;0
64868000;0;0
64880000;0;0
64892000;0;0
64905000;0;0
64917000;0;0
64930000;0;0
64942000;0;0
64954000;0;0
64966000;0;0
64978000;0;0
64989000;0;0
65002000;0;0
65014000;0;0
65026000;0;0
65037000;0;0
65049000;0;0
65061000;0;0
65073000;0;0
65085000;0;0
65096000;0;0
65108000;0;0
65121000;0;0
65132000;0;0
65144000;0;0
65155000;0;0
65167000;0;0
65179000;0;0
65191000;0;0
65204000;0;0
65216000;0;0
65228000;0;0
65240000;0;0
65251000;0;0
65262000;0;0
65275000;0;0
65287000;0;0
65300000;0;0
65311000;0;0
65323000;0;0
65336000;0;0
65347000;0;0
65359000;0;0
65371000;0;0
65384000;0;0
65396000;0;0
65407000;0;0
65420000;0;0
65431000;0;0
65444000;0;0
65455000;0;0
65467000;0;0
65480000;0;0
65492000;0;0
65504000;0;0
65516000;0;0
65528000;0;0
65540000;0;0
65552000;0;0
65564000;0;0
65576000;0;0
65588000;0;0
65601000;0;0
65614000;0;0
65626000;0;0
65637000;0;0
65649000;0;0
65662000;0;0
65673000;0;0
65686000;0;0
65698000;0;0
65710000;0;0
65722000;0;0
65734000;0;0
65746000;0;0
65758000;0;0
65771000;0;0
65784000;0;0
65795000;0;0
65807000;0;0
65818000;0;0
65830000;0;0
65843000;0;0
65854000;0;0
65866000;0;0
65877000;0;0
65890000;0;0
65901000;0;0
65914000;0;0
65926000;0;0
65938000;0;0
65950000;0;0
65963000;0;0
65976000;0;0
65988000;0;0
65999000;0;0
66012000;0;0
66025000;0;0
66037000;0;0
66050000;0;0
66062000;0;0
66074000;0;0
66086000;0;0
66100000;0;0
66112000;0;0
66124000;0;0
66136000;0;0
66147000;0;0
66160000;0;0
66172000;0;0
66185000;0;0
66196000;0;0
66208000;0;0
66220000;0;0
66232000;0;0
66244000;0;0
66257000;0;0
66268000;0;0
66279000;0;0
66291000;0;0
66304000;0;0
66316000;0;0
66328000;0;0
66341000;0;0
66352000;0;0
66364000;0;0
66376000;0;0
66388000;0;0
66400000;0;0
66412000;0;0
66425000;0;0
66438000;0;0
66450000;0;0
66462000;0;0
66475000;0;0
66487000;0;0
66500000;0;0
66512000;0;0
66524000;0;0
66536000;0;0
66547000;0;0
66559000;0;0
66571000;0;0
66583000;0;0
66596000;0;0
66608000;0;0
66620000;0;0
66633000;0;0
66645000;0;0
66657000;0;0
66669000;0;0
66681000;0;0
66693000;0;0
66705000;0;0
66716000;0;0
66728000;0;0
66741000;0;0
66753000;0;0
66765000;0;0
66777000;0;0
66789000;0;0
66801000;0;0
66812000;0;0
66824000;0;0
66836000;0;0
66848000;0;0
66861000;0;0
66872000;0;0
66884000;0;0
66896000;0;0
66908000;0;0
66919000;0;0
66930000;0;0
66943000;0;0
66955000;0;0
66967000;0;0
66978000;0;0
66991000;0;0
67003000;0;0
67016000;0;0
67027000;0;0
67041000;0;0
67053000;0;0
67066000;0;0
67078000;0;0
67091000;0;0
67103000;0;0
67116000;0;0
67128000;0;0
67140000;0;0
67153000;0;0
67165000;0;0
67176000;0;0
67189000;0;0
67202000;0;0
67214000;0;0
67226000;0;0
67238000;0;0
67250000;0;0
67264000;0;0
67275000;0;0
67287000;0;0
67299000;0;0
67312000;0;0
67324000;0;0
67335000;0;0
67347000;0;0
67359000;0;0
67370000;0;0
67382000;0;0
67394000;0;0
67406000;0;0
67419000;0;0
67430000;0;0
67442000;0;0
67455000;0;0
67467000;0;0
67478000;0;0
67490000;0;0
67502000;0;0
67514000;0;0
67526000;0;0
67537000;0;0
67549000;0;0
67560000;0;0
67573000;0;0
67585000;0;0
67598000;0;0
67610000;0;0
67622000;0;0
67635000;0;0
67647000;0;0
67659000;0;0
67672000;0;0
67683000;0;0
67695000;0;0
67707000;0;0
67718000;0;0
67730000;0;0
67742000;0;0
67754000;0;0
67767000;0;0
67779000;0;0
67792000;0;0
67805000;0;0
67816000;0;0
67828000;0;0
67840000;0;0
67852000;0;0
67864000;0;0
67876000;0;0
67889000;0;0
67901000;0;0
67914000;0;0
67927000;0;0
67939000;0;0
67951000;0;0
67963000;0;0
67976000;0;0
67987000;0;0
68000000;0;0
68012000;0;0
68024000;0;0
68035000;0;0
68047000;0;0
68061000;0;0
68073000;0;0
68087000;0;0
68099000;0;0
68111000;0;0
68123000;0;0
68135000;0;0
68147000;0;0
68159000;0;0
68171000;0;0
68182000;0;0
68194000;0;0
68206000;0;0
68217000;0;0
68230000;0;0
68243000;0;0
68255000;0;0
68266000;0;0
68278000;0;0
68290000;0;0
68303000;0;0
68315000;0;0
68327000;0;0
68338000;0;0
68350000;0;0
68362000;0;0
68374000;0;0
68386000;0;0
68397000;0;0
68410000;0;0
68422000;0;0
68435000;0;0
68446000;0;0
68458000;0;0
68470000;0;0
68482000;0;0
68494000;0;0
68507000;0;0
68520000;0;0
68533000;0;0
68545000;0;0
68557000;0;0
68569000;0;0
68582000;0;0
68594000;0;0
68606000;0;0
68618000;0;0
68630000;0;0
68641000;0;0
68652000;0;0
68664000;0;0
68675000;0;0
68687000;0;0
68700000;0;0
68713000;0;0
68724000;0;0
68735000;0;0
68746000;0;0
68758000;0;0
68769000;0;0
68782000;0;0
68793000;0;0
68805000;0;0
68817000;0;0
68829000;0;0
68840000;0;0
68853000;0;0
68865000;0;0
68876000;0;0
68888000;0;0
68900000;0;0
68912000;0;0
68922000;0;0
68935000;0;0
68947000;0;0
68960000;0;0
68971000;0;0
68984000;0;0
68995000;0;0
69007000;0;0
69019000;0;0
69031000;0;0
69042000;0;0
69055000;0;0
69067000;0;0
69079000;0;0
69091000;0;0
69103000;0;0
69115000;0;0
69126000;0;0
69137000;0;0
69149000;0;0
69161000;0;0
69173000;0;0
69185000;0;0
69197000;0;0
69208000;0;0
69220000;0;0
69233000;0;0
69244000;0;0
69256000;0;0
69269000;0;0
69280000;0;0
69292000;0;0
69304000;0;0
69316000;0;0
69328000;0;0
69340000;0;0
69353000;0;0
69365000;0;0
69376000;0;0
69388000;0;0
69400000;0;0
69412000;0;0
69424000;0;0
69437000;0;0
69450000;0;0
69461000;0;0
69473000;0;0
69485000;0;0
69497000;0;0
69510000;0;0
69523000;0;0
69536000;0;0
69547000;0;0
69560000;0;0
69573000;0;0
69585000;0;0
69596000;0;0
69609000;0;0
69621000;0;0
69633000;0;0
69645000;0;0
69657000;0;0
69669000;0;0
69682000;0;0
69693000;0;0
69706000;0;0
69717000;0;0
69729000;0;0
69741000;0;0
69754000;0;0
69765000;0;0
69776000;0;0
69788000;0;0
69800000;0;0
69813000;0;0
69824000;0;0
69836000;0;0
69847000;0;0
69859000;0;0
69872000;0;0
69884000;0;0
69896000;0;0
69908000;0;0
69921000;0;0
69932000;0;0
69945000;0;0
69957000;0;0
69969000;0;0
69981000;0;0
69993000;0;0
70004000;0;0
70016000;0;0
70028000;0;0
70040000;0;0
70052000;0;0
70064000;0;0
70076000;0;0
70087000;0;0
70100000;0;0
70112000;0;0
70124000;0;0
70136000;0;0
70147000;0;0
70159000;0;0
70171000;0;0
70183000;0;0
70195000;0;0
70206000;0;0
70218000;0;0
70230000;0;0
70242000;0;0
70254000;0;0
70267000;0;0
70279000;0;0
70291000;0;0
70304000;0;0
70316000;0;0
70328000;0;0
70341000;0;0
70353000;0;0
70366000;0;0
70377000;0;0
70390000;0;0
70401000;0;0
70414000;0;0
70425000;0;0
70438000;0;0
70449000;0;0
70462000;0;0
70473000;0;0
70486000;0;0
70498000;0;0
70509000;0;0
70522000;0;0
70535000;0;0
70546000;0;0
70558000;0;0
70570000;0;0
70581000;0;0
70594000;0;0
70605000;0;0
70618000;0;0
70630000;0;0
70642000;0;0
70654000;0;0
70666000;0;0
70677000;0;0
70690000;0;0
70702000;0;0
70715000;0;0
70727000;0;0
70738000;0;0
70750000;0;0
70762000;0;0
70775000;0;0
70787000;0;0
70799000;0;0
70810000;0;0
70822000;0;0
70834000;0;0
70846000;0;0
70857000;0;0
70870000;0;0
70884000;0;0
70895000;0;0
70907000;0;0
70919000;0;0
70931000;0;0
70943000;0;0
70956000;0;0
70968000;0;0
70979000;0;0
70991000;0;0
71003000;0;0
71015000;0;0
71026000;0;0
71037000;0;0
71050000;0;0
71061000;0;0
71074000;0;0
71086000;0;0
71098000;0;0
71110000;0;0
71121000;0;0
71132000;0;0
71145000;0;0
71157000;0;0
71169000;0;0
71181000;0;0
71193000;0;0
71205000;0;0
71217000;0;0
71229000;0;0
71242000;0;0
71254000;0;0
71266000;0;0
71277000;0;0
71289000;0;0
71302000;0;0
71315000;0;0
71327000;0;0
71339000;0;0
71351000;0;0
71362000;0;0
71375000;0;0
71388000;0;0
71400000;0;0
71412000;0;0
71425000;0;0
71437000;0;0
71448000;0;0
71459000;0;0
71472000;0;0
71484000;0;0
71495000;0;0
71507000;0;0
71518000;0;0
71531000;0;0
71543000;0;0
71555000;0;0
71567000;0;0
71578000;0;0
71590000;0;0
71601000;0;0
71613000;0;0
71626000;0;0
71637000;0;0
71648000;0;0
71660000;0;0
71672000;0;0
71684000;0;0
71696000;0;0
71709000;0;0
71720000;0;0
71733000;0;0
71745000;0;0
71758000;0;0
71770000;0;0
71782000;0;0
71794000;0;0
71805000;0;0
71818000;0;0
71832000;0;0
71844000;0;0
71856000;0;0
71869000;0;0
71882000;0;0
71893000;0;0
71905000;0;0
71917000;0;0
71929000;0;0
71941000;0;0
71953000;0;0
71965000;0;0
71977000;0;0
71989000;0;0
72002000;0;0
72015000;0;0
72026000;0;0
72038000;0;0
72050000;0;0
72062000;0;0
72074000;0;0
72085000;0;0
72097000;0;0
72109000;0;0
72121000;0;0
72133000;0;0
72144000;0;0
72157000;0;0
72169000;0;0
72181000;0;0
72193000;0;0
72205000;0;0
72217000;0;0
72229000;0;0
72242000;0;0
72255000;0;0
72267000;0;0
72280000;0;0
72292000;0;0
72304000;0;0
72316000;0;0
72328000;0;0
72339000;0;0
72350000;0;0
72362000;0;0
72373000;0;0
72385000;0;0
72397000;0;0
72409000;0;0
72421000;0;0
72433000;0;0
72445000;0;0
72457000;0;0
72469000;0;0
72481000;0;0
72493000;0;0
72505000;0;0
72517000;0;0
72530000;0;0
72541000;0;0
72553000;0;0
72565000;0;0
72576000;0;0
72587000;0;0
72600000;0;0
72612000;0;0
72624000;0;0
72636000;0;0
72647000;0;0
72659000;0;0
72670000;0;0
72682000;0;0
72694000;0;0
72705000;0;0
72718000;0;0
72730000;0;0
72741000;0;0
72754000;0;0
72766000;0;0
72778000;0;0
72789000;0;0
72801000;0;0
72813000;0;0
72824000;0;0
72837000;0;0
72850000;0;0
72860000;0;0
72872000;0;0
72884000;0;0
72897000;0;0
72909000;0;0
72922000;0;0
72934000;0;0
72945000;0;0
72958000;0;0
72971000;0;0
72983000;0;0
72996000;0;0
73008000;0;0
73021000;0;0
73033000;0;0
73044000;0;0
73055000;0;0
73067000;0;0
73079000;0;0
73091000;0;0
73102000;0;0
73113000;0;0
73125000;0;0
73137000;0;0
73149000;0;0
73161000;0;0
73172000;0;0
73185000;0;0
73196000;0;0
73208000;0;0
73220000;0;0
73232000;0;0
73243000;0;0
73255000;0;0
73267000;0;0
73278000;0;0
73290000;0;0
73302000;0;0
73313000;0;0
73327000;0;0
73338000;0;0
73351000;0;0
73363000;0;0
73375000;0;0
73387000;0;0
73398000;0;0
73410000;0;0
73422000;0;0
73433000;0;0
73445000;0;0
73456000;0;0
73469000;0;0
73482000;0;0
73494000;0;0
73505000;0;0
73517000;0;0
73529000;0;0
73541000;0;0
73553000;0;0
73565000;0;0
73576000;0;0
73588000;0;0
73600000;0;0
73613000;0;0
73625000;0;0
73637000;0;0
73650000;0;0
73662000;0;0
73674000;0;0
73687000;0;0
73699000;0;0
73712000;0;0
73724000;0;0
73735000;0;0
73746000;0;0
73759000;0;0
73771000;0;0
73783000;0;0
73795000;0;0
73808000;0;0
73821000;0;0
73832000;0;0
73844000;0;0
73856000;0;0
73867000;0;0
73880000;0;0
73892000;0;0
73904000;0;0
73916000;0;0
73928000;0;0
73940000;0;0
73951000;0;0
73963000;0;0
73976000;0;0
73988000;0;0
74000000;0;0
74012000;0;0
74025000;0;0
74037000;0;0
74049000;0;0
74062000;0;0
74074000;0;0
74085000;0;0
74098000;0;0
74110000;0;0
74123000;0;0
74135000;0;0
74147000;0;0
74159000;0;0
74172000;0;0
74185000;0;0
74197000;0;0
74208000;0;0
74220000;0;0
74232000;0;0
74245000;0;0
74256000;0;0
74268000;0;0
74281000;0;0
74293000;0;0
74305000;0;0
74316000;0;0
74329000;0;0
74341000;0;0
74353000;0;0
74366000;0;0
74377000;0;0
74389000;0;0
74401000;0;0
74414000;0;0
74426000;0;0
74437000;0;0
74450000;0;0
74460000;0;0
74472000;0;0
74484000;0;0
74496000;0;0
74507000;0;0
74519000;0;0
74531000;0;0
74542000;0;0
74555000;0;0
74567000;0;0
74578000;0;0
74590000;0;0
74603000;0;0
74615000;0;0
74626000;0;0
74638000;0;0
74651000;0;0
74662000;0;0
74674000;0;0
74686000;0;0
74698000;0;0
74711000;0;0
74722000;0;0
74733000;0;0
74745000;0;0
74757000;0;0
74770000;0;0
74782000;0;0
74794000;0;0
74806000;0;0
74818000;0;0
74829000;0;0
74840000;0;0
74853000;0;0
74865000;0;0
74878000;0;0
74890000;0;0
74902000;0;0
74913000;0;0
74925000;0;0
74938000;0;0
74950000;0;0
74962000;0;0
74974000;0;0
74986000;0;0
74997000;0;0
75008000;0;0
75021000;0;0
75032000;0;0
75044000;0;0
75057000;0;0
75069000;0;0
75082000;0;0
75094000;0;0
75106000;0;0
75119000;0;0
75132000;0;0
75145000;0;0
75156000;0;0
75169000;0;0
75181000;0;0
75192000;0;0
75204000;0;0
75216000;0;0
75228000;0;0
75241000;0;0
75253000;0;0
75265000;0;0
75276000;0;0
75288000;0;0
75300000;0;0
75313000;0;0
75325000;0;0
75337000;0;0
75348000;0;0
75361000;0;0
75374000;0;0
75386000;0;0
75399000;0;0
75410000;0;0
75422000;0;0
75435000;0;0
75447000;0;0
75460000;0;0
75473000;0;0
75484000;0;0
75495000;0;0
75507000;0;0
75518000;0;0
75530000;0;0
75542000;0;0
75554000;0;0
75565000;0;0
75577000;0;0
75588000;0;0
75600000;0;0
75613000;0;0
75624000;0;0
75637000;0;0
75649000;0;0
75662000;0;0
75675000;0;0
75687000;0;0
75698000;0;0
75710000;0;0
75723000;0;0
75736000;0;0
75748000;0;0
75760000;0;0
75773000;0;0
75785000;0;0
75797000;0;0
75809000;0;0
75820000;0;0
75833000;0;0
75845000;0;0
75857000;0;0
75868000;0;0
75880000;0;0
75892000;0;0
75904000;0;0
75916000;0;0
75928000;0;0
75941000;0;0
75952000;0;0
75964000;0;0
75976000;0;0
75987000;0;0
75999000;0;0
76011000;0;0
76022000;0;0
76034000;0;0
76046000;0;0
76057000;0;0
76070000;0;0
76082000;0;0
76093000;0;0
76106000;0;0
76118000;0;0
76130000;0;0
76142000;0;0
76154000;0;0
76165000;0;0
76176000;0;0
76188000;0;0
76200000;0;0
76211000;0;0
76223000;0;0
76236000;0;0
76247000;0;0
76258000;0;0
76270000;0;0
76282000;0;0
76293000;0;0
76305000;0;0
76317000;0;0
76329000;0;0
76342000;0;0
76354000;0;0
76365000;0;0
76376000;0;0
76388000;0;0
76401000;0;0
76413000;0;0
76425000;0;0
76436000;0;0
76448000;0;0
76458000;0;0
76470000;0;0
76482000;0;0
76493000;0;0
76505000;0;0
76518000;0;0
76530000;0;0
76542000;0;0
76554000;0;0
76566000;0;0
76579000;0;0
76591000;0;0
76602000;0;0
76614000;0;0
76627000;0;0
76640000;0;0
76652000;0;0
76665000;0;0
76676000;0;0
76687000;0;0
76699000;0;0
76711000;0;0
76722000;0;0
76734000;0;0
76747000;0;0
76758000;0;0
76770000;0;0
76782000;0;0
76793000;0;0
76806000;0;0
76818000;0;0
76829000;0;0
76842000;0;0
76854000;0;0
76866000;0;0
76878000;0;0
76889000;0;0
76902000;0;0
76913000;0;0
76927000;0;0
76939000;0;0
76951000;0;0
76963000;0;0
76975000;0;0
76987000;0;0
77000000;0;0
77011000;0;0
77024000;0;0
77036000;0;0
77047000;0;0
77060000;0;0
77072000;0;0
77085000;0;0
77097000;0;0
77109000;0;0
77121000;0;0
77134000;0;0
77146000;0;0
77158000;0;0
77170000;0;0
77182000;0;0
77194000;0;0
77205000;0;0
77216000;0;0
77229000;0;0
77241000;0;0
77252000;0;0
77264000;0;0
77275000;0;0
77287000;0;0
77298000;0;0
77311000;0;0
77323000;0;0
77335000;0;0
77347000;0;0
77359000;0;0
77372000;0;0
77383000;0;0
77395000;0;0
77408000;0;0
77420000;0;0
77432000;0;0
77444000;0;0
77456000;0;0
77467000;0;0
77479000;0;0
77491000;0;0
77503000;0;0
77515000;0;0
77528000;0;0
77541000;0;0
77553000;0;0
77565000;0;0
77576000;0;0
77588000;0;0
77600000;0;0
77612000;0;0
77624000;0;0
77637000;0;0
77649000;0;0
77661000;0;0
77673000;0;0
77686000;0;0
77697000;0;0
77708000;0;0
77720000;0;0
77732000;0;0
77744000;0;0
77756000;0;0
77767000;0;0
77780000;0;0
77791000;0;0
77805000;0;0
77817000;0;0
77828000;0;0
77840000;0;0
77852000;0;0
77865000;0;0
77877000;0;0
77890000;0;0
77902000;0;0
77914000;0;0
77925000;0;0
77938000;0;0
77951000;0;0
77963000;0;0
77976000;0;0
77989000;0;0
78000000;0;0
78013000;0;0
78025000;0;0
78037000;0;0
78049000;0;0
78062000;0;0
78075000;0;0
78087000;0;0
78099000;0;0
78111000;0;0
78122000;0;0
78134000;0;0
78146000;0;0
78158000;0;0
78171000;0;0
78183000;0;0
78196000;0;0
78208000;0;0
78221000;0;0
78234000;0;0
78245000;0;0
78257000;0;0
78269000;0;0
78280000;0;0
78292000;0;0
78304000;0;0
78316000;0;0
78327000;0;0
78339000;0;0
78351000;0;0
78364000;0;0
78375000;0;0
78387000;0;0
78398000;0;0
78410000;0;0
78422000;0;0
78435000;0;0
78447000;0;0
78460000;0;0
78472000;0;0
78485000;0;0
78498000;0;0
78510000;0;0
78524000;0;0
78535000;0;0
78547000;0;0
78560000;0;0
78573000;0;0
78585000;0;0
78597000;0;0
78609000;0;0
78622000;0;0
78635000;0;0
78647000;0;0
78658000;0;0
78670000;0;0
78682000;0;0
78694000;0;0
78707000;0;0
78720000;0;0
78732000;0;0
78743000;0;0
78756000;0;0
78769000;0;0
78780000;0;0
78793000;0;0
78806000;0;0
78817000;0;0
78830000;0;0
78842000;0;0
78855000;0;0
78867000;0;0
78879000;0;0
78891000;0;0
78903000;0;0
78915000;0;0
78927000;0;0
78939000;0;0
78950000;0;0
78963000;0;0
78975000;0;0
78987000;0;0
78998000;0;0
79010000;0;0
79022000;0;0
79034000;0;0
79045000;0;0
79057000;0;0
79069000;0;0
79082000;0;0
79093000;0;0
79105000;0;0
79117000;0;0
79130000;0;0
79142000;0;0
79155000;0;0
79166000;0;0
79177000;0;0
79189000;0;0
79202000;0;0
79213000;0;0
79225000;0;0
79237000;0;0
79248000;0;0
79261000;0;0
79273000;0;0
79285000;0;0
79297000;0;0
79310000;0;0
79323000;0;0
79336000;0;0
79348000;0;0
79360000;0;0
79373000;0;0
79385000;0;0
79397000;0;0
79409000;0;0
79421000;0;0
79432000;0;0
79444000;0;0
79456000;0;0
79467000;0;0
79480000;0;0
79491000;0;0
79503000;0;0
79515000;0;0
79527000;0;0
79540000;0;0
79553000;0;0
79565000;0;0
79577000;0;0
79590000;0;0
79602000;0;0
79614000;0;0
79626000;0;0
79640000;0;0
79652000;0;0
79665000;0;0
79677000;0;0
79690000;0;0
79701000;0;0
79714000;0;0
79726000;0;0
79738000;0;0
79750000;0;0
79763000;0;0
79775000;0;0
79787000;0;0
79799000;0;0
79812000;0;0
79824000;0;0
79835000;0;0
79846000;0;0
79858000;0;0
79870000;0;0
79882000;0;0
79895000;0;0
79906000;0;0
79919000;0;0
79930000;0;0
79943000;0;0
79955000;0;0
79967000;0;0
79978000;0;0
79992000;0;0
80005000;0;0
80016000;0;0
80028000;0;0
80040000;0;0
80053000;0;0
80065000;0;0
80078000;0;0
80092000;0;0
80104000;0;0
80115000;0;0
80127000;0;0
80139000;0;0
80151000;0;0
80164000;0;0
80176000;0;0
80188000;0;0
80200000;0;0
80212000;0;0
80224000;0;0
80236000;0;0
80248000;0;0
80260000;0;0
80271000;0;0
80284000;0;0
80296000;0;0
80308000;0;0
80320000;0;0
80332000;0;0
80344000;0;0
80355000;0;0
80367000;0;0
80380000;0;0
80392000;0;0
80404000;0;0
80417000;0;0
80429000;0;0
80440000;0;0
80453000;0;0
80466000;0;0
80479000;0;0
80492000;0;0
80505000;0;0
80517000;0;0
80529000;0;0
80540000;0;0
80553000;0;0
80565000;0;0
80577000;0;0
80590000;0;0
80602000;0;0
80614000;0;0
80625000;0;0
80637000;0;0
80650000;0;0
80662000;0;0
80674000;0;0
80686000;0;0
80699000;0;0
80710000;0;0
80723000;0;0
80735000;0;0
80745000;0;0
80757000;0;0
80770000;0;0
80782000;0;0
80793000;0;0
80806000;0;0
80817000;0;0
80829000;0;0
80841000;0;0
80853000;0;0
80865000;0;0
80877000;0;0
80890000;0;0
80902000;0;0
80914000;0;0
80926000;0;0
80937000;0;0
80950000;0;0
80962000;0;0
80974000;0;0
80987000;0;0
80998000;0;0
81011000;0;0
81022000;0;0
81034000;0;0
81046000;0;0
81058000;0;0
81071000;0;0
81083000;0;0
81095000;0;0
81107000;0;0
81118000;0;0
81130000;0;0
81143000;0;0
81155000;0;0
81167000;0;0
81179000;0;0
81191000;0;0
81203000;0;0
81216000;0;0
81228000;0;0
81240000;0;0
81252000;0;0
81264000;0;0
81275000;0;0
81288000;0;0
81301000;0;0
81312000;0;0
81324000;0;0
81336000;0;0
81348000;0;0
81360000;0;0
81372000;0;0
81384000;0;0
81395000;0;0
81407000;0;0
81418000;0;0
81431000;0;0
81443000;0;0
