Time;gimbal_controller.set_pitch_angle;gimbal_controller.set_pitch_current
0;-15;63.601348876953125
11000;-15;64.47222900390625
22000;-15;65.91558837890625
32000;-15;65.90787506103515625
43000;-15;66.27654266357421875
53000;-15;65.64376068115234375
64000;-15;65.15572357177734375
74000;-15;61.419261932373046875
85000;-15;62.776885986328125
96000;-15;64.95565032958984375
106000;-15;65.449798583984375
117000;-15;70.845794677734375
128000;-15;61.821628570556640625
139000;-15;64.1430206298828125
149000;-15;67.403472900390625
160000;-15;65.48409271240234375
170000;-15;64.8244171142578125
180000;-15;66.611236572265625
191000;-15;63.89212799072265625
202000;-15;62.265594482421875
212000;-15;70.021331787109375
222000;-15;67.405029296875
233000;-15;64.217926025390625
243000;-15;63.4260406494140625
253000;-15;65.66832733154296875
263000;-15;63.14324951171875
274000;-15;66.793975830078125
285000;-15;64.95566558837890625
295000;-15;67.30716705322265625
305000;-15;65.136749267578125
317000;-15;65.257904052734375
327000;-15;66.0108642578125
338000;-15;66.67366790771484375
348000;-15;60.739856719970703125
359000;-15;63.82831573486328125
370000;-15;67.969696044921875
381000;-15;63.52516937255859375
391000;-15;65.74294281005859375
401000;-15;63.07070159912109375
411000;-15;64.88873291015625
423000;-15;64.67418670654296875
433000;-15;68.81539154052734375
444000;-15;66.60478973388671875
454000;-15;65.97991180419921875
464000;-15;66.95410919189453125
474000;-15;66.93579864501953125
485000;-15;62.3740997314453125
495000;-15;61.14458465576171875
505000;-15;61.73398590087890625
516000;-15;67.9902801513671875
526000;-15;63.33457183837890625
537000;-15;62.205028533935546875
547000;-15;68.3899993896484375
558000;-15;66.664794921875
568000;-15;63.218349456787109375
579000;-15;66.77384185791015625
589000;-15;63.781005859375
599000;-15;63.07209014892578125
611000;-15;64.564483642578125
621000;-15;62.58179473876953125
631000;-15;66.616058349609375
642000;-15;64.99432373046875
652000;-15;64.98412322998046875
662000;-15;67.3631591796875
672000;-15;63.81157684326171875
682000;-15;65.03495025634765625
692000;-15;64.75113677978515625
702000;-15;65.80834197998046875
713000;-15;64.86717987060546875
723000;-15;62.540912628173828125
733000;-15;63.516193389892578125
743000;-15;64.1847076416015625
754000;-15;64.598052978515625
764000;-15;60.7573699951171875
775000;-15;64.9361724853515625
786000;-15;64.592010498046875
797000;-15;66.396881103515625
807000;-15;64.486480712890625
817000;-15;67.5843963623046875
827000;-15;63.9319610595703125
838000;-15;65.34592437744140625
848000;-15;71.20642852783203125
858000;-15;69.2117919921875
868000;-15;65.3118896484375
879000;-15;66.82633209228515625
889000;-15;67.83515167236328125
900000;-15;63.6053466796875
910000;-15;61.231807708740234375
920000;-15;62.59197235107421875
931000;-15;68.27420806884765625
941000;-15;63.685420989990234375
951000;-15;65.03112030029296875
961000;-15;66.84392547607421875
971000;-15;65.924652099609375
981000;-15;64.611297607421875
991000;-15;65.5244293212890625
1002000;-15;66.24260711669921875
1012000;-15;69.4946441650390625
1023000;-15;66.8798370361328125
1033000;-15;62.279094696044921875
1043000;-15;65.01055145263671875
1053000;-15;63.715091705322265625
1064000;-15;66.81252288818359375
1074000;-15;64.4306488037109375
1084000;-15;61.334400177001953125
1094000;-15;63.272899627685546875
1104000;-15;66.68616485595703125
1115000;-15;64.42040252685546875
1125000;-15;65.11368560791015625
1136000;-15;67.30023956298828125
1147000;-15;63.21334075927734375
1158000;-15;64.40944671630859375
1168000;-15;70.1835479736328125
1179000;-15;66.0706634521484375
1190000;-15;64.493896484375
1200000;-15;62.18236541748046875
1211000;-15;62.006282806396484375
1221000;-15;61.509128570556640625
1231000;-15;61.5182037353515625
1241000;-15;64.0474090576171875
1252000;-15;62.182373046875
1263000;-15;62.22064971923828125
1273000;-15;66.8486328125
1283000;-15;64.1162872314453125
1293000;-15;63.823513031005859375
1304000;-15;65.1593170166015625
1314000;-15;63.4023284912109375
1325000;-15;64.66475677490234375
1335000;-15;62.964054107666015625
1345000;-15;64.690765380859375
1356000;-15;72.111114501953125
1366000;-15;65.48398590087890625
1376000;-15;65.5933837890625
1386000;-15;64.31610107421875
1396000;-15;65.02895355224609375
1406000;-15;64.67108154296875
1417000;-15;67.3480682373046875
1427000;-15;66.15949249267578125
1437000;-15;69.3948822021484375
1448000;-15;67.87602996826171875
1458000;-15;69.6128692626953125
1468000;-15;67.33417510986328125
1478000;-15;60.890941619873046875
1488000;-15;61.2753448486328125
1498000;-15;68.581939697265625
1509000;-15;59.74614715576171875
1519000;-15;61.4326629638671875
1530000;-15;65.3982086181640625
1540000;-15;68.88304901123046875
1551000;-15;66.40671539306640625
1561000;-15;66.84064483642578125
1571000;-15;65.14691162109375
1581000;-15;68.9860382080078125
1591000;-15;66.58873748779296875
1602000;-15;62.783172607421875
1612000;-15;66.7584381103515625
1623000;-15;64.55306243896484375
1634000;-15;64.6847076416015625
1644000;-15;65.8941497802734375
1655000;-15;66.12076568603515625
1666000;-15;62.257251739501953125
1676000;-15;68.059295654296875
1687000;-15;64.31806182861328125
1697000;-15;62.60060882568359375
1707000;-15;63.79576873779296875
1718000;-15;62.5618896484375
1728000;-15;64.93109130859375
1738000;-15;64.26251983642578125
1748000;-15;64.46722412109375
1758000;-15;65.9439239501953125
1769000;-15;62.99671173095703125
1779000;-15;69.3322906494140625
1790000;-15;69.1907806396484375
1801000;-15;64.5871124267578125
1811000;-15;66.67655181884765625
1821000;-15;68.23626708984375
1831000;-15;60.875782012939453125
1842000;-15;63.371982574462890625
1852000;-15;67.75482940673828125
1862000;-15;66.205657958984375
1873000;-15;64.91027069091796875
1884000;-15;64.7628173828125
1894000;-15;67.70401763916015625
1904000;-15;62.446014404296875
1915000;-15;65.0789031982421875
1927000;-15;68.60587310791015625
1937000;-15;60.013637542724609375
1947000;-15;61.84659576416015625
1957000;-15;61.602817535400390625
1967000;-15;65.23680877685546875
1978000;-15;63.3760223388671875
1989000;-15;64.8067169189453125
1999000;-15;66.156524658203125
2010000;-15;68.83461761474609375
2020000;-15;67.0172119140625
2030000;-15;67.6102294921875
2040000;-15;66.07147979736328125
2051000;-15;64.99185943603515625
2061000;-15;67.360382080078125
2072000;-15;64.79872894287109375
2083000;-15;60.34865570068359375
2093000;-15;64.53647613525390625
2103000;-15;66.6353759765625
2114000;-15;62.997661590576171875
2124000;-15;64.991851806640625
2135000;-15;63.2747650146484375
2145000;-15;64.0372772216796875
2155000;-15;70.31719970703125
2166000;-15;63.76309967041015625
2176000;-15;65.73430633544921875
2188000;-15;63.09454345703125
2198000;-15;60.0910186767578125
2208000;-15;68.59200286865234375
2219000;-15;65.12612152099609375
2229000;-15;62.646160125732421875
2240000;-15;61.368068695068359375
2250000;-15;65.82640838623046875
2261000;-15;59.277423858642578125
2271000;-15;68.5934295654296875
2281000;-15;65.50965118408203125
2291000;-15;67.043182373046875
2302000;-15;65.50940704345703125
2312000;-15;60.00371551513671875
2323000;-15;61.254001617431640625
2333000;-15;65.1233978271484375
2344000;-15;61.603870391845703125
2354000;-15;71.05576324462890625
2364000;-15;59.352069854736328125
2374000;-15;62.406764984130859375
2384000;-15;64.067840576171875
2395000;-15;63.33526611328125
2405000;-15;64.4183197021484375
2415000;-15;66.6080780029296875
2425000;-15;68.184967041015625
2435000;-15;68.66191864013671875
2446000;-15;66.5927581787109375
2457000;-15;67.479949951171875
2467000;-15;61.134471893310546875
2478000;-15;67.1992034912109375
2488000;-15;69.0354766845703125
2498000;-15;64.9957733154296875
2508000;-15;69.80118560791015625
2518000;-15;65.4990081787109375
2529000;-15;62.435321807861328125
2539000;-15;67.7745361328125
2549000;-15;65.90134429931640625
2560000;-15;67.1802520751953125
2570000;-15;65.43239593505859375
2581000;-15;62.732585906982421875
2591000;-15;64.8247528076171875
2602000;-15;67.103790283203125
2613000;-15;67.697357177734375
2623000;-15;68.7314453125
2634000;-15;66.43784332275390625
2645000;-15;64.83589935302734375
2655000;-15;62.220794677734375
2665000;-15;65.8188934326171875
2676000;-15;66.36215972900390625
2686000;-15;67.842193603515625
2696000;-15;66.00849151611328125
2707000;-15;64.48138427734375
2717000;-15;63.47975921630859375
2728000;-15;64.85581207275390625
2738000;-15;64.465576171875
2748000;-15;66.7635955810546875
2759000;-15;71.1225738525390625
2769000;-15;65.53519439697265625
2779000;-15;64.196563720703125
2790000;-15;63.75386810302734375
2800000;-15;66.0404510498046875
2810000;-15;64.16552734375
2821000;-15;65.76116943359375
2832000;-15;63.801055908203125
2843000;-15;65.48671722412109375
2855000;-15;63.33405303955078125
2865000;-15;65.48668670654296875
2875000;-15;64.43738555908203125
2886000;-15;63.772434234619140625
2896000;-15;62.540279388427734375
2906000;-15;64.934906005859375
2916000;-15;60.452045440673828125
2926000;-15;63.8061981201171875
2936000;-15;66.447662353515625
2947000;-15;64.4476776123046875
2957000;-15;70.03327178955078125
2968000;-15;60.581684112548828125
2978000;-15;63.09755706787109375
2988000;-15;66.0606536865234375
2999000;-15;65.03246307373046875
3009000;-15;67.485260009765625
3020000;-15;63.701129913330078125
3031000;-15;63.968128204345703125
3041000;-15;64.41237640380859375
3051000;-15;65.0032196044921875
3061000;-15;64.43959808349609375
3072000;-15;64.53343963623046875
3082000;-15;63.15338897705078125
3093000;-15;60.82592010498046875
3104000;-15;63.79329681396484375
3115000;-15;64.6835784912109375
3126000;-15;65.0517425537109375
3136000;-15;69.116119384765625
3147000;-15;67.0443267822265625
3157000;-15;61.5906524658203125
3167000;-15;59.952121734619140625
3177000;-15;63.089862823486328125
3188000;-15;61.7855987548828125
3199000;-15;64.5061187744140625
3209000;-15;67.0058746337890625
3219000;-15;65.50095367431640625
3229000;-15;63.983669281005859375
3240000;-15;60.12381744384765625
3250000;-15;64.19806671142578125
3261000;-15;63.381561279296875
3272000;-15;73.60424041748046875
3282000;-15;66.57114410400390625
3292000;-15;60.690952301025390625
3303000;-15;63.76436614990234375
3314000;-15;64.1248779296875
3324000;-15;60.871429443359375
3334000;-15;66.076141357421875
3344000;-15;62.6779937744140625
3354000;-15;66.95244598388671875
3364000;-15;66.42540740966796875
3374000;-15;64.27010345458984375
3384000;-15;64.7213287353515625
3394000;-15;65.4044189453125
3405000;-15;58.10257720947265625
3415000;-15;63.787502288818359375
3425000;-15;65.74565887451171875
3436000;-15;63.14960479736328125
3447000;-15;61.92211151123046875
3457000;-15;62.20194244384765625
3467000;-15;63.29437255859375
3477000;-15;67.57721710205078125
3487000;-15;66.795013427734375
3498000;-15;63.551830291748046875
3508000;-15;62.9327850341796875
3518000;-15;65.9220123291015625
3529000;-15;63.896148681640625
3539000;-15;67.38457489013671875
3549000;-15;67.70763397216796875
3560000;-15;61.4163665771484375
3571000;-15;65.24161529541015625
3581000;-15;63.70084381103515625
3591000;-15;63.773845672607421875
3602000;-15;61.982692718505859375
3612000;-15;66.691253662109375
3622000;-15;69.329864501953125
3633000;-15;64.33251190185546875
3643000;-15;63.73307037353515625
3654000;-15;62.9806365966796875
3664000;-15;66.40242767333984375
3674000;-15;65.548126220703125
3685000;-15;64.969512939453125
3696000;-15;62.458286285400390625
3706000;-15;63.610996246337890625
3716000;-15;61.275295257568359375
3726000;-15;63.368419647216796875
3736000;-15;67.16658782958984375
3747000;-15;63.69313812255859375
3757000;-15;66.0370941162109375
3768000;-15;68.33124542236328125
3778000;-15;70.07306671142578125
3789000;-15;61.598873138427734375
3799000;-15;66.4188995361328125
3810000;-15;63.853305816650390625
3820000;-15;67.91292572021484375
3831000;-15;61.862033843994140625
3841000;-15;63.9967193603515625
3852000;-15;62.077823638916015625
3864000;-15;65.56941986083984375
3875000;-15;66.58812713623046875
3885000;-15;63.5729522705078125
3896000;-15;61.31536865234375
3907000;-15;67.86277008056640625
3917000;-15;67.802947998046875
3927000;-15;66.54108428955078125
3938000;-15;67.41159820556640625
3948000;-15;66.60903167724609375
3959000;-15;63.7482452392578125
3969000;-15;61.24814605712890625
3979000;-15;63.8288421630859375
3989000;-15;64.01116180419921875
3999000;-15;66.1949462890625
4011000;-15;65.09513092041015625
4022000;-15;63.81817626953125
4032000;-15;62.048320770263671875
4043000;-15;65.3120574951171875
4054000;-15;65.62134552001953125
4064000;-15;64.4598236083984375
4074000;-15;61.670536041259765625
4085000;-15;66.64815521240234375
4095000;-15;64.04651641845703125
4106000;-15;68.9848175048828125
4116000;-15;61.319244384765625
4127000;-15;61.835880279541015625
4138000;-15;64.9522552490234375
4149000;-15;67.487762451171875
4159000;-15;66.53253936767578125
4169000;-15;63.62044525146484375
4179000;-15;65.34006500244140625
4189000;-15;65.61452484130859375
4200000;-15;60.185546875
4210000;-15;65.01053619384765625
4221000;-15;67.722442626953125
4231000;-15;61.6817779541015625
4242000;-15;65.71539306640625
4252000;-15;68.760894775390625
4263000;-15;61.731781005859375
4273000;-15;66.6611175537109375
4284000;-15;64.25365447998046875
4295000;-15;63.719554901123046875
4307000;-15;64.98542022705078125
4317000;-15;67.00054168701171875
4328000;-15;62.868083953857421875
4339000;-15;72.83751678466796875
4349000;-15;60.0049285888671875
4359000;-15;63.579135894775390625
4369000;-15;62.151397705078125
4380000;-15;68.47953033447265625
4390000;-15;66.00988006591796875
4401000;-15;64.0774078369140625
4412000;-15;70.23772430419921875
4422000;-15;72.07465362548828125
4433000;-15;67.65521240234375
4443000;-15;63.8974609375
4453000;-15;64.81011962890625
4464000;-15;68.75200653076171875
4474000;-15;65.959136962890625
4484000;-15;67.71805572509765625
4494000;-15;61.3828277587890625
4505000;-15;67.2428436279296875
4515000;-15;62.953792572021484375
4525000;-15;66.74039459228515625
4536000;-15;66.618194580078125
4547000;-15;61.774921417236328125
4557000;-15;65.0718536376953125
4567000;-15;66.6890411376953125
4577000;-15;62.926830291748046875
4587000;-15;66.84108734130859375
4598000;-15;60.81683349609375
4608000;-15;64.76195526123046875
4619000;-15;67.30910491943359375
4630000;-15;62.17772674560546875
4641000;-15;64.16854095458984375
4651000;-15;63.8113861083984375
4662000;-15;62.89681243896484375
4672000;-15;59.893951416015625
4682000;-15;66.83614349365234375
4692000;-15;63.394744873046875
4702000;-15;68.664764404296875
4712000;-15;63.4878387451171875
4723000;-15;68.95192718505859375
4734000;-15;61.364322662353515625
4744000;-15;59.688720703125
4754000;-15;63.367725372314453125
4764000;-15;66.38039398193359375
4775000;-15;66.21375274658203125
4785000;-15;66.20113372802734375
4795000;-15;65.61688232421875
4806000;-15;67.05519866943359375
4817000;-15;66.71598052978515625
4827000;-15;68.21852874755859375
4838000;-15;65.27703857421875
4848000;-15;62.820316314697265625
4858000;-15;63.2613525390625
4869000;-15;65.4008941650390625
4879000;-15;63.878551483154296875
4889000;-15;67.323150634765625
4900000;-15;66.51361083984375
4910000;-15;64.52295684814453125
4920000;-15;66.190826416015625
4931000;-15;66.53984832763671875
4941000;-15;62.73580169677734375
4952000;-15;65.42520904541015625
4962000;-15;63.59941864013671875
4973000;-15;64.52437591552734375
4983000;-15;68.76087188720703125
4993000;-15;64.4720611572265625
5004000;-15;64.33283233642578125
5016000;-15;67.810943603515625
5027000;-15;65.59332275390625
5037000;-15;65.230010986328125
5047000;-15;63.041172027587890625
5057000;-15;64.9501953125
5067000;-15;67.2613372802734375
5078000;-15;63.38698577880859375
5088000;-15;67.4392242431640625
5099000;-15;64.2397003173828125
5109000;-15;67.34149932861328125
5119000;-15;64.94589996337890625
5129000;-15;64.36083984375
5140000;-15;62.704845428466796875
5150000;-15;65.061279296875
5160000;-15;68.56644439697265625
5170000;-15;62.27515411376953125
5181000;-15;66.368194580078125
5191000;-15;61.7353515625
5201000;-15;64.57569122314453125
5211000;-15;67.5803680419921875
5221000;-15;66.9092254638671875
5231000;-15;71.55471038818359375
5241000;-15;68.3251495361328125
5252000;-15;62.7288665771484375
5262000;-15;57.448272705078125
5272000;-15;63.4210968017578125
5283000;-15;67.5484619140625
5294000;-15;64.50318145751953125
5304000;-15;61.7742919921875
5315000;-15;62.44891357421875
5325000;-15;66.4365234375
5336000;-15;61.641468048095703125
5347000;-15;63.644748687744140625
5359000;-15;64.9411163330078125
5369000;-15;66.0756378173828125
5379000;-15;66.46598052978515625
5389000;-15;59.8637237548828125
5399000;-15;64.3471527099609375
5409000;-15;64.48035430908203125
5419000;-15;71.3046112060546875
5430000;-15;67.9154815673828125
5440000;-15;63.96753692626953125
5450000;-15;64.1088104248046875
5462000;-15;62.7084808349609375
5472000;-15;66.33814239501953125
5483000;-15;64.6303863525390625
5494000;-15;69.2991485595703125
5505000;-15;65.87152099609375
5515000;-15;64.62480926513671875
5526000;-15;65.384429931640625
5537000;-15;65.1339874267578125
5547000;-15;65.94472503662109375
5557000;-15;64.60943603515625
5567000;-15;62.342220306396484375
5578000;-15;64.01061248779296875
5588000;-15;63.98841094970703125
5598000;-15;65.0011749267578125
5608000;-15;65.53932952880859375
5618000;-15;62.9444427490234375
5629000;-15;62.324123382568359375
5639000;-15;64.9844512939453125
5649000;-15;63.016082763671875
5661000;-15;61.7972564697265625
5671000;-15;65.473968505859375
5681000;-15;61.51129913330078125
5693000;-15;63.626995086669921875
5703000;-15;64.68552398681640625
5714000;-15;65.080047607421875
5725000;-15;63.088451385498046875
5736000;-15;63.516155242919921875
5747000;-15;60.88735198974609375
5757000;-15;62.9615325927734375
5768000;-15;60.239276885986328125
5778000;-15;66.004241943359375
5788000;-15;68.701202392578125
5799000;-15;62.1586456298828125
5809000;-15;62.452667236328125
5819000;-15;64.73256683349609375
5830000;-15;63.40813446044921875
5840000;-15;62.2505035400390625
5851000;-15;63.7098846435546875
5861000;-15;63.7246246337890625
5871000;-15;63.086643218994140625
5882000;-15;62.21352386474609375
5893000;-15;59.536586761474609375
5903000;-15;64.99468994140625
5914000;-15;66.1000823974609375
5924000;-15;65.176666259765625
5934000;-15;66.06488037109375
5944000;-15;61.778964996337890625
5955000;-15;66.4017791748046875
5965000;-15;64.2547607421875
5976000;-15;62.438472747802734375
5986000;-15;60.886474609375
5997000;-15;64.607208251953125
6007000;-15;65.675323486328125
6018000;-15;68.97446441650390625
6028000;-15;67.76847076416015625
6038000;-15;62.810039520263671875
6048000;-15;61.82440948486328125
6060000;-15;66.84725189208984375
6070000;-15;59.538951873779296875
6080000;-15;66.541046142578125
6092000;-15;65.25799560546875
6102000;-15;62.444683074951171875
6112000;-15;65.65972137451171875
6122000;-15;65.01726531982421875
6132000;-15;64.800140380859375
6142000;-15;66.03166961669921875
6152000;-15;66.5823516845703125
6164000;-15;64.817230224609375
6175000;-15;62.451419830322265625
6185000;-15;62.99282073974609375
6195000;-15;62.287220001220703125
6206000;-15;62.192188262939453125
6217000;-15;65.27972412109375
6228000;-15;66.27178192138671875
6238000;-15;61.26911163330078125
6249000;-15;64.15373992919921875
6260000;-15;62.88191986083984375
6271000;-15;61.1281280517578125
6281000;-15;66.28790283203125
6291000;-15;64.30480194091796875
6302000;-15;62.163295745849609375
6313000;-15;65.19098663330078125
6323000;-15;62.503810882568359375
6334000;-15;63.797588348388671875
6344000;-15;61.885570526123046875
6355000;-15;57.2480010986328125
6366000;-15;63.732509613037109375
6376000;-15;63.10631561279296875
6387000;-15;63.733654022216796875
6397000;-15;60.678562164306640625
6408000;-15;65.5482940673828125
6419000;-15;62.858795166015625
6429000;-15;64.71257781982421875
6440000;-15;64.27477264404296875
6450000;-15;63.14794158935546875
6460000;-15;60.084934234619140625
6472000;-15;64.8236236572265625
6482000;-15;63.515045166015625
6492000;-15;67.0076141357421875
6502000;-15;62.151035308837890625
6512000;-15;64.4876708984375
6522000;-15;64.8138427734375
6532000;-15;63.45733642578125
6542000;-15;63.851337432861328125
6553000;-15;63.29364776611328125
6563000;-15;61.9345855712890625
6574000;-15;64.35985565185546875
6585000;-15;68.40204620361328125
6595000;-15;65.95084381103515625
6606000;-15;62.873989105224609375
6616000;-15;66.3756256103515625
6626000;-15;61.5902862548828125
6637000;-15;61.45374298095703125
6647000;-15;60.904254913330078125
6658000;-15;64.1196136474609375
6668000;-15;66.97977447509765625
6679000;-15;65.71540069580078125
6689000;-15;67.891815185546875
6699000;-15;63.20081329345703125
6711000;-15;68.6722259521484375
6721000;-15;64.28228759765625
6731000;-15;71.31243133544921875
6742000;-15;64.9831695556640625
6753000;-15;63.58267974853515625
6763000;-15;67.8567047119140625
6774000;-15;66.143890380859375
6784000;-15;61.72095489501953125
6795000;-15;67.778533935546875
6806000;-15;66.4392547607421875
6816000;-15;64.1479034423828125
6827000;-15;63.50897979736328125
6838000;-15;65.1820526123046875
6848000;-15;63.085193634033203125
6858000;-15;68.46419525146484375
6869000;-15;68.49114227294921875
6879000;-15;66.39347076416015625
6890000;-15;66.64508819580078125
6900000;-15;64.49493408203125
6910000;-15;60.7961883544921875
6920000;-15;68.31481170654296875
6930000;-15;65.89186859130859375
6941000;-15;66.78350067138671875
6952000;-15;67.2502288818359375
6962000;-15;64.55855560302734375
6972000;-15;60.01648712158203125
6983000;-15;66.37483978271484375
6994000;-15;62.5375823974609375
7004000;-15;60.213043212890625
7015000;-15;63.75872039794921875
7025000;-15;65.06505584716796875
7036000;-15;62.459484100341796875
7046000;-15;70.025665283203125
7057000;-15;65.8840484619140625
7067000;-15;65.02392578125
7077000;-15;63.69910430908203125
7087000;-10;557.685302734375
7101000;-10;538.9222412109375
7112000;-10;525.0682373046875
7122000;-10;543.2806396484375
7132000;-10;574.35296630859375
7143000;-10;576.39703369140625
7154000;-10;555.98309326171875
7164000;-10;546.8221435546875
7175000;-10;559.76446533203125
7185000;-10;565.38873291015625
7195000;-10;560.38787841796875
7206000;-10;552.71746826171875
7217000;-10;555.93701171875
7227000;-10;560.679443359375
7238000;-10;567.70751953125
7248000;-10;553.5682373046875
7259000;-10;550.37310791015625
7269000;-10;560.02130126953125
7280000;-10;570.17779541015625
7290000;-10;558.50030517578125
7301000;-10;552.5830078125
7311000;-10;555.25836181640625
7321000;-10;562.52996826171875
7331000;-10;560.58135986328125
7342000;-10;555.36236572265625
7352000;-10;552.52679443359375
7363000;-10;556.71319580078125
7373000;-10;563.51617431640625
7383000;-10;553.09576416015625
7393000;-10;547.9019775390625
7403000;-10;550.16363525390625
7414000;-10;567.82891845703125
7425000;-10;558.50128173828125
7436000;-10;551.540771484375
7446000;-10;556.25921630859375
7456000;-10;559.52447509765625
7467000;-10;559.63232421875
7477000;-10;562.567626953125
7487000;-10;557.32342529296875
7498000;-10;554.54425048828125
7509000;-10;559.17864990234375
7519000;-10;560.0299072265625
7529000;-10;557.34912109375
7539000;-10;557.49066162109375
7550000;-10;560.66046142578125
7560000;-10;565.850830078125
7572000;-10;559.773681640625
7582000;-10;558.0263671875
7593000;-10;554.8212890625
7603000;-10;560.55474853515625
7613000;-10;558.7174072265625
7624000;-10;553.12042236328125
7635000;-10;558.8109130859375
7645000;-10;559.04302978515625
7656000;-10;564.8773193359375
7666000;-10;558.9754638671875
7677000;-10;559.67523193359375
7687000;-10;558.1937255859375
7698000;-10;557.94488525390625
7708000;-10;560.7154541015625
7719000;-10;555.492431640625
7730000;-10;559.31146240234375
7740000;-10;559.83770751953125
7751000;-10;557.98968505859375
7761000;-10;556.9718017578125
7771000;-10;556.0169677734375
7782000;-10;558.6246337890625
7792000;-10;560.72283935546875
7802000;-10;559.5994873046875
7813000;-10;558.3668212890625
7823000;-10;558.40020751953125
7834000;-10;557.423583984375
7844000;-10;560.74334716796875
7854000;-10;557.7626953125
7865000;-10;553.66888427734375
7875000;-10;561.2325439453125
7886000;-10;557.18194580078125
7896000;-10;558.3826904296875
7907000;-10;557.1038818359375
7917000;-10;556.05767822265625
7928000;-10;558.59429931640625
7939000;-10;555.3790283203125
7950000;-10;555.08648681640625
7961000;-10;560.44500732421875
7971000;-10;561.30712890625
7981000;-10;558.45123291015625
7992000;-10;564.04351806640625
8002000;-10;557.95556640625
8012000;-10;554.7154541015625
8024000;-10;558.26666259765625
8035000;-10;558.25244140625
8045000;-10;557.0679931640625
8055000;-10;560.21612548828125
8065000;-10;556.8741455078125
8075000;-10;560.28863525390625
8086000;-10;559.22735595703125
8096000;-10;557.173828125
8107000;-10;562.480712890625
8118000;-10;557.444091796875
8129000;-10;554.61895751953125
8139000;-10;554.97119140625
8150000;-10;560.0811767578125
8160000;-10;556.3162841796875
8170000;-10;559.37847900390625
8180000;-10;558.4136962890625
8190000;-10;560.34014892578125
8200000;-10;558.7601318359375
8211000;-10;557.67022705078125
8221000;-10;556.7391357421875
8232000;-10;558.29071044921875
8242000;-10;558.029296875
8252000;-10;559.07574462890625
8262000;-10;554.248779296875
8272000;-10;559.15472412109375
8283000;-10;561.65386962890625
8294000;-10;557.95849609375
8304000;-10;561.910888671875
8315000;-10;559.6888427734375
8325000;-10;562.08306884765625
8335000;-10;556.80340576171875
8346000;-10;558.36480712890625
8357000;-10;561.46917724609375
8367000;-10;561.92120361328125
8377000;-10;560.71148681640625
8387000;-10;556.1016845703125
8398000;-10;559.18316650390625
8409000;-10;561.19573974609375
8420000;-10;561.715576171875
8431000;-10;554.98681640625
8441000;-10;556.4364013671875
8451000;-10;561.970458984375
8461000;-10;557.5792236328125
8471000;-10;562.57373046875
8482000;-10;560.77081298828125
8493000;-10;560.97857666015625
8504000;-10;559.74554443359375
8514000;-10;560.548828125
8524000;-10;557.96942138671875
8534000;-10;562.415771484375
8545000;-10;559.49761962890625
8555000;-10;555.221435546875
8565000;-10;555.09051513671875
8575000;-10;560.97369384765625
8586000;-10;558.89306640625
8596000;-10;564.391845703125
8606000;-10;559.02325439453125
8616000;-10;559.62548828125
8627000;-10;559.01422119140625
8638000;-10;560.5435791015625
8648000;-10;559.5045166015625
8658000;-10;553.96319580078125
8669000;-10;556.7401123046875
8679000;-10;554.5972900390625
8689000;-10;557.5850830078125
8699000;-10;557.70947265625
8710000;-10;558.47821044921875
8720000;-10;559.36920166015625
8730000;-10;560.19744873046875
8741000;-10;562.1837158203125
8752000;-10;558.219970703125
8762000;-10;554.1903076171875
8772000;-10;560.19598388671875
8782000;-10;561.53717041015625
8793000;-10;560.4954833984375
8804000;-10;557.3446044921875
8814000;-10;560.1300048828125
8825000;-10;561.3685302734375
8835000;-10;555.9306640625
8845000;-10;557.7476806640625
8856000;-10;560.4478759765625
8866000;-10;563.53277587890625
8877000;-10;561.6201171875
8887000;-10;559.50213623046875
8898000;-10;560.0709228515625
8909000;-10;559.88360595703125
8919000;-10;561.15460205078125
8930000;-10;557.39447021484375
8941000;-10;560.021484375
8951000;-10;558.6678466796875
8961000;-10;559.032470703125
8972000;-10;559.22991943359375
8982000;-10;557.97308349609375
8992000;-10;559.9852294921875
9002000;-10;559.22412109375
9013000;-10;558.90936279296875
9023000;-10;557.3602294921875
9033000;-10;559.350830078125
9043000;-10;560.95159912109375
9054000;-10;559.70831298828125
9065000;-10;558.7862548828125
9075000;-10;555.69854736328125
9085000;-10;556.16180419921875
9096000;-10;557.3165283203125
9106000;-10;562.235595703125
9116000;-10;561.18707275390625
9127000;-10;560.07696533203125
9137000;-10;560.95135498046875
9147000;-10;561.5552978515625
9158000;-10;560.0986328125
9168000;-10;558.30865478515625
9179000;-10;561.65911865234375
9189000;-10;556.9815673828125
9199000;-10;556.85260009765625
9209000;-10;561.69268798828125
9220000;-10;558.52655029296875
9230000;-10;561.34088134765625
9241000;-10;556.76446533203125
9251000;-10;560.43768310546875
9261000;-10;560.27679443359375
9272000;-10;561.999267578125
9282000;-10;561.503662109375
9293000;-10;556.825927734375
9303000;-10;560.46807861328125
9314000;-10;557.400146484375
9324000;-10;557.19049072265625
9334000;-10;558.06036376953125
9345000;-10;561.8570556640625
9355000;-10;559.70526123046875
9365000;-10;556.67901611328125
9375000;-10;560.5042724609375
9386000;-10;560.31134033203125
9396000;-10;561.203857421875
9406000;-10;562.58551025390625
9417000;-10;559.29833984375
9427000;-10;560.4930419921875
9438000;-10;556.013916015625
9448000;-10;561.2041015625
9458000;-10;558.4410400390625
9469000;-10;560.7767333984375
9479000;-10;556.8912353515625
9490000;-10;559.10821533203125
9500000;-10;556.522705078125
9511000;-10;557.53790283203125
9521000;-10;558.7901611328125
9531000;-10;561.2142333984375
9542000;-10;560.31597900390625
9552000;-10;564.93621826171875
9562000;-10;561.516845703125
9573000;-10;560.9044189453125
9583000;-10;558.379150390625
9595000;-10;559.7303466796875
9606000;-10;561.18109130859375
9616000;-10;559.983642578125
9627000;-10;564.4173583984375
9638000;-10;560.9002685546875
9648000;-10;562.87689208984375
9658000;-10;558.8145751953125
9668000;-10;555.00238037109375
9678000;-10;558.66937255859375
9688000;-10;554.2166748046875
9698000;-10;560.233154296875
9709000;-10;561.63299560546875
9719000;-10;558.6688232421875
9729000;-10;560.886962890625
9740000;-10;555.02349853515625
9751000;-10;559.35784912109375
9762000;-10;561.54827880859375
9772000;-10;561.998779296875
9783000;-10;560.794921875
9793000;-10;562.34356689453125
9804000;-10;561.63800048828125
9814000;-10;558.4908447265625
9824000;-10;561.3033447265625
9834000;-10;559.02178955078125
9845000;-10;558.98553466796875
9855000;-10;561.294189453125
9866000;-10;557.65924072265625
9876000;-10;566.16522216796875
9886000;-10;562.9276123046875
9896000;-10;557.65985107421875
9907000;-10;560.1571044921875
9917000;-10;564.845458984375
9928000;-10;559.669921875
9938000;-10;557.873779296875
9948000;-10;557.57647705078125
9959000;-10;559.81182861328125
9969000;-10;559.4107666015625
9979000;-10;562.9765625
9989000;-10;558.4923095703125
9999000;-10;562.23968505859375
10009000;-10;557.75738525390625
10019000;-10;558.7054443359375
10030000;-10;562.083984375
10040000;-10;562.450439453125
10050000;-10;557.80279541015625
10061000;-10;560.6925048828125
10071000;-10;557.36090087890625
10081000;-10;557.69293212890625
10092000;-10;559.24761962890625
10102000;-10;559.1004638671875
10113000;-10;560.6495361328125
10124000;-10;558.4755859375
10135000;-10;560.64276123046875
10146000;-10;558.12408447265625
10156000;-10;560.64105224609375
10166000;-10;554.8861083984375
10177000;-10;562.364990234375
10188000;-10;557.6451416015625
10198000;-10;561.36956787109375
10209000;-10;557.1444091796875
10220000;-10;558.80621337890625
10231000;-10;558.9521484375
10242000;-10;555.5277099609375
10252000;-10;560.3519287109375
10262000;-10;564.9246826171875
10272000;-10;557.2764892578125
10282000;-10;559.221435546875
10293000;-10;559.63079833984375
10303000;-10;554.46209716796875
10314000;-10;562.68255615234375
10324000;-10;561.122314453125
10334000;-10;559.073974609375
10345000;-10;558.1004638671875
10356000;-10;560.85906982421875
10367000;-10;558.33563232421875
10377000;-10;557.94976806640625
10387000;-10;563.47650146484375
10398000;-10;562.53912353515625
10408000;-10;559.3355712890625
10418000;-10;559.38470458984375
10429000;-10;563.46142578125
10439000;-10;561.34661865234375
10449000;-10;561.18975830078125
10460000;-10;558.3653564453125
10470000;-10;562.6309814453125
10480000;-10;559.84698486328125
10492000;-10;561.014404296875
10502000;-10;558.98291015625
10512000;-10;560.37847900390625
10522000;-10;559.278076171875
10533000;-10;562.3563232421875
10544000;-10;561.2569580078125
10554000;-10;558.2882080078125
10564000;-10;561.55633544921875
10574000;-10;558.56634521484375
10585000;-10;554.92535400390625
10595000;-10;562.63494873046875
10606000;-10;560.8238525390625
10617000;-10;561.7144775390625
10627000;-10;564.40826416015625
10638000;-10;565.705810546875
10648000;-10;559.1903076171875
10658000;-10;557.01708984375
10668000;-10;560.4537353515625
10679000;-10;559.429443359375
10689000;-10;558.12664794921875
10700000;-10;554.800048828125
10710000;-10;559.83392333984375
10720000;-10;560.1064453125
10730000;-10;563.448486328125
10740000;-10;555.38763427734375
10751000;-10;562.41595458984375
10761000;-10;560.2657470703125
10771000;-10;560.4520263671875
10782000;-10;557.87060546875
10793000;-10;559.51263427734375
10803000;-10;558.84454345703125
10815000;-10;560.070068359375
10825000;-10;562.974609375
10835000;-10;559.8692626953125
10846000;-10;559.26580810546875
10857000;-10;561.72979736328125
10867000;-10;562.03533935546875
10878000;-10;559.50189208984375
10889000;-10;560.3646240234375
10899000;-10;560.54638671875
10910000;-10;557.58892822265625
10920000;-10;556.729248046875
10930000;-10;562.96942138671875
10941000;-10;560.6715087890625
10951000;-10;562.49163818359375
10961000;-10;560.4788818359375
10971000;-10;558.18463134765625
10982000;-10;559.8428955078125
10992000;-10;560.6680908203125
11002000;-10;560.72967529296875
11013000;-10;561.39068603515625
11024000;-10;560.26910400390625
11035000;-10;559.06121826171875
11045000;-10;558.5572509765625
11055000;-10;558.1929931640625
11065000;-10;556.8795166015625
11076000;-10;561.07476806640625
11086000;-10;559.47491455078125
11096000;-10;562.8232421875
11107000;-10;561.9615478515625
11117000;-10;562.00726318359375
11128000;-10;559.4014892578125
11138000;-10;559.82373046875
11149000;-10;554.847900390625
11159000;-10;559.27239990234375
11169000;-10;561.47900390625
11179000;-10;556.5452880859375
11189000;-10;561.03302001953125
11199000;-10;558.5562744140625
11209000;-10;559.4456787109375
11219000;-10;556.014892578125
11229000;-10;561.16064453125
11240000;-10;556.478759765625
11250000;-10;560.13006591796875
11261000;-10;561.79412841796875
11271000;-10;557.95220947265625
11281000;-10;563.53857421875
11291000;-10;558.8533935546875
11302000;-10;559.08319091796875
11313000;-10;559.06884765625
11323000;-10;563.8013916015625
11333000;-10;560.84375
11344000;-10;558.4696044921875
11355000;-10;559.1636962890625
11365000;-10;558.5087890625
11376000;-10;559.82000732421875
11386000;-10;557.10333251953125
11397000;-10;561.357666015625
11408000;-10;559.71820068359375
11418000;-10;559.328857421875
11429000;-10;559.5018310546875
11439000;-10;561.464111328125
11450000;-10;560.3447265625
11460000;-10;557.78515625
11470000;-10;561.5284423828125
11481000;-10;558.38787841796875
11491000;-10;559.0699462890625
11501000;-10;561.82257080078125
11512000;-10;562.16339111328125
11523000;-10;562.35235595703125
11533000;-10;557.63726806640625
11544000;-10;559.4200439453125
11554000;-10;559.291259765625
11564000;-10;559.17828369140625
11575000;-5;1058.62548828125
11585000;-5;1051.1915283203125
11598000;-5;979.50018310546875
11610000;-5;843.155517578125
11620000;-5;736.0966796875
11630000;-5;706.5263671875
11641000;-5;745.08905029296875
11652000;-5;791.2515869140625
11662000;-5;786.5048828125
11672000;-5;768.059326171875
11682000;-5;765.88775634765625
11693000;-5;752.360595703125
11703000;-5;743.75677490234375
11713000;-5;767.5218505859375
11724000;-5;823.12158203125
11735000;-5;857.70941162109375
11746000;-5;861.9150390625
11756000;-5;853.03399658203125
11766000;-5;849.830810546875
11777000;-5;850.22900390625
11787000;-5;856.9305419921875
11799000;-5;852.747802734375
11809000;-5;850.073974609375
11820000;-5;852.5069580078125
11830000;-5;859.761962890625
11840000;-5;851.9984130859375
11851000;-5;847.92535400390625
11861000;-5;844.89013671875
11872000;-5;849.889892578125
11882000;-5;856.714111328125
11892000;-5;850.200927734375
11902000;-5;850.5205078125
11914000;-5;852.31695556640625
11924000;-5;853.670654296875
11934000;-5;852.7684326171875
11945000;-5;852.16156005859375
11955000;-5;854.77117919921875
11966000;-5;856.99273681640625
11976000;-5;856.64617919921875
11986000;-5;852.3809814453125
11997000;-5;849.843505859375
12007000;-5;850.850341796875
12018000;-5;853.40814208984375
12028000;-5;853.4976806640625
12039000;-5;856.787841796875
12049000;-5;849.508056640625
12059000;-5;851.021484375
12069000;-5;847.08258056640625
12080000;-5;850.69158935546875
12090000;-5;853.9324951171875
12100000;-5;858.41729736328125
12110000;-5;853.10614013671875
12121000;-5;851.275634765625
12131000;-5;849.7401123046875
12141000;-5;852.81256103515625
12151000;-5;851.9556884765625
12162000;-5;851.8323974609375
12174000;-5;853.221923828125
12185000;-5;851.1322021484375
12195000;-5;856.3658447265625
12207000;-5;852.8076171875
12217000;-5;853.13238525390625
12227000;-5;850.0177001953125
12237000;-5;852.71234130859375
12248000;-5;850.5166015625
12259000;-5;851.762939453125
12269000;-5;852.3228759765625
12280000;-5;849.49188232421875
12291000;-5;855.7515869140625
12301000;-5;848.3582763671875
12312000;-5;850.947265625
12322000;-5;851.79296875
12332000;-5;853.37188720703125
12343000;-5;852.627685546875
12353000;-5;853.5989990234375
12363000;-5;848.7261962890625
12374000;-5;851.56304931640625
12384000;-5;849.01544189453125
12395000;-5;851.68695068359375
12406000;-5;850.75018310546875
12416000;-5;854.59588623046875
12426000;-5;850.92681884765625
12437000;-5;847.68402099609375
12447000;-5;855.34820556640625
12457000;-5;850.17236328125
12467000;-5;858.206298828125
12478000;-5;852.2919921875
12488000;-5;855.00372314453125
12499000;-5;855.0540771484375
12509000;-5;849.40924072265625
12520000;-5;853.5068359375
12530000;-5;853.406982421875
12540000;-5;850.21295166015625
12552000;-5;857.72698974609375
12562000;-5;854.4769287109375
12572000;-5;852.22955322265625
12583000;-5;852.9051513671875
12593000;-5;852.6458740234375
12603000;-5;856.619140625
12614000;-5;854.78076171875
12625000;-5;850.73638916015625
12635000;-5;849.38507080078125
12645000;-5;852.47930908203125
12656000;-5;854.3140869140625
12666000;-5;847.027099609375
12676000;-5;854.36370849609375
12686000;-5;848.672607421875
12697000;-5;851.9775390625
12707000;-5;855.1055908203125
12717000;-5;858.10107421875
12728000;-5;851.40252685546875
12739000;-5;850.8238525390625
12749000;-5;854.9248046875
12760000;-5;853.06097412109375
12770000;-5;849.6795654296875
12781000;-5;854.87799072265625
12791000;-5;853.2464599609375
12802000;-5;848.1026611328125
12813000;-5;851.9085693359375
12823000;-5;851.42138671875
12833000;-5;853.6351318359375
12843000;-5;854.8309326171875
12853000;-5;851.91522216796875
12863000;-5;850.11651611328125
12874000;-5;853.32464599609375
12885000;-5;850.25750732421875
12895000;-5;851.54351806640625
12906000;-5;850.98968505859375
12916000;-5;852.55859375
12927000;-5;850.909912109375
12937000;-5;852.388427734375
12948000;-5;852.2579345703125
12959000;-5;849.337158203125
12970000;-5;852.9462890625
12981000;-5;855.5360107421875
12991000;-5;849.80096435546875
13001000;-5;848.9287109375
13012000;-5;854.876708984375
13022000;-5;851.46533203125
13033000;-5;851.084716796875
13044000;-5;852.77557373046875
13054000;-5;854.958251953125
13065000;-5;851.975341796875
13076000;-5;852.72393798828125
13086000;-5;850.1641845703125
13096000;-5;848.8572998046875
13107000;-5;852.7646484375
13117000;-5;856.1446533203125
13127000;-5;851.50262451171875
13138000;-5;851.0831298828125
13148000;-5;856.6943359375
13159000;-5;851.07391357421875
13169000;-5;851.18212890625
13179000;-5;857.0029296875
13189000;-5;855.3428955078125
13200000;-5;850.4327392578125
13210000;-5;854.103271484375
13220000;-5;855.557861328125
13230000;-5;852.0235595703125
13241000;-5;852.5218505859375
13252000;-5;856.06170654296875
13262000;-5;850.32403564453125
13272000;-5;851.53814697265625
13283000;-5;847.9869384765625
13293000;-5;852.28759765625
13303000;-5;852.499755859375
13314000;-5;852.63311767578125
13325000;-5;854.6087646484375
13335000;-5;855.854736328125
13345000;-5;850.9066162109375
13355000;-5;856.375244140625
13366000;-5;851.776611328125
13376000;-5;858.857666015625
13387000;-5;847.1536865234375
13398000;-5;851.577392578125
13408000;-5;853.122802734375
13418000;-5;851.2025146484375
13428000;-5;855.93212890625
13438000;-5;851.10833740234375
13448000;-5;849.65789794921875
13459000;-5;848.97637939453125
13469000;-5;855.45416259765625
13480000;-5;851.8231201171875
13490000;-5;851.834228515625
13501000;-5;849.39996337890625
13512000;-5;860.1761474609375
13522000;-5;854.3594970703125
13532000;-5;852.34344482421875
13543000;-5;849.1326904296875
13553000;-5;856.759033203125
13563000;-5;849.15472412109375
13574000;-5;853.464111328125
13585000;-5;848.9691162109375
13595000;-5;850.1759033203125
13606000;-5;856.3741455078125
13616000;-5;853.62554931640625
13627000;-5;847.201904296875
13637000;-5;852.5439453125
13648000;-5;851.6781005859375
13658000;-5;852.14471435546875
13669000;-5;850.399658203125
13679000;-5;849.87640380859375
13689000;-5;854.16351318359375
13699000;-5;849.6607666015625
13711000;-5;849.78399658203125
13722000;-5;853.809814453125
13732000;-5;851.04888916015625
13743000;-5;853.611328125
13753000;-5;853.94500732421875
13764000;-5;853.0296630859375
13774000;-5;851.77423095703125
13784000;-5;850.9744873046875
13794000;-5;847.855712890625
13805000;-5;850.6558837890625
13816000;-5;852.591552734375
13827000;-5;852.76800537109375
13837000;-5;851.79296875
13848000;-5;852.02142333984375
13858000;-5;854.088623046875
13870000;-5;857.2684326171875
13880000;-5;851.89013671875
13891000;-5;855.38140869140625
13901000;-5;851.59515380859375
13912000;-5;849.56451416015625
13922000;-5;848.245849609375
13933000;-5;852.322998046875
13943000;-5;851.4705810546875
13954000;-5;851.7874755859375
13964000;-5;850.571044921875
13975000;-5;853.4283447265625
13985000;-5;856.26580810546875
13995000;-5;853.987060546875
14006000;-5;848.144287109375
14017000;-5;846.914306640625
14028000;-5;852.331787109375
14038000;-5;848.62847900390625
14048000;-5;853.9405517578125
14059000;-5;846.6240234375
14070000;-5;851.45208740234375
14080000;-5;851.55645751953125
14090000;-5;852.6737060546875
14101000;-5;850.2734375
14112000;-5;851.5689697265625
14122000;-5;852.7061767578125
14133000;-5;853.2545166015625
14143000;-5;856.01873779296875
14153000;-5;849.926513671875
14164000;-5;848.5164794921875
14174000;-5;854.97406005859375
14185000;-5;848.685791015625
14195000;-5;848.687255859375
14205000;-5;851.7156982421875
14216000;-5;850.5294189453125
14227000;-5;851.879638671875
14238000;-5;848.192138671875
14249000;-5;851.7872314453125
14259000;-5;854.301513671875
14270000;-5;853.0592041015625
14280000;-5;850.860107421875
14290000;-5;851.49383544921875
14300000;-5;849.890380859375
14311000;-5;850.8695068359375
14322000;-5;849.13134765625
14333000;-5;851.49530029296875
14343000;-5;851.4320068359375
14353000;-5;852.29180908203125
14365000;-5;854.96533203125
14375000;-5;853.91265869140625
14386000;-5;848.1334228515625
14397000;-5;851.9049072265625
14407000;-5;850.6375732421875
14418000;-5;849.1153564453125
14428000;-5;852.62689208984375
14438000;0;1350.3076171875
14450000;0;1268.286376953125
14461000;0;1188.02197265625
14472000;0;1102.8843994140625
14482000;0;1014.45404052734375
14493000;0;924.19891357421875
14503000;0;851.88629150390625
14513000;0;819.738525390625
14523000;0;819.17169189453125
14534000;0;820.66455078125
14545000;0;792.5350341796875
14555000;0;773.712646484375
14566000;0;803.97265625
14576000;0;843.5650634765625
14586000;0;884.34234619140625
14596000;0;926.30242919921875
14606000;0;962.08740234375
14617000;0;974.1455078125
14627000;0;977.1365966796875
14638000;0;990.19659423828125
14648000;0;980.7552490234375
14659000;0;973.06024169921875
14669000;0;966.39105224609375
14680000;0;951.68914794921875
14690000;0;924.8631591796875
14701000;0;919.80560302734375
14711000;0;938.79296875
14721000;0;954.8544921875
14731000;0;960.3497314453125
14742000;0;965.2578125
14753000;0;962.08917236328125
14763000;0;953.16827392578125
14774000;0;955.90875244140625
14784000;0;945.60009765625
14795000;0;930.859619140625
14806000;0;906.4520263671875
14816000;0;901.43798828125
14827000;0;905.208251953125
14838000;0;913.42950439453125
14848000;0;905.09552001953125
14859000;0;879.86376953125
14870000;0;871.38494873046875
14880000;0;881.8211669921875
14890000;0;897.4671630859375
14900000;0;906.30303955078125
14910000;0;894.4505615234375
14921000;0;887.05108642578125
14931000;0;879.844970703125
14942000;0;878.04046630859375
14952000;0;893.24920654296875
14963000;0;903.45428466796875
14973000;0;914.38568115234375
14983000;0;905.47125244140625
14993000;0;899.518798828125
15003000;0;895.65667724609375
15014000;0;908.943603515625
15024000;0;910.65460205078125
15034000;0;903.2396240234375
15044000;0;901.1424560546875
15054000;0;901.8634033203125
15065000;0;909.3697509765625
15075000;0;914.005859375
15086000;0;907.67022705078125
15097000;0;903.13427734375
15108000;0;905.87921142578125
15118000;0;909.9208984375
15129000;0;904.55316162109375
15139000;0;903.40185546875
15149000;0;903.58343505859375
15159000;0;909.7689208984375
15169000;0;906.44781494140625
15180000;0;901.547607421875
15191000;0;904.4710693359375
15201000;0;907.80975341796875
15211000;0;904.07379150390625
15222000;0;903.6932373046875
15232000;0;904.3935546875
15243000;0;907.920654296875
15254000;0;909.3365478515625
15265000;0;905.26702880859375
15276000;0;905.2508544921875
15286000;0;908.1680908203125
15297000;0;906.41351318359375
15307000;0;902.54669189453125
15318000;0;902.78387451171875
15328000;0;908.655029296875
15338000;0;907.8385009765625
15350000;0;912.63970947265625
15360000;0;905.509521484375
15371000;0;903.02032470703125
15382000;0;904.10491943359375
15393000;0;906.1636962890625
15403000;0;902.33673095703125
15414000;0;904.49365234375
15424000;0;903.031494140625
15434000;0;904.2684326171875
15445000;0;906.89056396484375
15455000;0;908.028076171875
15465000;0;904.5855712890625
15475000;0;908.55889892578125
15486000;0;907.50439453125
15496000;0;909.66314697265625
15506000;0;906.14471435546875
15516000;0;902.75970458984375
15527000;0;907.38800048828125
15537000;0;907.45111083984375
15547000;0;908.6458740234375
15557000;0;910.41357421875
15567000;0;906.8861083984375
15578000;0;905.1597900390625
15588000;0;906.27374267578125
15600000;0;904.36346435546875
15611000;0;907.4560546875
15622000;0;905.66192626953125
15632000;0;908.072509765625
15642000;0;906.8277587890625
15652000;0;912.18701171875
15662000;0;907.6163330078125
15673000;0;910.50115966796875
15683000;0;903.8402099609375
15695000;0;904.62066650390625
15705000;0;908.87261962890625
15715000;0;907.816650390625
15726000;0;905.1373291015625
15736000;0;905.947021484375
15746000;0;908.91510009765625
15758000;0;905.940673828125
15768000;0;908.590087890625
15778000;0;904.35357666015625
15790000;0;905.29638671875
15800000;0;906.94287109375
15810000;0;905.759033203125
15821000;0;911.57891845703125
15832000;0;906.256591796875
15842000;0;906.68585205078125
15853000;0;905.20947265625
15864000;0;905.73333740234375
15875000;0;907.0377197265625
15885000;0;906.50152587890625
15895000;0;908.47113037109375
15906000;0;906.5357666015625
15917000;0;905.85577392578125
15927000;0;904.31121826171875
15938000;0;908.96600341796875
15948000;0;907.28997802734375
15958000;0;907.1756591796875
15968000;0;904.966552734375
15978000;0;908.3443603515625
15988000;0;909.2420654296875
15998000;0;905.46826171875
16009000;0;904.376708984375
16019000;0;909.810302734375
16030000;0;909.3612060546875
16040000;0;904.0462646484375
16051000;0;904.3017578125
16062000;0;911.5137939453125
16073000;0;912.2628173828125
16083000;0;905.68902587890625
16093000;0;907.810791015625
16104000;0;906.07427978515625
16115000;0;903.732177734375
16125000;0;905.9451904296875
16136000;0;905.695068359375
16146000;0;903.953857421875
16156000;0;907.8890380859375
16167000;0;908.23388671875
16177000;0;906.4093017578125
16188000;0;909.80462646484375
16198000;0;910.14794921875
16210000;0;908.18408203125
16220000;0;904.2779541015625
16231000;0;908.23492431640625
16241000;0;902.94140625
16251000;0;908.893310546875
16262000;0;902.0963134765625
16272000;0;909.19219970703125
16282000;0;904.462158203125
16293000;0;908.48760986328125
16303000;0;907.524169921875
16315000;0;903.28582763671875
16326000;0;909.53155517578125
16336000;0;903.2025146484375
16346000;0;910.31610107421875
16356000;0;908.36053466796875
16366000;0;908.2255859375
16376000;0;907.38739013671875
16386000;0;909.1729736328125
16397000;0;907.4571533203125
16407000;0;902.29119873046875
16418000;0;909.21441650390625
16428000;0;909.75311279296875
16439000;0;907.97412109375
16450000;0;907.659423828125
16460000;0;907.50701904296875
16470000;0;907.71337890625
16480000;0;904.49713134765625
16492000;0;908.5665283203125
16502000;0;903.97900390625
16513000;0;909.396728515625
16523000;0;906.8135986328125
16534000;0;908.7908935546875
16544000;0;910.7906494140625
16554000;0;905.28753662109375
16565000;0;909.82269287109375
16575000;0;908.287841796875
16585000;0;910.7208251953125
16596000;0;908.252197265625
16606000;0;905.0211181640625
16617000;0;905.88134765625
16628000;0;907.7060546875
16638000;0;909.6771240234375
16649000;0;907.95379638671875
16659000;0;907.31256103515625
16669000;0;906.21331787109375
16680000;0;907.3160400390625
16691000;0;907.0313720703125
16701000;0;904.86846923828125
16711000;0;909.52239990234375
16721000;0;910.01153564453125
16731000;0;904.67193603515625
16742000;0;903.59765625
16752000;0;908.03759765625
16762000;0;902.08135986328125
16773000;0;906.53009033203125
16784000;0;908.20556640625
16794000;0;903.15673828125
16804000;0;906.031982421875
16815000;0;904.63311767578125
16825000;0;905.85107421875
16835000;0;905.73388671875
16845000;0;905.254638671875
16856000;0;906.4691162109375
16867000;0;908.325439453125
16878000;0;905.81024169921875
16888000;0;904.18951416015625
16898000;0;907.0091552734375
16909000;0;904.23028564453125
16919000;0;905.386474609375
16930000;0;904.9615478515625
16940000;0;905.556396484375
16950000;0;906.4716796875
16960000;0;897.9368896484375
16970000;0;907.3118896484375
16981000;0;906.9345703125
16991000;0;905.6783447265625
17001000;0;906.8917236328125
17011000;0;905.34417724609375
17021000;0;900.02496337890625
17031000;0;902.60546875
17041000;0;903.50274658203125
17051000;0;906.3218994140625
17061000;0;903.96429443359375
17072000;0;904.383056640625
17084000;0;908.69476318359375
17094000;5;1409.35009765625
17105000;5;1386.1785888671875
17117000;5;1281.8641357421875
17127000;5;1184.0211181640625
17138000;5;1099.177490234375
17148000;5;1022.50335693359375
17160000;5;964.6314697265625
17170000;5;923.0853271484375
17181000;5;928.62908935546875
17191000;5;961.49951171875
17202000;5;974.7044677734375
17212000;5;970.5128173828125
17222000;5;929.79443359375
17232000;5;911.96075439453125
17243000;5;911.36236572265625
17254000;5;942.2862548828125
17265000;5;980.5625
17275000;5;1017.0177001953125
17285000;5;1044.467529296875
17296000;5;1073.093994140625
17306000;5;1072.4439697265625
17317000;5;1062.3961181640625
17327000;5;1050.901123046875
17338000;5;1060.7740478515625
17348000;5;1070.0555419921875
17358000;5;1064.2659912109375
17369000;5;1058.1904296875
17379000;5;1056.861328125
17389000;5;1066.1109619140625
17399000;5;1066.267333984375
17410000;5;1059.709228515625
17420000;5;1055.503662109375
17430000;5;1052.1739501953125
17441000;5;1063.9840087890625
17451000;5;1064.597900390625
17462000;5;1058.003662109375
17472000;5;1054.6107177734375
17483000;5;1060.8466796875
17494000;5;1065.661865234375
17505000;5;1063.229736328125
17515000;5;1055.7371826171875
17525000;5;1055.69873046875
17536000;5;1064.6617431640625
17546000;5;1067.4083251953125
17556000;5;1056.190185546875
17567000;5;1057.538818359375
17577000;5;1059.1741943359375
17587000;5;1063.6512451171875
17598000;5;1057.6248779296875
17609000;5;1054.538818359375
17619000;5;1060.8463134765625
17630000;5;1063.54931640625
17640000;5;1062.51806640625
17651000;5;1060.19873046875
17661000;5;1056.8912353515625
17671000;5;1056.276123046875
17681000;5;1055.1060791015625
17692000;5;1066.6553955078125
17702000;5;1055.427490234375
17713000;5;1057.7083740234375
17723000;5;1060.6407470703125
17734000;5;1058.9627685546875
17744000;5;1060.432861328125
17754000;5;1058.3167724609375
17765000;5;1058.529541015625
17775000;5;1059.093017578125
17786000;5;1056.4130859375
17797000;5;1059.8153076171875
17808000;5;1059.729248046875
17818000;5;1059.747802734375
17828000;5;1057.7769775390625
17838000;5;1056.74169921875
17849000;5;1055.5919189453125
17861000;5;1062.7464599609375
17872000;5;1060.8720703125
17883000;5;1055.8369140625
17893000;5;1060.3427734375
17903000;5;1060.3426513671875
17913000;5;1054.9580078125
17924000;5;1059.9305419921875
17934000;5;1055.9769287109375
17945000;5;1056.3006591796875
17956000;5;1061.3873291015625
17967000;5;1057.44775390625
17977000;5;1059.481201171875
17987000;5;1053.1102294921875
17997000;5;1058.637451171875
18007000;5;1058.79296875
18017000;5;1063.30615234375
18028000;5;1057.15869140625
18039000;5;1056.4326171875
18049000;5;1059.7733154296875
18061000;5;1056.978515625
18071000;5;1056.607177734375
18081000;5;1059.1968994140625
18091000;5;1061.0858154296875
18101000;5;1059.3250732421875
18112000;5;1063.8204345703125
18122000;5;1058.4638671875
18132000;5;1062.4412841796875
18142000;5;1059.29541015625
18152000;5;1056.7115478515625
18163000;5;1057.39111328125
18174000;5;1062.1513671875
18184000;5;1062.172119140625
18194000;5;1062.4803466796875
18204000;5;1056.8125
18215000;5;1062.0537109375
18225000;5;1057.1348876953125
18235000;5;1060.4244384765625
18246000;5;1059.635498046875
18257000;5;1058.250244140625
18267000;5;1059.1861572265625
18278000;5;1061.576904296875
18288000;5;1060.638427734375
18298000;5;1060.8385009765625
18309000;5;1056.2076416015625
18319000;5;1057.2552490234375
18330000;5;1054.5482177734375
18341000;5;1058.9906005859375
18352000;5;1056.283203125
18362000;5;1060.56591796875
18372000;5;1062.539794921875
18384000;5;1057.21484375
18394000;5;1058.5318603515625
18404000;5;1058.2750244140625
18415000;5;1058.259033203125
18425000;5;1058.162353515625
18435000;5;1056.229736328125
18446000;5;1058.170654296875
18457000;5;1057.659423828125
18468000;5;1059.625
18478000;5;1056.09228515625
18489000;5;1054.8839111328125
18499000;5;1055.3328857421875
18509000;5;1055.822998046875
18520000;5;1058.93408203125
18531000;5;1058.8726806640625
18541000;5;1055.601318359375
18551000;5;1055.2720947265625
18562000;5;1056.9708251953125
18572000;5;1058.7481689453125
18582000;5;1057.475830078125
18592000;5;1061.322265625
18603000;5;1058.246337890625
18614000;5;1059.5718994140625
18624000;5;1057.9200439453125
18635000;5;1054.69140625
18646000;5;1056.417724609375
18656000;5;1058.268798828125
18666000;5;1056.3997802734375
18676000;5;1058.6192626953125
18686000;5;1054.49072265625
18696000;5;1060.427490234375
18707000;5;1060.05419921875
18717000;5;1059.19189453125
18728000;5;1060.002197265625
18738000;5;1059.2783203125
18749000;5;1060.077880859375
18759000;5;1056.603271484375
18770000;5;1056.1033935546875
18780000;5;1058.1138916015625
18791000;5;1056.321044921875
18801000;5;1055.2100830078125
18811000;5;1057.1544189453125
18821000;5;1055.5325927734375
18832000;5;1061.0355224609375
18843000;5;1058.181884765625
18854000;5;1058.6080322265625
18864000;5;1056.7725830078125
18876000;5;1061.06494140625
18886000;5;1057.4512939453125
18897000;5;1056.1405029296875
18907000;5;1054.822265625
18917000;5;1059.6390380859375
18928000;5;1056.29248046875
18938000;5;1057.26611328125
18948000;5;1059.552001953125
18958000;5;1056.6181640625
18969000;5;1060.034423828125
18979000;5;1060.4932861328125
18990000;5;1055.412353515625
19001000;5;1055.357421875
19011000;5;1056.360107421875
19022000;5;1060.56103515625
19032000;5;1059.0955810546875
19043000;5;1052.784912109375
19053000;5;1057.49072265625
19063000;5;1058.2259521484375
19073000;5;1060.7769775390625
19083000;5;1058.80859375
19094000;5;1058.1767578125
19105000;5;1053.9625244140625
19115000;5;1055.12890625
19125000;5;1062.64453125
19135000;5;1055.4344482421875
19145000;5;1058.402587890625
19156000;5;1060.6383056640625
19166000;5;1058.7369384765625
19176000;5;1059.0345458984375
19186000;5;1057.044189453125
19197000;5;1057.5262451171875
19207000;5;1058.4532470703125
19217000;5;1060.03369140625
19227000;5;1058.7568359375
19238000;5;1060.618408203125
19248000;5;1057.354248046875
19259000;5;1063.05322265625
19270000;5;1056.5712890625
19280000;5;1059.7025146484375
19292000;5;1056.94091796875
19302000;5;1057.5977783203125
19312000;5;1059.707763671875
19324000;5;1054.0587158203125
19334000;5;1054.764892578125
19344000;5;1057.683349609375
19355000;5;1057.6500244140625
19366000;5;1054.939697265625
19376000;5;1056.2408447265625
19386000;5;1059.060302734375
19396000;5;1056.727783203125
19406000;5;1056.720458984375
19417000;5;1056.8309326171875
19427000;5;1059.7178955078125
19438000;5;1054.3115234375
19448000;5;1059.926513671875
19458000;5;1053.6451416015625
19469000;5;1059.02099609375
19479000;5;1059.184326171875
19489000;5;1055.3797607421875
19499000;5;1059.962158203125
19510000;5;1056.1241455078125
19521000;5;1060.8748779296875
19531000;5;1057.82861328125
19541000;5;1059.6513671875
19552000;5;1054.380126953125
19562000;5;1056.5684814453125
19572000;5;1061.793701171875
19582000;5;1062.28662109375
19592000;5;1057.6640625
19602000;5;1058.7706298828125
19613000;5;1060.529296875
19624000;5;1055.617919921875
19635000;5;1057.45068359375
19646000;5;1057.9560546875
19657000;5;1056.38525390625
19667000;5;1055.4287109375
19677000;5;1055.297119140625
19688000;5;1056.968505859375
19698000;5;1058.2781982421875
19709000;5;1056.076416015625
19719000;5;1055.8533935546875
19730000;5;1055.5684814453125
19740000;5;1057.9215087890625
19750000;5;1062.928466796875
19761000;5;1061.54345703125
19773000;5;1056.680419921875
19784000;5;1057.990478515625
19794000;5;1058.986572265625
19805000;5;1055.04052734375
19815000;5;1054.512451171875
19825000;5;1056.0140380859375
19836000;5;1054.687744140625
19847000;5;1052.334228515625
19857000;5;1057.17724609375
19867000;5;1055.205078125
19878000;5;1053.7718505859375
19888000;5;1056.4398193359375
19899000;5;1061.762451171875
19911000;5;1057.294189453125
19921000;5;1057.3563232421875
19931000;5;1056.8492431640625
19942000;5;1057.100341796875
19953000;5;1056.7406005859375
19963000;5;1058.44580078125
19974000;5;1053.689697265625
19985000;5;1057.21875
19996000;5;1058.1751708984375
20006000;5;1055.38427734375
20016000;5;1051.2852783203125
20026000;5;1055.918212890625
20036000;5;1057.8382568359375
20046000;5;1062.141845703125
20056000;5;1056.67138671875
20066000;5;1056.904052734375
20077000;5;1057.359375
20088000;5;1057.6749267578125
20098000;5;1055.776123046875
20108000;5;1058.290771484375
20118000;5;1059.452880859375
20128000;5;1055.4580078125
20138000;5;1058.8997802734375
20149000;5;1056.332763671875
20159000;5;1057.781005859375
20170000;5;1054.7567138671875
20180000;5;1058.1162109375
20190000;5;1061.7255859375
20200000;5;1057.759765625
20211000;5;1058.36767578125
20221000;5;1058.451904296875
20231000;5;1058.28955078125
20241000;5;1060.14990234375
20251000;5;1057.390625
20262000;5;1054.601318359375
20272000;5;1057.3167724609375
20282000;5;1055.4027099609375
20293000;5;1055.8714599609375
20303000;5;1059.1727294921875
20313000;5;1059.43212890625
20323000;5;1058.6058349609375
20333000;5;1061.7218017578125
20344000;5;1055.5523681640625
20354000;5;1057.5404052734375
20365000;5;1055.8692626953125
20375000;5;1060.0438232421875
20385000;5;1057.648193359375
20395000;5;1054.569580078125
20406000;5;1054.4862060546875
20417000;5;1054.967529296875
20428000;5;1056.8394775390625
20438000;5;1061.35888671875
20448000;5;1055.917724609375
20459000;5;1057.349365234375
20470000;5;1058.0784912109375
20480000;5;1056.465087890625
20490000;5;1061.928466796875
20500000;5;1056.5616455078125
20510000;5;1055.9102783203125
20521000;5;1056.28857421875
20531000;5;1060.36083984375
20541000;5;1058.0286865234375
20552000;5;1057.6761474609375
20562000;5;1054.21630859375
20573000;5;1056.835205078125
20583000;5;1057.167724609375
20593000;5;1055.4942626953125
20603000;5;1056.3310546875
20614000;5;1060.1510009765625
20624000;10;1500.70654296875
20636000;10;1458.0992431640625
20646000;10;1350.435302734375
20656000;10;1229.453857421875
20666000;10;1109.930419921875
20676000;10;1044.80810546875
20686000;10;1025.9755859375
20697000;10;1011.55810546875
20707000;10;991.6893310546875
20717000;10;963.029541015625
20727000;10;966.8802490234375
20738000;10;994.980712890625
20749000;10;1017.687744140625
20759000;10;1016.1004638671875
20770000;10;1015.0372314453125
20780000;10;1007.8118896484375
20791000;10;1011.5272216796875
20801000;10;1034.83935546875
20811000;10;1060.8458251953125
20822000;10;1104.1383056640625
20832000;10;1122.516845703125
20842000;10;1125.9617919921875
20854000;10;1132.2481689453125
20864000;10;1131.6826171875
20874000;10;1126.8323974609375
20884000;10;1121.5361328125
20895000;10;1125.2498779296875
20905000;10;1129.7735595703125
20916000;10;1125.433837890625
20926000;10;1132.8382568359375
20937000;10;1130.8480224609375
20947000;10;1124.0694580078125
20958000;10;1133.755615234375
20968000;10;1123.8251953125
20979000;10;1128.10498046875
20990000;10;1132.2391357421875
21000000;10;1125.8616943359375
21011000;10;1119.3721923828125
21021000;10;1130.388671875
21032000;10;1134.08349609375
21042000;10;1129.609375
21052000;10;1130.497802734375
21062000;10;1124.430419921875
21073000;10;1125.9918212890625
21083000;10;1127.544189453125
21094000;10;1129.1632080078125
21104000;10;1125.903076171875
21115000;10;1125.8916015625
21126000;10;1130.9300537109375
21136000;10;1125.470947265625
21148000;10;1124.1502685546875
21158000;10;1125.427978515625
21168000;10;1126.5220947265625
21178000;10;1130.9691162109375
21189000;10;1130.631591796875
21199000;10;1129.4033203125
21210000;10;1128.455322265625
21221000;10;1124.6876220703125
21231000;10;1126.8115234375
21241000;10;1129.2557373046875
21252000;10;1131.17138671875
21262000;10;1123.4515380859375
21272000;10;1128.8765869140625
21282000;10;1128.619140625
21293000;10;1129.6561279296875
21303000;10;1128.0858154296875
21313000;10;1130.196533203125
21323000;10;1125.606201171875
21334000;10;1124.9478759765625
21345000;10;1126.67431640625
21356000;10;1129.20458984375
21366000;10;1128.15771484375
21376000;10;1128.0302734375
21387000;10;1125.7864990234375
21398000;10;1129.3934326171875
21409000;10;1126.8951416015625
21419000;10;1129.8177490234375
21430000;10;1130.0084228515625
21440000;10;1126.918701171875
21450000;10;1130.844970703125
21460000;10;1130.2607421875
21471000;10;1126.2042236328125
21481000;10;1125.1099853515625
21491000;10;1123.4195556640625
21501000;10;1126.9261474609375
21512000;10;1126.603515625
21522000;10;1127.32568359375
21532000;10;1127.5272216796875
21543000;10;1128.701904296875
21553000;10;1131.3154296875
21563000;10;1131.48486328125
21574000;10;1128.468505859375
21584000;10;1124.5382080078125
21595000;10;1128.038330078125
21605000;10;1126.1876220703125
21616000;10;1126.65087890625
21627000;10;1128.6923828125
21638000;10;1129.7574462890625
21648000;10;1127.693603515625
21659000;10;1130.9620361328125
21669000;10;1126.6689453125
21679000;10;1132.386962890625
21689000;10;1130.9168701171875
21699000;10;1135.7200927734375
21710000;10;1129.0584716796875
21720000;10;1132.0498046875
21731000;10;1130.7353515625
21742000;10;1133.0126953125
21753000;10;1128.4324951171875
21763000;10;1128.6253662109375
21773000;10;1130.7313232421875
21784000;10;1134.7401123046875
21794000;10;1130.7841796875
21804000;10;1130.343017578125
21814000;10;1133.052001953125
21824000;10;1126.7725830078125
21835000;10;1130.3089599609375
21846000;10;1130.316650390625
21856000;10;1132.9412841796875
21867000;10;1129.111572265625
21878000;10;1130.94384765625
21888000;10;1130.712158203125
21899000;10;1129.2813720703125
21909000;10;1126.60205078125
21920000;10;1125.7860107421875
21930000;10;1130.584716796875
21941000;10;1129.776123046875
21951000;10;1126.291259765625
21962000;10;1131.38330078125
21972000;10;1127.2354736328125
21983000;10;1127.900390625
21994000;10;1130.4835205078125
22004000;10;1130.0841064453125
22014000;10;1126.169677734375
22025000;10;1131.6490478515625
22036000;10;1123.7159423828125
22046000;10;1130.10888671875
22057000;10;1128.635986328125
22067000;10;1126.436279296875
22078000;10;1134.7891845703125
22088000;10;1126.307861328125
22098000;10;1132.69140625
22109000;10;1127.3323974609375
22119000;10;1128.854248046875
22130000;10;1129.275634765625
22140000;10;1129.749267578125
22150000;10;1128.0750732421875
22160000;10;1126.45751953125
22170000;10;1127.0166015625
22181000;10;1128.648681640625
22192000;10;1128.14990234375
22202000;10;1129.127685546875
22212000;10;1131.810791015625
22223000;10;1131.14697265625
22234000;10;1131.2529296875
22244000;10;1131.933349609375
22255000;10;1131.1146240234375
22265000;10;1128.226806640625
22275000;10;1128.3409423828125
22285000;10;1127.787841796875
22295000;10;1130.8575439453125
22306000;10;1127.5777587890625
22316000;10;1129.0478515625
22326000;10;1129.1514892578125
22336000;10;1135.34228515625
22347000;10;1128.30078125
22358000;10;1127.310546875
22368000;10;1128.055419921875
22378000;10;1128.77880859375
22388000;10;1132.664794921875
22398000;10;1132.7132568359375
22408000;10;1129.320556640625
22419000;10;1128.9686279296875
22430000;10;1129.9583740234375
22440000;10;1131.7427978515625
22450000;10;1126.06884765625
22461000;10;1122.981201171875
22472000;10;1128.33544921875
22482000;10;1131.587890625
22492000;10;1130.5587158203125
22503000;10;1128.5478515625
22514000;10;1127.14404296875
22525000;10;1129.16796875
22535000;10;1128.71533203125
22546000;10;1131.7548828125
22556000;10;1128.6839599609375
22567000;10;1129.9522705078125
22577000;10;1131.2393798828125
22587000;10;1134.4832763671875
22597000;10;1126.844482421875
22607000;10;1126.5994873046875
22618000;10;1132.9176025390625
22628000;10;1134.2342529296875
22639000;10;1127.88525390625
22649000;10;1130.7054443359375
22660000;10;1129.1787109375
22670000;10;1130.1666259765625
22680000;10;1125.83251953125
22690000;10;1129.4302978515625
22701000;10;1125.3681640625
22711000;10;1128.3778076171875
22721000;10;1131.1229248046875
22731000;10;1128.65576171875
22742000;10;1132.080810546875
22752000;10;1128.056884765625
22763000;10;1129.8133544921875
22774000;10;1131.540771484375
22784000;10;1126.3890380859375
22795000;10;1127.11767578125
22806000;10;1126.3157958984375
22816000;10;1128.826171875
22827000;10;1129.0784912109375
22837000;10;1126.8177490234375
22848000;10;1129.0860595703125
22858000;10;1126.72607421875
22869000;10;1126.03662109375
22879000;10;1132.444091796875
22889000;10;1127.7342529296875
22900000;10;1125.462890625
22910000;10;1130.465576171875
22920000;10;1127.39990234375
22930000;10;1129.1258544921875
22941000;10;1132.4427490234375
22951000;10;1130.2425537109375
22961000;10;1126.360595703125
22971000;10;1128.31494140625
22982000;10;1125.90771484375
22992000;10;1130.5029296875
23002000;10;1131.6505126953125
23013000;10;1130.3282470703125
23023000;10;1133.4849853515625
23034000;10;1127.553466796875
23045000;10;1133.6708984375
23055000;10;1128.9085693359375
23065000;10;1131.92431640625
23075000;10;1128.56298828125
23086000;10;1123.332763671875
23096000;10;1128.751220703125
23106000;10;1130.045166015625
23117000;10;1130.21240234375
23127000;10;1125.2601318359375
23137000;10;1128.926513671875
23147000;15;1500.0706787109375
23158000;15;1466.16845703125
23169000;15;1411.5087890625
23180000;15;1357.5860595703125
23190000;15;1290.3443603515625
23200000;15;1250.279541015625
23210000;15;1202.3333740234375
23221000;15;1168.771728515625
23232000;15;1135.204833984375
23243000;15;1129.355712890625
23253000;15;1109.9166259765625
23263000;15;1074.499755859375
23274000;15;1061.365966796875
23284000;15;1064.38134765625
23294000;15;1098.6563720703125
23305000;15;1135.528076171875
23315000;15;1147.6051025390625
23326000;15;1167.50830078125
23337000;15;1159.01953125
23347000;15;1162.8101806640625
23357000;15;1149.939453125
23368000;15;1128.290771484375
23378000;15;1128.364990234375
23389000;15;1130.2130126953125
23399000;15;1142.0347900390625
23410000;15;1165.27001953125
23420000;15;1197.797119140625
23431000;15;1208.2578125
23441000;15;1194.355224609375
23451000;15;1182.468017578125
23461000;15;1190.4171142578125
23471000;15;1193.5753173828125
23482000;15;1194.785888671875
23492000;15;1191.6064453125
23503000;15;1187.6478271484375
23513000;15;1189.898681640625
23523000;15;1201.47509765625
23533000;15;1198.7572021484375
23543000;15;1191.7371826171875
23553000;15;1189.9769287109375
23563000;15;1191.837646484375
23574000;15;1195.848876953125
23585000;15;1195.207275390625
23595000;15;1190.4481201171875
23606000;15;1200.234375
23616000;15;1193.6055908203125
23626000;15;1191.1009521484375
23637000;15;1192.46435546875
23647000;15;1190.971923828125
23657000;15;1197.8162841796875
23667000;15;1192.5863037109375
23678000;15;1191.4830322265625
23689000;15;1192.479248046875
23699000;15;1193.98974609375
23710000;15;1192.2130126953125
23721000;15;1192.4114990234375
23732000;15;1193.471435546875
23743000;15;1197.323486328125
23754000;15;1198.3194580078125
23764000;15;1194.03271484375
23774000;15;1190.6383056640625
23784000;15;1191.8680419921875
23794000;15;1192.843017578125
23804000;15;1197.0814208984375
23815000;15;1192.7939453125
23825000;15;1194.9681396484375
23836000;15;1192.5228271484375
23847000;15;1192.3646240234375
23858000;15;1196.364013671875
23868000;15;1193.2249755859375
23878000;15;1193.5777587890625
23888000;15;1188.955322265625
23898000;15;1192.7547607421875
23909000;15;1192.2633056640625
23920000;15;1196.652587890625
23930000;15;1195.145263671875
23940000;15;1191.0667724609375
23950000;15;1193.387939453125
23960000;15;1195.7423095703125
23971000;15;1194.3834228515625
23981000;15;1195.1287841796875
23992000;15;1197.337890625
24003000;15;1200.6142578125
24013000;15;1191.111328125
24024000;15;1191.9541015625
24034000;15;1191.58056640625
24044000;15;1192.6812744140625
24054000;15;1193.0064697265625
24065000;15;1193.089599609375
24076000;15;1192.741943359375
24086000;15;1190.335205078125
24097000;15;1194.5887451171875
24107000;15;1194.3880615234375
24117000;15;1198.4649658203125
24128000;15;1194.816650390625
24138000;15;1193.2899169921875
24149000;15;1193.8704833984375
24160000;15;1193.68212890625
24170000;15;1196.2486572265625
24180000;15;1197.11767578125
24190000;15;1195.3419189453125
24200000;15;1195.833740234375
24210000;15;1194.15234375
24220000;15;1192.1075439453125
24230000;15;1195.64892578125
24240000;15;1196.185546875
24250000;15;1192.15283203125
24261000;15;1200.9581298828125
24272000;15;1198.352783203125
24282000;15;1192.7467041015625
24293000;15;1193.0982666015625
24303000;15;1190.943359375
24313000;15;1194.716552734375
24324000;15;1194.4498291015625
24334000;15;1190.9146728515625
24345000;15;1195.933349609375
24355000;15;1190.5858154296875
24365000;15;1190.005126953125
24375000;15;1198.8353271484375
24386000;15;1193.798095703125
24397000;15;1189.4932861328125
24407000;15;1195.7479248046875
24417000;15;1194.0230712890625
24427000;15;1194.4151611328125
24438000;15;1194.7723388671875
24448000;15;1192.682373046875
24459000;15;1193.0357666015625
24470000;15;1193.9207763671875
24480000;15;1196.439208984375
24491000;15;1192.3062744140625
24502000;15;1195.9759521484375
24512000;15;1190.914306640625
24522000;15;1198.940185546875
24533000;15;1195.4248046875
24544000;15;1193.0872802734375
24554000;15;1197.9293212890625
24564000;15;1190.214111328125
24576000;15;1195.4310302734375
24586000;15;1193.3275146484375
24596000;15;1194.9134521484375
24606000;15;1195.0888671875
24617000;15;1194.4434814453125
24627000;15;1196.7811279296875
24638000;15;1199.3939208984375
24649000;15;1189.19873046875
24659000;15;1193.0628662109375
24670000;15;1196.0360107421875
24680000;15;1200.807373046875
24690000;15;1197.737060546875
24700000;15;1195.6102294921875
24711000;15;1196.643798828125
24721000;15;1191.57763671875
24731000;15;1196.919189453125
24742000;15;1193.5745849609375
24754000;15;1197.9127197265625
24765000;15;1195.7005615234375
24775000;15;1196.2154541015625
24785000;15;1196.99267578125
24795000;15;1196.6956787109375
24806000;15;1195.5806884765625
24816000;15;1195.1517333984375
24827000;15;1194.4346923828125
24838000;15;1195.8104248046875
24849000;15;1195.26806640625
24859000;15;1192.4913330078125
24869000;15;1193.4349365234375
24880000;15;1194.68896484375
24890000;15;1193.0302734375
24900000;15;1198.06201171875
24910000;15;1199.43798828125
24921000;15;1196.084716796875
24931000;15;1195.6204833984375
24941000;15;1191.037841796875
24952000;15;1195.240966796875
24962000;15;1196.802734375
24973000;15;1193.7957763671875
24983000;15;1196.8460693359375
24994000;15;1196.796875
25004000;15;1197.58642578125
25015000;15;1194.9632568359375
25026000;15;1193.873779296875
25036000;15;1194.1468505859375
25047000;15;1191.3465576171875
25057000;15;1195.929931640625
25067000;15;1193.0233154296875
25077000;15;1197.189453125
25088000;15;1200.133056640625
25099000;15;1200.9981689453125
25111000;15;1195.13671875
25121000;15;1192.9339599609375
25131000;15;1197.1595458984375
25142000;15;1196.438720703125
25152000;15;1194.4610595703125
25163000;15;1200.2872314453125
25174000;15;1193.8721923828125
25184000;15;1192.358642578125
25195000;15;1194.21923828125
25206000;15;1192.287353515625
25216000;15;1195.9144287109375
25227000;15;1193.5462646484375
25238000;15;1190.9007568359375
25249000;15;1189.8226318359375
25259000;15;1199.201416015625
25270000;15;1199.7235107421875
25280000;15;1193.7672119140625
25291000;15;1195.2982177734375
25303000;15;1197.141845703125
25314000;15;1194.484130859375
25324000;15;1197.1959228515625
25334000;15;1194.91845703125
25344000;15;1192.6995849609375
25354000;15;1198.4100341796875
25365000;15;1193.2093505859375
25375000;15;1196.7493896484375
25386000;15;1196.314697265625
25396000;15;1194.5872802734375
25406000;15;1190.641845703125
25417000;15;1197.7872314453125
25427000;15;1194.1993408203125
25438000;15;1194.755615234375
25448000;15;1195.7584228515625
25459000;15;1196.6444091796875
25470000;15;1196.2542724609375
25480000;15;1198.91357421875
25490000;15;1195.724853515625
25500000;15;1199.5185546875
25511000;15;1195.3731689453125
25521000;15;1197.7227783203125
25531000;15;1194.7620849609375
25542000;15;1196.3306884765625
25552000;15;1196.0179443359375
25563000;15;1197.9254150390625
25574000;15;1198.437744140625
25584000;15;1194.428466796875
25595000;15;1193.6373291015625
25606000;15;1193.300048828125
25616000;15;1192.4041748046875
25627000;15;1196.906005859375
25638000;15;1198.658203125
25648000;15;1192.5135498046875
25659000;15;1198.1907958984375
25670000;15;1197.8870849609375
25680000;15;1199.4853515625
25690000;15;1197.2105712890625
25700000;15;1194.897705078125
25710000;15;1197.4599609375
25720000;15;1198.2423095703125
25731000;15;1196.202392578125
25741000;15;1200.775390625
25751000;15;1200.2344970703125
25762000;15;1195.0938720703125
25772000;15;1192.4375
25782000;15;1194.557373046875
25792000;15;1195.092529296875
25803000;15;1195.287109375
25813000;15;1195.600341796875
25823000;15;1194.3699951171875
25835000;15;1199.14453125
25846000;15;1196.96142578125
25856000;15;1201.118896484375
25866000;15;1196.1192626953125
25877000;15;1197.1690673828125
25887000;15;1194.9208984375
25897000;15;1193.5596923828125
25907000;15;1194.5888671875
25918000;15;1200.4609375
25928000;15;1199.01123046875
25939000;15;1195.8851318359375
25949000;15;1198.0128173828125
25960000;15;1195.9622802734375
25972000;15;1199.0072021484375
25982000;15;1195.103271484375
25993000;15;1199.5684814453125
26003000;15;1195.5042724609375
26013000;15;1194.7740478515625
26023000;15;1199.2982177734375
26034000;15;1194.5572509765625
26044000;15;1197.1153564453125
26054000;15;1193.818603515625
26065000;15;1197.7327880859375
26076000;15;1196.955810546875
26086000;15;1195.754638671875
26096000;15;1194.1763916015625
26107000;15;1194.6446533203125
26117000;15;1195.8648681640625
26127000;15;1202.274169921875
26138000;15;1196.3409423828125
26149000;15;1198.003662109375
26159000;15;1198.9183349609375
26170000;15;1195.156005859375
26180000;15;1195.2171630859375
26190000;15;1191.8406982421875
26200000;15;1199.5037841796875
26212000;20;1485.1719970703125
26222000;20;1449.1298828125
26233000;20;1409.7138671875
26243000;20;1389.759033203125
26254000;20;1378.8818359375
26264000;20;1367.809814453125
26274000;20;1360.419189453125
26285000;20;1320.52978515625
26295000;20;1261.3787841796875
26305000;20;1216.6043701171875
26316000;20;1200.229248046875
26327000;20;1207.841064453125
26337000;20;1182.2413330078125
26348000;20;1140.22509765625
26359000;20;1104.214599609375
26369000;20;1102.700927734375
26380000;20;1139.836669921875
26390000;20;1170.52685546875
26401000;20;1191.8739013671875
26411000;20;1174.981689453125
26422000;20;1154.0977783203125
26432000;20;1119.59033203125
26443000;20;1091.743896484375
26454000;20;1108.081298828125
26465000;20;1117.89208984375
26475000;20;1143.0018310546875
26485000;20;1153.93994140625
26496000;20;1162.9385986328125
26506000;20;1181.2279052734375
26517000;20;1206.502197265625
26527000;20;1226.2510986328125
26538000;20;1210.683837890625
26550000;20;1210.935791015625
26560000;20;1205.9569091796875
26570000;20;1201.6048583984375
26581000;20;1210.38525390625
26591000;20;1207.149169921875
26602000;20;1206.2022705078125
26613000;20;1206.4610595703125
26623000;20;1213.0855712890625
26634000;20;1211.3798828125
26645000;20;1206.197021484375
26656000;20;1209.115234375
26666000;20;1207.830078125
26676000;20;1212.5616455078125
26686000;20;1211.02001953125
26696000;20;1205.9752197265625
26707000;20;1209.987060546875
26717000;20;1205.976318359375
26728000;20;1209.39599609375
26738000;20;1202.69677734375
26749000;20;1206.7320556640625
26759000;20;1212.201904296875
26769000;20;1208.14990234375
26779000;20;1207.4537353515625
26790000;20;1203.5743408203125
26801000;20;1208.6153564453125
26811000;20;1214.4805908203125
26822000;20;1208.4927978515625
26832000;20;1208.1456298828125
26843000;20;1209.1092529296875
26854000;20;1206.4613037109375
26865000;20;1209.9857177734375
26875000;20;1203.5726318359375
26886000;20;1207.0167236328125
26896000;20;1207.6995849609375
26907000;20;1208.9755859375
26917000;20;1209.18212890625
26927000;20;1206.6492919921875
26938000;20;1205.496826171875
26948000;20;1210.5347900390625
26958000;20;1208.6815185546875
26968000;20;1205.785400390625
26978000;20;1208.07568359375
26989000;20;1205.695556640625
26999000;20;1214.577880859375
27010000;20;1205.7857666015625
27020000;20;1208.1434326171875
27031000;20;1206.23974609375
27041000;20;1207.8358154296875
27051000;20;1210.1033935546875
27062000;20;1204.4595947265625
27072000;20;1206.7154541015625
27082000;20;1208.5218505859375
27093000;20;1209.3837890625
27103000;20;1208.9425048828125
27113000;20;1207.628173828125
27124000;20;1205.4722900390625
27134000;20;1211.05810546875
27144000;20;1209.9873046875
27155000;20;1209.593017578125
27166000;20;1207.4791259765625
27176000;20;1206.5028076171875
27187000;20;1209.7919921875
27198000;20;1208.9541015625
27209000;20;1206.9190673828125
27220000;20;1204.990234375
27230000;20;1208.8604736328125
27241000;20;1207.81298828125
27251000;20;1205.6002197265625
27261000;20;1210.603515625
27271000;20;1209.3046875
27281000;20;1210.5062255859375
27292000;20;1205.381591796875
27302000;20;1206.273681640625
27312000;20;1210.29345703125
27323000;20;1212.4085693359375
27333000;20;1210.7427978515625
27344000;20;1208.794189453125
27355000;20;1208.6416015625
27366000;20;1210.860107421875
27376000;20;1208.317138671875
27386000;20;1205.487548828125
27396000;20;1210.5001220703125
27406000;20;1207.224609375
27416000;20;1207.959228515625
27427000;20;1207.3209228515625
27437000;20;1209.49853515625
27447000;20;1203.46142578125
27457000;20;1213.3323974609375
27467000;20;1209.49609375
27478000;20;1207.50341796875
27488000;20;1210.193603515625
27498000;20;1211.165771484375
27508000;20;1208.821533203125
27518000;20;1206.9278564453125
27529000;20;1205.94921875
27539000;20;1207.1484375
27549000;20;1206.758544921875
27560000;20;1207.6361083984375
27570000;20;1208.610595703125
27581000;20;1208.7779541015625
27591000;20;1209.6865234375
27601000;20;1208.368408203125
27611000;20;1208.27294921875
27622000;20;1205.0062255859375
27632000;20;1206.1204833984375
27643000;20;1208.10986328125
27654000;20;1203.2769775390625
27665000;20;1205.2752685546875
27675000;20;1209.412841796875
27685000;20;1209.619873046875
27695000;20;1211.785400390625
27706000;20;1206.36328125
27716000;20;1204.3646240234375
27726000;20;1205.6024169921875
27736000;20;1212.426513671875
27747000;20;1211.0146484375
27757000;20;1203.2489013671875
27768000;20;1208.762939453125
27778000;20;1205.057373046875
27789000;20;1212.096923828125
27799000;20;1205.7611083984375
27809000;20;1208.2646484375
27819000;20;1201.8592529296875
27829000;20;1207.973388671875
27840000;20;1206.8614501953125
27850000;20;1208.3807373046875
27861000;20;1207.726806640625
27871000;20;1210.085205078125
27881000;20;1206.383544921875
27891000;20;1207.0853271484375
27902000;20;1203.585693359375
27913000;20;1203.7098388671875
27923000;20;1204.04931640625
27933000;20;1208.6383056640625
27943000;20;1207.765625
27953000;20;1206.3209228515625
27964000;20;1209.6676025390625
27975000;20;1206.503662109375
27985000;20;1207.541259765625
27995000;20;1208.8436279296875
28005000;20;1209.3597412109375
28016000;20;1206.4073486328125
28027000;20;1212.126953125
28038000;20;1205.42626953125
28049000;20;1213.8072509765625
28060000;20;1207.9090576171875
28070000;20;1213.2139892578125
28080000;20;1206.0350341796875
28090000;20;1203.50048828125
28100000;20;1201.649658203125
28110000;20;1207.62939453125
28121000;20;1212.4912109375
28131000;20;1206.129150390625
28142000;20;1204.381591796875
28153000;20;1215.5111083984375
28163000;20;1206.58154296875
28174000;20;1210.3590087890625
28184000;20;1205.182861328125
28194000;20;1209.376220703125
28205000;20;1208.7147216796875
28215000;20;1208.4593505859375
28225000;20;1206.6771240234375
28236000;20;1209.6112060546875
28246000;20;1207.951904296875
28256000;20;1206.1209716796875
28266000;20;1211.4521484375
28277000;20;1206.1168212890625
28287000;20;1204.713623046875
28297000;20;1206.598388671875
28308000;20;1210.7789306640625
28318000;20;1206.509765625
28329000;20;1206.3524169921875
28339000;20;1208.01318359375
28350000;20;1214.65771484375
28360000;20;1204.05078125
28370000;20;1205.5479736328125
28380000;20;1205.2322998046875
28391000;20;1207.738525390625
28401000;20;1208.1910400390625
28412000;20;1208.5703125
28422000;20;1206.89990234375
28432000;20;1207.0350341796875
28442000;20;1205.614501953125
28453000;20;1208.4029541015625
28464000;20;1211.514404296875
28474000;20;1207.5438232421875
28484000;20;1208.8985595703125
28494000;20;1206.260009765625
28504000;20;1201.6605224609375
28514000;20;1206.803466796875
28525000;20;1206.670166015625
28535000;20;1205.569580078125
28546000;20;1208.3712158203125
28556000;20;1208.64599609375
28567000;20;1204.5750732421875
28578000;20;1208.2479248046875
28588000;20;1207.7540283203125
28598000;20;1210.437744140625
28609000;20;1205.25390625
28619000;20;1211.3109130859375
28630000;20;1204.3450927734375
28640000;20;1207.8819580078125
28651000;20;1212.935546875
28661000;20;1208.2103271484375
28671000;20;1206.1790771484375
28682000;20;1204.04833984375
28693000;20;1209.7379150390625
28704000;20;1209.9541015625
28715000;20;1208.05517578125
28725000;20;1207.1260986328125
28736000;20;1206.2559814453125
28746000;20;1205.159912109375
28756000;20;1205.0382080078125
28766000;20;1208.67431640625
28777000;20;1206.210693359375
28787000;20;1205.740478515625
28798000;20;1209.24072265625
28809000;25;1502.7867431640625
28820000;25;1466.828125
28830000;25;1414.7596435546875
28840000;25;1350.770263671875
28851000;25;1299.91650390625
28861000;25;1253.23876953125
28871000;25;1224.91650390625
28881000;25;1215.71337890625
28891000;25;1228.18359375
28901000;25;1257.7545166015625
28912000;25;1254.445068359375
28924000;25;1214.9598388671875
28935000;25;1177.72314453125
28946000;25;1171.619140625
28956000;25;1196.169189453125
28966000;25;1214.1866455078125
28978000;25;1220.077880859375
28988000;25;1210.120361328125
28999000;25;1183.9979248046875
29009000;25;1155.9947509765625
29020000;25;1147.1837158203125
29030000;25;1159.46875
29040000;25;1189.0831298828125
29051000;25;1241.4146728515625
29062000;25;1277.441162109375
29072000;25;1281.0216064453125
29082000;25;1289.859130859375
29092000;25;1279.9473876953125
29103000;25;1268.3170166015625
29113000;25;1277.489501953125
29124000;25;1274.896484375
29134000;25;1261.8126220703125
29144000;25;1266.1011962890625
29154000;25;1267.37451171875
29165000;25;1270.329345703125
29175000;25;1276.578857421875
29185000;25;1278.4459228515625
29195000;25;1274.625732421875
29206000;25;1272.619140625
29217000;25;1273.956298828125
29227000;25;1262.700927734375
29237000;25;1270.6845703125
29248000;25;1275.9176025390625
29258000;25;1278.556884765625
29269000;25;1283.2188720703125
29279000;25;1274.568359375
29290000;25;1267.684814453125
29301000;25;1270.4033203125
29312000;25;1270.636474609375
29322000;25;1270.7098388671875
29332000;25;1274.680908203125
29342000;25;1278.333251953125
29352000;25;1277.413818359375
29363000;25;1274.24609375
29373000;25;1269.8814697265625
29383000;25;1270.3411865234375
29394000;25;1275.9683837890625
29404000;25;1273.54541015625
29415000;25;1278.0302734375
29425000;25;1279.260009765625
29435000;25;1271.647216796875
29446000;25;1275.6300048828125
29456000;25;1273.140380859375
29466000;25;1269.6641845703125
29477000;25;1272.1220703125
29487000;25;1271.772705078125
29497000;25;1269.8101806640625
29507000;25;1269.4869384765625
29517000;25;1276.791748046875
29528000;25;1274.85498046875
29538000;25;1267.413818359375
29548000;25;1265.65087890625
29559000;25;1272.238037109375
29569000;25;1274.7479248046875
29579000;25;1272.501220703125
29590000;25;1272.238525390625
29600000;25;1273.727294921875
29610000;25;1273.500732421875
29620000;25;1268.7403564453125
29630000;25;1270.408935546875
29640000;25;1270.0372314453125
29651000;25;1270.329345703125
29662000;25;1272.3377685546875
29672000;25;1273.5479736328125
29682000;25;1271.430908203125
29693000;25;1272.8018798828125
29703000;25;1271.9093017578125
29714000;25;1269.081298828125
29725000;25;1271.0042724609375
29735000;25;1273.947509765625
29746000;25;1275.8577880859375
29757000;25;1271.6666259765625
29767000;25;1277.0830078125
29778000;25;1269.6080322265625
29789000;25;1273.1202392578125
29799000;25;1273.0821533203125
29809000;25;1272.4976806640625
29819000;25;1273.456298828125
29829000;25;1269.5482177734375
29840000;25;1270.206298828125
29850000;25;1274.16943359375
29860000;25;1272.74462890625
29870000;25;1273.8221435546875
29880000;25;1277.4764404296875
29890000;25;1272.9317626953125
29900000;25;1271.506103515625
29910000;25;1275.0086669921875
29920000;25;1272.55224609375
29932000;25;1273.783935546875
29942000;25;1271.94384765625
29952000;25;1272.3668212890625
29963000;25;1268.12353515625
29974000;25;1274.5936279296875
29984000;25;1273.5999755859375
29994000;25;1271.901611328125
30004000;25;1273.752685546875
30014000;25;1270.9722900390625
30024000;25;1270.150634765625
30034000;25;1275.601806640625
30045000;25;1272.3433837890625
30055000;25;1274.6192626953125
30066000;25;1273.786376953125
30077000;25;1269.9713134765625
30087000;25;1274.886962890625
30098000;25;1271.997802734375
30108000;25;1275.7542724609375
30118000;25;1274.2833251953125
30128000;25;1270.51708984375
30138000;25;1272.46533203125
30149000;25;1274.9146728515625
30159000;25;1274.8970947265625
30169000;25;1274.667236328125
30179000;25;1276.877197265625
30190000;25;1271.6058349609375
30200000;25;1268.23095703125
30211000;25;1270.9385986328125
30221000;25;1275.4066162109375
30232000;25;1274.7301025390625
30242000;25;1275.1796875
30252000;25;1274.0626220703125
30262000;25;1272.2353515625
30272000;25;1274.2332763671875
30283000;25;1271.417236328125
30294000;25;1271.5318603515625
30304000;25;1272.1717529296875
30315000;25;1272.44921875
30326000;25;1273.791015625
30336000;25;1269.0943603515625
30347000;25;1272.4293212890625
30357000;25;1270.45458984375
30367000;25;1272.0946044921875
30378000;25;1269.61279296875
30389000;25;1267.4326171875
30399000;25;1267.681884765625
30409000;25;1273.3907470703125
30419000;25;1276.50830078125
30429000;25;1270.895751953125
30440000;25;1267.5330810546875
30450000;25;1272.6209716796875
30460000;25;1271.8677978515625
30470000;25;1274.366943359375
30481000;25;1273.56103515625
30491000;25;1270.0196533203125
30502000;25;1267.27490234375
30512000;25;1272.2259521484375
30524000;25;1275.9876708984375
30535000;25;1273.35107421875
30545000;25;1274.9278564453125
30555000;25;1273.337646484375
30566000;25;1272.5556640625
30577000;25;1273.6746826171875
30587000;25;1272.6275634765625
30598000;25;1274.8477783203125
30608000;25;1274.171630859375
30618000;25;1278.744384765625
30629000;25;1268.8741455078125
30639000;25;1272.78564453125
30649000;25;1278.0311279296875
30659000;25;1272.437255859375
30670000;25;1273.33984375
30680000;25;1274.681884765625
30691000;25;1274.87158203125
30702000;25;1274.576171875
30712000;25;1274.1953125
30722000;25;1273.5872802734375
30732000;25;1273.15673828125
30743000;25;1274.937255859375
30753000;25;1273.986572265625
30763000;25;1277.58251953125
30774000;25;1271.33349609375
30784000;25;1273.0897216796875
30794000;25;1273.6368408203125
30806000;25;1275.5467529296875
30817000;25;1272.4814453125
30827000;25;1277.2794189453125
30838000;25;1271.7965087890625
30848000;25;1272.3134765625
30858000;25;1274.590087890625
30868000;25;1270.1307373046875
30879000;25;1275.3160400390625
30891000;25;1272.84619140625
30902000;25;1273.404052734375
30912000;25;1273.3843994140625
30923000;25;1279.53515625
30933000;25;1269.8486328125
30943000;25;1275.870849609375
30954000;25;1277.089599609375
30964000;25;1274.0791015625
30974000;25;1275.446533203125
30985000;25;1276.3243408203125
30995000;25;1276.4473876953125
31005000;25;1275.864501953125
31016000;25;1273.38525390625
31026000;25;1274.2633056640625
31036000;25;1271.609130859375
31047000;25;1276.111083984375
31057000;25;1274.24658203125
31068000;25;1276.5291748046875
31078000;25;1273.1202392578125
31088000;25;1273.491943359375
31098000;25;1272.424560546875
31108000;25;1274.6279296875
31118000;25;1275.4044189453125
31129000;25;1277.6378173828125
31139000;25;1274.5794677734375
31149000;25;1273.3826904296875
31160000;25;1274.4652099609375
31170000;25;1271.02880859375
31180000;25;1272.50537109375
31191000;25;1272.082763671875
31201000;25;1278.384765625
31212000;25;1274.159912109375
31222000;25;1271.92529296875
31233000;25;1274.719970703125
31243000;25;1274.5582275390625
31254000;25;1277.619384765625
31264000;25;1274.09765625
31274000;25;1272.426025390625
31285000;25;1272.9200439453125
31295000;25;1275.85009765625
31305000;25;1270.2113037109375
31316000;25;1278.372802734375
31326000;25;1271.1165771484375
31336000;25;1274.98193359375
31346000;25;1277.489990234375
31357000;25;1274.17041015625
31367000;25;1278.513916015625
31378000;25;1276.26611328125
31389000;25;1272.25537109375
31399000;25;1272.5628662109375
31410000;25;1275.801513671875
31420000;25;1274.6534423828125
31430000;25;1275.09912109375
31441000;25;1272.49853515625
31451000;25;1272.83056640625
31461000;25;1276.16162109375
31472000;25;1273.3094482421875
31483000;25;1274.0675048828125
31493000;25;1272.975830078125
31504000;25;1271.80078125
31516000;25;1273.0103759765625
31526000;25;1277.6883544921875
31536000;25;1273.5294189453125
31547000;25;1273.8427734375
31558000;25;1273.0067138671875
31568000;25;1273.9970703125
31579000;25;1277.276123046875
31590000;25;1273.6204833984375
31601000;25;1273.163330078125
31612000;25;1274.87841796875
31622000;25;1274.693115234375
31633000;25;1274.2047119140625
31643000;25;1275.6417236328125
31653000;25;1276.4122314453125
31664000;25;1275.0467529296875
31675000;25;1274.9595947265625
31686000;25;1278.22900390625
31696000;25;1276.4820556640625
31706000;25;1277.305908203125
31717000;25;1277.7845458984375
31727000;25;1275.21875
31737000;25;1278.428466796875
31747000;25;1275.5692138671875
31757000;25;1276.1591796875
31767000;25;1275.059814453125
31778000;25;1273.90966796875
31788000;25;1273.463623046875
31799000;25;1273.2242431640625
31809000;25;1269.790283203125
31819000;25;1273.3868408203125
31830000;25;1277.9625244140625
31840000;25;1274.9876708984375
31851000;25;1273.286376953125
31862000;25;1273.923095703125
31872000;25;1276.796630859375
31883000;25;1277.1458740234375
31894000;25;1274.009033203125
31904000;25;1273.651123046875
31915000;25;1273.3697509765625
31925000;25;1273.8731689453125
31935000;25;1277.5279541015625
31945000;25;1272.7720947265625
31956000;25;1271.01513671875
31966000;25;1273.957275390625
31977000;25;1274.68994140625
31988000;25;1274.7025146484375
31998000;25;1272.7784423828125
32008000;25;1276.93994140625
32018000;25;1278.0748291015625
32028000;25;1277.902587890625
32039000;25;1279.1962890625
32049000;25;1277.7052001953125
32059000;30;1499.908447265625
32070000;30;1477.9364013671875
32081000;30;1441.117431640625
32091000;30;1417.489013671875
32102000;30;1404.2950439453125
32112000;30;1386.811279296875
32122000;30;1392.917724609375
32132000;30;1370.84228515625
32142000;30;1330.94580078125
32153000;30;1315.747314453125
32163000;30;1285.029296875
32174000;30;1293.7293701171875
32184000;30;1308.93359375
32194000;30;1338.90771484375
32204000;30;1364.1942138671875
32214000;30;1342.97509765625
32225000;30;1338.380126953125
32236000;30;1288.3741455078125
32246000;30;1270.1842041015625
32257000;30;1260.36962890625
32267000;30;1270.16552734375
32278000;30;1285.05615234375
32288000;30;1286.3780517578125
32300000;30;1300.7481689453125
32310000;30;1302.4986572265625
32320000;30;1278.157470703125
32330000;30;1294.279296875
32340000;30;1289.8182373046875
32350000;30;1284.1871337890625
32362000;30;1282.892578125
32372000;30;1269.9715576171875
32382000;30;1266.47900390625
32392000;30;1298.406982421875
32403000;30;1340.0025634765625
32413000;30;1350.43212890625
32423000;30;1349.587646484375
32434000;30;1348.928466796875
32444000;30;1331.3572998046875
32454000;30;1326.0341796875
32464000;30;1333.95556640625
32474000;30;1335.2041015625
32484000;30;1343.1434326171875
32495000;30;1344.651123046875
32506000;30;1340.3544921875
32516000;30;1338.931396484375
32526000;30;1332.98583984375
32536000;30;1339.2987060546875
32547000;30;1335.58349609375
32558000;30;1345.4901123046875
32568000;30;1342.2320556640625
32579000;30;1332.696044921875
32589000;30;1339.45166015625
32599000;30;1334.4468994140625
32610000;30;1344.71923828125
32620000;30;1343.8392333984375
32631000;30;1340.20263671875
32641000;30;1344.267578125
32652000;30;1335.622314453125
32662000;30;1337.6702880859375
32672000;30;1337.99560546875
32683000;30;1341.4683837890625
32694000;30;1335.323974609375
32704000;30;1339.33203125
32715000;30;1336.81884765625
32727000;30;1338.0047607421875
32737000;30;1337.45947265625
32747000;30;1340.40380859375
32758000;30;1337.244384765625
32768000;30;1339.7508544921875
32778000;30;1339.1197509765625
32788000;30;1331.716796875
32798000;30;1339.3780517578125
32808000;30;1338.891357421875
32819000;30;1343.819091796875
32830000;30;1340.583740234375
32840000;30;1338.543212890625
32850000;30;1339.433349609375
32860000;30;1337.8828125
32870000;30;1335.8875732421875
32880000;30;1340.00244140625
32891000;30;1342.814453125
32902000;30;1338.6304931640625
32913000;30;1340.78955078125
32923000;30;1339.8487548828125
32933000;30;1338.8367919921875
32944000;30;1338.3018798828125
32954000;30;1340.568359375
32964000;30;1339.0733642578125
32975000;30;1343.4771728515625
32985000;30;1340.467041015625
32996000;30;1337.878173828125
33006000;30;1338.82666015625
33017000;30;1344.12646484375
33027000;30;1335.9971923828125
33039000;30;1339.364990234375
33049000;30;1338.592041015625
33059000;30;1343.68505859375
33069000;30;1336.016845703125
33079000;30;1338.7579345703125
33089000;30;1339.3720703125
33100000;30;1336.552490234375
33112000;30;1336.562744140625
33122000;30;1339.9842529296875
33132000;30;1339.13720703125
33143000;30;1342.5689697265625
33153000;30;1338.443115234375
33164000;30;1338.72607421875
33175000;30;1339.1077880859375
33187000;30;1340.129638671875
33197000;30;1336.8394775390625
33207000;30;1334.2205810546875
33218000;30;1339.6856689453125
33229000;30;1341.1619873046875
33239000;30;1338.9942626953125
33249000;30;1337.0107421875
33261000;30;1340.5677490234375
33271000;30;1334.981689453125
33282000;30;1341.75
33292000;30;1339.718505859375
33302000;30;1340.67431640625
33312000;30;1334.3895263671875
33323000;30;1336.77734375
33334000;30;1340.3662109375
33344000;30;1335.3880615234375
33355000;30;1338.312744140625
33366000;30;1341.347900390625
33376000;30;1339.0367431640625
33386000;30;1338.380859375
33397000;30;1338.10302734375
33407000;30;1333.83642578125
33418000;30;1336.299072265625
33429000;30;1342.134765625
33439000;30;1336.9359130859375
33449000;30;1340.9661865234375
33459000;30;1338.453125
33469000;30;1339.125244140625
33480000;30;1335.953125
33490000;30;1339.6640625
33501000;30;1340.953369140625
33511000;30;1335.178466796875
33521000;30;1339.661376953125
33532000;30;1339.6046142578125
33542000;30;1339.2291259765625
33553000;30;1337.9644775390625
33563000;30;1340.50146484375
33574000;30;1340.768310546875
33584000;30;1339.0015869140625
33594000;30;1336.835205078125
33605000;30;1339.478759765625
33616000;30;1338.36328125
33627000;30;1342.209228515625
33637000;30;1340.7261962890625
33648000;30;1336.929443359375
33658000;30;1336.3756103515625
33669000;30;1340.4420166015625
33679000;30;1339.3486328125
33690000;30;1338.006591796875
33700000;30;1339.3048095703125
33712000;30;1343.41259765625
33722000;30;1338.107666015625
33732000;30;1341.17578125
33742000;30;1336.0927734375
33753000;30;1340.995361328125
33763000;30;1341.296142578125
33773000;30;1340.5360107421875
33784000;30;1338.093994140625
33794000;30;1337.7178955078125
33805000;30;1336.355712890625
33815000;30;1339.029052734375
33825000;30;1339.303955078125
33836000;30;1338.942138671875
33847000;30;1337.4957275390625
33857000;30;1341.25927734375
33868000;30;1337.3955078125
33878000;30;1338.5106201171875
33888000;30;1335.7802734375
33899000;30;1334.18603515625
33910000;30;1340.6475830078125
33920000;30;1338.5849609375
33931000;30;1340.0609130859375
33942000;30;1337.663330078125
33953000;30;1341.936767578125
33963000;30;1336.3524169921875
33974000;30;1337.28369140625
33984000;30;1338.639892578125
33995000;30;1337.85302734375
34006000;30;1336.2769775390625
34016000;30;1340.9307861328125
34027000;30;1338.752197265625
34038000;30;1340.3358154296875
34049000;30;1336.52392578125
34059000;30;1338.3934326171875
34070000;30;1334.2017822265625
34080000;30;1340.096435546875
34090000;30;1335.3236083984375
34100000;30;1340.885986328125
34110000;30;1340.2025146484375
34121000;30;1339.637939453125
34131000;30;1338.2774658203125
34141000;30;1337.053955078125
34152000;30;1339.787109375
34163000;30;1340.49072265625
34173000;30;1338.7197265625
34183000;30;1338.0987548828125
34194000;30;1336.3885498046875
34204000;30;1341.3787841796875
34214000;30;1338.1824951171875
34224000;30;1339.315673828125
34235000;30;1340.31103515625
34246000;30;1338.906494140625
34256000;30;1340.858642578125
34267000;30;1336.9737548828125
34278000;30;1338.0799560546875
34289000;30;1337.527099609375
34299000;30;1339.480224609375
34309000;30;1338.95947265625
34320000;30;1336.9287109375
34330000;30;1333.2078857421875
34340000;30;1335.066650390625
34350000;30;1342.9091796875
34361000;30;1338.81396484375
34372000;30;1340.7080078125
34382000;30;1339.6412353515625
34392000;30;1338.4315185546875
34403000;30;1336.7894287109375
34414000;30;1342.95751953125
34424000;30;1341.14013671875
34435000;30;1341.724609375
34445000;30;1337.6600341796875
34455000;30;1336.7774658203125
34465000;30;1339.053955078125
34476000;30;1341.876953125
34486000;30;1339.331298828125
34497000;30;1341.240234375
34507000;30;1336.7137451171875
34517000;30;1342.9132080078125
34528000;30;1335.0009765625
34538000;30;1337.81591796875
34549000;30;1342.59326171875
34559000;30;1338.3251953125
34569000;30;1336.5894775390625
34579000;30;1338.583740234375
34590000;30;1338.173583984375
34600000;30;1342.2630615234375
34611000;30;1335.93408203125
34621000;30;1342.54150390625
34633000;30;1342.11962890625
34643000;30;1337.3853759765625
34653000;30;1338.0482177734375
34663000;30;1343.4801025390625
34674000;30;1340.644287109375
34684000;30;1339.7655029296875
34694000;30;1338.85986328125
34705000;30;1341.3856201171875
34715000;30;1338.8543701171875
34726000;30;1343.3770751953125
34736000;30;1339.1771240234375
34747000;30;1339.1651611328125
34759000;30;1338.4510498046875
34769000;30;1339.17138671875
34780000;30;1336.65625
34791000;30;1336.3994140625
34801000;30;1337.9327392578125
34811000;30;1336.828369140625
34821000;30;1337.9393310546875
34831000;30;1338.1104736328125
34841000;30;1337.0716552734375
34851000;30;1333.4813232421875
34861000;30;1339.1795654296875
34872000;30;1336.898681640625
34882000;30;1337.0306396484375
34893000;30;1337.99267578125
34903000;30;1338.031005859375
34913000;30;1338.349853515625
34924000;30;1341.6014404296875
34936000;30;1337.7442626953125
34946000;30;1336.5113525390625
34957000;30;1338.679443359375
34967000;30;1339.0447998046875
34977000;30;1338.365966796875
34987000;30;1336.96728515625
34998000;30;1333.0673828125
35008000;30;1340.5076904296875
35018000;30;1335.6055908203125
35028000;30;1333.760986328125
35038000;30;1341.552734375
35048000;30;1337.7808837890625
35058000;30;1342.294677734375
35069000;30;1339.014892578125
35079000;30;1336.050048828125
35089000;30;1338.4482421875
35099000;30;1340.0799560546875
35110000;30;1337.31787109375
35121000;30;1338.867919921875
35132000;30;1339.7724609375
35143000;30;1336.919677734375
35154000;30;1341.436279296875
35164000;30;1342.158935546875
35175000;30;1337.869140625
35186000;30;1338.873291015625
35196000;30;1340.7493896484375
35206000;30;1338.12060546875
35216000;30;1335.732177734375
35227000;30;1337.532470703125
35238000;30;1340.50732421875
35249000;30;1337.180419921875
35260000;30;1336.90771484375
35271000;30;1342.9722900390625
35282000;30;1341.45703125
35292000;30;1344.725830078125
35303000;30;1336.6993408203125
35313000;30;1337.6954345703125
35323000;30;1339.2589111328125
35333000;30;1338.41845703125
35344000;30;1344.0723876953125
35355000;30;1337.833740234375
35365000;30;1344.538818359375
35375000;30;1341.68505859375
35386000;30;1336.859130859375
35396000;30;1337.9144287109375
35407000;30;1336.54296875
35417000;30;1337.43603515625
35427000;30;1341.201904296875
35437000;30;1338.60693359375
35448000;30;1337.1275634765625
35458000;30;1339.6961669921875
35469000;30;1342.028076171875
35479000;30;1335.228515625
35489000;30;1334.8658447265625
35500000;30;1338.40380859375
35511000;30;1336.088623046875
35521000;30;1338.565185546875
35531000;30;1345.0302734375
35542000;30;1339.8216552734375
35553000;30;1341.1513671875
35563000;30;1337.9893798828125
35573000;30;1345.9984130859375
35584000;30;1338.0247802734375
35595000;30;1338.5780029296875
35605000;30;1336.7918701171875
35615000;30;1340.252197265625
35626000;30;1337.922607421875
35636000;30;1339.671875
35646000;30;1338.5511474609375
35657000;30;1339.957763671875
35667000;30;1340.6214599609375
35677000;30;1341.8096923828125
35687000;30;1339.6214599609375
35697000;30;1341.2823486328125
35707000;30;1343.536376953125
35719000;30;1343.5859375
35729000;30;1340.551513671875
35739000;30;1340.166259765625
35750000;30;1342.9302978515625
35760000;30;1343.3050537109375
35770000;30;1340.5272216796875
35780000;30;1341.7274169921875
35790000;30;1337.4091796875
35801000;30;1337.12744140625
35812000;30;1342.640625
35822000;30;1339.1201171875
35832000;30;1342.41357421875
35842000;30;1335.99609375
35853000;30;1338.36669921875
35863000;30;1338.149169921875
35873000;30;1342.03369140625
35883000;30;1343.5174560546875
35894000;30;1339.473876953125
35904000;30;1339.33642578125
35915000;30;1338.318359375
35926000;30;1346.942626953125
35937000;30;1339.1473388671875
35947000;30;1341.4927978515625
35958000;30;1341.8409423828125
35968000;30;1340.0853271484375
35978000;30;1344.6702880859375
35988000;30;1341.9091796875
35999000;30;1336.860107421875
36010000;30;1338.165771484375
36021000;30;1339.810302734375
36031000;30;1344.291015625
36041000;30;1343.95458984375
36051000;30;1337.533203125
36062000;30;1339.9066162109375
36072000;30;1343.096923828125
36082000;30;1341.198974609375
36093000;30;1340.7236328125
36103000;30;1341.349365234375
36113000;30;1339.6458740234375
36123000;30;1341.76611328125
36133000;30;1340.2979736328125
36143000;30;1339.458740234375
36155000;30;1345.8326416015625
36166000;30;1338.682861328125
36176000;30;1337.4058837890625
36187000;30;1341.460205078125
36198000;30;1340.231201171875
36208000;30;1341.101806640625
36218000;30;1348.09619140625
36228000;30;1344.621826171875
36239000;30;1337.0631103515625
36250000;30;1341.260009765625
36261000;30;1342.488037109375
36272000;30;1345.34033203125
36283000;30;1338.0645751953125
36293000;30;1336.8211669921875
36304000;30;1342.671875
36314000;30;1344.408203125
36324000;30;1340.7305908203125
36334000;30;1339.4361572265625
36345000;30;1339.603759765625
36356000;30;1341.57275390625
36367000;30;1339.689697265625
36377000;30;1338.62451171875
36387000;30;1343.30126953125
36398000;30;1339.1929931640625
36408000;30;1336.58935546875
36419000;30;1338.272705078125
36429000;30;1340.0177001953125
36440000;30;1345.331298828125
36450000;30;1341.759033203125
36460000;30;1339.296142578125
36470000;30;1336.1192626953125
36480000;30;1344.608642578125
36490000;30;1342.09326171875
36500000;30;1339.6131591796875
36511000;30;1339.6104736328125
36521000;30;1338.345458984375
36532000;30;1336.367919921875
36542000;30;1334.3543701171875
36553000;30;1335.444580078125
36563000;30;1346.12353515625
36574000;30;1340.618408203125
36585000;30;1335.366455078125
36596000;30;1339.5355224609375
36607000;30;1340.0523681640625
36617000;30;1341.1717529296875
36628000;30;1342.6185302734375
36638000;30;1337.25
36649000;30;1342.523681640625
36660000;30;1336.384033203125
36670000;30;1334.7789306640625
36680000;30;1341.9451904296875
36690000;30;1344.923828125
36701000;30;1340.2935791015625
36711000;30;1340.21923828125
36722000;30;1335.924560546875
36732000;30;1338.0400390625
36742000;30;1340.19482421875
36753000;30;1337.6629638671875
36763000;30;1337.48779296875
36774000;30;1335.777587890625
36784000;30;1337.2742919921875
36794000;30;1340.182373046875
36804000;30;1343.9697265625
36814000;30;1344.9493408203125
36824000;30;1338.777099609375
36835000;30;1337.1943359375
36846000;30;1339.4345703125
36857000;30;1340.041015625
36867000;30;1339.953125
36878000;30;1334.0882568359375
36889000;30;1341.600830078125
36899000;30;1339.2059326171875
36909000;30;1339.12548828125
36919000;30;1337.50732421875
36930000;30;1333.8690185546875
36940000;30;1340.2581787109375
36950000;30;1337.5694580078125
36960000;30;1333.182861328125
36970000;30;1339.3507080078125
36980000;30;1338.5673828125
36991000;30;1341.413818359375
37001000;30;1344.21728515625
37011000;30;1333.8258056640625
37021000;30;1337.18701171875
37032000;30;1337.3387451171875
37042000;30;1341.444580078125
37052000;30;1337.3499755859375
37062000;30;1336.578125
37072000;30;1338.63330078125
37083000;30;1337.7955322265625
37094000;30;1334.737548828125
37104000;30;1339.74853515625
37115000;30;1340.04541015625
37126000;30;1339.2388916015625
37136000;30;1338.947265625
37146000;30;1339.935302734375
37156000;30;1339.0460205078125
37167000;30;1338.108154296875
37177000;30;1341.392578125
37188000;30;1344.831298828125
37198000;30;1334.394287109375
37209000;30;1335.62890625
37219000;30;1338.0010986328125
37230000;30;1339.7625732421875
37240000;30;1347.4254150390625
37250000;30;1338.7769775390625
37260000;30;1336.7432861328125
37270000;30;1338.6187744140625
37281000;30;1344.1953125
37291000;30;1340.102294921875
37302000;30;1337.71435546875
37313000;30;1337.1629638671875
37323000;30;1340.3538818359375
37334000;30;1339.9603271484375
37344000;30;1341.5172119140625
37354000;30;1338.72021484375
37364000;30;1342.5384521484375
37374000;30;1342.20751953125
37385000;30;1341.498046875
37395000;30;1335.7886962890625
37406000;30;1340.479248046875
37417000;30;1345.304931640625
37427000;30;1343.7645263671875
37438000;30;1340.254638671875
37448000;30;1336.277587890625
37459000;30;1333.9208984375
37469000;30;1339.6982421875
37480000;30;1344.82470703125
37490000;30;1340.548583984375
37501000;30;1343.041015625
37511000;30;1340.170166015625
37521000;30;1342.0994873046875
37532000;30;1340.343017578125
37543000;30;1344.123779296875
37553000;30;1337.61181640625
37563000;30;1337.2864990234375
37574000;30;1338.37890625
37584000;30;1347.77880859375
37595000;30;1340.6483154296875
37605000;30;1339.2359619140625
37615000;30;1337.43310546875
37626000;30;1345.7109375
