Time;gimbal_controller.pitch_angle_pid.Measure;gimbal_controller.pitch_angle_pid.Ref
0;0;0
14000;0;0
26000;0;0
37000;0;0
48000;0;0
60000;0;0
71000;0;0
83000;0;0
94000;0;0
106000;0;0
117000;0;0
128000;0;0
140000;0;0
151000;0;0
163000;0;0
174000;0;0
186000;0;0
198000;0;0
210000;0;0
222000;0;0
233000;0;0
245000;0;0
257000;0;0
268000;0;0
280000;0;0
291000;0;0
303000;0;0
315000;0;0
326000;0;0
338000;0;0
350000;0;0
361000;0;0
373000;0;0
384000;0;0
396000;0;0
407000;0;0
418000;0;0
430000;0;0
442000;0;0
454000;0;0
465000;0;0
476000;0;0
488000;0;0
500000;0;0
512000;0;0
525000;0;0
537000;0;0
548000;0;0
560000;0;0
572000;0;0
584000;0;0
595000;0;0
608000;0;0
620000;0;0
632000;0;0
644000;0;0
655000;0;0
666000;0;0
677000;0;0
689000;0;0
700000;0;0
712000;0;0
723000;0;0
734000;0;0
746000;0;0
758000;0;0
770000;0;0
782000;0;0
794000;0;0
805000;0;0
817000;0;0
829000;0;0
841000;0;0
852000;0;0
864000;0;0
876000;0;0
888000;0;0
900000;0;0
911000;0;0
923000;0;0
934000;0;0
947000;0;0
958000;0;0
970000;0;0
982000;0;0
994000;0;0
1005000;0;0
1017000;0;0
1028000;0;0
1039000;0;0
1052000;0;0
1064000;0;0
1076000;0;0
1087000;0;0
1098000;0;0
1110000;0;0
1122000;0;0
1133000;0;0
1145000;0;0
1157000;0;0
1168000;0;0
1179000;0;0
1191000;0;0
1203000;0;0
1215000;0;0
1226000;0;0
1237000;0;0
1249000;0;0
1260000;0;0
1271000;0;0
1283000;0;0
1294000;0;0
1307000;0;0
1318000;0;0
1329000;0;0
1341000;0;0
1352000;0;0
1364000;0;0
1375000;0;0
1386000;0;0
1398000;0;0
1409000;0;0
1421000;0;0
1434000;0;0
1446000;0;0
1457000;0;0
1469000;0;0
1480000;0;0
1491000;0;0
1502000;0;0
1514000;0;0
1525000;0;0
1536000;0;0
1548000;0;0
1560000;0;0
1571000;0;0
1583000;0;0
1594000;0;0
1605000;0;0
1617000;0;0
1630000;0;0
1641000;0;0
1653000;0;0
1664000;0;0
1675000;0;0
1687000;0;0
1698000;0;0
1710000;0;0
1722000;0;0
1734000;0;0
1746000;0;0
1758000;0;0
1769000;0;0
1781000;0;0
1793000;0;0
1805000;0;0
1816000;0;0
1828000;0;0
1840000;0;0
1853000;0;0
1864000;0;0
1875000;0;0
1887000;0;0
1899000;0;0
1912000;0;0
1925000;0;0
1937000;0;0
1948000;0;0
1960000;0;0
1972000;0;0
1983000;0;0
1994000;0;0
2006000;0;0
2018000;0;0
2030000;0;0
2042000;0;0
2054000;0;0
2066000;0;0
2077000;0;0
2090000;0;0
2101000;0;0
2113000;0;0
2124000;0;0
2136000;0;0
2147000;0;0
2159000;0;0
2171000;0;0
2183000;0;0
2195000;0;0
2206000;0;0
2217000;0;0
2229000;0;0
2241000;0;0
2253000;0;0
2264000;0;0
2275000;0;0
2288000;0;0
2300000;0;0
2311000;0;0
2324000;0;0
2336000;0;0
2347000;0;0
2358000;0;0
2370000;0;0
2382000;0;0
2393000;0;0
2404000;-0.076652549207210540771;-5
2416000;-1.4873602390289306641;-5
2428000;-4.5305047035217285156;-5
2440000;-6.7537145614624023438;-5
2452000;-7.1413369178771972656;-5
2464000;-6.6086778640747070312;-5
2476000;-5.5480585098266601562;-5
2487000;-4.6292409896850585938;-5
2498000;-4.2821354866027832031;-5
2511000;-4.8566250801086425781;-5
2522000;-5.4571614265441894531;-5
2533000;-5.406040191650390625;-5
2544000;-4.9980869293212890625;-5
2556000;-4.7016282081604003906;-5
2568000;-4.70569610595703125;-5
2579000;-4.8478765487670898438;-5
2590000;-5.0237145423889160156;-5
2602000;-5.2208685874938964844;-5
2614000;-5.1398839950561523438;-5
2626000;-4.9573502540588378906;-5
2638000;-4.7685723304748535156;-5
2649000;-4.8171315193176269531;-5
2660000;-4.996059417724609375;-5
2673000;-5.1661868095397949219;-5
2684000;-5.0938019752502441406;-5
2697000;-4.9851331710815429688;-5
2708000;-4.8213801383972167969;-5
2720000;-4.8100252151489257812;-5
2732000;-4.9675717353820800781;-5
2744000;-5.1932344436645507812;-5
2757000;-5.2084197998046875;-5
2768000;-4.9810853004455566406;-5
2780000;-4.7429170608520507812;-5
2792000;-4.7301688194274902344;-5
2804000;-4.9809665679931640625;-5
2815000;-5.226604461669921875;-5
2827000;-5.253742218017578125;-5
2840000;-5.0129747390747070312;-5
2851000;-4.7891893386840820312;-5
2862000;-4.6919097900390625;-5
2874000;-4.8878612518310546875;-5
2886000;-5.1546268463134765625;-5
2897000;-5.2541713714599609375;-5
2909000;-5.1304469108581542969;-5
2921000;-4.9302105903625488281;-5
2932000;-4.7568082809448242188;-5
2944000;-4.7985196113586425781;-5
2956000;-5.0079216957092285156;-5
2969000;-5.2088766098022460938;-5
2981000;-5.1731166839599609375;-5
2992000;-4.9988970756530761719;-5
3004000;-4.8218541145324707031;-5
3015000;-4.7657232284545898438;-5
3027000;-4.91109466552734375;-5
3038000;-5.1348390579223632812;-5
3050000;-5.2194805145263671875;-5
3062000;-5.0714359283447265625;-5
3074000;-4.8886594772338867188;-5
3086000;-4.7816247940063476562;-5
3097000;-4.8511261940002441406;-5
3109000;-5.0399098396301269531;-5
3122000;-5.2057194709777832031;-5
3133000;-5.1039524078369140625;-5
3145000;-4.9561066627502441406;-5
3156000;-4.8103108406066894531;-5
3167000;-4.8172240257263183594;-5
3179000;-4.9774618148803710938;-5
3191000;-5.1592173576354980469;-5
3203000;-5.1732773780822753906;-5
3215000;-5.0179200172424316406;-5
3227000;-4.8645234107971191406;-5
3238000;-4.8115034103393554688;-5
3249000;-4.9143476486206054688;-5
3261000;-5.1264257431030273438;-5
3273000;-5.1910581588745117188;-5
3284000;-5.0756139755249023438;-5
3296000;-4.9171614646911621094;-5
3308000;-4.8195157051086425781;-5
3320000;-4.8979105949401855469;-5
3331000;-5.0351614952087402344;-5
3342000;-5.1745557785034179688;-5
3354000;-5.1139955520629882812;-5
3365000;-4.9937090873718261719;-5
3377000;-4.8750734329223632812;-5
3388000;-4.854339599609375;-5
3400000;-4.9867448806762695312;-5
3411000;-5.1204552650451660156;-5
3423000;-5.1575608253479003906;-5
3435000;-5.0324459075927734375;-5
3447000;-4.9058604240417480469;-5
3459000;-4.850933074951171875;-5
3470000;-4.9475193023681640625;-5
3483000;-5.0991334915161132812;-5
3494000;-5.1543755531311035156;-5
3505000;-5.0689539909362792969;-5
3517000;-4.9456896781921386719;-5
3528000;-4.8704743385314941406;-5
3540000;-4.9155912399291992188;-5
3551000;-5.0521173477172851562;-5
3563000;-5.1501812934875488281;-5
3574000;-5.1017146110534667969;-5
3586000;-4.977306365966796875;-5
3598000;-4.888149261474609375;-5
3610000;-4.897960662841796875;-5
3622000;-5.0172142982482910156;-5
3635000;-5.1393799781799316406;-5
3647000;-5.1029572486877441406;-5
3659000;-4.9935045242309570312;-5
3671000;-4.9095988273620605469;-5
3682000;-4.9032468795776367188;-5
3694000;-5.0047020912170410156;-5
3706000;-5.1195750236511230469;-5
3717000;-5.1238684654235839844;-5
3728000;-5.0179934501647949219;-5
3740000;-4.9274463653564453125;-5
3751000;-4.8990826606750488281;-5
3763000;-4.9585056304931640625;-5
3774000;-5.0713915824890136719;-5
3786000;-5.1343584060668945312;-5
3797000;-5.0434145927429199219;-5
3809000;-4.9588990211486816406;-5
3821000;-4.901386260986328125;-5
3832000;-4.9351449012756347656;-5
3844000;-5.0411190986633300781;-5
3856000;-5.1294765472412109375;-5
3868000;-5.073581695556640625;-5
3880000;-4.9713182449340820312;-5
3891000;-4.9158687591552734375;-5
3903000;-4.9200482368469238281;-5
3914000;-5.015636444091796875;-5
3926000;-5.1219897270202636719;-5
3938000;-5.1054105758666992188;-5
3949000;-5.0147213935852050781;-5
3960000;-4.9331727027893066406;-5
3972000;-4.9146556854248046875;-5
3983000;-4.9728441238403320312;-5
3994000;-5.0838427543640136719;-5
4006000;-5.13799285888671875;-5
4017000;-5.0611095428466796875;-5
4028000;-4.9657049179077148438;-5
4040000;-4.9201674461364746094;-5
4051000;-4.9388747215270996094;-5
4063000;-5.0399069786071777344;-5
4075000;-5.1384210586547851562;-5
4086000;-5.0952219963073730469;-5
4098000;-4.9879860877990722656;-5
4110000;-4.9249057769775390625;-5
4122000;-4.9314179420471191406;-5
4134000;-5.0300378799438476562;-5
4146000;-5.1337885856628417969;-5
4158000;-5.1031694412231445312;-5
4171000;-4.9967350959777832031;-5
4183000;-4.9338669776916503906;-5
4195000;-4.9352674484252929688;-5
4206000;-5.0229802131652832031;-5
4218000;-5.1301622390747070312;-5
4230000;-5.11321258544921875;-5
4241000;-5.0237565040588378906;-5
4253000;-4.9492163658142089844;-5
4264000;-4.9305095672607421875;-5
4276000;-4.9981012344360351562;-5
4287000;-5.1103839874267578125;-5
4299000;-5.1418328285217285156;-5
4310000;-5.0496706962585449219;-5
4322000;-4.9677953720092773438;-5
4333000;-4.9389615058898925781;-5
4345000;-4.974452972412109375;-5
4357000;-5.073703765869140625;-5
4369000;-5.1433901786804199219;-5
4381000;-5.0783863067626953125;-5
4393000;-4.9871869087219238281;-5
4404000;-4.9459967613220214844;-5
4415000;-4.956104278564453125;-5
4427000;-5.0271296501159667969;-5
4438000;-5.1229224205017089844;-5
4450000;-5.106990814208984375;-5
4462000;-5.010639190673828125;-5
4473000;-4.9590215682983398438;-5
4486000;-4.9617419242858886719;-5
4497000;-5.0221738815307617188;-5
4509000;-5.0992221832275390625;-5
4521000;-5.0992150306701660156;-5
4532000;-5.0242981910705566406;-5
4544000;-4.9720659255981445312;-5
4555000;-4.9646768569946289062;-5
4566000;-5.0097479820251464844;-5
4577000;-5.0705323219299316406;-5
4589000;-5.0816187858581542969;-5
4601000;-5.0491900444030761719;-5
4612000;-5.0158014297485351562;-5
4624000;-5.0131940841674804688;-5
4636000;-5.0408139228820800781;-5
4648000;-5.0639200210571289062;-5
4660000;-5.0603380203247070312;-5
4672000;-5.036136627197265625;-5
4685000;-5.0279407501220703125;-5
4696000;-5.0419569015502929688;-5
4709000;-5.0585064888000488281;-5
4720000;-5.05414581298828125;-5
4731000;-5.0403013229370117188;-5
4743000;-5.0346670150756835938;-5
4754000;-5.0439801216125488281;-5
4766000;-5.0548191070556640625;-5
4777000;-5.0543322563171386719;-5
4788000;-5.0436468124389648438;-5
4800000;-5.0363688468933105469;-5
4811000;-5.0390381813049316406;-5
4823000;-5.05224609375;-5
4835000;-5.0551848411560058594;-5
4847000;-5.0454883575439453125;-5
4858000;-5.0378131866455078125;-5
4870000;-5.0399761199951171875;-5
4882000;-5.050662994384765625;-5
4894000;-5.0540738105773925781;-5
4906000;-5.0459952354431152344;-5
4917000;-5.0382080078125;-5
4929000;-5.041889190673828125;-5
4940000;-5.0488615036010742188;-5
4952000;-5.0513162612915039062;-5
4963000;-5.0485944747924804688;-5
4974000;-5.042598724365234375;-5
4986000;-5.0436043739318847656;-5
4998000;-5.0492076873779296875;-5
5010000;-5.0518717765808105469;-5
5022000;-5.0520644187927246094;-5
5034000;-5.0485148429870605469;-5
5047000;-5.0481843948364257812;-5
5058000;-5.0526628494262695312;-5
5070000;-5.0558757781982421875;-5
5082000;-5.0567765235900878906;-5
5093000;-5.0516595840454101562;-5
5105000;-5.0520262718200683594;-5
5118000;-5.0556540489196777344;-5
5130000;-5.0546865463256835938;-5
5142000;-5.0540027618408203125;-5
5154000;-5.0512151718139648438;-5
5165000;-5.0543651580810546875;-5
5177000;-5.0577082633972167969;-5
5190000;-5.0555629730224609375;-5
5201000;-5.0543680191040039062;-5
5212000;-5.0513482093811035156;-5
5224000;-5.0532708168029785156;-5
5235000;-5.0561833381652832031;-5
5247000;-5.0563092231750488281;-5
5258000;-5.0559940338134765625;-5
5270000;-5.0524616241455078125;-5
5281000;-5.0520968437194824219;-5
5294000;-5.0538463592529296875;-5
5305000;-5.0531325340270996094;-5
5317000;-5.0527729988098144531;-5
5328000;-5.0522146224975585938;-5
5340000;-5.0535154342651367188;-5
5351000;-5.0574250221252441406;-5
5363000;-5.0570864677429199219;-5
5375000;-5.055774688720703125;-5
5386000;-5.0547261238098144531;-5
5398000;-5.0551142692565917969;5
5410000;-4.0340628623962402344;5
5422000;-1.147534489631652832;5
5433000;2.4239113330841064453;5
5445000;4.6379365921020507812;5
5457000;5.6049361228942871094;5
5468000;5.6796274185180664062;5
5480000;5.1870818138122558594;5
5492000;4.5522971153259277344;5
5505000;4.5687007904052734375;5
5516000;4.8951487541198730469;5
5527000;5.0551819801330566406;5
5539000;5.1032023429870605469;5
5551000;5.1417827606201171875;5
5563000;5.1222319602966308594;5
5574000;4.9969735145568847656;5
5586000;4.8601374626159667969;5
5598000;4.8463931083679199219;5
5609000;4.94570159912109375;5
5621000;5.0473933219909667969;5
5633000;5.0672168731689453125;5
5644000;4.9584598541259765625;5
5656000;4.860210418701171875;5
5667000;4.8797769546508789062;5
5679000;4.9960079193115234375;5
5691000;5.1040101051330566406;5
5703000;5.04360198974609375;5
5715000;4.9142694473266601562;5
5726000;4.8753843307495117188;5
5738000;4.9591641426086425781;5
5750000;5.0530171394348144531;5
5761000;5.0618619918823242188;5
5774000;4.9848742485046386719;5
5785000;4.9210529327392578125;5
5797000;4.9287648200988769531;5
5808000;4.9766535758972167969;5
5821000;5.0083627700805664062;5
5833000;5.0001220703125;5
5844000;4.9745583534240722656;5
5855000;4.9638838768005371094;5
5867000;4.9707889556884765625;5
5878000;4.9759068489074707031;5
5890000;4.9857778549194335938;5
5903000;4.9890108108520507812;5
5914000;4.9795446395874023438;5
5926000;4.9697704315185546875;5
5938000;4.9697222709655761719;5
5950000;4.9845485687255859375;5
5961000;4.9911389350891113281;5
5972000;4.9835171699523925781;5
5984000;4.9720263481140136719;5
5995000;4.9704113006591796875;5
6006000;4.9745073318481445312;5
6019000;4.9805054664611816406;5
6030000;4.9823846817016601562;5
6042000;4.9788594245910644531;5
6053000;4.9748797416687011719;5
6065000;4.97216796875;5
6077000;4.9757337570190429688;5
6089000;4.9773406982421875;5
6101000;4.9765772819519042969;5
6113000;4.9736413955688476562;5
6124000;4.9755220413208007812;5
6135000;4.9763875007629394531;5
6147000;4.9786772727966308594;5
6159000;4.9756102561950683594;5
6170000;4.9755911827087402344;5
6181000;4.9754009246826171875;5
6193000;4.9735460281372070312;5
6204000;4.9732985496520996094;5
6217000;4.9758019447326660156;5
6228000;4.9751057624816894531;5
6240000;4.9744868278503417969;5
6252000;4.9739227294921875;5
6263000;4.9757838249206542969;5
6275000;4.9756860733032226562;5
6286000;4.9748759269714355469;5
6298000;4.9752631187438964844;5
6309000;4.9760556221008300781;5
6321000;4.9756093025207519531;5
6332000;4.976627349853515625;5
6344000;4.9766030311584472656;5
6355000;4.9772701263427734375;5
6367000;4.9734902381896972656;5
6378000;4.9731612205505371094;5
6390000;4.9739575386047363281;5
6402000;4.9735631942749023438;5
6414000;4.9715113639831542969;5
6425000;4.9721689224243164062;5
6436000;4.9697585105895996094;5
6448000;4.9730377197265625;5
6460000;4.9757723808288574219;5
6472000;4.9766564369201660156;5
6484000;4.9736714363098144531;5
6496000;4.9734683036804199219;5
6507000;4.974544525146484375;5
6518000;4.974517822265625;5
6530000;4.9736661911010742188;5
6541000;4.974246978759765625;5
6553000;4.973724365234375;5
6564000;4.9739203453063964844;5
6576000;4.9750018119812011719;5
6589000;4.97161865234375;5
6600000;4.9704422950744628906;5
6611000;4.971881866455078125;5
6622000;4.9728217124938964844;5
6634000;4.9736738204956054688;5
6646000;4.9710755348205566406;5
6657000;4.9735388755798339844;5
6669000;4.9712305068969726562;5
6682000;4.9703936576843261719;5
6694000;4.9721879959106445312;5
6705000;4.9733738899230957031;5
6716000;4.9719481468200683594;5
6727000;4.9693317413330078125;5
6740000;4.9669351577758789062;5
6750000;4.9695329666137695312;5
6762000;4.9689021110534667969;5
6774000;4.968265533447265625;5
6785000;4.9690275192260742188;5
6796000;4.9702363014221191406;5
6808000;4.9707384109497070312;5
6819000;4.9704852104187011719;5
6831000;4.9693326950073242188;5
6842000;4.96912384033203125;5
6854000;4.9674978256225585938;5
6865000;4.9670553207397460938;5
6876000;4.9687938690185546875;5
6888000;4.9693417549133300781;5
6898000;4.9680380821228027344;5
6910000;4.9683885574340820312;5
6921000;4.966762542724609375;5
6933000;4.9679331779479980469;5
6944000;4.9673752784729003906;5
6955000;4.9688897132873535156;5
6967000;4.9687666893005371094;5
6978000;4.9692373275756835938;5
6990000;4.96887969970703125;5
7001000;4.9676504135131835938;5
7012000;4.9682497978210449219;5
7024000;4.9681153297424316406;5
7036000;4.9654021263122558594;5
7048000;4.9664273262023925781;5
7060000;4.9689068794250488281;5
7072000;4.9681115150451660156;5
7083000;4.9665274620056152344;5
7094000;4.9675736427307128906;5
7105000;4.9670510292053222656;5
7117000;4.9675068855285644531;5
7128000;4.9688220024108886719;5
7140000;4.9663114547729492188;5
7151000;4.965427398681640625;5
7163000;4.9636058807373046875;5
7174000;4.9641642570495605469;5
7185000;4.9651012420654296875;5
7197000;4.9634552001953125;5
7208000;4.9635286331176757812;5
7221000;4.9660634994506835938;5
7232000;4.9672064781188964844;5
7244000;4.9664740562438964844;5
7257000;4.9680662155151367188;5
7270000;4.9689059257507324219;5
7281000;4.969097137451171875;5
7292000;4.9687161445617675781;5
7304000;4.9688715934753417969;5
7316000;4.9694294929504394531;5
7327000;4.9657430648803710938;5
7338000;4.9676823616027832031;5
7349000;4.9688267707824707031;5
7361000;4.9684586524963378906;5
7373000;4.9697165489196777344;5
7385000;4.9705295562744140625;5
7397000;4.9687366485595703125;5
7409000;4.9679012298583984375;5
7421000;4.9661164283752441406;5
7433000;4.9682703018188476562;5
7444000;4.9679594039916992188;5
7455000;4.9684801101684570312;5
7467000;4.9679589271545410156;5
7479000;4.9665055274963378906;5
7491000;4.9661183357238769531;5
7502000;4.9672989845275878906;5
7514000;4.9677820205688476562;5
7526000;4.9685039520263671875;5
7538000;4.9671659469604492188;5
7550000;4.9670348167419433594;5
7561000;4.9678730964660644531;5
7573000;4.9658093452453613281;5
7585000;4.9676756858825683594;5
7597000;4.968311309814453125;5
7608000;4.9698987007141113281;5
7620000;4.9694881439208984375;5
7632000;4.968158721923828125;5
7643000;4.96935272216796875;5
7654000;4.9680566787719726562;5
7666000;4.9697451591491699219;5
7677000;4.9699406623840332031;5
7688000;4.9698948860168457031;5
7700000;4.9697904586791992188;5
7711000;4.9704113006591796875;5
7722000;4.9714260101318359375;5
7733000;4.97113037109375;5
7745000;4.9712095260620117188;5
7757000;4.970455169677734375;5
7769000;4.9724564552307128906;5
7780000;4.9737911224365234375;5
7791000;4.9740953445434570312;5
7803000;4.975250244140625;5
7814000;4.9725522994995117188;5
7827000;4.973575592041015625;5
7838000;4.9737529754638671875;5
7849000;4.9747648239135742188;5
7861000;4.9749240875244140625;5
7872000;4.9743223190307617188;5
7883000;4.9737443923950195312;5
7895000;4.9733204841613769531;-5
7907000;4.7566137313842773438;-5
7919000;3.088809967041015625;-5
7931000;-0.32722961902618408203;-5
7942000;-3.6688985824584960938;-5
7954000;-5.3248124122619628906;-5
7966000;-5.8459100723266601562;-5
7977000;-5.4362750053405761719;-5
7989000;-4.8003258705139160156;-5
8000000;-4.1946964263916015625;-5
8012000;-4.5036287307739257812;-5
8025000;-5.178985595703125;-5
8037000;-5.2703709602355957031;-5
8048000;-4.8848400115966796875;-5
8059000;-4.6619505882263183594;-5
8071000;-4.7153382301330566406;-5
8083000;-4.8035502433776855469;-5
8095000;-4.917713165283203125;-5
8106000;-5.0662569999694824219;-5
8118000;-5.063610076904296875;-5
8130000;-4.9260158538818359375;-5
8142000;-4.786548614501953125;-5
8153000;-4.82218170166015625;-5
8165000;-4.946437835693359375;-5
8176000;-5.0609393119812011719;-5
8187000;-5.0217690467834472656;-5
8199000;-4.9346022605895996094;-5
8210000;-4.8277101516723632812;-5
8222000;-4.777133941650390625;-5
8233000;-4.8486962318420410156;-5
8244000;-5.0136928558349609375;-5
8256000;-5.1030340194702148438;-5
8267000;-4.9801788330078125;-5
8280000;-4.8201169967651367188;-5
8291000;-4.778781890869140625;-5
8302000;-4.883945465087890625;-5
8314000;-5.0291237831115722656;-5
8326000;-5.0721163749694824219;-5
8337000;-4.9796266555786132812;-5
8348000;-4.8558726310729980469;-5
8360000;-4.8139891624450683594;-5
8371000;-4.9167046546936035156;-5
8383000;-5.0124650001525878906;-5
8394000;-5.0433268547058105469;-5
8406000;-4.9580779075622558594;-5
8418000;-4.8957829475402832031;-5
8430000;-4.8782696723937988281;-5
8443000;-4.9264407157897949219;-5
8454000;-5.0076708793640136719;-5
8465000;-5.0498113632202148438;-5
8476000;-4.997272491455078125;-5
8488000;-4.9234776496887207031;-5
8498000;-4.8898801803588867188;-5
8510000;-4.8896694183349609375;-5
8522000;-4.9515085220336914062;-5
8533000;-5.0323777198791503906;-5
8545000;-5.0348086357116699219;-5
8557000;-4.9548735618591308594;-5
8568000;-4.9003229141235351562;-5
8581000;-4.89998626708984375;-5
8593000;-4.9538617134094238281;-5
8606000;-5.0241241455078125;-5
8618000;-4.9956188201904296875;-5
8631000;-4.9364194869995117188;-5
8643000;-4.9147448539733886719;-5
8655000;-4.9214868545532226562;-5
8666000;-4.9554433822631835938;-5
8679000;-4.9809737205505371094;-5
8690000;-4.9705662727355957031;-5
8702000;-4.9458031654357910156;-5
8715000;-4.9396295547485351562;-5
8727000;-4.9534087181091308594;-5
8738000;-4.9690709114074707031;-5
8749000;-4.9721455574035644531;-5
8760000;-4.9608173370361328125;-5
8773000;-4.9496974945068359375;-5
8784000;-4.9502320289611816406;-5
8795000;-4.96469879150390625;-5
8807000;-4.9726004600524902344;-5
8820000;-4.9628667831420898438;-5
8831000;-4.9524760246276855469;-5
8843000;-4.9563384056091308594;-5
8855000;-4.9635767936706542969;-5
8867000;-4.9695110321044921875;-5
8880000;-4.9621043205261230469;-5
8892000;-4.9548373222351074219;-5
8904000;-4.9592013359069824219;-5
8915000;-4.9648327827453613281;-5
8927000;-4.9647669792175292969;-5
8939000;-4.96014404296875;-5
8950000;-4.9553227424621582031;-5
8961000;-4.9567623138427734375;-5
8974000;-4.9608364105224609375;-5
8986000;-4.9638214111328125;-5
8997000;-4.9601216316223144531;-5
9010000;-4.9550204277038574219;-5
9022000;-4.9555888175964355469;-5
9033000;-4.9617791175842285156;-5
9045000;-4.9646134376525878906;-5
9057000;-4.95926666259765625;-5
9069000;-4.9562435150146484375;-5
9081000;-4.9571814537048339844;-5
9092000;-4.9626307487487792969;-5
9104000;-4.9609932899475097656;-5
9117000;-4.9570837020874023438;-5
9128000;-4.9547505378723144531;-5
9141000;-4.9574456214904785156;-5
9151000;-4.9607701301574707031;-5
9163000;-4.9625806808471679688;-5
9174000;-4.9610166549682617188;-5
9186000;-4.9588608741760253906;-5
9198000;-4.9593510627746582031;-5
9209000;-4.9658207893371582031;-5
9221000;-4.9699487686157226562;-5
9233000;-4.9667592048645019531;-5
9245000;-4.9660172462463378906;-5
9256000;-4.967166900634765625;-5
9268000;-4.9683856964111328125;-5
9280000;-4.9695596694946289062;-5
9291000;-4.9698290824890136719;-5
9303000;-4.9678888320922851562;-5
9316000;-4.9664125442504882812;-5
9327000;-4.9678468704223632812;-5
9339000;-4.9723381996154785156;-5
9350000;-4.9686002731323242188;-5
9361000;-4.9677481651306152344;-5
9373000;-4.9685006141662597656;-5
9384000;-4.9690012931823730469;-5
9396000;-4.9705486297607421875;-5
9408000;-4.9697904586791992188;-5
9420000;-4.9672274589538574219;-5
9431000;-4.9687595367431640625;-5
9444000;-4.9676785469055175781;-5
9455000;-4.9693236351013183594;-5
9467000;-4.9684696197509765625;-5
9478000;-4.9668178558349609375;-5
9490000;-4.9662833213806152344;-5
9501000;-4.9694552421569824219;-5
9513000;-4.9700636863708496094;-5
9525000;-4.9703373908996582031;-5
9536000;-4.9664759635925292969;-5
9547000;-4.9680533409118652344;-5
9559000;-4.9687638282775878906;-5
9570000;-4.9694528579711914062;-5
9582000;-4.9692707061767578125;-5
9593000;-4.967235565185546875;-5
9605000;-4.9701752662658691406;-5
9616000;-4.9706511497497558594;-5
9627000;-4.9704508781433105469;-5
9639000;-4.9692230224609375;-5
9649000;-4.9669427871704101562;-5
9661000;-4.9675073623657226562;-5
9673000;-4.9662108421325683594;-5
9684000;-4.9690575599670410156;-5
9696000;-4.9699201583862304688;-5
9709000;-4.9697427749633789062;-5
9720000;-4.9666867256164550781;-5
9731000;-4.9681682586669921875;-5
9742000;-4.9673786163330078125;-5
9755000;-4.9686918258666992188;-5
9766000;-4.9682912826538085938;-5
9778000;-4.9690427780151367188;-5
9790000;-4.9706873893737792969;-5
9802000;-4.97216796875;-5
9813000;-4.972644805908203125;-5
9825000;-4.97112274169921875;-5
9838000;-4.9726729393005371094;-5
9850000;-4.9748163223266601562;-5
9861000;-4.9752087593078613281;-5
9874000;-4.9720559120178222656;-5
9886000;-4.9719834327697753906;-5
9898000;-4.9732203483581542969;-5
9910000;-4.9697103500366210938;-5
9921000;-4.9710726737976074219;-5
9933000;-4.9691948890686035156;-5
9946000;-4.9682593345642089844;-5
9958000;-4.9696016311645507812;-5
9970000;-4.9672989845275878906;-5
9981000;-4.9702329635620117188;-5
9993000;-4.9695286750793457031;-5
10005000;-4.9688816070556640625;-5
10017000;-4.9684510231018066406;-5
10028000;-4.9692468643188476562;-5
10040000;-4.9698834419250488281;-5
10052000;-4.97205352783203125;-5
10063000;-4.9729070663452148438;-5
10074000;-4.9747729301452636719;-5
10086000;-4.9761204719543457031;-5
10097000;-4.9760928153991699219;-5
10109000;-4.9757065773010253906;-5
10120000;-4.9736418724060058594;-5
10132000;-4.9737873077392578125;-5
10143000;-4.9750566482543945312;-5
10154000;-4.975986480712890625;-5
10164000;-4.9760050773620605469;-5
10176000;-4.97751617431640625;-5
10188000;-4.9767465591430664062;-5
10200000;-4.9756846427917480469;-5
10212000;-4.9762797355651855469;-5
10224000;-4.9749269485473632812;-5
10235000;-4.97624969482421875;-5
10246000;-4.9734454154968261719;-5
10258000;-4.9758772850036621094;-5
10269000;-4.9759702682495117188;-5
10280000;-4.975650787353515625;-5
10292000;-4.9739437103271484375;-5
10304000;-4.9765639305114746094;-5
10315000;-4.9760751724243164062;-5
10327000;-4.9744596481323242188;-5
10339000;-4.9764122962951660156;-5
10352000;-4.9750995635986328125;-5
10363000;-4.9755563735961914062;-5
10375000;-4.97646331787109375;-5
10386000;-4.9740991592407226562;-5
10398000;-4.9762549400329589844;5
10409000;-4.2578673362731933594;5
10421000;-1.6387507915496826172;5
10432000;1.3055372238159179688;5
10445000;4.3448395729064941406;5
10456000;5.5395612716674804688;5
10468000;5.7251601219177246094;5
10480000;5.3083958625793457031;5
10491000;4.6136555671691894531;5
10503000;4.4756283760070800781;5
10517000;4.8242125511169433594;5
10529000;5.0074763298034667969;5
10541000;5.0690627098083496094;5
10554000;5.1069951057434082031;5
10565000;5.0874242782592773438;5
10578000;4.9332461357116699219;5
10590000;4.8340215682983398438;5
10602000;4.8790140151977539062;5
10614000;4.9872288703918457031;5
10625000;5.0405430793762207031;5
10637000;5.0266194343566894531;5
10649000;4.8991003036499023438;5
10661000;4.8415656089782714844;5
10673000;4.8897457122802734375;5
10685000;5.0160508155822753906;5
10696000;5.05332183837890625;5
10708000;4.9585733413696289062;5
10719000;4.8683328628540039062;5
10730000;4.8734750747680664062;5
10742000;4.9517340660095214844;5
10753000;5.0208287239074707031;5
10765000;5.0005679130554199219;5
10777000;4.9375247955322265625;5
10789000;4.8924117088317871094;5
10800000;4.9192104339599609375;5
10813000;4.9666233062744140625;5
10824000;4.9761447906494140625;5
10835000;4.9551606178283691406;5
10847000;4.9380621910095214844;5
10858000;4.9359898567199707031;5
10870000;4.945587158203125;5
10881000;4.9484696388244628906;5
10892000;4.9518022537231445312;5
10904000;4.95166778564453125;5
10915000;4.9486050605773925781;5
10927000;4.9415082931518554688;5
10939000;4.944538116455078125;5
10951000;4.9533863067626953125;5
10961000;4.9553732872009277344;5
10974000;4.9510989189147949219;5
10986000;4.9416322708129882812;5
10997000;4.9424824714660644531;5
11009000;4.9486222267150878906;5
11020000;4.9512500762939453125;5
11032000;4.9518938064575195312;5
11044000;4.9492497444152832031;5
11055000;4.9450821876525878906;5
11067000;4.9444708824157714844;5
11079000;4.9466991424560546875;5
11093000;4.9472546577453613281;5
11104000;4.9461808204650878906;5
11115000;4.943424224853515625;5
11126000;4.9413781166076660156;5
11138000;4.942989349365234375;5
11150000;4.9436330795288085938;5
11163000;4.9404163360595703125;5
11174000;4.9391465187072753906;5
11185000;4.939617156982421875;5
11197000;4.9421477317810058594;5
11208000;4.9424891471862792969;5
11218000;4.9427647590637207031;5
11230000;4.942928314208984375;5
11241000;4.9439454078674316406;5
11253000;4.941135406494140625;5
11264000;4.9439344406127929688;5
11276000;4.9397864341735839844;5
11287000;4.9389061927795410156;5
11298000;4.93770599365234375;5
11310000;4.9368739128112792969;5
11321000;4.9397759437561035156;5
11333000;4.9378743171691894531;5
11344000;4.938140869140625;5
11355000;4.9376425743103027344;5
11368000;4.9363565444946289062;5
11380000;4.9373440742492675781;5
11391000;4.9380822181701660156;5
11403000;4.9368224143981933594;5
11415000;4.9361271858215332031;5
11427000;4.937061309814453125;5
11439000;4.9372735023498535156;5
11451000;4.9378557205200195312;5
11462000;4.9360876083374023438;5
11474000;4.9335942268371582031;5
11485000;4.9348921775817871094;5
11496000;4.9352169036865234375;5
11508000;4.9333214759826660156;5
11520000;4.9341917037963867188;5
11532000;4.9315919876098632812;5
11544000;4.9324927330017089844;5
11555000;4.9338898658752441406;5
11567000;4.9351286888122558594;5
11578000;4.9331111907958984375;5
11590000;4.9342899322509765625;5
11602000;4.9334588050842285156;5
11614000;4.9350500106811523438;5
11626000;4.9348301887512207031;5
11637000;4.9333209991455078125;5
11649000;4.9313802719116210938;5
11660000;4.9320187568664550781;5
11673000;4.9348125457763671875;5
11684000;4.9363055229187011719;5
11695000;4.9353113174438476562;5
11707000;4.9367828369140625;5
11718000;4.9366855621337890625;5
11729000;4.9375309944152832031;5
11741000;4.9375696182250976562;5
11753000;4.935878753662109375;5
11764000;4.9351315498352050781;5
11775000;4.9355225563049316406;5
11787000;4.937152862548828125;5
11799000;4.9362330436706542969;5
11811000;4.9340472221374511719;5
11823000;4.9356579780578613281;5
11834000;4.9366168975830078125;5
11846000;4.9358663558959960938;5
11858000;4.9364981651306152344;5
11869000;4.9370756149291992188;5
11880000;4.9359488487243652344;5
11892000;4.9350256919860839844;5
11903000;4.935199737548828125;5
11914000;4.9346303939819335938;5
11926000;4.9351530075073242188;5
11938000;4.9343647956848144531;5
11949000;4.9342761039733886719;5
11961000;4.9329433441162109375;5
11972000;4.9321923255920410156;5
11984000;4.9321546554565429688;5
11996000;4.9306197166442871094;5
12008000;4.9300103187561035156;5
12020000;4.9335398674011230469;5
12032000;4.9336376190185546875;5
12044000;4.9332661628723144531;5
12055000;4.9363870620727539062;5
12066000;4.934864044189453125;5
12078000;4.9345459938049316406;5
12089000;4.9344196319580078125;5
12102000;4.9364652633666992188;5
12113000;4.9359087944030761719;5
12125000;4.9367318153381347656;5
12136000;4.9374966621398925781;5
12148000;4.9365973472595214844;5
12159000;4.9383401870727539062;5
12171000;4.9372959136962890625;5
12183000;4.9379477500915527344;5
12194000;4.9383287429809570312;5
12205000;4.9365034103393554688;5
12217000;4.9376368522644042969;5
12229000;4.9362311363220214844;5
12240000;4.93701171875;5
12252000;4.9370322227478027344;5
12264000;4.9383106231689453125;5
12275000;4.9395017623901367188;5
12286000;4.9368338584899902344;5
12298000;4.9358706474304199219;5
12309000;4.9368681907653808594;5
12321000;4.9374361038208007812;5
12332000;4.9369225502014160156;5
12344000;4.9378008842468261719;5
12356000;4.9371609687805175781;5
12367000;4.9371900558471679688;5
12380000;4.9351201057434082031;5
12391000;4.9365811347961425781;5
12403000;4.9344286918640136719;5
12415000;4.9334864616394042969;5
12426000;4.9336175918579101562;5
12438000;4.9328675270080566406;5
12449000;4.9335851669311523438;5
12461000;4.9340701103210449219;5
12473000;4.9315671920776367188;5
12484000;4.931201934814453125;5
12496000;4.9327745437622070312;5
12507000;4.9315009117126464844;5
12518000;4.9313759803771972656;5
12530000;4.9299726486206054688;5
12542000;4.9303836822509765625;5
12553000;4.9316735267639160156;5
12565000;4.9293298721313476562;5
12577000;4.9297494888305664062;5
12589000;4.9300398826599121094;5
12601000;4.9293146133422851562;5
12612000;4.9315209388732910156;5
12624000;4.9288630485534667969;5
12636000;4.9311532974243164062;5
12647000;4.9323902130126953125;5
12660000;4.932750701904296875;5
12671000;4.9347438812255859375;5
12682000;4.9354805946350097656;5
12694000;4.9346132278442382812;5
12705000;4.9365386962890625;5
12716000;4.9373154640197753906;5
12727000;4.9372873306274414062;5
12738000;4.9405026435852050781;5
12750000;4.941417694091796875;5
12761000;4.9408764839172363281;5
12774000;4.9415111541748046875;5
12785000;4.9434957504272460938;5
12797000;4.943683624267578125;5
12808000;4.9452595710754394531;5
12820000;4.9424681663513183594;5
12831000;4.943164825439453125;5
12843000;4.9441385269165039062;5
12855000;4.9432711601257324219;5
12866000;4.9418692588806152344;5
12878000;4.9429697990417480469;5
12890000;4.9447655677795410156;5
12902000;4.9312777519226074219;-5
12913000;3.9378526210784912109;-5
12925000;1.4476153850555419922;-5
12936000;-2.1516437530517578125;-5
12948000;-4.6998224258422851562;-5
12960000;-5.71834564208984375;-5
12971000;-5.7775254249572753906;-5
12983000;-5.0595555305480957031;-5
12995000;-4.3415699005126953125;-5
13008000;-4.3336482048034667969;-5
13020000;-4.9792790412902832031;-5
13032000;-5.3109641075134277344;-5
13045000;-4.9847531318664550781;-5
13057000;-4.6884512901306152344;-5
13068000;-4.6831445693969726562;-5
13079000;-4.795093536376953125;-5
13090000;-4.8776822090148925781;-5
13103000;-5.0201778411865234375;-5
13114000;-5.0751552581787109375;-5
13126000;-4.9736738204956054688;-5
13138000;-4.8298249244689941406;-5
13150000;-4.7950434684753417969;-5
13161000;-4.9177942276000976562;-5
13173000;-5.0443673133850097656;-5
13185000;-5.0275983810424804688;-5
13198000;-4.9411473274230957031;-5
13209000;-4.8349409103393554688;-5
13221000;-4.77439117431640625;-5
13233000;-4.8975787162780761719;-5
13247000;-5.0377459526062011719;-5
13258000;-5.0952663421630859375;-5
13269000;-4.9521908760070800781;-5
13281000;-4.8108773231506347656;-5
13293000;-4.7935023307800292969;-5
13305000;-4.9107618331909179688;-5
13317000;-5.0571160316467285156;-5
13329000;-5.0363588333129882812;-5
13341000;-4.916194915771484375;-5
13353000;-4.8329095840454101562;-5
13364000;-4.8486785888671875;-5
13376000;-4.95839691162109375;-5
13388000;-5.0412335395812988281;-5
13401000;-5.0099425315856933594;-5
13412000;-4.9312753677368164062;-5
13425000;-4.89386749267578125;-5
13436000;-4.89588165283203125;-5
13448000;-4.9477505683898925781;-5
13460000;-5.0081005096435546875;-5
13471000;-4.9986395835876464844;-5
13483000;-4.96195220947265625;-5
13494000;-4.9396643638610839844;-5
13505000;-4.9295325279235839844;-5
13518000;-4.952594757080078125;-5
13529000;-4.9850983619689941406;-5
13541000;-4.9850268363952636719;-5
13553000;-4.9579691886901855469;-5
13564000;-4.9428791999816894531;-5
13576000;-4.9508075714111328125;-5
13588000;-4.9693875312805175781;-5
13600000;-4.9760217666625976562;-5
13611000;-4.9618506431579589844;-5
13623000;-4.94432830810546875;-5
13636000;-4.9517083168029785156;-5
13647000;-4.9663710594177246094;-5
13658000;-4.9716992378234863281;-5
13670000;-4.9604573249816894531;-5
13682000;-4.9539265632629394531;-5
13693000;-4.9561700820922851562;-5
13706000;-4.9652075767517089844;-5
13717000;-4.9698262214660644531;-5
13728000;-4.9623446464538574219;-5
13740000;-4.9590382575988769531;-5
13753000;-4.9627556800842285156;-5
13764000;-4.9666895866394042969;-5
13776000;-4.9715600013732910156;-5
13788000;-4.9657292366027832031;-5
13800000;-4.9607629776000976562;-5
13812000;-4.9628682136535644531;-5
13823000;-4.9688897132873535156;-5
13834000;-4.9689755439758300781;-5
13846000;-4.9652686119079589844;-5
13858000;-4.9619665145874023438;-5
13868000;-4.963634490966796875;-5
13880000;-4.9672818183898925781;-5
13892000;-4.9686737060546875;-5
13904000;-4.967166900634765625;-5
13918000;-4.9626359939575195312;-5
13930000;-4.9655022621154785156;-5
13941000;-4.9693875312805175781;-5
13953000;-4.9687662124633789062;-5
13964000;-4.9686427116394042969;-5
13975000;-4.9641928672790527344;-5
13986000;-4.9650506973266601562;-5
13998000;-4.9658026695251464844;-5
14011000;-4.9666414260864257812;-5
14023000;-4.9640145301818847656;-5
14035000;-4.9614863395690917969;-5
14047000;-4.9621214866638183594;-5
14058000;-4.9650759696960449219;-5
14070000;-4.9682831764221191406;-5
14081000;-4.9654717445373535156;-5
14093000;-4.9631390571594238281;-5
14105000;-4.9634552001953125;-5
14117000;-4.9643988609313964844;-5
14128000;-4.964038848876953125;-5
14141000;-4.9615435600280761719;-5
14153000;-4.9606294631958007812;-5
14164000;-4.9605579376220703125;-5
14176000;-4.9627766609191894531;-5
14188000;-4.963348388671875;-5
14200000;-4.9637851715087890625;-5
14212000;-4.9631676673889160156;-5
14225000;-4.9626970291137695312;-5
14236000;-4.964962005615234375;-5
14248000;-4.9643697738647460938;-5
14260000;-4.9625220298767089844;-5
14272000;-4.9597387313842773438;-5
14284000;-4.9598321914672851562;-5
14296000;-4.9636044502258300781;-5
14307000;-4.9623141288757324219;-5
14318000;-4.960117340087890625;-5
14330000;-4.9618239402770996094;-5
14342000;-4.9635019302368164062;-5
14354000;-4.9625182151794433594;-5
14365000;-4.9614653587341308594;-5
14376000;-4.9622530937194824219;-5
14388000;-4.9613060951232910156;-5
14400000;-4.9626679420471191406;-5
14412000;-4.9656968116760253906;-5
14423000;-4.9649710655212402344;-5
14435000;-4.9654741287231445312;-5
14447000;-4.9662923812866210938;-5
14458000;-4.9679555892944335938;-5
14470000;-4.9667992591857910156;-5
14481000;-4.9689431190490722656;-5
14493000;-4.9674701690673828125;-5
14505000;-4.9673399925231933594;-5
14517000;-4.9660348892211914062;-5
14529000;-4.96999359130859375;-5
14540000;-4.9668445587158203125;-5
14551000;-4.9673509597778320312;-5
14563000;-4.9664049148559570312;-5
14575000;-4.9656667709350585938;-5
14586000;-4.9642863273620605469;-5
14598000;-4.966136932373046875;-5
14610000;-4.9637646675109863281;-5
14621000;-4.9638428688049316406;-5
14633000;-4.9632267951965332031;-5
14644000;-4.9622550010681152344;-5
14656000;-4.9621033668518066406;-5
14668000;-4.9612011909484863281;-5
14678000;-4.9595665931701660156;-5
14690000;-4.9603252410888671875;-5
14703000;-4.9617013931274414062;-5
14714000;-4.9630403518676757812;-5
14727000;-4.9624257087707519531;-5
14738000;-4.9643311500549316406;-5
14750000;-4.9657826423645019531;-5
14762000;-4.9665231704711914062;-5
14773000;-4.9637303352355957031;-5
14784000;-4.9618496894836425781;-5
14795000;-4.9623208045959472656;-5
14808000;-4.9651951789855957031;-5
14819000;-4.9658617973327636719;-5
14831000;-4.9637875556945800781;-5
14843000;-4.963283538818359375;-5
14855000;-4.9624013900756835938;-5
14866000;-4.9647216796875;-5
14878000;-4.96302032470703125;-5
14889000;-4.9621295928955078125;-5
14901000;-4.9637455940246582031;-5
14913000;-4.9638485908508300781;-5
14924000;-4.9644985198974609375;-5
14935000;-4.9651455879211425781;-5
14947000;-4.9672265052795410156;-5
14959000;-4.9658932685852050781;-5
14971000;-4.9666037559509277344;-5
14983000;-4.9659376144409179688;-5
14995000;-4.9663043022155761719;-5
15007000;-4.9653806686401367188;-5
15019000;-4.965572357177734375;-5
15031000;-4.9648027420043945312;-5
15041000;-4.9649424552917480469;-5
15053000;-4.9638967514038085938;-5
15064000;-4.9657359123229980469;-5
15075000;-4.9662775993347167969;-5
15087000;-4.9680356979370117188;-5
15099000;-4.9669332504272460938;-5
15110000;-4.9676451683044433594;-5
15121000;-4.9662461280822753906;-5
15133000;-4.9672574996948242188;-5
15145000;-4.9659171104431152344;-5
15156000;-4.9682979583740234375;-5
15168000;-4.9689011573791503906;-5
15179000;-4.96942138671875;-5
15191000;-4.9691219329833984375;-5
15203000;-4.9686608314514160156;-5
15215000;-4.9683589935302734375;-5
15226000;-4.9693341255187988281;-5
15238000;-4.9690747261047363281;-5
15250000;-4.9696502685546875;-5
15262000;-4.9687428474426269531;-5
15274000;-4.9695067405700683594;-5
15285000;-4.969783782958984375;-5
15297000;-4.9694910049438476562;-5
15309000;-4.9702935218811035156;-5
15320000;-4.97092437744140625;-5
15333000;-4.9731664657592773438;-5
15344000;-4.9720196723937988281;-5
15356000;-4.9740190505981445312;-5
15367000;-4.9741778373718261719;-5
15379000;-4.9736175537109375;-5
15390000;-4.9740691184997558594;-5
15402000;-4.9567823410034179688;5
15415000;-3.1908705234527587891;5
15428000;0.070149935781955718994;5
15439000;3.0023403167724609375;5
15450000;5.1630373001098632812;5
15462000;5.7466034889221191406;5
15474000;5.605808258056640625;5
15486000;4.94927215576171875;5
15498000;4.4332790374755859375;5
15510000;4.6645455360412597656;5
15521000;4.9550275802612304688;5
15532000;5.0567302703857421875;5
15544000;5.1056194305419921875;5
15556000;5.1221294403076171875;5
15568000;5.0717091560363769531;5
15579000;4.9306817054748535156;5
15591000;4.8554301261901855469;5
15603000;4.8845663070678710938;5
15614000;4.9974064826965332031;5
15626000;5.0484528541564941406;5
15638000;5.0067887306213378906;5
15650000;4.9105806350708007812;5
15661000;4.8600549697875976562;5
15673000;4.9381651878356933594;5
15685000;5.0428638458251953125;5
15697000;5.0699796676635742188;5
15709000;4.9652528762817382812;5
15721000;4.8738203048706054688;5
15733000;4.9171466827392578125;5
15745000;5.0125737190246582031;5
15758000;5.0602135658264160156;5
15770000;5.0000214576721191406;5
15781000;4.9146142005920410156;5
15793000;4.9014310836791992188;5
15805000;4.944179534912109375;5
15816000;4.9970793724060058594;5
15828000;5.0081400871276855469;5
15840000;4.9776587486267089844;5
15851000;4.9548206329345703125;5
15862000;4.9527783393859863281;5
15874000;4.9682841300964355469;5
15885000;4.9749312400817871094;5
15896000;4.9759545326232910156;5
15908000;4.9698376655578613281;5
15920000;4.9664125442504882812;5
15931000;4.9646573066711425781;5
15943000;4.9700078964233398438;5
15954000;4.9749813079833984375;5
15965000;4.9768128395080566406;5
15978000;4.9718503952026367188;5
15990000;4.9651241302490234375;5
16002000;4.9699730873107910156;5
16013000;4.9745192527770996094;5
16025000;4.9752044677734375;5
16036000;4.9764461517333984375;5
16048000;4.9739871025085449219;5
16059000;4.9708728790283203125;5
16071000;4.9720416069030761719;5
16082000;4.9738745689392089844;5
16093000;4.9752078056335449219;5
16104000;4.9716863632202148438;5
16115000;4.969654083251953125;5
16126000;4.9702281951904296875;5
16138000;4.9716744422912597656;5
16149000;4.9700341224670410156;5
16160000;4.9699187278747558594;5
16172000;4.9690446853637695312;5
16183000;4.9679350852966308594;5
16194000;4.9674835205078125;5
16205000;4.9690647125244140625;5
16217000;4.971508026123046875;5
16230000;4.9715824127197265625;5
16241000;4.9697480201721191406;5
16253000;4.9694242477416992188;5
16264000;4.9711694717407226562;5
16276000;4.9717159271240234375;5
16287000;4.9727182388305664062;5
16299000;4.973484039306640625;5
16311000;4.9730701446533203125;5
16322000;4.974811553955078125;5
16334000;4.97336578369140625;5
16345000;4.9754881858825683594;5
16358000;4.9746775627136230469;5
16370000;4.9760813713073730469;5
16381000;4.9785823822021484375;5
16393000;4.979915618896484375;5
16405000;4.9787092208862304688;5
16417000;4.9797148704528808594;5
16429000;4.9818735122680664062;5
16441000;4.9821791648864746094;5
16452000;4.98172760009765625;5
16464000;4.9836392402648925781;5
16475000;4.9835686683654785156;5
16487000;4.9826812744140625;5
16499000;4.9844446182250976562;5
16511000;4.9853029251098632812;5
16523000;4.9856190681457519531;5
16534000;4.9881587028503417969;5
16546000;4.9890470504760742188;5
16558000;4.9881639480590820312;5
16570000;4.9891848564147949219;5
16583000;4.9917287826538085938;5
16594000;4.990764617919921875;5
16605000;4.9904794692993164062;5
16616000;4.9909749031066894531;5
16627000;4.9912633895874023438;5
16638000;4.9927453994750976562;5
16650000;4.9938859939575195312;5
16661000;4.9918165206909179688;5
16672000;4.9925298690795898438;5
16683000;4.992931365966796875;5
16695000;4.9920949935913085938;5
16706000;4.9930329322814941406;5
16718000;4.9924950599670410156;5
16730000;4.9941959381103515625;5
16741000;4.99835968017578125;5
16752000;4.9970202445983886719;5
16764000;4.9973726272583007812;5
16776000;4.9951510429382324219;5
16788000;4.9961409568786621094;5
16800000;4.9939169883728027344;5
16811000;4.9950823783874511719;5
16823000;4.9944257736206054688;5
16834000;4.9963560104370117188;5
16845000;4.9957251548767089844;5
16857000;4.9951376914978027344;5
16868000;4.99607086181640625;5
16879000;4.9981398582458496094;5
16891000;4.9959287643432617188;5
16903000;4.9943647384643554688;5
16915000;4.9937305450439453125;5
16926000;4.995326995849609375;5
16938000;4.9942579269409179688;5
16950000;4.9925732612609863281;5
16962000;4.9947156906127929688;5
16975000;4.9937000274658203125;5
16987000;4.9940338134765625;5
16999000;4.9940342903137207031;5
17010000;4.9942607879638671875;5
17021000;4.9935712814331054688;5
17033000;4.9958348274230957031;5
17045000;4.9956688880920410156;5
17056000;4.9962277412414550781;5
17067000;4.9949431419372558594;5
17078000;4.9966969490051269531;5
17089000;4.9941964149475097656;5
17100000;4.9918017387390136719;5
17111000;4.9937610626220703125;5
17123000;4.9923930168151855469;5
17134000;4.9917979240417480469;5
17146000;4.9907960891723632812;5
17158000;4.9913649559020996094;5
17169000;4.9907884597778320312;5
17181000;4.9905171394348144531;5
17193000;4.9951004981994628906;5
17205000;4.9942388534545898438;5
17217000;4.9954047203063964844;5
17228000;4.9924716949462890625;5
17240000;4.9912519454956054688;5
17251000;4.99267578125;5
17263000;4.9928250312805175781;5
17275000;4.9918298721313476562;5
17286000;4.9923334121704101562;5
17298000;4.9924473762512207031;5
17309000;4.9903612136840820312;5
17321000;4.9926252365112304688;5
17332000;4.99147796630859375;5
17344000;4.9921135902404785156;5
17355000;4.9904770851135253906;5
17367000;4.9914312362670898438;5
17379000;4.9930739402770996094;5
17390000;4.9933915138244628906;5
17402000;4.993534088134765625;5
17413000;4.9926838874816894531;5
17425000;4.9922413825988769531;5
17437000;4.9932737350463867188;5
17448000;4.9949398040771484375;5
17460000;4.9966940879821777344;5
17471000;4.9941816329956054688;5
17482000;4.9978837966918945312;5
17495000;4.9962291717529296875;5
17506000;4.995746612548828125;5
17518000;4.9958148002624511719;5
17530000;4.99500274658203125;5
17542000;4.9973816871643066406;5
17554000;4.9970040321350097656;5
17565000;4.997013092041015625;5
17576000;4.9994330406188964844;5
17587000;4.9977440834045410156;5
17600000;4.9959650039672851562;5
17612000;4.9950361251831054688;5
17623000;4.9976959228515625;5
17634000;4.9957451820373535156;5
17646000;4.9962339401245117188;5
17657000;4.9967207908630371094;5
17668000;4.9973621368408203125;5
17679000;4.99756622314453125;5
17691000;4.9954023361206054688;5
17702000;4.9962835311889648438;5
17714000;4.9964189529418945312;5
17726000;4.9959740638732910156;5
17737000;4.9982776641845703125;5
17749000;4.9961500167846679688;5
17760000;4.9973812103271484375;5
17773000;4.9978852272033691406;5
17784000;4.9996538162231445312;5
17796000;4.9981698989868164062;5
17807000;4.9962854385375976562;5
17818000;4.9964427947998046875;5
17828000;4.9939780235290527344;5
17840000;4.993488311767578125;5
17852000;4.9938097000122070312;5
17863000;4.9948678016662597656;5
17875000;4.9960484504699707031;5
17887000;4.9936361312866210938;5
17899000;4.9855508804321289062;-5
17910000;4.5923810005187988281;-5
17922000;2.0151157379150390625;-5
17934000;-1.5584571361541748047;-5
17946000;-4.3742246627807617188;-5
17957000;-5.4723858833312988281;-5
17968000;-5.81865692138671875;-5
17980000;-5.3292417526245117188;-5
17991000;-4.5790004730224609375;-5
18003000;-4.241596221923828125;-5
18015000;-4.6670160293579101562;-5
18026000;-5.2708325386047363281;-5
18038000;-5.2113933563232421875;-5
18050000;-4.8244619369506835938;-5
18062000;-4.6610021591186523438;-5
18074000;-4.7646312713623046875;-5
18086000;-4.8773746490478515625;-5
18098000;-5.0069441795349121094;-5
18110000;-5.1028256416320800781;-5
18121000;-5.0707478523254394531;-5
18133000;-4.9351859092712402344;-5
18144000;-4.812744140625;-5
18156000;-4.8620305061340332031;-5
18167000;-5.0202922821044921875;-5
18179000;-5.0928201675415039062;-5
18191000;-5.0280385017395019531;-5
18203000;-4.9272160530090332031;-5
18215000;-4.8207135200500488281;-5
18226000;-4.8192968368530273438;-5
18239000;-4.9862422943115234375;-5
18251000;-5.1200022697448730469;-5
18263000;-5.0833959579467773438;-5
18274000;-4.9161772727966308594;-5
18286000;-4.8081011772155761719;-5
18298000;-4.8706307411193847656;-5
18310000;-5.0079393386840820312;-5
18321000;-5.0933170318603515625;-5
18333000;-5.0372033119201660156;-5
18344000;-4.9182209968566894531;-5
18355000;-4.8525295257568359375;-5
18367000;-4.8994321823120117188;-5
18379000;-5.0156650543212890625;-5
18390000;-5.0711350440979003906;-5
18402000;-5.0154747962951660156;-5
18413000;-4.9392781257629394531;-5
18424000;-4.9073734283447265625;-5
18435000;-4.910488128662109375;-5
18447000;-4.9672574996948242188;-5
18459000;-5.0328783988952636719;-5
18470000;-5.019504547119140625;-5
18483000;-4.9768767356872558594;-5
18494000;-4.9514255523681640625;-5
18506000;-4.9427738189697265625;-5
18517000;-4.9657578468322753906;-5
18528000;-4.9951877593994140625;-5
18540000;-4.9986290931701660156;-5
18552000;-4.9717807769775390625;-5
18564000;-4.9571661949157714844;-5
18576000;-4.9673647880554199219;-5
18588000;-4.9855203628540039062;-5
18601000;-4.993740081787109375;-5
18613000;-4.9796185493469238281;-5
18624000;-4.9625749588012695312;-5
18635000;-4.9709348678588867188;-5
18647000;-4.9876356124877929688;-5
18659000;-4.9952383041381835938;-5
18670000;-4.98285675048828125;-5
18683000;-4.9727072715759277344;-5
18695000;-4.9764828681945800781;-5
18706000;-4.9889736175537109375;-5
18717000;-4.9914269447326660156;-5
18728000;-4.98369598388671875;-5
18739000;-4.9768095016479492188;-5
18751000;-4.9789328575134277344;-5
18761000;-4.9843096733093261719;-5
18773000;-4.9853711128234863281;-5
18784000;-4.9828257560729980469;-5
18796000;-4.9780359268188476562;-5
18807000;-4.9774909019470214844;-5
18819000;-4.9825906753540039062;-5
18830000;-4.9862332344055175781;-5
18842000;-4.98447418212890625;-5
18853000;-4.9805622100830078125;-5
18865000;-4.9750695228576660156;-5
18876000;-4.9803905487060546875;-5
18888000;-4.9824690818786621094;-5
18900000;-4.9817337989807128906;-5
18911000;-4.97428131103515625;-5
18923000;-4.9738659858703613281;-5
18935000;-4.9769840240478515625;-5
18947000;-4.9788150787353515625;-5
18958000;-4.9773182868957519531;-5
18970000;-4.9752125740051269531;-5
18981000;-4.9766058921813964844;-5
18992000;-4.9770054817199707031;-5
19004000;-4.9802179336547851562;-5
19016000;-4.97998809814453125;-5
19028000;-4.978061676025390625;-5
19039000;-4.9775309562683105469;-5
19050000;-4.9770450592041015625;-5
19062000;-4.9807772636413574219;-5
19074000;-4.9831614494323730469;-5
19087000;-4.9787859916687011719;-5
19099000;-4.9768762588500976562;-5
19111000;-4.9799952507019042969;-5
19123000;-4.9809079170227050781;-5
19134000;-4.9816684722900390625;-5
19146000;-4.9777956008911132812;-5
19158000;-4.9774222373962402344;-5
19169000;-4.9778509140014648438;-5
19181000;-4.9785876274108886719;-5
19193000;-4.9814319610595703125;-5
19205000;-4.9820337295532226562;-5
19217000;-4.97849273681640625;-5
19229000;-4.9802088737487792969;-5
19241000;-4.9819087982177734375;-5
19253000;-4.9820752143859863281;-5
19264000;-4.9799413681030273438;-5
19276000;-4.97969818115234375;-5
19287000;-4.9780035018920898438;-5
19299000;-4.9801344871520996094;-5
19311000;-4.9818248748779296875;-5
19322000;-4.9790329933166503906;-5
19335000;-4.9802289009094238281;-5
19346000;-4.9805254936218261719;-5
19358000;-4.9799985885620117188;-5
19370000;-4.9779109954833984375;-5
19382000;-4.9767885208129882812;-5
19394000;-4.976192474365234375;-5
19406000;-4.9778971672058105469;-5
19417000;-4.9786243438720703125;-5
19429000;-4.9766831398010253906;-5
19441000;-4.9742894172668457031;-5
19453000;-4.9740328788757324219;-5
19465000;-4.9750928878784179688;-5
19477000;-4.9728484153747558594;-5
19488000;-4.9755773544311523438;-5
19500000;-4.9745116233825683594;-5
19512000;-4.9750356674194335938;-5
19523000;-4.9742941856384277344;-5
19535000;-4.9770460128784179688;-5
19546000;-4.9764151573181152344;-5
19558000;-4.9744825363159179688;-5
19570000;-4.9736609458923339844;-5
19581000;-4.9754309654235839844;-5
19593000;-4.9755992889404296875;-5
19604000;-4.9730968475341796875;-5
19615000;-4.9738225936889648438;-5
19626000;-4.9727320671081542969;-5
19638000;-4.9744729995727539062;-5
19649000;-4.9743266105651855469;-5
19660000;-4.97533416748046875;-5
19672000;-4.9741272926330566406;-5
19684000;-4.9734206199645996094;-5
19696000;-4.9730319976806640625;-5
19708000;-4.9759778976440429688;-5
19720000;-4.9733033180236816406;-5
19731000;-4.9745740890502929688;-5
19742000;-4.9727602005004882812;-5
19754000;-4.9750013351440429688;-5
19765000;-4.9760160446166992188;-5
19777000;-4.9722876548767089844;-5
19789000;-4.9729704856872558594;-5
19800000;-4.973644256591796875;-5
19811000;-4.9756197929382324219;-5
19822000;-4.9769406318664550781;-5
19834000;-4.9768218994140625;-5
19846000;-4.9759249687194824219;-5
19857000;-4.9762806892395019531;-5
19868000;-4.9779253005981445312;-5
19879000;-4.9772486686706542969;-5
19890000;-4.9745922088623046875;-5
19902000;-4.9760951995849609375;-5
19914000;-4.9766325950622558594;-5
19925000;-4.9756608009338378906;-5
19937000;-4.9782786369323730469;-5
19948000;-4.9756054878234863281;-5
19960000;-4.9756937026977539062;-5
19971000;-4.976955413818359375;-5
19983000;-4.9778370857238769531;-5
19994000;-4.977550506591796875;-5
20005000;-4.9802165031433105469;-5
20016000;-4.9798083305358886719;-5
20028000;-4.9788584709167480469;-5
20039000;-4.9799451828002929688;-5
20051000;-4.9798808097839355469;-5
20063000;-4.9813485145568847656;-5
20074000;-4.9816646575927734375;-5
20086000;-4.9809975624084472656;-5
20098000;-4.9797291755676269531;-5
20109000;-4.9805865287780761719;-5
20120000;-4.9811987876892089844;-5
20132000;-4.9785370826721191406;-5
20143000;-4.9780850410461425781;-5
20155000;-4.9797434806823730469;-5
20167000;-4.9799652099609375;-5
20179000;-4.9805116653442382812;-5
20190000;-4.9791846275329589844;-5
20201000;-4.9805121421813964844;-5
20212000;-4.9803814888000488281;-5
20224000;-4.9820923805236816406;-5
20237000;-4.9838633537292480469;-5
20249000;-4.9848995208740234375;-5
20260000;-4.9842762947082519531;-5
20273000;-4.9840121269226074219;-5
20284000;-4.9826054573059082031;-5
20295000;-4.9842681884765625;-5
20306000;-4.9829115867614746094;-5
20319000;-4.9813508987426757812;-5
20330000;-4.981899261474609375;-5
20341000;-4.9826025962829589844;-5
20353000;-4.9812803268432617188;-5
20364000;-4.9828157424926757812;-5
20376000;-4.9819574356079101562;-5
20388000;-4.9826149940490722656;-5
20399000;-4.9674386978149414062;5
20411000;-3.6249935626983642578;5
20422000;-0.53834587335586547852;5
20435000;2.4515397548675537109;5
20446000;4.9257526397705078125;5
20458000;5.6967058181762695312;5
20469000;5.6697964668273925781;5
20481000;5.1980047225952148438;5
20492000;4.5128302574157714844;5
20505000;4.519161224365234375;5
20516000;4.8608660697937011719;5
20528000;5.0229477882385253906;5
20540000;5.08142852783203125;5
20551000;5.1069321632385253906;5
20564000;5.0821552276611328125;5
20575000;4.9479627609252929688;5
20586000;4.8572998046875;5
20598000;4.8643918037414550781;5
20609000;4.9730043411254882812;5
20621000;5.0343909263610839844;5
20632000;5.030323028564453125;5
20644000;4.9332194328308105469;5
20656000;4.8589034080505371094;5
20667000;4.870479583740234375;5
20679000;4.9896516799926757812;5
20690000;5.0686693191528320312;5
20702000;5.0046257972717285156;5
20714000;4.8912782669067382812;5
20725000;4.87053680419921875;5
20737000;4.9459309577941894531;5
20749000;5.0186982154846191406;5
20760000;5.0331215858459472656;5
20771000;4.9575061798095703125;5
20783000;4.8891777992248535156;5
20794000;4.8916239738464355469;5
20806000;4.9449706077575683594;5
20818000;4.98560333251953125;5
20829000;4.9769339561462402344;5
20841000;4.9516577720642089844;5
20852000;4.9315581321716308594;5
20864000;4.9386172294616699219;5
20876000;4.9504513740539550781;5
20888000;4.9532632827758789062;5
20899000;4.9518327713012695312;5
20911000;4.9469294548034667969;5
20922000;4.9446382522583007812;5
20935000;4.9463171958923339844;5
20946000;4.9491925239562988281;5
20957000;4.9545235633850097656;5
20969000;4.953701019287109375;5
20982000;4.9449329376220703125;5
20993000;4.9414534568786621094;5
21006000;4.9467868804931640625;5
21018000;4.9487490653991699219;5
21029000;4.9520406723022460938;5
21041000;4.9510827064514160156;5
21052000;4.9469466209411621094;5
21063000;4.9473948478698730469;5
21074000;4.9477863311767578125;5
21086000;4.950592041015625;5
21097000;4.951725006103515625;5
21108000;4.9506702423095703125;5
21120000;4.9505071640014648438;5
21132000;4.9499173164367675781;5
21144000;4.9528989791870117188;5
21155000;4.9499120712280273438;5
21167000;4.9499340057373046875;5
21179000;4.9503574371337890625;5
21191000;4.9499049186706542969;5
21202000;4.9517526626586914062;5
21213000;4.9523243904113769531;5
21225000;4.9527902603149414062;5
21237000;4.9529271125793457031;5
21249000;4.9513487815856933594;5
21261000;4.9500837326049804688;5
21273000;4.9499011039733886719;5
21285000;4.9501843452453613281;5
21296000;4.9504871368408203125;5
21308000;4.9492154121398925781;5
21320000;4.9501204490661621094;5
21332000;4.953388214111328125;5
21344000;4.9515366554260253906;5
21355000;4.948352813720703125;5
21366000;4.9473147392272949219;5
21378000;4.9455695152282714844;5
21391000;4.9465923309326171875;5
21403000;4.9456667900085449219;5
21414000;4.9467234611511230469;5
21426000;4.9461231231689453125;5
21438000;4.9490799903869628906;5
21449000;4.9466242790222167969;5
21460000;4.9474806785583496094;5
21472000;4.9464659690856933594;5
21483000;4.9441347122192382812;5
21495000;4.9420933723449707031;5
21507000;4.9442815780639648438;5
21518000;4.9465274810791015625;5
21530000;4.9467463493347167969;5
21541000;4.9460949897766113281;5
21554000;4.9470973014831542969;5
21565000;4.94429779052734375;5
21576000;4.9463071823120117188;5
21588000;4.9456629753112792969;5
21600000;4.9448909759521484375;5
21611000;4.945423126220703125;5
21623000;4.94522857666015625;5
21634000;4.9483804702758789062;5
21645000;4.9479818344116210938;5
21658000;4.9484872817993164062;5
21669000;4.9489955902099609375;5
21680000;4.9492640495300292969;5
21692000;4.9489054679870605469;5
21704000;4.9495511054992675781;5
21717000;4.9492311477661132812;5
21729000;4.948955535888671875;5
21740000;4.9498858451843261719;5
21751000;4.9505848884582519531;5
21763000;4.9496355056762695312;5
21775000;4.9507012367248535156;5
21787000;4.9479837417602539062;5
21799000;4.949161529541015625;5
21813000;4.9447827339172363281;5
21825000;4.9471096992492675781;5
21837000;4.9452419281005859375;5
21850000;4.9453969001770019531;5
21861000;4.947559356689453125;5
21873000;4.9466161727905273438;5
21884000;4.9476571083068847656;5
21896000;4.9483642578125;5
21908000;4.946743011474609375;5
21918000;4.9467515945434570312;5
21931000;4.9462795257568359375;5
21942000;4.9484910964965820312;5
21955000;4.9480876922607421875;5
21966000;4.9466276168823242188;5
21979000;4.9502086639404296875;5
21991000;4.9491448402404785156;5
22003000;4.9486432075500488281;5
22014000;4.9497442245483398438;5
22026000;4.9507756233215332031;5
22037000;4.9485154151916503906;5
22049000;4.9513888359069824219;5
22060000;4.94805145263671875;5
22071000;4.9483137130737304688;5
22083000;4.9469552040100097656;5
22094000;4.9468469619750976562;5
22106000;4.9468560218811035156;5
22118000;4.9464240074157714844;5
22129000;4.9470915794372558594;5
22141000;4.9449167251586914062;5
22152000;4.9421262741088867188;5
22164000;4.9438538551330566406;5
22176000;4.9457592964172363281;5
22188000;4.9451208114624023438;5
22200000;4.9461946487426757812;5
22212000;4.9468331336975097656;5
22223000;4.9473943710327148438;5
22235000;4.9436354637145996094;5
22246000;4.9425454139709472656;5
22258000;4.9444017410278320312;5
22269000;4.9448652267456054688;5
22282000;4.9456987380981445312;5
22293000;4.9452638626098632812;5
22304000;4.9434556961059570312;5
22317000;4.9449701309204101562;5
22328000;4.9455027580261230469;5
22339000;4.9466953277587890625;5
22350000;4.9477787017822265625;5
22361000;4.9470353126525878906;5
22373000;4.9488615989685058594;5
22385000;4.9469285011291503906;5
22397000;4.9461765289306640625;5
22408000;4.9487576484680175781;5
22420000;4.94904327392578125;5
22431000;4.94969940185546875;5
22443000;4.9505858421325683594;5
22453000;4.9495840072631835938;5
22465000;4.9528231620788574219;5
22477000;4.9489536285400390625;5
22488000;4.9503889083862304688;5
22500000;4.9487156867980957031;5
22511000;4.9471335411071777344;5
22523000;4.9502558708190917969;5
22533000;4.9494609832763671875;5
22545000;4.9497570991516113281;5
22557000;4.9498620033264160156;5
22568000;4.9510955810546875;5
22579000;4.9525761604309082031;5
22591000;4.9545083045959472656;5
22603000;4.9510493278503417969;5
22614000;4.9525651931762695312;5
22625000;4.9541840553283691406;5
22637000;4.9529156684875488281;5
22649000;4.95333099365234375;5
22661000;4.9554586410522460938;5
22673000;4.952587127685546875;5
22685000;4.9545073509216308594;5
22697000;4.9536881446838378906;5
22709000;4.9519262313842773438;5
22720000;4.9521951675415039062;5
22731000;4.951976776123046875;5
22743000;4.9522523880004882812;5
22755000;4.9526510238647460938;5
22766000;4.9517564773559570312;5
22777000;4.9510817527770996094;5
22788000;4.9496564865112304688;5
22799000;4.948192596435546875;5
22811000;4.9501366615295410156;5
22822000;4.9504642486572265625;5
22834000;4.9503026008605957031;5
22846000;4.9499812126159667969;5
22858000;4.948398590087890625;5
22869000;4.9509196281433105469;5
22881000;4.9528856277465820312;5
22892000;4.9517550468444824219;-5
22904000;4.8671412467956542969;-5
22916000;3.0651235580444335938;-5
22928000;-0.35920828580856323242;-5
22939000;-3.6617071628570556641;-5
22950000;-5.1080260276794433594;-5
22962000;-5.8139801025390625;-5
22973000;-5.532848358154296875;-5
22985000;-4.822101593017578125;-5
22996000;-4.2957296371459960938;-5
23008000;-4.4299254417419433594;-5
23019000;-5.081329345703125;-5
23031000;-5.3212866783142089844;-5
23042000;-5.0062336921691894531;-5
23054000;-4.7021622657775878906;-5
23066000;-4.6848654747009277344;-5
23078000;-4.7995705604553222656;-5
23089000;-4.9078874588012695312;-5
23100000;-5.0344390869140625;-5
23113000;-5.089752197265625;-5
23124000;-4.9800348281860351562;-5
23136000;-4.8196835517883300781;-5
23147000;-4.7784795761108398438;-5
23158000;-4.9374065399169921875;-5
23171000;-5.0685296058654785156;-5
23183000;-5.0306897163391113281;-5
23194000;-4.9582271575927734375;-5
23206000;-4.8573708534240722656;-5
23218000;-4.7834277153015136719;-5
23229000;-4.8524947166442871094;-5
23242000;-5.0209231376647949219;-5
23253000;-5.1072912216186523438;-5
23264000;-5.0097804069519042969;-5
23276000;-4.8557691574096679688;-5
23288000;-4.7933702468872070312;-5
23300000;-4.8929877281188964844;-5
23312000;-5.0232782363891601562;-5
23324000;-5.0706286430358886719;-5
23335000;-4.9664411544799804688;-5
23347000;-4.8604373931884765625;-5
23359000;-4.8389463424682617188;-5
23370000;-4.9168753623962402344;-5
23382000;-5.0196046829223632812;-5
23394000;-5.0408625602722167969;-5
23405000;-4.9608693122863769531;-5
23416000;-4.9082841873168945312;-5
23428000;-4.8807430267333984375;-5
23440000;-4.9103856086730957031;-5
23452000;-4.9759249687194824219;-5
23463000;-5.0231823921203613281;-5
23474000;-4.9957256317138671875;-5
23486000;-4.9343624114990234375;-5
23497000;-4.911163330078125;-5
23507000;-4.9075193405151367188;-5
23519000;-4.9410433769226074219;-5
23531000;-4.98627471923828125;-5
23543000;-4.9854512214660644531;-5
23555000;-4.9487357139587402344;-5
23567000;-4.9365358352661132812;-5
23578000;-4.9409508705139160156;-5
23589000;-4.9581913948059082031;-5
23601000;-4.97112274169921875;-5
23613000;-4.9612259864807128906;-5
23625000;-4.9412360191345214844;-5
23636000;-4.9412775039672851562;-5
23648000;-4.956836700439453125;-5
23660000;-4.965972900390625;-5
23671000;-4.9608273506164550781;-5
23683000;-4.9517455101013183594;-5
23694000;-4.9515233039855957031;-5
23707000;-4.9577555656433105469;-5
23719000;-4.9649324417114257812;-5
23730000;-4.9584698677062988281;-5
23742000;-4.9511251449584960938;-5
23755000;-4.9501280784606933594;-5
23766000;-4.9549388885498046875;-5
23778000;-4.9569182395935058594;-5
23789000;-4.9527201652526855469;-5
23801000;-4.9491724967956542969;-5
23812000;-4.9518156051635742188;-5
23824000;-4.9557247161865234375;-5
23836000;-4.9572439193725585938;-5
23848000;-4.9557175636291503906;-5
23860000;-4.9517827033996582031;-5
23872000;-4.9459061622619628906;-5
23883000;-4.9503984451293945312;-5
23896000;-4.9518618583679199219;-5
23907000;-4.9514698982238769531;-5
23918000;-4.9496183395385742188;-5
23930000;-4.9491286277770996094;-5
23941000;-4.9526181221008300781;-5
23953000;-4.9547548294067382812;-5
23965000;-4.9541859626770019531;-5
23977000;-4.9497632980346679688;-5
23990000;-4.9495902061462402344;-5
24002000;-4.952228546142578125;-5
24013000;-4.95587158203125;-5
24025000;-4.9544301033020019531;-5
24036000;-4.9496722221374511719;-5
24047000;-4.9480600357055664062;-5
24058000;-4.9497056007385253906;-5
24069000;-4.9509944915771484375;-5
24081000;-4.9510273933410644531;-5
24092000;-4.9502177238464355469;-5
24104000;-4.9486522674560546875;-5
24116000;-4.9472994804382324219;-5
24128000;-4.946453094482421875;-5
24139000;-4.9468202590942382812;-5
24150000;-4.9478769302368164062;-5
24161000;-4.9477481842041015625;-5
24173000;-4.9468011856079101562;-5
24185000;-4.9519705772399902344;-5
24196000;-4.9523019790649414062;-5
24208000;-4.9505815505981445312;-5
24220000;-4.9495077133178710938;-5
24232000;-4.9487614631652832031;-5
24243000;-4.9548897743225097656;-5
24254000;-4.9563622474670410156;-5
24266000;-4.9540562629699707031;-5
24277000;-4.9531016349792480469;-5
24289000;-4.9515805244445800781;-5
24300000;-4.95468902587890625;-5
24313000;-4.9559993743896484375;-5
24325000;-4.9565834999084472656;-5
24336000;-4.9561004638671875;-5
24348000;-4.957935333251953125;-5
24360000;-4.9568638801574707031;-5
24372000;-4.9569807052612304688;-5
24383000;-4.9570112228393554688;-5
24395000;-4.9567108154296875;-5
24406000;-4.9562368392944335938;-5
24418000;-4.9575929641723632812;-5
24429000;-4.9560666084289550781;-5
24441000;-4.9552121162414550781;-5
24452000;-4.9543623924255371094;-5
24463000;-4.9571380615234375;-5
24475000;-4.9580030441284179688;-5
24487000;-4.9569506645202636719;-5
24500000;-4.9549398422241210938;-5
24511000;-4.9573068618774414062;-5
24522000;-4.9580931663513183594;-5
24534000;-4.95899200439453125;-5
24546000;-4.9602031707763671875;-5
24557000;-4.9632568359375;-5
24569000;-4.9663648605346679688;-5
24581000;-4.9671888351440429688;-5
24593000;-4.9705338478088378906;-5
24605000;-4.9706473350524902344;-5
24617000;-4.969600677490234375;-5
24629000;-4.9673571586608886719;-5
24640000;-4.9691314697265625;-5
24652000;-4.9699087142944335938;-5
24664000;-4.9684576988220214844;-5
24676000;-4.9678320884704589844;-5
24688000;-4.9674668312072753906;-5
24699000;-4.9685091972351074219;-5
24712000;-4.9711160659790039062;-5
24723000;-4.9702515602111816406;-5
24734000;-4.9718470573425292969;-5
24746000;-4.9706559181213378906;-5
24758000;-4.9698491096496582031;-5
24770000;-4.9668283462524414062;-5
24781000;-4.9650378227233886719;-5
24794000;-4.9666380882263183594;-5
24805000;-4.9670433998107910156;-5
24816000;-4.9665484428405761719;-5
24828000;-4.96393585205078125;-5
24840000;-4.9650139808654785156;-5
24851000;-4.9659137725830078125;-5
24864000;-4.9636406898498535156;-5
24875000;-4.9629421234130859375;-5
24886000;-4.96427154541015625;-5
24898000;-4.9650359153747558594;-5
24910000;-4.9635162353515625;-5
24921000;-4.9632205963134765625;-5
24934000;-4.9640870094299316406;-5
24946000;-4.9639596939086914062;-5
24957000;-4.9627099037170410156;-5
24968000;-4.9639477729797363281;-5
24980000;-4.9632663726806640625;-5
24991000;-4.96227264404296875;-5
25003000;-4.961742401123046875;-5
25014000;-4.9614329338073730469;-5
25027000;-4.9634480476379394531;-5
25038000;-4.96511077880859375;-5
25050000;-4.9634237289428710938;-5
25062000;-4.9638218879699707031;-5
25074000;-4.964874267578125;-5
25085000;-4.9631628990173339844;-5
25097000;-4.9634218215942382812;-5
25108000;-4.9633302688598632812;-5
25120000;-4.9634060859680175781;-5
25131000;-4.9619894027709960938;-5
25143000;-4.9599895477294921875;-5
25155000;-4.9625763893127441406;-5
25166000;-4.96268463134765625;-5
25177000;-4.9636006355285644531;-5
25188000;-4.9615736007690429688;-5
25200000;-4.9618406295776367188;-5
25212000;-4.9630551338195800781;-5
25225000;-4.9625921249389648438;-5
25238000;-4.9640145301818847656;-5
25249000;-4.9627094268798828125;-5
25260000;-4.9623022079467773438;-5
25272000;-4.962047576904296875;-5
25283000;-4.9629139900207519531;-5
25294000;-4.9619832038879394531;-5
25305000;-4.9633355140686035156;-5
25317000;-4.9644074440002441406;-5
25329000;-4.9649033546447753906;-5
25340000;-4.9654746055603027344;-5
25352000;-4.9651408195495605469;-5
25364000;-4.9675436019897460938;-5
25375000;-4.9668369293212890625;-5
25387000;-4.9655880928039550781;-5
25397000;-4.9621934890747070312;5
25409000;-3.9975628852844238281;5
25421000;-1.1612217426300048828;5
25432000;1.8228137493133544922;5
25444000;4.6529202461242675781;5
25455000;5.64249420166015625;5
25468000;5.6953492164611816406;5
25479000;5.176910400390625;5
25491000;4.504261016845703125;5
25503000;4.533161163330078125;5
25515000;4.8612890243530273438;5
25527000;5.0176725387573242188;5
25538000;5.063159942626953125;5
25549000;5.0965013504028320312;5
25561000;5.0886483192443847656;5
25572000;4.9746699333190917969;5
25584000;4.8522396087646484375;5
25596000;4.8520321846008300781;5
25608000;4.9601674079895019531;5
25619000;5.0351796150207519531;5
25631000;5.0473375320434570312;5
25642000;4.9563932418823242188;5
25653000;4.8687381744384765625;5
25665000;4.8681554794311523438;5
25676000;4.9602828025817871094;5
25688000;5.0651583671569824219;5
25699000;5.0345273017883300781;5
25711000;4.9339342117309570312;5
25722000;4.8651480674743652344;5
25734000;4.9129910469055175781;5
25745000;5.0068025588989257812;5
25757000;5.0460915565490722656;5
25770000;4.9898633956909179688;5
25782000;4.9122776985168457031;5
25793000;4.9012355804443359375;5
25805000;4.9513568878173828125;5
25817000;4.99446868896484375;5
25830000;4.9910378456115722656;5
25841000;4.9607324600219726562;5
25854000;4.9472131729125976562;5
25865000;4.9528913497924804688;5
25876000;4.9634099006652832031;5
25889000;4.9733400344848632812;5
25900000;4.9735746383666992188;5
25912000;4.9667429924011230469;5
25923000;4.9610123634338378906;5
25935000;4.9608054161071777344;5
25947000;4.9673414230346679688;5
25958000;4.9754037857055664062;5
25970000;4.9726662635803222656;5
25981000;4.9643096923828125;5
25992000;4.9616136550903320312;5
26004000;4.9637002944946289062;5
26016000;4.9691081047058105469;5
26028000;4.969760894775390625;5
26039000;4.9677166938781738281;5
26052000;4.9668669700622558594;5
26063000;4.964298248291015625;5
26074000;4.964771270751953125;5
26087000;4.9661583900451660156;5
26097000;4.9672303199768066406;5
26108000;4.9637045860290527344;5
26120000;4.9617953300476074219;5
26132000;4.962390899658203125;5
26144000;4.963855743408203125;5
26155000;4.96425628662109375;5
26167000;4.9627513885498046875;5
26178000;4.9647159576416015625;5
26189000;4.9659214019775390625;5
26201000;4.9660058021545410156;5
26213000;4.9686822891235351562;5
26224000;4.9650073051452636719;5
26235000;4.9646635055541992188;5
26248000;4.9637155532836914062;5
26260000;4.9640250205993652344;5
26271000;4.966396331787109375;5
26283000;4.9655499458312988281;5
26295000;4.9626359939575195312;5
26306000;4.9618477821350097656;5
26318000;4.9639883041381835938;5
26329000;4.9632401466369628906;5
26341000;4.9629507064819335938;5
26352000;4.9636659622192382812;5
26363000;4.9632883071899414062;5
26376000;4.9653182029724121094;5
26387000;4.9664082527160644531;5
26398000;4.9653000831604003906;5
26410000;4.9642133712768554688;5
26422000;4.9637928009033203125;5
26433000;4.9625306129455566406;5
26444000;4.9666104316711425781;5
26456000;4.9667115211486816406;5
26468000;4.9678869247436523438;5
26479000;4.9688887596130371094;5
26490000;4.9680995941162109375;5
26501000;4.9680461883544921875;5
26513000;4.9704384803771972656;5
26525000;4.9689474105834960938;5
26537000;4.9711198806762695312;5
26548000;4.9721312522888183594;5
26560000;4.9712548255920410156;5
26572000;4.972339630126953125;5
26583000;4.9705195426940917969;5
26595000;4.9738969802856445312;5
26608000;4.9766688346862792969;5
26620000;4.9751691818237304688;5
26632000;4.9751706123352050781;5
26644000;4.9746723175048828125;5
26655000;4.9731745719909667969;5
26667000;4.9732265472412109375;5
26679000;4.9744434356689453125;5
26691000;4.9742960929870605469;5
26702000;4.9740815162658691406;5
26714000;4.974414825439453125;5
26725000;4.9746751785278320312;5
26736000;4.9766893386840820312;5
26748000;4.9760694503784179688;5
26760000;4.9769353866577148438;5
26771000;4.9770536422729492188;5
26784000;4.9781355857849121094;5
26795000;4.9798183441162109375;5
26806000;4.9807786941528320312;5
26819000;4.9821076393127441406;5
26831000;4.9813408851623535156;5
26843000;4.9816045761108398438;5
26854000;4.9800562858581542969;5
26866000;4.9820966720581054688;5
26877000;4.9821333885192871094;5
26889000;4.98392486572265625;5
26901000;4.9829683303833007812;5
26912000;4.9837007522583007812;5
26924000;4.985706329345703125;5
26936000;4.9851932525634765625;5
26947000;4.9854807853698730469;5
26960000;4.9860849380493164062;5
26972000;4.9850368499755859375;5
26984000;4.9864306449890136719;5
26995000;4.9859991073608398438;5
27007000;4.9853644371032714844;5
27017000;4.9832329750061035156;5
27029000;4.9827141761779785156;5
27040000;4.9837503433227539062;5
27053000;4.9799046516418457031;5
27064000;4.9793787002563476562;5
27076000;4.9793286323547363281;5
27087000;4.9793219566345214844;5
27099000;4.9793643951416015625;5
27111000;4.9794821739196777344;5
27123000;4.9797735214233398438;5
27135000;4.9827623367309570312;5
27147000;4.9839015007019042969;5
27159000;4.9829182624816894531;5
27170000;4.9816279411315917969;5
27181000;4.9807543754577636719;5
27192000;4.981662750244140625;5
27204000;4.9808759689331054688;5
27215000;4.9819669723510742188;5
27227000;4.9814882278442382812;5
27239000;4.9820094108581542969;5
27251000;4.9816923141479492188;5
27261000;4.9816222190856933594;5
27271000;4.9812159538269042969;5
27283000;4.9799094200134277344;5
27294000;4.9810395240783691406;5
27305000;4.9800868034362792969;5
27317000;4.9796628952026367188;5
27329000;4.9795670509338378906;5
27341000;4.9786601066589355469;5
27352000;4.9778418540954589844;5
27364000;4.9803714752197265625;5
27376000;4.97888946533203125;5
27388000;4.9802174568176269531;5
27400000;4.9805932044982910156;5
27412000;4.9804148674011230469;5
27424000;4.9776196479797363281;5
27435000;4.9789223670959472656;5
27447000;4.9769663810729980469;5
27459000;4.9767155647277832031;5
27470000;4.9767665863037109375;5
27481000;4.9756979942321777344;5
27493000;4.9753785133361816406;5
27504000;4.9745998382568359375;5
27515000;4.976329803466796875;5
27527000;4.9775390625;5
27539000;4.9776005744934082031;5
27552000;4.9783754348754882812;5
27564000;4.9779672622680664062;5
27576000;4.9776368141174316406;5
27588000;4.9767236709594726562;5
27599000;4.9751811027526855469;5
27611000;4.9746088981628417969;5
27623000;4.9751348495483398438;5
27634000;4.9742908477783203125;5
27646000;4.9765868186950683594;5
27658000;4.9773340225219726562;5
27669000;4.9750461578369140625;5
27680000;4.9745941162109375;5
27691000;4.9735469818115234375;5
27702000;4.9727077484130859375;5
27714000;4.9744653701782226562;5
27726000;4.9722957611083984375;5
27737000;4.9738941192626953125;5
27749000;4.9742131233215332031;5
27761000;4.9737343788146972656;5
27773000;4.9744486808776855469;5
27784000;4.97310638427734375;5
27796000;4.9730482101440429688;5
27807000;4.9729871749877929688;5
27818000;4.9716386795043945312;5
27829000;4.9722218513488769531;5
27841000;4.9711785316467285156;5
27853000;4.9720664024353027344;5
27865000;4.9707827568054199219;5
27876000;4.9702281951904296875;5
27888000;4.9703040122985839844;5
27900000;4.9348330497741699219;-5
27911000;3.4969620704650878906;-5
27923000;0.20885582268238067627;-5
27936000;-3.2753636837005615234;-5
27948000;-5.1407260894775390625;-5
27960000;-5.8537974357604980469;-5
27971000;-5.56827545166015625;-5
27983000;-4.9758353233337402344;-5
27994000;-4.3102741241455078125;-5
28006000;-4.4532456398010253906;-5
28017000;-5.1050019264221191406;-5
28029000;-5.3192348480224609375;-5
28042000;-4.9554119110107421875;-5
28054000;-4.6920518875122070312;-5
28065000;-4.7173790931701660156;-5
28077000;-4.8315515518188476562;-5
28088000;-4.9288549423217773438;-5
28100000;-5.0767836570739746094;-5
28112000;-5.0974435806274414062;-5
28124000;-4.9692583084106445312;-5
28135000;-4.821033477783203125;-5
28147000;-4.8272104263305664062;-5
28159000;-4.9745073318481445312;-5
28170000;-5.0752301216125488281;-5
28181000;-5.0483074188232421875;-5
28193000;-4.9662628173828125;-5
28204000;-4.8836073875427246094;-5
28215000;-4.8009958267211914062;-5
28227000;-4.8512601852416992188;-5
28238000;-4.994792938232421875;-5
28250000;-5.1201066970825195312;-5
28261000;-5.0414185523986816406;-5
28271000;-4.9146876335144042969;-5
28283000;-4.8258166313171386719;-5
28295000;-4.8819713592529296875;-5
28307000;-5.0050435066223144531;-5
28318000;-5.0897703170776367188;-5
28330000;-5.0520429611206054688;-5
28342000;-4.9307074546813964844;-5
28353000;-4.8585052490234375;-5
28365000;-4.8998780250549316406;-5
28376000;-4.9903950691223144531;-5
28388000;-5.0673351287841796875;-5
28399000;-5.0296874046325683594;-5
28411000;-4.9500622749328613281;-5
28422000;-4.9122414588928222656;-5
28434000;-4.9211068153381347656;-5
28446000;-4.9691557884216308594;-5
28458000;-5.0309133529663085938;-5
28470000;-5.013355255126953125;-5
28481000;-4.9724917411804199219;-5
28493000;-4.9565844535827636719;-5
28505000;-4.9577016830444335938;-5
28516000;-4.9746608734130859375;-5
28529000;-4.9977898597717285156;-5
28540000;-4.99639892578125;-5
28552000;-4.9771637916564941406;-5
28565000;-4.9744000434875488281;-5
28577000;-4.9842247962951660156;-5
28588000;-4.99071502685546875;-5
28600000;-4.9948453903198242188;-5
28612000;-4.9832935333251953125;-5
28624000;-4.9699244499206542969;-5
28635000;-4.977550506591796875;-5
28648000;-4.9913511276245117188;-5
28659000;-4.9891581535339355469;-5
28671000;-4.9784979820251464844;-5
28683000;-4.9730687141418457031;-5
28695000;-4.9795441627502441406;-5
28707000;-4.9890198707580566406;-5
28719000;-4.9865546226501464844;-5
28730000;-4.9771451950073242188;-5
28741000;-4.9721179008483886719;-5
28753000;-4.9776301383972167969;-5
28763000;-4.9852604866027832031;-5
28775000;-4.9864840507507324219;-5
28786000;-4.9795207977294921875;-5
28798000;-4.9746799468994140625;-5
28809000;-4.9754638671875;-5
28821000;-4.9805674552917480469;-5
28833000;-4.985137939453125;-5
28844000;-4.9812512397766113281;-5
28856000;-4.9756793975830078125;-5
28868000;-4.9738106727600097656;-5
28880000;-4.9786586761474609375;-5
28893000;-4.9814133644104003906;-5
28905000;-4.9786195755004882812;-5
28917000;-4.9763464927673339844;-5
28928000;-4.9780440330505371094;-5
28939000;-4.9813714027404785156;-5
28951000;-4.9828405380249023438;-5
28963000;-4.9816145896911621094;-5
28975000;-4.9797029495239257812;-5
28987000;-4.98192596435546875;-5
28998000;-4.9822435379028320312;-5
29010000;-4.98331451416015625;-5
29023000;-4.9838190078735351562;-5
29034000;-4.9792275428771972656;-5
29046000;-4.9788022041320800781;-5
29056000;-4.9832921028137207031;-5
29068000;-4.9838185310363769531;-5
29080000;-4.9841685295104980469;-5
29091000;-4.9836058616638183594;-5
29103000;-4.9830493927001953125;-5
29115000;-4.9849514961242675781;-5
29128000;-4.9854683876037597656;-5
29140000;-4.9852390289306640625;-5
29151000;-4.9826006889343261719;-5
29163000;-4.9842534065246582031;-5
29175000;-4.9840579032897949219;-5
29187000;-4.9837980270385742188;-5
29198000;-4.9852752685546875;-5
29210000;-4.9837789535522460938;-5
29222000;-4.9845604896545410156;-5
29232000;-4.9851450920104980469;-5
29243000;-4.9845604896545410156;-5
29256000;-4.9839801788330078125;-5
29268000;-4.9836025238037109375;-5
29279000;-4.980991363525390625;-5
29292000;-4.9823675155639648438;-5
29304000;-4.9829559326171875;-5
29316000;-4.9817242622375488281;-5
29329000;-4.9784479141235351562;-5
29341000;-4.9788665771484375;-5
29352000;-4.9807791709899902344;-5
29364000;-4.9831304550170898438;-5
29376000;-4.9824609756469726562;-5
29387000;-4.9821314811706542969;-5
29398000;-4.9832320213317871094;-5
29410000;-4.9825978279113769531;-5
29421000;-4.9819560050964355469;-5
29432000;-4.9803209304809570312;-5
29444000;-4.9809331893920898438;-5
29455000;-4.9786243438720703125;-5
29466000;-4.9788355827331542969;-5
29478000;-4.980182647705078125;-5
29489000;-4.9806447029113769531;-5
29501000;-4.981243133544921875;-5
29513000;-4.9819025993347167969;-5
29524000;-4.9835085868835449219;-5
29535000;-4.9848618507385253906;-5
29547000;-4.9855241775512695312;-5
29559000;-4.9837694168090820312;-5
29570000;-4.9837789535522460938;-5
29581000;-4.9833321571350097656;-5
29593000;-4.9849262237548828125;-5
29604000;-4.9807147979736328125;-5
29615000;-4.9776782989501953125;-5
29627000;-4.9781141281127929688;-5
29639000;-4.9816050529479980469;-5
29650000;-4.9780821800231933594;-5
29662000;-4.9780168533325195312;-5
29673000;-4.9754757881164550781;-5
29685000;-4.9743151664733886719;-5
29697000;-4.9737038612365722656;-5
29709000;-4.9730019569396972656;-5
29720000;-4.9727768898010253906;-5
29732000;-4.9729962348937988281;-5
29743000;-4.9774956703186035156;-5
29755000;-4.9779191017150878906;-5
29766000;-4.9800577163696289062;-5
29778000;-4.97784423828125;-5
29790000;-4.9765982627868652344;-5
29801000;-4.9746575355529785156;-5
29813000;-4.9760842323303222656;-5
29826000;-4.9764552116394042969;-5
29837000;-4.9769525527954101562;-5
29849000;-4.9772839546203613281;-5
29860000;-4.9764266014099121094;-5
29872000;-4.9780550003051757812;-5
29884000;-4.9779267311096191406;-5
29895000;-4.9772081375122070312;-5
29907000;-4.9762949943542480469;-5
29921000;-4.9759340286254882812;-5
29933000;-4.9741559028625488281;-5
29945000;-4.9711179733276367188;-5
29957000;-4.9715018272399902344;-5
29968000;-4.9728708267211914062;-5
29980000;-4.9693112373352050781;-5
29992000;-4.9690575599670410156;-5
30004000;-4.9731550216674804688;-5
30015000;-4.973171234130859375;-5
30026000;-4.970912933349609375;-5
30038000;-4.9720597267150878906;-5
30049000;-4.9744081497192382812;-5
30061000;-4.9757776260375976562;-5
30073000;-4.9749178886413574219;-5
30085000;-4.9750704765319824219;-5
30096000;-4.9748435020446777344;-5
30108000;-4.9741158485412597656;-5
30120000;-4.9740343093872070312;-5
30132000;-4.9748101234436035156;-5
30143000;-4.974086761474609375;-5
30155000;-4.9743685722351074219;-5
30166000;-4.9754738807678222656;-5
30177000;-4.9742140769958496094;-5
30189000;-4.9723248481750488281;-5
30200000;-4.9733052253723144531;-5
30211000;-4.9731359481811523438;-5
30223000;-4.9728670120239257812;-5
30235000;-4.9734272956848144531;-5
30247000;-4.9741463661193847656;-5
30259000;-4.9712681770324707031;-5
30270000;-4.9721951484680175781;-5
30282000;-4.9705915451049804688;-5
30293000;-4.970645904541015625;-5
30305000;-4.9705796241760253906;-5
30316000;-4.9720139503479003906;-5
30329000;-4.9750571250915527344;-5
30340000;-4.9721632003784179688;-5
30351000;-4.9722971916198730469;-5
30363000;-4.9733457565307617188;-5
30375000;-4.9727029800415039062;-5
30387000;-4.9750614166259765625;-5
30399000;-4.9020566940307617188;5
30410000;-3.6111252307891845703;5
30422000;-0.52526777982711791992;5
30433000;3.0193324089050292969;5
30445000;5.1799144744873046875;5
30457000;5.7470183372497558594;5
30469000;5.5888533592224121094;5
30481000;4.923656463623046875;5
30493000;4.4333891868591308594;5
30505000;4.6707310676574707031;5
30516000;4.909008026123046875;5
30528000;5.0155711174011230469;5
30539000;5.0580606460571289062;5
30551000;5.11126708984375;5
30561000;5.0699071884155273438;5
30574000;4.9168190956115722656;5
30586000;4.8379111289978027344;5
30598000;4.8805494308471679688;5
30609000;4.985462188720703125;5
30621000;5.04064178466796875;5
30633000;5.0109477043151855469;5
30644000;4.9339494705200195312;5
30656000;4.8586688041687011719;5
30667000;4.8905167579650878906;5
30678000;4.9965004920959472656;5
30690000;5.0758724212646484375;5
30703000;4.9921178817749023438;5
30714000;4.9016423225402832031;5
30726000;4.8752503395080566406;5
30736000;4.9516663551330566406;5
30748000;5.0309338569641113281;5
30759000;5.0561265945434570312;5
30771000;4.9921741485595703125;5
30783000;4.9148435592651367188;5
30794000;4.9128084182739257812;5
30806000;4.957752227783203125;5
30818000;5.0023741722106933594;5
30830000;5.0019426345825195312;5
30841000;4.972179412841796875;5
30853000;4.9535632133483886719;5
30864000;4.9575219154357910156;5
30876000;4.9730906486511230469;5
30887000;4.9796662330627441406;5
30898000;4.9783678054809570312;5
30910000;4.973659515380859375;5
30921000;4.9670705795288085938;5
30933000;4.9650030136108398438;5
30945000;4.9677166938781738281;5
30956000;4.9737000465393066406;5
30968000;4.9780101776123046875;5
30980000;4.9731388092041015625;5
30992000;4.9644560813903808594;5
31004000;4.9638886451721191406;5
31015000;4.9694852828979492188;5
31026000;4.9717803001403808594;5
31038000;4.9735674858093261719;5
31050000;4.96895599365234375;5
31063000;4.9694037437438964844;5
31074000;4.9682564735412597656;5
31086000;4.9696593284606933594;5
31098000;4.9719753265380859375;5
31109000;4.9718966484069824219;5
31121000;4.9708728790283203125;5
31133000;4.9682669639587402344;5
31144000;4.9692578315734863281;5
31155000;4.9680523872375488281;5
31168000;4.9710955619812011719;5
31180000;4.9676442146301269531;5
31191000;4.9666304588317871094;5
31202000;4.9676165580749511719;5
31214000;4.9666199684143066406;5
31225000;4.9635601043701171875;5
31237000;4.9650812149047851562;5
31248000;4.963809967041015625;5
31259000;4.9635028839111328125;5
31271000;4.96311187744140625;5
31282000;4.9619293212890625;5
31293000;4.9630174636840820312;5
31305000;4.9624958038330078125;5
31317000;4.9625110626220703125;5
31328000;4.9641032218933105469;5
31340000;4.9644608497619628906;5
31352000;4.9640340805053710938;5
31363000;4.9640321731567382812;5
31374000;4.9657788276672363281;5
31386000;4.9635572433471679688;5
31398000;4.9647130966186523438;5
31410000;4.9654288291931152344;5
31421000;4.9637746810913085938;5
31433000;4.9640169143676757812;5
31444000;4.9657459259033203125;5
31456000;4.9648809432983398438;5
31468000;4.9629993438720703125;5
31479000;4.9624543190002441406;5
31491000;4.9626383781433105469;5
31503000;4.9656815528869628906;5
31515000;4.9653363227844238281;5
31527000;4.96514892578125;5
31538000;4.966854095458984375;5
31550000;4.966259002685546875;5
31561000;4.9653944969177246094;5
31573000;4.9671635627746582031;5
31584000;4.9702773094177246094;5
31595000;4.9695386886596679688;5
31608000;4.9674553871154785156;5
31619000;4.9666333198547363281;5
31631000;4.9646382331848144531;5
31642000;4.9647040367126464844;5
31654000;4.9643764495849609375;5
31667000;4.9632925987243652344;5
31678000;4.9665369987487792969;5
31689000;4.9658288955688476562;5
31702000;4.9673414230346679688;5
31713000;4.9678006172180175781;5
31725000;4.9673986434936523438;5
31736000;4.9677910804748535156;5
31748000;4.9673471450805664062;5
31760000;4.9674530029296875;5
31771000;4.9667277336120605469;5
31783000;4.9695715904235839844;5
31795000;4.9693274497985839844;5
31807000;4.9704737663269042969;5
31819000;4.9695944786071777344;5
31830000;4.9725317955017089844;5
31841000;4.9703998565673828125;5
31852000;4.9742136001586914062;5
31863000;4.9729404449462890625;5
31875000;4.9741468429565429688;5
31886000;4.9724478721618652344;5
31898000;4.9748797416687011719;5
31910000;4.9763383865356445312;5
31921000;4.9764018058776855469;5
31932000;4.9759721755981445312;5
31945000;4.9759497642517089844;5
31956000;4.9751334190368652344;5
31969000;4.97461700439453125;5
31980000;4.976612091064453125;5
31991000;4.9741115570068359375;5
32004000;4.9724292755126953125;5
32015000;4.9742760658264160156;5
32027000;4.973003387451171875;5
32038000;4.9726958274841308594;5
32050000;4.9736356735229492188;5
32061000;4.9739542007446289062;5
32073000;4.9724016189575195312;5
32086000;4.9716815948486328125;5
32097000;4.97383880615234375;5
32109000;4.9737353324890136719;5
32121000;4.9724583625793457031;5
32132000;4.9748072624206542969;5
32144000;4.9745969772338867188;5
32155000;4.9752287864685058594;5
32166000;4.9760570526123046875;5
32178000;4.9776062965393066406;5
32189000;4.9783535003662109375;5
32203000;4.9800424575805664062;5
32214000;4.9803409576416015625;5
32225000;4.9795055389404296875;5
32237000;4.9791874885559082031;5
32249000;4.9786677360534667969;5
32260000;4.9783253669738769531;5
32271000;4.9783854484558105469;5
32283000;4.9787683486938476562;5
32294000;4.9786143302917480469;5
32305000;4.977783203125;5
32318000;4.9777770042419433594;5
32330000;4.9803724288940429688;5
32341000;4.9777317047119140625;5
32352000;4.9788813591003417969;5
32363000;4.9790606498718261719;5
32375000;4.9793314933776855469;5
32387000;4.9794955253601074219;5
32399000;4.9794440269470214844;5
32411000;4.9801316261291503906;5
32423000;4.9821538925170898438;5
32436000;4.9820504188537597656;5
32447000;4.9814953804016113281;5
32459000;4.9821100234985351562;5
32470000;4.9821209907531738281;5
32482000;4.9804453849792480469;5
32494000;4.9814043045043945312;5
32506000;4.9793348312377929688;5
32518000;4.97959136962890625;5
32529000;4.9788789749145507812;5
32540000;4.9776582717895507812;5
32552000;4.9760832786560058594;5
32564000;4.9761095046997070312;5
32576000;4.9751434326171875;5
32587000;4.9788732528686523438;5
32598000;4.9787764549255371094;5
32610000;4.97863006591796875;5
32622000;4.9809064865112304688;5
32633000;4.9796147346496582031;5
32644000;4.9772210121154785156;5
32656000;4.9795551300048828125;5
32668000;4.9784002304077148438;5
32679000;4.9797434806823730469;5
32690000;4.9796686172485351562;5
32701000;4.976093292236328125;5
32713000;4.97841644287109375;5
32725000;4.9787745475769042969;5
32737000;4.9789743423461914062;5
32748000;4.9795966148376464844;5
32760000;4.9761819839477539062;5
32772000;4.9783482551574707031;5
32783000;4.9792714118957519531;5
32795000;4.9782614707946777344;5
32806000;4.979946136474609375;5
32818000;4.9800386428833007812;5
32830000;4.9809575080871582031;5
32841000;4.9815974235534667969;5
32853000;4.9819402694702148438;5
32864000;4.9826531410217285156;5
32876000;4.9815001487731933594;5
32888000;4.9828886985778808594;-5
32900000;4.8972249031066894531;-5
32911000;3.1216738224029541016;-5
32923000;-0.31129384040832519531;-5
32934000;-3.6496257781982421875;-5
32946000;-5.1048488616943359375;-5
32958000;-5.8325304985046386719;-5
32969000;-5.5570673942565917969;-5
32981000;-4.8412413597106933594;-5
32992000;-4.2930035591125488281;-5
33004000;-4.4149928092956542969;-5
33016000;-5.0922627449035644531;-5
33028000;-5.346164703369140625;-5
33039000;-4.9814443588256835938;-5
33051000;-4.7050185203552246094;-5
33064000;-4.7145180702209472656;-5
33075000;-4.8314771652221679688;-5
33087000;-4.948822021484375;-5
33099000;-5.09095001220703125;-5
33110000;-5.1044721603393554688;-5
33122000;-4.9468679428100585938;-5
33134000;-4.8063459396362304688;-5
33146000;-4.8190469741821289062;-5
33158000;-4.9674196243286132812;-5
33170000;-5.0820589065551757812;-5
33181000;-5.034610748291015625;-5
33193000;-4.9538440704345703125;-5
33204000;-4.8530550003051757812;-5
33215000;-4.7952446937561035156;-5
33228000;-4.8672962188720703125;-5
33239000;-5.034717559814453125;-5
33251000;-5.1119284629821777344;-5
33264000;-4.9930181503295898438;-5
33275000;-4.860935211181640625;-5
33286000;-4.8273224830627441406;-5
33298000;-4.9144997596740722656;-5
33310000;-5.0297989845275878906;-5
33321000;-5.0864925384521484375;-5
33332000;-4.9913425445556640625;-5
33344000;-4.8952584266662597656;-5
33356000;-4.8518466949462890625;-5
33367000;-4.9297657012939453125;-5
33379000;-5.0303926467895507812;-5
33391000;-5.0588626861572265625;-5
33403000;-4.9838185310363769531;-5
33414000;-4.9289927482604980469;-5
33426000;-4.9015607833862304688;-5
33438000;-4.9303336143493652344;-5
33449000;-4.9950938224792480469;-5
33461000;-5.0387015342712402344;-5
33473000;-4.9925622940063476562;-5
33485000;-4.9514131546020507812;-5
33496000;-4.9375486373901367188;-5
33508000;-4.9453997611999511719;-5
33519000;-4.97442626953125;-5
33531000;-4.9948101043701171875;-5
33542000;-4.9862833023071289062;-5
33554000;-4.9626898765563964844;-5
33566000;-4.9604024887084960938;-5
33576000;-4.9622659683227539062;-5
33588000;-4.9745020866394042969;-5
33600000;-4.9817447662353515625;-5
33612000;-4.9703106880187988281;-5
33624000;-4.9582400321960449219;-5
33635000;-4.9638214111328125;-5
33646000;-4.9762291908264160156;-5
33658000;-4.9803104400634765625;-5
33670000;-4.9708499908447265625;-5
33681000;-4.9637699127197265625;-5
33695000;-4.9712266921997070312;-5
33706000;-4.9812216758728027344;-5
33718000;-4.9788842201232910156;-5
33729000;-4.9693274497985839844;-5
33740000;-4.9657258987426757812;-5
33751000;-4.9708476066589355469;-5
33762000;-4.9767580032348632812;-5
33774000;-4.9779572486877441406;-5
33785000;-4.9723830223083496094;-5
33796000;-4.9696679115295410156;-5
33808000;-4.9688916206359863281;-5
33819000;-4.9728007316589355469;-5
33831000;-4.9763936996459960938;-5
33842000;-4.9768786430358886719;-5
33854000;-4.9698357582092285156;-5
33866000;-4.9686946868896484375;-5
33878000;-4.973178863525390625;-5
33889000;-4.9761114120483398438;-5
33901000;-4.9741597175598144531;-5
33911000;-4.9733023643493652344;-5
33923000;-4.9709424972534179688;-5
33935000;-4.9728608131408691406;-5
33947000;-4.9765286445617675781;-5
33958000;-4.9770689010620117188;-5
33968000;-4.97298431396484375;-5
33980000;-4.9707121849060058594;-5
33991000;-4.9729943275451660156;-5
34003000;-4.9745111465454101562;-5
34015000;-4.9756984710693359375;-5
34026000;-4.9731888771057128906;-5
34038000;-4.9693837165832519531;-5
34049000;-4.9694309234619140625;-5
34060000;-4.9712591171264648438;-5
34072000;-4.9720821380615234375;-5
34083000;-4.9700427055358886719;-5
34095000;-4.9682173728942871094;-5
34107000;-4.9689788818359375;-5
34118000;-4.9736542701721191406;-5
34129000;-4.9705667495727539062;-5
34141000;-4.9694652557373046875;-5
34153000;-4.9685378074645996094;-5
34165000;-4.9693441390991210938;-5
34176000;-4.9727082252502441406;-5
34187000;-4.97055816650390625;-5
34199000;-4.970073699951171875;-5
34211000;-4.9693846702575683594;-5
34222000;-4.9713978767395019531;-5
34235000;-4.9715185165405273438;-5
34246000;-4.9728975296020507812;-5
34258000;-4.9723653793334960938;-5
34269000;-4.9693155288696289062;-5
34281000;-4.9689755439758300781;-5
34293000;-4.9683222770690917969;-5
34304000;-4.9693050384521484375;-5
34315000;-4.96727752685546875;-5
34327000;-4.9670577049255371094;-5
34338000;-4.9678969383239746094;-5
34350000;-4.96924591064453125;-5
34362000;-4.9699888229370117188;-5
34375000;-4.9688711166381835938;-5
34386000;-4.9704732894897460938;-5
34398000;-4.9703216552734375;-5
34410000;-4.9711718559265136719;-5
34421000;-4.9698395729064941406;-5
34432000;-4.9706134796142578125;-5
34445000;-4.9726457595825195312;-5
34456000;-4.97461700439453125;-5
34468000;-4.97452545166015625;-5
34478000;-4.9733080863952636719;-5
34489000;-4.9739871025085449219;-5
34501000;-4.9734678268432617188;-5
34512000;-4.9715828895568847656;-5
34524000;-4.9732189178466796875;-5
34536000;-4.9730505943298339844;-5
34547000;-4.9724020957946777344;-5
34559000;-4.9712591171264648438;-5
34570000;-4.9688792228698730469;-5
34582000;-4.9710865020751953125;-5
34593000;-4.9698042869567871094;-5
34604000;-4.9682989120483398438;-5
34615000;-4.9667034149169921875;-5
34626000;-4.9650745391845703125;-5
34638000;-4.9653863906860351562;-5
34650000;-4.965557098388671875;-5
34661000;-4.9650855064392089844;-5
34673000;-4.9651284217834472656;-5
34684000;-4.9644761085510253906;-5
34696000;-4.9669599533081054688;-5
34708000;-4.9656643867492675781;-5
34720000;-4.9648461341857910156;-5
34731000;-4.9633860588073730469;-5
34744000;-4.9616441726684570312;-5
34755000;-4.9644484519958496094;-5
34766000;-4.9674530029296875;-5
34778000;-4.9682903289794921875;-5
34789000;-4.9663400650024414062;-5
34800000;-4.9656357765197753906;-5
34812000;-4.9672694206237792969;-5
34824000;-4.9677863121032714844;-5
34836000;-4.9674654006958007812;-5
34848000;-4.9676752090454101562;-5
34859000;-4.9669857025146484375;-5
34871000;-4.9665393829345703125;-5
34882000;-4.9685893058776855469;-5
34894000;-4.9681391716003417969;-5
34906000;-4.9682245254516601562;-5
34918000;-4.9675917625427246094;-5
34930000;-4.9681010246276855469;-5
34941000;-4.967876434326171875;-5
34952000;-4.9699501991271972656;-5
34964000;-4.9698739051818847656;-5
34975000;-4.9692392349243164062;-5
34986000;-4.9703798294067382812;-5
34998000;-4.9736833572387695312;-5
35010000;-4.9721369743347167969;-5
35021000;-4.9692749977111816406;-5
35033000;-4.96811676025390625;-5
35044000;-4.9693775177001953125;-5
35056000;-4.9711279869079589844;-5
35067000;-4.9699387550354003906;-5
35078000;-4.9672636985778808594;-5
35089000;-4.9652924537658691406;-5
35100000;-4.9673299789428710938;-5
35113000;-4.9649662971496582031;-5
35124000;-4.9646930694580078125;-5
35135000;-4.9650940895080566406;-5
35147000;-4.9658627510070800781;-5
35158000;-4.9667477607727050781;-5
35170000;-4.9671711921691894531;-5
35181000;-4.9666695594787597656;-5
35193000;-4.9666438102722167969;-5
35205000;-4.9654188156127929688;-5
35216000;-4.9648365974426269531;-5
35228000;-4.9666285514831542969;-5
35240000;-4.9669270515441894531;-5
35251000;-4.9640960693359375;-5
35262000;-4.9642205238342285156;-5
35274000;-4.9679179191589355469;-5
35285000;-4.9666471481323242188;-5
35297000;-4.9669089317321777344;-5
35308000;-4.9689021110534667969;-5
35319000;-4.9726357460021972656;-5
35330000;-4.971088409423828125;-5
35342000;-4.9732189178466796875;-5
35354000;-4.9731426239013671875;-5
35366000;-4.9758558273315429688;-5
35378000;-4.9740428924560546875;-5
35389000;-4.97402191162109375;5
35413000;-2.2403953075408935547;5
35424000;0.64522480964660644531;5
35435000;3.9110798835754394531;5
35450000;5.6010799407958984375;5
35463000;5.6672868728637695312;5
35475000;5.1666226387023925781;5
35487000;4.5016660690307617188;5
35498000;4.5274481773376464844;5
35509000;4.8159270286560058594;5
35521000;4.9776406288146972656;5
35533000;5.0329546928405761719;5
35544000;5.0773911476135253906;5
35556000;5.0960774421691894531;5
35568000;4.9633240699768066406;5
35580000;4.8363194465637207031;5
35591000;4.8336749076843261719;5
35603000;4.9408121109008789062;5
35615000;5.0167021751403808594;5
35626000;5.0296115875244140625;5
35638000;4.952030181884765625;5
35651000;4.8540892601013183594;5
35662000;4.8680963516235351562;5
35674000;4.9651174545288085938;5
35685000;5.0511083602905273438;5
35697000;5.0031189918518066406;5
35708000;4.8899202346801757812;5
35720000;4.8521904945373535156;5
35732000;4.9123935699462890625;5
35743000;4.9993896484375;5
35756000;5.0228414535522460938;5
35767000;4.9627323150634765625;5
35779000;4.88812255859375;5
35790000;4.8795933723449707031;5
35801000;4.93121337890625;5
35813000;4.9754118919372558594;5
35824000;4.9801697731018066406;5
35835000;4.9498505592346191406;5
35846000;4.9261188507080078125;5
35859000;4.9310750961303710938;5
35870000;4.9436049461364746094;5
35881000;4.955272674560546875;5
35893000;4.9525012969970703125;5
35904000;4.946186065673828125;5
35916000;4.9414572715759277344;5
35928000;4.9369959831237792969;5
35939000;4.9431610107421875;5
35950000;4.9497280120849609375;5
35963000;4.9527335166931152344;5
35974000;4.9463324546813964844;5
35985000;4.9383001327514648438;5
35996000;4.9377393722534179688;5
36008000;4.9421892166137695312;5
36020000;4.9459691047668457031;5
36033000;4.9459314346313476562;5
36044000;4.9427623748779296875;5
36055000;4.9433240890502929688;5
36066000;4.9421381950378417969;5
36078000;4.9412131309509277344;5
36089000;4.9405927658081054688;5
36101000;4.9435834884643554688;5
36112000;4.9435625076293945312;5
36123000;4.9423694610595703125;5
36135000;4.9427599906921386719;5
36147000;4.943515777587890625;5
36158000;4.9453039169311523438;5
36170000;4.9446406364440917969;5
36182000;4.9418973922729492188;5
36194000;4.941318511962890625;5
36205000;4.939403533935546875;5
36217000;4.9386734962463378906;5
36228000;4.9402108192443847656;5
36239000;4.940776824951171875;5
36250000;4.9414014816284179688;5
36263000;4.9400854110717773438;5
36274000;4.9412202835083007812;5
36286000;4.9440155029296875;5
36298000;4.94475555419921875;5
36310000;4.9442467689514160156;5
36321000;4.9462137222290039062;5
36332000;4.9495968818664550781;5
36344000;4.9495320320129394531;5
36355000;4.9496507644653320312;5
36366000;4.951099395751953125;5
36379000;4.9516329765319824219;5
36390000;4.9529905319213867188;5
36401000;4.9535160064697265625;5
36412000;4.95359039306640625;5
36424000;4.9519090652465820312;5
36435000;4.9506750106811523438;5
36446000;4.95198822021484375;5
36458000;4.9526581764221191406;5
36470000;4.9560441970825195312;5
36482000;4.9556674957275390625;5
36495000;4.9554104804992675781;5
36506000;4.95556640625;5
36518000;4.9526548385620117188;5
36530000;4.9547429084777832031;5
36541000;4.9544978141784667969;5
36553000;4.9529719352722167969;5
36564000;4.95409393310546875;5
36576000;4.9519014358520507812;5
36587000;4.951061248779296875;5
36600000;4.9513950347900390625;5
36611000;4.9521803855895996094;5
36622000;4.9530138969421386719;5
36633000;4.9520807266235351562;5
36645000;4.9528965950012207031;5
36656000;4.952228546142578125;5
36668000;4.953166961669921875;5
36680000;4.9508996009826660156;5
36691000;4.9523372650146484375;5
36704000;4.9571580886840820312;5
36715000;4.9553136825561523438;5
36727000;4.9556589126586914062;5
36739000;4.9561648368835449219;5
36750000;4.9554400444030761719;5
36762000;4.953914642333984375;5
36773000;4.95520782470703125;5
36784000;4.9564051628112792969;5
36796000;4.9580187797546386719;5
36808000;4.9604578018188476562;5
36819000;4.960628509521484375;5
36831000;4.9605169296264648438;5
36843000;4.9609255790710449219;5
36855000;4.9608445167541503906;5
36866000;4.9606046676635742188;5
36878000;4.9614977836608886719;5
36889000;4.9607038497924804688;5
36901000;4.9602103233337402344;5
36912000;4.9619822502136230469;5
36924000;4.9613995552062988281;5
36936000;4.9611988067626953125;5
36946000;4.9629735946655273438;5
36959000;4.9624819755554199219;5
36970000;4.9644174575805664062;5
36982000;4.9658613204956054688;5
36992000;4.9673609733581542969;5
37005000;4.9652924537658691406;5
37017000;4.9650607109069824219;5
37028000;4.9660391807556152344;5
37040000;4.969451904296875;5
37052000;4.9692072868347167969;5
37064000;4.9693613052368164062;5
37076000;4.9709672927856445312;5
37087000;4.971424102783203125;5
37100000;4.9698987007141113281;5
37111000;4.969512939453125;5
37123000;4.9683599472045898438;5
37134000;4.970027923583984375;5
37145000;4.965427398681640625;5
37156000;4.966815948486328125;5
37168000;4.9687285423278808594;5
37179000;4.9660449028015136719;5
37191000;4.9654970169067382812;5
37202000;4.9666647911071777344;5
37213000;4.967487335205078125;5
37224000;4.9684462547302246094;5
37236000;4.9667973518371582031;5
37247000;4.9671239852905273438;5
37259000;4.9672741889953613281;5
37271000;4.9663624763488769531;5
37283000;4.9668188095092773438;5
37294000;4.9680314064025878906;5
37305000;4.9654598236083984375;5
37317000;4.9664144515991210938;5
37329000;4.9666876792907714844;5
37340000;4.9665970802307128906;5
37352000;4.9627094268798828125;5
37363000;4.9610276222229003906;5
37374000;4.9621634483337402344;5
37386000;4.9616484642028808594;5
37399000;4.9600176811218261719;5
37410000;4.9587116241455078125;5
37422000;4.9592185020446777344;5
37434000;4.9572324752807617188;5
37445000;4.9601259231567382812;5
37456000;4.9619488716125488281;5
37468000;4.9614019393920898438;5
37481000;4.965610504150390625;5
37494000;4.9657640457153320312;5
37505000;4.9679341316223144531;5
37517000;4.9673023223876953125;5
37529000;4.9681124687194824219;5
37540000;4.9655752182006835938;5
37552000;4.9651656150817871094;5
37564000;4.9650115966796875;5
37575000;4.9667253494262695312;5
37587000;4.9655466079711914062;5
37599000;4.9657115936279296875;5
37612000;4.9670009613037109375;5
37623000;4.9649386405944824219;5
37635000;4.964344024658203125;5
37646000;4.9639682769775390625;5
37658000;4.9639868736267089844;5
37670000;4.963245391845703125;5
37681000;4.9640245437622070312;5
37694000;4.9665455818176269531;5
37705000;4.9652605056762695312;5
37716000;4.9651188850402832031;5
37728000;4.9667582511901855469;5
37740000;4.9660305976867675781;5
37751000;4.9684467315673828125;5
37763000;4.9703192710876464844;5
37774000;4.9692034721374511719;5
37785000;4.9702353477478027344;5
37796000;4.9697880744934082031;5
37809000;4.9700527191162109375;5
37820000;4.96915435791015625;5
37832000;4.9703946113586425781;5
37843000;4.9702320098876953125;5
37855000;4.9708766937255859375;5
37868000;4.9705977439880371094;5
37879000;4.9686574935913085938;5
37890000;4.9688038825988769531;-5
37901000;4.8866477012634277344;-5
37913000;3.0692942142486572266;-5
37924000;0.2378517836332321167;-5
37935000;-3.2695724964141845703;-5
37946000;-5.1380901336669921875;-5
37958000;-5.7941689491271972656;-5
37969000;-5.6677498817443847656;-5
37980000;-5.0993499755859375;-5
37991000;-4.3574962615966796875;-5
38002000;-4.3134098052978515625;-5
38013000;-4.8594427108764648438;-5
38025000;-5.3534655570983886719;-5
38036000;-5.1685876846313476562;-5
38048000;-4.7998199462890625;-5
38060000;-4.6917052268981933594;-5
38072000;-4.7961945533752441406;-5
38083000;-4.8734745979309082031;-5
38095000;-5.01103973388671875;-5
38106000;-5.1002702713012695312;-5
38117000;-5.0464768409729003906;-5
38129000;-4.888824462890625;-5
38140000;-4.7894635200500488281;-5
38151000;-4.8579745292663574219;-5
38163000;-4.9969515800476074219;-5
38175000;-5.0656156539916992188;-5
38186000;-5.0065598487854003906;-5
38199000;-4.9252595901489257812;-5
38210000;-4.8415846824645996094;-5
38222000;-4.7784886360168457031;-5
38233000;-4.8920826911926269531;-5
38244000;-5.0627694129943847656;-5
38256000;-5.1009678840637207031;-5
38268000;-4.9733948707580566406;-5
38279000;-4.8545026779174804688;-5
38291000;-4.8411784172058105469;-5
38302000;-4.939701080322265625;-5
38314000;-5.0343732833862304688;-5
38325000;-5.0771479606628417969;-5
38337000;-4.9688282012939453125;-5
38349000;-4.8689198493957519531;-5
38361000;-4.8642306327819824219;-5
38373000;-4.9587030410766601562;-5
38384000;-5.0409712791442871094;-5
38395000;-5.0417714118957519531;-5
38407000;-4.9686594009399414062;-5
38419000;-4.9141039848327636719;-5
38429000;-4.8998150825500488281;-5
38441000;-4.9340586662292480469;-5
38452000;-4.9953675270080566406;-5
38464000;-5.0183925628662109375;-5
38476000;-4.98706817626953125;-5
38487000;-4.9637541770935058594;-5
38499000;-4.9462342262268066406;-5
38511000;-4.9526004791259765625;-5
38523000;-4.981418609619140625;-5
38534000;-4.9907946586608886719;-5
38548000;-4.9721798896789550781;-5
38558000;-4.9591646194458007812;-5
38570000;-4.9608063697814941406;-5
38581000;-4.9686589241027832031;-5
38594000;-4.9799771308898925781;-5
38606000;-4.9747858047485351562;-5
38618000;-4.9583349227905273438;-5
38630000;-4.9562411308288574219;-5
38642000;-4.9729590415954589844;-5
38655000;-4.9769587516784667969;-5
38666000;-4.9669923782348632812;-5
38678000;-4.9598674774169921875;-5
38690000;-4.9641127586364746094;-5
38701000;-4.9737229347229003906;-5
38713000;-4.9744076728820800781;-5
38725000;-4.9663782119750976562;-5
38737000;-4.9620585441589355469;-5
38749000;-4.9635043144226074219;-5
38761000;-4.9672350883483886719;-5
38772000;-4.9717497825622558594;-5
38784000;-4.9683651924133300781;-5
38795000;-4.9629993438720703125;-5
38807000;-4.9633107185363769531;-5
38819000;-4.9689245223999023438;-5
38830000;-4.9695353507995605469;-5
38842000;-4.9682550430297851562;-5
38853000;-4.9653339385986328125;-5
38865000;-4.9611935615539550781;-5
38877000;-4.9650177955627441406;-5
38888000;-4.9683566093444824219;-5
38900000;-4.9660234451293945312;-5
38911000;-4.9638104438781738281;-5
38922000;-4.9641089439392089844;-5
38934000;-4.965610504150390625;-5
38947000;-4.9671978950500488281;-5
38959000;-4.9670157432556152344;-5
38970000;-4.9657902717590332031;-5
38981000;-4.9648351669311523438;-5
38993000;-4.9644012451171875;-5
39005000;-4.9678730964660644531;-5
39017000;-4.9650897979736328125;-5
39028000;-4.9623141288757324219;-5
39039000;-4.9600119590759277344;-5
39050000;-4.9619097709655761719;-5
39063000;-4.9636440277099609375;-5
39075000;-4.9649839401245117188;-5
39088000;-4.9631719589233398438;-5
39099000;-4.9611444473266601562;-5
39110000;-4.9619922637939453125;-5
39122000;-4.9655122756958007812;-5
39133000;-4.9655661582946777344;-5
39144000;-4.9609189033508300781;-5
39156000;-4.9602789878845214844;-5
39167000;-4.9596805572509765625;-5
39179000;-4.9627323150634765625;-5
39190000;-4.9605884552001953125;-5
39202000;-4.9598798751831054688;-5
39214000;-4.9577393531799316406;-5
39226000;-4.959529876708984375;-5
39238000;-4.9606232643127441406;-5
39249000;-4.9622926712036132812;-5
39260000;-4.9600863456726074219;-5
39272000;-4.9602026939392089844;-5
39284000;-4.9611382484436035156;-5
39296000;-4.9634771347045898438;-5
39309000;-4.9615740776062011719;-5
39321000;-4.9606328010559082031;-5
39333000;-4.9623131752014160156;-5
39345000;-4.9642896652221679688;-5
39357000;-4.9646759033203125;-5
39369000;-4.9604992866516113281;-5
39380000;-4.9606595039367675781;-5
39392000;-4.9577212333679199219;-5
39404000;-4.9597921371459960938;-5
39416000;-4.9598512649536132812;-5
39428000;-4.9582285881042480469;-5
39440000;-4.9563670158386230469;-5
39451000;-4.9550480842590332031;-5
39463000;-4.9575257301330566406;-5
39474000;-4.9582428932189941406;-5
39485000;-4.9578008651733398438;-5
39497000;-4.9562830924987792969;-5
39509000;-4.9540610313415527344;-5
39520000;-4.9532313346862792969;-5
39532000;-4.9535608291625976562;-5
39543000;-4.9534254074096679688;-5
39554000;-4.9522709846496582031;-5
39566000;-4.9523816108703613281;-5
39578000;-4.9537563323974609375;-5
39590000;-4.955593109130859375;-5
39602000;-4.9541707038879394531;-5
39614000;-4.9568638801574707031;-5
39626000;-4.9554572105407714844;-5
39638000;-4.9568486213684082031;-5
39649000;-4.9564990997314453125;-5
39661000;-4.955913543701171875;-5
39672000;-4.9585232734680175781;-5
39684000;-4.9577813148498535156;-5
39696000;-4.9574761390686035156;-5
39708000;-4.9590477943420410156;-5
39720000;-4.9583082199096679688;-5
39732000;-4.9569864273071289062;-5
39744000;-4.9540944099426269531;-5
39755000;-4.9528679847717285156;-5
39766000;-4.9529252052307128906;-5
39778000;-4.952991485595703125;-5
39791000;-4.9509272575378417969;-5
39802000;-4.9512176513671875;-5
39813000;-4.9534211158752441406;-5
39825000;-4.9532003402709960938;-5
39836000;-4.9572391510009765625;-5
39847000;-4.9557590484619140625;-5
39860000;-4.9537830352783203125;-5
39871000;-4.9543409347534179688;-5
39882000;-4.9545750617980957031;-5
39894000;-4.9556131362915039062;-5
39906000;-4.9554309844970703125;-5
39917000;-4.9544358253479003906;-5
39929000;-4.9561281204223632812;-5
39941000;-4.9548649787902832031;-5
39953000;-4.9521574974060058594;-5
39965000;-4.9500555992126464844;-5
39976000;-4.9547557830810546875;-5
39988000;-4.9540166854858398438;-5
39999000;-4.9547314643859863281;-5
40011000;-4.9569201469421386719;-5
40022000;-4.9544329643249511719;-5
40034000;-4.9555649757385253906;-5
40045000;-4.9547662734985351562;-5
40056000;-4.9530997276306152344;-5
40068000;-4.9525151252746582031;-5
40080000;-4.9534649848937988281;-5
40092000;-4.9508962631225585938;-5
40104000;-4.9516739845275878906;-5
40115000;-4.9532985687255859375;-5
40126000;-4.9508852958679199219;-5
40139000;-4.95156097412109375;-5
40151000;-4.9514322280883789062;-5
40163000;-4.9503202438354492188;-5
40174000;-4.951725006103515625;-5
40186000;-4.9515843391418457031;-5
40198000;-4.9521780014038085938;-5
40210000;-4.9524693489074707031;-5
40221000;-4.952266693115234375;-5
40233000;-4.9534864425659179688;-5
40245000;-4.9537777900695800781;-5
40257000;-4.9524540901184082031;-5
40268000;-4.9561586380004882812;-5
40280000;-4.9578566551208496094;-5
40291000;-4.9557642936706542969;-5
40303000;-4.9545927047729492188;-5
40314000;-4.9560084342956542969;-5
40325000;-4.9576048851013183594;-5
40337000;-4.9577484130859375;-5
40348000;-4.959514617919921875;-5
40360000;-4.9589333534240722656;-5
40372000;-4.9580717086791992188;-5
40384000;-4.959888458251953125;-5
40395000;-4.9561223983764648438;5
40407000;-3.9685082435607910156;5
40418000;-1.6730852127075195312;5
40430000;2.4263453483581542969;5
40442000;4.892852783203125;5
40454000;5.5896239280700683594;5
40465000;5.6623392105102539062;5
40477000;5.1741786003112792969;5
40490000;4.5250678062438964844;5
40501000;4.5224771499633789062;5
40513000;4.8462204933166503906;5
40525000;4.9840950965881347656;5
40537000;5.0291891098022460938;5
40548000;5.0777502059936523438;5
40560000;5.0767755508422851562;5
40571000;4.9334869384765625;5
40583000;4.8254504203796386719;5
40595000;4.8410973548889160156;5
40606000;4.9517736434936523438;5
40618000;5.0212302207946777344;5
40631000;5.006908416748046875;5
40642000;4.9147744178771972656;5
40654000;4.8451857566833496094;5
40666000;4.8687901496887207031;5
40677000;4.9806671142578125;5
40688000;5.0452361106872558594;5
40700000;4.9968438148498535156;5
40711000;4.8869976997375488281;5
40723000;4.8538994789123535156;5
40735000;4.925830841064453125;5
40746000;4.9957866668701171875;5
40758000;5.0169925689697265625;5
40769000;4.9557514190673828125;5
40780000;4.8890638351440429688;5
40792000;4.88642120361328125;5
40803000;4.9262938499450683594;5
40815000;4.9734020233154296875;5
40827000;4.9716887474060058594;5
40838000;4.9424266815185546875;5
40851000;4.9262738227844238281;5
40863000;4.9346013069152832031;5
40875000;4.9489498138427734375;5
40886000;4.95497894287109375;5
40898000;4.9524993896484375;5
40909000;4.9479050636291503906;5
40921000;4.9410815238952636719;5
40932000;4.9388451576232910156;5
40944000;4.9418282508850097656;5
40955000;4.952098846435546875;5
40967000;4.953739166259765625;5
40978000;4.9457936286926269531;5
40991000;4.9434595108032226562;5
41003000;4.9459519386291503906;5
41014000;4.9483079910278320312;5
41025000;4.9508123397827148438;5
41037000;4.951236724853515625;5
41049000;4.9515657424926757812;5
41061000;4.9495525360107421875;5
41073000;4.9501528739929199219;5
41085000;4.9502878189086914062;5
41096000;4.9539008140563964844;5
41108000;4.9521508216857910156;5
41120000;4.9492726325988769531;5
41132000;4.9514904022216796875;5
41143000;4.9519810676574707031;5
41154000;4.9525623321533203125;5
41166000;4.9520621299743652344;5
41178000;4.9515156745910644531;5
41190000;4.9490342140197753906;5
41202000;4.946041107177734375;5
41214000;4.9456572532653808594;5
41225000;4.949153900146484375;5
41237000;4.9510951042175292969;5
41248000;4.9501900672912597656;5
41260000;4.9513220787048339844;5
41271000;4.95017242431640625;5
41283000;4.9477486610412597656;5
41295000;4.9481840133666992188;5
41306000;4.9478197097778320312;5
41318000;4.9484457969665527344;5
41329000;4.9466552734375;5
41341000;4.9476675987243652344;5
41352000;4.9461989402770996094;5
41364000;4.9487438201904296875;5
41376000;4.9486031532287597656;5
41389000;4.953281402587890625;5
41400000;4.9525270462036132812;5
41413000;4.9556622505187988281;5
41424000;4.9538516998291015625;5
41435000;4.9564332962036132812;5
41447000;4.956539154052734375;5
41458000;4.9573841094970703125;5
41470000;4.9575867652893066406;5
41481000;4.95655059814453125;5
41493000;4.9575381278991699219;5
41505000;4.9565091133117675781;5
41517000;4.9582991600036621094;5
41528000;4.9557247161865234375;5
41540000;4.9553694725036621094;5
41551000;4.9544687271118164062;5
41564000;4.9528989791870117188;5
41575000;4.9543256759643554688;5
41586000;4.9537377357482910156;5
41598000;4.9532017707824707031;5
41609000;4.9527974128723144531;5
41622000;4.9522485733032226562;5
41634000;4.9543352127075195312;5
41645000;4.9539017677307128906;5
41657000;4.9513039588928222656;5
41668000;4.9532027244567871094;5
41680000;4.9518842697143554688;5
41692000;4.9510335922241210938;5
41703000;4.9535779953002929688;5
41715000;4.9529414176940917969;5
41726000;4.9541096687316894531;5
41737000;4.954845428466796875;5
41749000;4.9539008140563964844;5
41762000;4.9541573524475097656;5
41773000;4.9545125961303710938;5
41785000;4.9544210433959960938;5
41796000;4.9530391693115234375;5
41808000;4.9528841972351074219;5
41819000;4.9530324935913085938;5
41831000;4.9523491859436035156;5
41843000;4.9506888389587402344;5
41854000;4.9499011039733886719;5
41866000;4.9523882865905761719;5
41877000;4.9512052536010742188;5
41888000;4.950099945068359375;5
41901000;4.9513635635375976562;5
41913000;4.9496273994445800781;5
41925000;4.9485769271850585938;5
41936000;4.9501581192016601562;5
41947000;4.9508709907531738281;5
41960000;4.9508605003356933594;5
41971000;4.9523563385009765625;5
41983000;4.9520273208618164062;5
41995000;4.9534935951232910156;5
42006000;4.9565267562866210938;5
42018000;4.95694732666015625;5
42029000;4.956462860107421875;5
42041000;4.9548215866088867188;5
42053000;4.9557137489318847656;5
42064000;4.9589872360229492188;5
42076000;4.9569854736328125;5
42088000;4.9562015533447265625;5
42100000;4.9549612998962402344;5
42112000;4.9552164077758789062;5
42124000;4.9543433189392089844;5
42136000;4.9551014900207519531;5
42147000;4.9547896385192871094;5
42159000;4.9535808563232421875;5
42171000;4.95296478271484375;5
42182000;4.95432281494140625;5
42195000;4.9545564651489257812;5
42206000;4.9554815292358398438;5
42218000;4.9538502693176269531;5
42229000;4.9522886276245117188;5
42241000;4.9534654617309570312;5
42253000;4.9541363716125488281;5
42264000;4.9546647071838378906;5
42276000;4.9543714523315429688;5
42288000;4.955158233642578125;5
42299000;4.9578676223754882812;5
42311000;4.95719146728515625;5
42322000;4.9557185173034667969;5
42334000;4.9569768905639648438;5
42346000;4.9570908546447753906;5
42358000;4.9577775001525878906;5
42369000;4.9555912017822265625;5
42381000;4.9564251899719238281;5
42393000;4.9559788703918457031;5
42404000;4.9554605484008789062;5
42415000;4.9563641548156738281;5
42427000;4.955791473388671875;5
42439000;4.9554128646850585938;5
42450000;4.9543147087097167969;5
42462000;4.9556035995483398438;5
42473000;4.9562129974365234375;5
42485000;4.9579563140869140625;5
42496000;4.958507537841796875;5
42507000;4.9581303596496582031;5
42518000;4.9598240852355957031;5
42530000;4.9616374969482421875;5
42542000;4.9617590904235839844;5
42554000;4.9644222259521484375;5
42565000;4.9617400169372558594;5
42577000;4.9631905555725097656;5
42588000;4.9655051231384277344;5
42599000;4.9644041061401367188;5
42610000;4.9649481773376464844;5
42623000;4.9629349708557128906;5
42634000;4.9638080596923828125;5
42645000;4.9620981216430664062;5
42657000;4.9620003700256347656;5
42668000;4.9611730575561523438;5
42679000;4.961261749267578125;5
42691000;4.9622173309326171875;5
42704000;4.9627947807312011719;5
42715000;4.9625344276428222656;5
42726000;4.9640383720397949219;5
42738000;4.9639492034912109375;5
42750000;4.9642415046691894531;5
42761000;4.963253021240234375;5
42773000;4.9637808799743652344;5
42785000;4.9633793830871582031;5
42797000;4.9649481773376464844;5
42808000;4.9642577171325683594;5
42820000;4.9628353118896484375;5
42832000;4.9616370201110839844;5
42844000;4.961154937744140625;5
42855000;4.9630308151245117188;5
42867000;4.9650568962097167969;5
42879000;4.9666652679443359375;5
42892000;4.9677715301513671875;-5
42904000;4.8941063880920410156;-5
42915000;3.1365332603454589844;-5
42927000;-0.28391212224960327148;-5
42938000;-3.6443004608154296875;-5
42949000;-5.1184210777282714844;-5
42961000;-5.8238606452941894531;-5
42974000;-5.5511136054992675781;-5
42985000;-4.819976806640625;-5
42997000;-4.2180876731872558594;-5
43008000;-4.4163522720336914062;-5
43019000;-5.1039867401123046875;-5
43031000;-5.3320899009704589844;-5
43042000;-4.9631891250610351562;-5
43054000;-4.6999907493591308594;-5
43065000;-4.7046718597412109375;-5
43076000;-4.8136725425720214844;-5
43088000;-4.8979144096374511719;-5
43100000;-5.0424723625183105469;-5
43111000;-5.1008286476135253906;-5
43122000;-4.9928622245788574219;-5
43134000;-4.8430395126342773438;-5
43146000;-4.8068928718566894531;-5
43158000;-4.9359984397888183594;-5
43170000;-5.0422720909118652344;-5
43182000;-5.0395178794860839844;-5
43193000;-4.9767765998840332031;-5
43205000;-4.891445159912109375;-5
43216000;-4.8013415336608886719;-5
43227000;-4.8138761520385742188;-5
43239000;-4.9677481651306152344;-5
43251000;-5.0954227447509765625;-5
43262000;-5.0422759056091308594;-5
43274000;-4.9236083030700683594;-5
43285000;-4.8326654434204101562;-5
43297000;-4.870471954345703125;-5
43308000;-4.9814801216125488281;-5
43320000;-5.0623035430908203125;-5
43331000;-5.0472164154052734375;-5
43343000;-4.931941986083984375;-5
43355000;-4.8626050949096679688;-5
43366000;-4.8932485580444335938;-5
43378000;-4.9753899574279785156;-5
43389000;-5.0488686561584472656;-5
43402000;-5.0211720466613769531;-5
43414000;-4.93856048583984375;-5
43426000;-4.9071826934814453125;-5
43437000;-4.9148988723754882812;-5
43449000;-4.9672408103942871094;-5
43460000;-5.0110111236572265625;-5
43473000;-4.9925851821899414062;-5
43484000;-4.9658484458923339844;-5
43495000;-4.9494981765747070312;-5
43507000;-4.9428653717041015625;-5
43519000;-4.958438873291015625;-5
43530000;-4.9766988754272460938;-5
43541000;-4.9781665802001953125;-5
43553000;-4.9614000320434570312;-5
43565000;-4.9509062767028808594;-5
43576000;-4.9527215957641601562;-5
43587000;-4.9658021926879882812;-5
43598000;-4.974674224853515625;-5
43609000;-4.9687223434448242188;-5
43622000;-4.9533782005310058594;-5
43633000;-4.9548468589782714844;-5
43644000;-4.9675860404968261719;-5
43656000;-4.9717764854431152344;-5
43667000;-4.9666733741760253906;-5
43678000;-4.9583907127380371094;-5
43691000;-4.9568963050842285156;-5
43702000;-4.9689078330993652344;-5
43713000;-4.974369049072265625;-5
43724000;-4.9692506790161132812;-5
43736000;-4.9637613296508789062;-5
43747000;-4.9604787826538085938;-5
43759000;-4.9678211212158203125;-5
43771000;-4.97293853759765625;-5
43783000;-4.9730377197265625;-5
43795000;-4.966045379638671875;-5
43805000;-4.9633555412292480469;-5
43817000;-4.9674434661865234375;-5
43828000;-4.9692888259887695312;-5
43840000;-4.967967987060546875;-5
43852000;-4.9613175392150878906;-5
43864000;-4.9589056968688964844;-5
43876000;-4.9640965461730957031;-5
43887000;-4.9675931930541992188;-5
43899000;-4.9699716567993164062;-5
43911000;-4.9673261642456054688;-5
43923000;-4.9652094841003417969;-5
43935000;-4.967334747314453125;-5
43947000;-4.9721417427062988281;-5
43958000;-4.9693007469177246094;-5
43970000;-4.9679408073425292969;-5
43981000;-4.967624664306640625;-5
43993000;-4.9667429924011230469;-5
44005000;-4.9711661338806152344;-5
44017000;-4.972888946533203125;-5
44028000;-4.9691591262817382812;-5
44040000;-4.9651150703430175781;-5
44051000;-4.9667882919311523438;-5
44062000;-4.9668941497802734375;-5
44074000;-4.9671893119812011719;-5
44086000;-4.9622344970703125;-5
44097000;-4.9600629806518554688;-5
44109000;-4.9634108543395996094;-5
44121000;-4.9637980461120605469;-5
44133000;-4.9655661582946777344;-5
44146000;-4.963481903076171875;-5
44157000;-4.9607529640197753906;-5
44169000;-4.9616842269897460938;-5
44181000;-4.9621496200561523438;-5
44197000;-4.9629068374633789062;-5
44208000;-4.9626135826110839844;-5
44220000;-4.9590306282043457031;-5
44231000;-4.9622054100036621094;-5
44243000;-4.9635834693908691406;-5
44254000;-4.9648790359497070312;-5
44267000;-4.9637141227722167969;-5
44278000;-4.9637913703918457031;-5
44291000;-4.9648113250732421875;-5
44303000;-4.9669346809387207031;-5
44314000;-4.9657917022705078125;-5
44325000;-4.9646348953247070312;-5
44337000;-4.9658637046813964844;-5
44348000;-4.9656538963317871094;-5
44359000;-4.96434783935546875;-5
44371000;-4.9651331901550292969;-5
44383000;-4.963489532470703125;-5
44394000;-4.9633331298828125;-5
44406000;-4.9650244712829589844;-5
44417000;-4.9638080596923828125;-5
44428000;-4.9652700424194335938;-5
44440000;-4.9626150131225585938;-5
44452000;-4.9613595008850097656;-5
44463000;-4.9620265960693359375;-5
44475000;-4.9625573158264160156;-5
44487000;-4.9615039825439453125;-5
44499000;-4.9604644775390625;-5
44511000;-4.9616131782531738281;-5
44522000;-4.9649548530578613281;-5
44533000;-4.9647059440612792969;-5
44544000;-4.9638981819152832031;-5
44556000;-4.9607281684875488281;-5
44568000;-4.9633526802062988281;-5
44579000;-4.9618968963623046875;-5
44591000;-4.9627375602722167969;-5
44603000;-4.9613232612609863281;-5
44614000;-4.9583315849304199219;-5
44626000;-4.9608473777770996094;-5
44637000;-4.9620275497436523438;-5
44648000;-4.9625644683837890625;-5
44659000;-4.9636673927307128906;-5
44672000;-4.9646215438842773438;-5
44683000;-4.9632706642150878906;-5
44695000;-4.9642229080200195312;-5
44706000;-4.9656062126159667969;-5
44718000;-4.966724395751953125;-5
44730000;-4.9652256965637207031;-5
44741000;-4.9670648574829101562;-5
44753000;-4.9674897193908691406;-5
44765000;-4.9687085151672363281;-5
44776000;-4.9658141136169433594;-5
44788000;-4.9663801193237304688;-5
44799000;-4.9666147232055664062;-5
44812000;-4.9647364616394042969;-5
44824000;-4.9641237258911132812;-5
44837000;-4.9640960693359375;-5
44848000;-4.9622702598571777344;-5
44860000;-4.9616336822509765625;-5
44872000;-4.9632706642150878906;-5
44883000;-4.9621253013610839844;-5
44894000;-4.9635062217712402344;-5
44906000;-4.9651322364807128906;-5
44918000;-4.9655642509460449219;-5
44929000;-4.964900970458984375;-5
44941000;-4.9638624191284179688;-5
44953000;-4.9662199020385742188;-5
44965000;-4.9659771919250488281;-5
44977000;-4.9653353691101074219;-5
44988000;-4.9677257537841796875;-5
45000000;-4.9675631523132324219;-5
45011000;-4.9653759002685546875;-5
45022000;-4.9648995399475097656;-5
45034000;-4.9659862518310546875;-5
45045000;-4.9662890434265136719;-5
45058000;-4.9677624702453613281;-5
45068000;-4.9680228233337402344;-5
45080000;-4.9683485031127929688;-5
45092000;-4.9673790931701660156;-5
45104000;-4.970211029052734375;-5
45116000;-4.9694128036499023438;-5
45127000;-4.9716634750366210938;-5
45138000;-4.9696450233459472656;-5
45150000;-4.9681501388549804688;-5
45162000;-4.9701838493347167969;-5
45173000;-4.968929290771484375;-5
45185000;-4.9699296951293945312;-5
45198000;-4.9699535369873046875;-5
45209000;-4.9684586524963378906;-5
45220000;-4.9706525802612304688;-5
45233000;-4.9707608222961425781;-5
45245000;-4.9685931205749511719;-5
45257000;-4.9696850776672363281;-5
45268000;-4.969287872314453125;-5
45280000;-4.9715256690979003906;-5
45291000;-4.9703316688537597656;-5
45304000;-4.9693436622619628906;-5
45315000;-4.9699444770812988281;-5
45327000;-4.971210479736328125;-5
45339000;-4.968540191650390625;-5
45351000;-4.9689660072326660156;-5
45362000;-4.9676747322082519531;-5
45374000;-4.9689955711364746094;-5
45385000;-4.9676656723022460938;-5
45396000;-4.9666600227355957031;5
45409000;-4.2568411827087402344;5
45420000;-2.1941821575164794922;5
45431000;1.2941708564758300781;5
45443000;4.3420667648315429688;5
45454000;5.5317196846008300781;5
45465000;5.7295999526977539062;5
45477000;5.4113368988037109375;5
45488000;4.69133758544921875;5
45499000;4.4221553802490234375;5
45511000;4.7013945579528808594;5
45523000;4.9459042549133300781;5
45534000;5.0298476219177246094;5
45546000;5.0668392181396484375;5
45557000;5.1022009849548339844;5
45570000;5.037952423095703125;5
45581000;4.8763756752014160156;5
45593000;4.8215832710266113281;5
45605000;4.9027805328369140625;5
45616000;4.9943346977233886719;5
45628000;5.0267825126647949219;5
45640000;4.9812569618225097656;5
45651000;4.8920259475708007812;5
45662000;4.8450236320495605469;5
45674000;4.9129419326782226562;5
45686000;5.0087423324584960938;5
45697000;5.0305299758911132812;5
45710000;4.9375491142272949219;5
45721000;4.8607544898986816406;5
45734000;4.8825931549072265625;5
45745000;4.9622130393981933594;5
45757000;5.009769439697265625;5
45769000;4.9724488258361816406;5
45780000;4.9101462364196777344;5
45792000;4.8778328895568847656;5
45804000;4.9147243499755859375;5
45815000;4.9566326141357421875;5
45827000;4.9681038856506347656;5
45839000;4.93964385986328125;5
45851000;4.9186711311340332031;5
45863000;4.9270792007446289062;5
45874000;4.9339990615844726562;5
45885000;4.9371991157531738281;5
45898000;4.9421358108520507812;5
45910000;4.9402103424072265625;5
45921000;4.9323868751525878906;5
45933000;4.9282631874084472656;5
45945000;4.9278492927551269531;5
45956000;4.9362769126892089844;5
45967000;4.9396290779113769531;5
45978000;4.9354805946350097656;5
45990000;4.9287767410278320312;5
46001000;4.92781829833984375;5
46013000;4.9291615486145019531;5
46024000;4.9316253662109375;5
46036000;4.9351859092712402344;5
46048000;4.9346461296081542969;5
46061000;4.9326305389404296875;5
46072000;4.9328160285949707031;5
46083000;4.9345021247863769531;5
46094000;4.9392781257629394531;5
46106000;4.9423727989196777344;5
46117000;4.9416193962097167969;5
46129000;4.9386844635009765625;5
46141000;4.9401764869689941406;5
46153000;4.9388470649719238281;5
46163000;4.9399013519287109375;5
46175000;4.9398856163024902344;5
46187000;4.9388060569763183594;5
46198000;4.9385447502136230469;5
46209000;4.9385881423950195312;5
46221000;4.9389066696166992188;5
46232000;4.94126129150390625;5
46244000;4.9377970695495605469;5
46255000;4.9366078376770019531;5
46267000;4.9396414756774902344;5
46279000;4.9390416145324707031;5
46291000;4.9406137466430664062;5
46303000;4.9399294853210449219;5
46314000;4.937671661376953125;5
46325000;4.9373378753662109375;5
46336000;4.9384775161743164062;5
46348000;4.9389920234680175781;5
46360000;4.9362378120422363281;5
46371000;4.9361352920532226562;5
46382000;4.9341135025024414062;5
46394000;4.9326033592224121094;5
46405000;4.9340853691101074219;5
46416000;4.9373750686645507812;5
46428000;4.9380855560302734375;5
46439000;4.9375023841857910156;5
46450000;4.9375448226928710938;5
46462000;4.9383921623229980469;5
46474000;4.9375090599060058594;5
46486000;4.9360117912292480469;5
46498000;4.9335203170776367188;5
46510000;4.9336948394775390625;5
46523000;4.9348573684692382812;5
46534000;4.9345164299011230469;5
46546000;4.9339570999145507812;5
46558000;4.9326038360595703125;5
46568000;4.93317413330078125;5
46580000;4.9331331253051757812;5
46591000;4.93299102783203125;5
46603000;4.9331049919128417969;5
46614000;4.9344725608825683594;5
46625000;4.934444427490234375;5
46637000;4.9340605735778808594;5
46649000;4.9351835250854492188;5
46661000;4.9348158836364746094;5
46673000;4.9345297813415527344;5
46684000;4.9311594963073730469;5
46695000;4.9346718788146972656;5
46707000;4.9340958595275878906;5
46718000;4.9357600212097167969;5
46730000;4.9339952468872070312;5
46741000;4.9352407455444335938;5
46754000;4.9321131706237792969;5
46766000;4.9318346977233886719;5
46777000;4.9343056678771972656;5
46789000;4.9353427886962890625;5
46801000;4.9357242584228515625;5
46812000;4.9354395866394042969;5
46824000;4.9353156089782714844;5
46836000;4.9358706474304199219;5
46848000;4.9333667755126953125;5
46860000;4.9365386962890625;5
46871000;4.93529510498046875;5
46883000;4.9355702400207519531;5
46895000;4.93460845947265625;5
46906000;4.9353551864624023438;5
46918000;4.9359836578369140625;5
46929000;4.9358534812927246094;5
46941000;4.9350285530090332031;5
46952000;4.9374451637268066406;5
46964000;4.9359478950500488281;5
46975000;4.9368376731872558594;5
46986000;4.9358997344970703125;5
46999000;4.9363231658935546875;5
47010000;4.9355554580688476562;5
47023000;4.9374222755432128906;5
47035000;4.9375987052917480469;5
47045000;4.9387431144714355469;5
47057000;4.9372234344482421875;5
47068000;4.9388289451599121094;5
47080000;4.9380450248718261719;5
47091000;4.9380021095275878906;5
47103000;4.9396758079528808594;5
47114000;4.9368238449096679688;5
47126000;4.9374575614929199219;5
47138000;4.9383258819580078125;5
47149000;4.9379529953002929688;5
47161000;4.9382753372192382812;5
47173000;4.9353976249694824219;5
47185000;4.9356212615966796875;5
47197000;4.9357399940490722656;5
47209000;4.9369311332702636719;5
47220000;4.9378886222839355469;5
47232000;4.9368066787719726562;5
47244000;4.936962127685546875;5
47256000;4.9384107589721679688;5
47267000;4.9357576370239257812;5
47280000;4.9353337287902832031;5
47291000;4.9370865821838378906;5
47303000;4.9353747367858886719;5
47315000;4.9393639564514160156;5
47326000;4.9368739128112792969;5
47337000;4.9372711181640625;5
47350000;4.9383330345153808594;5
47361000;4.9389605522155761719;5
47373000;4.9396200180053710938;5
47384000;4.9378151893615722656;5
47396000;4.9397616386413574219;5
47408000;4.9377818107604980469;5
47420000;4.9359111785888671875;5
47431000;4.9394536018371582031;5
47443000;4.93953704833984375;5
47454000;4.9398617744445800781;5
47465000;4.9404664039611816406;5
47476000;4.9419779777526855469;5
47488000;4.9433588981628417969;5
47500000;4.939708709716796875;5
47511000;4.9411883354187011719;5
47522000;4.9413270950317382812;5
47534000;4.9384002685546875;5
47546000;4.9427647590637207031;5
47557000;4.9384884834289550781;5
47569000;4.9388561248779296875;5
47579000;4.9394402503967285156;5
47591000;4.9390573501586914062;5
47603000;4.940326690673828125;5
47614000;4.9381575584411621094;5
47626000;4.9387040138244628906;5
47638000;4.9396681785583496094;5
47651000;4.9371356964111328125;5
47662000;4.9394726753234863281;5
47674000;4.94037628173828125;5
47686000;4.9391231536865234375;5
47697000;4.9387154579162597656;5
47709000;4.9394583702087402344;5
47721000;4.9394130706787109375;5
47732000;4.94037628173828125;5
47744000;4.9391875267028808594;5
47755000;4.9365239143371582031;5
47768000;4.9378223419189453125;5
47779000;4.9381747245788574219;5
47792000;4.93958282470703125;5
47805000;4.93880462646484375;5
47816000;4.9392366409301757812;5
47827000;4.9388642311096191406;5
47839000;4.9401383399963378906;5
47851000;4.9398636817932128906;5
47862000;4.9386758804321289062;5
47873000;4.9399194717407226562;5
47885000;4.9396424293518066406;5
47897000;4.9396739006042480469;-5
47908000;4.5499615669250488281;-5
47920000;2.5569982528686523438;-5
47931000;-0.94635164737701416016;-5
47942000;-4.0336842536926269531;-5
47955000;-5.4917950630187988281;-5
47966000;-5.8246402740478515625;-5
47978000;-5.4295945167541503906;-5
47989000;-4.6783471107482910156;-5
48001000;-4.2250299453735351562;-5
48011000;-4.5482707023620605469;-5
48023000;-5.1860418319702148438;-5
48035000;-5.2468309402465820312;-5
48047000;-4.8719143867492675781;-5
48058000;-4.6728143692016601562;-5
48070000;-4.7395114898681640625;-5
48082000;-4.828784942626953125;-5
48094000;-4.9463820457458496094;-5
48105000;-5.0665369033813476562;-5
48117000;-5.0669393539428710938;-5
48128000;-4.9254713058471679688;-5
48140000;-4.793941497802734375;-5
48152000;-4.8312044143676757812;-5
48164000;-4.9545483589172363281;-5
48175000;-5.0616130828857421875;-5
48186000;-5.0103278160095214844;-5
48198000;-4.9408659934997558594;-5
48209000;-4.8450074195861816406;-5
48222000;-4.7839770317077636719;-5
48233000;-4.8754515647888183594;-5
48246000;-5.0316958427429199219;-5
48257000;-5.0820560455322265625;-5
48268000;-4.9532265663146972656;-5
48280000;-4.8359127044677734375;-5
48293000;-4.8275418281555175781;-5
48305000;-4.9319586753845214844;-5
48317000;-5.0340213775634765625;-5
48328000;-5.0403904914855957031;-5
48340000;-4.9328589439392089844;-5
48351000;-4.8625578880310058594;-5
48363000;-4.8548521995544433594;-5
48374000;-4.9468669891357421875;-5
48385000;-5.0167727470397949219;-5
48396000;-5.030303955078125;-5
48407000;-4.9682741165161132812;-5
48419000;-4.9083223342895507812;-5
48431000;-4.8896222114562988281;-5
48443000;-4.9217205047607421875;-5
48454000;-4.9845318794250488281;-5
48465000;-5.004596710205078125;-5
48477000;-4.9700884819030761719;-5
48489000;-4.9465055465698242188;-5
48501000;-4.936985015869140625;-5
48513000;-4.9415254592895507812;-5
48525000;-4.9680147171020507812;-5
48536000;-4.9774188995361328125;-5
48548000;-4.9667782783508300781;-5
48560000;-4.952213287353515625;-5
48572000;-4.9515523910522460938;-5
48584000;-4.9640560150146484375;-5
48596000;-4.9716968536376953125;-5
48607000;-4.96868133544921875;-5
48618000;-4.9584102630615234375;-5
48630000;-4.9541964530944824219;-5
48641000;-4.9609193801879882812;-5
48652000;-4.9718823432922363281;-5
48665000;-4.9669437408447265625;-5
48677000;-4.95674896240234375;-5
48689000;-4.9578180313110351562;-5
48700000;-4.9632229804992675781;-5
48711000;-4.9726963043212890625;-5
48724000;-4.9678845405578613281;-5
48736000;-4.9608860015869140625;-5
48747000;-4.9613356590270996094;-5
48759000;-4.9676046371459960938;-5
48770000;-4.9710822105407714844;-5
48781000;-4.9697084426879882812;-5
48793000;-4.9637322425842285156;-5
48805000;-4.9626064300537109375;-5
48817000;-4.9672026634216308594;-5
48828000;-4.9712214469909667969;-5
48841000;-4.9698152542114257812;-5
48852000;-4.9636101722717285156;-5
48864000;-4.9604845046997070312;-5
48875000;-4.9619379043579101562;-5
48886000;-4.9663252830505371094;-5
48898000;-4.9653768539428710938;-5
48909000;-4.9616689682006835938;-5
48922000;-4.9602060317993164062;-5
48933000;-4.9626245498657226562;-5
48945000;-4.967052459716796875;-5
48957000;-4.9679961204528808594;-5
48969000;-4.9656414985656738281;-5
48980000;-4.9646916389465332031;-5
48992000;-4.965480804443359375;-5
49004000;-4.968860626220703125;-5
49015000;-4.9672265052795410156;-5
49026000;-4.9649114608764648438;-5
49038000;-4.9625234603881835938;-5
49050000;-4.9659771919250488281;-5
49063000;-4.9677777290344238281;-5
49075000;-4.9684362411499023438;-5
49086000;-4.9672493934631347656;-5
49098000;-4.9664015769958496094;-5
49109000;-4.9663867950439453125;-5
49121000;-4.9694743156433105469;-5
49133000;-4.9689869880676269531;-5
49144000;-4.9693503379821777344;-5
49156000;-4.9662752151489257812;-5
49167000;-4.9632239341735839844;-5
49179000;-4.9622755050659179688;-5
49191000;-4.9625196456909179688;-5
49203000;-4.9591469764709472656;-5
49214000;-4.9582576751708984375;-5
49226000;-4.9601488113403320312;-5
49237000;-4.9608964920043945312;-5
49248000;-4.9603466987609863281;-5
49260000;-4.9589610099792480469;-5
49271000;-4.9564442634582519531;-5
49283000;-4.957233428955078125;-5
49295000;-4.9580221176147460938;-5
49307000;-4.9581232070922851562;-5
49320000;-4.9581942558288574219;-5
49331000;-4.9580636024475097656;-5
49343000;-4.9610776901245117188;-5
49355000;-4.96253204345703125;-5
49366000;-4.9614920616149902344;-5
49377000;-4.9598321914672851562;-5
49389000;-4.9590854644775390625;-5
49401000;-4.9615588188171386719;-5
49413000;-4.962497711181640625;-5
49425000;-4.9627776145935058594;-5
49437000;-4.962291717529296875;-5
49450000;-4.9624280929565429688;-5
49461000;-4.9626064300537109375;-5
49473000;-4.9648108482360839844;-5
49485000;-4.9634428024291992188;-5
49497000;-4.9629335403442382812;-5
49508000;-4.9634547233581542969;-5
49521000;-4.9629583358764648438;-5
49533000;-4.9639315605163574219;-5
49544000;-4.9633131027221679688;-5
49557000;-4.96256256103515625;-5
49569000;-4.96120452880859375;-5
49581000;-4.9619922637939453125;-5
49593000;-4.9607148170471191406;-5
49604000;-4.9609351158142089844;-5
49615000;-4.9606595039367675781;-5
49627000;-4.9599328041076660156;-5
49638000;-4.9614090919494628906;-5
49650000;-4.9601583480834960938;-5
49662000;-4.9610142707824707031;-5
49676000;-4.9624810218811035156;-5
49688000;-4.960544586181640625;-5
49700000;-4.9618730545043945312;-5
49711000;-4.9602723121643066406;-5
49723000;-4.9605984687805175781;-5
49735000;-4.9612793922424316406;-5
49746000;-4.9616990089416503906;-5
49758000;-4.9607586860656738281;-5
49768000;-4.9616742134094238281;-5
49781000;-4.9582567214965820312;-5
49792000;-4.9583578109741210938;-5
49803000;-4.9589772224426269531;-5
49815000;-4.9601268768310546875;-5
49827000;-4.9589033126831054688;-5
49838000;-4.9597277641296386719;-5
49850000;-4.961467742919921875;-5
49860000;-4.9602155685424804688;-5
49871000;-4.9597454071044921875;-5
49883000;-4.9591298103332519531;-5
49894000;-4.960628509521484375;-5
49906000;-4.9618535041809082031;-5
49917000;-4.9623713493347167969;-5
49928000;-4.9629878997802734375;-5
49941000;-4.9608759880065917969;-5
49952000;-4.9610595703125;-5
49964000;-4.9607186317443847656;-5
49976000;-4.9610576629638671875;-5
49988000;-4.9606623649597167969;-5
50000000;-4.9616174697875976562;-5
50011000;-4.9623036384582519531;-5
50022000;-4.9601011276245117188;-5
50034000;-4.959583282470703125;-5
50046000;-4.9602766036987304688;-5
50058000;-4.9600090980529785156;-5
50069000;-4.9604706764221191406;-5
50081000;-4.9637689590454101562;-5
50092000;-4.9644517898559570312;-5
50103000;-4.9648160934448242188;-5
50115000;-4.9655666351318359375;-5
50126000;-4.9635639190673828125;-5
50137000;-4.9645147323608398438;-5
50148000;-4.9641060829162597656;-5
50160000;-4.9638314247131347656;-5
50172000;-4.9617075920104980469;-5
50185000;-4.9614286422729492188;-5
50196000;-4.9582185745239257812;-5
50207000;-4.9597415924072265625;-5
50218000;-4.9592742919921875;-5
50231000;-4.9592776298522949219;-5
50242000;-4.9616026878356933594;-5
50253000;-4.9588789939880371094;-5
50265000;-4.9562153816223144531;-5
50277000;-4.9550042152404785156;-5
50288000;-4.9566884040832519531;-5
50300000;-4.956523895263671875;-5
50312000;-4.953639984130859375;-5
50324000;-4.9532108306884765625;-5
50335000;-4.9523954391479492188;-5
50346000;-4.9522881507873535156;-5
50357000;-4.9510746002197265625;-5
50368000;-4.9508981704711914062;-5
50381000;-4.9501204490661621094;-5
50393000;-4.9516987800598144531;-5
50405000;-4.8716797828674316406;5
50416000;-3.5820150375366210938;5
50427000;-0.507869720458984375;5
50439000;3.0188248157501220703;5
50451000;5.1741037368774414062;5
50462000;5.7380166053771972656;5
50474000;5.5924334526062011719;5
50485000;5.0631103515625;5
50496000;4.4499163627624511719;5
50507000;4.5231657028198242188;5
50518000;4.8618731498718261719;5
50529000;4.9978318214416503906;5
50541000;5.0627942085266113281;5
50554000;5.1049127578735351562;5
50566000;5.0766224861145019531;5
50578000;4.9253549575805664062;5
50589000;4.8366417884826660156;5
50601000;4.8553290367126464844;5
50614000;4.9593152999877929688;5
50625000;5.0277495384216308594;5
50637000;5.0214476585388183594;5
50648000;4.9309077262878417969;5
50660000;4.8577437400817871094;5
50671000;4.8759226799011230469;5
50683000;4.9797787666320800781;5
50695000;5.0480961799621582031;5
50707000;4.987331390380859375;5
50718000;4.8860654830932617188;5
50729000;4.8585505485534667969;5
50740000;4.9198126792907714844;5
50752000;4.9983720779418945312;5
50763000;5.0186400413513183594;5
50775000;4.9592981338500976562;5
50787000;4.8877024650573730469;5
50798000;4.8821020126342773438;5
50810000;4.9252085685729980469;5
50821000;4.9680085182189941406;5
50833000;4.9670662879943847656;5
50845000;4.9381341934204101562;5
50856000;4.922977447509765625;5
50868000;4.9295983314514160156;5
50879000;4.9410848617553710938;5
50892000;4.9446096420288085938;5
50903000;4.9453587532043457031;5
50914000;4.9431471824645996094;5
50926000;4.93540191650390625;5
50937000;4.9326505661010742188;5
50949000;4.9367384910583496094;5
50961000;4.9442887306213378906;5
50972000;4.9463396072387695312;5
50984000;4.9410753250122070312;5
50996000;4.9320859909057617188;5
51007000;4.9339385032653808594;5
51018000;4.9398889541625976562;5
51029000;4.942943572998046875;5
51042000;4.94161224365234375;5
51054000;4.9418730735778808594;5
51066000;4.9399919509887695312;5
51077000;4.9368157386779785156;5
51089000;4.9349451065063476562;5
51101000;4.9378185272216796875;5
51113000;4.9360346794128417969;5
51125000;4.935329437255859375;5
51137000;4.9340968132019042969;5
51148000;4.9339795112609863281;5
51160000;4.9360470771789550781;5
51171000;4.9373240470886230469;5
51182000;4.9371051788330078125;5
51194000;4.9360628128051757812;5
51207000;4.9367628097534179688;5
51218000;4.9381690025329589844;5
51231000;4.9368243217468261719;5
51242000;4.9400534629821777344;5
51254000;4.9378795623779296875;5
51266000;4.9373226165771484375;5
51277000;4.9359226226806640625;5
51289000;4.9366664886474609375;5
51300000;4.9337334632873535156;5
51313000;4.9339008331298828125;5
51325000;4.9348254203796386719;5
51336000;4.9361729621887207031;5
51348000;4.9357891082763671875;5
51360000;4.9364900588989257812;5
51372000;4.9392242431640625;5
51384000;4.9378848075866699219;5
51396000;4.9381628036499023438;5
51407000;4.9364838600158691406;5
51421000;4.9371547698974609375;5
51433000;4.9386858940124511719;5
51444000;4.9345402717590332031;5
51457000;4.935878753662109375;5
51468000;4.936435699462890625;5
51480000;4.9375452995300292969;5
51491000;4.9394063949584960938;5
51503000;4.9385547637939453125;5
51514000;4.9364800453186035156;5
51526000;4.9366235733032226562;5
51538000;4.9370846748352050781;5
51550000;4.9356288909912109375;5
51562000;4.9346547126770019531;5
51574000;4.9353895187377929688;5
51585000;4.9385371208190917969;5
51597000;4.937267303466796875;5
51608000;4.9377231597900390625;5
51619000;4.938079833984375;5
51630000;4.9375786781311035156;5
51642000;4.9366922378540039062;5
51654000;4.9403424263000488281;5
51666000;4.9384064674377441406;5
51678000;4.9382500648498535156;5
51690000;4.9363360404968261719;5
51702000;4.9363789558410644531;5
51714000;4.9366040229797363281;5
51725000;4.9369864463806152344;5
51737000;4.9372162818908691406;5
51749000;4.9371094703674316406;5
51760000;4.9360289573669433594;5
51772000;4.9371752738952636719;5
51784000;4.9361629486083984375;5
51795000;4.9383072853088378906;5
51806000;4.9370203018188476562;5
51818000;4.9368238449096679688;5
51830000;4.9370770454406738281;5
51841000;4.9381890296936035156;5
51852000;4.9370951652526855469;5
51865000;4.9370641708374023438;5
51877000;4.9370970726013183594;5
51890000;4.9366269111633300781;5
51901000;4.9368195533752441406;5
51913000;4.9367046356201171875;5
51924000;4.933620452880859375;5
51938000;4.9346437454223632812;5
51949000;4.9342608451843261719;5
51961000;4.9330353736877441406;5
51973000;4.9293546676635742188;5
51984000;4.92879486083984375;5
51995000;4.9286522865295410156;5
52006000;4.9280543327331542969;5
52018000;4.9264798164367675781;5
52030000;4.9282460212707519531;5
52041000;4.9267458915710449219;5
52053000;4.9259858131408691406;5
52064000;4.9237384796142578125;5
52076000;4.925998687744140625;5
52087000;4.9251036643981933594;5
52098000;4.9231514930725097656;5
52110000;4.9254856109619140625;5
52123000;4.9255814552307128906;5
52134000;4.9263529777526855469;5
52145000;4.9266347885131835938;5
52157000;4.9259648323059082031;5
52168000;4.9249405860900878906;5
52179000;4.9260396957397460938;5
52190000;4.9274029731750488281;5
52202000;4.9260220527648925781;5
52214000;4.9291663169860839844;5
52226000;4.9268050193786621094;5
52237000;4.9272074699401855469;5
52248000;4.9293460845947265625;5
52259000;4.930706024169921875;5
52271000;4.9307074546813964844;5
52282000;4.930805206298828125;5
52294000;4.9309315681457519531;5
52306000;4.9305500984191894531;5
52318000;4.9309706687927246094;5
52329000;4.9323611259460449219;5
52341000;4.9301342964172363281;5
52353000;4.9292802810668945312;5
52365000;4.9310212135314941406;5
52377000;4.9323582649230957031;5
52388000;4.9317049980163574219;5
52400000;4.9326291084289550781;5
52413000;4.9333629608154296875;5
52424000;4.9333353042602539062;5
52435000;4.9320244789123535156;5
52447000;4.9304928779602050781;5
52460000;4.932498931884765625;5
52470000;4.9329671859741210938;5
52481000;4.9308905601501464844;5
52493000;4.9289498329162597656;5
52504000;4.9318032264709472656;5
52515000;4.9311718940734863281;5
52527000;4.9310045242309570312;5
52539000;4.9337038993835449219;5
52550000;4.9345135688781738281;5
52562000;4.9313273429870605469;5
52574000;4.931346893310546875;5
52586000;4.9319214820861816406;5
52598000;4.932842254638671875;5
52610000;4.9313654899597167969;5
52621000;4.9325962066650390625;5
52632000;4.9316759109497070312;5
52644000;4.9308972358703613281;5
52655000;4.9314675331115722656;5
52667000;4.9310727119445800781;5
52679000;4.93167877197265625;5
52690000;4.9325103759765625;5
52702000;4.9310712814331054688;5
52714000;4.931987762451171875;5
52725000;4.9313917160034179688;5
52738000;4.9304866790771484375;5
52749000;4.9328875541687011719;5
52761000;4.9318747520446777344;5
52773000;4.9313879013061523438;5
52786000;4.9348230361938476562;5
52798000;4.936695098876953125;5
52809000;4.934417724609375;5
52821000;4.9308557510375976562;5
52833000;4.9316892623901367188;5
52844000;4.93083953857421875;5
52855000;4.9292397499084472656;5
52866000;4.9303350448608398438;5
52878000;4.9308252334594726562;5
52891000;4.9294905662536621094;5
52902000;4.9166150093078613281;-5
52914000;3.9315187931060791016;-5
52926000;0.86559617519378662109;-5
52937000;-2.1273722648620605469;-5
52949000;-4.67230987548828125;-5
52961000;-5.6937465667724609375;-5
52973000;-5.7138028144836425781;-5
52985000;-5.0725107192993164062;-5
52996000;-4.3471240997314453125;-5
53008000;-4.3278255462646484375;-5
53020000;-4.9775562286376953125;-5
53032000;-5.3129930496215820312;-5
53044000;-4.9835801124572753906;-5
53055000;-4.7182555198669433594;-5
53066000;-4.6777892112731933594;-5
53078000;-4.7909936904907226562;-5
53089000;-4.86418914794921875;-5
53101000;-4.9867200851440429688;-5
53113000;-5.0689425468444824219;-5
53124000;-5.0091767311096191406;-5
53136000;-4.8638129234313964844;-5
53147000;-4.7886948585510253906;-5
53158000;-4.8539433479309082031;-5
53170000;-4.9738802909851074219;-5
53181000;-5.0545320510864257812;-5
53193000;-4.9879975318908691406;-5
53204000;-4.8958377838134765625;-5
53216000;-4.8046994209289550781;-5
53227000;-4.7872862815856933594;-5
53238000;-4.9092068672180175781;-5
53249000;-5.0314893722534179688;-5
53261000;-5.0676622390747070312;-5
53272000;-4.9344844818115234375;-5
53283000;-4.840000152587890625;-5
53296000;-4.8185992240905761719;-5
53307000;-4.92043304443359375;-5
53318000;-5.0272517204284667969;-5
53330000;-5.0376138687133789062;-5
53342000;-4.9322643280029296875;-5
53353000;-4.8615436553955078125;-5
53365000;-4.8488640785217285156;-5
53376000;-4.93289947509765625;-5
53388000;-5.0157561302185058594;-5
53400000;-5.0237140655517578125;-5
53411000;-4.9592809677124023438;-5
53422000;-4.8979563713073730469;-5
53434000;-4.881072998046875;-5
53445000;-4.9078297615051269531;-5
53457000;-4.9666180610656738281;-5
53469000;-4.9964766502380371094;-5
53483000;-4.9552564620971679688;-5
53495000;-4.9356579780578613281;-5
53506000;-4.9268374443054199219;-5
53519000;-4.9404191970825195312;-5
53530000;-4.9661417007446289062;-5
53541000;-4.9716839790344238281;-5
53553000;-4.9565219879150390625;-5
53564000;-4.9430456161499023438;-5
53577000;-4.9446473121643066406;-5
53588000;-4.9558186531066894531;-5
53600000;-4.9681067466735839844;-5
53612000;-4.9614992141723632812;-5
53623000;-4.9457721710205078125;-5
53635000;-4.9436011314392089844;-5
53646000;-4.9560341835021972656;-5
53658000;-4.9633402824401855469;-5
53670000;-4.9532837867736816406;-5
53681000;-4.94658660888671875;-5
53693000;-4.9467225074768066406;-5
53704000;-4.9549555778503417969;-5
53715000;-4.9598321914672851562;-5
53727000;-4.9549846649169921875;-5
53740000;-4.9485445022583007812;-5
53752000;-4.9514603614807128906;-5
53764000;-4.9565887451171875;-5
53775000;-4.9569072723388671875;-5
53787000;-4.9524898529052734375;-5
53798000;-4.9472398757934570312;-5
53810000;-4.9482645988464355469;-5
53822000;-4.9514336585998535156;-5
53834000;-4.9567217826843261719;-5
53845000;-4.9518899917602539062;-5
53856000;-4.9475893974304199219;-5
53868000;-4.9462294578552246094;-5
53881000;-4.9494757652282714844;-5
53892000;-4.9524264335632324219;-5
53903000;-4.9522461891174316406;-5
53914000;-4.9490423202514648438;-5
53926000;-4.9470057487487792969;-5
53937000;-4.9489474296569824219;-5
53950000;-4.9523301124572753906;-5
53961000;-4.9534912109375;-5
53973000;-4.9507913589477539062;-5
53984000;-4.9471683502197265625;-5
53996000;-4.9494276046752929688;-5
54008000;-4.9535884857177734375;-5
54019000;-4.9549760818481445312;-5
54031000;-4.9499049186706542969;-5
54043000;-4.9479155540466308594;-5
54054000;-4.9494395256042480469;-5
54066000;-4.9492969512939453125;-5
54077000;-4.9510464668273925781;-5
54089000;-4.9472002983093261719;-5
54101000;-4.9452614784240722656;-5
54112000;-4.9463706016540527344;-5
54124000;-4.9480814933776855469;-5
54136000;-4.9473395347595214844;-5
54148000;-4.9452342987060546875;-5
54159000;-4.945972442626953125;-5
54171000;-4.947628021240234375;-5
54183000;-4.9476189613342285156;-5
54194000;-4.9482674598693847656;-5
54206000;-4.9497532844543457031;-5
54218000;-4.9464788436889648438;-5
54230000;-4.9478998184204101562;-5
54242000;-4.9470767974853515625;-5
54253000;-4.9482431411743164062;-5
54265000;-4.9476342201232910156;-5
54277000;-4.945461273193359375;-5
54288000;-4.9469895362854003906;-5
54299000;-4.9490528106689453125;-5
54311000;-4.9507722854614257812;-5
54323000;-4.9489879608154296875;-5
54334000;-4.9474802017211914062;-5
54346000;-4.9455990791320800781;-5
54357000;-4.9495377540588378906;-5
54369000;-4.9509282112121582031;-5
54380000;-4.9494976997375488281;-5
54392000;-4.9492969512939453125;-5
54403000;-4.9500436782836914062;-5
54415000;-4.95166015625;-5
54426000;-4.9515295028686523438;-5
54438000;-4.9508204460144042969;-5
54449000;-4.9491395950317382812;-5
54460000;-4.9493837356567382812;-5
54471000;-4.9490489959716796875;-5
54483000;-4.9473705291748046875;-5
54494000;-4.9482312202453613281;-5
54506000;-4.9467272758483886719;-5
54518000;-4.9464778900146484375;-5
54529000;-4.9428391456604003906;-5
54540000;-4.9445862770080566406;-5
54551000;-4.9445295333862304688;-5
54563000;-4.9408745765686035156;-5
54575000;-4.9403009414672851562;-5
54586000;-4.9438261985778808594;-5
54598000;-4.9444880485534667969;-5
54609000;-4.9443669319152832031;-5
54620000;-4.9458866119384765625;-5
54631000;-4.9469966888427734375;-5
54642000;-4.94753265380859375;-5
54654000;-4.947113037109375;-5
54666000;-4.9471793174743652344;-5
54677000;-4.9459033012390136719;-5
54688000;-4.9464182853698730469;-5
54699000;-4.9444012641906738281;-5
54712000;-4.945072174072265625;-5
54724000;-4.9435486793518066406;-5
54735000;-4.9425096511840820312;-5
54746000;-4.94287109375;-5
54758000;-4.9458374977111816406;-5
54770000;-4.9461655616760253906;-5
54781000;-4.9441671371459960938;-5
54793000;-4.9439120292663574219;-5
54804000;-4.9438443183898925781;-5
54815000;-4.9463224411010742188;-5
54827000;-4.9460592269897460938;-5
54838000;-4.94663238525390625;-5
54850000;-4.94385528564453125;-5
54861000;-4.9442248344421386719;-5
54873000;-4.9470529556274414062;-5
54884000;-4.9476208686828613281;-5
54896000;-4.9482903480529785156;-5
54907000;-4.9501314163208007812;-5
54918000;-4.9488658905029296875;-5
54930000;-4.9492816925048828125;-5
54940000;-4.949390411376953125;-5
54951000;-4.9492268562316894531;-5
54963000;-4.9501986503601074219;-5
54974000;-4.9493670463562011719;-5
54986000;-4.9489626884460449219;-5
54997000;-4.9484949111938476562;-5
55008000;-4.9501423835754394531;-5
55021000;-4.9508504867553710938;-5
55033000;-4.9536294937133789062;-5
55044000;-4.9551410675048828125;-5
55055000;-4.9552288055419921875;-5
55066000;-4.9546289443969726562;-5
55078000;-4.9561257362365722656;-5
55090000;-4.9570937156677246094;-5
55101000;-4.9570155143737792969;-5
55112000;-4.9557061195373535156;-5
55123000;-4.9574756622314453125;-5
55134000;-4.9566354751586914062;-5
55146000;-4.9570698738098144531;-5
55158000;-4.9566826820373535156;-5
55169000;-4.9565744400024414062;-5
55181000;-4.9573645591735839844;-5
55193000;-4.9569463729858398438;-5
55204000;-4.9585976600646972656;-5
55216000;-4.958461761474609375;-5
55228000;-4.9591398239135742188;-5
55240000;-4.9584908485412597656;-5
55252000;-4.9580883979797363281;-5
55264000;-4.9575343132019042969;-5
55276000;-4.9586176872253417969;-5
55288000;-4.9584450721740722656;-5
55300000;-4.9603962898254394531;-5
55312000;-4.9584784507751464844;-5
55323000;-4.9594073295593261719;-5
55335000;-4.9603533744812011719;-5
55346000;-4.9618740081787109375;-5
55357000;-4.9635477066040039062;-5
55369000;-4.9634180068969726562;-5
55380000;-4.9619736671447753906;-5
55392000;-4.9633197784423828125;-5
55403000;-4.9603204727172851562;5
55415000;-3.9547307491302490234;5
55426000;-1.0816652774810791016;5
55438000;2.4814534187316894531;5
55451000;4.95920562744140625;5
55461000;5.6325726509094238281;5
55473000;5.6992936134338378906;5
55484000;5.2042422294616699219;5
55496000;4.5239005088806152344;5
55508000;4.5104184150695800781;5
55519000;4.8090081214904785156;5
55531000;4.9916982650756835938;5
55544000;5.0624642372131347656;5
55555000;5.0899715423583984375;5
55566000;5.0908675193786621094;5
55577000;4.9853959083557128906;5
55589000;4.8485274314880371094;5
55601000;4.8350796699523925781;5
55613000;4.9385461807250976562;5
55624000;5.0134491920471191406;5
55636000;5.017620086669921875;5
55647000;4.9515171051025390625;5
55658000;4.8751554489135742188;5
55670000;4.8665661811828613281;5
55682000;4.9646387100219726562;5
55694000;5.0461955070495605469;5
55706000;5.0018167495727539062;5
55717000;4.9123907089233398438;5
55729000;4.8620462417602539062;5
55740000;4.9150543212890625;5
55751000;4.9863562583923339844;5
55762000;5.02536773681640625;5
55774000;4.9792780876159667969;5
55786000;4.90583038330078125;5
55797000;4.8859724998474121094;5
55809000;4.9240632057189941406;5
55821000;4.976169586181640625;5
55833000;4.9811458587646484375;5
55845000;4.9521627426147460938;5
55857000;4.92987823486328125;5
55869000;4.9346394538879394531;5
55881000;4.9494080543518066406;5
55893000;4.9543023109436035156;5
55904000;4.9520888328552246094;5
55916000;4.9493741989135742188;5
55928000;4.9452009201049804688;5
55940000;4.9419770240783691406;5
55951000;4.9453339576721191406;5
55963000;4.954742431640625;5
55975000;4.9580950736999511719;5
55986000;4.9505133628845214844;5
55997000;4.9457693099975585938;5
56009000;4.9467649459838867188;5
56021000;4.9494161605834960938;5
56033000;4.9511594772338867188;5
56044000;4.9526185989379882812;5
56057000;4.954448699951171875;5
56069000;4.9514379501342773438;5
56081000;4.9492869377136230469;5
56093000;4.9523477554321289062;5
56104000;4.9561991691589355469;5
56115000;4.9539265632629394531;5
56126000;4.9510602951049804688;5
56138000;4.9522466659545898438;5
56150000;4.9519786834716796875;5
56161000;4.9514937400817871094;5
56174000;4.9554572105407714844;5
56185000;4.9535989761352539062;5
56196000;4.9529209136962890625;5
56208000;4.9519572257995605469;5
56219000;4.951984405517578125;5
56231000;4.953395843505859375;5
56242000;4.95587921142578125;5
56254000;4.9555788040161132812;5
56266000;4.9557461738586425781;5
56278000;4.9541492462158203125;5
56289000;4.9566617012023925781;5
56301000;4.9567236900329589844;5
56312000;4.9544591903686523438;5
56325000;4.9548597335815429688;5
56336000;4.9540610313415527344;5
56349000;4.9544072151184082031;5
56360000;4.9547595977783203125;5
56372000;4.9554276466369628906;5
56384000;4.9573383331298828125;5
56395000;4.9552006721496582031;5
56407000;4.9569420814514160156;5
56418000;4.9573893547058105469;5
56430000;4.9569201469421386719;5
56441000;4.9580779075622558594;5
56453000;4.9563875198364257812;5
56465000;4.9554085731506347656;5
56477000;4.9587540626525878906;5
56490000;4.9572649002075195312;5
56501000;4.9563131332397460938;5
56513000;4.9556241035461425781;5
56524000;4.9528813362121582031;5
56536000;4.9520168304443359375;5
56548000;4.9542331695556640625;5
56560000;4.9550805091857910156;5
56572000;4.9550938606262207031;5
56586000;4.9521899223327636719;5
56597000;4.9516005516052246094;5
56609000;4.9502367973327636719;5
56621000;4.9510974884033203125;5
56633000;4.9519190788269042969;5
56644000;4.9498128890991210938;5
56656000;4.9499030113220214844;5
56667000;4.9529085159301757812;5
56679000;4.9508996009826660156;5
56690000;4.9525542259216308594;5
56703000;4.9518690109252929688;5
56714000;4.9514012336730957031;5
56726000;4.9523167610168457031;5
56738000;4.9531764984130859375;5
56749000;4.954753875732421875;5
56760000;4.9529361724853515625;5
56771000;4.9533438682556152344;5
56784000;4.9529910087585449219;5
56795000;4.9551472663879394531;5
56808000;4.9521055221557617188;5
56820000;4.9551739692687988281;5
56831000;4.9543619155883789062;5
56843000;4.9526228904724121094;5
56855000;4.9516501426696777344;5
56866000;4.9509749412536621094;5
56877000;4.952396392822265625;5
56889000;4.949619293212890625;5
56900000;4.9514331817626953125;5
56912000;4.9490814208984375;5
56924000;4.9503812789916992188;5
56935000;4.9504361152648925781;5
56947000;4.9490761756896972656;5
56958000;4.9491658210754394531;5
56970000;4.9474029541015625;5
56982000;4.9457898139953613281;5
56993000;4.9468297958374023438;5
57005000;4.9442515373229980469;5
57016000;4.9442358016967773438;5
57028000;4.9452638626098632812;5
57039000;4.9450826644897460938;5
57051000;4.9456415176391601562;5
57063000;4.946712493896484375;5
57074000;4.9460115432739257812;5
57085000;4.9445953369140625;5
57097000;4.9464864730834960938;5
57108000;4.9472508430480957031;5
57120000;4.9471220970153808594;5
57133000;4.947742462158203125;5
57144000;4.947628021240234375;5
57156000;4.9490423202514648438;5
57167000;4.94594573974609375;5
57179000;4.9476313591003417969;5
57190000;4.9461379051208496094;5
57202000;4.9479684829711914062;5
57214000;4.9488921165466308594;5
57226000;4.9473848342895507812;5
57237000;4.9451751708984375;5
57249000;4.9459843635559082031;5
57261000;4.9448733329772949219;5
57272000;4.9468755722045898438;5
57284000;4.9477825164794921875;5
57296000;4.9482893943786621094;5
57307000;4.9453859329223632812;5
57319000;4.9471154212951660156;5
57331000;4.947254180908203125;5
57343000;4.9479532241821289062;5
57354000;4.9457888603210449219;5
57366000;4.9475107192993164062;5
57378000;4.9470839500427246094;5
57390000;4.9491090774536132812;5
57401000;4.9483976364135742188;5
57413000;4.946514129638671875;5
57424000;4.9480428695678710938;5
57436000;4.9485177993774414062;5
57447000;4.9493050575256347656;5
57458000;4.949367523193359375;5
57470000;4.9502730369567871094;5
57482000;4.9505114555358886719;5
57493000;4.9505100250244140625;5
57504000;4.9481115341186523438;5
57516000;4.9491639137268066406;5
57528000;4.9475188255310058594;5
57540000;4.9472746849060058594;5
57551000;4.9478240013122558594;5
57563000;4.9478139877319335938;5
57574000;4.9473600387573242188;5
57585000;4.948535919189453125;5
57598000;4.948184967041015625;5
57610000;4.9487276077270507812;5
57622000;4.9483175277709960938;5
57633000;4.9499907493591308594;5
57645000;4.9469003677368164062;5
57657000;4.9455409049987792969;5
57668000;4.9452562332153320312;5
57680000;4.9451589584350585938;5
57691000;4.9443640708923339844;5
57704000;4.9464731216430664062;5
57716000;4.9468774795532226562;5
57728000;4.9451131820678710938;5
57739000;4.9438753128051757812;5
57751000;4.9443922042846679688;5
57763000;4.94379425048828125;5
57774000;4.9440350532531738281;5
57786000;4.9437589645385742188;5
57797000;4.9446125030517578125;5
57809000;4.9431834220886230469;5
57820000;4.9430999755859375;5
57832000;4.9428653717041015625;5
57844000;4.9431262016296386719;5
57855000;4.9434485435485839844;5
57867000;4.9428973197937011719;5
57879000;4.9419970512390136719;5
57892000;4.9452295303344726562;5
57904000;4.9391999244689941406;-5
57916000;4.277416229248046875;-5
57927000;1.4489712715148925781;-5
57939000;-1.5434988737106323242;-5
57951000;-4.3477602005004882812;-5
57963000;-5.5742473602294921875;-5
57975000;-5.7624158859252929688;-5
57987000;-5.1983051300048828125;-5
57998000;-4.452220916748046875;-5
58010000;-4.293865203857421875;-5
58023000;-4.8469033241271972656;-5
58035000;-5.3161892890930175781;-5
58048000;-4.9994330406188964844;-5
58058000;-4.73754119873046875;-5
58069000;-4.6746616363525390625;-5
58081000;-4.7773833274841308594;-5
58093000;-4.8627638816833496094;-5
58105000;-4.9909129142761230469;-5
58116000;-5.0864496231079101562;-5
58129000;-5.0153250694274902344;-5
58141000;-4.8565111160278320312;-5
58153000;-4.7752141952514648438;-5
58164000;-4.8935003280639648438;-5
58176000;-5.0404796600341796875;-5
58188000;-5.0479416847229003906;-5
58199000;-4.9733057022094726562;-5
58211000;-4.8863544464111328125;-5
58222000;-4.8038830757141113281;-5
58233000;-4.8113079071044921875;-5
58245000;-4.9499135017395019531;-5
58257000;-5.0761704444885253906;-5
58268000;-5.0361762046813964844;-5
58279000;-4.89986419677734375;-5
58292000;-4.8184041976928710938;-5
58304000;-4.8723387718200683594;-5
58317000;-4.9824051856994628906;-5
58328000;-5.0614519119262695312;-5
58340000;-5.0015931129455566406;-5
58351000;-4.8933444023132324219;-5
58363000;-4.843540191650390625;-5
58374000;-4.8875451087951660156;-5
58386000;-4.9832587242126464844;-5
58397000;-5.0391607284545898438;-5
58409000;-4.9945735931396484375;-5
58421000;-4.9292688369750976562;-5
58433000;-4.8876676559448242188;-5
58444000;-4.8958659172058105469;-5
58456000;-4.9525003433227539062;-5
58468000;-5.0112786293029785156;-5
58480000;-5.0064167976379394531;-5
58491000;-4.9495263099670410156;-5
58503000;-4.9099774360656738281;-5
58515000;-4.9054970741271972656;-5
58526000;-4.9356465339660644531;-5
58538000;-4.9797348976135253906;-5
58550000;-4.9853959083557128906;-5
58562000;-4.9575963020324707031;-5
58573000;-4.9417428970336914062;-5
58585000;-4.9440493583679199219;-5
58596000;-4.956768035888671875;-5
58608000;-4.9716424942016601562;-5
58620000;-4.9683804512023925781;-5
58631000;-4.9533867835998535156;-5
58643000;-4.943904876708984375;-5
58655000;-4.9553155899047851562;-5
58667000;-4.9661755561828613281;-5
58678000;-4.9625992774963378906;-5
58690000;-4.9515328407287597656;-5
58701000;-4.9495267868041992188;-5
58713000;-4.953411102294921875;-5
58724000;-4.9621038436889648438;-5
58736000;-4.9581093788146972656;-5
58748000;-4.9503836631774902344;-5
58760000;-4.9494194984436035156;-5
58771000;-4.95236968994140625;-5
58783000;-4.9581046104431152344;-5
58794000;-4.9577689170837402344;-5
58805000;-4.9505591392517089844;-5
58817000;-4.9482159614562988281;-5
58828000;-4.9524030685424804688;-5
58841000;-4.95722198486328125;-5
58852000;-4.9563646316528320312;-5
58864000;-4.9531202316284179688;-5
58876000;-4.9513964653015136719;-5
58888000;-4.9558200836181640625;-5
58900000;-4.9601888656616210938;-5
58911000;-4.9597845077514648438;-5
58922000;-4.9566645622253417969;-5
58934000;-4.9526028633117675781;-5
58947000;-4.954792022705078125;-5
58958000;-4.9588522911071777344;-5
58970000;-4.9571652412414550781;-5
58982000;-4.9530506134033203125;-5
58994000;-4.95096588134765625;-5
59005000;-4.9490780830383300781;-5
59017000;-4.9512009620666503906;-5
59029000;-4.9535622596740722656;-5
59040000;-4.950862884521484375;-5
59052000;-4.9474015235900878906;-5
59063000;-4.9479384422302246094;-5
59075000;-4.9483876228332519531;-5
59086000;-4.9480357170104980469;-5
59098000;-4.9463291168212890625;-5
59109000;-4.9452228546142578125;-5
59121000;-4.946147918701171875;-5
59133000;-4.9477238655090332031;-5
59146000;-4.9479761123657226562;-5
59158000;-4.9475069046020507812;-5
59170000;-4.9440922737121582031;-5
59182000;-4.9460172653198242188;-5
59193000;-4.9468722343444824219;-5
59205000;-4.94738006591796875;-5
59216000;-4.9451079368591308594;-5
59227000;-4.9436678886413574219;-5
59239000;-4.9447541236877441406;-5
59251000;-4.9464778900146484375;-5
59263000;-4.9466733932495117188;-5
59275000;-4.9451646804809570312;-5
59287000;-4.9437565803527832031;-5
59298000;-4.9437937736511230469;-5
59309000;-4.9460859298706054688;-5
59321000;-4.9455943107604980469;-5
59334000;-4.9416432380676269531;-5
59346000;-4.94149017333984375;-5
59357000;-4.9422459602355957031;-5
59368000;-4.9435577392578125;-5
59380000;-4.9443831443786621094;-5
59392000;-4.9426517486572265625;-5
59403000;-4.9416856765747070312;-5
59415000;-4.9426097869873046875;-5
59427000;-4.9446563720703125;-5
59438000;-4.9432587623596191406;-5
59450000;-4.9421534538269042969;-5
59461000;-4.94029998779296875;-5
59473000;-4.9407501220703125;-5
59485000;-4.9395518302917480469;-5
59497000;-4.9411835670471191406;-5
59508000;-4.9390835762023925781;-5
59520000;-4.9387683868408203125;-5
59532000;-4.9395799636840820312;-5
59543000;-4.9399352073669433594;-5
59555000;-4.9410519599914550781;-5
59566000;-4.9400353431701660156;-5
59578000;-4.9407320022583007812;-5
59589000;-4.9401545524597167969;-5
59601000;-4.9406042098999023438;-5
59613000;-4.9419064521789550781;-5
59624000;-4.9408230781555175781;-5
59635000;-4.9403629302978515625;-5
59646000;-4.9419221878051757812;-5
59660000;-4.9426798820495605469;-5
59672000;-4.9415717124938964844;-5
59684000;-4.9419660568237304688;-5
59695000;-4.9423813819885253906;-5
59706000;-4.9420442581176757812;-5
59717000;-4.9441599845886230469;-5
59730000;-4.9433989524841308594;-5
59741000;-4.9432277679443359375;-5
59753000;-4.9441375732421875;-5
59764000;-4.942005157470703125;-5
59776000;-4.9427089691162109375;-5
59788000;-4.9425334930419921875;-5
59800000;-4.9406142234802246094;-5
59812000;-4.9423961639404296875;-5
59823000;-4.9417757987976074219;-5
59835000;-4.9418182373046875;-5
59846000;-4.9436078071594238281;-5
59858000;-4.9425616264343261719;-5
59870000;-4.9414529800415039062;-5
59882000;-4.9403481483459472656;-5
59893000;-4.9390959739685058594;-5
59905000;-4.9400053024291992188;-5
59917000;-4.9418320655822753906;-5
59929000;-4.9423298835754394531;-5
59941000;-4.9423403739929199219;-5
59953000;-4.9395780563354492188;-5
59966000;-4.9400205612182617188;-5
59977000;-4.9378991127014160156;-5
59989000;-4.9389438629150390625;-5
60001000;-4.9376630783081054688;-5
60013000;-4.9384245872497558594;-5
60024000;-4.9396243095397949219;-5
60036000;-4.9397406578063964844;-5
60049000;-4.9393711090087890625;-5
60060000;-4.941974639892578125;-5
60071000;-4.9433102607727050781;-5
60083000;-4.9422521591186523438;-5
60094000;-4.9424233436584472656;-5
60106000;-4.9403510093688964844;-5
60117000;-4.9402141571044921875;-5
60129000;-4.9375729560852050781;-5
60140000;-4.9404296875;-5
60151000;-4.9394445419311523438;-5
60164000;-4.9395537376403808594;-5
60177000;-4.9386553764343261719;-5
60189000;-4.939971923828125;-5
60200000;-4.9410867691040039062;-5
60212000;-4.9392104148864746094;-5
60224000;-4.9391465187072753906;-5
60235000;-4.9401097297668457031;-5
60246000;-4.9379978179931640625;-5
60258000;-4.9361438751220703125;-5
60271000;-4.9381122589111328125;-5
60284000;-4.9368958473205566406;-5
60295000;-4.9371399879455566406;-5
60306000;-4.9370684623718261719;-5
60318000;-4.9369006156921386719;-5
60330000;-4.9371190071105957031;-5
60341000;-4.9386935234069824219;-5
60353000;-4.9365434646606445312;-5
60365000;-4.9388375282287597656;-5
60376000;-4.9394216537475585938;-5
60388000;-4.940883636474609375;-5
60400000;-4.939662933349609375;5
60411000;-4.7302546501159667969;5
60424000;-2.1828882694244384766;5
60435000;0.6938298344612121582;5
60446000;3.9652791023254394531;5
60458000;5.492641448974609375;5
60470000;5.7580904960632324219;5
60482000;5.3855662345886230469;5
60494000;4.7037792205810546875;5
60506000;4.4466958045959472656;5
60517000;4.7185616493225097656;5
60529000;4.9442362785339355469;5
60540000;5.0272693634033203125;5
60551000;5.0649704933166503906;5
60563000;5.1000676155090332031;5
60575000;5.0094079971313476562;5
60587000;4.8731222152709960938;5
60599000;4.8266057968139648438;5
60610000;4.8988437652587890625;5
60621000;4.9927568435668945312;5
60633000;5.0378689765930175781;5
60644000;4.9966764450073242188;5
60656000;4.8927397727966308594;5
60667000;4.8468570709228515625;5
60678000;4.8975706100463867188;5
60690000;5.0075817108154296875;5
60702000;5.0378484725952148438;5
60713000;4.950153350830078125;5
60725000;4.8705883026123046875;5
60737000;4.8657550811767578125;5
60748000;4.9438152313232421875;5
60760000;5.0134601593017578125;5
60771000;5.0059065818786621094;5
60782000;4.9361667633056640625;5
60794000;4.8807854652404785156;5
60806000;4.8978228569030761719;5
60818000;4.9512352943420410156;5
60829000;4.9726357460021972656;5
60840000;4.9567823410034179688;5
60852000;4.926578521728515625;5
60864000;4.9239821434020996094;5
60876000;4.9347252845764160156;5
60888000;4.9414734840393066406;5
60900000;4.9446859359741210938;5
60912000;4.9412446022033691406;5
60924000;4.9366788864135742188;5
60936000;4.9298739433288574219;5
60947000;4.9239907264709472656;5
60958000;4.9360299110412597656;5
60971000;4.9460406303405761719;5
60982000;4.9425191879272460938;5
60994000;4.9333038330078125;5
61006000;4.9322223663330078125;5
61017000;4.9321718215942382812;5
61029000;4.9403753280639648438;5
61041000;4.939586639404296875;5
61053000;4.94013214111328125;5
61065000;4.9387536048889160156;5
61077000;4.9359707832336425781;5
61088000;4.9357767105102539062;5
61100000;4.9367136955261230469;5
61111000;4.9394345283508300781;5
61123000;4.9364252090454101562;5
61134000;4.9334497451782226562;5
61146000;4.9364461898803710938;5
61157000;4.9372186660766601562;5
61169000;4.938243865966796875;5
61181000;4.9411067962646484375;5
61193000;4.9400882720947265625;5
61204000;4.9384026527404785156;5
61216000;4.9387693405151367188;5
61227000;4.9375262260437011719;5
61238000;4.9400491714477539062;5
61250000;4.9402284622192382812;5
61261000;4.9377942085266113281;5
61273000;4.9383482933044433594;5
61284000;4.9371690750122070312;5
61296000;4.93947601318359375;5
61307000;4.9378285408020019531;5
61320000;4.9379901885986328125;5
61331000;4.9377155303955078125;5
61343000;4.9391436576843261719;5
61354000;4.9379968643188476562;5
61366000;4.9366555213928222656;5
61378000;4.9371461868286132812;5
61389000;4.9363083839416503906;5
61401000;4.9373617172241210938;5
61413000;4.9409952163696289062;5
61424000;4.9409093856811523438;5
61435000;4.9422898292541503906;5
61446000;4.941677093505859375;5
61458000;4.9434962272644042969;5
61470000;4.942356109619140625;5
61482000;4.9418301582336425781;5
61493000;4.9434885978698730469;5
61504000;4.9419627189636230469;5
61515000;4.9446902275085449219;5
61527000;4.9460940361022949219;5
61538000;4.9460749626159667969;5
61550000;4.945037841796875;5
61561000;4.9445896148681640625;5
61573000;4.9446249008178710938;5
61584000;4.9453411102294921875;5
61597000;4.9436821937561035156;5
61609000;4.9441828727722167969;5
61620000;4.946552276611328125;5
61632000;4.9449510574340820312;5
61644000;4.9443840980529785156;5
61656000;4.9449295997619628906;5
61667000;4.9431128501892089844;5
61678000;4.9440817832946777344;5
61690000;4.9435739517211914062;5
61702000;4.9420685768127441406;5
61713000;4.9418597221374511719;5
61726000;4.9391551017761230469;5
61737000;4.9407582283020019531;5
61748000;4.941253662109375;5
61759000;4.9380712509155273438;5
61770000;4.9402995109558105469;5
61783000;4.93689727783203125;5
61795000;4.9372668266296386719;5
61807000;4.9383287429809570312;5
61818000;4.9371433258056640625;5
61830000;4.9372401237487792969;5
61842000;4.9374027252197265625;5
61854000;4.9376959800720214844;5
61865000;4.9384598731994628906;5
61877000;4.9389376640319824219;5
61889000;4.9369993209838867188;5
61901000;4.9353823661804199219;5
61912000;4.9350371360778808594;5
61923000;4.9345116615295410156;5
61935000;4.9334053993225097656;5
61946000;4.9321475028991699219;5
61958000;4.9312286376953125;5
61970000;4.9312601089477539062;5
61982000;4.9304165840148925781;5
61993000;4.9314723014831542969;5
62004000;4.9323015213012695312;5
62016000;4.9319009780883789062;5
62028000;4.9313726425170898438;5
62039000;4.93060302734375;5
62050000;4.9311690330505371094;5
62062000;4.9295678138732910156;5
62073000;4.9308028221130371094;5
62084000;4.932399749755859375;5
62097000;4.9314160346984863281;5
62109000;4.9297184944152832031;5
62121000;4.9323863983154296875;5
62133000;4.9317965507507324219;5
62144000;4.9311227798461914062;5
62157000;4.9321579933166503906;5
62168000;4.9331026077270507812;5
62180000;4.9348025321960449219;5
62192000;4.9347596168518066406;5
62203000;4.9348359107971191406;5
62215000;4.9343609809875488281;5
62228000;4.9345364570617675781;5
62240000;4.935642242431640625;5
62253000;4.9351382255554199219;5
62265000;4.9356026649475097656;5
62276000;4.9363832473754882812;5
62288000;4.9351658821105957031;5
62300000;4.9355120658874511719;5
62311000;4.9346227645874023438;5
62322000;4.9351058006286621094;5
62333000;4.9344077110290527344;5
62345000;4.9354386329650878906;5
62356000;4.9345822334289550781;5
62368000;4.9351544380187988281;5
62380000;4.93337249755859375;5
62391000;4.9344434738159179688;5
62403000;4.933685302734375;5
62415000;4.9343996047973632812;5
62427000;4.9344716072082519531;5
62439000;4.9319028854370117188;5
62451000;4.9318222999572753906;5
62463000;4.9335002899169921875;5
62474000;4.9309802055358886719;5
62486000;4.9314084053039550781;5
62497000;4.9297552108764648438;5
62509000;4.9311223030090332031;5
62521000;4.9317803382873535156;5
62533000;4.9326128959655761719;5
62544000;4.9317812919616699219;5
62556000;4.933322906494140625;5
62568000;4.931179046630859375;5
62580000;4.9299864768981933594;5
62591000;4.9285173416137695312;5
62603000;4.9285597801208496094;5
62616000;4.9289875030517578125;5
62628000;4.9306941032409667969;5
62639000;4.9310793876647949219;5
62651000;4.9299898147583007812;5
62664000;4.9292855262756347656;5
62677000;4.9298853874206542969;5
62687000;4.9307389259338378906;5
62699000;4.9303731918334960938;5
62711000;4.9288153648376464844;5
62723000;4.9278097152709960938;5
62734000;4.9285902976989746094;5
62745000;4.9276094436645507812;5
62757000;4.9298996925354003906;5
62768000;4.9284310340881347656;5
62780000;4.9298586845397949219;5
62792000;4.9300022125244140625;5
62804000;4.9298434257507324219;5
62816000;4.9305372238159179688;5
62827000;4.9297780990600585938;5
62839000;4.9309597015380859375;5
62851000;4.9301815032958984375;5
62863000;4.9291186332702636719;5
62874000;4.9306163787841796875;5
62886000;4.9321980476379394531;5
62899000;4.9318704605102539062;5
62912000;4.8485274314880371094;-5
62924000;3.0732717514038085938;-5
62935000;-0.32369586825370788574;-5
62947000;-3.1889212131500244141;-5
62958000;-5.0641994476318359375;-5
62970000;-5.7825002670288085938;-5
62981000;-5.5396718978881835938;-5
62994000;-4.8272371292114257812;-5
63005000;-4.2764649391174316406;-5
63016000;-4.4145908355712890625;-5
63027000;-5.066959381103515625;-5
63039000;-5.2949838638305664062;-5
63050000;-5.0009427070617675781;-5
63062000;-4.6979303359985351562;-5
63074000;-4.699573516845703125;-5
63085000;-4.7987494468688964844;-5
63097000;-4.8880181312561035156;-5
63108000;-5.0192542076110839844;-5
63120000;-5.0805048942565917969;-5
63132000;-4.9922461509704589844;-5
63143000;-4.8638257980346679688;-5
63154000;-4.781982421875;-5
63166000;-4.8901724815368652344;-5
63177000;-5.0219378471374511719;-5
63189000;-5.0633187294006347656;-5
63201000;-4.9666090011596679688;-5
63212000;-4.8690052032470703125;-5
63224000;-4.798465728759765625;-5
63237000;-4.8428826332092285156;-5
63250000;-4.996471405029296875;-5
63261000;-5.0738015174865722656;-5
63273000;-4.9969897270202636719;-5
63285000;-4.8485274314880371094;-5
63296000;-4.7894558906555175781;-5
63307000;-4.8859782218933105469;-5
63318000;-4.9772686958312988281;-5
63330000;-5.037319183349609375;-5
63341000;-4.9708981513977050781;-5
63353000;-4.8798260688781738281;-5
63365000;-4.8359408378601074219;-5
63376000;-4.8759379386901855469;-5
63388000;-4.9778838157653808594;-5
63399000;-5.0311713218688964844;-5
63412000;-4.9716572761535644531;-5
63424000;-4.9059834480285644531;-5
63436000;-4.8768486976623535156;-5
63447000;-4.8925528526306152344;-5
63458000;-4.9636750221252441406;-5
63470000;-5.0182824134826660156;-5
63482000;-5.0012431144714355469;-5
63492000;-4.9401421546936035156;-5
63504000;-4.8972215652465820312;-5
63516000;-4.8922028541564941406;-5
63528000;-4.9288659095764160156;-5
63539000;-4.9857592582702636719;-5
63551000;-5.0300207138061523438;-5
63562000;-4.9804587364196777344;-5
63573000;-4.9087624549865722656;-5
63585000;-4.8852190971374511719;-5
63596000;-4.9059844017028808594;-5
63608000;-4.9733700752258300781;-5
63619000;-5.0236978530883789062;-5
63630000;-5.0210375785827636719;-5
63642000;-4.935344696044921875;-5
63653000;-4.8844380378723144531;-5
63666000;-4.8882293701171875;-5
63677000;-4.9529485702514648438;-5
63689000;-5.015735626220703125;-5
63702000;-5.0263876914978027344;-5
63714000;-4.94561004638671875;-5
63725000;-4.8961930274963378906;-5
63736000;-4.8790645599365234375;-5
63747000;-4.9155602455139160156;-5
63760000;-5.0005025863647460938;-5
63772000;-5.0371527671813964844;-5
63783000;-4.9863557815551757812;-5
63795000;-4.9099078178405761719;-5
63807000;-4.8792462348937988281;-5
63820000;-4.9279036521911621094;-5
63831000;-4.9999394416809082031;-5
63843000;-5.0367550849914550781;-5
63855000;-4.9930353164672851562;-5
63866000;-4.9178500175476074219;-5
63877000;-4.8852562904357910156;-5
63889000;-4.9093890190124511719;-5
63901000;-4.9697599411010742188;-5
63911000;-5.0289592742919921875;-5
63923000;-5.0177202224731445312;-5
63935000;-4.9504961967468261719;-5
63946000;-4.8957953453063964844;-5
63958000;-4.8921694755554199219;-5
63970000;-4.9510631561279296875;-5
63982000;-5.0182147026062011719;-5
63994000;-5.0353956222534179688;-5
64005000;-4.9624609947204589844;-5
64017000;-4.9106001853942871094;-5
64063000;-5.0431771278381347656;-5
64075000;-4.9994673728942871094;-5
64086000;-4.924182891845703125;-5
64098000;-4.8927869796752929688;-5
64110000;-4.92229461669921875;-5
64121000;-4.9939661026000976562;-5
64132000;-5.0377783775329589844;-5
64144000;-5.0200958251953125;-5
64156000;-4.9407444000244140625;-5
64167000;-4.9025940895080566406;-5
64178000;-4.902515411376953125;-5
64191000;-4.9626154899597167969;-5
64204000;-5.0375967025756835938;-5
64215000;-5.0386180877685546875;-5
64226000;-4.9602637290954589844;-5
64238000;-4.9063739776611328125;-5
64250000;-4.9016785621643066406;-5
64262000;-4.9607896804809570312;-5
64273000;-5.0260863304138183594;-5
64286000;-5.0422873497009277344;-5
64297000;-4.9800853729248046875;-5
64309000;-4.9155302047729492188;-5
64321000;-4.9003338813781738281;-5
64332000;-4.9427814483642578125;-5
64344000;-5.0151581764221191406;-5
64356000;-5.051914215087890625;-5
64367000;-5.0064907073974609375;-5
64378000;-4.9324517250061035156;-5
64390000;-4.8999133110046386719;-5
64402000;-4.9305043220520019531;-5
64414000;-4.9995036125183105469;-5
64426000;-5.0510730743408203125;-5
64437000;-5.0129723548889160156;-5
64449000;-4.9441280364990234375;-5
64460000;-4.9008207321166992188;-5
64472000;-4.9134006500244140625;-5
64484000;-4.9839644432067871094;-5
64495000;-5.0342602729797363281;-5
64507000;-5.0406212806701660156;-5
64518000;-4.9633512496948242188;-5
64530000;-4.9083347320556640625;-5
64541000;-4.8989310264587402344;-5
64553000;-4.9490151405334472656;-5
64566000;-5.0307011604309082031;-5
64577000;-5.0461902618408203125;-5
64590000;-4.9701709747314453125;-5
64602000;-4.9088082313537597656;-5
64614000;-4.90245819091796875;-5
64625000;-4.9495139122009277344;-5
64636000;-5.0205516815185546875;-5
64648000;-5.0506620407104492188;-5
64659000;-4.9815578460693359375;-5
64670000;-4.9249858856201171875;-5
64681000;-4.8982577323913574219;-5
64693000;-4.9259123802185058594;-5
64705000;-5.0080413818359375;-5
64718000;-5.052021026611328125;-5
64730000;-5.0006356239318847656;-5
64741000;-4.9248385429382324219;-5
64753000;-4.8966760635375976562;-5
64765000;-4.9246516227722167969;-5
64777000;-4.9970936775207519531;-5
64789000;-5.0484609603881835938;-5
64801000;-5.0126390457153320312;-5
64812000;-4.9351415634155273438;-5
64824000;-4.8991017341613769531;-5
64835000;-4.9148821830749511719;-5
64846000;-4.9845838546752929688;-5
64858000;-5.0445537567138671875;-5
64870000;-5.029987335205078125;-5
64881000;-4.9601216316223144531;-5
64892000;-4.9043855667114257812;-5
64903000;-4.9061694145202636719;-5
64915000;-4.9616637229919433594;-5
64926000;-5.0314121246337890625;-5
64942000;-5.0291876792907714844;-5
64954000;-4.944553375244140625;-5
64966000;-4.8997468948364257812;-5
64978000;-4.9186887741088867188;-5
64990000;-4.9907402992248535156;-5
65002000;-5.0479359626770019531;-5
65013000;-5.0254073143005371094;-5
65025000;-4.959331512451171875;-5
65036000;-4.9067592620849609375;-5
65047000;-4.9109463691711425781;-5
65058000;-4.9675993919372558594;-5
65070000;-5.0339994430541992188;-5
65081000;-5.0534491539001464844;-5
65093000;-4.9847841262817382812;-5
65104000;-4.9202218055725097656;-5
65116000;-4.9021010398864746094;-5
65128000;-4.9572730064392089844;-5
65140000;-5.0278978347778320312;-5
65152000;-5.0532174110412597656;-5
65163000;-4.983272552490234375;-5
65175000;-4.9267764091491699219;-5
65188000;-4.9035649299621582031;-5
65199000;-4.9602270126342773438;-5
65211000;-5.0287337303161621094;-5
65223000;-5.0510497093200683594;-5
65235000;-4.9970102310180664062;-5
65247000;-4.9197573661804199219;-5
65259000;-4.9039111137390136719;-5
65270000;-4.9506535530090332031;-5
65281000;-5.0105357170104980469;-5
65293000;-5.0511984825134277344;-5
65303000;-5.0110530853271484375;-5
65315000;-4.94948577880859375;-5
65326000;-4.9078679084777832031;-5
65338000;-4.9294323921203613281;-5
65350000;-4.999202728271484375;-5
65361000;-5.0450587272644042969;-5
65374000;-5.0249013900756835938;-5
65385000;-4.9580841064453125;-5
65396000;-4.9116964340209960938;-5
65408000;-4.9194931983947753906;5
65420000;-4.1096072196960449219;5
65431000;-1.4249280691146850586;5
65442000;1.4567208290100097656;5
65453000;4.3141393661499023438;5
65464000;5.3213486671447753906;5
65476000;5.5829901695251464844;5
65487000;5.3338084220886230469;5
65498000;4.7087106704711914062;5
65510000;4.4104318618774414062;5
65521000;4.6878614425659179688;5
65532000;4.9579753875732421875;5
65544000;5.05477142333984375;5
65556000;5.0840311050415039062;5
65567000;5.0949034690856933594;5
65580000;5.0143041610717773438;5
65592000;4.8733768463134765625;5
65603000;4.836811065673828125;5
65614000;4.9139838218688964844;5
65626000;5.0075840950012207031;5
65639000;5.0415248870849609375;5
65651000;4.98333740234375;5
65662000;4.8853631019592285156;5
65674000;4.8482871055603027344;5
65686000;4.9275107383728027344;5
65696000;5.0222034454345703125;5
65707000;5.0450649261474609375;5
65719000;4.96564483642578125;5
65731000;4.8698816299438476562;5
65742000;4.8800063133239746094;5
65754000;4.9608907699584960938;5
65766000;5.0171003341674804688;5
65778000;4.9909138679504394531;5
65789000;4.9180555343627929688;5
65801000;4.8886699676513671875;5
65813000;4.9185619354248046875;5
65824000;4.9621915817260742188;5
65835000;4.9681310653686523438;5
65847000;4.94891357421875;5
65859000;4.9328584671020507812;5
65871000;4.933933258056640625;5
65883000;4.9422845840454101562;5
65895000;4.942440032958984375;5
65907000;4.9453396797180175781;5
65918000;4.9446249008178710938;5
65930000;4.9363226890563964844;5
65942000;4.9281296730041503906;5
65953000;4.9304594993591308594;5
65965000;4.941303253173828125;5
65978000;4.9490113258361816406;5
65989000;4.9416942596435546875;5
66001000;4.9338335990905761719;5
66013000;4.9351658821105957031;5
66025000;4.9371905326843261719;5
66035000;4.9379568099975585938;5
66046000;4.9411664009094238281;5
66058000;4.9391455650329589844;5
66070000;4.9350986480712890625;5
66082000;4.93480682373046875;5
66094000;4.9371557235717773438;5
66106000;4.9386196136474609375;5
66117000;4.9371027946472167969;5
66129000;4.935047149658203125;5
66141000;4.9376883506774902344;5
66152000;4.93775177001953125;5
66164000;4.9388399124145507812;5
66175000;4.9390158653259277344;5
66187000;4.9394526481628417969;5
66199000;4.9395174980163574219;5
66210000;4.9402899742126464844;5
66221000;4.9403734207153320312;5
66233000;4.9380769729614257812;5
66244000;4.9402675628662109375;5
66255000;4.9385213851928710938;5
66267000;4.9376158714294433594;5
66278000;4.9367995262145996094;5
66290000;4.93840789794921875;5
66301000;4.9376683235168457031;5
66313000;4.9373416900634765625;5
66324000;4.9382996559143066406;5
66336000;4.935649871826171875;5
66347000;4.937786102294921875;5
66358000;4.9397020339965820312;5
66369000;4.9380588531494140625;5
66381000;4.9394102096557617188;5
66393000;4.9401950836181640625;5
66404000;4.9408550262451171875;5
66416000;4.9407892227172851562;5
66427000;4.9400992393493652344;5
66439000;4.9416508674621582031;5
66450000;4.9439473152160644531;5
66463000;4.9441089630126953125;5
66475000;4.9429416656494140625;5
66486000;4.9437069892883300781;5
66498000;4.9436817169189453125;5
66510000;4.9409265518188476562;5
66521000;4.9399595260620117188;5
66533000;4.9393372535705566406;5
66545000;4.9389462471008300781;5
66556000;4.9383745193481445312;5
66569000;4.9374127388000488281;5
66581000;4.9347739219665527344;5
66593000;4.9384012222290039062;5
66604000;4.9360337257385253906;5
66616000;4.9367847442626953125;5
66627000;4.9356870651245117188;5
66639000;4.9364471435546875;5
66650000;4.9356436729431152344;5
66662000;4.9385395050048828125;5
66674000;4.9382238388061523438;5
66686000;4.9372854232788085938;5
66697000;4.9371709823608398438;5
66708000;4.9391493797302246094;5
66719000;4.9380645751953125;5
66732000;4.9380421638488769531;5
66743000;4.9385395050048828125;5
66756000;4.9371867179870605469;5
66767000;4.9392747879028320312;5
66778000;4.9371881484985351562;5
66790000;4.9365835189819335938;5
66801000;4.9365515708923339844;5
66813000;4.9384341239929199219;5
66824000;4.9400563240051269531;5
66836000;4.9378566741943359375;5
66848000;4.9367833137512207031;5
66860000;4.9361600875854492188;5
66872000;4.9352793693542480469;5
66883000;4.93651580810546875;5
66894000;4.9373950958251953125;5
66906000;4.9366564750671386719;5
66918000;4.9362025260925292969;5
66929000;4.9352383613586425781;5
66941000;4.9359354972839355469;5
66953000;4.9382104873657226562;5
66966000;4.9376797676086425781;5
66978000;4.9381055831909179688;5
66990000;4.93671417236328125;5
67001000;4.9365611076354980469;5
67013000;4.9375734329223632812;5
67025000;4.9385976791381835938;5
67036000;4.9367170333862304688;5
67047000;4.9388151168823242188;5
67059000;4.9362268447875976562;5
67072000;4.9357810020446777344;5
67084000;4.9351048469543457031;5
67094000;4.9362545013427734375;5
67107000;4.9350986480712890625;5
67118000;4.9357080459594726562;5
67130000;4.9357724189758300781;5
67142000;4.9345726966857910156;5
67154000;4.935497283935546875;5
67166000;4.9341287612915039062;5
67177000;4.9337229728698730469;5
67189000;4.9329967498779296875;5
67201000;4.9331221580505371094;5
67212000;4.9337563514709472656;5
67224000;4.9332284927368164062;5
67236000;4.9356174468994140625;5
67247000;4.9355611801147460938;5
67259000;4.9350962638854980469;5
67271000;4.9350337982177734375;5
67283000;4.9374289512634277344;5
67295000;4.9366650581359863281;5
67307000;4.9387030601501464844;5
67318000;4.936695098876953125;5
67330000;4.9354872703552246094;5
67342000;4.9361782073974609375;5
67355000;4.9348306655883789062;5
67367000;4.9354348182678222656;5
67380000;4.9339990615844726562;5
67392000;4.9345417022705078125;5
67403000;4.9339585304260253906;5
67415000;4.9348368644714355469;5
67427000;4.9378957748413085938;5
67438000;4.9373831748962402344;5
67450000;4.9386372566223144531;5
67460000;4.9370083808898925781;5
67473000;4.9371118545532226562;5
67484000;4.9378938674926757812;5
67496000;4.9378671646118164062;5
67507000;4.9396862983703613281;5
67519000;4.9411764144897460938;5
67532000;4.9395174980163574219;5
67543000;4.9403834342956542969;5
67555000;4.9389104843139648438;5
67567000;4.9412078857421875;5
67579000;4.9396448135375976562;5
67591000;4.9403395652770996094;5
67603000;4.9408240318298339844;5
67614000;4.9383769035339355469;5
67626000;4.9356932640075683594;5
67638000;4.9367341995239257812;5
67651000;4.9348573684692382812;5
67662000;4.9372453689575195312;5
67674000;4.9363293647766113281;5
67685000;4.9363374710083007812;5
67697000;4.9372682571411132812;5
67709000;4.940700531005859375;5
67721000;4.9407892227172851562;5
67733000;4.9394330978393554688;5
67744000;4.9393973350524902344;5
67755000;4.937740325927734375;5
67767000;4.9394240379333496094;5
67778000;4.9397335052490234375;5
67791000;4.9404039382934570312;5
67802000;4.9403252601623535156;5
67814000;4.9400110244750976562;5
67826000;4.9403357505798339844;5
67837000;4.9408483505249023438;5
67848000;4.9412441253662109375;5
67859000;4.940673828125;5
67871000;4.9396219253540039062;5
67883000;4.9415826797485351562;5
67895000;4.9416780471801757812;5
67906000;4.9425425529479980469;-5
67919000;4.2611761093139648438;-5
67931000;1.4285782575607299805;-5
67943000;-1.5524394512176513672;-5
67954000;-4.3632078170776367188;-5
67965000;-5.5828194618225097656;-5
67978000;-5.7514815330505371094;-5
67989000;-5.1795725822448730469;-5
68003000;-4.4360232353210449219;-5
68014000;-4.2651953697204589844;-5
68026000;-4.8128333091735839844;-5
68038000;-5.3041243553161621094;-5
68049000;-5.071685791015625;-5
68060000;-4.7740797996520996094;-5
68071000;-4.6503934860229492188;-5
68082000;-4.7325081825256347656;-5
68095000;-4.8276286125183105469;-5
68106000;-4.9598574638366699219;-5
68118000;-5.075336456298828125;-5
68128000;-5.0452489852905273438;-5
68140000;-4.8962988853454589844;-5
68153000;-4.7684950828552246094;-5
68165000;-4.825347900390625;-5
68177000;-4.9876914024353027344;-5
68188000;-5.0566906929016113281;-5
68199000;-4.9867401123046875;-5
68210000;-4.9023137092590332031;-5
68222000;-4.8165650367736816406;-5
68233000;-4.7945590019226074219;-5
68244000;-4.885684967041015625;-5
68256000;-5.0263223648071289062;-5
68267000;-5.0733041763305664062;-5
68279000;-4.9284086227416992188;-5
68291000;-4.8251695632934570312;-5
68302000;-4.8114476203918457031;-5
68315000;-4.9316339492797851562;-5
68327000;-5.0245037078857421875;-5
68338000;-5.0276007652282714844;-5
68350000;-4.9266448020935058594;-5
68361000;-4.852863311767578125;-5
68373000;-4.84149169921875;-5
68385000;-4.9376769065856933594;-5
68397000;-5.0162291526794433594;-5
68408000;-5.0113844871520996094;-5
68420000;-4.9353265762329101562;-5
68433000;-4.8821835517883300781;-5
68444000;-4.8757224082946777344;-5
68455000;-4.9175157546997070312;-5
68467000;-4.9692831039428710938;-5
68477000;-5.0056128501892089844;-5
68489000;-4.9543204307556152344;-5
68500000;-4.9137234687805175781;-5
68512000;-4.8961958885192871094;-5
68523000;-4.9036049842834472656;-5
68533000;-4.9319791793823242188;-5
68545000;-4.969818115234375;-5
68556000;-4.9660959243774414062;-5
68568000;-4.9398975372314453125;-5
68580000;-4.9292278289794921875;-5
68593000;-4.93701171875;-5
68604000;-4.9529643058776855469;-5
68616000;-4.9613046646118164062;-5
68628000;-4.9499273300170898438;-5
68640000;-4.9352970123291015625;-5
68651000;-4.941318511962890625;-5
68663000;-4.9554986953735351562;-5
68674000;-4.9637665748596191406;-5
68686000;-4.9539384841918945312;-5
68697000;-4.9461970329284667969;-5
68710000;-4.9513416290283203125;-5
68721000;-4.9587163925170898438;-5
68733000;-4.9607601165771484375;-5
68744000;-4.9553050994873046875;-5
68756000;-4.9509420394897460938;-5
68767000;-4.9531393051147460938;-5
68779000;-4.9597792625427246094;-5
68790000;-4.9614491462707519531;-5
68801000;-4.9585146903991699219;-5
68813000;-4.9508113861083984375;-5
68824000;-4.9507308006286621094;-5
68836000;-4.9575266838073730469;-5
68847000;-4.95839691162109375;-5
68858000;-4.9562053680419921875;-5
68869000;-4.9517164230346679688;-5
68881000;-4.9513092041015625;-5
68893000;-4.9533762931823730469;-5
68905000;-4.9594030380249023438;-5
68916000;-4.9576864242553710938;-5
68929000;-4.9551982879638671875;-5
68941000;-4.9543728828430175781;-5
68953000;-4.9575138092041015625;-5
68965000;-4.9588031768798828125;-5
68977000;-4.9574565887451171875;-5
68988000;-4.9548892974853515625;-5
69000000;-4.9536404609680175781;-5
69011000;-4.9531145095825195312;-5
69023000;-4.9558506011962890625;-5
69035000;-4.95629119873046875;-5
69047000;-4.9532389640808105469;-5
69058000;-4.9524197578430175781;-5
69069000;-4.9553904533386230469;-5
69080000;-4.9547028541564941406;-5
69092000;-4.9575200080871582031;-5
69104000;-4.9555644989013671875;-5
69115000;-4.9538335800170898438;-5
69127000;-4.9524998664855957031;-5
69138000;-4.953975677490234375;-5
69150000;-4.9530544281005859375;-5
69161000;-4.9508481025695800781;-5
69173000;-4.9494161605834960938;-5
69184000;-4.9479160308837890625;-5
69196000;-4.9503374099731445312;-5
69207000;-4.9495191574096679688;-5
69219000;-4.9486598968505859375;-5
69231000;-4.9478068351745605469;-5
69243000;-4.9480714797973632812;-5
69254000;-4.9494500160217285156;-5
69265000;-4.9483456611633300781;-5
69277000;-4.9484462738037109375;-5
69288000;-4.9479022026062011719;-5
69299000;-4.9464497566223144531;-5
69311000;-4.948398590087890625;-5
69322000;-4.9496946334838867188;-5
69333000;-4.9466409683227539062;-5
69345000;-4.9452967643737792969;-5
69356000;-4.9467616081237792969;-5
69368000;-4.9474358558654785156;-5
69380000;-4.9472932815551757812;-5
69391000;-4.9461688995361328125;-5
69403000;-4.9468140602111816406;-5
69414000;-4.9488434791564941406;-5
69425000;-4.9485034942626953125;-5
69436000;-4.9482717514038085938;-5
69448000;-4.9485025405883789062;-5
69460000;-4.9496526718139648438;-5
69470000;-4.9490718841552734375;-5
69482000;-4.9498949050903320312;-5
69494000;-4.949604034423828125;-5
69506000;-4.9496059417724609375;-5
69517000;-4.9495859146118164062;-5
69528000;-4.9485416412353515625;-5
69541000;-4.9478282928466796875;-5
69552000;-4.9468364715576171875;-5
69564000;-4.9459033012390136719;-5
69577000;-4.9464707374572753906;-5
69589000;-4.9463176727294921875;-5
69600000;-4.9437437057495117188;-5
69612000;-4.9444794654846191406;-5
69624000;-4.9435882568359375;-5
69635000;-4.9439487457275390625;-5
69647000;-4.9432764053344726562;-5
69658000;-4.9427957534790039062;-5
69670000;-4.9416513442993164062;-5
69681000;-4.9389252662658691406;-5
69693000;-4.9384808540344238281;-5
69706000;-4.9369416236877441406;-5
69718000;-4.9380917549133300781;-5
69729000;-4.9368963241577148438;-5
69740000;-4.9342088699340820312;-5
69752000;-4.9337878227233886719;-5
69764000;-4.9355487823486328125;-5
69776000;-4.9379849433898925781;-5
69787000;-4.9368953704833984375;-5
69798000;-4.9373826980590820312;-5
69810000;-4.9383873939514160156;-5
69821000;-4.9384036064147949219;-5
69833000;-4.9378104209899902344;-5
69845000;-4.9380002021789550781;-5
69857000;-4.9356188774108886719;-5
69868000;-4.9362072944641113281;-5
69880000;-4.9354777336120605469;-5
69891000;-4.9352321624755859375;-5
69902000;-4.9344835281372070312;-5
69914000;-4.9326629638671875;-5
69926000;-4.9341630935668945312;-5
69937000;-4.9337363243103027344;-5
69948000;-4.9328360557556152344;-5
69959000;-4.931598663330078125;-5
69971000;-4.9284381866455078125;-5
69983000;-4.9311337471008300781;-5
69994000;-4.9304184913635253906;-5
70007000;-4.9292244911193847656;-5
70018000;-4.9296741485595703125;-5
70030000;-4.9279346466064453125;-5
70042000;-4.9277582168579101562;-5
70054000;-4.9281492233276367188;-5
70066000;-4.9266486167907714844;-5
70077000;-4.9279093742370605469;-5
70089000;-4.9293551445007324219;-5
70100000;-4.9287514686584472656;-5
70111000;-4.9293336868286132812;-5
70123000;-4.9307279586791992188;-5
70135000;-4.9291348457336425781;-5
70147000;-4.9288830757141113281;-5
70159000;-4.9310741424560546875;-5
70170000;-4.9326543807983398438;-5
70181000;-4.933013916015625;-5
70191000;-4.9335107803344726562;-5
70204000;-4.9316124916076660156;-5
70215000;-4.930599212646484375;-5
70227000;-4.9315829277038574219;-5
70239000;-4.930736541748046875;-5
70251000;-4.9315776824951171875;-5
70262000;-4.9320278167724609375;-5
70274000;-4.9305734634399414062;-5
70286000;-4.9278554916381835938;-5
70298000;-4.92955780029296875;-5
70309000;-4.9295039176940917969;-5
70321000;-4.9305562973022460938;-5
70334000;-4.92724609375;-5
70345000;-4.9293203353881835938;-5
70356000;-4.93225860595703125;-5
70369000;-4.9317688941955566406;-5
70380000;-4.9299287796020507812;-5
70391000;-4.9283428192138671875;-5
70403000;-4.9297199249267578125;-5
70415000;-4.7216815948486328125;5
70427000;-2.6927032470703125;5
70439000;0.10207699984312057495;5
70450000;3.5150406360626220703;5
70462000;5.3416352272033691406;5
70473000;5.7560324668884277344;5
70485000;5.5161089897155761719;5
70497000;4.823650360107421875;5
70509000;4.4353404045104980469;5
70521000;4.6556220054626464844;5
70533000;4.928966522216796875;5
70544000;5.0232944488525390625;5
70555000;5.0539379119873046875;5
70567000;5.0816183090209960938;5
70578000;5.0384311676025390625;5
70590000;4.8907728195190429688;5
70601000;4.8189797401428222656;5
70614000;4.8811588287353515625;5
70625000;4.9798831939697265625;5
70637000;5.0191626548767089844;5
70649000;4.9858412742614746094;5
70660000;4.9033818244934082031;5
70671000;4.8542737960815429688;5
70682000;4.88701629638671875;5
70694000;4.9910817146301269531;5
70705000;5.0325713157653808594;5
70717000;4.9743127822875976562;5
70728000;4.8778944015502929688;5
70741000;4.86809539794921875;5
70752000;4.9400510787963867188;5
70763000;5.0043001174926757812;5
70775000;4.9927630424499511719;5
70787000;4.9251971244812011719;5
70799000;4.8773303031921386719;5
70811000;4.9009342193603515625;5
70824000;4.95794677734375;5
70835000;4.97594451904296875;5
70846000;4.9545044898986816406;5
70857000;4.9259476661682128906;5
70870000;4.9215245246887207031;5
70881000;4.9364748001098632812;5
70893000;4.9456391334533691406;5
70905000;4.9436397552490234375;5
70916000;4.9426326751708984375;5
70927000;4.9382038116455078125;5
70939000;4.937343597412109375;5
70951000;4.9343423843383789062;5
70962000;4.9391207695007324219;5
70973000;4.9453907012939453125;5
70986000;4.9439949989318847656;5
70997000;4.9391341209411621094;5
71009000;4.9369869232177734375;5
71021000;4.9368696212768554688;5
71033000;4.9417347908020019531;5
71046000;4.943462371826171875;5
71058000;4.9411296844482421875;5
71070000;4.9421300888061523438;5
71081000;4.9400606155395507812;5
71093000;4.9361720085144042969;5
71105000;4.9383001327514648438;5
71117000;4.93994140625;5
71128000;4.9425864219665527344;5
71140000;4.9394392967224121094;5
71151000;4.9374666213989257812;5
71162000;4.9395365715026855469;5
71174000;4.9404754638671875;5
71186000;4.9428486824035644531;5
71197000;4.9461684226989746094;5
71209000;4.9426059722900390625;5
71220000;4.9406118392944335938;5
71231000;4.9418487548828125;5
71243000;4.9449963569641113281;5
71254000;4.946529388427734375;5
71266000;4.9454336166381835938;5
71277000;4.9445319175720214844;5
71289000;4.9454216957092285156;5
71300000;4.9439830780029296875;5
71312000;4.9456133842468261719;5
71324000;4.9445829391479492188;5
71335000;4.9462704658508300781;5
71346000;4.9442572593688964844;5
71357000;4.9440288543701171875;5
71368000;4.9450674057006835938;5
71379000;4.9441394805908203125;5
71391000;4.9439969062805175781;5
71403000;4.9442763328552246094;5
71414000;4.9452452659606933594;5
71426000;4.9456591606140136719;5
71437000;4.9481410980224609375;5
71449000;4.9460539817810058594;5
71461000;4.9447960853576660156;5
71473000;4.9451656341552734375;5
71485000;4.946956634521484375;5
71496000;4.9470105171203613281;5
71509000;4.9451837539672851562;5
71520000;4.94445037841796875;5
71531000;4.9451780319213867188;5
71543000;4.9461498260498046875;5
71555000;4.9448022842407226562;5
71566000;4.9455976486206054688;5
71579000;4.9442725181579589844;5
71590000;4.9430065155029296875;5
71601000;4.9424357414245605469;5
71614000;4.9438562393188476562;5
71625000;4.9433727264404296875;5
71637000;4.9427633285522460938;5
71648000;4.9412302970886230469;5
71660000;4.942066192626953125;5
71672000;4.9406752586364746094;5
71683000;4.9417529106140136719;5
71694000;4.9414134025573730469;5
71705000;4.9418740272521972656;5
71716000;4.9438700675964355469;5
71727000;4.9424724578857421875;5
71738000;4.9449801445007324219;5
71750000;4.9429187774658203125;5
71762000;4.9427289962768554688;5
71773000;4.9413967132568359375;5
71785000;4.9439983367919921875;5
71797000;4.9417257308959960938;5
71808000;4.9458022117614746094;5
71820000;4.9457044601440429688;5
71831000;4.9450674057006835938;5
71843000;4.9456510543823242188;5
71856000;4.9436154365539550781;5
71868000;4.9427933692932128906;5
71879000;4.9417424201965332031;5
71891000;4.9429168701171875;5
71903000;4.9439358711242675781;5
71913000;4.9427495002746582031;5
71925000;4.9445013999938964844;5
71936000;4.9447455406188964844;5
71948000;4.9448785781860351562;5
71959000;4.9440603256225585938;5
71970000;4.9434733390808105469;5
71982000;4.9449534416198730469;5
71993000;4.945552825927734375;5
72004000;4.9431414604187011719;5
72016000;4.9438824653625488281;5
72028000;4.9441685676574707031;5
72040000;4.9454712867736816406;5
72052000;4.9463725090026855469;5
72063000;4.9461970329284667969;5
72075000;4.9454064369201660156;5
72087000;4.9455776214599609375;5
72098000;4.9443578720092773438;5
72109000;4.9454178810119628906;5
72121000;4.9425845146179199219;5
72133000;4.9438934326171875;5
72143000;4.9453673362731933594;5
72155000;4.9437303543090820312;5
72167000;4.9439892768859863281;5
72178000;4.9427437782287597656;5
72189000;4.9405221939086914062;5
72201000;4.939479827880859375;5
72212000;4.9393563270568847656;5
72224000;4.9414181709289550781;5
72235000;4.9410867691040039062;5
72247000;4.9417023658752441406;5
72259000;4.9420766830444335938;5
72270000;4.9430298805236816406;5
72282000;4.9427585601806640625;5
72294000;4.9432382583618164062;5
72306000;4.9428052902221679688;5
72317000;4.9445443153381347656;5
72328000;4.9467868804931640625;5
72340000;4.9467778205871582031;5
72351000;4.9461793899536132812;5
72362000;4.9465913772583007812;5
72374000;4.9479393959045410156;5
72386000;4.9491066932678222656;5
72397000;4.9476718902587890625;5
72409000;4.9450440406799316406;5
72420000;4.9456834793090820312;5
72432000;4.9440336227416992188;5
72443000;4.9408245086669921875;5
72455000;4.9404687881469726562;5
72467000;4.9405550956726074219;5
72479000;4.9393792152404785156;5
72491000;4.939434051513671875;5
72502000;4.9400529861450195312;5
72514000;4.9377284049987792969;5
72527000;4.9369931221008300781;5
72538000;4.9385132789611816406;5
72549000;4.9392099380493164062;5
72561000;4.9395766258239746094;5
72573000;4.9425253868103027344;5
72585000;4.941680908203125;5
72596000;4.9408464431762695312;5
72608000;4.9421892166137695312;5
72619000;4.9417033195495605469;5
72631000;4.9366497993469238281;5
72643000;4.9383168220520019531;5
72654000;4.939483642578125;5
72666000;4.9408545494079589844;5
72679000;4.9421219825744628906;5
72690000;4.9430446624755859375;5
72702000;4.9417595863342285156;5
72713000;4.9409661293029785156;5
72725000;4.9394555091857910156;5
72737000;4.9399199485778808594;5
72748000;4.9422488212585449219;5
72760000;4.9421315193176269531;5
72771000;4.9421000480651855469;5
72783000;4.9425115585327148438;5
72795000;4.9436082839965820312;5
72807000;4.9423232078552246094;5
72819000;4.9409260749816894531;5
72832000;4.93949127197265625;5
72843000;4.9384045600891113281;5
72855000;4.9381241798400878906;5
72867000;4.9400014877319335938;5
72879000;4.9403162002563476562;5
72890000;4.9408626556396484375;5
72903000;4.939701080322265625;5
72915000;4.9234895706176757812;-5
72927000;3.9321374893188476562;-5
72938000;0.86432099342346191406;-5
72950000;-2.6769843101501464844;-5
72961000;-4.90483856201171875;-5
72973000;-5.7562155723571777344;-5
72984000;-5.7080292701721191406;-5
72996000;-5.078250885009765625;-5
73008000;-4.3446650505065917969;-5
73019000;-4.2515954971313476562;-5
73030000;-4.8099083900451660156;-5
73042000;-5.3109707832336425781;-5
73054000;-5.0801916122436523438;-5
73065000;-4.7441906929016113281;-5
73077000;-4.6713161468505859375;-5
73088000;-4.7694678306579589844;-5
73099000;-4.8552250862121582031;-5
73111000;-4.9905972480773925781;-5
73123000;-5.0848050117492675781;-5
73135000;-5.00774383544921875;-5
73147000;-4.877643585205078125;-5
73158000;-4.7769804000854492188;-5
73169000;-4.8365917205810546875;-5
73180000;-4.9879140853881835938;-5
73191000;-5.0548262596130371094;-5
73203000;-4.9825472831726074219;-5
73214000;-4.9150266647338867188;-5
73224000;-4.8394527435302734375;-5
73235000;-4.7783956527709960938;-5
73247000;-4.8812499046325683594;-5
73259000;-5.0312619209289550781;-5
73271000;-5.0756063461303710938;-5
73283000;-4.9614105224609375;-5
73294000;-4.84711456298828125;-5
73306000;-4.8237748146057128906;-5
73318000;-4.9202170372009277344;-5
73329000;-5.0226206779479980469;-5
73340000;-5.0505666732788085938;-5
73352000;-4.9574704170227050781;-5
73364000;-4.8633317947387695312;-5
73375000;-4.8489460945129394531;-5
73386000;-4.9158163070678710938;-5
73398000;-5.0019512176513671875;-5
73410000;-5.0288605690002441406;-5
73421000;-4.9590744972229003906;-5
73432000;-4.9058470726013183594;-5
73445000;-4.8840460777282714844;-5
73457000;-4.9100360870361328125;-5
73468000;-4.9690241813659667969;-5
73480000;-5.0052447319030761719;-5
73491000;-4.970226287841796875;-5
73503000;-4.9311819076538085938;-5
73515000;-4.9175262451171875;-5
73526000;-4.9260053634643554688;-5
73538000;-4.958171844482421875;-5
73550000;-4.9779257774353027344;-5
73561000;-4.9654026031494140625;-5
73572000;-4.9442238807678222656;-5
73584000;-4.939136505126953125;-5
73595000;-4.9481039047241210938;-5
73607000;-4.9607453346252441406;-5
73618000;-4.96572113037109375;-5
73630000;-4.9520235061645507812;-5
73641000;-4.9385161399841308594;-5
73653000;-4.9468321800231933594;-5
73664000;-4.9593963623046875;-5
73676000;-4.9634532928466796875;-5
73688000;-4.9546341896057128906;-5
73699000;-4.9451985359191894531;-5
73711000;-4.9483995437622070312;-5
73723000;-4.9580435752868652344;-5
73734000;-4.9586300849914550781;-5
73746000;-4.9497008323669433594;-5
73757000;-4.9457578659057617188;-5
73768000;-4.94939422607421875;-5
73780000;-4.9532470703125;-5
73791000;-4.954723358154296875;-5
73802000;-4.9520854949951171875;-5
73813000;-4.945339202880859375;-5
73825000;-4.9471979141235351562;-5
73837000;-4.9509730339050292969;-5
73848000;-4.9545536041259765625;-5
73861000;-4.9520120620727539062;-5
73873000;-4.9481205940246582031;-5
73885000;-4.9481205940246582031;-5
73896000;-4.9536986351013183594;-5
73908000;-4.9596490859985351562;-5
73919000;-4.9570240974426269531;-5
73930000;-4.9529790878295898438;-5
73941000;-4.9508595466613769531;-5
73954000;-4.953136444091796875;-5
73965000;-4.9576234817504882812;-5
73977000;-4.9565553665161132812;-5
73988000;-4.9539790153503417969;-5
73999000;-4.9508752822875976562;-5
74011000;-4.9510898590087890625;-5
74023000;-4.9540691375732421875;-5
74034000;-4.9511003494262695312;-5
74046000;-4.9486584663391113281;-5
74058000;-4.9461140632629394531;-5
74071000;-4.9463610649108886719;-5
74082000;-4.9496607780456542969;-5
74095000;-4.9495153427124023438;-5
74106000;-4.9493560791015625;-5
74117000;-4.9490327835083007812;-5
74129000;-4.9495873451232910156;-5
74140000;-4.95189666748046875;-5
74151000;-4.9533181190490722656;-5
74163000;-4.9528036117553710938;-5
74175000;-4.9510145187377929688;-5
74186000;-4.9483084678649902344;-5
74197000;-4.9480805397033691406;-5
74209000;-4.9474520683288574219;-5
74221000;-4.9447546005249023438;-5
74233000;-4.94416046142578125;-5
74245000;-4.94501495361328125;-5
74256000;-4.9424886703491210938;-5
74268000;-4.9398555755615234375;-5
74279000;-4.9408817291259765625;-5
74291000;-4.9389491081237792969;-5
74302000;-4.9387865066528320312;-5
74314000;-4.9395623207092285156;-5
74326000;-4.9410729408264160156;-5
74337000;-4.9405193328857421875;-5
74348000;-4.9416818618774414062;-5
74360000;-4.942584991455078125;-5
74371000;-4.941318511962890625;-5
74384000;-4.9434967041015625;-5
74396000;-4.9427876472473144531;-5
74407000;-4.9423074722290039062;-5
74418000;-4.9426188468933105469;-5
74429000;-4.9452500343322753906;-5
74440000;-4.9440894126892089844;-5
74452000;-4.9432926177978515625;-5
74464000;-4.9435586929321289062;-5
74476000;-4.9444355964660644531;-5
74487000;-4.9459104537963867188;-5
74499000;-4.9449830055236816406;-5
74510000;-4.9446015357971191406;-5
74522000;-4.9450335502624511719;-5
74534000;-4.9440898895263671875;-5
74547000;-4.9450473785400390625;-5
74558000;-4.9455065727233886719;-5
74571000;-4.94486236572265625;-5
74582000;-4.9435682296752929688;-5
74593000;-4.9442219734191894531;-5
74605000;-4.9450540542602539062;-5
74616000;-4.9456963539123535156;-5
74628000;-4.9452981948852539062;-5
74639000;-4.9462580680847167969;-5
74650000;-4.9456720352172851562;-5
74661000;-4.9459695816040039062;-5
74673000;-4.9470868110656738281;-5
74683000;-4.9475488662719726562;-5
74695000;-4.9450712203979492188;-5
74706000;-4.9441552162170410156;-5
74717000;-4.9452362060546875;-5
74729000;-4.9444556236267089844;-5
74740000;-4.946277618408203125;-5
74753000;-4.9451088905334472656;-5
74764000;-4.9455628395080566406;-5
74776000;-4.9453043937683105469;-5
74787000;-4.9465198516845703125;-5
74798000;-4.9445109367370605469;-5
74810000;-4.9428954124450683594;-5
74821000;-4.9432783126831054688;-5
74832000;-4.9431271553039550781;-5
74844000;-4.9419116973876953125;-5
74855000;-4.9424486160278320312;-5
74866000;-4.9437584877014160156;-5
74878000;-4.9449796676635742188;-5
74889000;-4.9439229965209960938;-5
74900000;-4.9436159133911132812;-5
74911000;-4.9429883956909179688;-5
74923000;-4.9405908584594726562;-5
74935000;-4.9409856796264648438;-5
74945000;-4.9427227973937988281;-5
74956000;-4.9431729316711425781;-5
74968000;-4.9442415237426757812;-5
74979000;-4.9426422119140625;-5
74991000;-4.9434695243835449219;-5
75002000;-4.9436182975769042969;-5
75014000;-4.9439077377319335938;-5
75026000;-4.94568634033203125;-5
75038000;-4.9452204704284667969;-5
75049000;-4.9460840225219726562;-5
75061000;-4.9453673362731933594;-5
75073000;-4.9443411827087402344;-5
75085000;-4.9446363449096679688;-5
75097000;-4.9450078010559082031;-5
75109000;-4.9437680244445800781;-5
75119000;-4.9435796737670898438;-5
75130000;-4.9450716972351074219;-5
75142000;-4.9433641433715820312;-5
75155000;-4.9449911117553710938;-5
75167000;-4.946624755859375;-5
75178000;-4.9453630447387695312;-5
75190000;-4.9458460807800292969;-5
75201000;-4.9467144012451171875;-5
75212000;-4.947021484375;-5
75224000;-4.9451403617858886719;-5
75235000;-4.9464654922485351562;-5
75248000;-4.9467010498046875;-5
75259000;-4.9466214179992675781;-5
75270000;-4.9512939453125;-5
75282000;-4.9501295089721679688;-5
75293000;-4.9490680694580078125;-5
75305000;-4.9490408897399902344;-5
75318000;-4.9503960609436035156;-5
75329000;-4.9510283470153808594;-5
75341000;-4.9519467353820800781;-5
75353000;-4.9513492584228515625;-5
75366000;-4.953639984130859375;-5
75377000;-4.9537868499755859375;-5
75389000;-4.9529933929443359375;-5
75400000;-4.9523725509643554688;-5
75411000;-4.9539203643798828125;5
75423000;-4.2640624046325683594;5
75434000;-1.666379094123840332;5
75446000;1.8674100637435913086;5
75457000;4.6448659896850585938;5
75469000;5.6092739105224609375;5
75482000;5.6798639297485351562;5
75493000;5.1797952651977539062;5
75505000;4.5101709365844726562;5
75517000;4.4716582298278808594;5
75528000;4.8183689117431640625;5
75540000;4.9913702011108398438;5
75551000;5.0423398017883300781;5
75563000;5.0682034492492675781;5
75575000;5.08121490478515625;5
75588000;4.949001312255859375;5
75599000;4.8316731452941894531;5
75611000;4.8335919380187988281;5
75622000;4.9367604255676269531;5
75633000;5.0069589614868164062;5
75645000;5.0109777450561523438;5
75656000;4.9408860206604003906;5
75668000;4.8646731376647949219;5
75679000;4.8571414947509765625;5
75691000;4.9553599357604980469;5
75702000;5.0268883705139160156;5
75713000;5.0034232139587402344;5
75726000;4.9041280746459960938;5
75737000;4.8585867881774902344;5
75748000;4.89756011962890625;5
75762000;4.9885625839233398438;5
75774000;5.0035753250122070312;5
75786000;4.9478144645690917969;5
75797000;4.8897814750671386719;5
75810000;4.88912200927734375;5
75822000;4.9413037300109863281;5
75834000;4.9730591773986816406;5
75845000;4.957550048828125;5
75857000;4.9266510009765625;5
75868000;4.9180951118469238281;5
75880000;4.9301104545593261719;5
75892000;4.9447460174560546875;5
75904000;4.9475722312927246094;5
75915000;4.9452056884765625;5
75927000;4.94023895263671875;5
75938000;4.9394159317016601562;5
75950000;4.9360651969909667969;5
75962000;4.9376616477966308594;5
75974000;4.9423770904541015625;5
75985000;4.9438266754150390625;5
75997000;4.9378461837768554688;5
76009000;4.937923431396484375;5
76020000;4.9374327659606933594;5
76031000;4.9411067962646484375;5
76043000;4.9452648162841796875;5
76055000;4.9472026824951171875;5
76066000;4.9477138519287109375;5
76077000;4.9461517333984375;5
76089000;4.943572998046875;5
76103000;4.9444594383239746094;5
76115000;4.9477515220642089844;5
76126000;4.9493660926818847656;5
76138000;4.9499459266662597656;5
76149000;4.9476528167724609375;5
76160000;4.9489598274230957031;5
76173000;4.9487595558166503906;5
76185000;4.9496393203735351562;5
76196000;4.9512743949890136719;5
76207000;4.9497122764587402344;5
76219000;4.9481215476989746094;5
76230000;4.9492449760437011719;5
76242000;4.9513478279113769531;5
76253000;4.9550805091857910156;5
76265000;4.953090667724609375;5
76278000;4.9492688179016113281;5
76291000;4.9504289627075195312;5
76302000;4.950008392333984375;5
76313000;4.9506983757019042969;5
76325000;4.952518463134765625;5
76336000;4.9509930610656738281;5
76347000;4.9497199058532714844;5
76359000;4.949001312255859375;5
76370000;4.9491047859191894531;5
76381000;4.9489030838012695312;5
76393000;4.9467296600341796875;5
76404000;4.9456276893615722656;5
76416000;4.9481587409973144531;5
76428000;4.9461507797241210938;5
76440000;4.9473514556884765625;5
76451000;4.9481267929077148438;5
76462000;4.9474477767944335938;5
76474000;4.9476037025451660156;5
76486000;4.9466609954833984375;5
76497000;4.9484815597534179688;5
76509000;4.9495754241943359375;5
76521000;4.9479017257690429688;5
76533000;4.9499411582946777344;5
76545000;4.9500241279602050781;5
76556000;4.9496645927429199219;5
76567000;4.9483590126037597656;5
76578000;4.947368621826171875;5
76590000;4.94704437255859375;5
76601000;4.9470877647399902344;5
76612000;4.9469995498657226562;5
76624000;4.9482932090759277344;5
76636000;4.9476518630981445312;5
76648000;4.9495520591735839844;5
76659000;4.9501595497131347656;5
76670000;4.9487051963806152344;5
76682000;4.9510054588317871094;5
76694000;4.9504017829895019531;5
76706000;4.952301025390625;5
76717000;4.9546246528625488281;5
76729000;4.9537935256958007812;5
76741000;4.9524931907653808594;5
76753000;4.9545683860778808594;5
76765000;4.9548993110656738281;5
76777000;4.954303741455078125;5
76788000;4.9529881477355957031;5
76798000;4.9538669586181640625;5
76810000;4.9548268318176269531;5
76821000;4.9515466690063476562;5
76833000;4.9509873390197753906;5
76845000;4.9524087905883789062;5
76856000;4.9505867958068847656;5
76867000;4.9510669708251953125;5
76880000;4.9511928558349609375;5
76891000;4.9508657455444335938;5
76903000;4.9508481025695800781;5
76914000;4.949432373046875;5
76926000;4.9505982398986816406;5
76937000;4.9528112411499023438;5
76948000;4.9516649246215820312;5
76961000;4.9485521316528320312;5
76973000;4.9486684799194335938;5
76985000;4.9496917724609375;5
76997000;4.9509196281433105469;5
77008000;4.9509143829345703125;5
77019000;4.9510588645935058594;5
77031000;4.953540802001953125;5
77042000;4.9541859626770019531;5
77053000;4.9540376663208007812;5
77065000;4.95459747314453125;5
77077000;4.9525485038757324219;5
77088000;4.9537196159362792969;5
77100000;4.9556560516357421875;5
77111000;4.9552154541015625;5
77123000;4.9569687843322753906;5
77135000;4.9597373008728027344;5
77147000;4.960742950439453125;5
77158000;4.9624123573303222656;5
77170000;4.9624810218811035156;5
77182000;4.9620690345764160156;5
77193000;4.963161468505859375;5
77204000;4.963619232177734375;5
77216000;4.9646329879760742188;5
77227000;4.96599578857421875;5
77239000;4.9638972282409667969;5
77250000;4.9634976387023925781;5
77262000;4.9643793106079101562;5
77273000;4.9663157463073730469;5
77285000;4.9657382965087890625;5
77296000;4.9626240730285644531;5
77308000;4.9627289772033691406;5
77319000;4.9651193618774414062;5
77330000;4.9633994102478027344;5
77341000;4.9636845588684082031;5
77352000;4.9612965583801269531;5
77365000;4.9620289802551269531;5
77376000;4.9631128311157226562;5
77388000;4.9612984657287597656;5
77400000;4.9617800712585449219;5
77411000;4.9644522666931152344;5
77422000;4.9640727043151855469;5
77434000;4.9641876220703125;5
77445000;4.9622659683227539062;5
77457000;4.9629049301147460938;5
77468000;4.9629826545715332031;5
77481000;4.9597849845886230469;5
77492000;4.962657928466796875;5
77504000;4.9621739387512207031;5
77516000;4.9592337608337402344;5
77528000;4.9600009918212890625;5
77540000;4.9597144126892089844;5
77552000;4.9597735404968261719;5
77563000;4.9593801498413085938;5
77574000;4.9605975151062011719;5
77586000;4.9629654884338378906;5
77597000;4.9609732627868652344;5
77608000;4.9621911048889160156;5
77620000;4.9618697166442871094;5
77633000;4.962005615234375;5
77644000;4.9611730575561523438;5
77656000;4.9583935737609863281;5
77668000;4.9604811668395996094;5
77679000;4.9601941108703613281;5
77691000;4.9571218490600585938;5
77703000;4.9560604095458984375;5
77714000;4.957042694091796875;5
77726000;4.9564862251281738281;5
77737000;4.9576091766357421875;5
77748000;4.9586696624755859375;5
77759000;4.9592375755310058594;5
77771000;4.9566140174865722656;5
77784000;4.9568357467651367188;5
77795000;4.9574866294860839844;5
77806000;4.9567422866821289062;5
77817000;4.9576725959777832031;5
77829000;4.9567661285400390625;5
77840000;4.9559388160705566406;5
77852000;4.9596433639526367188;5
77864000;4.9564757347106933594;5
77876000;4.9605760574340820312;5
77888000;4.9601607322692871094;5
77901000;4.9603166580200195312;5
77912000;4.9595017433166503906;-5
77924000;4.5624012947082519531;-5
77936000;2.0062022209167480469;-5
77947000;-1.5321359634399414062;-5
77958000;-3.9997229576110839844;-5
77970000;-5.4274420738220214844;-5
77982000;-5.7312016487121582031;-5
77995000;-5.1690955162048339844;-5
78007000;-4.5578179359436035156;-5
78018000;-4.2646884918212890625;-5
78030000;-4.7344069480895996094;-5
78043000;-5.2673611640930175781;-5
78054000;-5.1170806884765625;-5
78065000;-4.7806630134582519531;-5
78077000;-4.6913132667541503906;-5
78088000;-4.7809767723083496094;-5
78099000;-4.866916656494140625;-5
78111000;-4.9520826339721679688;-5
78122000;-5.0498361587524414062;-5
78134000;-5.017932891845703125;-5
78146000;-4.9034624099731445312;-5
78158000;-4.7929844856262207031;-5
78169000;-4.8447947502136230469;-5
78180000;-4.9709534645080566406;-5
78191000;-5.0621461868286132812;-5
78203000;-5.0022954940795898438;-5
78214000;-4.9347796440124511719;-5
78226000;-4.8443913459777832031;-5
78237000;-4.7926068305969238281;-5
78248000;-4.8682255744934082031;-5
78260000;-5.0157747268676757812;-5
78271000;-5.0831823348999023438;-5
78283000;-4.9655346870422363281;-5
78295000;-4.8507370948791503906;-5
78308000;-4.8359923362731933594;-5
78319000;-4.9328265190124511719;-5
78331000;-5.0282254219055175781;-5
78344000;-5.0374131202697753906;-5
78356000;-4.9413962364196777344;-5
78368000;-4.8655667304992675781;-5
78379000;-4.8734183311462402344;-5
78392000;-4.9596357345581054688;-5
78403000;-5.0248303413391113281;-5
78415000;-5.0018491744995117188;-5
78426000;-4.9449758529663085938;-5
78437000;-4.9023318290710449219;-5
78449000;-4.90258026123046875;-5
78460000;-4.9402761459350585938;-5
78472000;-4.9902167320251464844;-5
78484000;-4.9827637672424316406;-5
78496000;-4.9499711990356445312;-5
78508000;-4.9338865280151367188;-5
78519000;-4.9341301918029785156;-5
78531000;-4.9486570358276367188;-5
78543000;-4.96794891357421875;-5
78554000;-4.9712595939636230469;-5
78566000;-4.9558286666870117188;-5
78578000;-4.9442505836486816406;-5
78589000;-4.9488759040832519531;-5
78600000;-4.9603314399719238281;-5
78611000;-4.968967437744140625;-5
78623000;-4.9627408981323242188;-5
78633000;-4.9529643058776855469;-5
78645000;-4.949680328369140625;-5
78657000;-4.9607830047607421875;-5
78668000;-4.9700422286987304688;-5
78680000;-4.9652185440063476562;-5
78691000;-4.9560227394104003906;-5
78703000;-4.9525966644287109375;-5
78714000;-4.9617686271667480469;-5
78725000;-4.9663252830505371094;-5
78736000;-4.9646272659301757812;-5
78747000;-4.9552059173583984375;-5
78759000;-4.9528226852416992188;-5
78771000;-4.9565606117248535156;-5
78783000;-4.9643154144287109375;-5
78795000;-4.9631261825561523438;-5
78807000;-4.9565424919128417969;-5
78818000;-4.9542379379272460938;-5
78830000;-4.9568510055541992188;-5
78841000;-4.9607596397399902344;-5
78854000;-4.9621386528015136719;-5
78866000;-4.9589748382568359375;-5
78877000;-4.9574909210205078125;-5
78889000;-4.9598760604858398438;-5
78900000;-4.9654178619384765625;-5
78912000;-4.9676403999328613281;-5
78924000;-4.966442108154296875;-5
78935000;-4.9610891342163085938;-5
78947000;-4.9623088836669921875;-5
78959000;-4.9675874710083007812;-5
78970000;-4.9676203727722167969;-5
78982000;-4.96494293212890625;-5
78994000;-4.959712982177734375;-5
79005000;-4.961299896240234375;-5
79017000;-4.9636187553405761719;-5
79028000;-4.9635114669799804688;-5
79039000;-4.9617333412170410156;-5
79052000;-4.9588170051574707031;-5
79063000;-4.959461212158203125;-5
79075000;-4.9627375602722167969;-5
79086000;-4.9629616737365722656;-5
79099000;-4.9630331993103027344;-5
79110000;-4.9587574005126953125;-5
79121000;-4.9604883193969726562;-5
79133000;-4.9626750946044921875;-5
79145000;-4.9642229080200195312;-5
79156000;-4.9630842208862304688;-5
79168000;-4.9623875617980957031;-5
79181000;-4.9629926681518554688;-5
79193000;-4.9659113883972167969;-5
79204000;-4.9657373428344726562;-5
79216000;-4.9621300697326660156;-5
79228000;-4.9615645408630371094;-5
79238000;-4.9627051353454589844;-5
79250000;-4.9644694328308105469;-5
79262000;-4.9654755592346191406;-5
79273000;-4.9642443656921386719;-5
79285000;-4.9636354446411132812;-5
79296000;-4.9623856544494628906;-5
79308000;-4.9643602371215820312;-5
79319000;-4.9653978347778320312;-5
79331000;-4.9630937576293945312;-5
79343000;-4.9654526710510253906;-5
79355000;-4.9643340110778808594;-5
79366000;-4.9628047943115234375;-5
79378000;-4.9652848243713378906;-5
79390000;-4.964328765869140625;-5
79401000;-4.9627423286437988281;-5
79414000;-4.9619293212890625;-5
79426000;-4.9650888442993164062;-5
79437000;-4.9650850296020507812;-5
79449000;-4.9634428024291992188;-5
79460000;-4.96108245849609375;-5
79471000;-4.963588714599609375;-5
79483000;-4.9620032310485839844;-5
79494000;-4.9624991416931152344;-5
79506000;-4.9615106582641601562;-5
79517000;-4.9621524810791015625;-5
79530000;-4.9626932144165039062;-5
79542000;-4.9633612632751464844;-5
79553000;-4.9642553329467773438;-5
79565000;-4.9655203819274902344;-5
79577000;-4.9641861915588378906;-5
79588000;-4.9638996124267578125;-5
79599000;-4.9638638496398925781;-5
79612000;-4.9626612663269042969;-5
79624000;-4.9610142707824707031;-5
79636000;-4.9599399566650390625;-5
79647000;-4.9577403068542480469;-5
79659000;-4.9581403732299804688;-5
79671000;-4.9596652984619140625;-5
79683000;-4.9580435752868652344;-5
79695000;-4.9574427604675292969;-5
79707000;-4.9571528434753417969;-5
79719000;-4.9544510841369628906;-5
79731000;-4.9571623802185058594;-5
79743000;-4.955112457275390625;-5
79754000;-4.9548921585083007812;-5
79766000;-4.9558854103088378906;-5
79778000;-4.9567599296569824219;-5
79789000;-4.9557261466979980469;-5
79801000;-4.9574408531188964844;-5
79812000;-4.9568018913269042969;-5
79825000;-4.9559326171875;-5
79836000;-4.955692291259765625;-5
79847000;-4.9548473358154296875;-5
79859000;-4.9553008079528808594;-5
79871000;-4.954921722412109375;-5
79883000;-4.95389556884765625;-5
79894000;-4.9548211097717285156;-5
79905000;-4.9528775215148925781;-5
79916000;-4.9524631500244140625;-5
79928000;-4.9483766555786132812;-5
79939000;-4.9493784904479980469;-5
79950000;-4.9504184722900390625;-5
79962000;-4.9513773918151855469;-5
79974000;-4.9501690864562988281;-5
79985000;-4.9512686729431152344;-5
79997000;-4.9514441490173339844;-5
80009000;-4.9495806694030761719;-5
80021000;-4.9506564140319824219;-5
80032000;-4.9486398696899414062;-5
80043000;-4.9486169815063476562;-5
80056000;-4.9474840164184570312;-5
80067000;-4.9478049278259277344;-5
80078000;-4.9479455947875976562;-5
80090000;-4.9492750167846679688;-5
80102000;-4.9475069046020507812;-5
80114000;-4.94830322265625;-5
80125000;-4.9502964019775390625;-5
80137000;-4.9504847526550292969;-5
80148000;-4.9466452598571777344;-5
80161000;-4.9466104507446289062;-5
80173000;-4.9475617408752441406;-5
80185000;-4.9481120109558105469;-5
80197000;-4.949192047119140625;-5
80208000;-4.9494562149047851562;-5
80220000;-4.9488172531127929688;-5
80231000;-4.9488129615783691406;-5
80243000;-4.9501214027404785156;-5
80254000;-4.9491558074951171875;-5
80266000;-4.9479084014892578125;-5
80278000;-4.9496288299560546875;-5
80290000;-4.9480991363525390625;-5
80301000;-4.9486336708068847656;-5
80313000;-4.9495224952697753906;-5
80324000;-4.9509038925170898438;-5
80336000;-4.9496636390686035156;-5
80347000;-4.9510631561279296875;-5
80359000;-4.9493203163146972656;-5
80371000;-4.9485125541687011719;-5
80383000;-4.9492425918579101562;-5
80395000;-4.9511799812316894531;-5
80407000;-4.951549530029296875;-5
80419000;-4.8737025260925292969;5
80431000;-3.1526572704315185547;5
80442000;0.12222544848918914795;5
80454000;3.5121059417724609375;5
80467000;5.1079540252685546875;5
80478000;5.6212892532348632812;5
80489000;5.5203833580017089844;5
80501000;4.9221582412719726562;5
80514000;4.4380545616149902344;5
80526000;4.6393036842346191406;5
80537000;4.9254412651062011719;5
80549000;5.0141053199768066406;5
80560000;5.0312533378601074219;5
80573000;5.0617184638977050781;5
80584000;5.047969818115234375;5
80596000;4.9156007766723632812;5
80607000;4.8325285911560058594;5
80618000;4.8646864891052246094;5
80629000;4.9620366096496582031;5
80641000;5.0038180351257324219;5
80653000;4.967437744140625;5
80664000;4.9028334617614746094;5
80676000;4.8499879837036132812;5
80688000;4.8824405670166015625;5
80700000;4.9772653579711914062;5
80712000;5.0176358222961425781;5
80724000;4.9401912689208984375;5
80735000;4.8610553741455078125;5
80747000;4.8689622879028320312;5
80759000;4.9287142753601074219;5
80770000;4.9894056320190429688;5
80781000;4.9767618179321289062;5
80793000;4.911407470703125;5
80805000;4.8657770156860351562;5
80816000;4.8841075897216796875;5
80828000;4.9360523223876953125;5
80839000;4.9581246376037597656;5
80850000;4.94341278076171875;5
80862000;4.9175782203674316406;5
80873000;4.9099955558776855469;5
80886000;4.9209923744201660156;5
80897000;4.9309105873107910156;5
80909000;4.9298863410949707031;5
80920000;4.9270920753479003906;5
80931000;4.9252786636352539062;5
80942000;4.9226927757263183594;5
80954000;4.9197325706481933594;5
80966000;4.9220442771911621094;5
80978000;4.9294438362121582031;5
80989000;4.9309682846069335938;5
81001000;4.9236459732055664062;5
81013000;4.9196977615356445312;5
81025000;4.9214253425598144531;5
81036000;4.9221582412719726562;5
81048000;4.9270725250244140625;5
81060000;4.9263539314270019531;5
81072000;4.9264836311340332031;5
81083000;4.92458343505859375;5
81095000;4.9196615219116210938;5
81106000;4.9230985641479492188;5
81118000;4.9271020889282226562;5
81130000;4.9275717735290527344;5
81141000;4.9260616302490234375;5
81153000;4.9252185821533203125;5
81165000;4.925678253173828125;5
81177000;4.9277715682983398438;5
81188000;4.9266643524169921875;5
81199000;4.9275579452514648438;5
81211000;4.9254355430603027344;5
81223000;4.928134918212890625;5
81235000;4.9279346466064453125;5
81246000;4.9287714958190917969;5
81257000;4.9315056800842285156;5
81270000;4.9312124252319335938;5
81281000;4.9294981956481933594;5
81293000;4.9284090995788574219;5
81304000;4.9291892051696777344;5
81315000;4.9289150238037109375;5
81327000;4.9265923500061035156;5
81338000;4.9258260726928710938;5
81349000;4.9245867729187011719;5
81360000;4.9257211685180664062;5
81371000;4.9235105514526367188;5
81383000;4.9252095222473144531;5
81395000;4.924465179443359375;5
81406000;4.9252552986145019531;5
81418000;4.9258046150207519531;5
81430000;4.9268360137939453125;5
81441000;4.9236435890197753906;5
81452000;4.9233441352844238281;5
81464000;4.9242811203002929688;5
81476000;4.9254269599914550781;5
81487000;4.9255194664001464844;5
81499000;4.9256954193115234375;5
81510000;4.9265007972717285156;5
81523000;4.9270396232604980469;5
81535000;4.9277100563049316406;5
81547000;4.92797088623046875;5
81559000;4.9267191886901855469;5
81571000;4.9255585670471191406;5
81582000;4.9276633262634277344;5
81593000;4.9283814430236816406;5
81605000;4.9264807701110839844;5
81616000;4.9262981414794921875;5
81628000;4.9240984916687011719;5
81639000;4.9232611656188964844;5
81650000;4.9245281219482421875;5
81662000;4.9241986274719238281;5
81673000;4.9240689277648925781;5
81686000;4.921783447265625;5
81698000;4.9232816696166992188;5
81710000;4.9246850013732910156;5
81722000;4.9248604774475097656;5
81734000;4.9258184432983398438;5
81745000;4.9250946044921875;5
81757000;4.9237904548645019531;5
81768000;4.925838470458984375;5
81780000;4.9287457466125488281;5
81791000;4.9255928993225097656;5
81803000;4.9279127120971679688;5
81814000;4.9283494949340820312;5
81826000;4.9281368255615234375;5
81838000;4.9300022125244140625;5
81850000;4.9295988082885742188;5
81863000;4.9293384552001953125;5
81874000;4.9286127090454101562;5
81886000;4.9308681488037109375;5
81898000;4.9321737289428710938;5
81910000;4.9327082633972167969;5
81922000;4.9307417869567871094;5
81934000;4.929599761962890625;5
81946000;4.9275059700012207031;5
81958000;4.9281830787658691406;5
81969000;4.9283537864685058594;5
81981000;4.9270272254943847656;5
81992000;4.9267854690551757812;5
82004000;4.9263763427734375;5
82016000;4.9272789955139160156;5
82028000;4.927734375;5
82039000;4.9266510009765625;5
82050000;4.9272680282592773438;5
82062000;4.9273834228515625;5
82073000;4.9269323348999023438;5
82085000;4.9270730018615722656;5
82097000;4.9268045425415039062;5
82108000;4.9277014732360839844;5
82119000;4.9276599884033203125;5
82130000;4.9282383918762207031;5
82142000;4.928989410400390625;5
82154000;4.9304370880126953125;5
82166000;4.9292807579040527344;5
82178000;4.9288430213928222656;5
82192000;4.9298248291015625;5
82204000;4.9306316375732421875;5
82216000;4.9332299232482910156;5
82228000;4.9344315528869628906;5
82240000;4.9340271949768066406;5
82252000;4.9318318367004394531;5
82264000;4.9334697723388671875;5
82275000;4.9333004951477050781;5
82288000;4.9300632476806640625;5
82300000;4.9305791854858398438;5
82311000;4.9320096969604492188;5
82323000;4.9310007095336914062;5
82334000;4.9313511848449707031;5
82345000;4.9305758476257324219;5
82357000;4.930370330810546875;5
82369000;4.9300036430358886719;5
82381000;4.93119049072265625;5
82392000;4.9292192459106445312;5
82404000;4.9293084144592285156;5
82416000;4.9306406974792480469;5
82427000;4.929351806640625;5
82439000;4.9302201271057128906;5
82451000;4.92949676513671875;5
82463000;4.9289927482604980469;5
82475000;4.9293389320373535156;5
82487000;4.9305157661437988281;5
82498000;4.9308152198791503906;5
82510000;4.9315056800842285156;5
82522000;4.9320139884948730469;5
82535000;4.9306502342224121094;5
82547000;4.9304251670837402344;5
82558000;4.9311213493347167969;5
82569000;4.929779052734375;5
82581000;4.9282369613647460938;5
82594000;4.9297871589660644531;5
82606000;4.9268212318420410156;5
82617000;4.9264068603515625;5
82628000;4.9286131858825683594;5
82640000;4.9287509918212890625;5
82652000;4.9281563758850097656;5
82664000;4.9267420768737792969;5
82676000;4.926513671875;5
82687000;4.9285135269165039062;5
82698000;4.928073883056640625;5
82711000;4.9284887313842773438;5
82723000;4.9288606643676757812;5
82735000;4.9276633262634277344;5
82746000;4.9286484718322753906;5
82757000;4.9270496368408203125;5
82768000;4.9284820556640625;5
82779000;4.9279017448425292969;5
82791000;4.9280810356140136719;5
82802000;4.9300150871276855469;5
82814000;4.9296178817749023438;5
82827000;4.9261593818664550781;5
82838000;4.9277443885803222656;5
82850000;4.926692962646484375;5
82862000;4.927669525146484375;5
82873000;4.924312591552734375;5
82885000;4.929416656494140625;5
82896000;4.9308466911315917969;5
82908000;4.9313588142395019531;5
82919000;4.8981914520263671875;-5
82931000;3.5418925285339355469;-5
82943000;0.29469719529151916504;-5
82954000;-2.6442546844482421875;-5
82967000;-4.8718318939208984375;-5
82978000;-5.7040033340454101562;-5
82990000;-5.5671687126159667969;-5
83002000;-4.9251832962036132812;-5
83013000;-4.3085641860961914062;-5
83024000;-4.3635311126708984375;-5
83036000;-4.9285531044006347656;-5
83047000;-5.2489695549011230469;-5
83059000;-4.9678277969360351562;-5
83071000;-4.7054805755615234375;-5
83083000;-4.7134766578674316406;-5
83094000;-4.7939724922180175781;-5
83106000;-4.8701181411743164062;-5
83117000;-4.983646392822265625;-5
83130000;-5.0505919456481933594;-5
83142000;-4.9677972793579101562;-5
83153000;-4.8238005638122558594;-5
83165000;-4.7713818550109863281;-5
83176000;-4.86992645263671875;-5
83188000;-5.0085387229919433594;-5
83199000;-5.0288510322570800781;-5
83211000;-4.9468855857849121094;-5
83223000;-4.8604984283447265625;-5
83235000;-4.7803559303283691406;-5
83248000;-4.8203859329223632812;-5
83261000;-4.9894518852233886719;-5
83273000;-5.0656723976135253906;-5
83285000;-4.9571480751037597656;-5
83297000;-4.8384046554565429688;-5
83309000;-4.8142189979553222656;-5
83320000;-4.8955349922180175781;-5
83332000;-4.9905200004577636719;-5
83344000;-5.0283956527709960938;-5
83355000;-4.9466834068298339844;-5
83366000;-4.87500762939453125;-5
83378000;-4.8554048538208007812;-5
83390000;-4.9136171340942382812;-5
83403000;-4.9910793304443359375;-5
83415000;-4.9967646598815917969;-5
83426000;-4.9421038627624511719;-5
83438000;-4.8962268829345703125;-5
83449000;-4.88871002197265625;-5
83461000;-4.9212903976440429688;-5
83472000;-4.9599289894104003906;-5
83484000;-4.9628634452819824219;-5
83496000;-4.9393205642700195312;-5
83507000;-4.9283757209777832031;-5
83518000;-4.9228320121765136719;-5
83530000;-4.9295010566711425781;-5
83542000;-4.9483509063720703125;-5
83555000;-4.953624725341796875;-5
83567000;-4.9435658454895019531;-5
83578000;-4.9281430244445800781;-5
83589000;-4.9284143447875976562;-5
83600000;-4.9410023689270019531;-5
83611000;-4.9543104171752929688;-5
83623000;-4.9470849037170410156;-5
83635000;-4.9310402870178222656;-5
83647000;-4.9285225868225097656;-5
83658000;-4.9380373954772949219;-5
83670000;-4.9495153427124023438;-5
83682000;-4.9467058181762695312;-5
83694000;-4.9364142417907714844;-5
83705000;-4.9332685470581054688;-5
83717000;-4.942264556884765625;-5
83730000;-4.9474573135375976562;-5
83742000;-4.9424405097961425781;-5
83755000;-4.9373898506164550781;-5
83766000;-4.9372038841247558594;-5
83779000;-4.9432697296142578125;-5
83790000;-4.9443902969360351562;-5
83802000;-4.9422059059143066406;-5
83814000;-4.9392018318176269531;-5
83826000;-4.9392414093017578125;-5
83837000;-4.943683624267578125;-5
83848000;-4.9447264671325683594;-5
83861000;-4.946849822998046875;-5
83872000;-4.9421057701110839844;-5
83884000;-4.9397511482238769531;-5
83895000;-4.9431781768798828125;-5
83907000;-4.9486384391784667969;-5
83918000;-4.9465107917785644531;-5
83930000;-4.9436902999877929688;-5
83941000;-4.942531585693359375;-5
83953000;-4.94244384765625;-5
83963000;-4.9439721107482910156;-5
83975000;-4.9415049552917480469;-5
83987000;-4.9394636154174804688;-5
83998000;-4.9421362876892089844;-5
84009000;-4.94205474853515625;-5
84021000;-4.9439005851745605469;-5
84033000;-4.9438567161560058594;-5
84045000;-4.9443430900573730469;-5
84056000;-4.9438929557800292969;-5
84068000;-4.942516326904296875;-5
84080000;-4.9437961578369140625;-5
84091000;-4.9448828697204589844;-5
84103000;-4.9439387321472167969;-5
84115000;-4.9410085678100585938;-5
84127000;-4.9423971176147460938;-5
84138000;-4.9444584846496582031;-5
84150000;-4.9457621574401855469;-5
84162000;-4.9454584121704101562;-5
84173000;-4.9459309577941894531;-5
84185000;-4.9455962181091308594;-5
84196000;-4.9478402137756347656;-5
84208000;-4.9478397369384765625;-5
84220000;-4.948333740234375;-5
84232000;-4.947498321533203125;-5
84244000;-4.9482545852661132812;-5
84255000;-4.948009490966796875;-5
84268000;-4.9482755661010742188;-5
84280000;-4.9456734657287597656;-5
84292000;-4.9444723129272460938;-5
84304000;-4.9425415992736816406;-5
84315000;-4.9410085678100585938;-5
84327000;-4.941135406494140625;-5
84338000;-4.9397640228271484375;-5
84349000;-4.9394879341125488281;-5
84361000;-4.9405546188354492188;-5
84372000;-4.9412007331848144531;-5
84383000;-4.9415287971496582031;-5
84394000;-4.94205474853515625;-5
84405000;-4.9411845207214355469;-5
84416000;-4.9405231475830078125;-5
84428000;-4.9397945404052734375;-5
84439000;-4.93903350830078125;-5
84451000;-4.9387674331665039062;-5
84462000;-4.9389553070068359375;-5
84474000;-4.93729400634765625;-5
84486000;-4.9387884140014648438;-5
84497000;-4.9388866424560546875;-5
84509000;-4.9382305145263671875;-5
84520000;-4.9366459846496582031;-5
84532000;-4.9340233802795410156;-5
84544000;-4.9345450401306152344;-5
84555000;-4.9370269775390625;-5
84566000;-4.9346446990966796875;-5
84578000;-4.9356055259704589844;-5
84589000;-4.9335103034973144531;-5
84601000;-4.9336771965026855469;-5
84612000;-4.9334459304809570312;-5
84624000;-4.9334955215454101562;-5
84636000;-4.9343719482421875;-5
84647000;-4.9335427284240722656;-5
84659000;-4.9353113174438476562;-5
84671000;-4.9354009628295898438;-5
84683000;-4.9380888938903808594;-5
84695000;-4.9382119178771972656;-5
84706000;-4.9366230964660644531;-5
84718000;-4.9387068748474121094;-5
84730000;-4.93711090087890625;-5
84742000;-4.9368653297424316406;-5
84754000;-4.9365644454956054688;-5
84766000;-4.9368181228637695312;-5
84778000;-4.9375290870666503906;-5
84789000;-4.9358897209167480469;-5
84801000;-4.9368643760681152344;-5
84814000;-4.9373135566711425781;-5
84826000;-4.9390807151794433594;-5
84838000;-4.9404225349426269531;-5
84849000;-4.9394040107727050781;-5
84861000;-4.9405755996704101562;-5
84873000;-4.9402379989624023438;-5
84884000;-4.9372229576110839844;-5
84895000;-4.9363040924072265625;-5
84907000;-4.940029144287109375;-5
84919000;-4.9409785270690917969;-5
84930000;-4.9400358200073242188;-5
84941000;-4.9377551078796386719;-5
84953000;-4.9371623992919921875;-5
84964000;-4.9387116432189941406;-5
84976000;-4.9374027252197265625;-5
84986000;-4.9360575675964355469;-5
84998000;-4.936801910400390625;-5
85009000;-4.9364728927612304688;-5
85020000;-4.9375982284545898438;-5
85031000;-4.9367585182189941406;-5
85043000;-4.93639373779296875;-5
85055000;-4.9359965324401855469;-5
85066000;-4.9385862350463867188;-5
85078000;-4.9363832473754882812;-5
85089000;-4.9360752105712890625;-5
85100000;-4.9377760887145996094;-5
85112000;-4.9382672309875488281;-5
85124000;-4.9382052421569824219;-5
85136000;-4.9384365081787109375;-5
85147000;-4.9411015510559082031;-5
85161000;-4.9378795623779296875;-5
85173000;-4.9406337738037109375;-5
85185000;-4.93993377685546875;-5
85197000;-4.938808441162109375;-5
85209000;-4.9398684501647949219;-5
85220000;-4.9406504631042480469;-5
85232000;-4.9396176338195800781;-5
85244000;-4.9377818107604980469;-5
85256000;-4.9384245872497558594;-5
85267000;-4.9391531944274902344;-5
85279000;-4.9395008087158203125;-5
85290000;-4.9387235641479492188;-5
85302000;-4.9398946762084960938;-5
85314000;-4.9404420852661132812;-5
85325000;-4.9404382705688476562;-5
85337000;-4.9406514167785644531;-5
85348000;-4.9388623237609863281;-5
85360000;-4.937808990478515625;-5
85372000;-4.9365997314453125;-5
85383000;-4.9376540184020996094;-5
85395000;-4.9377164840698242188;-5
85407000;-4.9374599456787109375;-5
85418000;-4.9321007728576660156;5
85430000;-3.9298937320709228516;5
85442000;-1.0658118724822998047;5
85454000;2.4808280467987060547;5
85465000;4.9513649940490722656;5
85477000;5.6851291656494140625;5
85489000;5.642009735107421875;5
85500000;5.183544158935546875;5
85511000;4.5079669952392578125;5
85523000;4.5061221122741699219;5
85535000;4.8559169769287109375;5
85547000;5.0229997634887695312;5
85559000;5.0818495750427246094;5
85571000;5.1022467613220214844;5
85583000;5.0610146522521972656;5
85595000;4.9550075531005859375;5
85606000;4.8610792160034179688;5
85618000;4.8518018722534179688;5
85630000;4.968425750732421875;5
85642000;5.0234804153442382812;5
85654000;5.0093598365783691406;5
85665000;4.9202933311462402344;5
85677000;4.8604459762573242188;5
85689000;4.896209716796875;5
85701000;4.9932279586791992188;5
85714000;5.0320520401000976562;5
85725000;4.9595804214477539062;5
85737000;4.8772020339965820312;5
85749000;4.8791704177856445312;5
85760000;4.9373822212219238281;5
85772000;5.0051379203796386719;5
85785000;4.9876332283020019531;5
85796000;4.9172515869140625;5
85807000;4.8802394866943359375;5
85819000;4.9029860496520996094;5
85831000;4.9479289054870605469;5
85842000;4.9745435714721679688;5
85854000;4.954441070556640625;5
85865000;4.9273786544799804688;5
85877000;4.9258871078491210938;5
85889000;4.9406723976135253906;5
85900000;4.9450521469116210938;5
85911000;4.9431319236755371094;5
85923000;4.9424977302551269531;5
85935000;4.9388222694396972656;5
85947000;4.9336862564086914062;5
85958000;4.9298229217529296875;5
85969000;4.9357571601867675781;5
85981000;4.9431667327880859375;5
85993000;4.942539215087890625;5
86004000;4.9367847442626953125;5
86015000;4.9340190887451171875;5
86026000;4.9350347518920898438;5
86038000;4.9384050369262695312;5
86050000;4.94019317626953125;5
86063000;4.9391450881958007812;5
86074000;4.9398427009582519531;5
86086000;4.9356832504272460938;5
86098000;4.9355549812316894531;5
86109000;4.9386258125305175781;5
86120000;4.9410223960876464844;5
86133000;4.9403405189514160156;5
86143000;4.9378290176391601562;5
86156000;4.93837738037109375;5
86168000;4.9371433258056640625;5
86180000;4.9370932579040527344;5
86191000;4.9409718513488769531;5
86203000;4.9386415481567382812;5
86214000;4.9373583793640136719;5
86225000;4.9377493858337402344;5
86237000;4.937610626220703125;5
86249000;4.9393215179443359375;5
86261000;4.9379897117614746094;5
86272000;4.9395928382873535156;5
86283000;4.9404058456420898438;5
86295000;4.9409208297729492188;5
86306000;4.9413089752197265625;5
86318000;4.9425144195556640625;5
86329000;4.9422783851623535156;5
86340000;4.9403285980224609375;5
86352000;4.9398250579833984375;5
86363000;4.9413847923278808594;5
86374000;4.9395341873168945312;5
86386000;4.9394679069519042969;5
86397000;4.9397954940795898438;5
86409000;4.9398694038391113281;5
86420000;4.9419155120849609375;5
86433000;4.9428720474243164062;5
86444000;4.9448194503784179688;5
86455000;4.9450335502624511719;5
86467000;4.94351959228515625;5
86478000;4.9445018768310546875;5
86489000;4.9458565711975097656;5
86501000;4.9464898109436035156;5
86513000;4.9449820518493652344;5
86525000;4.9453802108764648438;5
86537000;4.9469447135925292969;5
86549000;4.9481501579284667969;5
86561000;4.94677734375;5
86573000;4.9480390548706054688;5
86583000;4.9483318328857421875;5
86594000;4.9485735893249511719;5
86606000;4.9471645355224609375;5
86617000;4.9484438896179199219;5
86630000;4.9487094879150390625;5
86641000;4.9493031501770019531;5
86653000;4.9508290290832519531;5
86665000;4.9498820304870605469;5
86677000;4.95066070556640625;5
86689000;4.9515604972839355469;5
86701000;4.9534149169921875;5
86712000;4.9525747299194335938;5
86724000;4.95302581787109375;5
86735000;4.9540429115295410156;5
86748000;4.9552121162414550781;5
86759000;4.9532942771911621094;5
86770000;4.9524970054626464844;5
86783000;4.9551453590393066406;5
86794000;4.9545311927795410156;5
86806000;4.954387664794921875;5
86817000;4.9533948898315429688;5
86829000;4.9529161453247070312;5
86840000;4.9516081809997558594;5
86853000;4.9526643753051757812;5
86865000;4.9519104957580566406;5
86876000;4.9504833221435546875;5
86888000;4.9518113136291503906;5
86899000;4.9503240585327148438;5
86910000;4.9525318145751953125;5
86921000;4.9513678550720214844;5
86933000;4.9563727378845214844;5
86944000;4.9562587738037109375;5
86957000;4.9566564559936523438;5
86968000;4.9577779769897460938;5
86980000;4.9560480117797851562;5
86991000;4.9553899765014648438;5
87003000;4.9541277885437011719;5
87015000;4.9524135589599609375;5
87026000;4.9529294967651367188;5
87037000;4.9547276496887207031;5
87049000;4.9543309211730957031;5
87061000;4.9530615806579589844;5
87071000;4.9544920921325683594;5
87084000;4.9544491767883300781;5
87096000;4.9540510177612304688;5
87107000;4.9531846046447753906;5
87119000;4.9518423080444335938;5
87130000;4.9521036148071289062;5
87142000;4.95159149169921875;5
87153000;4.9507656097412109375;5
87166000;4.9511446952819824219;5
87179000;4.9514079093933105469;5
87190000;4.9504628181457519531;5
87202000;4.9484868049621582031;5
87213000;4.9478292465209960938;5
87225000;4.9484448432922363281;5
87236000;4.9495286941528320312;5
87247000;4.9488425254821777344;5
87259000;4.9472279548645019531;5
87270000;4.9460325241088867188;5
87282000;4.9480485916137695312;5
87294000;4.9491543769836425781;5
87306000;4.9502916336059570312;5
87317000;4.9486050605773925781;5
87329000;4.948230743408203125;5
87340000;4.9494061470031738281;5
87351000;4.9491267204284667969;5
87363000;4.9493412971496582031;5
87375000;4.949520111083984375;5
87386000;4.9453778266906738281;5
87398000;4.9469513893127441406;5
87409000;4.9491872787475585938;5
87420000;4.9478373527526855469;5
87431000;4.9477925300598144531;5
87444000;4.9472670555114746094;5
87455000;4.9486489295959472656;5
87467000;4.951568603515625;5
87478000;4.9501051902770996094;5
87489000;4.9505710601806640625;5
87501000;4.9506769180297851562;5
87513000;4.949443817138671875;5
87525000;4.9486012458801269531;5
87536000;4.9482750892639160156;5
87547000;4.9487805366516113281;5
87558000;4.9509229660034179688;5
87570000;4.9463906288146972656;5
87581000;4.9470310211181640625;5
87592000;4.9456844329833984375;5
87605000;4.9473786354064941406;5
87617000;4.9440646171569824219;5
87628000;4.9449839591979980469;5
87640000;4.9444832801818847656;5
87651000;4.9458355903625488281;5
87663000;4.9460954666137695312;5
87675000;4.9447107315063476562;5
87686000;4.9440202713012695312;5
87698000;4.9437699317932128906;5
87709000;4.9427456855773925781;5
87721000;4.9427399635314941406;5
87733000;4.9429578781127929688;5
87744000;4.9431447982788085938;5
87756000;4.9433751106262207031;5
87767000;4.9453792572021484375;5
87778000;4.9456830024719238281;5
87790000;4.9457831382751464844;5
87802000;4.9488086700439453125;5
87813000;4.9458398818969726562;5
87825000;4.9465494155883789062;5
87837000;4.94510650634765625;5
87849000;4.9451088905334472656;5
87860000;4.9435682296752929688;5
87873000;4.9449028968811035156;5
87885000;4.9445548057556152344;5
87897000;4.944927215576171875;5
87909000;4.9434399604797363281;5
87921000;4.910511016845703125;-5
87932000;3.5200088024139404297;-5
87945000;0.26935189962387084961;-5
87956000;-3.2326695919036865234;-5
87968000;-4.9482555389404296875;-5
87979000;-5.7885680198669433594;-5
87991000;-5.6275177001953125;-5
88003000;-4.9407930374145507812;-5
88014000;-4.2807269096374511719;-5
88026000;-4.3503198623657226562;-5
88038000;-4.9592113494873046875;-5
88049000;-5.2973761558532714844;-5
88060000;-4.9976329803466796875;-5
88072000;-4.742961883544921875;-5
88083000;-4.6895537376403808594;-5
88095000;-4.7899236679077148438;-5
88107000;-4.8705415725708007812;-5
88118000;-4.9836707115173339844;-5
88130000;-5.0830636024475097656;-5
88141000;-5.0114278793334960938;-5
88152000;-4.8748636245727539062;-5
88164000;-4.7684879302978515625;-5
88175000;-4.8546781539916992188;-5
88186000;-5.011280059814453125;-5
88198000;-5.0600919723510742188;-5
88209000;-4.9813094139099121094;-5
88221000;-4.8902845382690429688;-5
88233000;-4.8122868537902832031;-5
88243000;-4.7882404327392578125;-5
88254000;-4.9108080863952636719;-5
88267000;-5.0466589927673339844;-5
88278000;-5.0606737136840820312;-5
88290000;-4.9016833305358886719;-5
88303000;-4.7979588508605957031;-5
88315000;-4.83728790283203125;-5
88326000;-4.9454531669616699219;-5
88339000;-5.0300049781799316406;-5
88350000;-4.9995174407958984375;-5
88362000;-4.9162259101867675781;-5
88373000;-4.8397493362426757812;-5
88383000;-4.8383421897888183594;-5
88394000;-4.9112443923950195312;-5
88406000;-5.0031390190124511719;-5
88418000;-5.0180382728576660156;-5
88429000;-4.9445967674255371094;-5
88440000;-4.8946962356567382812;-5
88452000;-4.8693270683288574219;-5
88464000;-4.896640777587890625;-5
88476000;-4.9655280113220214844;-5
88487000;-5.0100131034851074219;-5
88499000;-4.9763326644897460938;-5
88510000;-4.9207510948181152344;-5
88523000;-4.883312225341796875;-5
88533000;-4.8828330039978027344;-5
88545000;-4.9297423362731933594;-5
88558000;-4.98909759521484375;-5
88568000;-5.0033869743347167969;-5
88581000;-4.9348669052124023438;-5
88592000;-4.9023189544677734375;-5
88603000;-4.8933668136596679688;-5
88615000;-4.9167490005493164062;-5
88626000;-4.9575200080871582031;-5
88638000;-4.9860234260559082031;-5
88650000;-4.9506368637084960938;-5
88661000;-4.9180669784545898438;-5
88673000;-4.912113189697265625;-5
88684000;-4.9243865013122558594;-5
88696000;-4.9417681694030761719;-5
88707000;-4.9460210800170898438;-5
88719000;-4.93372344970703125;-5
88731000;-4.9264211654663085938;-5
88742000;-4.9306912422180175781;-5
88754000;-4.9348406791687011719;-5
88765000;-4.9388875961303710938;-5
88777000;-4.9403524398803710938;-5
88789000;-4.9351906776428222656;-5
88802000;-4.9317159652709960938;-5
88813000;-4.9342756271362304688;-5
88825000;-4.9386458396911621094;-5
88836000;-4.9360308647155761719;-5
88848000;-4.9320383071899414062;-5
88860000;-4.9329714775085449219;-5
88872000;-4.9369826316833496094;-5
88883000;-4.9391531944274902344;-5
88895000;-4.9355854988098144531;-5
88905000;-4.9318327903747558594;-5
88917000;-4.9330158233642578125;-5
88928000;-4.9378647804260253906;-5
88939000;-4.9393954277038574219;-5
88952000;-4.9362530708312988281;-5
88964000;-4.9339151382446289062;-5
88975000;-4.9314084053039550781;-5
88987000;-4.9335079193115234375;-5
89000000;-4.9375743865966796875;-5
89011000;-4.936931610107421875;-5
89023000;-4.9323396682739257812;-5
89035000;-4.9329690933227539062;-5
89047000;-4.93357086181640625;-5
89059000;-4.9373531341552734375;-5
89071000;-4.9383196830749511719;-5
89083000;-4.9359536170959472656;-5
89094000;-4.9357466697692871094;-5
89106000;-4.9373183250427246094;-5
89118000;-4.9372210502624511719;-5
89129000;-4.9382796287536621094;-5
89141000;-4.9353203773498535156;-5
89153000;-4.9335842132568359375;-5
89164000;-4.9356856346130371094;-5
89175000;-4.9390354156494140625;-5
89190000;-4.9367961883544921875;-5
89202000;-4.9338545799255371094;-5
89214000;-4.9353461265563964844;-5
89226000;-4.9370684623718261719;-5
89237000;-4.9384989738464355469;-5
89248000;-4.9375615119934082031;-5
89259000;-4.9374561309814453125;-5
89271000;-4.9369907379150390625;-5
89283000;-4.9364867210388183594;-5
89294000;-4.9370403289794921875;-5
89305000;-4.9338049888610839844;-5
89317000;-4.9350986480712890625;-5
89328000;-4.9351181983947753906;-5
89340000;-4.9364533424377441406;-5
89352000;-4.9372286796569824219;-5
89363000;-4.9354791641235351562;-5
89375000;-4.9351930618286132812;-5
89386000;-4.937137603759765625;-5
89396000;-4.9373803138732910156;-5
89408000;-4.9389815330505371094;-5
89420000;-4.9384441375732421875;-5
89432000;-4.9391207695007324219;-5
89444000;-4.9383440017700195312;-5
89455000;-4.9382848739624023438;-5
89467000;-4.9377470016479492188;-5
89478000;-4.9378142356872558594;-5
89489000;-4.9376630783081054688;-5
89501000;-4.93743896484375;-5
89513000;-4.9369058609008789062;-5
89524000;-4.938297271728515625;-5
89536000;-4.9403162002563476562;-5
89548000;-4.9406294822692871094;-5
89559000;-4.9367671012878417969;-5
89571000;-4.9387426376342773438;-5
89583000;-4.9410681724548339844;-5
89594000;-4.9401674270629882812;-5
89605000;-4.942073822021484375;-5
89617000;-4.9408540725708007812;-5
89628000;-4.9443192481994628906;-5
89640000;-4.9454822540283203125;-5
89651000;-4.9459509849548339844;-5
89662000;-4.9454798698425292969;-5
89673000;-4.9449248313903808594;-5
89685000;-4.9458742141723632812;-5
89697000;-4.9467959403991699219;-5
89708000;-4.9466657638549804688;-5
89720000;-4.9481930732727050781;-5
89731000;-4.9483737945556640625;-5
89743000;-4.9469366073608398438;-5
89754000;-4.9454274177551269531;-5
89765000;-4.9484095573425292969;-5
89776000;-4.9480266571044921875;-5
89787000;-4.9468011856079101562;-5
89798000;-4.9455065727233886719;-5
89810000;-4.9464211463928222656;-5
89822000;-4.9461731910705566406;-5
89834000;-4.9461674690246582031;-5
89845000;-4.9471874237060546875;-5
89857000;-4.9474911689758300781;-5
89869000;-4.9480471611022949219;-5
89881000;-4.9479804039001464844;-5
89893000;-4.947307586669921875;-5
89904000;-4.9468293190002441406;-5
89916000;-4.9473872184753417969;-5
89927000;-4.947826385498046875;-5
89939000;-4.9468951225280761719;-5
89950000;-4.9467401504516601562;-5
89961000;-4.9450559616088867188;-5
89973000;-4.9446139335632324219;-5
89985000;-4.9460973739624023438;-5
89996000;-4.9481053352355957031;-5
90008000;-4.9492735862731933594;-5
90020000;-4.9476184844970703125;-5
90032000;-4.9469914436340332031;-5
90043000;-4.9489417076110839844;-5
90054000;-4.9495930671691894531;-5
90065000;-4.948192596435546875;-5
90077000;-4.9475445747375488281;-5
90088000;-4.9484982490539550781;-5
90100000;-4.9480562210083007812;-5
90112000;-4.9474806785583496094;-5
90123000;-4.9480352401733398438;-5
90135000;-4.9497861862182617188;-5
90146000;-4.9465188980102539062;-5
90157000;-4.9449744224548339844;-5
90169000;-4.9424042701721191406;-5
90180000;-4.9408307075500488281;-5
90191000;-4.9435214996337890625;-5
90203000;-4.941608428955078125;-5
90214000;-4.9405846595764160156;-5
90226000;-4.9409184455871582031;-5
90237000;-4.9409594535827636719;-5
90248000;-4.9415388107299804688;-5
90259000;-4.9407944679260253906;-5
90272000;-4.9404582977294921875;-5
90283000;-4.9415926933288574219;-5
90295000;-4.939823150634765625;-5
90306000;-4.9409003257751464844;-5
90318000;-4.9392046928405761719;-5
90331000;-4.9388227462768554688;-5
90342000;-4.9400868415832519531;-5
90355000;-4.9386315345764160156;-5
90367000;-4.9389729499816894531;-5
90379000;-4.9414796829223632812;-5
90392000;-4.9426541328430175781;-5
90403000;-4.9407553672790527344;-5
90416000;-4.9423947334289550781;5
90427000;-4.5202136039733886719;5
90439000;-2.2038729190826416016;5
90450000;0.67700123786926269531;5
90461000;3.931537628173828125;5
90473000;5.4284377098083496094;5
90484000;5.7166314125061035156;5
90496000;5.4911265373229980469;5
90508000;4.8644924163818359375;5
90519000;4.3929300308227539062;5
90530000;4.6120066642761230469;5
90542000;4.9202446937561035156;5
90553000;5.0396575927734375;5
90565000;5.0794882774353027344;5
90577000;5.0879840850830078125;5
90588000;5.0312356948852539062;5
90600000;4.9180049896240234375;5
90613000;4.8248910903930664062;5
90624000;4.8746786117553710938;5
90635000;4.9772825241088867188;5
90647000;5.0280356407165527344;5
90659000;4.9832048416137695312;5
90671000;4.8859415054321289062;5
90683000;4.8415365219116210938;5
90695000;4.8991208076477050781;5
90707000;5.0037250518798828125;5
90719000;5.0175027847290039062;5
90731000;4.9297738075256347656;5
90743000;4.857219696044921875;5
90754000;4.8716988563537597656;5
90765000;4.9466648101806640625;5
90776000;5.0005650520324707031;5
90788000;4.9842624664306640625;5
90799000;4.9149422645568847656;5
90810000;4.8785610198974609375;5
90822000;4.8952965736389160156;5
90833000;4.9430832862854003906;5
90845000;4.9617571830749511719;5
90855000;4.9459676742553710938;5
90867000;4.9266991615295410156;5
90879000;4.9243178367614746094;5
90890000;4.9306974411010742188;5
90901000;4.9351024627685546875;5
90913000;4.937225341796875;5
90926000;4.9420328140258789062;5
90939000;4.9390082359313964844;5
90950000;4.9293084144592285156;5
90962000;4.9278159141540527344;5
90974000;4.9402012825012207031;5
90986000;4.9507975578308105469;5
90998000;4.9471025466918945312;5
91009000;4.9369091987609863281;5
91022000;4.9351563453674316406;5
91033000;4.9386749267578125;5
91046000;4.9417181015014648438;5
91057000;4.94521331787109375;5
91068000;4.9459786415100097656;5
91080000;4.9421110153198242188;5
91091000;4.937732696533203125;5
91103000;4.938755035400390625;5
91113000;4.9427914619445800781;5
91126000;4.9459214210510253906;5
91137000;4.9440927505493164062;5
91149000;4.9433197975158691406;5
91161000;4.9427509307861328125;5
91172000;4.94547271728515625;5
91184000;4.9463872909545898438;5
91195000;4.9463558197021484375;5
91206000;4.9436578750610351562;5
91218000;4.9431242942810058594;5
91230000;4.9440164566040039062;5
91241000;4.945178985595703125;5
91254000;4.9460597038269042969;5
91265000;4.9440789222717285156;5
91277000;4.9442734718322753906;5
91288000;4.9444789886474609375;5
91301000;4.9465236663818359375;5
91313000;4.9446620941162109375;5
91324000;4.9466609954833984375;5
91335000;4.9475703239440917969;5
91348000;4.9465785026550292969;5
91359000;4.9486474990844726562;5
91370000;4.9470343589782714844;5
91381000;4.9488663673400878906;5
91392000;4.9481210708618164062;5
91405000;4.9503469467163085938;5
91416000;4.9486608505249023438;5
91427000;4.9499707221984863281;5
91439000;4.9504704475402832031;5
91451000;4.9499554634094238281;5
91462000;4.950244903564453125;5
91473000;4.9505329132080078125;5
91485000;4.9524054527282714844;5
91496000;4.951519012451171875;5
91507000;4.9516329765319824219;5
91519000;4.9524288177490234375;5
91530000;4.9527363777160644531;5
91541000;4.952976226806640625;5
91552000;4.9546332359313964844;5
91565000;4.95288848876953125;5
91576000;4.95435333251953125;5
91587000;4.9504604339599609375;5
91599000;4.9504017829895019531;5
91611000;4.9509320259094238281;5
91623000;4.9502882957458496094;5
91634000;4.9493865966796875;5
91646000;4.950897216796875;5
91657000;4.9496035575866699219;5
91669000;4.949161529541015625;5
91680000;4.9506435394287109375;5
91692000;4.9495220184326171875;5
91703000;4.9486360549926757812;5
91715000;4.9495453834533691406;5
91727000;4.9483242034912109375;5
91739000;4.9477744102478027344;5
91750000;4.9465670585632324219;5
91763000;4.9472975730895996094;5
91775000;4.9486055374145507812;5
91787000;4.9484505653381347656;5
91798000;4.9526319503784179688;5
91810000;4.9505858421325683594;5
91822000;4.9492316246032714844;5
91835000;4.9502124786376953125;5
91846000;4.952465057373046875;5
91858000;4.9534006118774414062;5
91869000;4.9545068740844726562;5
91880000;4.9560384750366210938;5
91891000;4.9561219215393066406;5
91903000;4.9556093215942382812;5
91913000;4.955104827880859375;5
91924000;4.9550366401672363281;5
91935000;4.9535241127014160156;5
91947000;4.9522037506103515625;5
91958000;4.9521269798278808594;5
91970000;4.9533319473266601562;5
91982000;4.9505887031555175781;5
91993000;4.9495015144348144531;5
92004000;4.9511694908142089844;5
92015000;4.950916290283203125;5
92027000;4.9526605606079101562;5
92038000;4.9522480964660644531;5
92050000;4.9538855552673339844;5
92061000;4.9529423713684082031;5
92073000;4.9530167579650878906;5
92084000;4.9562282562255859375;5
92096000;4.95660400390625;5
92107000;4.9549546241760253906;5
92119000;4.9537038803100585938;5
92130000;4.9518485069274902344;5
92142000;4.9539470672607421875;5
92153000;4.952411651611328125;5
92165000;4.95056915283203125;5
92176000;4.9501333236694335938;5
92188000;4.9484009742736816406;5
92199000;4.9500870704650878906;5
92210000;4.9475216865539550781;5
92222000;4.9489817619323730469;5
92234000;4.9481744766235351562;5
92246000;4.9488148689270019531;5
92257000;4.9484667778015136719;5
92269000;4.9479269981384277344;5
92281000;4.950397491455078125;5
92292000;4.9491600990295410156;5
92303000;4.9504914283752441406;5
92315000;4.9507532119750976562;5
92326000;4.9511799812316894531;5
92338000;4.9514713287353515625;5
92349000;4.9522833824157714844;5
92361000;4.950992584228515625;5
92373000;4.9548940658569335938;5
92384000;4.956256866455078125;5
92396000;4.9566903114318847656;5
92407000;4.9553151130676269531;5
92419000;4.9545049667358398438;5
92431000;4.95455169677734375;5
92443000;4.9544806480407714844;5
92454000;4.9535307884216308594;5
92466000;4.9528379440307617188;5
92477000;4.9554028511047363281;5
92488000;4.9563970565795898438;5
92500000;4.9532518386840820312;5
92511000;4.953205108642578125;5
92523000;4.95291900634765625;5
92535000;4.9519457817077636719;5
92547000;4.9536480903625488281;5
92559000;4.9527306556701660156;5
92570000;4.9507718086242675781;5
92583000;4.9497179985046386719;5
92595000;4.9506974220275878906;5
92606000;4.950099945068359375;5
92618000;4.9495754241943359375;5
92629000;4.9498548507690429688;5
92641000;4.9481568336486816406;5
92654000;4.949222564697265625;5
92665000;4.9494166374206542969;5
92676000;4.9509077072143554688;5
92687000;4.9490308761596679688;5
92698000;4.9492311477661132812;5
92709000;4.9514455795288085938;5
92721000;4.9497895240783691406;5
92732000;4.9490270614624023438;5
92744000;4.9509458541870117188;5
92756000;4.9509878158569335938;5
92767000;4.9495229721069335938;5
92779000;4.9475779533386230469;5
92790000;4.9478092193603515625;5
92802000;4.9487886428833007812;5
92814000;4.9482641220092773438;5
92826000;4.9493436813354492188;5
92837000;4.9492044448852539062;5
92849000;4.9489145278930664062;5
92860000;4.9494938850402832031;5
92871000;4.948184967041015625;5
92883000;4.9495644569396972656;5
92894000;4.9479584693908691406;5
92906000;4.94676971435546875;5
92917000;4.9478497505187988281;-5
92928000;4.8582005500793457031;-5
92940000;3.071575164794921875;-5
92951000;-0.33459138870239257812;-5
92962000;-3.2192337512969970703;-5
92974000;-5.1247143745422363281;-5
92986000;-5.808650970458984375;-5
92997000;-5.5377001762390136719;-5
93009000;-4.840423583984375;-5
93021000;-4.2627439498901367188;-5
93033000;-4.5493474006652832031;-5
93044000;-5.0610780715942382812;-5
93055000;-5.2933359146118164062;-5
93066000;-4.952953338623046875;-5
93078000;-4.72365570068359375;-5
93089000;-4.7112832069396972656;-5
93100000;-4.8018312454223632812;-5
93112000;-4.9103569984436035156;-5
93124000;-5.044361114501953125;-5
93137000;-5.0868668556213378906;-5
93148000;-5.0017948150634765625;-5
93160000;-4.8386831283569335938;-5
93172000;-4.8178124427795410156;-5
93184000;-4.9505782127380371094;-5
93196000;-5.0484337806701660156;-5
93207000;-5.0382752418518066406;-5
93219000;-4.9534320831298828125;-5
93231000;-4.8596825599670410156;-5
93243000;-4.7984595298767089844;-5
93254000;-4.8709287643432617188;-5
93267000;-5.0078740119934082031;-5
93278000;-5.0830826759338378906;-5
93289000;-5.0015511512756347656;-5
93301000;-4.8649082183837890625;-5
93313000;-4.8207268714904785156;-5
93325000;-4.9077472686767578125;-5
93337000;-5.0082635879516601562;-5
93348000;-5.0460410118103027344;-5
93359000;-4.986286163330078125;-5
93371000;-4.8937225341796875;-5
93383000;-4.8551359176635742188;-5
93395000;-4.9096713066101074219;-5
93406000;-4.9901475906372070312;-5
93418000;-5.0427441596984863281;-5
93429000;-4.9927520751953125;-5
93441000;-4.9291906356811523438;-5
93452000;-4.8993425369262695312;-5
93463000;-4.9109320640563964844;-5
93475000;-4.9599995613098144531;-5
93486000;-5.0119862556457519531;-5
93498000;-5.0091600418090820312;-5
93510000;-4.954799652099609375;-5
93521000;-4.9276857376098632812;-5
93533000;-4.9203939437866210938;-5
93545000;-4.9414172172546386719;-5
93557000;-4.9744544029235839844;-5
93569000;-4.977451324462890625;-5
93580000;-4.9564943313598632812;-5
93592000;-4.9426908493041992188;-5
93603000;-4.94510650634765625;-5
93615000;-4.9579186439514160156;-5
93627000;-4.9703822135925292969;-5
93639000;-4.9653143882751464844;-5
93650000;-4.9508085250854492188;-5
93661000;-4.9453287124633789062;-5
93672000;-4.9602780342102050781;-5
93684000;-4.9682555198669433594;-5
93697000;-4.9616670608520507812;-5
93709000;-4.9511036872863769531;-5
93720000;-4.9488549232482910156;-5
93732000;-4.956607818603515625;-5
93743000;-4.9631834030151367188;-5
93755000;-4.9575257301330566406;-5
93766000;-4.9530653953552246094;-5
93778000;-4.9528656005859375;-5
93789000;-4.9584460258483886719;-5
93801000;-4.96086883544921875;-5
93813000;-4.9592623710632324219;-5
93825000;-4.9531993865966796875;-5
93836000;-4.9533185958862304688;-5
93848000;-4.9577012062072753906;-5
93860000;-4.9617223739624023438;-5
93871000;-4.9610276222229003906;-5
93882000;-4.956295013427734375;-5
93894000;-4.953090667724609375;-5
93906000;-4.9548916816711425781;-5
93917000;-4.9570870399475097656;-5
93929000;-4.9580693244934082031;-5
93941000;-4.9540791511535644531;-5
93953000;-4.9498391151428222656;-5
93965000;-4.9528241157531738281;-5
93977000;-4.9556498527526855469;-5
93989000;-4.9563298225402832031;-5
94002000;-4.952892303466796875;-5
94013000;-4.9528188705444335938;-5
94026000;-4.954425811767578125;-5
94037000;-4.9580550193786621094;-5
94049000;-4.9569411277770996094;-5
94060000;-4.953067779541015625;-5
94072000;-4.9528288841247558594;-5
94085000;-4.9538464546203613281;-5
94096000;-4.9548006057739257812;-5
94108000;-4.9544968605041503906;-5
94119000;-4.952411651611328125;-5
94130000;-4.9514570236206054688;-5
94141000;-4.9514703750610351562;-5
94153000;-4.9524693489074707031;-5
94165000;-4.9536848068237304688;-5
94175000;-4.9531421661376953125;-5
94186000;-4.951084136962890625;-5
94197000;-4.9527821540832519531;-5
94209000;-4.952396392822265625;-5
94222000;-4.9548201560974121094;-5
94233000;-4.954254150390625;-5
94246000;-4.9551830291748046875;-5
94257000;-4.9548802375793457031;-5
94268000;-4.9560503959655761719;-5
94280000;-4.9570817947387695312;-5
94292000;-4.9560379981994628906;-5
94303000;-4.9555959701538085938;-5
94314000;-4.956478118896484375;-5
94326000;-4.9584293365478515625;-5
94337000;-4.9581446647644042969;-5
94348000;-4.9580321311950683594;-5
94359000;-4.9591464996337890625;-5
94370000;-4.9584932327270507812;-5
94382000;-4.9588766098022460938;-5
94395000;-4.9573111534118652344;-5
94407000;-4.958324432373046875;-5
94418000;-4.9562087059020996094;-5
94430000;-4.9583640098571777344;-5
94442000;-4.9582309722900390625;-5
94453000;-4.9600586891174316406;-5
94466000;-4.9591574668884277344;-5
94479000;-4.9607563018798828125;-5
94490000;-4.9601073265075683594;-5
94502000;-4.9621181488037109375;-5
94513000;-4.9636983871459960938;-5
94525000;-4.9638967514038085938;-5
94537000;-4.9625792503356933594;-5
94548000;-4.9638543128967285156;-5
94559000;-4.9625115394592285156;-5
94571000;-4.9615683555603027344;-5
94582000;-4.9601449966430664062;-5
94594000;-4.9617915153503417969;-5
94605000;-4.9605116844177246094;-5
94617000;-4.9594235420227050781;-5
94628000;-4.960052490234375;-5
94640000;-4.9616398811340332031;-5
94651000;-4.9607095718383789062;-5
94663000;-4.9579825401306152344;-5
94674000;-4.960163116455078125;-5
94685000;-4.9608502388000488281;-5
94697000;-4.9610271453857421875;-5
94708000;-4.9609150886535644531;-5
94720000;-4.961765289306640625;-5
94732000;-4.9640102386474609375;-5
94744000;-4.9625873565673828125;-5
94755000;-4.9656915664672851562;-5
94767000;-4.9653000831604003906;-5
94778000;-4.9647364616394042969;-5
94791000;-4.9659814834594726562;-5
94803000;-4.9650807380676269531;-5
94815000;-4.9646306037902832031;-5
94826000;-4.9641981124877929688;-5
94838000;-4.9643993377685546875;-5
94849000;-4.9667835235595703125;-5
94861000;-4.9657869338989257812;-5
94873000;-4.9653635025024414062;-5
94885000;-4.96624755859375;-5
94897000;-4.966037750244140625;-5
94909000;-4.9673991203308105469;-5
94920000;-4.9657154083251953125;-5
94931000;-4.9644842147827148438;-5
94942000;-4.9659676551818847656;-5
94953000;-4.9667649269104003906;-5
94963000;-4.9683632850646972656;-5
94975000;-4.9684796333312988281;-5
94986000;-4.9703593254089355469;-5
94998000;-4.9708247184753417969;-5
95009000;-4.9706673622131347656;-5
95021000;-4.9719676971435546875;-5
95033000;-4.9702210426330566406;-5
95044000;-4.9716658592224121094;-5
95055000;-4.9714107513427734375;-5
95067000;-4.9718279838562011719;-5
95079000;-4.9703536033630371094;-5
95091000;-4.9733400344848632812;-5
95103000;-4.97454071044921875;-5
95114000;-4.971996307373046875;-5
95126000;-4.9728121757507324219;-5
95138000;-4.9718642234802246094;-5
95149000;-4.9728264808654785156;-5
95160000;-4.97263336181640625;-5
95173000;-4.9731173515319824219;-5
95184000;-4.971405029296875;-5
95196000;-4.9716339111328125;-5
95207000;-4.972919464111328125;-5
95219000;-4.9729104042053222656;-5
95231000;-4.9728398323059082031;-5
95242000;-4.972225189208984375;-5
95255000;-4.9707174301147460938;-5
95266000;-4.9721288681030273438;-5
95278000;-4.9695124626159667969;-5
95290000;-4.9683971405029296875;-5
95302000;-4.9680104255676269531;-5
95314000;-4.9670686721801757812;-5
95325000;-4.97026824951171875;-5
95337000;-4.9710788726806640625;-5
95348000;-4.9727544784545898438;-5
95359000;-4.973659515380859375;-5
95371000;-4.9732356071472167969;-5
95383000;-4.9719557762145996094;-5
95394000;-4.9709296226501464844;-5
95407000;-4.9701633453369140625;-5
95418000;-4.9709262847900390625;5
95430000;-4.5378584861755371094;5
95442000;-2.1945397853851318359;5
95453000;1.302355647087097168;5
95465000;4.3828930854797363281;5
95476000;5.5815296173095703125;5
95488000;5.7143497467041015625;5
95500000;5.3674268722534179688;5
95512000;4.5572352409362792969;5
95523000;4.4193429946899414062;5
95535000;4.7677631378173828125;5
95547000;4.9793443679809570312;5
95559000;5.0553460121154785156;5
95571000;5.09765625;5
95584000;5.0987071990966796875;5
95597000;4.9692788124084472656;5
95610000;4.8342471122741699219;5
95622000;4.8366808891296386719;5
95633000;4.9431896209716796875;5
95645000;5.0230512619018554688;5
95656000;5.0286946296691894531;5
95668000;4.9487318992614746094;5
95679000;4.8583202362060546875;5
95690000;4.8525662422180175781;5
95703000;4.9589605331420898438;5
95715000;5.0398907661437988281;5
95727000;4.9997544288635253906;5
95738000;4.9084768295288085938;5
95749000;4.8704504966735839844;5
95761000;4.9138269424438476562;5
95773000;4.993953704833984375;5
95784000;5.0208649635314941406;5
95796000;4.9788203239440917969;5
95808000;4.9089212417602539062;5
95819000;4.8937501907348632812;5
95831000;4.9357295036315917969;5
95842000;4.9717507362365722656;5
95854000;4.9676260948181152344;5
95866000;4.9459528923034667969;5
95878000;4.9345979690551757812;5
95890000;4.936855316162109375;5
95901000;4.9430584907531738281;5
95912000;4.9461989402770996094;5
95923000;4.9538531303405761719;5
95935000;4.9526095390319824219;5
95946000;4.9466314315795898438;5
95958000;4.9389758110046386719;5
95969000;4.9375085830688476562;5
95981000;4.94972991943359375;5
95992000;4.9586377143859863281;5
96004000;4.9543442726135253906;5
96015000;4.9431352615356445312;5
96027000;4.9401807785034179688;5
96039000;4.9457402229309082031;5
96051000;4.9525623321533203125;5
96063000;4.9545950889587402344;5
96075000;4.9508757591247558594;5
96086000;4.9469580650329589844;5
96099000;4.9437723159790039062;5
96112000;4.950069427490234375;5
96124000;4.9533839225769042969;5
96136000;4.9528841972351074219;5
96147000;4.9503574371337890625;5
96159000;4.948932647705078125;5
96171000;4.9511747360229492188;5
96183000;4.9564924240112304688;5
96195000;4.9551019668579101562;5
96206000;4.9539675712585449219;5
96218000;4.9530377388000488281;5
96230000;4.951602935791015625;5
96241000;4.9518752098083496094;5
96252000;4.953029632568359375;5
96264000;4.9528536796569824219;5
96275000;4.9519367218017578125;5
96287000;4.9514474868774414062;5
96299000;4.9500341415405273438;5
96311000;4.948337554931640625;5
96323000;4.9460000991821289062;5
96334000;4.9451780319213867188;5
96347000;4.9454321861267089844;5
96359000;4.9457783699035644531;5
96371000;4.9460315704345703125;5
96383000;4.9461240768432617188;5
96395000;4.9463367462158203125;5
96407000;4.9454851150512695312;5
96419000;4.945194244384765625;5
96431000;4.9464211463928222656;5
96443000;4.9447259902954101562;5
96454000;4.9443726539611816406;5
96466000;4.9472522735595703125;5
96477000;4.9463520050048828125;5
96489000;4.9447484016418457031;5
96501000;4.945652008056640625;5
96512000;4.9452266693115234375;5
96525000;4.945575714111328125;5
96537000;4.9448962211608886719;5
96548000;4.9476561546325683594;5
96559000;4.9484868049621582031;5
96571000;4.94773101806640625;5
96583000;4.9458341598510742188;5
96595000;4.9468054771423339844;5
96607000;4.9457907676696777344;5
96619000;4.9448404312133789062;5
96631000;4.9454927444458007812;5
96642000;4.9449491500854492188;5
96654000;4.9464993476867675781;5
96665000;4.9457898139953613281;5
96677000;4.9475550651550292969;5
96688000;4.9457302093505859375;5
96700000;4.9479613304138183594;5
96711000;4.9472718238830566406;5
96723000;4.9460663795471191406;5
96735000;4.9455103874206542969;5
96747000;4.9458346366882324219;5
96758000;4.9457635879516601562;5
96771000;4.9435777664184570312;5
96783000;4.9445772171020507812;5
96794000;4.9466571807861328125;5
96806000;4.9459738731384277344;5
96818000;4.9449834823608398438;5
96829000;4.945919036865234375;5
96841000;4.944583892822265625;5
96854000;4.9453387260437011719;5
96867000;4.9482388496398925781;5
96879000;4.9483227729797363281;5
96891000;4.9501013755798339844;5
96901000;4.9485769271850585938;5
96913000;4.9493050575256347656;5
96925000;4.9507303237915039062;5
96937000;4.9497675895690917969;5
96949000;4.9513440132141113281;5
96963000;4.9511651992797851562;5
96974000;4.9496717453002929688;5
96986000;4.9507431983947753906;5
96997000;4.9506397247314453125;5
97009000;4.9501748085021972656;5
97020000;4.9488477706909179688;5
97033000;4.9493088722229003906;5
97044000;4.9506287574768066406;5
97055000;4.9492712020874023438;5
97066000;4.9498872756958007812;5
97077000;4.9484896659851074219;5
97088000;4.9489688873291015625;5
97100000;4.9496712684631347656;5
97110000;4.9479727745056152344;5
97121000;4.9474382400512695312;5
97133000;4.9486174583435058594;5
97144000;4.9475712776184082031;5
97156000;4.948963165283203125;5
97167000;4.9502739906311035156;5
97179000;4.9482922554016113281;5
97190000;4.9483141899108886719;5
97202000;4.9473943710327148438;5
97215000;4.9458031654357910156;5
97226000;4.9464697837829589844;5
97238000;4.9445614814758300781;5
97249000;4.9456377029418945312;5
97260000;4.9469580650329589844;5
97271000;4.9471220970153808594;5
97282000;4.9474697113037109375;5
97293000;4.9468212127685546875;5
97304000;4.949092864990234375;5
97316000;4.9466042518615722656;5
97328000;4.9448723793029785156;5
97340000;4.9450755119323730469;5
97351000;4.9453272819519042969;5
97363000;4.9458460807800292969;5
97375000;4.9454751014709472656;5
97386000;4.9446396827697753906;5
97397000;4.9448308944702148438;5
97409000;4.9447984695434570312;5
97420000;4.9445505142211914062;5
97431000;4.9450945854187011719;5
97444000;4.9449901580810546875;5
97455000;4.9456067085266113281;5
97467000;4.9431118965148925781;5
97479000;4.9425201416015625;5
97490000;4.9437575340270996094;5
97502000;4.9456720352172851562;5
97514000;4.947101593017578125;5
97526000;4.9455404281616210938;5
97537000;4.9445300102233886719;5
97549000;4.9458370208740234375;5
97561000;4.9477634429931640625;5
97573000;4.9462418556213378906;5
97584000;4.9483933448791503906;5
97596000;4.9474263191223144531;5
97607000;4.9481101036071777344;5
97620000;4.9483957290649414062;5
97633000;4.9484505653381347656;5
97644000;4.9478244781494140625;5
97656000;4.9458742141723632812;5
97668000;4.9454522132873535156;5
97680000;4.9457049369812011719;5
97691000;4.945880889892578125;5
97703000;4.9455294609069824219;5
97714000;4.9464893341064453125;5
97726000;4.945186614990234375;5
97737000;4.9461083412170410156;5
97749000;4.9448981285095214844;5
97761000;4.9436945915222167969;5
97773000;4.9435095787048339844;5
97784000;4.9426422119140625;5
97797000;4.9439206123352050781;5
97808000;4.9444179534912109375;5
97820000;4.9443678855895996094;5
97832000;4.9427967071533203125;5
97844000;4.9430084228515625;5
97856000;4.9441471099853515625;5
97867000;4.9433255195617675781;5
97879000;4.9436516761779785156;5
97891000;4.9427042007446289062;5
97903000;4.9418306350708007812;5
97914000;4.9431080818176269531;5
97925000;4.9285130500793457031;-5
97937000;3.9310171604156494141;-5
97948000;0.8927624821662902832;-5
97960000;-2.0062410831451416016;-5
97972000;-4.604949951171875;-5
97984000;-5.6581540107727050781;-5
97995000;-5.697231292724609375;-5
98006000;-5.2056174278259277344;-5
98018000;-4.3632497787475585938;-5
98030000;-4.32752227783203125;-5
98041000;-4.8099336624145507812;-5
98052000;-5.3012385368347167969;-5
98065000;-5.088260650634765625;-5
98077000;-4.7579331398010253906;-5
98088000;-4.6882901191711425781;-5
98100000;-4.7754807472229003906;-5
98112000;-4.8740868568420410156;-5
98124000;-4.9813256263732910156;-5
98135000;-5.08866119384765625;-5
98147000;-5.0310254096984863281;-5
98159000;-4.8722858428955078125;-5
98171000;-4.7822351455688476562;-5
98182000;-4.8916306495666503906;-5
98194000;-5.023059844970703125;-5
98205000;-5.0655241012573242188;-5
98216000;-4.9808969497680664062;-5
98227000;-4.8832516670227050781;-5
98239000;-4.8168501853942871094;-5
98251000;-4.8427872657775878906;-5
98262000;-4.9507832527160644531;-5
98274000;-5.0502495765686035156;-5
98285000;-5.0703577995300292969;-5
98297000;-4.9186215400695800781;-5
98309000;-4.8009033203125;-5
98321000;-4.8489694595336914062;-5
98332000;-4.9644513130187988281;-5
98344000;-5.0381822586059570312;-5
98356000;-4.99842071533203125;-5
98368000;-4.9145045280456542969;-5
98380000;-4.8559975624084472656;-5
98391000;-4.8625621795654296875;-5
98402000;-4.9654569625854492188;-5
98414000;-5.0307970046997070312;-5
98426000;-5.0117578506469726562;-5
98437000;-4.9340586662292480469;-5
98450000;-4.8893933296203613281;-5
98461000;-4.8973927497863769531;-5
98473000;-4.9561104774475097656;-5
98484000;-5.0115609169006347656;-5
98495000;-5.0230417251586914062;-5
98506000;-4.9515242576599121094;-5
98518000;-4.9013385772705078125;-5
98530000;-4.8966722488403320312;-5
98542000;-4.9283070564270019531;-5
98554000;-4.9904999732971191406;-5
98565000;-5.0310268402099609375;-5
98576000;-5.0023851394653320312;-5
98587000;-4.9220528602600097656;-5
98599000;-4.8858828544616699219;-5
98610000;-4.9095349311828613281;-5
98622000;-4.9788565635681152344;-5
98634000;-5.0334944725036621094;-5
98646000;-5.00667572021484375;-5
98658000;-4.9234743118286132812;-5
98671000;-4.8824634552001953125;-5
98682000;-4.9076180458068847656;-5
98694000;-4.9809260368347167969;-5
98706000;-5.0286002159118652344;-5
98716000;-5.0184397697448730469;-5
98729000;-4.9394292831420898438;-5
98740000;-4.8920993804931640625;-5
98752000;-4.89427947998046875;-5
98764000;-4.956760406494140625;-5
98775000;-5.0229501724243164062;-5
98787000;-5.0312757492065429688;-5
98799000;-4.9550876617431640625;-5
98811000;-4.8996987342834472656;-5
98823000;-4.8983445167541503906;-5
98834000;-4.9607796669006347656;-5
98846000;-5.0176954269409179688;-5
98858000;-5.0316905975341796875;-5
98869000;-4.9683861732482910156;-5
98881000;-4.9064769744873046875;-5
98892000;-4.897777557373046875;-5
98905000;-4.9497900009155273438;-5
98916000;-5.0178966522216796875;-5
98928000;-5.0432820320129394531;-5
98939000;-4.9870848655700683594;-5
98951000;-4.916614532470703125;-5
98963000;-4.8953051567077636719;-5
98975000;-4.9391498565673828125;-5
98986000;-4.9979066848754882812;-5
98998000;-5.0437521934509277344;-5
99009000;-5.0014643669128417969;-5
99021000;-4.9267101287841796875;-5
99033000;-4.8969273567199707031;-5
99044000;-4.9282250404357910156;-5
99056000;-4.9853754043579101562;-5
99068000;-5.0463037490844726562;-5
99080000;-5.0023241043090820312;-5
99091000;-4.9388022422790527344;-5
99102000;-4.9010472297668457031;-5
99114000;-4.913379669189453125;-5
99125000;-4.9791021347045898438;-5
99137000;-5.0363092422485351562;-5
99148000;-5.029453277587890625;-5
99160000;-4.9651899337768554688;-5
99171000;-4.9094600677490234375;-5
99183000;-4.9083003997802734375;-5
99194000;-4.9669146537780761719;-5
99207000;-5.03203582763671875;-5
99218000;-5.0376086235046386719;-5
99231000;-4.9639654159545898438;-5
99242000;-4.911746978759765625;-5
99253000;-4.9081969261169433594;-5
99265000;-4.9557604789733886719;-5
99276000;-5.0129632949829101562;-5
99287000;-5.0491466522216796875;-5
99299000;-4.9922709465026855469;-5
99310000;-4.9236283302307128906;-5
99322000;-4.9019188880920410156;-5
99333000;-4.9323630332946777344;-5
99345000;-5.001461029052734375;-5
99357000;-5.0491085052490234375;-5
99368000;-5.0086803436279296875;-5
99379000;-4.9429202079772949219;-5
99391000;-4.9044528007507324219;-5
99402000;-4.9237203598022460938;-5
99414000;-4.9808564186096191406;-5
99425000;-5.0391511917114257812;-5
99437000;-5.0316805839538574219;-5
99449000;-4.9543328285217285156;-5
99461000;-4.9074268341064453125;-5
99472000;-4.9098572731018066406;-5
99483000;-4.9704403877258300781;-5
99494000;-5.0318517684936523438;-5
99506000;-5.046886444091796875;-5
99517000;-4.9780335426330566406;-5
99528000;-4.9251708984375;-5
99540000;-4.9032201766967773438;-5
99551000;-4.9452958106994628906;-5
99562000;-5.0144562721252441406;-5
99574000;-5.0488524436950683594;-5
99585000;-5.0095858573913574219;-5
99597000;-4.9360079765319824219;-5
99608000;-4.9053759574890136719;-5
99620000;-4.9234328269958496094;-5
99631000;-4.9948854446411132812;-5
99643000;-5.0458288192749023438;-5
99654000;-5.0243444442749023438;-5
99666000;-4.9593558311462402344;-5
99677000;-4.9120221138000488281;-5
99689000;-4.9201517105102539062;-5
99702000;-4.982059478759765625;-5
99714000;-5.0406432151794433594;-5
99726000;-5.0206270217895507812;-5
99738000;-4.9470782279968261719;-5
99750000;-4.9138703346252441406;-5
99761000;-4.9213709831237792969;-5
99773000;-4.9857745170593261719;-5
99785000;-5.0404338836669921875;-5
99797000;-5.0338697433471679688;-5
99809000;-4.9600706100463867188;-5
99820000;-4.9194250106811523438;-5
99831000;-4.9166302680969238281;-5
99843000;-4.9715466499328613281;-5
99854000;-5.0248055458068847656;-5
99865000;-5.0503926277160644531;-5
99877000;-4.9878911972045898438;-5
99889000;-4.9271769523620605469;-5
99901000;-4.9129023551940917969;-5
99913000;-4.95989990234375;-5
99925000;-5.0271158218383789062;-5
99937000;-5.0560212135314941406;-5
99948000;-5.00435638427734375;-5
99959000;-4.9345273971557617188;-5
99970000;-4.9107999801635742188;-5
99982000;-4.9513049125671386719;-5
99994000;-5.011993408203125;-5
100005000;-5.0551519393920898438;-5
100017000;-5.0128726959228515625;-5
100029000;-4.942241668701171875;-5
100041000;-4.9126787185668945312;-5
100053000;-4.9414081573486328125;-5
100064000;-5.0084590911865234375;-5
100076000;-5.0518765449523925781;-5
100088000;-5.0311288833618164062;-5
100099000;-4.9512205123901367188;-5
100111000;-4.910327911376953125;-5
100122000;-4.9196839332580566406;-5
100134000;-4.9887495040893554688;-5
100145000;-5.0478310585021972656;-5
100156000;-5.0390176773071289062;-5
100168000;-4.97318267822265625;-5
100179000;-4.9205865859985351562;-5
100191000;-4.9190421104431152344;-5
100203000;-4.9797301292419433594;-5
100215000;-5.0416617393493652344;-5
100226000;-5.048389434814453125;-5
100238000;-4.9871478080749511719;-5
100249000;-4.92549896240234375;-5
100262000;-4.9153079986572265625;-5
100275000;-4.983058929443359375;-5
100286000;-5.0435519218444824219;-5
100298000;-5.0449614524841308594;-5
100311000;-4.9716978073120117188;-5
100323000;-4.9228549003601074219;-5
100334000;-4.9166240692138671875;-5
100346000;-4.9837217330932617188;-5
100358000;-5.0432257652282714844;-5
100371000;-5.045253753662109375;-5
100382000;-4.9699316024780273438;-5
100393000;-4.9250578880310058594;-5
100405000;-4.916706085205078125;-5
100417000;-4.9764580726623535156;-5
100429000;-4.9901127815246582031;5
100441000;-3.3739628791809082031;5
100453000;-0.21024639904499053955;5
100465000;3.1883928775787353516;5
100476000;5.1172313690185546875;5
100488000;5.6000957489013671875;5
100501000;5.4190549850463867188;5
100513000;4.8073215484619140625;5
100524000;4.3887753486633300781;5
100535000;4.611698150634765625;5
100546000;4.9315395355224609375;5
100558000;5.0526585578918457031;5
100569000;5.0758328437805175781;5
100581000;5.0811100006103515625;5
100593000;5.0461530685424804688;5
100604000;4.9428758621215820312;5
100616000;4.8262171745300292969;5
100628000;4.8563990592956542969;5
100640000;4.9664969444274902344;5
100651000;5.0279111862182617188;5
100663000;5.0079059600830078125;5
100675000;4.9193615913391113281;5
100687000;4.8446078300476074219;5
100698000;4.88048553466796875;5
100710000;4.9799604415893554688;5
100722000;5.0450243949890136719;5
100734000;4.9728727340698242188;5
100745000;4.8976016044616699219;5
100757000;4.8821868896484375;5
100768000;4.9488286972045898438;5
100780000;5.0128989219665527344;5
100791000;5.0120053291320800781;5
100803000;4.9517755508422851562;5
100814000;4.9056234359741210938;5
100826000;4.9131011962890625;5
100838000;4.956645965576171875;5
100850000;4.9779667854309082031;5
100861000;4.9639539718627929688;5
100873000;4.94873046875;5
100885000;4.9492931365966796875;5
100896000;4.9554219245910644531;5
100907000;4.9558305740356445312;5
100919000;4.9618983268737792969;5
100930000;4.9684872627258300781;5
100941000;4.9692988395690917969;5
100953000;4.9577498435974121094;5
100964000;4.9478302001953125;5
100976000;4.9555745124816894531;5
100988000;4.9694771766662597656;5
100999000;4.9714994430541992188;5
101011000;4.9628195762634277344;5
101023000;4.957500457763671875;5
101034000;4.9573941230773925781;5
101047000;4.9594368934631347656;5
101058000;4.9667344093322753906;5
101069000;4.9689545631408691406;5
101081000;4.9634594917297363281;5
101092000;4.9626092910766601562;5
101105000;4.9638514518737792969;5
101116000;4.967071533203125;5
101128000;4.9706315994262695312;5
101140000;4.9683146476745605469;5
101151000;4.9668436050415039062;5
101163000;4.9633922576904296875;5
101174000;4.9648108482360839844;5
101186000;4.9685735702514648438;5
101197000;4.9700336456298828125;5
101208000;4.9688739776611328125;5
101220000;4.9685411453247070312;5
101233000;4.9691367149353027344;5
101244000;4.9678292274475097656;5
101256000;4.9684529304504394531;5
101267000;4.9698247909545898438;5
101279000;4.9691982269287109375;5
101291000;4.9683785438537597656;5
101303000;4.9685530662536621094;5
101315000;4.9696593284606933594;5
101327000;4.9687466621398925781;5
101339000;4.9702005386352539062;5
101351000;4.9691090583801269531;5
101362000;4.9702701568603515625;5
101374000;4.9704341888427734375;5
101386000;4.9709973335266113281;5
101398000;4.9701991081237792969;5
101409000;4.9696469306945800781;5
101421000;4.9694666862487792969;5
101433000;4.9687409400939941406;5
101444000;4.9682812690734863281;5
101456000;4.9689202308654785156;5
101468000;4.9697513580322265625;5
101480000;4.9682478904724121094;5
101491000;4.9701910018920898438;5
101503000;4.9684391021728515625;5
101515000;4.9670190811157226562;5
101525000;4.9673590660095214844;5
101537000;4.9679493904113769531;5
101548000;4.9676160812377929688;5
101561000;4.9657120704650878906;5
101573000;4.9667110443115234375;5
101584000;4.9678468704223632812;5
101595000;4.9676156044006347656;5
101607000;4.97002410888671875;5
101619000;4.96991729736328125;5
101630000;4.9681200981140136719;5
101641000;4.9689841270446777344;5
101653000;4.9696941375732421875;5
101665000;4.9688458442687988281;5
101677000;4.9701471328735351562;5
101688000;4.9690804481506347656;5
101700000;4.9699425697326660156;5
101712000;4.9690613746643066406;5
101723000;4.9680581092834472656;5
101735000;4.9682860374450683594;5
101747000;4.9659361839294433594;5
101759000;4.9660429954528808594;5
101770000;4.9639210700988769531;5
101781000;4.9642090797424316406;5
101793000;4.9680223464965820312;5
101805000;4.9667272567749023438;5
101817000;4.9660091400146484375;5
101828000;4.9671239852905273438;5
101840000;4.9651045799255371094;5
101852000;4.9659376144409179688;5
101863000;4.9657602310180664062;5
101875000;4.9678568840026855469;5
101887000;4.9698176383972167969;5
101899000;4.9691100120544433594;5
101910000;4.967716217041015625;5
101923000;4.9686689376831054688;5
101935000;4.9668684005737304688;5
101946000;4.9653444290161132812;5
101958000;4.9674978256225585938;5
101970000;4.9666166305541992188;5
101983000;4.9670095443725585938;5
101994000;4.968109130859375;5
102005000;4.964748382568359375;5
102017000;4.9647278785705566406;5
102030000;4.9646892547607421875;5
102041000;4.9664583206176757812;5
102052000;4.9675955772399902344;5
102065000;4.9675045013427734375;5
102077000;4.9669117927551269531;5
102088000;4.9668903350830078125;5
102100000;4.966022491455078125;5
102112000;4.9660964012145996094;5
102123000;4.963977813720703125;5
102136000;4.9651203155517578125;5
102147000;4.9624981880187988281;5
102158000;4.9607615470886230469;5
102169000;4.961376190185546875;5
102181000;4.9623274803161621094;5
102193000;4.9628062248229980469;5
102204000;4.9634776115417480469;5
102215000;4.963970184326171875;5
102227000;4.96292877197265625;5
102238000;4.963886260986328125;5
102250000;4.9636826515197753906;5
102262000;4.9637479782104492188;5
102274000;4.963352203369140625;5
102285000;4.9636263847351074219;5
102296000;4.9653944969177246094;5
102308000;4.9640836715698242188;5
102319000;4.9639115333557128906;5
102331000;4.9646754264831542969;5
102343000;4.9651780128479003906;5
102355000;4.964138031005859375;5
102367000;4.964752197265625;5
102379000;4.9644861221313476562;5
102391000;4.9650049209594726562;5
102402000;4.9649977684020996094;5
102413000;4.9642720222473144531;5
102425000;4.9659414291381835938;5
102436000;4.9652323722839355469;5
102448000;4.9646778106689453125;5
102460000;4.9641728401184082031;5
102471000;4.9640803337097167969;5
102483000;4.9640378952026367188;5
102493000;4.9634552001953125;5
102506000;4.9641146659851074219;5
102517000;4.9638423919677734375;5
102529000;4.9646511077880859375;5
102540000;4.9614443778991699219;5
102551000;4.9639635086059570312;5
102563000;4.9654192924499511719;5
102575000;4.9647650718688964844;5
102586000;4.9655346870422363281;5
102597000;4.9633226394653320312;5
102608000;4.9617438316345214844;5
102620000;4.960628509521484375;5
102631000;4.9607486724853515625;5
102643000;4.9634814262390136719;5
102654000;4.9615397453308105469;5
102666000;4.9611034393310546875;5
102677000;4.9598202705383300781;5
102689000;4.9583945274353027344;5
102700000;4.958911895751953125;5
102711000;4.9577908515930175781;5
102723000;4.9573302268981933594;5
102735000;4.9568314552307128906;5
102746000;4.9563279151916503906;5
102758000;4.9582719802856445312;5
102770000;4.9583902359008789062;5
102781000;4.9592614173889160156;5
102793000;4.961582183837890625;5
102805000;4.9627842903137207031;5
102816000;4.9621434211730957031;5
102828000;4.9620103836059570312;5
102839000;4.9591784477233886719;5
102850000;4.95922088623046875;5
102863000;4.9582724571228027344;5
102875000;4.9581613540649414062;5
102887000;4.9578595161437988281;5
102899000;4.9553518295288085938;5
102910000;4.9572200775146484375;5
102922000;4.9579877853393554688;-5
102933000;4.7118592262268066406;-5
102945000;2.5608155727386474609;-5
102956000;-0.92041957378387451172;-5
102968000;-3.6654469966888427734;-5
102979000;-5.2999711036682128906;-5
102991000;-5.8133869171142578125;-5
103003000;-5.427978515625;-5
103014000;-4.7043828964233398438;-5
103026000;-4.2440180778503417969;-5
103037000;-4.5178570747375488281;-5
103048000;-5.1284656524658203125;-5
103060000;-5.3079166412353515625;-5
103071000;-4.9763178825378417969;-5
103082000;-4.7020788192749023438;-5
103094000;-4.6884899139404296875;-5
103105000;-4.7940669059753417969;-5
103119000;-4.9160895347595214844;-5
103130000;-5.0605311393737792969;-5
103143000;-5.0792560577392578125;-5
103155000;-4.9384136199951171875;-5
103166000;-4.7915244102478027344;-5
103178000;-4.7980608940124511719;-5
103189000;-4.9531850814819335938;-5
103200000;-5.0656499862670898438;-5
103211000;-5.0226731300354003906;-5
103222000;-4.9303565025329589844;-5
103234000;-4.8435769081115722656;-5
103246000;-4.8046298027038574219;-5
103257000;-4.8582224845886230469;-5
103270000;-5.0150380134582519531;-5
103282000;-5.0805759429931640625;-5
103293000;-4.9876451492309570312;-5
103305000;-4.844234466552734375;-5
103317000;-4.8068451881408691406;-5
103328000;-4.8822979927062988281;-5
103339000;-4.9876346588134765625;-5
103351000;-5.0437684059143066406;-5
103362000;-4.9793148040771484375;-5
103374000;-4.8991761207580566406;-5
103386000;-4.8424553871154785156;-5
103397000;-4.8912587165832519531;-5
103410000;-4.9925274848937988281;-5
103421000;-5.040706634521484375;-5
103433000;-4.9773187637329101562;-5
103445000;-4.9108257293701171875;-5
103456000;-4.88311767578125;-5
103468000;-4.9139537811279296875;-5
103480000;-4.9729976654052734375;-5
103491000;-5.0228834152221679688;-5
103502000;-4.9915370941162109375;-5
103514000;-4.9328827857971191406;-5
103526000;-4.8974566459655761719;-5
103537000;-4.8980913162231445312;-5
103549000;-4.9489407539367675781;-5
103561000;-5.0093245506286621094;-5
103573000;-5.0254454612731933594;-5
103585000;-4.9542889595031738281;-5
103598000;-4.8962469100952148438;-5
103610000;-4.8902416229248046875;-5
103621000;-4.9420633316040039062;-5
103633000;-5.007762908935546875;-5
103645000;-5.0347757339477539062;-5
103657000;-4.9645924568176269531;-5
103668000;-4.8993430137634277344;-5
103679000;-4.8864922523498535156;-5
103690000;-4.9271526336669921875;-5
103703000;-4.9958934783935546875;-5
103715000;-5.0386552810668945312;-5
103726000;-4.9881386756896972656;-5
103738000;-4.9144244194030761719;-5
103749000;-4.8903102874755859375;-5
103761000;-4.9113340377807617188;-5
103773000;-4.98291015625;-5
103785000;-5.0369915962219238281;-5
103797000;-5.0083470344543457031;-5
103809000;-4.9303464889526367188;-5
103819000;-4.8942861557006835938;-5
103831000;-4.9041333198547363281;-5
103843000;-4.9728655815124511719;-5
103854000;-5.034454345703125;-5
103865000;-5.0346212387084960938;-5
103879000;-4.9425501823425292969;-5
103890000;-4.9026865959167480469;-5
103901000;-4.8988776206970214844;-5
103913000;-4.9582037925720214844;-5
103924000;-5.0244641304016113281;-5
103935000;-5.044551849365234375;-5
103947000;-4.978099822998046875;-5
103959000;-4.9132089614868164062;-5
103970000;-4.8943715095520019531;-5
103981000;-4.9314084053039550781;-5
103992000;-5.0045375823974609375;-5
104004000;-5.0472855567932128906;-5
104016000;-4.9970245361328125;-5
104029000;-4.9249143600463867188;-5
104040000;-4.9015250205993652344;-5
104051000;-4.9268584251403808594;-5
104063000;-4.9942793846130371094;-5
104075000;-5.0449476242065429688;-5
104087000;-5.0153574943542480469;-5
104099000;-4.9381003379821777344;-5
104111000;-4.9016027450561523438;-5
104122000;-4.9232449531555175781;-5
104134000;-4.9925045967102050781;-5
104145000;-5.0378923416137695312;-5
104156000;-5.03095245361328125;-5
104168000;-4.9506831169128417969;-5
104179000;-4.9108681678771972656;-5
104191000;-4.905971527099609375;-5
104203000;-4.9650769233703613281;-5
104215000;-5.0293488502502441406;-5
104226000;-5.0432457923889160156;-5
104238000;-4.9824666976928710938;-5
104249000;-4.9157261848449707031;-5
104261000;-4.899257659912109375;-5
104273000;-4.9519019126892089844;-5
104284000;-5.0105714797973632812;-5
104295000;-5.048274993896484375;-5
104306000;-4.9927449226379394531;-5
104318000;-4.9237470626831054688;-5
104330000;-4.900604248046875;-5
104342000;-4.9413232803344726562;-5
104354000;-4.9992613792419433594;-5
104365000;-5.0457553863525390625;-5
104377000;-5.0078415870666503906;-5
104388000;-4.9336004257202148438;-5
104401000;-4.9000606536865234375;-5
104412000;-4.9294910430908203125;-5
104424000;-5.0004625320434570312;-5
104435000;-5.042572021484375;-5
104447000;-5.0201439857482910156;-5
104459000;-4.9413728713989257812;-5
104470000;-4.9009914398193359375;-5
104482000;-4.9099488258361816406;-5
104493000;-4.9755358695983886719;-5
104504000;-5.0336871147155761719;-5
104516000;-5.0343146324157714844;-5
104528000;-4.9703340530395507812;-5
104540000;-4.910732269287109375;-5
104551000;-4.9044442176818847656;-5
104563000;-4.9627366065979003906;-5
104574000;-5.02605438232421875;-5
104586000;-5.0439419746398925781;-5
104598000;-4.971988677978515625;-5
104609000;-4.9199509620666503906;-5
104621000;-4.9047398567199707031;-5
104633000;-4.9522180557250976562;-5
104645000;-5.0194835662841796875;-5
104658000;-5.0497570037841796875;-5
104669000;-4.9873518943786621094;-5
104681000;-4.9235429763793945312;-5
104693000;-4.9049773216247558594;-5
104704000;-4.9407544136047363281;-5
104716000;-5.0183439254760742188;-5
104728000;-5.0478916168212890625;-5
104739000;-5.0020971298217773438;-5
104751000;-4.9327855110168457031;-5
104763000;-4.9074673652648925781;-5
104774000;-4.9402952194213867188;-5
104786000;-5.0045986175537109375;-5
104798000;-5.04228973388671875;-5
104809000;-5.0202221870422363281;-5
104821000;-4.946575164794921875;-5
104833000;-4.9099707603454589844;-5
104844000;-4.9261269569396972656;-5
104856000;-4.9928307533264160156;-5
104868000;-5.0378661155700683594;-5
104879000;-5.0363287925720214844;-5
104891000;-4.9605712890625;-5
104903000;-4.9123854637145996094;-5
104914000;-4.9176549911499023438;-5
104925000;-4.9693517684936523438;-5
104936000;-5.0325837135314941406;-5
104948000;-5.0481534004211425781;-5
104959000;-4.9863443374633789062;-5
104971000;-4.9267725944519042969;-5
104982000;-4.90985870361328125;-5
104994000;-4.959014892578125;-5
105006000;-5.0236959457397460938;-5
105018000;-5.0510077476501464844;-5
105030000;-5.0035185813903808594;-5
105041000;-4.9325804710388183594;-5
105052000;-4.9067525863647460938;-5
105064000;-4.9447731971740722656;-5
105076000;-5.0140838623046875;-5
105087000;-5.0510239601135253906;-5
105099000;-5.0177178382873535156;-5
105110000;-4.9435877799987792969;-5
105121000;-4.9131731986999511719;-5
105134000;-4.9260168075561523438;-5
105145000;-4.9946055412292480469;-5
105157000;-5.0496449470520019531;-5
105168000;-5.0324988365173339844;-5
105180000;-4.9696564674377441406;-5
105191000;-4.9176778793334960938;-5
105203000;-4.9206185340881347656;-5
105215000;-4.9864511489868164062;-5
105226000;-5.0441293716430664062;-5
105237000;-5.0503554344177246094;-5
105249000;-4.9796614646911621094;-5
105260000;-4.922698974609375;-5
105272000;-4.9133791923522949219;-5
105284000;-4.974884033203125;-5
105296000;-5.0367217063903808594;-5
105308000;-5.0526480674743652344;-5
105320000;-4.9890418052673339844;-5
105331000;-4.928440093994140625;-5
105344000;-4.9167494773864746094;-5
105355000;-4.9687852859497070312;-5
105366000;-5.0283579826354980469;-5
105379000;-5.0543699264526367188;-5
105390000;-4.9949631690979003906;-5
105402000;-4.9351696968078613281;-5
105414000;-4.9226827621459960938;-5
105426000;-4.9686150550842285156;5
105438000;-4.1272611618041992188;5
105449000;-1.9688996076583862305;5
105461000;1.4556025266647338867;5
105472000;4.2978353500366210938;5
105484000;5.38584136962890625;5
105496000;5.5331058502197265625;5
105507000;5.2143678665161132812;5
105519000;4.5873131752014160156;5
105531000;4.4296331405639648438;5
105543000;4.8107008934020996094;5
105555000;5.0141515731811523438;5
105567000;5.0478229522705078125;5
105579000;5.0597023963928222656;5
105592000;5.079967498779296875;5
105603000;4.9853243827819824219;5
105614000;4.8383288383483886719;5
105626000;4.81485748291015625;5
105637000;4.9132132530212402344;5
105648000;5.0029172897338867188;5
105660000;5.0151419639587402344;5
105671000;4.9615869522094726562;5
105684000;4.8692317008972167969;5
105696000;4.854869842529296875;5
105707000;4.9443078041076660156;5
105718000;5.039989471435546875;5
105730000;5.0164670944213867188;5
105741000;4.9355769157409667969;5
105753000;4.8743252754211425781;5
105764000;4.9155559539794921875;5
105776000;4.9928569793701171875;5
105788000;5.02291107177734375;5
105799000;4.9862742424011230469;5
105811000;4.9230122566223144531;5
105823000;4.9055652618408203125;5
105835000;4.9466123580932617188;5
105847000;4.9781970977783203125;5
105859000;4.9717431068420410156;5
105870000;4.951457977294921875;5
105881000;4.9443511962890625;5
105894000;4.9494328498840332031;5
105905000;4.9516005516052246094;5
105917000;4.9547095298767089844;5
105929000;4.9607248306274414062;5
105941000;4.9596681594848632812;5
105953000;4.9510350227355957031;5
105964000;4.9438643455505371094;5
105976000;4.9471240043640136719;5
105987000;4.9575457572937011719;5
105998000;4.9605083465576171875;5
106009000;4.954448699951171875;5
106021000;4.9473943710327148438;5
106032000;4.9449701309204101562;5
106044000;4.9462490081787109375;5
106056000;4.95110321044921875;5
106067000;4.9521994590759277344;5
106079000;4.9504871368408203125;5
106091000;4.94562530517578125;5
106103000;4.9439482688903808594;5
106115000;4.9485721588134765625;5
106126000;4.9485049247741699219;5
106138000;4.9472599029541015625;5
106150000;4.9436168670654296875;5
106162000;4.9429097175598144531;5
106174000;4.9439759254455566406;5
106186000;4.944934844970703125;5
106198000;4.94562530517578125;5
106210000;4.9457697868347167969;5
106221000;4.9419169425964355469;5
106232000;4.9411683082580566406;5
106244000;4.9437427520751953125;5
106255000;4.943149566650390625;5
106267000;4.9453411102294921875;5
106279000;4.9432134628295898438;5
106291000;4.943389892578125;5
106303000;4.9442729949951171875;5
106313000;4.9435448646545410156;5
106325000;4.9437780380249023438;5
106337000;4.9427137374877929688;5
106348000;4.9418001174926757812;5
106359000;4.9423570632934570312;5
106371000;4.9410824775695800781;5
106383000;4.9406533241271972656;5
106395000;4.9414372444152832031;5
106406000;4.9438028335571289062;5
106417000;4.9410824775695800781;5
106430000;4.9432768821716308594;5
106442000;4.9425520896911621094;5
106454000;4.9407243728637695312;5
106466000;4.943408966064453125;5
106477000;4.9425330162048339844;5
106489000;4.9445519447326660156;5
106501000;4.9431824684143066406;5
106513000;4.9419803619384765625;5
106525000;4.9409704208374023438;5
106536000;4.941791534423828125;5
106548000;4.9424762725830078125;5
106559000;4.9437913894653320312;5
106572000;4.9439001083374023438;5
106584000;4.9446554183959960938;5
106596000;4.9414973258972167969;5
106608000;4.9403700828552246094;5
106619000;4.94094085693359375;5
106631000;4.9403352737426757812;5
106643000;4.9403409957885742188;5
106654000;4.9423761367797851562;5
106666000;4.941120147705078125;5
106678000;4.9416632652282714844;5
106689000;4.942775726318359375;5
106701000;4.9429254531860351562;5
106713000;4.9407687187194824219;5
106724000;4.9412670135498046875;5
106736000;4.94510650634765625;5
106748000;4.9432859420776367188;5
106760000;4.9451432228088378906;5
106771000;4.9458489418029785156;5
106783000;4.9447312355041503906;5
106795000;4.9449405670166015625;5
106806000;4.9433407783508300781;5
106817000;4.9453310966491699219;5
106829000;4.9438385963439941406;5
106840000;4.9430146217346191406;5
106851000;4.944042205810546875;5
106862000;4.9444613456726074219;5
106874000;4.9437088966369628906;5
106885000;4.9431490898132324219;5
106897000;4.945098876953125;5
106909000;4.9457182884216308594;5
106921000;4.9464578628540039062;5
106933000;4.9467387199401855469;5
106944000;4.9460768699645996094;5
106957000;4.9460349082946777344;5
106968000;4.9473705291748046875;5
106979000;4.9469914436340332031;5
106991000;4.9455857276916503906;5
107003000;4.94635772705078125;5
107016000;4.9460325241088867188;5
107028000;4.9471302032470703125;5
107040000;4.948505401611328125;5
107051000;4.9485068321228027344;5
107064000;4.9471540451049804688;5
107075000;4.9478445053100585938;5
107087000;4.9487433433532714844;5
107099000;4.9479522705078125;5
107111000;4.9468922615051269531;5
107123000;4.94803619384765625;5
107134000;4.9477114677429199219;5
107146000;4.9482550621032714844;5
107158000;4.9509267807006835938;5
107170000;4.9503202438354492188;5
107181000;4.9490346908569335938;5
107193000;4.9481072425842285156;5
107205000;4.9495100975036621094;5
107217000;4.9477853775024414062;5
107229000;4.9474306106567382812;5
107241000;4.9488134384155273438;5
107253000;4.9476494789123535156;5
107265000;4.9464402198791503906;5
107276000;4.9483346939086914062;5
107288000;4.9480447769165039062;5
107300000;4.9488377571105957031;5
107312000;4.9503340721130371094;5
107324000;4.9473180770874023438;5
107335000;4.9487757682800292969;5
107346000;4.9511647224426269531;5
107358000;4.9484992027282714844;5
107369000;4.9474277496337890625;5
107381000;4.9489645957946777344;5
107393000;4.9465417861938476562;5
107405000;4.9473676681518554688;5
107416000;4.9481935501098632812;5
107428000;4.94895172119140625;5
107440000;4.9474625587463378906;5
107452000;4.94860076904296875;5
107464000;4.9483394622802734375;5
107475000;4.9488677978515625;5
107487000;4.9486937522888183594;5
107499000;4.9498548507690429688;5
107510000;4.9492154121398925781;5
107522000;4.9493298530578613281;5
107533000;4.9481520652770996094;5
107545000;4.9477124214172363281;5
107556000;4.949008941650390625;5
107568000;4.9466052055358886719;5
107580000;4.9461574554443359375;5
107592000;4.9481015205383300781;5
107604000;4.9480013847351074219;5
107615000;4.9474186897277832031;5
107626000;4.9487586021423339844;5
107637000;4.9459519386291503906;5
107647000;4.9455356597900390625;5
107659000;4.9449214935302734375;5
107671000;4.9451165199279785156;5
107682000;4.9469437599182128906;5
107694000;4.9453449249267578125;5
107706000;4.9450297355651855469;5
107718000;4.9423794746398925781;5
107730000;4.9440789222717285156;5
107741000;4.9437165260314941406;5
107753000;4.9416408538818359375;5
107765000;4.9415836334228515625;5
107777000;4.9425005912780761719;5
107789000;4.9423289299011230469;5
107801000;4.94415283203125;5
107812000;4.94522857666015625;5
107824000;4.9438595771789550781;5
107836000;4.9448266029357910156;5
107849000;4.945377349853515625;5
107860000;4.9432592391967773438;5
107871000;4.943881988525390625;5
107882000;4.9447679519653320312;5
107894000;4.9436469078063964844;5
107905000;4.9432115554809570312;5
107918000;4.9420170783996582031;5
107929000;4.936977386474609375;-5
107941000;4.2544803619384765625;-5
107953000;1.4414006471633911133;-5
107964000;-2.0688080787658691406;-5
107976000;-4.6903748512268066406;-5
107988000;-5.7104034423828125;-5
107999000;-5.7654099464416503906;-5
108010000;-5.1804156303405761719;-5
108021000;-4.5357146263122558594;-5
108033000;-4.2181668281555175781;-5
108044000;-4.7013654708862304688;-5
108056000;-5.2767090797424316406;-5
108067000;-5.1987657546997070312;-5
108079000;-4.8368234634399414062;-5
108091000;-4.6725449562072753906;-5
108102000;-4.7489233016967773438;-5
108114000;-4.8133931159973144531;-5
108125000;-4.9279603958129882812;-5
108136000;-5.0759143829345703125;-5
108148000;-5.0578131675720214844;-5
108160000;-4.900150299072265625;-5
108171000;-4.7892727851867675781;-5
108183000;-4.8209748268127441406;-5
108194000;-4.9400944709777832031;-5
108205000;-5.0472655296325683594;-5
108217000;-5.0069513320922851562;-5
108229000;-4.9324007034301757812;-5
108240000;-4.840847015380859375;-5
108251000;-4.7793259620666503906;-5
108263000;-4.8522000312805175781;-5
108274000;-5.0107526779174804688;-5
108285000;-5.0781016349792480469;-5
108297000;-4.9852862358093261719;-5
108308000;-4.8641991615295410156;-5
108319000;-4.8168053627014160156;-5
108331000;-4.8828368186950683594;-5
108343000;-4.9867868423461914062;-5
108355000;-5.0553164482116699219;-5
108367000;-4.9825415611267089844;-5
108378000;-4.8780398368835449219;-5
108390000;-4.8399233818054199219;-5
108401000;-4.8955125808715820312;-5
108412000;-4.9945521354675292969;-5
108424000;-5.037601470947265625;-5
108436000;-4.9719858169555664062;-5
108449000;-4.9040646553039550781;-5
108461000;-4.8829889297485351562;-5
108473000;-4.9136958122253417969;-5
108484000;-4.9798831939697265625;-5
108496000;-5.0218653678894042969;-5
108509000;-4.9731383323669433594;-5
108521000;-4.917755126953125;-5
108532000;-4.902698516845703125;-5
108544000;-4.9195113182067871094;-5
108556000;-4.96678924560546875;-5
108567000;-4.9880652427673339844;-5
108578000;-4.974445343017578125;-5
108590000;-4.9434747695922851562;-5
108601000;-4.9346451759338378906;-5
108613000;-4.9413590431213378906;-5
108625000;-4.9610729217529296875;-5
108637000;-4.9705781936645507812;-5
108648000;-4.9599575996398925781;-5
108659000;-4.9429612159729003906;-5
108671000;-4.9400038719177246094;-5
108682000;-4.9549984931945800781;-5
108694000;-4.964054107666015625;-5
108706000;-4.9566020965576171875;-5
108718000;-4.9469933509826660156;-5
108729000;-4.9435138702392578125;-5
108741000;-4.9552206993103027344;-5
108753000;-4.9640827178955078125;-5
108764000;-4.9550442695617675781;-5
108776000;-4.9452061653137207031;-5
108788000;-4.9456682205200195312;-5
108799000;-4.9502363204956054688;-5
108812000;-4.9551157951354980469;-5
108823000;-4.9530405998229980469;-5
108835000;-4.9482254981994628906;-5
108846000;-4.9470496177673339844;-5
108858000;-4.9531903266906738281;-5
108869000;-4.95638275146484375;-5
108881000;-4.955959320068359375;-5
108892000;-4.9515271186828613281;-5
108904000;-4.9471340179443359375;-5
108915000;-4.950778961181640625;-5
108926000;-4.9550685882568359375;-5
108938000;-4.9572515487670898438;-5
108950000;-4.9542493820190429688;-5
108961000;-4.9506092071533203125;-5
108973000;-4.95086669921875;-5
108985000;-4.9542980194091796875;-5
108996000;-4.9553365707397460938;-5
109008000;-4.9538979530334472656;-5
109020000;-4.950008392333984375;-5
109033000;-4.95301055908203125;-5
109045000;-4.9560365676879882812;-5
109057000;-4.9568076133728027344;-5
109068000;-4.9544081687927246094;-5
109079000;-4.952350616455078125;-5
109091000;-4.9507803916931152344;-5
109103000;-4.9547905921936035156;-5
109114000;-4.9547939300537109375;-5
109125000;-4.9544205665588378906;-5
109137000;-4.9518523216247558594;-5
109149000;-4.9511876106262207031;-5
109160000;-4.9522442817687988281;-5
109172000;-4.9551520347595214844;-5
109184000;-4.9552249908447265625;-5
109195000;-4.9521098136901855469;-5
109206000;-4.9509921073913574219;-5
109217000;-4.9527325630187988281;-5
109229000;-4.9539594650268554688;-5
109240000;-4.9553270339965820312;-5
109251000;-4.9558491706848144531;-5
109263000;-4.9562625885009765625;-5
109276000;-4.9568438529968261719;-5
109287000;-4.9576702117919921875;-5
109298000;-4.9584898948669433594;-5
109309000;-4.9577879905700683594;-5
109321000;-4.9576778411865234375;-5
109333000;-4.9593839645385742188;-5
109344000;-4.9579515457153320312;-5
109355000;-4.9592795372009277344;-5
109367000;-4.9571847915649414062;-5
109378000;-4.9564580917358398438;-5
109390000;-4.9581685066223144531;-5
109401000;-4.9579553604125976562;-5
109414000;-4.9574441909790039062;-5
109426000;-4.9566445350646972656;-5
109439000;-4.9561948776245117188;-5
109451000;-4.9564394950866699219;-5
109462000;-4.9571671485900878906;-5
109474000;-4.9567637443542480469;-5
109485000;-4.956264495849609375;-5
109497000;-4.9550251960754394531;-5
109508000;-4.9552979469299316406;-5
109522000;-4.9556550979614257812;-5
109534000;-4.9567546844482421875;-5
109545000;-4.9554352760314941406;-5
109556000;-4.9543604850769042969;-5
109568000;-4.9560413360595703125;-5
109580000;-4.9554071426391601562;-5
109591000;-4.9560079574584960938;-5
109603000;-4.9548583030700683594;-5
109615000;-4.9546041488647460938;-5
109626000;-4.9541220664978027344;-5
109638000;-4.9563269615173339844;-5
109650000;-4.9530553817749023438;-5
109661000;-4.95433807373046875;-5
109672000;-4.9552602767944335938;-5
109684000;-4.9545202255249023438;-5
109696000;-4.9539599418640136719;-5
109708000;-4.9531531333923339844;-5
109719000;-4.9551038742065429688;-5
109730000;-4.9555850028991699219;-5
109743000;-4.957187652587890625;-5
109754000;-4.9573283195495605469;-5
109766000;-4.9601588249206542969;-5
109778000;-4.9605603218078613281;-5
109790000;-4.9595446586608886719;-5
