Time;gimbal_controller.pitch_speed_pid.Measure;gimbal_controller.pitch_speed_pid.Output;gimbal_controller.pitch_speed_pid.Ref
0;0;0;0
12000;0;0;0
24000;0;0;0
36000;0;0;0
48000;0;0;0
60000;0;0;0
72000;0;0;0
84000;0;0;0
97000;0;0;0
110000;0;0;0
122000;0;0;0
135000;0;0;0
147000;0;0;0
159000;0;0;0
171000;0;0;0
183000;0;0;0
196000;0;0;0
209000;0;0;0
222000;0;0;0
234000;0;0;0
246000;0;0;0
258000;0;0;0
270000;0;0;0
282000;0;0;0
295000;0;0;0
307000;0;0;0
319000;0;0;0
331000;0;0;0
344000;0;0;0
356000;0;0;0
368000;0;0;0
380000;0;0;0
392000;0;0;0
405000;0;0;0
418000;0;0;0
430000;0;0;0
443000;0;0;0
455000;0;0;0
467000;0;0;0
479000;0;0;0
491000;0;0;0
503000;0;0;0
516000;0;0;0
528000;0;0;0
541000;0;0;0
553000;0;0;0
566000;0;0;0
578000;0;0;0
591000;0;0;0
603000;0;0;0
615000;0;0;0
627000;0;0;0
640000;0;0;0
653000;0;0;0
665000;0;0;0
680000;0;0;0
692000;0;0;0
705000;0;0;0
717000;0;0;0
729000;0;0;0
741000;0;0;0
753000;0;0;0
766000;0;0;0
779000;0;0;0
792000;0;0;0
804000;0;0;0
816000;0;0;0
828000;0;0;0
840000;0;0;0
852000;0;0;0
865000;0;0;0
878000;0;0;0
890000;0;0;0
902000;0;0;0
914000;0;0;0
926000;0;0;0
938000;0;0;0
951000;0;0;0
963000;0;0;0
977000;0;0;0
989000;0;0;0
1001000;0;0;0
1013000;0;0;0
1025000;0;0;0
1037000;0;0;0
1051000;0;0;0
1063000;0;0;0
1076000;0;0;0
1088000;0;0;0
1100000;0;0;0
1112000;0;0;0
1124000;0;0;0
1136000;0;0;0
1148000;0;0;0
1160000;0;0;0
1173000;0;0;0
1185000;0;0;0
1197000;0;0;0
1209000;0;0;0
1221000;0;0;0
1233000;0;0;0
1245000;0;0;0
1257000;0;0;0
1269000;0;0;0
1281000;0;0;0
1293000;0;0;0
1305000;0;0;0
1317000;0;0;0
1330000;0;0;0
1342000;0;0;0
1354000;0;0;0
1366000;0;0;0
1379000;0;0;0
1392000;0;0;0
1405000;0;0;0
1417000;0;0;0
1429000;0;0;0
1441000;0;0;0
1453000;0;0;0
1466000;0;0;0
1479000;0;0;0
1491000;0;0;0
1505000;0;0;0
1517000;0;0;0
1529000;0;0;0
1541000;0;0;0
1553000;0;0;0
1567000;0;0;0
1580000;0;0;0
1592000;0;0;0
1605000;0;0;0
1617000;0;0;0
1629000;0;0;0
1641000;0;0;0
1653000;0;0;0
1669000;0;0;0
1681000;0;0;0
1693000;0;0;0
1706000;0;0;0
1718000;0;0;0
1730000;0;0;0
1743000;0;0;0
1756000;0;0;0
1768000;0;0;0
1781000;0;0;0
1793000;0;0;0
1806000;0;0;0
1819000;0;0;0
1831000;0;0;0
1843000;0;0;0
1855000;0;0;0
1868000;0;0;0
1881000;0;0;0
1893000;0;0;0
1906000;0;0;0
1919000;0;0;0
1932000;0;0;0
1944000;0;0;0
1957000;0;0;0
1970000;0;0;0
1982000;0;0;0
1994000;0;0;0
2006000;0;0;0
2019000;0;0;0
2031000;0;0;0
2044000;0;0;0
2056000;0;0;0
2070000;0;0;0
2082000;0;0;0
2094000;0;0;0
2107000;0;0;0
2120000;0;0;0
2132000;0;0;0
2144000;0;0;0
2156000;0;0;0
2168000;0;0;0
2181000;0;0;0
2193000;0;0;0
2206000;0;0;0
2219000;0;0;0
2231000;0;0;0
2243000;-6.8417673110961914062;-16000;-951.67669677734375
2256000;-150.1973876953125;-2344.426513671875;-285.64263916015625
2268000;-213.715301513671875;7179.771484375;1.93955230712890625
2281000;-48.7209930419921875;4037.73876953125;90.1893463134765625
2294000;-96.444549560546875;4789.21630859375;110.01622772216796875
2307000;176.43194580078125;-1878.4337158203125;117.2134857177734375
2319000;158.5407867431640625;-1691.1146240234375;105.75933074951171875
2331000;179.966339111328125;-4408.123046875;37.114009857177734375
2343000;92.65782928466796875;-2816.31591796875;-4.9975600242614746094
2356000;-1.6172323226928710938;-524.25933837890625;-15.315062522888183594
2368000;-55.786163330078125;1713.4139404296875;2.5584750175476074219
2381000;-17.268583297729492188;952.5623779296875;18.877758026123046875
2394000;-4.4853196144104003906;545.17144775390625;17.970685958862304688
2406000;35.120334625244140625;-1045.2462158203125;6.4386086463928222656
2420000;21.403987884521484375;-789.72711181640625;-3.9893741607666015625
2432000;1.7012410163879394531;-368.83587646484375;-6.0951185226440429688
2445000;-7.1792621612548828125;4.1927490234375;-4.5180406570434570312
2457000;-19.916980743408203125;552.8297119140625;1.7609822750091552734
2469000;-24.300243377685546875;831.253173828125;10.6390533447265625
2482000;5.1414270401000976562;-109.94202423095703125;11.488779067993164062
2494000;22.358386993408203125;-689.0567626953125;5.2917008399963378906
2506000;14.958475112915039062;-706.55780029296875;-3.4762201309204101562
2519000;5.1656885147094726562;-502.958984375;-7.0773215293884277344
2531000;-11.575371742248535156;79.72076416015625;-4.3906192779541015625
2543000;-15.742071151733398438;423.91290283203125;1.3644585609436035156
2555000;-16.00722503662109375;527.43035888671875;7.4697465896606445312
2567000;0.42762160301208496094;44.1135101318359375;8.8441667556762695312
2580000;14.459359169006347656;-425.2738037109375;5.6457910537719726562
2592000;22.28449249267578125;-893.4287109375;-1.640057682991027832
2605000;1.7511991262435913086;-284.59429931640625;-4.9657583236694335938
2617000;-6.9792375564575195312;88.6985931396484375;-3.6135323047637939453
2629000;-15.34710693359375;346.314544677734375;1.5648660659790039062
2642000;-7.7432508468627929688;270.74945068359375;5.2572298049926757812
2654000;1.9093606472015380859;-12.52698516845703125;5.9708280563354492188
2666000;6.2639446258544921875;-282.534210205078125;4.1637296676635742188
2678000;13.071061134338378906;-551.59716796875;-0.026266634464263916016
2690000;-1.2110619544982910156;-150.973175048828125;-2.0127387046813964844
2703000;-4.68817138671875;96.6977691650390625;-0.90391778945922851562
2716000;-9.7114658355712890625;266.85772705078125;2.9740855693817138672
2728000;-5.1435308456420898438;190.716400146484375;5.1760125160217285156
2741000;1.8903107643127441406;-27.70696258544921875;5.2338666915893554688
2753000;6.504833221435546875;-228.4790191650390625;3.1596515178680419922
2765000;8.2713451385498046875;-428.448394775390625;0.17308473587036132812
2777000;-2.5861837863922119141;-89.70395660400390625;-0.098515272140502929688
2790000;-7.9226217269897460938;165.6116485595703125;1.324951171875
2802000;-7.6499300003051757812;252.6104736328125;4.60376739501953125
2815000;-1.553915858268737793;82.87479400634765625;6.0529947280883789062
2827000;4.3591704368591308594;-99.50186920166015625;4.8751187324523925781
2840000;6.3600869178771972656;-246.5277557373046875;2.6867096424102783203
2853000;3.5095386505126953125;-111.26039886474609375;0.50387060642242431641
2866000;-2.3947577476501464844;-7.40532684326171875;1.3818216323852539062
2878000;-7.095218658447265625;208.438934326171875;3.5832142829895019531
2890000;-3.0595939159393310547;147.651214599609375;5.913707733154296875
2907000;4.405765533447265625;-90.845367431640625;5.7170934677124023438
2919000;6.7651233673095703125;-205.5017242431640625;3.7002770900726318359
2931000;5.2206792831420898438;-231.319793701171875;1.6106145381927490234
2944000;-3.5272386074066162109;54.67011260986328125;1.7600779533386230469
2956000;-5.1492981910705566406;197.353790283203125;3.1576943397521972656
2968000;-6.434535980224609375;276.738555908203125;5.6731600761413574219
2980000;-2.9010257720947265625;185.31658935546875;7.0509572029113769531
2992000;4.0506725311279296875;-62.01401519775390625;6.17350006103515625
3005000;7.4759578704833984375;-264.982635498046875;3.5453665256500244141
3018000;4.0546784400939941406;-204.9236297607421875;1.4124205112457275391
3030000;-5.0293107032775878906;89.65709686279296875;1.5564583539962768555
3043000;-6.3483800888061523438;191.148223876953125;3.9684128761291503906
3056000;-6.9134340286254882812;299.35943603515625;6.8644504547119140625
3068000;2.4097223281860351562;39.606536865234375;7.1938967704772949219
3080000;5.9668025970458984375;-136.043548583984375;5.63791656494140625
3093000;9.3722896575927734375;-338.9996337890625;1.934395909309387207
3105000;6.2414789199829101562;-312.558135986328125;-0.29054057598114013672
3117000;-4.7914729118347167969;50.52870941162109375;1.3003865480422973633
3129000;-11.068167686462402344;350.1087646484375;4.4345388412475585938
3141000;-8.4192724227905273438;314.2149658203125;7.6607670783996582031
3153000;3.3629388809204101562;-7.7081298828125;7.048610687255859375
3166000;8.9604434967041015625;-249.851165771484375;4.9640526771545410156
3179000;7.8935728073120117188;-309.68890380859375;0.81845188140869140625
3191000;-0.15906107425689697266;-117.88768768310546875;-0.30110114812850952148
3204000;-5.4301300048828125;92.395263671875;1.0403048992156982422
3216000;-10.282887458801269531;360.16229248046875;4.8770093917846679688
3228000;-3.4332525730133056641;219.714813232421875;7.4953780174255371094
3240000;4.8681044578552246094;-71.7192840576171875;6.4029970169067382812
3252000;11.499904632568359375;-366.5531005859375;3.6921401023864746094
3264000;9.10622406005859375;-396.20855712890625;0.13549137115478515625
3276000;-1.6522172689437866211;-64.1995849609375;-0.15704375505447387695
3289000;-8.2927265167236328125;192.39031982421875;1.7938964366912841797
3301000;-9.4635171890258789062;338.1756591796875;5.4272303581237792969
3314000;-3.7858366966247558594;135.0879669189453125;7.3739142417907714844
3326000;4.1414399147033691406;-110.59983062744140625;5.8336086273193359375
3339000;10.62932586669921875;-371.917388916015625;1.8071665763854980469
3351000;4.5543260574340820312;-180.8877410888671875;-0.86416172981262207031
3363000;-2.8743805885314941406;11.87123870849609375;0.30940133333206176758
3375000;-9.2600116729736328125;315.236541748046875;3.048336029052734375
3388000;-6.311870574951171875;334.431396484375;7.5180897712707519531
3401000;3.1371488571166992188;218.038177490234375;13.847713470458984375
3413000;8.879848480224609375;137.824005126953125;16.879938125610351562
3425000;15.08376312255859375;-38.152862548828125;17.20479583740234375
3437000;10.896093368530273438;111.51508331298828125;17.986156463623046875
3449000;6.98398590087890625;278.5985107421875;19.599903106689453125
3461000;5.7990732192993164062;370.24853515625;21.412303924560546875
3473000;7.7161006927490234375;358.93646240234375;22.88828277587890625
3485000;10.369507789611816406;288.37933349609375;23.461080551147460938
3497000;12.423414230346679688;227.583221435546875;23.749399185180664062
3509000;14.707845687866210938;204.11322021484375;23.765729904174804688
3521000;14.613855361938476562;264.631591796875;24.34317779541015625
3534000;14.407215118408203125;374.783599853515625;27.83660125732421875
3547000;17.408311843872070312;396.20001220703125;33.51479339599609375
3560000;20.959197998046875;363.880950927734375;36.93904876708984375
3572000;24.526660919189453125;351.215362548828125;40.15911102294921875
3584000;27.889707565307617188;358.049530029296875;43.84079742431640625
3596000;32.33182525634765625;285.58551025390625;46.06999969482421875
3609000;36.524517059326171875;216.1440582275390625;45.38121795654296875
3622000;38.5331573486328125;157.086395263671875;44.51372528076171875
3634000;37.99988555908203125;141.064239501953125;43.461116790771484375
3647000;36.90564727783203125;157.72021484375;44.67806243896484375
3660000;33.39083099365234375;233.1853790283203125;45.48863983154296875
3672000;31.8574371337890625;394.937896728515625;49.059558868408203125
3684000;35.331554412841796875;377.034820556640625;52.172191619873046875
3696000;38.0591888427734375;342.76776123046875;53.92095947265625
3708000;44.1591339111328125;138.530853271484375;53.690837860107421875
3721000;44.19718170166015625;75.8510894775390625;51.588695526123046875
3732000;42.37125396728515625;88.06740570068359375;47.50925445556640625
3745000;40.79526519775390625;94.4282379150390625;46.120326995849609375
3757000;36.06192779541015625;374.35394287109375;46.57717132568359375
3769000;35.2781982421875;317.8748779296875;47.95626068115234375
3782000;36.21779632568359375;400.30206298828125;48.88592529296875
3794000;37.743499755859375;296.76275634765625;48.595062255859375
3807000;40.4644927978515625;102.0413055419921875;45.64776611328125
3820000;36.2669525146484375;-228.26483154296875;33.74428558349609375
3832000;27.99615478515625;-418.364837646484375;16.56511688232421875
3844000;13.64073944091796875;-554.66552734375;-0.726696014404296875
3856000;-9.1178579330444335938;41.693614959716796875;-5.8785429000854492188
3868000;-19.5569915771484375;478.866455078125;-2.8345401287078857422
3881000;-20.992767333984375;770.98095703125;6.6178412437438964844
3893000;-10.685686111450195312;590.79150390625;10.236448287963867188
3905000;0.74776792526245117188;282.29388427734375;12.118307113647460938
3918000;11.124929428100585938;-157.1341705322265625;8.3223476409912109375
3930000;9.7340373992919921875;-252.699981689453125;4.6396651268005371094
3942000;3.5106685161590576172;-106.40313720703125;1.8641009330749511719
3954000;-5.9649724960327148438;223.140777587890625;2.84076690673828125
3966000;-11.98731231689453125;524.3170166015625;6.4356622695922851562
3979000;-4.2142744064331054688;372.577972412109375;8.5063161849975585938
3991000;1.5177876949310302734;89.85968780517578125;8.9589710235595703125
4003000;5.0064220428466796875;16.333469390869140625;6.811862945556640625
4016000;3.9797954559326171875;-16.478504180908203125;5.2511796951293945312
4028000;0.075988650321960449219;84.7584686279296875;4.4229340553283691406
4041000;-3.1584286689758300781;209.2777252197265625;5.3753771781921386719
4054000;-4.4552316665649414062;302.703857421875;6.8720731735229492188
4066000;-1.2680499553680419922;230.4610137939453125;7.8491725921630859375
4079000;1.6285085678100585938;132.806732177734375;7.5375738143920898438
4092000;2.3024499416351318359;88.9994049072265625;6.8401417732238769531
4104000;0.87111878395080566406;118.5257720947265625;6.2520313262939453125
4117000;0.18475104868412017822;152.061798095703125;6.1104440689086914062
4129000;-0.85492467880249023438;192.1623382568359375;6.4592695236206054688
4141000;-1.3164894580841064453;218.4936676025390625;6.9333481788635253906
4155000;-0.1942981332540512085;270.932647705078125;8.7154779434204101562
4167000;0.70245212316513061523;385.3203125;14.766935348510742188
4180000;2.4323282241821289062;459.337646484375;18.772678375244140625
4193000;5.6190557479858398438;434.63671875;21.145172119140625
4206000;6.584926605224609375;487.978179931640625;23.087270736694335938
4218000;9.5210695266723632812;429.94573974609375;24.1916351318359375
4230000;9.6615924835205078125;456.0369873046875;24.93056488037109375
4243000;10.655933380126953125;502.648529052734375;26.63602447509765625
4256000;10.874459266662597656;641.15997314453125;33.51244354248046875
4269000;15.900339126586914062;632.8482666015625;38.00339508056640625
4281000;20.690755844116210938;607.7982177734375;41.49729156494140625
4293000;27.7730255126953125;499.880279541015625;44.5109405517578125
4306000;34.3277740478515625;389.432586669921875;46.1134185791015625
4319000;36.0859222412109375;254.765472412109375;46.852657318115234375
4331000;36.4686431884765625;234.4540557861328125;46.03469085693359375
4344000;35.3053741455078125;320.372344970703125;45.97969818115234375
4356000;31.0662689208984375;472.93310546875;48.070476531982421875
4368000;33.23015594482421875;483.571319580078125;51.06870269775390625
4380000;35.5246124267578125;527.8323974609375;55.1344757080078125
4393000;40.451290130615234375;617.56549072265625;58.773845672607421875
4406000;49.889385223388671875;412.23931884765625;60.90655517578125
4419000;51.61682891845703125;252.094757080078125;63.341400146484375
4431000;54.62889862060546875;123.03430938720703125;61.10451507568359375
4444000;50.63535308837890625;174.8525543212890625;58.9370269775390625
4457000;49.54811859130859375;158.1365966796875;54.61731719970703125
4469000;46.74559783935546875;278.492828369140625;53.58290863037109375
4482000;44.722690582275390625;324.663330078125;53.3426513671875
4495000;43.221240997314453125;371.534210205078125;55.29061126708984375
4507000;44.09580230712890625;201.969390869140625;53.047882080078125
4519000;41.34265899658203125;101.214263916015625;45.18082427978515625
4531000;35.569400787353515625;47.77423095703125;39.24436187744140625
4544000;31.331256866455078125;-70.49617767333984375;30.696031570434570312
4556000;18.671112060546875;67.80466461181640625;23.038621902465820312
4568000;12.137571334838867188;6.0911960601806640625;12.770895004272460938
4581000;-1.0789823532104492188;272.36785888671875;7.5881857872009277344
4593000;-5.8731565475463867188;363.46282958984375;4.15972900390625
4606000;-9.3162021636962890625;466.10821533203125;5.2954874038696289062
4618000;-6.5983972549438476562;442.1414794921875;7.2232537269592285156
4630000;-0.94212096929550170898;292.958892822265625;8.2056884765625
4643000;2.5570409297943115234;163.389434814453125;7.3625011444091796875
4656000;4.0713291168212890625;65.23154449462890625;5.8507132530212402344
4668000;1.6087225675582885742;115.255859375;4.8631868362426757812
4680000;-0.94277060031890869141;202.2964324951171875;4.9829874038696289062
4692000;-2.9746165275573730469;291.018035888671875;5.8191800117492675781
4705000;-2.2858920097351074219;301.486358642578125;6.9914178848266601562
4717000;-0.4352232813835144043;246.58331298828125;7.3951396942138671875
4729000;0.94709670543670654297;204.667633056640625;7.0601520538330078125
4742000;1.2983014583587646484;177.48248291015625;6.4348244667053222656
4755000;0.40540406107902526855;189.634368896484375;6.0235080718994140625
4767000;-0.80865466594696044922;235.8336181640625;6.1716704368591308594
4779000;-0.75505578517913818359;241.96331787109375;6.5098557472229003906
4791000;-0.98985040187835693359;274.4622802734375;6.8912868499755859375
4803000;-0.44991517066955566406;256.0645751953125;7.1716642379760742188
4815000;0.21082504093647003174;249.0165863037109375;7.1704983711242675781
4828000;-0.031643986701965332031;245.8712310791015625;7.0809783935546875
4840000;-0.13393664360046386719;246.2468719482421875;6.948833465576171875
4853000;-0.4435043036937713623;255.983154296875;7.00084686279296875
4866000;0.24699944257736206055;238.2768096923828125;7.1320185661315917969
4879000;0.059332668781280517578;247.9311676025390625;7.1239323616027832031
4891000;0.087450623512268066406;276.622467041015625;7.1426639556884765625
4904000;-0.64558941125869750977;277.01678466796875;7.2916612625122070312
4916000;-0.67232465744018554688;282.6937255859375;7.425449371337890625
4928000;-0.047936782240867614746;263.259765625;7.4199147224426269531
4942000;0.11062051355838775635;258.287139892578125;7.4315996170043945312
4954000;0.1508858799934387207;259.83428955078125;7.5416421890258789062
4967000;0.79978585243225097656;239.1904144287109375;7.4023070335388183594
4979000;-0.077230684459209442139;269.13800048828125;7.4933161735534667969
4991000;-0.23413422703742980957;289.176422119140625;7.6121230125427246094
5004000;-0.21005871891975402832;281.0938720703125;7.6622037887573242188
5017000;-0.23603826761245727539;283.233123779296875;7.7056722640991210938
5029000;-0.099006220698356628418;279.9306640625;7.7019448280334472656
5042000;-0.054240703582763671875;283.55511474609375;7.8622722625732421875
5056000;-0.43879354000091552734;301.125091552734375;7.9073486328125
5068000;-0.14907348155975341797;294.01300048828125;7.9835767745971679688
5080000;-0.64321053028106689453;311.157562255859375;7.9834947586059570312
5092000;-0.29165601730346679688;303.170318603515625;8.103206634521484375
5105000;0.084372982382774353027;287.663421630859375;8.1284418106079101562
5118000;0.53433120250701904297;278.776092529296875;8.108936309814453125
5130000;-0.2861576080322265625;307.48602294921875;8.1357431411743164062
5142000;-0.0042849257588386535645;302.44287109375;8.22451019287109375
5156000;-0.20215839147567749023;313.68499755859375;8.352085113525390625
5168000;-0.39927625656127929688;319.4625244140625;8.27801513671875
5180000;-0.36893248558044433594;321.63568115234375;8.3525533676147460938
5192000;0.16710749268531799316;306.709686279296875;8.4520463943481445312
5205000;0.19258594512939453125;377.01580810546875;9.7078962326049804688
5217000;0.75087237358093261719;484.090423583984375;13.903230667114257812
5230000;3.0288290977478027344;527.93267822265625;17.22319793701171875
5242000;4.7587757110595703125;598.7589111328125;21.4698944091796875
5255000;7.081531524658203125;621.7479248046875;24.44631195068359375
5267000;11.010753631591796875;592.7568359375;27.2392120361328125
5279000;14.488332748413085938;513.6162109375;29.209766387939453125
5291000;16.777027130126953125;432.183135986328125;28.091953277587890625
5303000;16.617321014404296875;402.8184814453125;27.552852630615234375
5315000;14.717365264892578125;439.817047119140625;26.842975616455078125
5327000;13.904754638671875;445.18017578125;26.6100006103515625
5339000;11.35942840576171875;545.63214111328125;26.907659530639648438
5351000;10.54524993896484375;582.564697265625;27.92795562744140625
5363000;12.566890716552734375;545.03216552734375;28.408306121826171875
5375000;12.833250045776367188;550.18841552734375;29.00519561767578125
5389000;15.949762344360351562;455.660003662109375;27.929962158203125
5401000;15.515171051025390625;427.014892578125;26.802776336669921875
5413000;15.430629730224609375;390.76043701171875;25.960582733154296875
5426000;14.377079010009765625;434.82916259765625;25.092845916748046875
5438000;11.815948486328125;535.99810791015625;25.644306182861328125
5450000;12.017734527587890625;562.01220703125;26.61255645751953125
5462000;10.87934112548828125;638.37176513671875;27.890186309814453125
5474000;13.464015960693359375;598.727783203125;29.1940155029296875
5487000;18.024869918823242188;453.06817626953125;29.7801666259765625
5500000;16.061603546142578125;478.288543701171875;29.558046340942382812
5513000;17.36617279052734375;423.535675048828125;27.045406341552734375
5526000;13.146165847778320312;513.8951416015625;26.21881103515625
5538000;12.459705352783203125;505.25909423828125;25.25030517578125
5550000;8.9000082015991210938;600.193359375;24.99797821044921875
5563000;8.0254344940185546875;595.6737060546875;24.04547882080078125
5577000;7.5276513099670410156;467.49224853515625;20.455759048461914062
5590000;5.1045436859130859375;354.263763427734375;13.948542594909667969
5602000;1.6259964704513549805;389.3199462890625;11.009505271911621094
5615000;-0.87324607372283935547;506.882049560546875;10.578303337097167969
5628000;-3.6544327735900878906;580.7755126953125;11.497915267944335938
5640000;-3.1747536659240722656;599.4869384765625;12.557230949401855469
5652000;-1.2744436264038085938;559.06817626953125;13.196333885192871094
5664000;0.49511563777923583984;499.49078369140625;12.991252899169921875
5676000;1.7546663284301757812;441.3756103515625;12.37469482421875
5689000;0.63763409852981567383;437.58404541015625;11.780468940734863281
5701000;-0.75676125288009643555;492.3494873046875;11.839468955993652344
5713000;-1.2582170963287353516;534.32861328125;12.248601913452148438
5725000;-0.95756107568740844727;539.89202880859375;12.67987060546875
5737000;-0.10576955229043960571;511.671844482421875;12.781848907470703125
5749000;0.83675146102905273438;501.88848876953125;12.632269859313964844
5762000;0.26987409591674804688;504.7264404296875;12.58785247802734375
5774000;-0.39995503425598144531;525.55615234375;12.485337257385253906
5786000;-0.71410655975341796875;540.8612060546875;12.601157188415527344
5799000;0.14377689361572265625;517.28265380859375;12.722153663635253906
5811000;-0.36592394113540649414;519.23773193359375;12.784922599792480469
5824000;-0.14014160633087158203;531.8875732421875;12.813730239868164062
5836000;0.28198865056037902832;523.32989501953125;12.941175460815429688
5849000;0.46225887537002563477;540.23736572265625;12.958307266235351562
5862000;-0.19608266651630401611;542.283935546875;12.894917488098144531
5874000;-0.46024626493453979492;550.6124267578125;12.812254905700683594
5886000;-0.010715454816818237305;538.1767578125;12.848855018615722656
5899000;-0.23534402251243591309;533.63226318359375;12.962647438049316406
5911000;-0.64943492412567138672;544.6600341796875;13.06021881103515625
5923000;-0.12440384924411773682;550.158447265625;13.139892578125
5935000;-0.064000949263572692871;558.41259765625;13.244211196899414062
5948000;0.073962226510047912598;555.45361328125;13.237893104553222656
5960000;0.36541453003883361816;545.47406005859375;13.184721946716308594
5972000;-0.4568926692008972168;572.0350341796875;13.096316337585449219
5984000;-0.40343528985977172852;574.8309326171875;13.225244522094726562
5996000;0.032752260565757751465;563.6962890625;13.263980865478515625
6009000;-0.40799611806869506836;573.9091796875;13.354146003723144531
6022000;0.043908938765525817871;569.1688232421875;13.389722824096679688
6034000;0.36179932951927185059;562.3026123046875;13.473697662353515625
6047000;0.21500664949417114258;576.92388916015625;13.392225265502929688
6060000;-0.094212949275970458984;579.0655517578125;13.33763885498046875
6073000;-0.26414829492568969727;579.88336181640625;13.417154312133789062
6085000;0.11799360066652297974;576.88568115234375;13.42111968994140625
6097000;-0.044581800699234008789;567.29229736328125;13.366016387939453125
6109000;-0.20147922635078430176;571.224365234375;13.353823661804199219
6122000;0.39361959695816040039;569.5799560546875;13.338930130004882812
6134000;0.19461274147033691406;578.08782958984375;13.345235824584960938
6147000;0.28102675080299377441;582.4281005859375;13.28008270263671875
6160000;-0.70688366889953613281;608.21026611328125;13.200916290283203125
6172000;-0.29024991393089294434;598.4278564453125;13.310428619384765625
6184000;0.075092181563377380371;586.89447021484375;13.248715400695800781
6196000;-0.48088338971138000488;605.02899169921875;13.191137313842773438
6208000;0.071529395878314971924;587.20660400390625;13.173039436340332031
6220000;0.57026743888854980469;572.52008056640625;13.229924201965332031
6232000;0.51346480846405029297;571.7930908203125;13.058381080627441406
6245000;0.75177252292633056641;581.422607421875;12.91632080078125
6257000;0.64826387166976928711;568.9427490234375;12.936360359191894531
6269000;0.40419036149978637695;593.59600830078125;13.0178375244140625
6281000;0.64309424161911010742;584.341064453125;12.930247306823730469
6293000;-0.12302520871162414551;594.76904296875;12.813348770141601562
6306000;-0.78582012653350830078;618.978271484375;12.836123466491699219
6319000;-0.31892937421798706055;584.88818359375;12.8722991943359375
6331000;-0.2644100189208984375;584.22406005859375;12.809983253479003906
6344000;0.45439413189888000488;579.9739990234375;12.80401611328125
6356000;0.31070360541343688965;584.42059326171875;12.728864669799804688
6368000;0.64329499006271362305;572.2552490234375;12.627141952514648438
6380000;0.73337614536285400391;728.755126953125;17.401165008544921875
6392000;4.2136907577514648438;739.82489013671875;21.627618789672851562
6404000;7.003391265869140625;718.54010009765625;23.32028961181640625
6417000;11.473209381103515625;588.91082763671875;23.37308502197265625
6430000;11.95809173583984375;540.45068359375;22.21356201171875
6443000;12.604488372802734375;471.057159423828125;21.271335601806640625
6457000;8.6711368560791015625;603.6502685546875;21.243213653564453125
6470000;9.6844549179077148438;655.23663330078125;22.058605194091796875
6482000;8.2544040679931640625;739.8736572265625;23.8134002685546875
6494000;10.760931015014648438;751.7303466796875;28.080183029174804688
6507000;16.4967041015625;528.2232666015625;28.50014495849609375
6519000;16.496814727783203125;553.5137939453125;28.600948333740234375
6531000;20.020053863525390625;456.901611328125;27.973482131958007812
6543000;16.0563201904296875;593.8819580078125;27.748897552490234375
6556000;17.397541046142578125;528.5423583984375;28.172061920166015625
6568000;16.22234344482421875;642.616455078125;29.092678070068359375
6580000;17.410709381103515625;619.99725341796875;31.307588577270507812
6593000;16.057416915893554688;785.719482421875;32.69739532470703125
6605000;20.01586151123046875;715.48602294921875;35.6887359619140625
6618000;22.464588165283203125;738.88525390625;37.22809600830078125
6630000;26.1285247802734375;639.9268798828125;37.87233734130859375
6642000;28.237743377685546875;548.30718994140625;36.996952056884765625
6654000;27.520124435424804688;544.84283447265625;36.09195709228515625
6666000;26.098239898681640625;566.2003173828125;35.11322784423828125
6679000;25.23957061767578125;601.49578857421875;36.7989654541015625
6692000;24.137172698974609375;621.232177734375;37.5550689697265625
6705000;24.262577056884765625;714.1416015625;38.29772186279296875
6717000;24.730854034423828125;723.632568359375;39.91436004638671875
6729000;25.701351165771484375;746.93603515625;40.8073577880859375
6742000;29.3315277099609375;666.15057373046875;41.0879058837890625
6755000;28.010585784912109375;682.766357421875;42.895168304443359375
6768000;27.369415283203125;696.132568359375;43.306732177734375
6780000;27.754199981689453125;695.2286376953125;41.95841217041015625
6793000;29.813159942626953125;678.5654296875;42.22879791259765625
6805000;28.25205230712890625;757.2470703125;43.18671417236328125
6817000;30.39855194091796875;763.75726318359375;44.965381622314453125
6829000;31.864593505859375;793.743896484375;46.52866363525390625
6842000;29.72478485107421875;916.1702880859375;48.47344207763671875
6854000;34.229156494140625;819.9952392578125;50.079792022705078125
6866000;34.21816253662109375;835.6298828125;50.395587921142578125
6878000;35.35704803466796875;823.5450439453125;51.071010589599609375
6891000;36.67702484130859375;787.6767578125;53.36843109130859375
6903000;35.2120208740234375;848.5230712890625;53.86644744873046875
6915000;35.99536895751953125;842.8345947265625;52.086273193359375
6927000;35.91298675537109375;852.746337890625;54.573665618896484375
6939000;32.94696807861328125;975.75372314453125;53.22393035888671875
6951000;34.94516754150390625;872.74786376953125;56.282680511474609375
6963000;35.167285919189453125;875.30816650390625;56.796199798583984375
6975000;36.923610687255859375;843.3359375;56.810657501220703125
6987000;34.8451690673828125;911.9251708984375;57.40021514892578125
7000000;37.7050018310546875;837.345458984375;57.616016387939453125
7012000;35.08794403076171875;868.44287109375;56.371952056884765625
7024000;31.145786285400390625;453.9100341796875;36.388790130615234375
7036000;14.510650634765625;825.005126953125;33.3753509521484375
7048000;6.9445004463195800781;269.039520263671875;7.282135009765625
7060000;-8.2055349349975585938;1137.5009765625;21.785516738891601562
7072000;-9.4812564849853515625;337.015289306640625;-10.669158935546875
7084000;-21.2998199462890625;1888.3157958984375;35.704441070556640625
7098000;-14.353823661804199219;-732.13134765625;-63.45250701904296875
7110000;-30.267894744873046875;2202.557861328125;19.967844009399414062
7122000;-24.016422271728515625;1748.59375;72.20025634765625
7134000;-38.016719818115234375;-5167.15966796875;-258.868408203125
7147000;-83.47487640380859375;2878.21337890625;-54.44095611572265625
7160000;-125.999542236328125;5853.25927734375;44.689876556396484375
7172000;39.82997894287109375;-9532.47265625;-245.68878173828125
7184000;-84.9755706787109375;766.7607421875;-94.4000244140625
7196000;-85.029693603515625;4169.5712890625;32.402767181396484375
7208000;19.77660369873046875;1591.4561767578125;100.35767364501953125
7220000;-145.026947021484375;5056.63720703125;-12.07401275634765625
7232000;23.4254150390625;1639.1307373046875;62.564647674560546875
7245000;37.584148406982421875;561.157470703125;84.849273681640625
7257000;46.338134765625;2389.522216796875;68.07576751708984375
7270000;119.736907958984375;-1529.95703125;59.66904449462890625
7282000;78.6320953369140625;-863.3289794921875;38.920185089111328125
7295000;27.551815032958984375;533.732177734375;36.0550689697265625
7308000;38.5525970458984375;200.102783203125;37.01467132568359375
7321000;13.58910369873046875;916.386962890625;31.708368301391601562
7334000;30.356298446655273438;254.2601165771484375;27.6014404296875
7347000;10.129032135009765625;634.949462890625;18.397382736206054688
7359000;16.1762542724609375;161.9049224853515625;9.2950897216796875
7371000;0.99115127325057983398;362.47149658203125;1.3181929588317871094
7383000;-3.9189858436584472656;425.242431640625;-0.97232782840728759766
7395000;-8.688079833984375;641.7684326171875;1.0299000740051269531
7407000;-9.2329072952270507812;720.8505859375;3.7033801078796386719
7419000;-6.9386119842529296875;722.888427734375;6.1217570304870605469
7431000;-4.9357361793518066406;699.6856689453125;8.0467157363891601562
7443000;0.567279815673828125;512.258056640625;8.282810211181640625
7457000;5.9473724365234375;362.11895751953125;6.1605563163757324219
7470000;4.0220189094543457031;345.69744873046875;4.2620992660522460938
7482000;-1.3661324977874755859;502.75811767578125;3.7295236587524414062
7494000;-3.8546099662780761719;610.9688720703125;4.7218847274780273438
7506000;-3.7186419963836669922;645.5264892578125;6.0137243270874023438
7518000;-0.63160657882690429688;562.42333984375;6.5187501907348632812
7530000;2.1723613739013671875;458.294036865234375;6.036006927490234375
7542000;3.0769238471984863281;398.3316650390625;4.9881882667541503906
7556000;1.0027545690536499023;438.907073974609375;4.0512986183166503906
7569000;-1.6897101402282714844;557.139404296875;4.3922696113586425781
7581000;-2.5375316143035888672;607.7938232421875;5.178142547607421875
7594000;-2.4482443332672119141;611.429931640625;6.1170010566711425781
7607000;-1.6036163568496704102;557.177734375;6.7658491134643554688
7619000;1.3651612997055053711;492.4383544921875;6.5099430084228515625
7631000;3.0081508159637451172;436.43096923828125;5.73822784423828125
7644000;2.8451485633850097656;443.1544189453125;4.9425139427185058594
7657000;0.21461659669876098633;502.868560791015625;4.5755863189697265625
7671000;-0.90844011306762695312;525.718017578125;4.8015069961547851562
7683000;-0.419342041015625;516.87298583984375;4.9739460945129394531
7695000;0.11505365371704101562;498.5013427734375;5.1604518890380859375
7707000;-0.13597843050956726074;516.5587158203125;5.2847576141357421875
7719000;0.49508643150329589844;514.457763671875;5.2370705604553222656
7731000;0.52533578872680664062;529.7454833984375;5.2519817352294921875
7744000;0.10889554023742675781;555.3173828125;5.4314908981323242188
7756000;-1.1163046360015869141;564.7786865234375;5.5836148262023925781
7768000;0.54351848363876342773;549.609130859375;5.6520714759826660156
7780000;-0.61494171619415283203;592.5286865234375;6.5554332733154296875
7792000;0.96515369415283203125;699.03466796875;11.254062652587890625
7804000;1.4690610170364379883;764.71343994140625;14.715915679931640625
7816000;2.5823178291320800781;786.8402099609375;16.769992828369140625
7828000;2.5480203628540039062;811.25177001953125;17.654941558837890625
7841000;2.2921328544616699219;854.45257568359375;17.9413909912109375
7854000;0.8910287022590637207;847.9227294921875;17.481443405151367188
7866000;0.65443849563598632812;803.7801513671875;14.568939208984375
7878000;-1.5287804603576660156;839.783935546875;13.884299278259277344
7891000;-1.4947470426559448242;824.9542236328125;14.169116973876953125
7903000;-0.55994623899459838867;801.403076171875;14.218149185180664062
7915000;-0.061331838369369506836;762.614013671875;14.100113868713378906
7927000;-0.21756154298782348633;750.14495849609375;13.885784149169921875
7939000;0.055530890822410583496;746.0164794921875;13.638792037963867188
7952000;1.2851521968841552734;747.3597412109375;13.53328704833984375
7965000;0.50457680225372314453;610.952392578125;7.6229391098022460938
7978000;-3.0978138446807861328;511.756988525390625;2.1196866035461425781
7990000;-3.8994421958923339844;297.628662109375;-4.799839019775390625
8002000;-8.3406686782836914062;146.2283935546875;-13.932008743286132812
8014000;-15.481615066528320312;141.779632568359375;-20.744075775146484375
8026000;-22.433567047119140625;172.8546142578125;-26.750667572021484375
8038000;-29.06963348388671875;199.8155670166015625;-32.0659027099609375
8051000;-34.067691802978515625;260.509521484375;-40.254962921142578125
8063000;-39.924591064453125;321.40673828125;-44.499561309814453125
8075000;-43.36577606201171875;305.145233154296875;-48.726184844970703125
8087000;-45.36226654052734375;179.3537750244140625;-52.0886688232421875
8099000;-49.61972808837890625;349.75823974609375;-54.52413177490234375
8111000;-51.62914276123046875;373.538330078125;-55.119476318359375
8124000;-54.0514678955078125;444.649749755859375;-55.082012176513671875
8136000;-51.47255706787109375;388.3306884765625;-54.189769744873046875
8149000;-51.53223419189453125;287.982513427734375;-51.069988250732421875
8161000;-47.4428253173828125;237.5531005859375;-52.177639007568359375
8173000;-48.67719268798828125;219.55804443359375;-53.98246002197265625
8185000;-49.16672515869140625;170.8993988037109375;-56.0623016357421875
8197000;-51.641147613525390625;111.529815673828125;-57.430431365966796875
8209000;-51.829387664794921875;91.5321044921875;-58.68482208251953125
8221000;-54.2906494140625;143.14642333984375;-59.0415191650390625
8234000;-54.089443206787109375;138.770111083984375;-58.86229705810546875
8247000;-54.2180633544921875;169.0360107421875;-61.030635833740234375
8259000;-51.072967529296875;109.09503173828125;-59.856899261474609375
8271000;-51.98848724365234375;296.3287353515625;-57.71637725830078125
8283000;-46.442279815673828125;183.38482666015625;-52.70742034912109375
8295000;-43.40848541259765625;213.9710693359375;-48.635341644287109375
8307000;-35.7980499267578125;148.443359375;-45.588161468505859375
8321000;-30.689044952392578125;-72.2098388671875;-43.598522186279296875
8333000;-29.42716217041015625;-121.14825439453125;-42.825164794921875
8345000;-27.187747955322265625;-4.686920166015625;-40.630962371826171875
8358000;-26.725719451904296875;270.88067626953125;-31.018163681030273438
8371000;-18.824323654174804688;326.853271484375;-20.05217742919921875
8383000;-9.1657743453979492188;469.618011474609375;-4.2549414634704589844
8395000;4.8507375717163085938;199.19317626953125;-0.64487195014953613281
8407000;11.576410293579101562;-139.836761474609375;-2.9002408981323242188
8419000;13.44902801513671875;-294.077423095703125;-7.5497879981994628906
8432000;7.725360870361328125;-106.208038330078125;-8.0591869354248046875
8444000;0.83486330509185791016;236.3887176513671875;-3.7283201217651367188
8456000;-0.099034354090690612793;446.22894287109375;2.64736175537109375
8469000;3.1055531501770019531;611.05328369140625;10.175854682922363281
8482000;13.358945846557617188;456.8260498046875;15.359650611877441406
8494000;19.88243865966796875;400.945892333984375;19.421850204467773438
8507000;26.31163787841796875;279.8648681640625;25.06581878662109375
8519000;29.141628265380859375;258.646209716796875;26.773248672485351562
8532000;29.887969970703125;235.1434326171875;27.375047683715820312
8545000;29.85101318359375;258.788421630859375;25.515872955322265625
8557000;29.025768280029296875;255.044647216796875;24.982110977172851562
8570000;29.724536895751953125;236.8670654296875;24.288311004638671875
8582000;26.267894744873046875;342.52606201171875;24.077648162841796875
8594000;23.995990753173828125;462.17474365234375;25.630670547485351562
8607000;25.361742019653320312;434.309051513671875;29.1680755615234375
8620000;26.552623748779296875;435.447601318359375;30.616607666015625
8632000;28.156101226806640625;411.7457275390625;31.5354156494140625
8644000;29.430728912353515625;398.00897216796875;32.415576934814453125
8656000;30.788646697998046875;376.953643798828125;31.433607101440429688
8669000;31.7560577392578125;463.629638671875;33.3829803466796875
8681000;32.29697418212890625;535.3441162109375;35.83586883544921875
8694000;34.06929779052734375;562.209228515625;38.365970611572265625
8707000;36.4056854248046875;462.4854736328125;42.158718109130859375
8720000;36.1758270263671875;493.939239501953125;42.6995086669921875
8732000;38.42844390869140625;421.840545654296875;42.776111602783203125
8745000;39.457248687744140625;418.27642822265625;39.351093292236328125
8757000;37.256984710693359375;453.95745849609375;39.129383087158203125
8770000;38.2183990478515625;443.68817138671875;38.775089263916015625
8781000;35.0543212890625;578.740966796875;39.263362884521484375
8794000;34.03783416748046875;641.1197509765625;43.306850433349609375
8807000;34.0596466064453125;644.59173583984375;43.9848785400390625
8819000;33.75093841552734375;638.724609375;45.628398895263671875
8831000;36.857860565185546875;565.0455322265625;45.52545928955078125
8843000;35.252483367919921875;615.03643798828125;45.93872833251953125
8856000;36.2921905517578125;597.07086181640625;46.0840301513671875
8868000;35.6428070068359375;630.91162109375;46.50759124755859375
8880000;33.052093505859375;747.7286376953125;47.59180450439453125
8892000;33.562774658203125;774.8900146484375;48.9985504150390625
8904000;34.70717620849609375;769.591796875;49.99030303955078125
8916000;36.20787811279296875;737.0433349609375;50.40871429443359375
8929000;34.967193603515625;867.644775390625;48.410671234130859375
8941000;36.2387847900390625;805.837158203125;48.26528167724609375
8954000;34.459506988525390625;850.6357421875;47.861080169677734375
8966000;30.737689971923828125;823.9630126953125;48.819393157958984375
8978000;24.645843505859375;270.33721923828125;19.249847412109375
8990000;10.982230186462402344;811.8450927734375;29.78876495361328125
9002000;10.48844146728515625;-81.3948974609375;-12.047900199890136719
9014000;-18.07257843017578125;1820.5333251953125;21.9561309814453125
9026000;9.2796039581298828125;-2042.9771728515625;-56.664943695068359375
9038000;-38.86421966552734375;1231.6961669921875;-23.211872100830078125
9051000;-50.8294525146484375;3687.752197265625;38.994747161865234375
9064000;83.66495513916015625;-9696.3857421875;-199.417633056640625
9076000;-67.32305908203125;-2851.972412109375;-133.0194549560546875
9088000;-143.54547119140625;4553.3798828125;-16.898944854736328125
9100000;-106.62139129638671875;5070.53369140625;62.879791259765625
9112000;-202.119384765625;2356.9599609375;-181.2791900634765625
9124000;-80.503021240234375;2771.485595703125;-18.235208511352539062
9136000;-77.3102874755859375;4613.54345703125;52.633647918701171875
9149000;103.09381866455078125;-3235.11328125;-17.923709869384765625
9161000;50.893589019775390625;-127.959991455078125;33.21797943115234375
9174000;53.42765045166015625;121.99951171875;42.590972900390625
9186000;43.921794891357421875;476.2647705078125;46.87335968017578125
9198000;26.175283432006835938;940.4578857421875;32.99628448486328125
9210000;69.40071868896484375;-1253.0399169921875;18.1430816650390625
9223000;27.0594635009765625;-474.714019775390625;-4.1183156967163085938
9235000;-10.9749603271484375;573.3775634765625;-8.8225421905517578125
9248000;-14.5807342529296875;776.047607421875;-2.1001019477844238281
9261000;-16.826463699340820312;1019.32733154296875;1.2300291061401367188
9274000;-1.1610099077224731445;593.9766845703125;5.6301741600036621094
9286000;-2.0480701923370361328;599.49200439453125;4.4714093208312988281
9298000;9.0640993118286132812;224.62384033203125;4.0001125335693359375
9310000;6.5082516670227050781;202.9246368408203125;0.030141353607177734375
9322000;2.3643887042999267578;290.7698974609375;-1.1665692329406738281
9334000;-4.6215467453002929688;534.20001220703125;-0.043373584747314453125
9348000;-4.7407450675964355469;599.37255859375;1.7408442497253417969
9360000;-3.9194130897521972656;622.66656494140625;3.3809835910797119141
9372000;-2.9962627887725830078;633.41510009765625;4.6551427841186523438
9385000;1.2122271060943603516;491.293975830078125;4.9718594551086425781
9397000;6.2017011642456054688;315.563323974609375;3.2301321029663085938
9409000;6.8346185684204101562;254.1578826904296875;0.90268230438232421875
9421000;2.0366756916046142578;390.6597900390625;-0.20562076568603515625
9433000;-2.1011142730712890625;487.29412841796875;0.3939418792724609375
9446000;-2.7651515007019042969;539.134521484375;1.2689371109008789062
9457000;-1.8926482200622558594;539.27490234375;1.9657745361328125
9469000;-1.589873194694519043;514.5740966796875;2.5554919242858886719
9481000;-0.59217512607574462891;480.768951416015625;2.6766514778137207031
9493000;0.31037288904190063477;425.93402099609375;2.4701371192932128906
9505000;-0.052285045385360717773;443.698455810546875;2.247203826904296875
9518000;-0.70354497432708740234;460.00787353515625;2.3109560012817382812
9531000;0.097494691610336303711;522.47802734375;2.4902768135070800781
9544000;-0.092847406864166259766;484.2667236328125;2.5844340324401855469
9556000;0.231990814208984375;468.5213623046875;2.4041280746459960938
9568000;-0.1417210698127746582;472.244659423828125;2.0700488090515136719
9580000;0.71876227855682373047;431.359222412109375;1.6559164524078369141
9593000;-0.19076946377754211426;419.07049560546875;1.5444598197937011719
9605000;-1.0868167877197265625;472.73175048828125;1.7335247993469238281
9618000;0.1622467339038848877;456.818359375;1.9857439994812011719
9631000;-0.13378068804740905762;472.22015380859375;2.1331791877746582031
9643000;-0.62051820755004882812;517.68408203125;2.3208160400390625
9655000;-0.94057112932205200195;506.9261474609375;2.5221073627471923828
9667000;-0.29072552919387817383;499.5975341796875;2.613170623779296875
9679000;-0.56618225574493408203;492.62005615234375;2.66834259033203125
9691000;0.23932763934135437012;467.1536865234375;2.4625127315521240234
9703000;-0.65363109111785888672;456.717315673828125;2.4505357742309570312
9716000;1.2151826620101928711;432.632965087890625;2.2324681282043457031
9728000;1.3747637271881103516;423.338470458984375;2.1126322746276855469
9740000;1.1508659124374389648;427.5731201171875;1.9932625293731689453
9752000;0.54672014713287353516;447.83465576171875;1.9939312934875488281
9764000;0.3410720527172088623;456.7874755859375;2.0651593208312988281
9776000;0.53506714105606079102;455.585845947265625;2.2117745876312255859
9788000;-0.062965035438537597656;478.76763916015625;2.29401397705078125
9800000;-0.44135788083076477051;495.14715576171875;2.3856706619262695312
9813000;0.15361908078193664551;477.418212890625;2.4501781463623046875
9825000;-0.39553442597389221191;479.93048095703125;2.4557952880859375
9837000;-0.51667141914367675781;478.57421875;2.4066545963287353516
9850000;0.58025288581848144531;457.485015869140625;2.2731885910034179688
9863000;0.62345618009567260742;298.583099365234375;-3.0661211013793945312
9875000;-0.55585461854934692383;134.244537353515625;-9.6980791091918945312
9888000;-5.5555438995361328125;132.2191162109375;-14.674853324890136719
9900000;-7.5757045745849609375;99.714599609375;-18.495349884033203125
9913000;-13.109613418579101562;139.5135498046875;-21.052822113037109375
9926000;-16.2224578857421875;211.365234375;-21.652469635009765625
9938000;-16.373571395874023438;202.90240478515625;-22.05426025390625
9951000;-16.605421066284179688;203.875152587890625;-23.224786758422851562
9963000;-14.209239959716796875;100.897186279296875;-24.231908798217773438
9975000;-16.566043853759765625;142.663421630859375;-25.163034439086914062
9987000;-15.032022476196289062;54.38238525390625;-26.533641815185546875
9999000;-17.265550613403320312;101.369720458984375;-27.161876678466796875
10011000;-16.302886962890625;116.913330078125;-27.722225189208984375
10023000;-18.313419342041015625;178.434295654296875;-27.524188995361328125
10035000;-18.0280303955078125;145.1423797607421875;-27.085729598999023438
10049000;-18.76963043212890625;185.724151611328125;-25.702505111694335938
10061000;-16.741708755493164062;94.67608642578125;-26.673931121826171875
10074000;-17.473480224609375;17.329498291015625;-28.337537765502929688
10087000;-17.253997802734375;-90.65301513671875;-33.256267547607421875
10099000;-19.855266571044921875;-118.5244140625;-36.721752166748046875
10111000;-23.76425933837890625;-71.960968017578125;-39.018398284912109375
10123000;-28.0993499755859375;85.151092529296875;-39.75066375732421875
10135000;-29.93308258056640625;145.933990478515625;-39.720745086669921875
10147000;-31.76092529296875;216.509765625;-38.53765869140625
10160000;-28.59317779541015625;162.92596435546875;-37.507568359375
10173000;-26.014438629150390625;86.335540771484375;-35.80401611328125
10185000;-24.498260498046875;25.831268310546875;-36.259002685546875
10197000;-24.97293853759765625;21.6005859375;-36.826473236083984375
10209000;-25.4089508056640625;14.050506591796875;-37.46551513671875
10221000;-24.81536102294921875;-78.4498291015625;-38.999080657958984375
10233000;-26.68331146240234375;-69.333709716796875;-40.717132568359375
10245000;-29.707489013671875;-11.401031494140625;-41.23075103759765625
10258000;-29.872814178466796875;-30.36492919921875;-41.386539459228515625
10270000;-30.433828353881835938;-16.246673583984375;-41.44980621337890625
10282000;-30.271785736083984375;-15.461761474609375;-41.197200775146484375
10295000;-30.581020355224609375;34.739776611328125;-43.06580352783203125
10308000;-28.550912857055664062;-47.2999267578125;-43.892780303955078125
10320000;-29.733333587646484375;-35.0535888671875;-44.7449188232421875
10332000;-30.400287628173828125;-20.64788818359375;-43.07151031494140625
10344000;-30.0860595703125;-38.07373046875;-45.08766937255859375
10357000;-30.560413360595703125;-83.90997314453125;-43.4151153564453125
10369000;-31.051982879638671875;-70.00787353515625;-43.16645050048828125
10381000;-29.7738189697265625;-134.997283935546875;-43.118724822998046875
10393000;-29.139392852783203125;-139.608612060546875;-43.547176361083984375
10405000;-29.68256378173828125;-150.964569091796875;-43.833522796630859375
10418000;-29.875885009765625;-135.409088134765625;-44.1278533935546875
10431000;-28.719532012939453125;-146.620269775390625;-46.7852630615234375
10443000;-29.68515777587890625;-171.630523681640625;-48.6886444091796875
10455000;-31.2565460205078125;-194.951141357421875;-50.1320037841796875
10467000;-31.74161529541015625;-208.182373046875;-51.932361602783203125
10479000;-34.80374908447265625;-132.107452392578125;-52.35808563232421875
10492000;-36.4707183837890625;-74.429168701171875;-52.23651123046875
10504000;-37.176300048828125;-22.775360107421875;-49.025440216064453125
10517000;-35.760311126708984375;-45.631805419921875;-48.31970977783203125
10530000;-33.58847808837890625;-168.935028076171875;-48.021198272705078125
10542000;-29.6228790283203125;-339.14874267578125;-49.500362396240234375
10554000;-27.409709930419921875;-470.224700927734375;-51.38460540771484375
10566000;-34.94782257080078125;-263.948974609375;-52.5731658935546875
10578000;-36.4804534912109375;-191.1136474609375;-53.504047393798828125
10590000;-41.100566864013671875;-1.98907470703125;-51.7676544189453125
10602000;-38.81268310546875;-15.88006591796875;-49.90496826171875
10614000;-35.022548675537109375;-116.259246826171875;-47.33908843994140625
10626000;-28.833499908447265625;-345.29681396484375;-50.7874755859375
10638000;-28.713731765747070312;-425.866943359375;-51.0790557861328125
10651000;-34.66339874267578125;-209.365478515625;-52.5574798583984375
10663000;-34.748752593994140625;-125.225128173828125;-52.852497100830078125
10675000;-41.16143798828125;57.077667236328125;-50.670467376708984375
10687000;-35.11063385009765625;-112.56707763671875;-49.79694366455078125
10699000;-32.7911834716796875;-162.7269287109375;-50.22579193115234375
10713000;-31.376390457153320312;-297.00738525390625;-48.98697662353515625
10726000;-31.481601715087890625;-331.001800537109375;-50.21624755859375
10738000;-35.26007843017578125;-220.786285400390625;-50.480377197265625
10750000;-35.55451202392578125;-119.987945556640625;-52.0432281494140625
10762000;-35.4469451904296875;-191.40972900390625;-51.519134521484375
10775000;-35.08631134033203125;-150.43359375;-51.21425628662109375
10787000;-34.86141204833984375;-136.5513916015625;-51.04346466064453125
10800000;-33.65306854248046875;-177.69189453125;-49.07415008544921875
10812000;-32.33257293701171875;-225.740478515625;-49.28559112548828125
10825000;-32.02436065673828125;-273.780242919921875;-49.383014678955078125
10838000;-32.332782745361328125;-290.081817626953125;-49.301761627197265625
10850000;-32.11904144287109375;-301.171234130859375;-49.3605499267578125
10862000;-32.59096527099609375;-298.1243896484375;-49.56345367431640625
10875000;-30.87384796142578125;-337.434051513671875;-52.88463592529296875
10888000;-29.756378173828125;-429.402557373046875;-54.731639862060546875
10900000;-31.742359161376953125;-418.04595947265625;-56.4275054931640625
10913000;-33.1675567626953125;-467.806793212890625;-55.36310577392578125
10925000;-34.592365264892578125;-428.3665771484375;-55.50270843505859375
10937000;-35.39015960693359375;-390.131317138671875;-55.20079803466796875
10950000;-34.718017578125;-414.350128173828125;-54.976848602294921875
10962000;-33.5772705078125;-464.8414306640625;-55.16584014892578125
10974000;-33.96441650390625;-493.552490234375;-56.43596649169921875
10986000;-33.530246734619140625;-594.189697265625;-58.87451171875
10998000;-34.96966552734375;-644.318115234375;-61.8437042236328125
11010000;-37.9828948974609375;-636.82135009765625;-64.51873779296875
11022000;-42.276885986328125;-531.5677490234375;-67.857147216796875
11034000;-44.68474578857421875;-445.138671875;-65.1895294189453125
11046000;-46.488311767578125;-335.97930908203125;-63.3349761962890625
11059000;-41.984905242919921875;-396.109222412109375;-64.72113800048828125
11071000;-41.09668731689453125;-470.257171630859375;-64.294647216796875
11083000;-36.601581573486328125;-603.38104248046875;-65.28688812255859375
11095000;-38.28759002685546875;-550.2427978515625;-66.1981048583984375
11107000;-38.27793121337890625;-574.47821044921875;-66.59814453125
11119000;-40.55796051025390625;-474.676910400390625;-66.5279083251953125
11131000;-40.754608154296875;-480.473175048828125;-66.020050048828125
11143000;-38.47443389892578125;-536.548095703125;-66.12461090087890625
11156000;-37.668186187744140625;-590.20477294921875;-66.36780548095703125
11168000;-36.827220916748046875;-642.33074951171875;-67.1264801025390625
11181000;-37.20966339111328125;-723.92962646484375;-65.7521820068359375
11193000;-40.2177886962890625;-664.17010498046875;-65.68634033203125
11205000;-38.4215545654296875;-700.74359130859375;-65.84146881103515625
11217000;-38.38178253173828125;-721.7374267578125;-66.175384521484375
11229000;-36.630321502685546875;-805.8009033203125;-66.8373260498046875
11241000;-35.786407470703125;-867.77850341796875;-68.14007568359375
11254000;-37.02448272705078125;-871.46954345703125;-69.46181488037109375
11266000;-38.982391357421875;-840.73553466796875;-70.052215576171875
11279000;-40.833797454833984375;-776.96014404296875;-74.287200927734375
11291000;-41.00466156005859375;-859.53021240234375;-76.62276458740234375
11304000;-39.452236175537109375;-999.9813232421875;-80.163604736328125
11316000;-39.20256805419921875;-1136.3697509765625;-84.2419586181640625
11328000;-42.13733673095703125;-1146.0428466796875;-87.53528594970703125
11340000;-44.74536895751953125;-1129.2052001953125;-89.783172607421875
11353000;-52.4826202392578125;-981.10546875;-86.3156585693359375
11365000;-51.32430267333984375;-874.80853271484375;-84.8898468017578125
11377000;-43.8158416748046875;-1102.798095703125;-84.8280029296875
11389000;-33.7332611083984375;-1523.8153076171875;-88.5785980224609375
11401000;-30.668849945068359375;-1792.93408203125;-94.23846435546875
11413000;-44.83715057373046875;849.8275146484375;-34.04428863525390625
11425000;-44.26023101806640625;-577.94378662109375;-41.159160614013671875
11437000;9.4065265655517578125;-2508.257568359375;-77.9768524169921875
11449000;1.2162532806396484375;2593.1064453125;6.8638181686401367188
11462000;1.128720402717590332;6621.00732421875;260.688018798828125
11474000;215.7278289794921875;-5537.75634765625;58.786640167236328125
11486000;150.958038330078125;-6280.69970703125;-41.947254180908203125
11499000;62.786041259765625;10344.2607421875;448.21466064453125
11511000;82.5515899658203125;2622.402587890625;183.692596435546875
11523000;83.9950714111328125;21.33652496337890625;52.528110504150390625
11536000;168.29644775390625;-5757.4814453125;-17.786806106567382812
11549000;14.141523361206054688;-1525.059326171875;-53.166591644287109375
11561000;-88.5217742919921875;2122.642822265625;-37.117145538330078125
11573000;-63.34116363525390625;1434.00048828125;-11.541788101196289062
11586000;-23.921861648559570312;721.245849609375;-3.9738678932189941406
11599000;12.611005783081054688;-392.975128173828125;-3.3557767868041992188
11611000;19.074550628662109375;-706.6441650390625;-9.215251922607421875
11624000;10.39349365234375;-609.40142822265625;-13.167721748352050781
11636000;1.2790763378143310547;-398.000732421875;-15.907639503479003906
11649000;-12.331989288330078125;188.6372528076171875;-12.574704170227050781
11662000;-15.818271636962890625;418.313323974609375;-6.6134710311889648438
11674000;-2.0880646705627441406;80.75787353515625;-3.1593730449676513672
11686000;12.390691757202148438;-462.31060791015625;-6.0281138420104980469
11698000;14.597510337829589844;-688.0006103515625;-12.046759605407714844
11710000;2.4833483695983886719;-338.366668701171875;-12.152785301208496094
11722000;-3.9908339977264404297;-132.615570068359375;-12.011941909790039062
11734000;-4.1537981033325195312;-65.2410430908203125;-9.909931182861328125
11746000;-2.1660113334655761719;-95.98073577880859375;-8.9767055511474609375
11759000;-0.68770700693130493164;-134.65606689453125;-8.3346891403198242188
11771000;3.4701952934265136719;-290.295166015625;-9.1946420669555664062
11783000;4.6320285797119140625;-360.949493408203125;-10.940888404846191406
11795000;0.35460785031318664551;-231.5576934814453125;-11.639792442321777344
11807000;-3.3364915847778320312;-104.664093017578125;-10.707782745361328125
11819000;-2.1507482528686523438;-120.71096038818359375;-9.5980358123779296875
11831000;0.67227411270141601562;-221.306243896484375;-9.552692413330078125
11843000;1.3155777454376220703;-249.04803466796875;-10.049450874328613281
11856000;0.73758697509765625;-241.6527252197265625;-10.442476272583007812
11869000;0.037661433219909667969;-222.2678985595703125;-10.602352142333984375
11881000;-1.2391284704208374023;-163.007965087890625;-10.310639381408691406
11894000;-0.79871201515197753906;-181.7279052734375;-9.9578504562377929688
11906000;0.23496878147125244141;-213.5986480712890625;-9.8761739730834960938
11919000;0.32776480913162231445;-228.41973876953125;-10.200925827026367188
11931000;-0.2316901087760925293;-202.571502685546875;-10.203393936157226562
11943000;-0.34414932131767272949;-203.95111083984375;-10.012879371643066406
11956000;0.45541054010391235352;-231.203277587890625;-10.045522689819335938
11969000;0.45102137327194213867;-244.544342041015625;-10.324003219604492188
11981000;-0.0063489340245723724365;-226.258056640625;-10.405096054077148438
11993000;-0.38304156064987182617;-226.417999267578125;-10.253455162048339844
12005000;-0.11850367486476898193;-232.524322509765625;-10.188492774963378906
12018000;-0.56410145759582519531;-207.564483642578125;-10.167179107666015625
12030000;0.3078206479549407959;-235.6746368408203125;-10.139914512634277344
12043000;-0.077385112643241882324;-233.86114501953125;-10.114213943481445312
12056000;-0.29850858449935913086;-219.379608154296875;-10.141386032104492188
12068000;-0.26228323578834533691;-219.63739013671875;-10.062282562255859375
12080000;0.32857018709182739258;-242.46759033203125;-10.169378280639648438
12092000;-0.10625226795673370361;-231.43939208984375;-10.216191291809082031
12104000;-0.03040453791618347168;-235.4106903076171875;-10.234148979187011719
12116000;0.059344328939914703369;-239.68035888671875;-10.21019744873046875
12129000;-0.39502128958702087402;-221.5255889892578125;-10.150815010070800781
12142000;-0.33533728122711181641;-226.91217041015625;-10.154146194458007812
12154000;0.27273610234260559082;-249.4603271484375;-10.193996429443359375
12166000;-0.34934034943580627441;-229.506103515625;-10.140424728393554688
12179000;-0.02685651928186416626;-236.172698974609375;-10.105367660522460938
12191000;0.23588298261165618896;-255.892486572265625;-10.142852783203125
12203000;0.16831368207931518555;-245.18023681640625;-10.219997406005859375
12215000;-0.018127411603927612305;-236.413360595703125;-10.217692375183105469
12229000;0.20016722381114959717;-248.355682373046875;-10.20110321044921875
12241000;0.32627588510513305664;-244.4332275390625;-10.268442153930664062
12253000;-0.26583182811737060547;-264.764862060546875;-10.179923057556152344
12265000;0.022184126079082489014;-258.839569091796875;-10.260045051574707031
12278000;-0.054036431014537811279;-252.6214752197265625;-10.228094100952148438
12291000;-0.41844087839126586914;-264.246856689453125;-10.166411399841308594
12303000;-0.35233446955680847168;-257.430084228515625;-10.160625457763671875
12315000;0.053026527166366577148;-261.723541259765625;-10.148029327392578125
12328000;0.083386309444904327393;-261.671356201171875;-10.224767684936523438
12340000;0.35711348056793212891;-273.858673095703125;-10.284399032592773438
12352000;0.058687631040811538696;-265.46441650390625;-10.291982650756835938
12364000;-0.27910563349723815918;-355.923675537109375;-13.023244857788085938
12376000;-1.2323954105377197266;-446.7357177734375;-17.516317367553710938
12388000;-2.352405548095703125;-499.79632568359375;-20.309423446655273438
12401000;-4.4587206840515136719;-496.434600830078125;-22.06805419921875
12413000;-6.1391687393188476562;-576.14166259765625;-25.49111175537109375
12427000;-6.2602663040161132812;-700.59088134765625;-31.538818359375
12439000;-10.776807785034179688;-688.23095703125;-36.511432647705078125
12451000;-16.271793365478515625;-698.218994140625;-40.71673583984375
12463000;-21.99033355712890625;-566.80242919921875;-44.99057769775390625
12476000;-26.46142578125;-541.4189453125;-45.19760894775390625
12488000;-27.93827056884765625;-514.16082763671875;-47.21604156494140625
12500000;-28.366748809814453125;-505.606964111328125;-47.319889068603515625
12512000;-27.14357757568359375;-548.1519775390625;-47.42652130126953125
12525000;-25.066333770751953125;-711.4620361328125;-46.400363922119140625
12537000;-23.150552749633789062;-812.9932861328125;-48.190460205078125
12549000;-23.809478759765625;-911.985595703125;-50.805934906005859375
12562000;-24.492412567138671875;-1011.86273193359375;-55.442859649658203125
12574000;-28.657344818115234375;-1028.2301025390625;-59.7745208740234375
12586000;-33.560577392578125;-1014.5902099609375;-64.5242156982421875
12599000;-39.0718536376953125;-849.15411376953125;-69.9278106689453125
12611000;-41.7091522216796875;-819.0670166015625;-70.72052001953125
12623000;-40.11641693115234375;-875.779296875;-70.87842559814453125
12635000;-35.19956207275390625;-1059.062255859375;-71.7912750244140625
12647000;-33.903656005859375;-1200.164794921875;-73.7454833984375
12660000;-30.22113037109375;-1366.5159912109375;-76.534881591796875
12674000;-32.593799591064453125;-1473.96826171875;-77.5084381103515625
12686000;-41.6672210693359375;-835.4146728515625;-75.02099609375
12699000;-40.50418853759765625;-702.3543701171875;-59.456573486328125
12711000;-27.3422698974609375;-1362.9818115234375;-71.4978790283203125
12724000;-11.007177352905273438;-838.6240234375;-55.2178955078125
12737000;-6.0483942031860351562;213.4907379150390625;17.143680572509765625
12749000;46.472827911376953125;-3289.862548828125;-49.475826263427734375
12762000;50.87567901611328125;-1461.5406494140625;-68.6656341552734375
12774000;13.125418663024902344;11301.103515625;423.961669921875
12787000;132.450286865234375;-2914.03271484375;138.12646484375
12800000;93.812255859375;-3273.75048828125;-1.0401027202606201172
12812000;83.997894287109375;8043.17822265625;256.5631103515625
12824000;88.6267242431640625;2423.44384765625;169.7349700927734375
12837000;182.800872802734375;-2122.56982421875;1.720996856689453125
12849000;104.91112518310546875;-6772.0498046875;-63.42076873779296875
12863000;-30.41634368896484375;1435.254638671875;19.985242843627929688
12875000;-98.7070159912109375;1710.5997314453125;-22.708072662353515625
12887000;-74.45717620849609375;1842.27734375;-51.94615936279296875
12899000;20.03514862060546875;-2014.2562255859375;-64.573699951171875
12911000;-53.2375640869140625;-436.24591064453125;-64.89835357666015625
12924000;-99.6264801025390625;1689.45556640625;-47.5129241943359375
12937000;-56.5432281494140625;187.61578369140625;-28.265743255615234375
12949000;-27.894046783447265625;-9.43347930908203125;-26.4846649169921875
12961000;3.4696154594421386719;-809.56866455078125;-23.933156967163085938
12973000;-12.791302680969238281;285.3958740234375;-5.6091823577880859375
12986000;1.6164968013763427734;176.7373046875;7.3089456558227539062
12999000;24.087711334228515625;-610.2552490234375;5.6130495071411132812
13012000;32.4129791259765625;-1235.8280029296875;-5.4846487045288085938
13024000;15.651942253112792969;-930.93658447265625;-13.964642524719238281
13036000;-7.1787004470825195312;-235.1993408203125;-13.537984848022460938
13049000;-7.3249988555908203125;-110.724761962890625;-10.8621826171875
13061000;-9.5673170089721679688;23.92839813232421875;-7.1550164222717285156
13074000;0.97882694005966186523;-243.210113525390625;-5.4112758636474609375
13086000;6.9509501457214355469;-478.691192626953125;-6.9533281326293945312
13098000;10.075696945190429688;-687.71197509765625;-10.641229629516601562
13110000;2.3996615409851074219;-512.100341796875;-12.908520698547363281
13122000;-5.5497999191284179688;-229.73138427734375;-11.846899986267089844
13134000;-5.6998128890991210938;-156.5157623291015625;-9.48250579833984375
13146000;-1.7686198949813842773;-239.0784454345703125;-8.00646209716796875
13158000;2.4935970306396484375;-380.579803466796875;-8.3985233306884765625
13170000;4.4352817535400390625;-483.1260986328125;-9.8239564895629882812
13183000;3.2819018363952636719;-474.48455810546875;-11.236009597778320312
13195000;-1.1988084316253662109;-320.238922119140625;-11.215402603149414062
13207000;-3.5836045742034912109;-251.817291259765625;-10.116945266723632812
13219000;-2.6480357646942138672;-277.69451904296875;-9.1053409576416015625
13232000;1.2582983970642089844;-379.0184326171875;-9.2261219024658203125
13244000;1.6597425937652587891;-407.864410400390625;-9.70262908935546875
13257000;1.0866427421569824219;-402.64007568359375;-10.194559097290039062
13269000;0.38789847493171691895;-384.695709228515625;-10.253329277038574219
13281000;-0.31215667724609375;-358.66656494140625;-10.047306060791015625
13293000;0.071007251739501953125;-343.970550537109375;-9.9047336578369140625
13305000;0.52257561683654785156;-383.92822265625;-9.9769868850708007812
13317000;0.41335761547088623047;-187.8960723876953125;-5.1020402908325195312
13329000;0.8378391265869140625;-34.879779815673828125;2.0123591423034667969
13341000;3.0936827659606933594;102.1382904052734375;7.6081838607788085938
13353000;5.953571319580078125;146.7318267822265625;13.019794464111328125
13365000;9.6019620895385742188;141.3685302734375;17.131109237670898438
13377000;14.505704879760742188;29.02120208740234375;19.45467376708984375
13389000;18.818958282470703125;-57.787593841552734375;19.722467422485351562
13401000;20.797046661376953125;-96.33349609375;20.563518524169921875
13413000;19.493345260620117188;46.7113189697265625;21.68814849853515625
13425000;16.498600006103515625;333.03863525390625;26.09915924072265625
13437000;21.786228179931640625;478.796112060546875;36.02857208251953125
13449000;30.986955642700195312;479.8587646484375;45.95709991455078125
13462000;41.703704833984375;239.1100616455078125;49.37671661376953125
13475000;50.59210205078125;-232.176361083984375;48.227054595947265625
13487000;48.5939178466796875;-287.428558349609375;43.4991912841796875
13500000;43.7506866455078125;-270.065643310546875;39.521575927734375
13512000;34.892070770263671875;-67.1341400146484375;37.044384002685546875
13524000;26.14482879638671875;200.068939208984375;34.848602294921875
13537000;21.44556427001953125;320.60955810546875;37.80332183837890625
13551000;26.697681427001953125;221.7026519775390625;39.76300811767578125
13563000;33.35567474365234375;26.242145538330078125;40.619686126708984375
13576000;36.749309539794921875;-23.152069091796875;39.8849334716796875
13588000;33.094028472900390625;164.0290069580078125;40.422344207763671875
13600000;33.50043487548828125;250.9364776611328125;43.683925628662109375
13612000;33.29235076904296875;392.3658447265625;48.132068634033203125
13624000;39.576610565185546875;290.04791259765625;50.94638824462890625
13637000;44.875835418701171875;278.81939697265625;52.7323455810546875
13649000;48.252590179443359375;168.66448974609375;52.6721649169921875
13661000;49.16155242919921875;81.6804351806640625;51.126766204833984375
13674000;45.6029052734375;159.923370361328125;52.525524139404296875
13686000;45.174983978271484375;67.53411865234375;51.60016632080078125
13698000;40.47420501708984375;292.553985595703125;51.76534271240234375
13711000;42.3249969482421875;178.7713165283203125;52.35918426513671875
13723000;41.247020721435546875;214.4382476806640625;52.305393218994140625
13736000;42.020877838134765625;203.3822784423828125;52.72785186767578125
13749000;43.35213470458984375;250.614166259765625;49.934398651123046875
13762000;41.41695404052734375;316.29254150390625;50.491519927978515625
13775000;41.84804534912109375;224.01007080078125;53.724254608154296875
13787000;41.81798553466796875;241.6055755615234375;54.08774566650390625
13799000;42.897602081298828125;297.465087890625;54.023654937744140625
13812000;44.9575042724609375;119.30841064453125;52.86199951171875
13824000;42.00592041015625;187.3978118896484375;51.91534423828125
13836000;41.2995758056640625;195.0608673095703125;51.370655059814453125
13849000;38.10810089111328125;274.116424560546875;46.82796478271484375
13861000;36.7239990234375;116.98699951171875;42.357814788818359375
13873000;32.86618804931640625;-166.038787841796875;29.961175918579101562
13886000;21.361328125;-251.087432861328125;16.097898483276367188
13898000;7.2848567962646484375;-170.696319580078125;4.20427703857421875
13910000;-8.0653743743896484375;173.710968017578125;-1.1531455516815185547
13922000;-16.610569000244140625;544.1871337890625;1.7750225067138671875
13934000;-16.518003463745117188;699.767333984375;7.7420186996459960938
13946000;-7.3133182525634765625;535.9149169921875;11.127965927124023438
13959000;2.4190561771392822266;209.2090911865234375;11.154216766357421875
13971000;8.237041473388671875;-44.724903106689453125;8.7293529510498046875
13983000;6.8395233154296875;-39.09145355224609375;5.91637420654296875
13995000;0.82521152496337890625;123.81871795654296875;4.9202828407287597656
14007000;-4.16291046142578125;310.187652587890625;6.0299177169799804688
14019000;-6.2619342803955078125;407.707305908203125;8.1937208175659179688
14031000;-3.1320347785949707031;375.489501953125;9.887302398681640625
14043000;1.1519652605056762695;246.80145263671875;10.06546783447265625
14056000;3.5784008502960205078;141.3732757568359375;9.0932321548461914062
14068000;3.4786977767944335938;104.98925018310546875;7.7131929397583007812
14080000;0.80725443363189697266;168.1956787109375;6.9471845626831054688
14092000;-1.3928198814392089844;246.80224609375;7.2238912582397460938
14104000;-1.9099175930023193359;287.32537841796875;7.9993453025817871094
14116000;-1.1904042959213256836;287.339630126953125;8.756710052490234375
14129000;0.57789647579193115234;237.5833587646484375;8.870548248291015625
14141000;0.82814240455627441406;208.309539794921875;8.5605478286743164062
14153000;1.0300482511520385742;205.7536163330078125;8.1581144332885742188
14165000;0.16889560222625732422;231.438507080078125;7.9952154159545898438
14177000;-0.89452266693115234375;265.260406494140625;8.2177267074584960938
14190000;-0.76337552070617675781;272.777587890625;8.492008209228515625
14202000;0.15147837996482849121;247.410675048828125;8.59618377685546875
14214000;0.35503721237182617188;238.252960205078125;8.44586181640625
14226000;0.15214943885803222656;243.6061553955078125;8.3797731399536132812
14238000;-0.4973271489143371582;267.897735595703125;8.4511156082153320312
14250000;-0.010311383754014968872;255.1418304443359375;8.5298852920532226562
14263000;0.12466962635517120361;252.398284912109375;8.5422115325927734375
14275000;-0.0018853619694709777832;257.436126708984375;8.5496988296508789062
14287000;0.033058553934097290039;244.2821807861328125;8.5274229049682617188
14300000;-0.27266952395439147949;266.312591552734375;8.445537567138671875
14312000;-0.11484196782112121582;264.410675048828125;8.5566720962524414062
14324000;0.017320066690444946289;264.107177734375;8.6946392059326171875
14336000;0.042008772492408752441;264.634765625;8.6500682830810546875
14348000;0.2098388969898223877;259.150177001953125;8.6078500747680664062
14361000;-0.11036496609449386597;0;8.6426801681518554688
14374000;0;0;0
14386000;0;0;0
14398000;0;0;0
14410000;0;0;0
14422000;0;0;0
14435000;0;0;0
14448000;0;0;0
14460000;0;0;0
14472000;0;0;0
14484000;0;0;0
14496000;0;0;0
14508000;0;0;0
14520000;0;0;0
14533000;0;0;0
14545000;0;0;0
14557000;0;0;0
14569000;0;0;0
14581000;0;0;0
14594000;0;0;0
14606000;0;0;0
14618000;0;0;0
14631000;0;0;0
14643000;0;0;0
14655000;0;0;0
14667000;0;0;0
14679000;0;0;0
14691000;0;0;0
14704000;0;0;0
14716000;0;0;0
14728000;0;0;0
14741000;0;0;0
14753000;0;0;0
14765000;0;0;0
14777000;0;0;0
14790000;0;0;0
14802000;0;0;0
14815000;0;0;0
14828000;0;0;0
14841000;0;0;0
14853000;0;0;0
14866000;0;0;0
14878000;0;0;0
14890000;0;0;0
14902000;0;0;0
14915000;0;0;0
14927000;0;0;0
14941000;0;0;0
14953000;0;0;0
14965000;0;0;0
14978000;0;0;0
14990000;0;0;0
15003000;0;0;0
15016000;0;0;0
15028000;0;0;0
15040000;0;0;0
15054000;0;0;0
15066000;0;0;0
15078000;0;0;0
15091000;0;0;0
15104000;0;0;0
15116000;0;0;0
15128000;0;0;0
15140000;0;0;0
15152000;0;0;0
15165000;0;0;0
15179000;0;0;0
15192000;0;0;0
15204000;0;0;0
15216000;0;0;0
15228000;0;0;0
15240000;0;0;0
15252000;0;0;0
15266000;0;0;0
15279000;0;0;0
15292000;0;0;0
15305000;0;0;0
15317000;0;0;0
15329000;0;0;0
15342000;0;0;0
15354000;0;0;0
15366000;0;0;0
15378000;0;0;0
15390000;0;0;0
15402000;0;0;0
15416000;0;0;0
15429000;0;0;0
15442000;0;0;0
15455000;0;0;0
15469000;0;0;0
15481000;0;0;0
15493000;0;0;0
15505000;0;0;0
15517000;0;0;0
15530000;0;0;0
15543000;0;0;0
15555000;0;0;0
15567000;0;0;0
15579000;0;0;0
15591000;0;0;0
15604000;0;0;0
15617000;0;0;0
15629000;0;0;0
15642000;0;0;0
15654000;0;0;0
15667000;0;0;0
15679000;0;0;0
15691000;0;0;0
15703000;0;0;0
15716000;0;0;0
15728000;0;0;0
15741000;0;0;0
15754000;0;0;0
15766000;0;0;0
15779000;0;0;0
15791000;0;0;0
15805000;0;0;0
15817000;0;0;0
15829000;0;0;0
15842000;0;0;0
15854000;0;0;0
15867000;0;0;0
15879000;0;0;0
15891000;0;0;0
15903000;0;0;0
15915000;0;0;0
15928000;0;0;0
15940000;0;0;0
15953000;0;0;0
15966000;0;0;0
15979000;0;0;0
15992000;0;0;0
16004000;0;0;0
16017000;0;0;0
16029000;0;0;0
16041000;0;0;0
16055000;0;0;0
16067000;0;0;0
16079000;0;0;0
16091000;0;0;0
16103000;0;0;0
16117000;0;0;0
16129000;0;0;0
16141000;0;0;0
16154000;0;0;0
16167000;0;0;0
16179000;0;0;0
16192000;0;0;0
16204000;0;0;0
16216000;0;0;0
16228000;0;0;0
16241000;0;0;0
16254000;0;0;0
16267000;0;0;0
16279000;0;0;0
16292000;0;0;0
16304000;0;0;0
16316000;0;0;0
16328000;0;0;0
16341000;0;0;0
16353000;0;0;0
16365000;0;0;0
16377000;0;0;0
16389000;0;0;0
16402000;0;0;0
16414000;0;0;0
16426000;0;0;0
16439000;0;0;0
16451000;0;0;0
16464000;0;0;0
16476000;0;0;0
16489000;0;0;0
16502000;0;0;0
16514000;0;0;0
16526000;0;0;0
16539000;0;0;0
16552000;0;0;0
16564000;0;0;0
16577000;0;0;0
16590000;0;0;0
16602000;0;0;0
16614000;0;0;0
16626000;0;0;0
16639000;0;0;0
16651000;0;0;0
16665000;0;0;0
16677000;0;0;0
16689000;0;0;0
16702000;0;0;0
16714000;0;0;0
16727000;0;0;0
16739000;0;0;0
16752000;0;0;0
16765000;0;0;0
16779000;0;0;0
16791000;0;0;0
16803000;0;0;0
16816000;0;0;0
16828000;0;0;0
16840000;0;0;0
16853000;0;0;0
16865000;0;0;0
16878000;0;0;0
16890000;0;0;0
16902000;0;0;0
16914000;0;0;0
16926000;0;0;0
16939000;0;0;0
16952000;0;0;0
16965000;0;0;0
16977000;0;0;0
16990000;0;0;0
17003000;0;0;0
17016000;0;0;0
17028000;0;0;0
17041000;0;0;0
17054000;0;0;0
17066000;0;0;0
17078000;0;0;0
17091000;0;0;0
17103000;0;0;0
17116000;0;0;0
17128000;0;0;0
17141000;0;0;0
17153000;0;0;0
17164000;0;0;0
17176000;0;0;0
17189000;0;0;0
17201000;0;0;0
17214000;0;0;0
17226000;0;0;0
17239000;0;0;0
17251000;0;0;0
17264000;0;0;0
17277000;0;0;0
17290000;0;0;0
17303000;0;0;0
17315000;0;0;0
17328000;0;0;0
17340000;0;0;0
17352000;0;0;0
17364000;0;0;0
17377000;0;0;0
17389000;0;0;0
17403000;0;0;0
17416000;0;0;0
17428000;0;0;0
17441000;0;0;0
17453000;0;0;0
17464000;0;0;0
17476000;0;0;0
17488000;0;0;0
17501000;0;0;0
17514000;0;0;0
17526000;0;0;0
17539000;0;0;0
17550000;0;0;0
17563000;0;0;0
17575000;0;0;0
17588000;0;0;0
17600000;0;0;0
17613000;0;0;0
17625000;0;0;0
17638000;0;0;0
17650000;0;0;0
17663000;0;0;0
17676000;0;0;0
17689000;0;0;0
17702000;0;0;0
17714000;0;0;0
17726000;0;0;0
17741000;0;0;0
17753000;0;0;0
17765000;0;0;0
17777000;0;0;0
17789000;0;0;0
17801000;0;0;0
17813000;0;0;0
17826000;0;0;0
17838000;0;0;0
17851000;0;0;0
17863000;0;0;0
17876000;0;0;0
17888000;0;0;0
17900000;0;0;0
17912000;0;0;0
17924000;0;0;0
17937000;0;0;0
17950000;0;0;0
17963000;0;0;0
17976000;0;0;0
17989000;0;0;0
18002000;0;0;0
18014000;0;0;0
18026000;0;0;0
18039000;0;0;0
18052000;0;0;0
18065000;0;0;0
18079000;0;0;0
18092000;0;0;0
18105000;0;0;0
18118000;0;0;0
18130000;0;0;0
18142000;0;0;0
18154000;0;0;0
18167000;0;0;0
18179000;0;0;0
18191000;0;0;0
18204000;0;0;0
18216000;0;0;0
18229000;0;0;0
18242000;0;0;0
18254000;0;0;0
18267000;0;0;0
18280000;0;0;0
18294000;0;0;0
18307000;0;0;0
18320000;0;0;0
18332000;0;0;0
18344000;0;0;0
18357000;0;0;0
18369000;0;0;0
18382000;0;0;0
18395000;0;0;0
18408000;0;0;0
18421000;0;0;0
18433000;0;0;0
18445000;0;0;0
18458000;0;0;0
18470000;0;0;0
18483000;0;0;0
18495000;0;0;0
18508000;0;0;0
18520000;0;0;0
18532000;0;0;0
18545000;0;0;0
18557000;0;0;0
18570000;0;0;0
18583000;0;0;0
18595000;0;0;0
18608000;0;0;0
18620000;0;0;0
18632000;0;0;0
18645000;0;0;0
18657000;0;0;0
18670000;0;0;0
18683000;0;0;0
18695000;0;0;0
18708000;0;0;0
18721000;0;0;0
18733000;0;0;0
18746000;0;0;0
18758000;0;0;0
18771000;0;0;0
18784000;0;0;0
18796000;0;0;0
18809000;0;0;0
18822000;0;0;0
18834000;0;0;0
18847000;0;0;0
18859000;0;0;0
18871000;0;0;0
18884000;0;0;0
18896000;0;0;0
18908000;0;0;0
18920000;0;0;0
18932000;0;0;0
18945000;0;0;0
18958000;0;0;0
18970000;0;0;0
18982000;0;0;0
18994000;0;0;0
19007000;0;0;0
19020000;0;0;0
19032000;0;0;0
19046000;0;0;0
19058000;0;0;0
19070000;0;0;0
19083000;0;0;0
19096000;0;0;0
19108000;0;0;0
19121000;0;0;0
19133000;0;0;0
19146000;0;0;0
19159000;0;0;0
19171000;0;0;0
19184000;0;0;0
19197000;0;0;0
19209000;0;0;0
19221000;0;0;0
19233000;0;0;0
19246000;0;0;0
19258000;0;0;0
19270000;0;0;0
19283000;0;0;0
19296000;0;0;0
19309000;0;0;0
19322000;0;0;0
19334000;0;0;0
19346000;0;0;0
19359000;0;0;0
19372000;0;0;0
19384000;0;0;0
19396000;0;0;0
19409000;0;0;0
19421000;0;0;0
19434000;0;0;0
19447000;0;0;0
19459000;0;0;0
19471000;0;0;0
19483000;0;0;0
19495000;0;0;0
19509000;0;0;0
19521000;0;0;0
19533000;0;0;0
19547000;0;0;0
19559000;0;0;0
19572000;0;0;0
19585000;0;0;0
19597000;0;0;0
19609000;0;0;0
19621000;0;0;0
19633000;0;0;0
19646000;0;0;0
19659000;0;0;0
19672000;0;0;0
19684000;0;0;0
19696000;0;0;0
19708000;0;0;0
19720000;0;0;0
19732000;0;0;0
19744000;0;0;0
19757000;0;0;0
19770000;0;0;0
19782000;0;0;0
19794000;0;0;0
19807000;0;0;0
19819000;0;0;0
19832000;0;0;0
19844000;0;0;0
19856000;0;0;0
19868000;0;0;0
19880000;0;0;0
19893000;0;0;0
19905000;0;0;0
19917000;0;0;0
19929000;0;0;0
19941000;0;0;0
19954000;0;0;0
19967000;0;0;0
19979000;0;0;0
19992000;0;0;0
20004000;0;0;0
20017000;0;0;0
20030000;0;0;0
20042000;0;0;0
20055000;0;0;0
20067000;0;0;0
20079000;0;0;0
20092000;0;0;0
20104000;0;0;0
20116000;0;0;0
20129000;0;0;0
20141000;0;0;0
20154000;0;0;0
20167000;0;0;0
20179000;0;0;0
20191000;0;0;0
20204000;0;0;0
20217000;0;0;0
20230000;0;0;0
20242000;0;0;0
20254000;0;0;0
20267000;0;0;0
20280000;0;0;0
20292000;0;0;0
20304000;0;0;0
20317000;0;0;0
20330000;0;0;0
20342000;0;0;0
20354000;0;0;0
20367000;0;0;0
20379000;0;0;0
20391000;0;0;0
20404000;0;0;0
20417000;0;0;0
20429000;0;0;0
20441000;0;0;0
20453000;0;0;0
20466000;0;0;0
20478000;0;0;0
20490000;0;0;0
20502000;0;0;0
20514000;0;0;0
20526000;0;0;0
20538000;0;0;0
20550000;0;0;0
20562000;0;0;0
20576000;0;0;0
20588000;0;0;0
20600000;0;0;0
20613000;0;0;0
20625000;0;0;0
20637000;0;0;0
20650000;0;0;0
20663000;0;0;0
20675000;0;0;0
20688000;0;0;0
20700000;0;0;0
20713000;0;0;0
20725000;0;0;0
20737000;0;0;0
20750000;0;0;0
20762000;0;0;0
20775000;0;0;0
20788000;0;0;0
20801000;0;0;0
20813000;0;0;0
20825000;0;0;0
20837000;0;0;0
20850000;0;0;0
20863000;0;0;0
20875000;0;0;0
20887000;0;0;0
20900000;0;0;0
20913000;0;0;0
20925000;0;0;0
20937000;0;0;0
20950000;0;0;0
20963000;0;0;0
20976000;0;0;0
20989000;0;0;0
21002000;0;0;0
21014000;0;0;0
21027000;0;0;0
21039000;0;0;0
21051000;0;0;0
21063000;0;0;0
21076000;0;0;0
21088000;0;0;0
21101000;0;0;0
21113000;0;0;0
21126000;0;0;0
21138000;0;0;0
21151000;0;0;0
21164000;0;0;0
21178000;0;0;0
21191000;0;0;0
21203000;0;0;0
21215000;0;0;0
21227000;0;0;0
21239000;0;0;0
21251000;0;0;0
21264000;0;0;0
21277000;0;0;0
21290000;0;0;0
21302000;0;0;0
21315000;0;0;0
21327000;0;0;0
21339000;0;0;0
21352000;0;0;0
21365000;0;0;0
21377000;0;0;0
21389000;0;0;0
21402000;0;0;0
21414000;0;0;0
21426000;0;0;0
21439000;0;0;0
21452000;0;0;0
21465000;0;0;0
21478000;0;0;0
21491000;0;0;0
21504000;0;0;0
21516000;0;0;0
21529000;0;0;0
21541000;0;0;0
21554000;0;0;0
21567000;0;0;0
21579000;0;0;0
21591000;0;0;0
21604000;0;0;0
21617000;0;0;0
21629000;0;0;0
21641000;0;0;0
21653000;0;0;0
21666000;0;0;0
21678000;0;0;0
21690000;0;0;0
21703000;0;0;0
21715000;0;0;0
21727000;0;0;0
21740000;0;0;0
21753000;0;0;0
21764000;0;0;0
21777000;0;0;0
21789000;0;0;0
21801000;0;0;0
21814000;0;0;0
21826000;0;0;0
21838000;0;0;0
21850000;0;0;0
21862000;0;0;0
21874000;0;0;0
21886000;0;0;0
21898000;0;0;0
21911000;0;0;0
21924000;0;0;0
21936000;0;0;0
21948000;0;0;0
21961000;0;0;0
21973000;0;0;0
21985000;0;0;0
21998000;0;0;0
22010000;0;0;0
22023000;0;0;0
22036000;0;0;0
22048000;0;0;0
22061000;0;0;0
22073000;0;0;0
22086000;0;0;0
22099000;0;0;0
22113000;0;0;0
22125000;0;0;0
22137000;0;0;0
22149000;0;0;0
22161000;0;0;0
22173000;0;0;0
22185000;0;0;0
22197000;0;0;0
22210000;0;0;0
22223000;0;0;0
22235000;0;0;0
22248000;0;0;0
22260000;0;0;0
22274000;0;0;0
22286000;0;0;0
22299000;0;0;0
22311000;0;0;0
22324000;0;0;0
22336000;0;0;0
22349000;0;0;0
22362000;0;0;0
22375000;0;0;0
22387000;0;0;0
22400000;0;0;0
22412000;0;0;0
22425000;0;0;0
22438000;0;0;0
22450000;0;0;0
22462000;0;0;0
22474000;0;0;0
22486000;0;0;0
22498000;0;0;0
22510000;0;0;0
22522000;0;0;0
22535000;0;0;0
22547000;0;0;0
22560000;0;0;0
22572000;0;0;0
22585000;0;0;0
22598000;0;0;0
22611000;0;0;0
22624000;0;0;0
22637000;0;0;0
22649000;0;0;0
22662000;0;0;0
22674000;0;0;0
22686000;0;0;0
22699000;0;0;0
22711000;0;0;0
22724000;0;0;0
22737000;0;0;0
22749000;0;0;0
22762000;0;0;0
22775000;0;0;0
22788000;0;0;0
22800000;0;0;0
22813000;0;0;0
22825000;0;0;0
22837000;0;0;0
22849000;0;0;0
22862000;0;0;0
22874000;0;0;0
22887000;0;0;0
22900000;0;0;0
22912000;0;0;0
22925000;0;0;0
22938000;0;0;0
22950000;0;0;0
22962000;0;0;0
22975000;0;0;0
22988000;0;0;0
23001000;0;0;0
23014000;0;0;0
23027000;0;0;0
23040000;0;0;0
23052000;0;0;0
23064000;0;0;0
23076000;0;0;0
23088000;0;0;0
23100000;0;0;0
23112000;0;0;0
23124000;0;0;0
23138000;0;0;0
23150000;0;0;0
23163000;0;0;0
23175000;0;0;0
23188000;0;0;0
23200000;0;0;0
23212000;0;0;0
23225000;0;0;0
23238000;0;0;0
23250000;0;0;0
23263000;0;0;0
23275000;0;0;0
23288000;0;0;0
23300000;0;0;0
23312000;0;0;0
23325000;0;0;0
23338000;0;0;0
23350000;0;0;0
23363000;0;0;0
23375000;0;0;0
23388000;0;0;0
23401000;0;0;0
23413000;0;0;0
23425000;0;0;0
23437000;0;0;0
23449000;0;0;0
23461000;0;0;0
23473000;0;0;0
23486000;0;0;0
23498000;0;0;0
23511000;0;0;0
23523000;0;0;0
23535000;0;0;0
23549000;0;0;0
23561000;0;0;0
23574000;0;0;0
23587000;0;0;0
23599000;0;0;0
23611000;0;0;0
23623000;0;0;0
23636000;0;0;0
23648000;0;0;0
23661000;0;0;0
23674000;0;0;0
23686000;0;0;0
23699000;0;0;0
23711000;0;0;0
23723000;0;0;0
23736000;0;0;0
23748000;0;0;0
23760000;0;0;0
23773000;0;0;0
23785000;0;0;0
23797000;0;0;0
23809000;0;0;0
23822000;0;0;0
23834000;0;0;0
23846000;0;0;0
23858000;0;0;0
23870000;0;0;0
23882000;0;0;0
23894000;0;0;0
23906000;0;0;0
23919000;0;0;0
23931000;0;0;0
23944000;0;0;0
23956000;0;0;0
23968000;0;0;0
23980000;0;0;0
23993000;0;0;0
24005000;0;0;0
24017000;0;0;0
24030000;0;0;0
24043000;0;0;0
24055000;0;0;0
24067000;0;0;0
24080000;0;0;0
24092000;0;0;0
24104000;0;0;0
24116000;0;0;0
24128000;0;0;0
24140000;0;0;0
24153000;0;0;0
24165000;0;0;0
24178000;0;0;0
24190000;0;0;0
24203000;0;0;0
24215000;0;0;0
24227000;0;0;0
24239000;0;0;0
24251000;0;0;0
24263000;0;0;0
24276000;0;0;0
24288000;0;0;0
24300000;0;0;0
24313000;0;0;0
24326000;0;0;0
24338000;0;0;0
24350000;0;0;0
24362000;0;0;0
24375000;0;0;0
24387000;0;0;0
24399000;0;0;0
24411000;0;0;0
24424000;0;0;0
24437000;0;0;0
24450000;0;0;0
24463000;0;0;0
24476000;0;0;0
24489000;0;0;0
24502000;0;0;0
24515000;0;0;0
24527000;0;0;0
24539000;0;0;0
24552000;0;0;0
24564000;0;0;0
24577000;0;0;0
24590000;0;0;0
24602000;0;0;0
24614000;0;0;0
24626000;0;0;0
24639000;0;0;0
24652000;0;0;0
24665000;0;0;0
24677000;0;0;0
24689000;0;0;0
24701000;0;0;0
24713000;0;0;0
24726000;0;0;0
24738000;0;0;0
24750000;0;0;0
24762000;0;0;0
24775000;0;0;0
24787000;0;0;0
24800000;0;0;0
24812000;0;0;0
24824000;0;0;0
24836000;0;0;0
24848000;0;0;0
24860000;0;0;0
24873000;0;0;0
24885000;0;0;0
24898000;0;0;0
24910000;0;0;0
24923000;0;0;0
24935000;0;0;0
24947000;0;0;0
24959000;0;0;0
24971000;0;0;0
24983000;0;0;0
24996000;0;0;0
25009000;0;0;0
25022000;0;0;0
25034000;0;0;0
25046000;0;0;0
25058000;0;0;0
25072000;0;0;0
25084000;0;0;0
25096000;0;0;0
25109000;0;0;0
25121000;0;0;0
25134000;0;0;0
25147000;0;0;0
25159000;0;0;0
25171000;0;0;0
25183000;0;0;0
25196000;0;0;0
25209000;0;0;0
25221000;0;0;0
25234000;0;0;0
25248000;0;0;0
25260000;0;0;0
25272000;0;0;0
25285000;0;0;0
25298000;0;0;0
25311000;0;0;0
25323000;0;0;0
25335000;0;0;0
25347000;0;0;0
25359000;0;0;0
25372000;0;0;0
25383000;0;0;0
25395000;0;0;0
25407000;0;0;0
25420000;0;0;0
25432000;0;0;0
25445000;0;0;0
25458000;0;0;0
25471000;0;0;0
25483000;0;0;0
25495000;0;0;0
25507000;0;0;0
25519000;0;0;0
25532000;0;0;0
25544000;0;0;0
25556000;0;0;0
25568000;0;0;0
25582000;0;0;0
25594000;0;0;0
25607000;0;0;0
25620000;0;0;0
25632000;0;0;0
25644000;0;0;0
25656000;0;0;0
25668000;0;0;0
25681000;0;0;0
25693000;0;0;0
25705000;0;0;0
25717000;0;0;0
25729000;0;0;0
25741000;0;0;0
25753000;0;0;0
25766000;0;0;0
25778000;0;0;0
25790000;0;0;0
25802000;0;0;0
25815000;0;0;0
25827000;0;0;0
25839000;0;0;0
25851000;0;0;0
25865000;0;0;0
25877000;0;0;0
25890000;0;0;0
25902000;0;0;0
25915000;0;0;0
25928000;0;0;0
25941000;0;0;0
25953000;0;0;0
25966000;0;0;0
25978000;0;0;0
25990000;0;0;0
26003000;0;0;0
26015000;0;0;0
26028000;0;0;0
26041000;0;0;0
26054000;0;0;0
26066000;0;0;0
26079000;0;0;0
26092000;0;0;0
26105000;0;0;0
26118000;0;0;0
26130000;0;0;0
26142000;0;0;0
26154000;0;0;0
26166000;0;0;0
26179000;0;0;0
26191000;0;0;0
26203000;0;0;0
26215000;0;0;0
26227000;0;0;0
26239000;0;0;0
26251000;0;0;0
26263000;0;0;0
26274000;0;0;0
26286000;0;0;0
26300000;0;0;0
26313000;0;0;0
26326000;0;0;0
26338000;0;0;0
26350000;0;0;0
26363000;0;0;0
26374000;0;0;0
26387000;0;0;0
26399000;0;0;0
26411000;0;0;0
26423000;0;0;0
26436000;0;0;0
26449000;0;0;0
26461000;0;0;0
26473000;0;0;0
26486000;0;0;0
26499000;0;0;0
26511000;0;0;0
26523000;0;0;0
26535000;0;0;0
26547000;0;0;0
26559000;0;0;0
26571000;0;0;0
26584000;0;0;0
26597000;0;0;0
26609000;0;0;0
26621000;0;0;0
26633000;0;0;0
26645000;0;0;0
26658000;0;0;0
26670000;0;0;0
26682000;0;0;0
26694000;0;0;0
26706000;0;0;0
26719000;0;0;0
26731000;0;0;0
26744000;0;0;0
26756000;0;0;0
26769000;0;0;0
26781000;0;0;0
26794000;0;0;0
26806000;0;0;0
26818000;0;0;0
26830000;0;0;0
26843000;0;0;0
26855000;0;0;0
26867000;0;0;0
26881000;0;0;0
26894000;0;0;0
26906000;0;0;0
26918000;0;0;0
26930000;0;0;0
26942000;0;0;0
26954000;0;0;0
26966000;0;0;0
26978000;0;0;0
26991000;0;0;0
27003000;0;0;0
27016000;0;0;0
27029000;0;0;0
27041000;0;0;0
27053000;0;0;0
27065000;0;0;0
27077000;0;0;0
27090000;0;0;0
27102000;0;0;0
27115000;0;0;0
27128000;0;0;0
27141000;0;0;0
27153000;0;0;0
27165000;0;0;0
27177000;0;0;0
27189000;0;0;0
27201000;0;0;0
27213000;0;0;0
27225000;0;0;0
27237000;0;0;0
27249000;0;0;0
27261000;0;0;0
27274000;0;0;0
27286000;0;0;0
27298000;0;0;0
27310000;0;0;0
27322000;0;0;0
27335000;0;0;0
27348000;0;0;0
27360000;0;0;0
27373000;0;0;0
27386000;0;0;0
27397000;0;0;0
27410000;0;0;0
27423000;0;0;0
27436000;0;0;0
27448000;0;0;0
27460000;0;0;0
27473000;0;0;0
27486000;0;0;0
27498000;0;0;0
27510000;0;0;0
27523000;0;0;0
27536000;0;0;0
27548000;0;0;0
27560000;0;0;0
27573000;0;0;0
27585000;0;0;0
27598000;0;0;0
27611000;0;0;0
27623000;0;0;0
27636000;0;0;0
27649000;0;0;0
27661000;0;0;0
27674000;0;0;0
27686000;0;0;0
27698000;0;0;0
27710000;0;0;0
27723000;0;0;0
27736000;0;0;0
27748000;0;0;0
27760000;0;0;0
27773000;0;0;0
27785000;0;0;0
27797000;0;0;0
27810000;0;0;0
27822000;0;0;0
27835000;0;0;0
27848000;0;0;0
27860000;0;0;0
27872000;0;0;0
27885000;0;0;0
27898000;0;0;0
27910000;0;0;0
27923000;0;0;0
27935000;0;0;0
27947000;0;0;0
27959000;0;0;0
27972000;0;0;0
27984000;0;0;0
27996000;0;0;0
28009000;0;0;0
28022000;0;0;0
28035000;0;0;0
28048000;0;0;0
28060000;0;0;0
28073000;0;0;0
28085000;0;0;0
28098000;0;0;0
28111000;0;0;0
28123000;0;0;0
28136000;0;0;0
28148000;0;0;0
28160000;0;0;0
28172000;0;0;0
28185000;0;0;0
28198000;0;0;0
28210000;0;0;0
28223000;0;0;0
28236000;0;0;0
28248000;0;0;0
28260000;0;0;0
28273000;0;0;0
28285000;0;0;0
28298000;0;0;0
28310000;0;0;0
28322000;0;0;0
28335000;0;0;0
28347000;0;0;0
28359000;0;0;0
28372000;0;0;0
28384000;0;0;0
28396000;0;0;0
28408000;0;0;0
28420000;0;0;0
28433000;0;0;0
28446000;0;0;0
28458000;0;0;0
28472000;0;0;0
28484000;0;0;0
28496000;0;0;0
28509000;0;0;0
28521000;0;0;0
28533000;0;0;0
28545000;0;0;0
28557000;0;0;0
28570000;0;0;0
28582000;0;0;0
28594000;0;0;0
28606000;0;0;0
28619000;0;0;0
28631000;0;0;0
28643000;0;0;0
28655000;0;0;0
28667000;0;0;0
28679000;0;0;0
28692000;0;0;0
28704000;0;0;0
28716000;0;0;0
28728000;0;0;0
28741000;0;0;0
28754000;0;0;0
28767000;0;0;0
28779000;0;0;0
28792000;0;0;0
28805000;0;0;0
28817000;0;0;0
28830000;0;0;0
28842000;0;0;0
28854000;0;0;0
28867000;0;0;0
28880000;0;0;0
28892000;0;0;0
28905000;0;0;0
28917000;0;0;0
28930000;0;0;0
28942000;0;0;0
28954000;0;0;0
28966000;0;0;0
28979000;0;0;0
28991000;0;0;0
29003000;0;0;0
29015000;0;0;0
29027000;0;0;0
29039000;0;0;0
29051000;0;0;0
29063000;0;0;0
29077000;0;0;0
29090000;0;0;0
29102000;0;0;0
29115000;0;0;0
29128000;0;0;0
29140000;0;0;0
29154000;0;0;0
29167000;0;0;0
29179000;0;0;0
29192000;0;0;0
29204000;0;0;0
29216000;0;0;0
29228000;0;0;0
29240000;0;0;0
29252000;0;0;0
29264000;0;0;0
29276000;0;0;0
29289000;0;0;0
29301000;0;0;0
29313000;0;0;0
29325000;0;0;0
29337000;0;0;0
29349000;0;0;0
29361000;0;0;0
29373000;0;0;0
29387000;0;0;0
29399000;0;0;0
29411000;0;0;0
29423000;0;0;0
29435000;0;0;0
29447000;0;0;0
29459000;0;0;0
29472000;0;0;0
29485000;0;0;0
29498000;0;0;0
29510000;0;0;0
29522000;0;0;0
29533000;0;0;0
29545000;0;0;0
29557000;0;0;0
29570000;0;0;0
29583000;0;0;0
29596000;0;0;0
29608000;0;0;0
29621000;0;0;0
29633000;0;0;0
29647000;0;0;0
29659000;0;0;0
29671000;0;0;0
29683000;0;0;0
29696000;0;0;0
29709000;0;0;0
29722000;0;0;0
29734000;0;0;0
29747000;0;0;0
29759000;0;0;0
29772000;0;0;0
29784000;0;0;0
29796000;0;0;0
29808000;0;0;0
29821000;0;0;0
29833000;0;0;0
29845000;0;0;0
29857000;0;0;0
29869000;0;0;0
29881000;0;0;0
29893000;0;0;0
29906000;0;0;0
29918000;0;0;0
29931000;0;0;0
29944000;0;0;0
29956000;0;0;0
29968000;0;0;0
29982000;0;0;0
29994000;0;0;0
30006000;0;0;0
30019000;0;0;0
30032000;0;0;0
30045000;0;0;0
30057000;0;0;0
30069000;0;0;0
30082000;0;0;0
30094000;0;0;0
30107000;0;0;0
30120000;0;0;0
30132000;0;0;0
30145000;0;0;0
30157000;0;0;0
30170000;0;0;0
30183000;0;0;0
30195000;0;0;0
30208000;0;0;0
30220000;0;0;0
30232000;0;0;0
30245000;0;0;0
30257000;0;0;0
30270000;0;0;0
30283000;0;0;0
30296000;0;0;0
30309000;0;0;0
30321000;0;0;0
30333000;0;0;0
30347000;0;0;0
30359000;0;0;0
30371000;0;0;0
30383000;0;0;0
30396000;0;0;0
30409000;0;0;0
30422000;0;0;0
30434000;0;0;0
30446000;0;0;0
30458000;0;0;0
30470000;0;0;0
30482000;0;0;0
30495000;0;0;0
30507000;0;0;0
30519000;0;0;0
30531000;0;0;0
30545000;0;0;0
30557000;0;0;0
30569000;0;0;0
30581000;0;0;0
30594000;0;0;0
30606000;0;0;0
30618000;0;0;0
30631000;0;0;0
30644000;0;0;0
30657000;0;0;0
30669000;0;0;0
30681000;0;0;0
30694000;0;0;0
30707000;0;0;0
30719000;0;0;0
30731000;0;0;0
30743000;0;0;0
30755000;0;0;0
30767000;0;0;0
30779000;0;0;0
30791000;0;0;0
30805000;0;0;0
30818000;0;0;0
30831000;0;0;0
30843000;0;0;0
30855000;0;0;0
30867000;0;0;0
30879000;0;0;0
30892000;0;0;0
30905000;0;0;0
30917000;0;0;0
30930000;0;0;0
30943000;0;0;0
30955000;0;0;0
30967000;0;0;0
30979000;0;0;0
30993000;0;0;0
31006000;0;0;0
31018000;0;0;0
31030000;0;0;0
31042000;0;0;0
31055000;0;0;0
31068000;0;0;0
31080000;0;0;0
31093000;0;0;0
31107000;0;0;0
31119000;0;0;0
31132000;0;0;0
31144000;0;0;0
31156000;0;0;0
31168000;0;0;0
31180000;0;0;0
31192000;0;0;0
31205000;0;0;0
31217000;0;0;0
31229000;0;0;0
31241000;0;0;0
31254000;0;0;0
31267000;0;0;0
31279000;0;0;0
31291000;0;0;0
31304000;0;0;0
31316000;0;0;0
31328000;0;0;0
31340000;0;0;0
31353000;0;0;0
31365000;0;0;0
31377000;0;0;0
31389000;0;0;0
31402000;0;0;0
31414000;0;0;0
31427000;0;0;0
31439000;0;0;0
31451000;0;0;0
31463000;0;0;0
31475000;0;0;0
31487000;0;0;0
31500000;0;0;0
31512000;0;0;0
31525000;0;0;0
31537000;0;0;0
31550000;0;0;0
31562000;0;0;0
31574000;0;0;0
31586000;0;0;0
31599000;0;0;0
31615000;0;0;0
31627000;0;0;0
31639000;0;0;0
31652000;0;0;0
31664000;0;0;0
31676000;0;0;0
31688000;0;0;0
31701000;0;0;0
31713000;0;0;0
31726000;0;0;0
31738000;0;0;0
31750000;0;0;0
31763000;0;0;0
31775000;0;0;0
31787000;0;0;0
31800000;0;0;0
31813000;0;0;0
31826000;0;0;0
31839000;0;0;0
31852000;0;0;0
31864000;0;0;0
31876000;0;0;0
31888000;0;0;0
31901000;0;0;0
31913000;0;0;0
31926000;0;0;0
31938000;0;0;0
31950000;0;0;0
31962000;0;0;0
31974000;0;0;0
31986000;0;0;0
31999000;0;0;0
32012000;0;0;0
32024000;0;0;0
32037000;0;0;0
32049000;0;0;0
32061000;0;0;0
32074000;0;0;0
32086000;0;0;0
32099000;0;0;0
32111000;0;0;0
32124000;0;0;0
32135000;0;0;0
32147000;0;0;0
32159000;0;0;0
32171000;0;0;0
32183000;0;0;0
32195000;0;0;0
32208000;0;0;0
32221000;0;0;0
32234000;0;0;0
32246000;0;0;0
32259000;0;0;0
32271000;0;0;0
32283000;0;0;0
32296000;0;0;0
32309000;0;0;0
32321000;0;0;0
32333000;0;0;0
32346000;0;0;0
32359000;0;0;0
32371000;0;0;0
32383000;0;0;0
32397000;0;0;0
32410000;0;0;0
32423000;0;0;0
32435000;0;0;0
32447000;0;0;0
32459000;0;0;0
32471000;0;0;0
32483000;0;0;0
32495000;0;0;0
32508000;0;0;0
32521000;0;0;0
32534000;0;0;0
32547000;0;0;0
32560000;0;0;0
32573000;0;0;0
32585000;0;0;0
32598000;0;0;0
32610000;0;0;0
32623000;0;0;0
32635000;0;0;0
32648000;0;0;0
32661000;0;0;0
32674000;0;0;0
32687000;0;0;0
32699000;0;0;0
32711000;0;0;0
32723000;0;0;0
32736000;0;0;0
32748000;0;0;0
32760000;0;0;0
32773000;0;0;0
32786000;0;0;0
32798000;0;0;0
32810000;0;0;0
32822000;0;0;0
32834000;0;0;0
32846000;0;0;0
32858000;0;0;0
32870000;0;0;0
32882000;0;0;0
32895000;0;0;0
32909000;0;0;0
32921000;0;0;0
32933000;0;0;0
32945000;0;0;0
32957000;0;0;0
32969000;0;0;0
32982000;0;0;0
32994000;0;0;0
33007000;0;0;0
33020000;0;0;0
33032000;0;0;0
33044000;0;0;0
33056000;0;0;0
33068000;0;0;0
33080000;0;0;0
33092000;0;0;0
33105000;0;0;0
33118000;0;0;0
33130000;0;0;0
33142000;0;0;0
33154000;0;0;0
33166000;0;0;0
33178000;0;0;0
33190000;0;0;0
33203000;0;0;0
33217000;0;0;0
33230000;0;0;0
33243000;0;0;0
33255000;0;0;0
33268000;0;0;0
33280000;0;0;0
33292000;0;0;0
33305000;0;0;0
33317000;0;0;0
33329000;0;0;0
33342000;0;0;0
33355000;0;0;0
33367000;0;0;0
33379000;0;0;0
33391000;0;0;0
33405000;0;0;0
33418000;0;0;0
33431000;0;0;0
33443000;0;0;0
33456000;0;0;0
33468000;0;0;0
33480000;0;0;0
33492000;0;0;0
33504000;0;0;0
33517000;0;0;0
33530000;0;0;0
33542000;0;0;0
33554000;0;0;0
33567000;0;0;0
33579000;0;0;0
33591000;0;0;0
33603000;0;0;0
33615000;0;0;0
33627000;0;0;0
33640000;0;0;0
33653000;0;0;0
33665000;0;0;0
33678000;0;0;0
33691000;0;0;0
33704000;0;0;0
33716000;0;0;0
33728000;0;0;0
33740000;0;0;0
33752000;0;0;0
33764000;0;0;0
33777000;0;0;0
33789000;0;0;0
33801000;0;0;0
33813000;0;0;0
33826000;0;0;0
33838000;0;0;0
33850000;0;0;0
33862000;0;0;0
33874000;0;0;0
33887000;0;0;0
33899000;0;0;0
33911000;0;0;0
33923000;0;0;0
33936000;0;0;0
33948000;0;0;0
33960000;0;0;0
33972000;0;0;0
33985000;0;0;0
33998000;0;0;0
34010000;0;0;0
34023000;0;0;0
34035000;0;0;0
34048000;0;0;0
34060000;0;0;0
34072000;0;0;0
34085000;0;0;0
34097000;0;0;0
34109000;0;0;0
34122000;0;0;0
34134000;0;0;0
34147000;0;0;0
34159000;0;0;0
34171000;0;0;0
34184000;0;0;0
34196000;0;0;0
34208000;0;0;0
34221000;0;0;0
34233000;0;0;0
34245000;0;0;0
34257000;0;0;0
34269000;0;0;0
34281000;0;0;0
34293000;0;0;0
34305000;0;0;0
34318000;0;0;0
34331000;0;0;0
34344000;0;0;0
34356000;0;0;0
34368000;0;0;0
34381000;0;0;0
34394000;0;0;0
34406000;0;0;0
34418000;0;0;0
34430000;0;0;0
34443000;0;0;0
34455000;0;0;0
34467000;0;0;0
34480000;0;0;0
34493000;0;0;0
34505000;0;0;0
34517000;0;0;0
34529000;0;0;0
34541000;0;0;0
34553000;0;0;0
34565000;0;0;0
34578000;0;0;0
34590000;0;0;0
34602000;0;0;0
34614000;0;0;0
34626000;0;0;0
34638000;0;0;0
34651000;0;0;0
34663000;0;0;0
34676000;0;0;0
34688000;0;0;0
34700000;0;0;0
34713000;0;0;0
34725000;0;0;0
34737000;0;0;0
34749000;0;0;0
34761000;0;0;0
34774000;0;0;0
34786000;0;0;0
34798000;0;0;0
34811000;0;0;0
34824000;0;0;0
34837000;0;0;0
34850000;0;0;0
34862000;0;0;0
34875000;0;0;0
34888000;0;0;0
34900000;0;0;0
34912000;0;0;0
34924000;0;0;0
34936000;0;0;0
34948000;0;0;0
34961000;0;0;0
34973000;0;0;0
34986000;0;0;0
34998000;0;0;0
35011000;0;0;0
35023000;0;0;0
35035000;0;0;0
35047000;0;0;0
35059000;0;0;0
35071000;0;0;0
35084000;0;0;0
35096000;0;0;0
35108000;0;0;0
35120000;0;0;0
35132000;0;0;0
35144000;0;0;0
35157000;0;0;0
35169000;0;0;0
35182000;0;0;0
35194000;0;0;0
35206000;0;0;0
35218000;0;0;0
35230000;0;0;0
35243000;0;0;0
35255000;0;0;0
35267000;0;0;0
35280000;0;0;0
35293000;0;0;0
35305000;0;0;0
35317000;0;0;0
35329000;0;0;0
35342000;0;0;0
35355000;0;0;0
35367000;0;0;0
35380000;0;0;0
35392000;0;0;0
35404000;0;0;0
35416000;0;0;0
35428000;0;0;0
35440000;0;0;0
35452000;0;0;0
35464000;0;0;0
35476000;0;0;0
35490000;0;0;0
35502000;0;0;0
35514000;0;0;0
35527000;0;0;0
35540000;0;0;0
35552000;0;0;0
35564000;0;0;0
35578000;0;0;0
35591000;0;0;0
35603000;0;0;0
35615000;0;0;0
35628000;0;0;0
35640000;0;0;0
35652000;0;0;0
35664000;0;0;0
35676000;0;0;0
35689000;0;0;0
35701000;0;0;0
35714000;0;0;0
35726000;0;0;0
35739000;0;0;0
35751000;0;0;0
35763000;0;0;0
35776000;0;0;0
35789000;0;0;0
35801000;0;0;0
35813000;0;0;0
35826000;0;0;0
35838000;0;0;0
35851000;0;0;0
35863000;0;0;0
35876000;0;0;0
35889000;0;0;0
35902000;0;0;0
35914000;0;0;0
35927000;0;0;0
35939000;0;0;0
35951000;0;0;0
35963000;0;0;0
35977000;0;0;0
35990000;0;0;0
36002000;0;0;0
36014000;0;0;0
36027000;0;0;0
36040000;0;0;0
36052000;0;0;0
36064000;0;0;0
36076000;0;0;0
36089000;0;0;0
36102000;0;0;0
36114000;0;0;0
36127000;0;0;0
36139000;0;0;0
36152000;0;0;0
36164000;0;0;0
36176000;0;0;0
36188000;0;0;0
36201000;0;0;0
36214000;0;0;0
36226000;0;0;0
36238000;0;0;0
36251000;0;0;0
36263000;0;0;0
36275000;0;0;0
36287000;0;0;0
36299000;0;0;0
36311000;0;0;0
36324000;0;0;0
36337000;0;0;0
36350000;0;0;0
36362000;0;0;0
36374000;0;0;0
36386000;0;0;0
36398000;0;0;0
36411000;0;0;0
36425000;0;0;0
36438000;0;0;0
36451000;0;0;0
36463000;0;0;0
36475000;0;0;0
36487000;0;0;0
36501000;0;0;0
36513000;0;0;0
36525000;0;0;0
36538000;0;0;0
36551000;0;0;0
36563000;0;0;0
36576000;0;0;0
36589000;0;0;0
36602000;0;0;0
36614000;0;0;0
36626000;0;0;0
36638000;0;0;0
36650000;0;0;0
36662000;0;0;0
36675000;0;0;0
36688000;0;0;0
36700000;0;0;0
36714000;0;0;0
36727000;0;0;0
36740000;0;0;0
36752000;0;0;0
36765000;0;0;0
36777000;0;0;0
36790000;0;0;0
36802000;0;0;0
36815000;0;0;0
36828000;0;0;0
36840000;0;0;0
36853000;0;0;0
36865000;0;0;0
36878000;0;0;0
36890000;0;0;0
36903000;0;0;0
36916000;0;0;0
36928000;0;0;0
36941000;0;0;0
36954000;0;0;0
36966000;0;0;0
36979000;0;0;0
36993000;0;0;0
37005000;0;0;0
37018000;0;0;0
37030000;0;0;0
37043000;0;0;0
37055000;0;0;0
37067000;0;0;0
37080000;0;0;0
37092000;0;0;0
37104000;0;0;0
37116000;0;0;0
37128000;0;0;0
37140000;0;0;0
37152000;0;0;0
37165000;0;0;0
37178000;0;0;0
37190000;0;0;0
37202000;0;0;0
37215000;0;0;0
37227000;0;0;0
37239000;0;0;0
37251000;0;0;0
37263000;0;0;0
37275000;0;0;0
37288000;0;0;0
37300000;0;0;0
37312000;0;0;0
37324000;0;0;0
37336000;0;0;0
37349000;0;0;0
37361000;0;0;0
37373000;0;0;0
37386000;0;0;0
37398000;0;0;0
37410000;0;0;0
37424000;0;0;0
37436000;0;0;0
37449000;0;0;0
37461000;0;0;0
37473000;0;0;0
37485000;0;0;0
37497000;0;0;0
37509000;0;0;0
37523000;0;0;0
37536000;0;0;0
37549000;0;0;0
37561000;0;0;0
37573000;0;0;0
37585000;0;0;0
37597000;0;0;0
37609000;0;0;0
37621000;0;0;0
37633000;0;0;0
37645000;0;0;0
37658000;0;0;0
37670000;0;0;0
37683000;0;0;0
37695000;0;0;0
37707000;0;0;0
37720000;0;0;0
37732000;0;0;0
37744000;0;0;0
37756000;0;0;0
37768000;0;0;0
37780000;0;0;0
37792000;0;0;0
37805000;0;0;0
37817000;0;0;0
37830000;0;0;0
37843000;0;0;0
37855000;0;0;0
37867000;0;0;0
37879000;0;0;0
37892000;0;0;0
37904000;0;0;0
37916000;0;0;0
37929000;0;0;0
37942000;0;0;0
37955000;0;0;0
37967000;0;0;0
37979000;0;0;0
37991000;0;0;0
38003000;0;0;0
38015000;0;0;0
38028000;0;0;0
38040000;0;0;0
38053000;0;0;0
38066000;0;0;0
38078000;0;0;0
38089000;0;0;0
38101000;0;0;0
38113000;0;0;0
38125000;0;0;0
38137000;0;0;0
38150000;0;0;0
38163000;0;0;0
38175000;0;0;0
38188000;0;0;0
38200000;0;0;0
38212000;0;0;0
38224000;0;0;0
38236000;0;0;0
38249000;0;0;0
38261000;0;0;0
38273000;0;0;0
38285000;0;0;0
38297000;0;0;0
38309000;0;0;0
38322000;0;0;0
38336000;0;0;0
38348000;0;0;0
38360000;0;0;0
38373000;0;0;0
38385000;0;0;0
38398000;0;0;0
38411000;0;0;0
38423000;0;0;0
38435000;0;0;0
38447000;0;0;0
38459000;0;0;0
38472000;0;0;0
38484000;0;0;0
38497000;0;0;0
38509000;0;0;0
38523000;0;0;0
38536000;0;0;0
38548000;0;0;0
38560000;0;0;0
38572000;0;0;0
38585000;0;0;0
38597000;0;0;0
38609000;0;0;0
38621000;0;0;0
38633000;0;0;0
38645000;0;0;0
38657000;0;0;0
38670000;0;0;0
38682000;0;0;0
38694000;0;0;0
38707000;0;0;0
38719000;0;0;0
38732000;0;0;0
38744000;0;0;0
38756000;0;0;0
38768000;0;0;0
38780000;0;0;0
38792000;0;0;0
38805000;0;0;0
38817000;0;0;0
38830000;0;0;0
38842000;0;0;0
38854000;0;0;0
38866000;0;0;0
38878000;0;0;0
38890000;0;0;0
38902000;0;0;0
38914000;0;0;0
38927000;0;0;0
38939000;0;0;0
38951000;0;0;0
38964000;0;0;0
38976000;0;0;0
38988000;0;0;0
39000000;0;0;0
39012000;0;0;0
39025000;0;0;0
39037000;0;0;0
39049000;0;0;0
39062000;0;0;0
39074000;0;0;0
39089000;0;0;0
39102000;0;0;0
39114000;0;0;0
39126000;0;0;0
39138000;0;0;0
39151000;0;0;0
39163000;0;0;0
39175000;0;0;0
39188000;0;0;0
39200000;0;0;0
39212000;0;0;0
39224000;0;0;0
39236000;0;0;0
39248000;0;0;0
39260000;0;0;0
39272000;0;0;0
39285000;0;0;0
39297000;0;0;0
39309000;0;0;0
39321000;0;0;0
39333000;0;0;0
39345000;0;0;0
39358000;0;0;0
39370000;0;0;0
39383000;0;0;0
39395000;0;0;0
39407000;0;0;0
39419000;0;0;0
39431000;0;0;0
39443000;0;0;0
39456000;0;0;0
39469000;0;0;0
39482000;0;0;0
39494000;0;0;0
39506000;0;0;0
39518000;0;0;0
39530000;0;0;0
39542000;0;0;0
39555000;0;0;0
39567000;0;0;0
39579000;0;0;0
39592000;0;0;0
39606000;0;0;0
39618000;0;0;0
39630000;0;0;0
39642000;0;0;0
39654000;0;0;0
39667000;0;0;0
39680000;0;0;0
39693000;0;0;0
39706000;0;0;0
39718000;0;0;0
39730000;0;0;0
39742000;0;0;0
39754000;0;0;0
39768000;0;0;0
39780000;0;0;0
39792000;0;0;0
39804000;0;0;0
39816000;0;0;0
39829000;0;0;0
39842000;0;0;0
39854000;0;0;0
39866000;0;0;0
39878000;0;0;0
39890000;0;0;0
39902000;0;0;0
39914000;0;0;0
39926000;0;0;0
39939000;0;0;0
39951000;0;0;0
39963000;0;0;0
39975000;0;0;0
39987000;0;0;0
39999000;0;0;0
40011000;0;0;0
40023000;0;0;0
40036000;0;0;0
40048000;0;0;0
40060000;0;0;0
40072000;0;0;0
40084000;0;0;0
40096000;0;0;0
40108000;0;0;0
40120000;0;0;0
40133000;0;0;0
40146000;0;0;0
40158000;0;0;0
40170000;0;0;0
40182000;0;0;0
40194000;0;0;0
40206000;0;0;0
40218000;0;0;0
40230000;0;0;0
40242000;0;0;0
40254000;0;0;0
40266000;0;0;0
40278000;0;0;0
40291000;0;0;0
40303000;0;0;0
40316000;0;0;0
40328000;0;0;0
40341000;0;0;0
40353000;0;0;0
40366000;0;0;0
40379000;0;0;0
40391000;0;0;0
40403000;0;0;0
40415000;0;0;0
40427000;0;0;0
40440000;0;0;0
40453000;0;0;0
40466000;0;0;0
40479000;0;0;0
40491000;0;0;0
40504000;0;0;0
40516000;0;0;0
40528000;0;0;0
40541000;0;0;0
40553000;0;0;0
40566000;0;0;0
40578000;0;0;0
40590000;0;0;0
40603000;0;0;0
40615000;0;0;0
40628000;0;0;0
40640000;0;0;0
40652000;0;0;0
40665000;0;0;0
40678000;0;0;0
40690000;0;0;0
40702000;0;0;0
40715000;0;0;0
40727000;0;0;0
40740000;0;0;0
40752000;0;0;0
40764000;0;0;0
40776000;0;0;0
40788000;0;0;0
40801000;0;0;0
40813000;0;0;0
40825000;0;0;0
40838000;0;0;0
40850000;0;0;0
40862000;0;0;0
40874000;0;0;0
40886000;0;0;0
40899000;0;0;0
40912000;0;0;0
40924000;0;0;0
40937000;0;0;0
40949000;0;0;0
40962000;0;0;0
40974000;0;0;0
40986000;0;0;0
40999000;0;0;0
41012000;0;0;0
41024000;0;0;0
41037000;0;0;0
41049000;0;0;0
41061000;0;0;0
41073000;0;0;0
41085000;0;0;0
41097000;0;0;0
41110000;0;0;0
41123000;0;0;0
41136000;0;0;0
41148000;0;0;0
41160000;0;0;0
41172000;0;0;0
41184000;0;0;0
41196000;0;0;0
41209000;0;0;0
41221000;0;0;0
41233000;0;0;0
41245000;0;0;0
41257000;0;0;0
41269000;0;0;0
41281000;0;0;0
41293000;0;0;0
41305000;0;0;0
41318000;0;0;0
41330000;0;0;0
41342000;0;0;0
41355000;0;0;0
41367000;0;0;0
41380000;0;0;0
41392000;0;0;0
41405000;0;0;0
41417000;0;0;0
41429000;0;0;0
41441000;0;0;0
41453000;0;0;0
41466000;0;0;0
41478000;0;0;0
41491000;0;0;0
41503000;0;0;0
41516000;0;0;0
41528000;0;0;0
41540000;0;0;0
41552000;0;0;0
41564000;0;0;0
41576000;0;0;0
41589000;0;0;0
41601000;0;0;0
41614000;0;0;0
41626000;0;0;0
41639000;0;0;0
41651000;0;0;0
41664000;0;0;0
41676000;0;0;0
41688000;0;0;0
41700000;0;0;0
41712000;0;0;0
41724000;0;0;0
41736000;0;0;0
41748000;0;0;0
41760000;0;0;0
41772000;0;0;0
41784000;0;0;0
41797000;0;0;0
41810000;0;0;0
41822000;0;0;0
41834000;0;0;0
41847000;0;0;0
41859000;0;0;0
41872000;0;0;0
41884000;0;0;0
41896000;0;0;0
41909000;0;0;0
41921000;0;0;0
41933000;0;0;0
41945000;0;0;0
41957000;0;0;0
41969000;0;0;0
41981000;0;0;0
41993000;0;0;0
42006000;0;0;0
42019000;0;0;0
42031000;0;0;0
42044000;0;0;0
42057000;0;0;0
42069000;0;0;0
42081000;0;0;0
42094000;0;0;0
42107000;0;0;0
42119000;0;0;0
42131000;0;0;0
42144000;0;0;0
42156000;0;0;0
42168000;0;0;0
42180000;0;0;0
42193000;0;0;0
42206000;0;0;0
42218000;0;0;0
42230000;0;0;0
42242000;0;0;0
42254000;0;0;0
42266000;0;0;0
42278000;0;0;0
42291000;0;0;0
42303000;0;0;0
42315000;0;0;0
42327000;0;0;0
42339000;0;0;0
42351000;0;0;0
42364000;0;0;0
42376000;0;0;0
42389000;0;0;0
42401000;0;0;0
42413000;0;0;0
42425000;0;0;0
42437000;0;0;0
42450000;0;0;0
42462000;0;0;0
42474000;0;0;0
42487000;0;0;0
42499000;0;0;0
42512000;0;0;0
42524000;0;0;0
42537000;0;0;0
42549000;0;0;0
42561000;0;0;0
42573000;0;0;0
42586000;0;0;0
42598000;0;0;0
42611000;0;0;0
42623000;0;0;0
42635000;0;0;0
42647000;0;0;0
42659000;0;0;0
42671000;0;0;0
42684000;0;0;0
42696000;0;0;0
42709000;0;0;0
42721000;0;0;0
42734000;0;0;0
42747000;0;0;0
42759000;0;0;0
42771000;0;0;0
42783000;0;0;0
42795000;0;0;0
42808000;0;0;0
42821000;0;0;0
42833000;0;0;0
42845000;0;0;0
42858000;0;0;0
42871000;0;0;0
42885000;0;0;0
42897000;0;0;0
42910000;0;0;0
42924000;0;0;0
42936000;0;0;0
42948000;0;0;0
42961000;0;0;0
42974000;0;0;0
42987000;0;0;0
42999000;0;0;0
43012000;0;0;0
43025000;0;0;0
43037000;0;0;0
43049000;0;0;0
43061000;0;0;0
43073000;0;0;0
43085000;0;0;0
43097000;0;0;0
43109000;0;0;0
43122000;0;0;0
43134000;0;0;0
43147000;0;0;0
43159000;0;0;0
43171000;0;0;0
43183000;0;0;0
43194000;0;0;0
43206000;0;0;0
43219000;0;0;0
43232000;0;0;0
43244000;0;0;0
43256000;0;0;0
43268000;0;0;0
43280000;0;0;0
43293000;0;0;0
43305000;0;0;0
43319000;0;0;0
43331000;0;0;0
43343000;0;0;0
43356000;0;0;0
43369000;0;0;0
43382000;0;0;0
43394000;0;0;0
43406000;0;0;0
43418000;0;0;0
43431000;0;0;0
43444000;0;0;0
43456000;0;0;0
43468000;0;0;0
43480000;0;0;0
43493000;0;0;0
43505000;0;0;0
43518000;0;0;0
43531000;0;0;0
43543000;0;0;0
43556000;0;0;0
43569000;0;0;0
43581000;0;0;0
43594000;0;0;0
43606000;0;0;0
43618000;0;0;0
43630000;0;0;0
43642000;0;0;0
43654000;0;0;0
43667000;0;0;0
43679000;0;0;0
43691000;0;0;0
43703000;0;0;0
43715000;0;0;0
43727000;0;0;0
43739000;0;0;0
43751000;0;0;0
43763000;0;0;0
43775000;0;0;0
43788000;0;0;0
43801000;0;0;0
43813000;0;0;0
43825000;0;0;0
43837000;0;0;0
43849000;0;0;0
43861000;0;0;0
43874000;0;0;0
43887000;0;0;0
43899000;0;0;0
43911000;0;0;0
43923000;0;0;0
43935000;0;0;0
43948000;0;0;0
43960000;0;0;0
43972000;0;0;0
43984000;0;0;0
43997000;0;0;0
44009000;0;0;0
44022000;0;0;0
44034000;0;0;0
44046000;0;0;0
44058000;0;0;0
44071000;0;0;0
44083000;0;0;0
44095000;0;0;0
44107000;0;0;0
44120000;0;0;0
44132000;0;0;0
44145000;0;0;0
44157000;0;0;0
44170000;0;0;0
44182000;0;0;0
44194000;0;0;0
44206000;0;0;0
44219000;0;0;0
44231000;0;0;0
44244000;0;0;0
44257000;0;0;0
44269000;0;0;0
44281000;0;0;0
44293000;0;0;0
44305000;0;0;0
44317000;0;0;0
44329000;0;0;0
44341000;0;0;0
44354000;0;0;0
44367000;0;0;0
44379000;0;0;0
44391000;0;0;0
44403000;0;0;0
44415000;0;0;0
44428000;0;0;0
44440000;0;0;0
44453000;0;0;0
44465000;0;0;0
44477000;0;0;0
44489000;0;0;0
44501000;0;0;0
44513000;0;0;0
44526000;0;0;0
44538000;0;0;0
44551000;0;0;0
44564000;0;0;0
44576000;0;0;0
44588000;0;0;0
44600000;0;0;0
44612000;0;0;0
44624000;0;0;0
44636000;0;0;0
44649000;0;0;0
44662000;0;0;0
44674000;0;0;0
44687000;0;0;0
44699000;0;0;0
44711000;0;0;0
44723000;0;0;0
44735000;0;0;0
44748000;0;0;0
44761000;0;0;0
44773000;0;0;0
44787000;0;0;0
44799000;0;0;0
44811000;0;0;0
44824000;0;0;0
44836000;0;0;0
44848000;0;0;0
44860000;0;0;0
44873000;0;0;0
44886000;0;0;0
44898000;0;0;0
44910000;0;0;0
44922000;0;0;0
44934000;0;0;0
44946000;0;0;0
44958000;0;0;0
44971000;0;0;0
44983000;0;0;0
44995000;0;0;0
45007000;0;0;0
45019000;0;0;0
45031000;0;0;0
45043000;0;0;0
45056000;0;0;0
45068000;0;0;0
45080000;0;0;0
45092000;0;0;0
45105000;0;0;0
45117000;0;0;0
45129000;0;0;0
45141000;0;0;0
45155000;0;0;0
45167000;0;0;0
45179000;0;0;0
45191000;0;0;0
45203000;0;0;0
45215000;0;0;0
45227000;0;0;0
45239000;0;0;0
45252000;0;0;0
45264000;0;0;0
45277000;0;0;0
45289000;0;0;0
45302000;0;0;0
45314000;0;0;0
45326000;0;0;0
45338000;0;0;0
45351000;0;0;0
45364000;0;0;0
45376000;0;0;0
45388000;0;0;0
45400000;0;0;0
45413000;0;0;0
45425000;0;0;0
45437000;0;0;0
45450000;0;0;0
45462000;0;0;0
45474000;0;0;0
45486000;0;0;0
45498000;0;0;0
45510000;0;0;0
45522000;0;0;0
45534000;0;0;0
45546000;0;0;0
45560000;0;0;0
45572000;0;0;0
45585000;0;0;0
45597000;0;0;0
45609000;0;0;0
45621000;0;0;0
45633000;0;0;0
45646000;0;0;0
45659000;0;0;0
45671000;0;0;0
45683000;0;0;0
45696000;0;0;0
45710000;0;0;0
45722000;0;0;0
45734000;0;0;0
45747000;0;0;0
45759000;0;0;0
45771000;0;0;0
45783000;0;0;0
45795000;0;0;0
45807000;0;0;0
45820000;0;0;0
45832000;0;0;0
45844000;0;0;0
45856000;0;0;0
45868000;0;0;0
45880000;0;0;0
45893000;0;0;0
45906000;0;0;0
45918000;0;0;0
45931000;0;0;0
45943000;0;0;0
45955000;0;0;0
45967000;0;0;0
45980000;0;0;0
45993000;0;0;0
46005000;0;0;0
46018000;0;0;0
46031000;0;0;0
46044000;0;0;0
46057000;0;0;0
46069000;0;0;0
46081000;0;0;0
46093000;0;0;0
46106000;0;0;0
46118000;0;0;0
46131000;0;0;0
46143000;0;0;0
46156000;0;0;0
46169000;0;0;0
46182000;0;0;0
46194000;0;0;0
46207000;0;0;0
46220000;0;0;0
46232000;0;0;0
46244000;0;0;0
46257000;0;0;0
46269000;0;0;0
46281000;0;0;0
46294000;0;0;0
46306000;0;0;0
46319000;0;0;0
46331000;0;0;0
46343000;0;0;0
46355000;0;0;0
46367000;0;0;0
46379000;0;0;0
46392000;0;0;0
46406000;0;0;0
46418000;0;0;0
46432000;0;0;0
46444000;0;0;0
46456000;0;0;0
46468000;0;0;0
46481000;0;0;0
46494000;0;0;0
46506000;0;0;0
46519000;0;0;0
46531000;0;0;0
46544000;0;0;0
46556000;0;0;0
46569000;0;0;0
46581000;0;0;0
46594000;0;0;0
46606000;0;0;0
46619000;0;0;0
46631000;0;0;0
46643000;0;0;0
46659000;0;0;0
46671000;0;0;0
46683000;0;0;0
46696000;0;0;0
46709000;0;0;0
46721000;0;0;0
46733000;0;0;0
46745000;0;0;0
46757000;0;0;0
46769000;0;0;0
46782000;0;0;0
46794000;0;0;0
46807000;0;0;0
46819000;0;0;0
46831000;0;0;0
46843000;0;0;0
46856000;0;0;0
46868000;0;0;0
46880000;0;0;0
46892000;0;0;0
46905000;0;0;0
46917000;0;0;0
46929000;0;0;0
46941000;0;0;0
46954000;0;0;0
46966000;0;0;0
46979000;0;0;0
46991000;0;0;0
47003000;0;0;0
47015000;0;0;0
47028000;0;0;0
47040000;0;0;0
47052000;0;0;0
47064000;0;0;0
47076000;0;0;0
47089000;0;0;0
47101000;0;0;0
47113000;0;0;0
47126000;0;0;0
47138000;0;0;0
47150000;0;0;0
47162000;0;0;0
47175000;0;0;0
47188000;0;0;0
47200000;0;0;0
47212000;0;0;0
47226000;0;0;0
47238000;0;0;0
47250000;0;0;0
47263000;0;0;0
47275000;0;0;0
47287000;0;0;0
47299000;0;0;0
47312000;0;0;0
47325000;0;0;0
47338000;0;0;0
47350000;0;0;0
47363000;0;0;0
47375000;0;0;0
47387000;0;0;0
47399000;0;0;0
47411000;0;0;0
47424000;0;0;0
47436000;0;0;0
47448000;0;0;0
47461000;0;0;0
47473000;0;0;0
47486000;0;0;0
47498000;0;0;0
47511000;0;0;0
47523000;0;0;0
47535000;0;0;0
47547000;0;0;0
47560000;0;0;0
47573000;0;0;0
47586000;0;0;0
47599000;0;0;0
47611000;0;0;0
47623000;0;0;0
47635000;0;0;0
47647000;0;0;0
47659000;0;0;0
47671000;0;0;0
47683000;0;0;0
47695000;0;0;0
47707000;0;0;0
47719000;0;0;0
47731000;0;0;0
47743000;0;0;0
47756000;0;0;0
47768000;0;0;0
47780000;0;0;0
47792000;0;0;0
47804000;0;0;0
47817000;0;0;0
47829000;0;0;0
47841000;0;0;0
47854000;0;0;0
47866000;0;0;0
47878000;0;0;0
47891000;0;0;0
47904000;0;0;0
47916000;0;0;0
47930000;0;0;0
47942000;0;0;0
47954000;0;0;0
47966000;0;0;0
47978000;0;0;0
47991000;0;0;0
48006000;0;0;0
48018000;0;0;0
48031000;0;0;0
48043000;0;0;0
48056000;0;0;0
48069000;0;0;0
48082000;0;0;0
48095000;0;0;0
48107000;0;0;0
48120000;0;0;0
48132000;0;0;0
48144000;0;0;0
48156000;0;0;0
48169000;0;0;0
48182000;0;0;0
48194000;0;0;0
48207000;0;0;0
48219000;0;0;0
48233000;0;0;0
48246000;0;0;0
48258000;0;0;0
48271000;0;0;0
48283000;0;0;0
48296000;0;0;0
48309000;0;0;0
48322000;0;0;0
48334000;0;0;0
48346000;0;0;0
48358000;0;0;0
48370000;0;0;0
48382000;0;0;0
48395000;0;0;0
48408000;0;0;0
48421000;0;0;0
48434000;0;0;0
48447000;0;0;0
48459000;0;0;0
48472000;0;0;0
48484000;0;0;0
48497000;0;0;0
48509000;0;0;0
48521000;0;0;0
48534000;0;0;0
48546000;0;0;0
48559000;0;0;0
48571000;0;0;0
48583000;0;0;0
48595000;0;0;0
48608000;0;0;0
48622000;0;0;0
48635000;0;0;0
48647000;0;0;0
48660000;0;0;0
48673000;0;0;0
48686000;0;0;0
48698000;0;0;0
48711000;0;0;0
48723000;0;0;0
48735000;0;0;0
48748000;0;0;0
48761000;0;0;0
48774000;0;0;0
48787000;0;0;0
48800000;0;0;0
48813000;0;0;0
48826000;0;0;0
48838000;0;0;0
48850000;0;0;0
48863000;0;0;0
48875000;0;0;0
48887000;0;0;0
48899000;0;0;0
48911000;0;0;0
48923000;0;0;0
48937000;0;0;0
48950000;0;0;0
48962000;0;0;0
48975000;0;0;0
48988000;0;0;0
49001000;0;0;0
49013000;0;0;0
49026000;0;0;0
49039000;0;0;0
49051000;0;0;0
49064000;0;0;0
49076000;0;0;0
49088000;0;0;0
49101000;0;0;0
49114000;0;0;0
49127000;0;0;0
49140000;0;0;0
49153000;0;0;0
49165000;0;0;0
49177000;0;0;0
49189000;0;0;0
49203000;0;0;0
49215000;0;0;0
49227000;0;0;0
49239000;0;0;0
49251000;0;0;0
49264000;0;0;0
49276000;0;0;0
49288000;0;0;0
49301000;0;0;0
49314000;0;0;0
49326000;0;0;0
49339000;0;0;0
49351000;0;0;0
49364000;0;0;0
49377000;0;0;0
49389000;0;0;0
49401000;0;0;0
49413000;0;0;0
49425000;0;0;0
49437000;0;0;0
49449000;0;0;0
49462000;0;0;0
49475000;0;0;0
49487000;0;0;0
49500000;0;0;0
49512000;0;0;0
49524000;0;0;0
49537000;0;0;0
49549000;0;0;0
49562000;0;0;0
49573000;0;0;0
49585000;0;0;0
49598000;0;0;0
49611000;0;0;0
49624000;0;0;0
49636000;0;0;0
49649000;0;0;0
49661000;0;0;0
49674000;0;0;0
49686000;0;0;0
49698000;0;0;0
49710000;0;0;0
49722000;0;0;0
49734000;0;0;0
49747000;0;0;0
49759000;0;0;0
49772000;0;0;0
49784000;0;0;0
49796000;0;0;0
49809000;0;0;0
49822000;0;0;0
49836000;0;0;0
49849000;0;0;0
49861000;0;0;0
49874000;0;0;0
49886000;0;0;0
49898000;0;0;0
49910000;0;0;0
49923000;0;0;0
49935000;0;0;0
49948000;0;0;0
49962000;0;0;0
49974000;0;0;0
49986000;0;0;0
49999000;0;0;0
50012000;0;0;0
50024000;0;0;0
50037000;0;0;0
50049000;0;0;0
50062000;0;0;0
50074000;0;0;0
50086000;0;0;0
50098000;0;0;0
50110000;0;0;0
50123000;0;0;0
50136000;0;0;0
50149000;0;0;0
50162000;0;0;0
50174000;0;0;0
50186000;0;0;0
50199000;0;0;0
50212000;0;0;0
50225000;0;0;0
50237000;0;0;0
50249000;0;0;0
50261000;0;0;0
50274000;0;0;0
50287000;0;0;0
50299000;0;0;0
50311000;0;0;0
50323000;0;0;0
50336000;0;0;0
50348000;0;0;0
50360000;0;0;0
50373000;0;0;0
50385000;0;0;0
50397000;0;0;0
50409000;0;0;0
50422000;0;0;0
50435000;0;0;0
50448000;0;0;0
50460000;0;0;0
50472000;0;0;0
50484000;0;0;0
50497000;0;0;0
50510000;0;0;0
50523000;0;0;0
50536000;0;0;0
50548000;0;0;0
50560000;0;0;0
50572000;0;0;0
50584000;0;0;0
50596000;0;0;0
50609000;0;0;0
50622000;0;0;0
50635000;0;0;0
50646000;0;0;0
50659000;0;0;0
50671000;0;0;0
50683000;0;0;0
50696000;0;0;0
50708000;0;0;0
50720000;0;0;0
50732000;0;0;0
50745000;0;0;0
50757000;0;0;0
50770000;0;0;0
50783000;0;0;0
50796000;0;0;0
50809000;0;0;0
50821000;0;0;0
50833000;0;0;0
50845000;0;0;0
50857000;0;0;0
50870000;0;0;0
50882000;0;0;0
50895000;0;0;0
50907000;0;0;0
50920000;0;0;0
50932000;0;0;0
50945000;0;0;0
50958000;0;0;0
50971000;0;0;0
50983000;0;0;0
50996000;0;0;0
51009000;0;0;0
51021000;0;0;0
51033000;0;0;0
51045000;0;0;0
51057000;0;0;0
51070000;0;0;0
51082000;0;0;0
51095000;0;0;0
51108000;0;0;0
51121000;0;0;0
51133000;0;0;0
51146000;0;0;0
51158000;0;0;0
51170000;0;0;0
51182000;0;0;0
51195000;0;0;0
51207000;0;0;0
51220000;0;0;0
51232000;0;0;0
51245000;0;0;0
51258000;0;0;0
51271000;0;0;0
51283000;0;0;0
51295000;0;0;0
51307000;0;0;0
51320000;0;0;0
51333000;0;0;0
51346000;0;0;0
51358000;0;0;0
51370000;0;0;0
51383000;0;0;0
51395000;0;0;0
51408000;0;0;0
51420000;0;0;0
51432000;0;0;0
51444000;0;0;0
51456000;0;0;0
51468000;0;0;0
51481000;0;0;0
51495000;0;0;0
51508000;0;0;0
51521000;0;0;0
51534000;0;0;0
51547000;0;0;0
51560000;0;0;0
51573000;0;0;0
51585000;0;0;0
51598000;0;0;0
51611000;0;0;0
51624000;0;0;0
51637000;0;0;0
51650000;0;0;0
51662000;0;0;0
51674000;0;0;0
51687000;0;0;0
51699000;0;0;0
51711000;0;0;0
51723000;0;0;0
51736000;0;0;0
51749000;0;0;0
51762000;0;0;0
51774000;0;0;0
51788000;0;0;0
51801000;0;0;0
51813000;0;0;0
51826000;0;0;0
51838000;0;0;0
51851000;0;0;0
51863000;0;0;0
51875000;0;0;0
51887000;0;0;0
51899000;0;0;0
51911000;0;0;0
51923000;0;0;0
51936000;0;0;0
51948000;0;0;0
51961000;0;0;0
51974000;0;0;0
51986000;0;0;0
51999000;0;0;0
52012000;0;0;0
52024000;0;0;0
52036000;0;0;0
52048000;0;0;0
52060000;0;0;0
52073000;0;0;0
52085000;0;0;0
52099000;0;0;0
52111000;0;0;0
52124000;0;0;0
52137000;0;0;0
52150000;0;0;0
52162000;0;0;0
52174000;0;0;0
52186000;0;0;0
52199000;0;0;0
52211000;0;0;0
52223000;0;0;0
52235000;0;0;0
52247000;0;0;0
52260000;0;0;0
52272000;0;0;0
52285000;0;0;0
52297000;0;0;0
52309000;0;0;0
52322000;0;0;0
52334000;0;0;0
52346000;0;0;0
52359000;0;0;0
52371000;0;0;0
52384000;0;0;0
52396000;0;0;0
52408000;0;0;0
52421000;0;0;0
52434000;0;0;0
52446000;0;0;0
52459000;0;0;0
52471000;0;0;0
52484000;0;0;0
52496000;0;0;0
52508000;0;0;0
52521000;0;0;0
52533000;0;0;0
52545000;0;0;0
52558000;0;0;0
52570000;0;0;0
52583000;0;0;0
52595000;0;0;0
52608000;0;0;0
52621000;0;0;0
52633000;0;0;0
52645000;0;0;0
52657000;0;0;0
52669000;0;0;0
52682000;0;0;0
52694000;0;0;0
52707000;0;0;0
52719000;0;0;0
52732000;0;0;0
52744000;0;0;0
52756000;0;0;0
52768000;0;0;0
52780000;0;0;0
52792000;0;0;0
52805000;0;0;0
52818000;0;0;0
52831000;0;0;0
52844000;0;0;0
52856000;0;0;0
52868000;0;0;0
52881000;0;0;0
52893000;0;0;0
52905000;0;0;0
52917000;0;0;0
52930000;0;0;0
52942000;0;0;0
52954000;0;0;0
52967000;0;0;0
52980000;0;0;0
52993000;0;0;0
53005000;0;0;0
53017000;0;0;0
53030000;0;0;0
53043000;0;0;0
53056000;0;0;0
53068000;0;0;0
53081000;0;0;0
53094000;0;0;0
53107000;0;0;0
53121000;0;0;0
53133000;0;0;0
53145000;0;0;0
53158000;0;0;0
53170000;0;0;0
53183000;0;0;0
53195000;0;0;0
53208000;0;0;0
53221000;0;0;0
53234000;0;0;0
53246000;0;0;0
53259000;0;0;0
53271000;0;0;0
53284000;0;0;0
53296000;0;0;0
53308000;0;0;0
53321000;0;0;0
53333000;0;0;0
53346000;0;0;0
53359000;0;0;0
53371000;0;0;0
53384000;0;0;0
53396000;0;0;0
53408000;0;0;0
53420000;0;0;0
53432000;0;0;0
53444000;0;0;0
53456000;0;0;0
53471000;0;0;0
53484000;0;0;0
53496000;0;0;0
53509000;0;0;0
53521000;0;0;0
53534000;0;0;0
53546000;0;0;0
53558000;0;0;0
53571000;0;0;0
53584000;0;0;0
53596000;0;0;0
53609000;0;0;0
53621000;0;0;0
53634000;0;0;0
53646000;0;0;0
53659000;0;0;0
53671000;0;0;0
53684000;0;0;0
53696000;0;0;0
53709000;0;0;0
53721000;0;0;0
53734000;0;0;0
53746000;0;0;0
53758000;0;0;0
53770000;0;0;0
53783000;0;0;0
53795000;0;0;0
53808000;0;0;0
53820000;0;0;0
53833000;0;0;0
53846000;0;0;0
53859000;0;0;0
53871000;0;0;0
53883000;0;0;0
53896000;0;0;0
53909000;0;0;0
53921000;0;0;0
53934000;0;0;0
53947000;0;0;0
53959000;0;0;0
53971000;0;0;0
53984000;0;0;0
53996000;0;0;0
54009000;0;0;0
54022000;0;0;0
54034000;0;0;0
54047000;0;0;0
54059000;0;0;0
54072000;0;0;0
54084000;0;0;0
54097000;0;0;0
54110000;0;0;0
54123000;0;0;0
54136000;0;0;0
54148000;0;0;0
54160000;0;0;0
