Time;gimbal_controller.pitch_angle_pid.Measure;gimbal_controller.pitch_angle_pid.Output;gimbal_controller.pitch_angle_pid.Ref
0;0;0;0
12000;0;0;0
26000;0;0;0
39000;0;0;0
52000;0;0;0
64000;0;0;0
76000;0;0;0
89000;0;0;0
101000;0;0;0
113000;0;0;0
125000;0;0;0
137000;0;0;0
150000;0;0;0
164000;0;0;0
176000;0;0;0
189000;0;0;0
201000;0;0;0
215000;0;0;0
228000;0;0;0
241000;0;0;0
254000;0;0;0
266000;0;0;0
278000;0;0;0
290000;0;0;0
302000;0;0;0
315000;0;0;0
327000;0;0;0
339000;0;0;0
353000;0;0;0
366000;0;0;0
378000;0;0;0
391000;0;0;0
404000;0;0;0
416000;0;0;0
429000;0;0;0
442000;0;0;0
454000;0;0;0
466000;0;0;0
478000;0;0;0
490000;0;0;0
503000;0;0;0
516000;0;0;0
528000;0;0;0
540000;0;0;0
553000;0;0;0
566000;0;0;0
578000;0;0;0
591000;0;0;0
603000;0;0;0
615000;0;0;0
627000;0;0;0
640000;0;0;0
652000;0;0;0
664000;0;0;0
677000;0;0;0
689000;0;0;0
701000;0;0;0
715000;0;0;0
727000;0;0;0
740000;0;0;0
752000;0;0;0
764000;0;0;0
777000;0;0;0
790000;0;0;0
803000;0;0;0
816000;0;0;0
828000;0;0;0
841000;0;0;0
854000;0;0;0
867000;0;0;0
879000;0;0;0
891000;0;0;0
904000;0;0;0
916000;0;0;0
930000;0;0;0
942000;0;0;0
954000;0;0;0
967000;0;0;0
979000;0;0;0
991000;0;0;0
1003000;0;0;0
1015000;0;0;0
1027000;0;0;0
1040000;0;0;0
1052000;0;0;0
1065000;0;0;0
1077000;0;0;0
1089000;0;0;0
1102000;0;0;0
1115000;0;0;0
1127000;0;0;0
1139000;0;0;0
1152000;0;0;0
1164000;0;0;0
1176000;0;0;0
1189000;0;0;0
1201000;0;0;0
1214000;0;0;0
1226000;0;0;0
1239000;0;0;0
1251000;0;0;0
1264000;0;0;0
1276000;0;0;0
1288000;0;0;0
1300000;0;0;0
1313000;0;0;0
1326000;0;0;0
1338000;0;0;0
1351000;0;0;0
1364000;0;0;0
1377000;0;0;0
1389000;0;0;0
1401000;0;0;0
1414000;0;0;0
1426000;0;0;0
1438000;0;0;0
1451000;0;0;0
1463000;0;0;0
1475000;0;0;0
1487000;0;0;0
1499000;0;0;0
1512000;0;0;0
1524000;0;0;0
1536000;0;0;0
1549000;0;0;0
1561000;0;0;0
1573000;0;0;0
1586000;0;0;0
1598000;0;0;0
1611000;0;0;0
1623000;0;0;0
1636000;0;0;0
1648000;0;0;0
1660000;0;0;0
1672000;0;0;0
1685000;0;0;0
1698000;0;0;0
1711000;0;0;0
1724000;0;0;0
1736000;0;0;0
1750000;0;0;0
1762000;0;0;0
1775000;0;0;0
1787000;0;0;0
1801000;0;0;0
1813000;0;0;0
1826000;0;0;0
1839000;0;0;0
1852000;0;0;0
1865000;0;0;0
1878000;0;0;0
1890000;0;0;0
1902000;0;0;0
1915000;0;0;0
1927000;0;0;0
1940000;0;0;0
1952000;0;0;0
1965000;0;0;0
1977000;0;0;0
1989000;0;0;0
2002000;0;0;0
2014000;0;0;0
2027000;0;0;0
2039000;0;0;0
2052000;0;0;0
2066000;0;0;0
2079000;0;0;0
2091000;0;0;0
2103000;0;0;0
2115000;0;0;0
2127000;0;0;0
2140000;0;0;0
2154000;0;0;0
2167000;0;0;0
2179000;0;0;0
2191000;0;0;0
2204000;0;0;0
2217000;0;0;0
2229000;0;0;0
2241000;0;0;0
2253000;0;0;0
2265000;0;0;0
2278000;0;0;0
2290000;0;0;0
2302000;0;0;0
2314000;0;0;0
2327000;0;0;0
2339000;0;0;0
2352000;0;0;0
2365000;0;0;0
2377000;0;0;0
2389000;0;0;0
2401000;0;0;0
2413000;0;0;0
2426000;0;0;0
2439000;0;0;0
2452000;0;0;0
2465000;0;0;0
2478000;0;0;0
2491000;0;0;0
2504000;0;0;0
2516000;0;0;0
2529000;0;0;0
2541000;0;0;0
2553000;0;0;0
2566000;0;0;0
2578000;0;0;0
2590000;0;0;0
2603000;0;0;0
2616000;0;0;0
2628000;0;0;0
2641000;0;0;0
2654000;0;0;0
2667000;0;0;0
2679000;0;0;0
2691000;0;0;0
2703000;0;0;0
2716000;0;0;0
2731000;0;0;0
2744000;0;0;0
2756000;0;0;0
2768000;0;0;0
2781000;0;0;0
2793000;0;0;0
2805000;0;0;0
2817000;0;0;0
2829000;0;0;0
2842000;0;0;0
2855000;0;0;0
2867000;0;0;0
2879000;0;0;0
2891000;0;0;0
2903000;0;0;0
2916000;0;0;0
2928000;0;0;0
2940000;0;0;0
2952000;0;0;0
2964000;0;0;0
2977000;0;0;0
2990000;0;0;0
3003000;0;0;0
3015000;0;0;0
3028000;0;0;0
3040000;0;0;0
3052000;0;0;0
3064000;0;0;0
3077000;0;0;0
3089000;0;0;0
3101000;0;0;0
3114000;0;0;0
3126000;0;0;0
3139000;0;0;0
3151000;0;0;0
3163000;0;0;0
3176000;0;0;0
3188000;0;0;0
3200000;0;0;0
3213000;0;0;0
3226000;0;0;0
3238000;0;0;0
3251000;0;0;0
3263000;0;0;0
3275000;0;0;0
3287000;0;0;0
3299000;0;0;0
3311000;0;0;0
3324000;0;0;0
3336000;0;0;0
3348000;0;0;0
3361000;0;0;0
3373000;0;0;0
3385000;0;0;0
3397000;0;0;0
3409000;0;0;0
3421000;0;0;0
3433000;0;0;0
3446000;0;0;0
3458000;0;0;0
3471000;0;0;0
3483000;0;0;0
3495000;0;0;0
3507000;0;0;0
3519000;0;0;0
3531000;0;0;0
3544000;0;0;0
3556000;0;0;0
3568000;0;0;0
3580000;0;0;0
3592000;0;0;0
3604000;0;0;0
3617000;0;0;0
3630000;0;0;0
3643000;0;0;0
3656000;0;0;0
3669000;0;0;0
3683000;0;0;0
3695000;0;0;0
3707000;0;0;0
3719000;0;0;0
3731000;0;0;0
3745000;0;0;0
3757000;0;0;0
3769000;0;0;0
3781000;0;0;0
3794000;0;0;0
3806000;0;0;0
3820000;0;0;0
3832000;0;0;0
3844000;0;0;0
3856000;0;0;0
3868000;0;0;0
3880000;0;0;0
3892000;0;0;0
3904000;0;0;0
3917000;0;0;0
3929000;0;0;0
3941000;0;0;0
3954000;0;0;0
3967000;0;0;0
3979000;0;0;0
3991000;0;0;0
4004000;0;0;0
4017000;0;0;0
4029000;0;0;0
4041000;0;0;0
4053000;0;0;0
4065000;0;0;0
4077000;0;0;0
4089000;0;0;0
4101000;0;0;0
4114000;0;0;0
4126000;0;0;0
4139000;0;0;0
4151000;0;0;0
4163000;0;0;0
4175000;0;0;0
4187000;0;0;0
4199000;0;0;0
4211000;0;0;0
4223000;0;0;0
4236000;0;0;0
4248000;0;0;0
4260000;0;0;0
4273000;0;0;0
4285000;0;0;0
4297000;0;0;0
4311000;0;0;0
4324000;0;0;0
4336000;0;0;0
4348000;0;0;0
4360000;0;0;0
4372000;0;0;0
4384000;0;0;0
4396000;0;0;0
4408000;0;0;0
4421000;0;0;0
4433000;0;0;0
4446000;0;0;0
4458000;0;0;0
4471000;0;0;0
4483000;0;0;0
4496000;0;0;0
4508000;0;0;0
4520000;0;0;0
4533000;0;0;0
4545000;0;0;0
4557000;0;0;0
4569000;0;0;0
4582000;0;0;0
4594000;0;0;0
4607000;0;0;0
4620000;0;0;0
4632000;0;0;0
4644000;0;0;0
4656000;0;0;0
4669000;0;0;0
4682000;0;0;0
4694000;0;0;0
4706000;0;0;0
4719000;0;0;0
4731000;0;0;0
4743000;0;0;0
4756000;0;0;0
4769000;0;0;0
4781000;0;0;0
4793000;0;0;0
4806000;0;0;0
4819000;0;0;0
4831000;0;0;0
4843000;-5.729183197021484375;-2.6685671806335449219;-5.8181147575378417969
4855000;-5.0594530105590820312;-22.799303054809570312;-5.8181147575378417969
4867000;-5.3409719467163085938;-14.396294593811035156;-5.8181147575378417969
4880000;-6.2460165023803710938;12.756318092346191406;-5.8181147575378417969
4892000;-6.548038482666015625;17.352899551391601562;-5.8181147575378417969
4904000;0;0;0
4917000;0;0;0
4930000;0;0;0
4943000;0;0;0
4955000;0;0;0
4968000;0;0;0
4980000;0;0;0
4993000;0;0;0
5005000;-9.0737543106079101562;-4.6711883544921875;-9.080333709716796875
5017000;-8.5014219284057617188;-17.40289306640625;-9.080333709716796875
5030000;-9.0832643508911132812;6.4669270515441894531;-9.080333709716796875
5043000;-10.271103858947753906;35.704113006591796875;-9.080333709716796875
5056000;-10.087114334106445312;38.971622467041015625;-9.080333709716796875
5068000;-10.834919929504394531;49.8209991455078125;-9.080333709716796875
5080000;-10.029428482055664062;25.663372039794921875;-9.080333709716796875
5092000;-9.3364820480346679688;5.2779078483581542969;-9.080333709716796875
5104000;-8.8281154632568359375;-11.195218086242675781;-9.080333709716796875
5116000;-8.5619592666625976562;-15.931760787963867188;-9.080333709716796875
5129000;-8.9163827896118164062;-4.6997981071472167969;-9.080333709716796875
5142000;-9.37194061279296875;9.947032928466796875;-9.080333709716796875
5154000;-9.4688787460327148438;13.099297523498535156;-9.080333709716796875
5166000;-9.3293180465698242188;7.739055633544921875;-9.080333709716796875
5180000;-9.0304813385009765625;-1.9053943157196044922;-9.080333709716796875
5192000;-8.9337062835693359375;-4.3955807685852050781;-9.080333709716796875
5204000;-8.9402217864990234375;-3.5292789936065673828;-9.080333709716796875
5216000;-9.072055816650390625;0.95346045494079589844;-9.080333709716796875
5228000;-9.2583827972412109375;6.2789411544799804688;-9.080333709716796875
5242000;-9.2731256484985351562;5.944400787353515625;-9.080333709716796875
5255000;-9.1653614044189453125;2.8354761600494384766;-9.080333709716796875
5267000;-9.0020389556884765625;-2.0642983913421630859;-9.080333709716796875
5279000;-8.9752101898193359375;-2.8757157325744628906;-9.080333709716796875
5291000;-9.0185565948486328125;-1.5803750753402709961;-9.080333709716796875
5303000;-9.1671581268310546875;2.8783717155456542969;-9.080333709716796875
5316000;-9.22393798828125;4.5479154586791992188;-9.080333709716796875
5329000;-9.2088708877563476562;4.1473431587219238281;-9.080333709716796875
5341000;-9.1012144088745117188;0.92231923341751098633;-9.080333709716796875
5354000;-9.015865325927734375;-1.9470144510269165039;-9.080333709716796875
5366000;-8.9913759231567382812;-2.0692045688629150391;-9.080333709716796875
5378000;-9.0661115646362304688;0.24170210957527160645;-9.080333709716796875
5391000;-9.1914663314819335938;3.6233506202697753906;-9.080333709716796875
5404000;-9.1901235580444335938;3.5903651714324951172;-9.080333709716796875
5416000;-9.1631984710693359375;2.3284430503845214844;-9.080333709716796875
5428000;-9.078716278076171875;-0.068992584943771362305;-9.080333709716796875
5441000;-9.03414154052734375;-1.0826311111450195312;-9.080333709716796875
5453000;-9.0480289459228515625;-0.6685771942138671875;-9.080333709716796875
5466000;-9.10790252685546875;1.4534119367599487305;-9.080333709716796875
5478000;-9.17304229736328125;3.1768798828125;-9.080333709716796875
5490000;-9.1468181610107421875;2.3455471992492675781;-9.080333709716796875
5502000;-9.1159515380859375;1.0868139266967773438;-9.080333709716796875
5515000;-9.064250946044921875;-0.24065876007080078125;-9.080333709716796875
5527000;-9.0539417266845703125;-0.48060256242752075195;-9.080333709716796875
5539000;-9.0789356231689453125;0.26827096939086914062;-9.080333709716796875
5551000;-9.1127634048461914062;1.2840213775634765625;-9.080333709716796875
5563000;-9.132381439208984375;1.8751895427703857422;-9.080333709716796875
5575000;-9.1210374832153320312;1.5377593040466308594;-9.080333709716796875
5587000;-9.09500885009765625;0.75860273838043212891;-9.080333709716796875
5599000;-9.0775308609008789062;0.23454403877258300781;-9.080333709716796875
5612000;-9.0790853500366210938;0.28098627924919128418;-9.080333709716796875
5624000;-9.0904226303100585938;0.65067577362060546875;-9.080333709716796875
5637000;-9.1030025482177734375;0.99991750717163085938;-9.080333709716796875
5649000;-9.1035890579223632812;1.018895268440246582;-9.080333709716796875
5661000;-9.095611572265625;0.78065782785415649414;-9.080333709716796875
5674000;-9.089923858642578125;0.61071908473968505859;-9.080333709716796875
5686000;-9.0893011093139648438;0.59253442287445068359;-9.080333709716796875
5698000;-9.0923595428466796875;0.70688712596893310547;-9.080333709716796875
5710000;-9.0912380218505859375;0.65199553966522216797;-9.080333709716796875
5722000;-9.0875091552734375;0.52105939388275146484;-9.080333709716796875
5734000;-9.0860805511474609375;0.52743887901306152344;-9.080333709716796875
5747000;-9.089473724365234375;0.60051101446151733398;-9.080333709716796875
5759000;-9.088756561279296875;0.57948970794677734375;-9.080333709716796875
5772000;-9.0846691131591796875;0.45481848716735839844;-9.080333709716796875
5785000;-9.0836877822875976562;0.42803332209587097168;-9.080333709716796875
5797000;-9.0854854583740234375;0.4821879267692565918;-9.080333709716796875
5810000;-9.0883092880249023438;0.5672760009765625;-9.080333709716796875
5822000;-9.08669281005859375;0.52713549137115478516;-9.080333709716796875
5834000;-9.08687591552734375;0.49629560112953186035;-9.080333709716796875
5846000;-9.084926605224609375;0.49334794282913208008;-9.080333709716796875
5859000;-9.0849704742431640625;0.4686927497386932373;-9.080333709716796875
5871000;-9.08963775634765625;0.60906845331192016602;-9.080333709716796875
5883000;-9.0897588729858398438;0.61323732137680053711;-9.080333709716796875
5895000;-9.08795928955078125;0.55971240997314453125;-9.080333709716796875
5907000;-9.0865335464477539062;0.51733964681625366211;-9.080333709716796875
5919000;-9.0887393951416015625;0.58393812179565429688;-9.080333709716796875
5932000;-9.0886869430541992188;0.56877017021179199219;-9.080333709716796875
5945000;-9.0882902145385742188;0.57151561975479125977;-9.080333709716796875
5957000;-9.0865106582641601562;0.51854741573333740234;-9.080333709716796875
5970000;-9.0863628387451171875;0.50272905826568603516;-9.080333709716796875
5982000;-9.0870771408081054688;0.56834053993225097656;-9.080333709716796875
5994000;-9.088222503662109375;0.55463707447052001953;-9.080333709716796875
6006000;-9.0876617431640625;0.53351116180419921875;-9.080333709716796875
6020000;-9.0861148834228515625;0.50867086648941040039;-9.080333709716796875
6032000;-9.086578369140625;0.52290117740631103516;-9.080333709716796875
6044000;-9.0876369476318359375;0.54659342765808105469;-9.080333709716796875
6056000;-9.0864076614379882812;0.51860880851745605469;-9.080333709716796875
6068000;-9.0850934982299804688;0.51087641716003417969;-9.080333709716796875
6081000;-9.08754730224609375;0.55359482765197753906;-9.080333709716796875
6093000;-9.0892553329467773438;0.60530138015747070312;-9.080333709716796875
6105000;-9.089874267578125;0.62440323829650878906;-9.080333709716796875
6117000;-9.087589263916015625;0.55632060766220092773;-9.080333709716796875
6130000;-9.0851840972900390625;0.4845454096794128418;-9.080333709716796875
6142000;-9.0866880416870117188;0.53000056743621826172;-9.080333709716796875
6154000;-9.0864763259887695312;0.52402824163436889648;-9.080333709716796875
6166000;-9.0879497528076171875;0.56865012645721435547;-9.080333709716796875
6179000;-9.0858783721923828125;0.53350651264190673828;-9.080333709716796875
6192000;-9.086368560791015625;0.52204871177673339844;-9.080333709716796875
6204000;-9.0846195220947265625;0.46986091136932373047;-9.080333709716796875
6216000;-9.085124969482421875;0.46734654903411865234;-9.080333709716796875
6230000;-9.0841236114501953125;0.45552673935890197754;-9.080333709716796875
6243000;-9.0835542678833007812;0.43868926167488098145;-9.080333709716796875
6255000;-9.0829095840454101562;0.41954159736633300781;-9.080333709716796875
6267000;-9.0830841064453125;0.43099415302276611328;-9.080333709716796875
6279000;-9.0841836929321289062;0.45809271931648254395;-9.080333709716796875
6291000;-9.0843477249145507812;0.4632206261157989502;-9.080333709716796875
6303000;-9.0854320526123046875;0.49600908160209655762;-9.080333709716796875
6316000;-9.0856199264526367188;0.51278597116470336914;-9.080333709716796875
6329000;-9.0861492156982421875;0.51271319389343261719;-9.080333709716796875
6342000;-9.085155487060546875;0.48876783251762390137;-9.080333709716796875
6355000;-9.0848150253295898438;0.48095926642417907715;-9.080333709716796875
6367000;-9.083988189697265625;0.45428884029388427734;-9.080333709716796875
6379000;-9.0863056182861328125;0.53216969966888427734;-9.080333709716796875
6391000;-9.0853090286254882812;0.52110898494720458984;-9.080333709716796875
6403000;-9.0814876556396484375;0.38004583120346069336;-9.080333709716796875
6415000;-9.0827817916870117188;0.41894072294235229492;-9.080333709716796875
6427000;-9.0812206268310546875;0.37218394875526428223;-9.080333709716796875
6439000;-9.0811204910278320312;0.36921957135200500488;-9.080333709716796875
6451000;-9.0806951522827148438;0.35646569728851318359;-9.080333709716796875
6463000;-9.0804300308227539062;0.3485463261604309082;-9.080333709716796875
6475000;-9.0799503326416015625;0.3341808021068572998;-9.080333709716796875
6487000;-9.0796356201171875;0.32472541928291320801;-9.080333709716796875
6499000;-9.0801324844360351562;0.33955568075180053711;-9.080333709716796875
6512000;-9.0795383453369140625;0.33465498685836791992;-9.080333709716796875
6525000;-9.0798587799072265625;0.33124902844429016113;-9.080333709716796875
6537000;-9.0786314010620117188;0.29438689351081848145;-9.080333709716796875
6549000;-9.07942962646484375;0.31826215982437133789;-9.080333709716796875
6561000;-9.0795545578002929688;0.3219738304615020752;-9.080333709716796875
6574000;-9.0791578292846679688;0.31001922488212585449;-9.080333709716796875
6586000;-9.0806150436401367188;0.35373938083648681641;-9.080333709716796875
6598000;-9.0815515518188476562;0.3818912208080291748;-9.080333709716796875
6610000;-9.0820760726928710938;0.37511137127876281738;-9.080333709716796875
6623000;-9.0814027786254882812;0.37756550312042236328;-9.080333709716796875
6636000;-9.079341888427734375;0.31578642129898071289;-9.080333709716796875
6649000;-9.0811090469360351562;0.38892653584480285645;-9.080333709716796875
6661000;-9.0808935165405273438;0.31479629874229431152;-9.080333709716796875
6673000;-9.0789594650268554688;0.30433669686317443848;-9.080333709716796875
6686000;-9.0798244476318359375;0.33028298616409301758;-9.080333709716796875
6698000;-9.080928802490234375;0.36347308754920959473;-9.080333709716796875
6710000;-9.0803813934326171875;0.31345003843307495117;-9.080333709716796875
6722000;-9.0792570114135742188;0.29002097249031066895;-9.080333709716796875
6735000;-9.0798320770263671875;0.33047372102737426758;-9.080333709716796875
6747000;-9.079090118408203125;0.31586235761642456055;-9.080333709716796875
6760000;-9.0783166885375976562;0.28484824299812316895;-9.080333709716796875
6772000;-9.0804204940795898438;0.34788632392883300781;-9.080333709716796875
6785000;-9.0802707672119140625;0.3434238433837890625;-9.080333709716796875
6797000;-9.08090972900390625;0.33703333139419555664;-9.080333709716796875
6809000;-9.0822696685791015625;0.4035396575927734375;-9.080333709716796875
6821000;-9.0815105438232421875;0.3808237910270690918;-9.080333709716796875
6833000;-9.081104278564453125;0.36872106790542602539;-9.080333709716796875
6845000;-9.0833101272583007812;0.43501722812652587891;-9.080333709716796875
6857000;-9.084781646728515625;0.47942510247230529785;-9.080333709716796875
6869000;-9.0838489532470703125;0.45168608427047729492;-9.080333709716796875
6881000;-9.083648681640625;0.44585701823234558105;-9.080333709716796875
6893000;-9.0836038589477539062;0.4446970820426940918;-9.080333709716796875
6905000;-9.0823974609375;0.40863999724388122559;-9.080333709716796875
6918000;-9.0819692611694335938;0.40234994888305664062;-9.080333709716796875
6930000;-9.082363128662109375;0.42479208111763000488;-9.080333709716796875
6942000;-9.0805234909057617188;0.36253917217254638672;-9.080333709716796875
6954000;-9.0806913375854492188;0.37687668204307556152;-9.080333709716796875
6967000;-9.0803308486938476562;0.3470579981803894043;-9.080333709716796875
6980000;-9.0818843841552734375;0.38435986638069152832;-9.080333709716796875
6992000;-9.0823659896850585938;0.41675144433975219727;-9.080333709716796875
7004000;-9.0806550979614257812;0.41802516579627990723;-9.080333709716796875
7017000;-9.0838031768798828125;0.47336912155151367188;-9.080333709716796875
7029000;-9.0828123092651367188;0.42212945222854614258;-9.080333709716796875
7045000;-9.08223724365234375;0.40501448512077331543;-9.080333709716796875
7057000;-9.0818071365356445312;0.39219108223915100098;-9.080333709716796875
7069000;-9.0836849212646484375;0.44859093427658081055;-9.080333709716796875
7081000;-9.0831203460693359375;0.43184620141983032227;-9.080333709716796875
7093000;-9.0804376602172851562;0.35143584012985229492;-9.080333709716796875
7105000;-9.0805883407592773438;0.35589927434921264648;-9.080333709716796875
7118000;-9.0808506011962890625;0.36383509635925292969;-9.080333709716796875
7130000;-9.0806856155395507812;0.36191633343696594238;-9.080333709716796875
7142000;-9.0813875198364257812;0.35471960902214050293;-9.080333709716796875
7155000;-9.0815095901489257812;0.38371485471725463867;-9.080333709716796875
7167000;-9.0826892852783203125;0.41921457648277282715;-9.080333709716796875
7179000;-9.0807046890258789062;0.35971406102180480957;-9.080333709716796875
7192000;-9.08099365234375;0.33294150233268737793;-9.080333709716796875
7204000;-9.0805349349975585938;0.32443931698799133301;-9.080333709716796875
7217000;-9.0788068771362304688;0.30274036526679992676;-9.080333709716796875
7229000;-9.0770998001098632812;0.25141829252243041992;-9.080333709716796875
7241000;-9.078495025634765625;0.29315185546875;-9.080333709716796875
7253000;-9.0784845352172851562;0.29270622134208679199;-9.080333709716796875
7265000;-9.0756902694702148438;0.20867943763732910156;-9.080333709716796875
7277000;-9.0775899887084960938;0.26547276973724365234;-9.080333709716796875
7289000;-9.0777912139892578125;0.2713547050952911377;-9.080333709716796875
7301000;-9.076427459716796875;0.23023915290832519531;-9.080333709716796875
7314000;-9.0772953033447265625;0.26874807476997375488;-9.080333709716796875
7326000;-9.07741546630859375;0.26877033710479736328;-9.080333709716796875
7339000;-9.0755758285522460938;0.20406666398048400879;-9.080333709716796875
7351000;-9.0761966705322265625;0.22241500020027160645;-9.080333709716796875
7364000;-9.07672882080078125;0.24672350287437438965;-9.080333709716796875
7376000;-9.0765380859375;0.24539732933044433594;-9.080333709716796875
7388000;-9.075542449951171875;0.20765230059623718262;-9.080333709716796875
7400000;-9.0750865936279296875;0.22185385227203369141;-9.080333709716796875
7413000;-9.075347900390625;0.19556084275245666504;-9.080333709716796875
7425000;-9.0770959854125976562;0.24769887328147888184;-9.080333709716796875
7437000;-9.0778474807739257812;0.27004221081733703613;-9.080333709716796875
7449000;-9.0768327713012695312;0.2394383847713470459;-9.080333709716796875
7461000;-9.0783786773681640625;0.28564226627349853516;-9.080333709716796875
7473000;-9.0783557891845703125;0.28481048345565795898;-9.080333709716796875
7485000;-9.0789575576782226562;0.30276197195053100586;-9.080333709716796875
7497000;-9.0776119232177734375;0.26230341196060180664;-9.080333709716796875
7509000;-9.0764913558959960938;0.22851824760437011719;-9.080333709716796875
7521000;-9.0752201080322265625;0.19016593694686889648;-9.080333709716796875
7534000;-9.0743665695190429688;0.17510885000228881836;-9.080333709716796875
7546000;-9.074329376220703125;0.16366425156593322754;-9.080333709716796875
7560000;-9.0732173919677734375;0.12885257601737976074;-9.080333709716796875
7573000;-9.0713815689086914062;0.073253989219665527344;-9.080333709716796875
7585000;-9.0704803466796875;0.045711487531661987305;-9.080333709716796875
7597000;-9.0703859329223632812;0.042304664850234985352;-9.080333709716796875
7609000;-9.0700674057006835938;0.032161593437194824219;-9.080333709716796875
7621000;-9.0707197189331054688;0.051153808832168579102;-9.080333709716796875
7635000;-9.0718898773193359375;0.085642546415328979492;-9.080333709716796875
7647000;-9.0721349716186523438;0.092509180307388305664;-9.080333709716796875
7661000;-9.0733137130737304688;0.12729907035827636719;-9.080333709716796875
7674000;-9.0723724365234375;0.09860751032829284668;-9.080333709716796875
7686000;-9.0709924697875976562;0.068307012319564819336;-9.080333709716796875
7698000;-9.06984710693359375;0.0217990875244140625;-9.080333709716796875
7711000;-9.0734424591064453125;0.12899231910705566406;-9.080333709716796875
7724000;-9.0725469589233398438;0.079623192548751831055;-9.080333709716796875
7737000;-9.0731945037841796875;0.12052848935127258301;-9.080333709716796875
7749000;-9.0732097625732421875;0.12054428458213806152;-9.080333709716796875
7762000;-9.0743055343627929688;0.12210965156555175781;-9.080333709716796875
7774000;-9.0728216171264648438;0.10804504156112670898;-9.080333709716796875
7786000;-9.0739955902099609375;0.14282175898551940918;-9.080333709716796875
7798000;-9.0758380889892578125;0.19770446419715881348;-9.080333709716796875
7810000;-9.0726947784423828125;0.12303018569946289062;-9.080333709716796875
7822000;-9.070812225341796875;0.051615774631500244141;-9.080333709716796875
7834000;-9.0711927413940429688;0.031305283308029174805;-9.080333709716796875
7848000;-9.069232940673828125;0.0052357017993927001953;-9.080333709716796875
7860000;-9.0678472518920898438;-0.028536945581436157227;-9.080333709716796875
7873000;-9.0701274871826171875;0.022680401802062988281;-9.080333709716796875
7886000;-9.0678720474243164062;-0.05660152435302734375;-9.080333709716796875
7898000;-9.0673170089721679688;-0.063216060400009155273;-9.080333709716796875
7912000;-9.067806243896484375;-0.049336820840835571289;-9.080333709716796875
7924000;-9.065784454345703125;-0.1249841153621673584;-9.080333709716796875
7936000;-9.0665140151977539062;-0.11137801408767700195;-9.080333709716796875
7949000;-9.069110870361328125;-0.012752562761306762695;-9.080333709716796875
7962000;-9.0699186325073242188;0.015594571828842163086;-9.080333709716796875
7974000;-9.0702009201049804688;0.018775671720504760742;-9.080333709716796875
7986000;-9.0702648162841796875;0.0098087489604949951172;-9.080333709716796875
7999000;-9.0682516098022460938;-0.041133999824523925781;-9.080333709716796875
8013000;-9.0702772140502929688;0.018852353096008300781;-9.080333709716796875
8025000;-9.0702772140502929688;0.018226146697998046875;-9.080333709716796875
8038000;-9.070934295654296875;0.037360310554504394531;-9.080333709716796875
8050000;-9.071056365966796875;0.04477074742317199707;-9.080333709716796875
8063000;-9.0714712142944335938;0.052260458469390869141;-9.080333709716796875
8076000;-9.07094573974609375;0.028019279241561889648;-9.080333709716796875
8089000;-9.070819854736328125;0.031560748815536499023;-9.080333709716796875
8101000;-9.0704936981201171875;0.021211743354797363281;-9.080333709716796875
8113000;-9.0701398849487304688;0.010014176368713378906;-9.080333709716796875
8126000;-9.0683641433715820312;-0.050446867942810058594;-9.080333709716796875
8139000;-9.0665493011474609375;-0.099263310432434082031;-9.080333709716796875
8152000;-9.0673236846923828125;-0.076833367347717285156;-9.080333709716796875
8165000;-9.0647459030151367188;-0.15521404147148132324;-9.080333709716796875
8177000;-9.0648126602172851562;-0.15408697724342346191;-9.080333709716796875
8189000;-9.066959381103515625;-0.090561777353286743164;-9.080333709716796875
8201000;-9.065765380859375;-0.12725141644477844238;-9.080333709716796875
8213000;-9.0661916732788085938;-0.11534166336059570312;-9.080333709716796875
8225000;-9.064891815185546875;-0.15521943569183349609;-9.080333709716796875
8237000;-9.0653448104858398438;-0.14257904887199401855;-9.080333709716796875
8249000;-9.066982269287109375;-0.094311088323593139648;-9.080333709716796875
8261000;-9.0663576126098632812;-0.11387839913368225098;-9.080333709716796875
8273000;-9.0669965744018554688;-0.095539867877960205078;-9.080333709716796875
8285000;-9.06568145751953125;-0.13580203056335449219;-9.080333709716796875
8297000;-9.0675868988037109375;-0.079452544450759887695;-9.080333709716796875
8309000;-9.0676059722900390625;-0.079649150371551513672;-9.080333709716796875
8322000;-9.06697845458984375;-0.098378032445907592773;-9.080333709716796875
8334000;-9.0670785903930664062;-0.076381713151931762695;-9.080333709716796875
8346000;-9.0683412551879882812;-0.082017660140991210938;-9.080333709716796875
8358000;-9.0668153762817382812;-0.062660843133926391602;-9.080333709716796875
8370000;-9.0672807693481445312;-0.12006363272666931152;-9.080333709716796875
8384000;-9.0672903060913085938;-0.11848375201225280762;-9.080333709716796875
8396000;-9.066104888916015625;-0.1259167790412902832;-9.080333709716796875
8410000;-9.0679655075073242188;-0.075394779443740844727;-9.080333709716796875
8422000;-9.0670270919799804688;-0.12984874844551086426;-9.080333709716796875
8435000;-9.0668573379516601562;-0.088372766971588134766;-9.080333709716796875
8447000;-9.0672235488891601562;-0.021789640188217163086;-9.080333709716796875
8459000;-9.0661954879760742188;-0.13654020428657531738;-9.080333709716796875
8471000;-9.065082550048828125;-0.16606435179710388184;-9.080333709716796875
8483000;-9.0642642974853515625;-0.19153499603271484375;-9.080333709716796875
8496000;-9.0635843276977539062;-0.20073202252388000488;-9.080333709716796875
8509000;-9.0640201568603515625;-0.20514377951622009277;-9.080333709716796875
8520000;-9.0645427703857421875;-0.19391104578971862793;-9.080333709716796875
8533000;-9.0637884140014648438;-0.19598224759101867676;-9.080333709716796875
8545000;-9.0618381500244140625;-0.26940184831619262695;-9.080333709716796875
8558000;-9.062259674072265625;-0.25785881280899047852;-9.080333709716796875
8570000;-9.0639238357543945312;-0.20893573760986328125;-9.080333709716796875
8582000;-9.0640354156494140625;-0.20656177401542663574;-9.080333709716796875
8594000;-9.0619554519653320312;-0.26999175548553466797;-9.080333709716796875
8606000;-9.0630588531494140625;-0.23801848292350769043;-9.080333709716796875
8618000;-9.063385009765625;-0.25930646061897277832;-9.080333709716796875
8631000;-9.06270599365234375;-0.25089505314826965332;-9.080333709716796875
8643000;-9.06333160400390625;-0.23316663503646850586;-9.080333709716796875
8655000;-9.0639858245849609375;0.91327369213104248047;-9.0615453720092773438
8668000;-9.0597896575927734375;2.6459493637084960938;-8.9797115325927734375
8681000;-9.0385198593139648438;4.7410449981689453125;-8.8900470733642578125
8693000;-8.9989604949951171875;7.0571155548095703125;-8.7736835479736328125
8705000;-8.918125152587890625;9.888339996337890625;-8.5990505218505859375
8717000;-8.7881422042846679688;11.75376129150390625;-8.407623291015625
8730000;-8.6078090667724609375;14.842920303344726562;-8.1736841201782226562
8743000;-8.327816009521484375;15.529704093933105469;-7.9148964881896972656
8755000;-8.0248746871948242188;14.851626396179199219;-7.6379270553588867188
8768000;-7.6874542236328125;13.209402084350585938;-7.2621698379516601562
8780000;-7.3485512733459472656;11.5191192626953125;-6.9803519248962402344
8793000;-7.029315948486328125;9.0239896774291992188;-6.6985340118408203125
8805000;-6.7413039207458496094;9.0224599838256835938;-6.4094433784484863281
8817000;-6.41943359375;9.7965183258056640625;-6.1106557846069335938
8831000;-6.1067399978637695312;13.241168975830078125;-5.7924742698669433594
8844000;-5.7969522476196289062;12.465847969055175781;-5.3452100753784179688
8856000;-5.4525685310363769531;14.447978019714355469;-4.9912629127502441406
8868000;-5.0839009284973144531;14.941348075866699219;-4.6070208549499511719
8881000;-4.6150746345520019531;13.235505104064941406;-4.1961121559143066406
8895000;-4.1027407646179199219;14.860431671142578125;-3.7724757194519042969
8907000;-3.6724255084991455078;14.74077606201171875;-3.3470208644866943359
8920000;-3.2113654613494873047;11.071340560913085938;-2.7888386249542236328
8933000;-2.6869025230407714844;10.061314582824707031;-2.3773329257965087891
8945000;-2.2589681148529052734;9.29803466796875;-1.9755049943923950195
8957000;-1.8385059833526611328;8.6296844482421875;-1.5779283046722412109
8970000;-1.4469611644744873047;10.911362648010253906;-1.1809586286544799805
8982000;-1.0786786079406738281;9.7257375717163085938;-0.78277683258056640625
8994000;-0.71250236034393310547;10.815741539001464844;-0.38095867633819580078
9006000;-0.34242987632751464844;11.827496528625488281;0.02207164466381072998
9018000;0.049257196485996246338;14.606116294860839844;0.43176859617233276367
9031000;0.525814056396484375;14.852508544921875;0.84813225269317626953
9043000;0.96669334173202514648;14.615133285522460938;1.2760109901428222656
9055000;1.4145605564117431641;14.349330902099609375;1.712374567985534668
9067000;1.8794029951095581055;13.68253326416015625;2.1541929244995117188
9081000;2.4235160350799560547;10.58490753173828125;2.7414660453796386719
9093000;2.8602466583251953125;10.594808578491210938;3.1778197288513183594
9105000;3.3094758987426757812;10.084292411804199219;3.6093451976776123047
9117000;3.7292530536651611328;10.019989013671875;4.0263152122497558594
9129000;4.1566619873046875;9.380870819091796875;4.4317693710327148438
9141000;4.579639434814453125;10.242817878723144531;4.8263144493103027344
9154000;4.9790744781494140625;8.9847164154052734375;5.1954050064086914062
9166000;5.3535604476928710938;7.8422360420227050781;5.52631378173828125
9178000;5.6866636276245117188;6.9414057731628417969;5.8317608833312988281
9190000;5.9573459625244140625;2.8810434341430664062;6.0117635726928710938
9202000;6.1357197761535644531;-0.63944530487060546875;6.0941877365112304688
9215000;6.1964635848999023438;-1.7994358539581298828;6.0941877365112304688
9227000;6.1389141082763671875;0.34864783287048339844;6.0941877365112304688
9239000;6.0118088722229003906;4.310306549072265625;6.0941877365112304688
9251000;5.873104095458984375;7.8281564712524414062;6.0941877365112304688
9263000;5.8261733055114746094;9.2511949539184570312;6.0941877365112304688
9275000;5.8595304489135742188;8.2657976150512695312;6.0941877365112304688
9287000;5.9302258491516113281;6.1569337844848632812;6.0941877365112304688
9299000;5.9921889305114746094;4.3058118820190429688;6.0941877365112304688
9312000;6.0043420791625976562;4.0078382492065429688;6.0941877365112304688
9324000;5.9725866317749023438;5.0913906097412109375;6.0941877365112304688
9336000;5.9228506088256835938;6.5842213630676269531;6.0941877365112304688
9349000;5.8832955360412597656;7.6066718101501464844;6.0941877365112304688
9361000;5.8908166885375976562;7.3936700820922851562;6.0941877365112304688
9373000;5.919586181640625;6.542034149169921875;6.0941877365112304688
9386000;5.9488773345947265625;5.6728506088256835938;6.0941877365112304688
9398000;5.9595890045166015625;5.3764896392822265625;6.0941877365112304688
9410000;5.9498577117919921875;5.6600122451782226562;6.0941877365112304688
9422000;5.9322681427001953125;6.3048830032348632812;6.0941877365112304688
9435000;5.9187335968017578125;6.6148023605346679688;6.0941877365112304688
9447000;5.9206109046936035156;6.5690340995788574219;6.0941877365112304688
9459000;5.9293451309204101562;5.5931310653686523438;6.0941877365112304688
9472000;5.9354734420776367188;2.3579630851745605469;5.9699454307556152344
9485000;5.9037699699401855469;-1.2753723859786987305;5.8154001235961914062
9497000;5.809459686279296875;-4.8379073143005371094;5.6026778221130371094
9509000;5.6346402168273925781;-7.0820765495300292969;5.3535819053649902344
9521000;5.3737988471984863281;-8.390338897705078125;5.0497894287109375
9533000;5.0237216949462890625;-8.3225259780883789062;4.7026734352111816406
9545000;4.6148586273193359375;-8.914539337158203125;4.2747950553894042969
9558000;4.160400390625;-13.148220062255859375;3.7875223159790039062
9570000;3.6487314701080322266;-14.4928436279296875;3.2202494144439697266
9583000;2.8850054740905761719;-13.502820014953613281;2.6069159507751464844
9596000;2.1628262996673583984;-7.6425886154174804688;1.7366127967834472656
9608000;1.1864198446273803711;-2.516204833984375;1.0638854503631591797
9621000;0.40823653340339660645;0.24015897512435913086;0.3778247833251953125
9633000;-0.33254283666610717773;-1.4974626302719116211;-0.31247830390930175781
9646000;-1.0191049575805664062;-2.3697559833526611328;-1.0052056312561035156
9659000;-1.7916693687438964844;-4.5377521514892578125;-1.7270238399505615234
9671000;-2.5175881385803222656;-5.6240634918212890625;-2.4888243675231933594
9683000;-3.3154153823852539062;-5.3166365623474121094;-3.2676301002502441406
9695000;-4.1380186080932617188;-5.1385521888732910156;-4.0742969512939453125
9707000;-5.023097991943359375;-3.2653672695159912109;-4.8936915397644042969
9721000;-6.0132880210876464844;1.6723072528839111328;-5.9942984580993652344
9733000;-6.8527441024780273438;2.2177410125732421875;-6.8154916763305664062
9746000;-7.6531324386596679688;-1.8331284523010253906;-7.6282377243041992188
9758000;-8.4234142303466796875;-0.034858107566833496094;-8.3827838897705078125
9771000;-9.2741422653198242188;2.8960211277008056641;-9.0064210891723632812
9783000;-9.8788957595825195312;10.901697158813476562;-9.439754486083984375
9795000;-10.323785781860351562;20.90085601806640625;-9.6652097702026367188
9807000;-10.428479194641113281;25.795522689819335938;-9.6367244720458984375
9819000;-10.259665489196777344;22.48781585693359375;-9.5512685775756835938
9832000;-9.8632488250732421875;8.595306396484375;-9.5512685775756835938
9845000;-9.3773088455200195312;-3.9474673271179199219;-9.5512685775756835938
9857000;-9.2172365188598632812;-8.7656154632568359375;-9.5512685775756835938
9869000;-9.23480987548828125;-8.2589998245239257812;-9.5512685775756835938
9881000;-9.420562744140625;-2.7002341747283935547;-9.5512685775756835938
9894000;-9.5791110992431640625;2.0540204048156738281;-9.5512685775756835938
9906000;-9.559112548828125;1.455374598503112793;-9.5512685775756835938
9918000;-9.472194671630859375;-2.0368950366973876953;-9.5512685775756835938
9931000;-9.300624847412109375;-6.3126978874206542969;-9.5512685775756835938
9943000;-9.2764225006103515625;-7.0547647476196289062;-9.5512685775756835938
9956000;-9.3151569366455078125;-5.4526667594909667969;-9.5512685775756835938
9969000;-9.42600250244140625;-2.5958528518676757812;-9.5512685775756835938
9981000;-9.474529266357421875;-1.1458073854446411133;-9.5512685775756835938
9994000;-9.4439601898193359375;-2.1886756420135498047;-9.5512685775756835938
10006000;-9.3794794082641601562;-4.3782343864440917969;-9.5512685775756835938
10019000;-9.322025299072265625;-5.0396866798400878906;-9.5512685775756835938
10031000;-9.3371076583862304688;-2.4699692726135253906;-9.480358123779296875
10043000;-9.3796443939208984375;2.6213181018829345703;-9.3718729019165039062
10055000;-9.331695556640625;8.3912725448608398438;-9.1694488525390625
10067000;-9.160442352294921875;10.788957595825195312;-8.800983428955078125
10080000;-8.8621625900268554688;11.885219573974609375;-8.4385595321655273438
10092000;-8.4377651214599609375;13.79778289794921875;-7.9403781890869140625
10104000;-7.9242095947265625;14.853081703186035156;-7.3694696426391601562
10117000;-7.1573739051818847656;13.978882789611816406;-6.7331066131591796875
10129000;-6.4217424392700195312;14.84987640380859375;-5.9694695472717285156
10141000;-5.5455365180969238281;12.993114471435546875;-5.15613555908203125
10153000;-4.6150460243225097656;10.83087158203125;-4.2985591888427734375
10165000;-3.6225860118865966797;8.3873701095581054688;-3.3882563114166259766
10177000;-2.6108448505401611328;6.1971411705017089844;-2.4500746726989746094
10189000;-1.5841097831726074219;4.5899324417114257812;-1.4773473739624023438
10201000;-0.53937137126922607422;3.2033057212829589844;-0.47916546463966369629
10214000;0.49990037083625793457;2.3055672645568847656;0.52992552518844604492
10226000;1.5544342994689941406;1.202553868293762207;1.5475014448165893555
10238000;2.6139039993286132812;5.1766400337219238281;2.5717418193817138672
10250000;3.6564202308654785156;4.7820310592651367188;3.5971982479095458984
10262000;4.7053513526916503906;3.9297542572021484375;4.6226530075073242188
10274000;5.7459964752197265625;3.5158274173736572266;5.6481080055236816406
10287000;6.9373221397399902344;3.7578549385070800781;6.6735630035400390625
10299000;7.9645190238952636719;3.7051668167114257812;7.6990180015563964844
10312000;8.9736204147338867188;-0.75268721580505371094;9.0662908554077148438
10324000;9.9647283554077148438;0.19636678695678710938;10.091138839721679688
10337000;11.134296417236328125;0.65317189693450927734;11.108715057373046875
10350000;12.143225669860839844;0.5677089691162109375;12.114683151245117188
10362000;13.120471000671386719;5.7116255760192871094;13.097817420959472656
10374000;14.089488029479980469;-0.44784593582153320312;14.026907920837402344
10386000;15.005965232849121094;-3.3261709213256835938;14.847514152526855469
10398000;15.814095497131347656;-5.6325693130493164062;15.579030036926269531
10411000;16.5935821533203125;-13.291768074035644531;16.052968978881835938
10423000;16.97925567626953125;-21.846576690673828125;16.20569610595703125
10436000;17.07489776611328125;-24.213581085205078125;16.20569610595703125
10449000;16.736658096313476562;-14.670905113220214844;16.20569610595703125
10461000;16.269998550415039062;-0.68861448764801025391;16.20569610595703125
10473000;15.981442451477050781;7.9728322029113769531;16.20569610595703125
10485000;15.724165916442871094;15.714247703552246094;16.20569610595703125
10497000;15.7794036865234375;14.084497451782226562;16.20569610595703125
10510000;15.854071617126464844;11.064034461975097656;16.20569610595703125
10522000;15.986304283142089844;7.4618926048278808594;16.20569610595703125
10534000;16.045980453491210938;5.9824910163879394531;16.20569610595703125
10546000;16.02870941162109375;6.9022641181945800781;16.20569610595703125
10559000;15.94754791259765625;9.1164846420288085938;16.20569610595703125
10571000;15.86110687255859375;11.727963447570800781;16.20569610595703125
10583000;15.827397346496582031;12.761279106140136719;16.20569610595703125
10595000;15.868428230285644531;11.552151679992675781;16.20569610595703125
10611000;15.972728729248046875;8.4460859298706054688;16.20569610595703125
10623000;16.021392822265625;6.9984202384948730469;16.20569610595703125
10635000;16.014627456665039062;7.2124767303466796875;16.20569610595703125
10648000;15.973031044006347656;8.7804412841796875;16.20569610595703125
10660000;15.924811363220214844;10.228734016418457031;16.20569610595703125
10672000;15.89189910888671875;11.034777641296386719;16.20569610595703125
10684000;15.895236968994140625;10.894840240478515625;16.20569610595703125
10696000;15.91390228271484375;10.185275077819824219;16.20569610595703125
10709000;15.948283195495605469;9.3052663803100585938;16.20569610595703125
10721000;15.968492507934570312;8.7137203216552734375;16.20569610595703125
10733000;15.964885711669921875;8.836101531982421875;16.20569610595703125
10746000;15.9503173828125;9.2880382537841796875;16.20569610595703125
10758000;15.938046455383300781;9.6719350814819335938;16.20569610595703125
10770000;15.93544769287109375;9.808322906494140625;16.20569610595703125
10783000;15.937082290649414062;9.736026763916015625;16.20569610595703125
10795000;15.940303802490234375;9.6552982330322265625;16.20569610595703125
10808000;15.937959671020507812;9.68853759765625;16.20569610595703125
10820000;15.938477516174316406;9.700286865234375;16.20569610595703125
10833000;15.942160606384277344;9.68495941162109375;16.20569610595703125
10846000;15.940884590148925781;9.7471714019775390625;16.20569610595703125
10858000;15.940464973449707031;9.7952413558959960938;16.20569610595703125
10870000;15.944830894470214844;9.6724653244018554688;16.20569610595703125
10883000;15.946425437927246094;9.5881376266479492188;16.20569610595703125
10896000;15.949481964111328125;9.400775909423828125;16.20569610595703125
10908000;15.952190399169921875;9.4483184814453125;16.20569610595703125
10921000;15.950764656066894531;9.5064239501953125;16.20569610595703125
10933000;15.950766563415527344;9.5217437744140625;16.20569610595703125
10946000;15.944200515747070312;9.8291749954223632812;16.20569610595703125
10959000;15.938929557800292969;9.9109859466552734375;16.20569610595703125
10971000;15.939670562744140625;9.9046916961669921875;16.20569610595703125
10983000;15.945377349853515625;9.7491579055786132812;16.20569610595703125
10995000;15.949069023132324219;9.6538267135620117188;16.20569610595703125
11007000;15.950757980346679688;9.6184644699096679688;16.20569610595703125
11020000;15.950976371765136719;9.627201080322265625;16.20569610595703125
11032000;15.948930740356445312;9.6785221099853515625;16.20569610595703125
11045000;15.949987411499023438;9.690135955810546875;16.20569610595703125
11057000;15.951090812683105469;9.6723794937133789062;16.20569610595703125
11070000;15.950375556945800781;9.7091350555419921875;16.20569610595703125
11082000;15.949088096618652344;9.785999298095703125;16.20569610595703125
11094000;15.947701454162597656;9.8200836181640625;16.20569610595703125
11106000;15.945044517517089844;9.9152927398681640625;16.20569610595703125
11118000;15.944666862487792969;9.9422092437744140625;16.20569610595703125
11130000;15.94669342041015625;9.852939605712890625;16.20569610595703125
11147000;15.948177337646484375;9.8755922317504882812;16.20569610595703125
11159000;15.949997901916503906;9.83634185791015625;16.20569610595703125
11172000;15.951386451721191406;9.809986114501953125;16.20569610595703125
11184000;15.950824737548828125;9.842136383056640625;16.20569610595703125
11197000;15.949734687805175781;7.2786021232604980469;16.116621017456054688
11209000;15.930299758911132812;4.2067556381225585938;15.996619224548339844
11221000;15.891849517822265625;0.52364706993103027344;15.835407257080078125
11233000;15.791452407836914062;-4.7170052528381347656;15.625710487365722656
11247000;15.588048934936523438;-7.95127105712890625;15.349347114562988281
11259000;15.304128646850585938;-8.8535184860229492188;15.051165580749511719
11271000;14.927745819091796875;-8.0726938247680664062;14.707528114318847656
11283000;14.513103485107421875;-6.5052137374877929688;14.345708847045898438
11296000;14.069285392761230469;-4.3856997489929199219;13.852375030517578125
11308000;13.639491081237792969;-3.0104768276214599609;13.468738555908203125
11320000;13.222688674926757812;-0.33955931663513183594;13.073586463928222656
11332000;12.836428642272949219;-0.96663737297058105469;12.671161651611328125
11345000;12.372982025146484375;-1.5490179061889648438;12.251768112182617188
11357000;12.029092788696289062;-2.2400827407836914062;11.815404891967773438
11369000;11.535904884338378906;-3.2953763008117675781;11.3572235107421875
11381000;11.066701889038085938;-3.8505442142486572266;10.86997222900390625
11393000;10.581621170043945312;-4.8042755126953125;10.353609085083007812
11405000;10.054795265197753906;-4.8160419464111328125;9.82694244384765625
11417000;9.4925222396850585938;-3.9633657932281494141;9.2936086654663085938
11429000;8.92053985595703125;-2.8537657260894775391;8.759063720703125
11442000;8.3474454879760742188;-4.1137151718139648438;8.2299718856811523438
11455000;7.7236070632934570312;-3.8402445316314697266;7.704517364501953125
11468000;7.20034027099609375;-0.72693908214569091797;7.0281538963317871094
11480000;6.7188010215759277344;-2.2209942340850830078;6.5796694755554199219
11492000;6.2630734443664550781;2.2476682662963867188;6.2039122581481933594
11504000;5.8738775253295898438;4.4119277000427246094;5.9039125442504882812
11516000;5.5905132293701171875;6.5309724807739257812;5.7092695236206054688
11528000;5.4569759368896484375;9.6751031875610351562;5.7092695236206054688
11540000;5.4862232208251953125;8.1714811325073242188;5.7092695236206054688
11552000;5.6206264495849609375;3.7611680030822753906;5.7092695236206054688
11564000;5.7937765121459960938;-1.3436859846115112305;5.7092695236206054688
11576000;5.921810150146484375;-4.7797698974609375;5.7092695236206054688
11588000;5.9537944793701171875;-5.295948028564453125;5.7092695236206054688
11600000;5.9071984291076660156;-3.5837664604187011719;5.7092695236206054688
11613000;5.8183040618896484375;-1.3276101350784301758;5.7092695236206054688
11626000;5.7758135795593261719;-0.054069399833679199219;5.7092695236206054688
11639000;5.8010210990905761719;-0.81941103935241699219;5.7092695236206054688
11651000;5.8548235893249511719;-2.4404978752136230469;5.7092695236206054688
11663000;5.9041361808776855469;-3.9301259517669677734;5.7092695236206054688
11675000;5.9167757034301757812;-4.3215856552124023438;5.7092695236206054688
11688000;5.8895335197448730469;-3.518016815185546875;5.7092695236206054688
11701000;5.8522615432739257812;-2.4096016883850097656;5.7092695236206054688
11714000;5.8291535377502441406;-1.7317416667938232422;5.7092695236206054688
11726000;5.8330368995666503906;-1.9430158138275146484;5.7092695236206054688
11739000;5.8547587394714355469;-2.5088524818420410156;5.7092695236206054688
11751000;5.8693752288818359375;-2.9565262794494628906;5.7092695236206054688
11763000;5.8746047019958496094;-3.0839240550994873047;5.7092695236206054688
11775000;5.8700876235961914062;-2.9974894523620605469;5.7092695236206054688
11787000;5.8619389533996582031;-2.7624037265777587891;5.7092695236206054688
11799000;5.8565468788146972656;-2.5942256450653076172;5.7092695236206054688
11813000;5.8550691604614257812;-2.5755782127380371094;5.7092695236206054688
11826000;5.8572611808776855469;-2.6902108192443847656;5.7092695236206054688
11839000;5.8628830909729003906;-2.8293929100036621094;5.7092695236206054688
11851000;5.8633298873901367188;-2.8520283699035644531;5.7092695236206054688
11863000;5.8654279708862304688;-2.9242491722106933594;5.7092695236206054688
11875000;5.864009857177734375;-2.8910036087036132812;5.7092695236206054688
11888000;5.8619174957275390625;-2.8423161506652832031;5.7092695236206054688
11900000;5.8605899810791015625;-2.8333415985107421875;5.7092695236206054688
11914000;5.8603343963623046875;-2.8097481727600097656;5.7092695236206054688
11927000;5.8637290000915527344;-2.9221906661987304688;5.7092695236206054688
11939000;5.8669838905334472656;-3.0291860103607177734;5.7092695236206054688
11952000;5.8696269989013671875;-3.1162815093994140625;5.7092695236206054688
11964000;5.8695931434631347656;-3.0953040122985839844;5.7092695236206054688
11976000;5.8682408332824707031;-3.06085968017578125;5.7092695236206054688
11988000;5.86455535888671875;-2.9944996833801269531;5.7092695236206054688
12000000;5.8668260574340820312;-3.1733870506286621094;5.7092695236206054688
12012000;5.8698029518127441406;-3.2034468650817871094;5.7092695236206054688
12024000;5.8694047927856445312;-3.1992044448852539062;5.7092695236206054688
12036000;5.868389129638671875;-3.1494517326354980469;5.7092695236206054688
12050000;5.8677473068237304688;-3.0852551460266113281;5.7092695236206054688
12063000;5.8648991584777832031;-3.0651688575744628906;5.7092695236206054688
12075000;5.8642773628234863281;-3.0558977127075195312;5.7092695236206054688
12087000;5.86676788330078125;-3.1400389671325683594;5.7092695236206054688
12099000;5.86627960205078125;-3.134853363037109375;5.7092695236206054688
12112000;5.8669133186340332031;-3.1792790889739990234;5.7092695236206054688
12124000;5.8672184944152832031;-3.1848895549774169922;5.7092695236206054688
12136000;5.8685040473937988281;-3.2202653884887695312;5.7092695236206054688
12148000;5.8697562217712402344;-3.2864499092102050781;5.7092695236206054688
12160000;5.8683018684387207031;-3.2446315288543701172;5.7092695236206054688
12173000;5.8689646720886230469;-3.2740459442138671875;5.7092695236206054688
12185000;5.8706293106079101562;-3.3204603195190429688;5.7092695236206054688
12198000;5.8719182014465332031;-3.3860235214233398438;5.7092695236206054688
12210000;5.8672637939453125;-3.3226842880249023438;5.7092695236206054688
12223000;5.8693881034851074219;-3.3269224166870117188;5.7092695236206054688
12235000;5.8671650886535644531;-3.26971435546875;5.7092695236206054688
12248000;5.8672590255737304688;-3.2911157608032226562;5.7092695236206054688
12260000;5.8676247596740722656;-3.2786345481872558594;5.7092695236206054688
12273000;5.8662328720092773438;-3.2716877460479736328;5.7092695236206054688
12286000;5.8642268180847167969;-3.2372808456420898438;5.7092695236206054688
12298000;5.8626222610473632812;-3.2572393417358398438;5.7092695236206054688
12310000;5.8636493682861328125;-3.2697758674621582031;5.7092695236206054688
12323000;5.8662714958190917969;-3.3117108345031738281;5.7092695236206054688
12335000;5.8655996322631835938;-3.3009619712829589844;5.7092695236206054688
12347000;5.8658547401428222656;-3.3180179595947265625;5.7092695236206054688
12359000;5.86605072021484375;-3.3333063125610351562;5.7092695236206054688
12371000;5.8654541969299316406;-3.3247945308685302734;5.7092695236206054688
12383000;5.8672780990600585938;-3.3888964653015136719;5.7092695236206054688
12396000;5.8646111488342285156;-3.3036694526672363281;5.7092695236206054688
12408000;5.8671293258666992188;-3.3948056697845458984;5.7092695236206054688
12421000;5.8669009208679199219;-3.4074077606201171875;5.7092695236206054688
12433000;5.8673930168151855469;-3.4315886497497558594;5.7092695236206054688
12445000;5.8695192337036132812;-3.5049116611480712891;5.7092695236206054688
12457000;5.8690609931945800781;-3.5007181167602539062;5.7092695236206054688
12469000;5.8680329322814941406;-3.4794473648071289062;5.7092695236206054688
12482000;5.8690371513366699219;-3.5161595344543457031;5.7092695236206054688
12495000;5.8703889846801757812;-3.5107450485229492188;5.7092695236206054688
12508000;5.8693404197692871094;-3.5490062236785888672;5.7092695236206054688
12520000;5.8692083358764648438;-3.5643062591552734375;5.7092695236206054688
12532000;5.8682866096496582031;-3.5437750816345214844;5.7092695236206054688
12544000;5.8661403656005859375;-3.5508880615234375;5.7092695236206054688
12557000;5.8671636581420898438;-3.5235004425048828125;5.7092695236206054688
12569000;5.868824005126953125;-3.5879909992218017578;5.7092695236206054688
12583000;5.8672375679016113281;-3.5463500022888183594;5.7092695236206054688
12595000;5.8666887283325195312;-3.539348602294921875;5.7092695236206054688
12607000;5.8668389320373535156;-3.5533888339996337891;5.7092695236206054688
12620000;5.8685398101806640625;-3.637542724609375;5.7092695236206054688
12632000;5.8699707984924316406;-3.6699385643005371094;5.7092695236206054688
12645000;5.8708691596984863281;-3.6814806461334228516;5.7092695236206054688
12658000;5.8690519332885742188;-3.6527667045593261719;5.7092695236206054688
12670000;5.8673138618469238281;-3.6171138286590576172;5.7092695236206054688
12682000;5.8680133819580078125;-3.6475510597229003906;5.7092695236206054688
12694000;5.8671417236328125;-3.6308858394622802734;5.7092695236206054688
12706000;5.8649268150329589844;-3.5673785209655761719;5.7092695236206054688
12718000;5.8631443977355957031;-3.5296750068664550781;5.7092695236206054688
12730000;5.8653011322021484375;-3.6037199497222900391;5.7092695236206054688
12742000;5.86507415771484375;-3.6062684059143066406;5.7092695236206054688
12754000;5.8656573295593261719;-3.7199263572692871094;5.7092695236206054688
12766000;5.8702387809753417969;-3.7669043540954589844;5.7092695236206054688
12778000;5.8696794509887695312;-3.7481184005737304688;5.7092695236206054688
12790000;5.86891937255859375;-3.7899842262268066406;5.7092695236206054688
12802000;5.8680324554443359375;-3.7713582515716552734;5.7092695236206054688
12815000;5.8673734664916992188;-3.7341136932373046875;5.7092695236206054688
12827000;5.8673768043518066406;-3.743747711181640625;5.7092695236206054688
12839000;5.8691754341125488281;-3.8072681427001953125;5.7092695236206054688
12851000;5.8697500228881835938;-3.8341422080993652344;5.7092695236206054688
12864000;5.868770599365234375;-3.7917962074279785156;5.7092695236206054688
12878000;5.8680315017700195312;-3.82631683349609375;5.7092695236206054688
12891000;5.8691396713256835938;-3.8477153778076171875;5.7092695236206054688
12903000;5.8671545982360839844;-3.7976956367492675781;5.7092695236206054688
12916000;5.8670897483825683594;-3.8052511215209960938;5.7092695236206054688
12929000;5.8671727180480957031;-3.8188233375549316406;5.7092695236206054688
12941000;5.8699655532836914062;-3.9121942520141601562;5.7092695236206054688
12953000;5.869800567626953125;-2.224033355712890625;5.7656331062316894531
12965000;5.8790946006774902344;-0.78004407882690429688;5.8232088088989257812
12978000;5.8980169296264648438;0.82507562637329101562;5.8813905715942382812
12990000;5.9278740882873535156;1.6743726730346679688;5.9389662742614746094
13002000;5.9605770111083984375;2.3851776123046875;5.9953298568725585938
13015000;5.9975066184997558594;3.0714056491851806641;6.0516934394836425781
13027000;6.0229411125183105469;3.8563103675842285156;6.1062388420104980469
13039000;6.0667023658752441406;4.2790851593017578125;6.1607842445373535156
13051000;6.1094393730163574219;4.6401309967041015625;6.2153296470642089844
13064000;6.1439666748046875;5.0726327896118164062;6.2880568504333496094
13077000;6.1768078804016113281;5.9103574752807617188;6.3426022529602050781
13090000;6.2013812065124511719;7.1919121742248535156;6.3971476554870605469
13102000;6.2462277412414550781;6.8890976905822753906;6.4516916275024414062
13115000;6.3063883781433105469;5.331394195556640625;6.4516916275024414062
13127000;6.3432469367980957031;4.2330927848815917969;6.4516916275024414062
13140000;6.3554444313049316406;3.9036245346069335938;6.4516916275024414062
13153000;6.3356003761291503906;4.4757323265075683594;6.4516916275024414062
13165000;6.3075680732727050781;5.3244910240173339844;6.4516916275024414062
13177000;6.29232025146484375;5.8351373672485351562;6.4516916275024414062
13190000;6.29903411865234375;5.6007018089294433594;6.4516916275024414062
13202000;6.31375885009765625;5.1676344871520996094;6.4516916275024414062
13215000;6.3243379592895507812;4.85809326171875;6.4516916275024414062
13228000;6.3228459358215332031;4.9458627700805664062;6.4516916275024414062
13240000;6.3180866241455078125;5.1122770309448242188;6.4516916275024414062
13253000;6.3134479522705078125;5.2098202705383300781;6.4516916275024414062
13266000;6.3136534690856933594;5.2325596809387207031;6.4516916275024414062
13278000;6.316570281982421875;5.1850256919860839844;6.4516916275024414062
13291000;6.3134074211120605469;5.23709869384765625;6.4516916275024414062
13303000;6.3136448860168457031;5.2382688522338867188;6.4516916275024414062
13315000;6.3155722618103027344;5.1887140274047851562;6.4516916275024414062
13328000;6.3155517578125;5.2061529159545898438;6.4516916275024414062
13340000;6.3158822059631347656;5.2210521697998046875;6.4516916275024414062
13353000;6.3130946159362792969;5.2889842987060546875;6.4516916275024414062
13366000;6.31206512451171875;5.32825469970703125;6.4516916275024414062
13379000;6.3139748573303222656;5.2806696891784667969;6.4516916275024414062
13392000;6.3167505264282226562;5.1988458633422851562;6.4516916275024414062
13404000;6.3194532394409179688;5.1542124748229980469;6.4516916275024414062
13416000;6.3181104660034179688;5.1942763328552246094;6.4516916275024414062
13428000;6.3166556358337402344;5.2465004920959472656;6.4516916275024414062
13440000;6.3147778511047363281;5.3315386772155761719;6.4516916275024414062
13453000;6.313938140869140625;5.3319258689880371094;6.4516916275024414062
13467000;6.3155426979064941406;5.2933874130249023438;6.4516916275024414062
13479000;6.3147168159484863281;5.3264131546020507812;6.4516916275024414062
13491000;6.3152742385864257812;5.3179216384887695312;6.4516916275024414062
13503000;6.3158202171325683594;5.30974578857421875;6.4516916275024414062
13515000;6.3168959617614746094;5.2856068611145019531;6.4516916275024414062
13528000;6.3132266998291015625;5.4051694869995117188;6.4516916275024414062
13541000;6.314453125;5.3766026496887207031;6.4516916275024414062
13554000;6.3151521682739257812;5.3637909889221191406;6.4516916275024414062
13566000;6.3157277107238769531;5.2834348678588867188;6.4516916275024414062
13579000;6.3166027069091796875;5.3378438949584960938;6.4516916275024414062
13592000;6.3184332847595214844;5.295444488525390625;6.4516916275024414062
13604000;6.3193478584289550781;5.2983198165893554688;6.4516916275024414062
13616000;6.3172607421875;5.3632659912109375;6.4516916275024414062
13628000;6.3186869621276855469;5.3032398223876953125;6.4516916275024414062
13640000;6.3211870193481445312;5.2414951324462890625;6.4516916275024414062
13653000;6.3203649520874023438;5.2739973068237304688;6.4516916275024414062
13665000;6.3191819190979003906;5.317333221435546875;6.4516916275024414062
13677000;6.3218016624450683594;5.2465987205505371094;6.4516916275024414062
13689000;6.3202204704284667969;5.3018550872802734375;6.4516916275024414062
13701000;6.32204437255859375;5.2549901008605957031;6.4516916275024414062
13714000;6.3210897445678710938;5.292766571044921875;6.4516916275024414062
13726000;6.3204932212829589844;5.3184766769409179688;6.4516916275024414062
13738000;6.3216118812561035156;5.292743682861328125;6.4516916275024414062
13751000;6.3226857185363769531;5.2682943344116210938;6.4516916275024414062
13763000;6.324024200439453125;5.23583984375;6.4516916275024414062
13776000;6.324268341064453125;5.2431063652038574219;6.4516916275024414062
13788000;6.3249201774597167969;5.20690155029296875;6.4516916275024414062
13800000;6.3250756263732910156;5.2058277130126953125;6.4516916275024414062
13812000;6.3275933265686035156;5.1460728645324707031;6.4516916275024414062
13824000;6.3281683921813964844;5.7691464424133300781;6.47229766845703125
13836000;6.3312697410583496094;7.7415828704833984375;6.5407824516296386719
13849000;6.3724412918090820312;8.975399017333984375;6.622600555419921875
13862000;6.456756591796875;9.7238712310791015625;6.7135095596313476562
13875000;6.5899310111999511719;9.13918304443359375;6.8116912841796875
13887000;6.7442150115966796875;7.523834228515625;6.9110851287841796875
13900000;6.8850340843200683594;5.6001882553100585938;7.0468425750732421875
13913000;7.0430154800415039062;5.0158724784851074219;7.1589636802673339844
13925000;7.1528706550598144531;5.3825387954711914062;7.2807788848876953125
13937000;7.2596468925476074219;6.2794117927551269531;7.4171457290649414062
13950000;7.3865952491760253906;8.4480257034301757812;7.5607819557189941406
13962000;7.5161375999450683594;9.5396165847778320312;7.7262835502624511719
13975000;7.6827635765075683594;10.120162010192871094;7.9668421745300292969
13987000;7.8613419532775878906;10.206629753112792969;8.1813879013061523438
14000000;8.1377773284912109375;9.998973846435546875;8.4165401458740234375
14013000;8.39597320556640625;10.107564926147460938;8.6777524948120117188
14026000;8.6883287429809570312;10.66646575927734375;8.9474496841430664062
14038000;8.9786138534545898438;10.114686012268066406;9.2183599472045898438
14051000;9.321624755859375;9.4440593719482421875;9.4892702102661132812
14064000;9.607501983642578125;7.5982375144958496094;9.8504838943481445312
14076000;9.8841686248779296875;7.5563402175903320312;10.121394157409667969
14088000;10.150379180908203125;7.7199859619140625;10.395940780639648438
14101000;10.465787887573242188;8.0112943649291992188;10.674122810363769531
14113000;10.742649078369140625;8.1740427017211914062;10.955941200256347656
14126000;11.022150039672851562;8.4580593109130859375;11.244426727294921875
14138000;11.299767494201660156;10.50811004638671875;11.538971900939941406
14150000;11.593388557434082031;10.481600761413574219;11.835336685180664062
14162000;11.896819114685058594;10.483249664306640625;12.133518218994140625
14174000;12.172049522399902344;11.161879539489746094;12.432912826538085938
14187000;12.502392768859863281;11.861998558044433594;12.734118461608886719
14200000;12.785649299621582031;11.181881904602050781;13.14263916015625
14212000;13.087741851806640625;11.311252593994140625;13.452307701110839844
14224000;13.402936935424804688;11.257429122924804688;13.763823509216308594
14236000;13.716322898864746094;11.254645347595214844;14.076550483703613281
14248000;14.036405563354492188;10.944162368774414062;14.387459754943847656
14261000;14.416176795959472656;10.461322784423828125;14.698369979858398438
14273000;14.732665061950683594;10.312283515930175781;15.009280204772949219
14285000;15.03017425537109375;10.750855445861816406;15.320796012878417969
14297000;15.3165435791015625;11.615860939025878906;15.635341644287109375
14309000;15.5967559814453125;12.777048110961914062;15.953524589538574219
14321000;15.888705253601074219;13.587772369384765625;16.27170562744140625
14333000;16.18332672119140625;14.319810867309570312;16.589885711669921875
14345000;16.489339828491210938;14.675075531005859375;16.906856536865234375
14357000;16.800695419311523438;14.815887451171875;17.222009658813476562
14369000;17.12625885009765625;14.439059257507324219;17.534130096435546875
14382000;17.439174652099609375;15.953067779541015625;17.845037460327148438
14395000;17.793567657470703125;15.948385238647460938;18.249883651733398438
14407000;18.08655548095703125;16.239488601684570312;18.55170440673828125
14420000;18.374452590942382812;15.079899787902832031;18.848066329956054688
14432000;18.62812042236328125;16.673917770385742188;19.144422531127929688
14444000;18.880657196044921875;17.729442596435546875;19.439580917358398438
14456000;19.1942291259765625;18.587759017944335938;19.733522415161132812
14468000;19.432842254638671875;18.81597137451171875;20.026250839233398438
14480000;19.789188385009765625;18.261260986328125;20.315340042114257812
14492000;20.083827972412109375;18.12757110595703125;20.604429244995117188
14504000;20.383249282836914062;17.849639892578125;20.893512725830078125
14517000;20.671558380126953125;17.614139556884765625;21.17291259765625
14529000;20.937030792236328125;17.663219451904296875;21.43897247314453125
14541000;21.180263519287109375;17.870267868041992188;21.6880645751953125
14553000;21.4129180908203125;16.101800918579101562;21.860790252685546875
14567000;21.604330062866210938;13.0045318603515625;21.948062896728515625
14579000;21.67281341552734375;10.96811676025390625;21.948062896728515625
14591000;21.638467788696289062;12.015702247619628906;21.948062896728515625
14603000;21.548244476318359375;14.743566513061523438;21.948062896728515625
14617000;21.450847625732421875;17.697111129760742188;21.948062896728515625
14629000;21.4221343994140625;18.5894622802734375;21.948062896728515625
14641000;21.447397232055664062;17.8624725341796875;21.948062896728515625
14653000;21.498199462890625;16.366973876953125;21.948062896728515625
14665000;21.543989181518554688;14.871225357055664062;21.948062896728515625
14677000;21.553913116455078125;14.7448272705078125;21.948062896728515625
14689000;21.529361724853515625;15.655470848083496094;21.948062896728515625
14701000;21.49489593505859375;16.565828323364257812;21.948062896728515625
14713000;21.479223251342773438;17.128627777099609375;21.948062896728515625
14726000;21.488206863403320312;16.826360702514648438;21.948062896728515625
14738000;21.509471893310546875;16.15314483642578125;21.948062896728515625
14750000;21.52931976318359375;15.70214080810546875;21.948062896728515625
14762000;21.52867889404296875;15.805877685546875;21.948062896728515625
14774000;21.517267227172851562;16.185449600219726562;21.948062896728515625
14786000;21.503086090087890625;16.574785232543945312;21.948062896728515625
14798000;21.496385574340820312;16.764173507690429688;21.948062896728515625
14810000;21.496295928955078125;16.76033782958984375;21.948062896728515625
14822000;21.500692367553710938;16.663043975830078125;21.948062896728515625
14834000;21.504896163940429688;16.484455108642578125;21.948062896728515625
14847000;21.51155853271484375;16.390045166015625;21.948062896728515625
14860000;21.512081146240234375;16.441011428833007812;21.948062896728515625
14872000;21.512109756469726562;16.494626998901367188;21.948062896728515625
14885000;21.508615493774414062;16.561380386352539062;21.948062896728515625
14898000;21.506868362426757812;16.576490402221679688;21.948062896728515625
14911000;21.50720977783203125;18.353031158447265625;21.985637664794921875
14923000;21.520580291748046875;20.425642013549804688;22.089876174926757812
14935000;21.563623428344726562;22.584280014038085938;22.199636459350585938
14949000;21.643075942993164062;24.445711135864257812;22.33957672119140625
14961000;21.7659149169921875;25.513322830200195312;22.496547698974609375
14973000;21.918172836303710938;26.172733306884765625;22.66927337646484375
14985000;22.124368667602539062;26.415203094482421875;22.882001876831054688
14997000;22.3536224365234375;26.893802642822265625;23.125640869140625
15009000;22.642576217651367188;27.000219345092773438;23.416551589965820312
15022000;22.980638504028320312;28.602262496948242188;23.75412750244140625
15034000;23.378452301025390625;27.241786956787109375;24.106855392456054688
15046000;23.78926849365234375;25.540689468383789062;24.46685791015625
15058000;24.234910964965820312;22.695154190063476562;24.817768096923828125
15070000;24.650554656982421875;20.909778594970703125;25.163394927978515625
15082000;25.016719818115234375;12.523312568664550781;25.30278778076171875
15094000;25.227155685424804688;13.364755630493164062;25.5401458740234375
15106000;25.33683013916015625;5.2999658584594726562;25.39493560791015625
15119000;25.246868133544921875;14.044849395751953125;25.5703582763671875
15132000;25.194799423217773438;3.7342619895935058594;25.165014266967773438
15144000;24.922616958618164062;22.974317550659179688;25.552288055419921875
15156000;24.942174911499023438;-11.552319526672363281;24.445470809936523438
15168000;24.6433258056640625;11.059809684753417969;24.836378097534179688
15180000;24.256078720092773438;35.780487060546875;25.229711532592773438
15192000;24.502878189086914062;-81.16846466064453125;22.094522476196289062
15204000;24.097421646118164062;-53.395435333251953125;22.263265609741210938
15217000;22.718059539794921875;3.0743412971496582031;22.6905364990234375
15229000;21.359004974365234375;-21.495635986328125;22.532222747802734375
15242000;20.462612152099609375;-9.58779144287109375;19.858221054077148438
15255000;19.728168487548828125;26.848375320434570312;20.334585189819335938
15267000;18.856172561645507812;67.57099151611328125;20.815797805786132812
15280000;19.426992416381835938;23.046979904174804688;19.76554107666015625
15294000;18.932619094848632812;49.78789520263671875;20.250993728637695312
15306000;19.282911300659179688;51.821468353271484375;20.735841751098632812
15318000;20.423282623291015625;28.04431915283203125;21.219480514526367188
15330000;20.740686416625976562;29.998626708984375;21.701299667358398438
15342000;22.142744064331054688;5.7390027046203613281;22.170995712280273438
15355000;22.966402053833007812;-2.1802630424499511719;22.608209609985351562
15368000;23.201427459716796875;0.28778362274169921875;23.127964019775390625
15380000;23.634611129760742188;-3.386310577392578125;23.418874740600585938
15393000;23.823644638061523438;-1.3496661186218261719;23.635240554809570312
15405000;24.083639144897460938;-5.1827182769775390625;23.767969131469726562
15417000;24.055110931396484375;-4.3455462455749511719;23.767969131469726562
15429000;24.062082290649414062;-4.5723652839660644531;23.767969131469726562
15441000;23.9565277099609375;-1.4204883575439453125;23.767969131469726562
15453000;23.839036941528320312;2.0962495803833007812;23.767969131469726562
15466000;23.736110687255859375;5.1833972930908203125;23.767969131469726562
15478000;23.706857681274414062;6.0641074180603027344;23.767969131469726562
15490000;23.6944732666015625;6.5517930984497070312;23.767969131469726562
15502000;23.689153671264648438;6.6095418930053710938;23.767969131469726562
15514000;23.715547561645507812;5.8165578842163085938;23.767969131469726562
15526000;23.755268096923828125;4.4945473670959472656;23.767969131469726562
15539000;23.776288986206054688;3.9962620735168457031;23.767969131469726562
15551000;23.756116867065429688;4.601318359375;23.767969131469726562
15564000;23.730382919311523438;5.3960719108581542969;23.767969131469726562
15576000;23.728715896606445312;5.2952961921691894531;23.767969131469726562
15589000;23.759233474731445312;4.5135331153869628906;23.767969131469726562
15602000;23.787618637084960938;3.61513519287109375;23.767969131469726562
15614000;23.796918869018554688;3.3810429573059082031;23.767969131469726562
15626000;23.780063629150390625;4.0060682296752929688;23.767969131469726562
15640000;23.746740341186523438;4.919696807861328125;23.767969131469726562
15652000;23.720914840698242188;5.6962018013000488281;23.767969131469726562
15665000;23.716663360595703125;5.7932710647583007812;23.767969131469726562
15677000;23.727006912231445312;5.4858102798461914062;23.767969131469726562
15689000;23.7457275390625;4.9260573387145996094;23.767969131469726562
15701000;23.764455795288085938;4.3648905754089355469;23.767969131469726562
15713000;23.77272796630859375;4.1165795326232910156;23.767969131469726562
15725000;23.773281097412109375;4.0995364189147949219;23.767969131469726562
15737000;23.7704315185546875;4.1846776008605957031;23.767969131469726562
15749000;23.767187118530273438;4.2818603515625;23.767969131469726562
15763000;23.770647048950195312;4.1780343055725097656;23.767969131469726562
15775000;23.767713546752929688;4.2661375999450683594;23.767969131469726562
15787000;23.760965347290039062;4.4689264297485351562;23.767969131469726562
15800000;23.752775192260742188;4.870304107666015625;23.767969131469726562
15812000;23.746612548828125;4.9240622520446777344;23.767969131469726562
15824000;23.74933624267578125;4.8662505149841308594;23.767969131469726562
15837000;23.751649856567382812;4.7526397705078125;23.767969131469726562
15849000;23.758832931518554688;4.5378637313842773438;23.767969131469726562
15862000;23.767133712768554688;4.2588176727294921875;23.767969131469726562
15874000;23.770351409912109375;4.13266754150390625;23.767969131469726562
15887000;23.773576736450195312;4.0954537391662597656;23.767969131469726562
15899000;23.771070480346679688;2.0965256690979003906;23.733423233032226562
15911000;23.757661819458007812;-0.9444026947021484375;23.629785537719726562
15924000;23.68439483642578125;-2.866931915283203125;23.429180145263671875
15936000;23.550235748291015625;-4.2524542808532714844;23.2364501953125
15948000;23.341678619384765625;-6.0860819816589355469;22.960086822509765625
15960000;23.071285247802734375;-6.9757356643676757812;22.649179458618164062
15972000;22.673177719116210938;-6.4360246658325195312;22.320087432861328125
15984000;22.286455154418945312;-5.5835270881652832031;21.9625091552734375
15998000;21.798650741577148438;-7.1919388771057128906;21.560083389282226562
16010000;21.440008163452148438;-6.9530663490295410156;21.145538330078125
16023000;20.920022964477539062;-6.9822583198547363281;20.703722000122070312
16035000;20.444555282592773438;-6.4284114837646484375;20.2473602294921875
16048000;19.974935531616210938;-3.9616894721984863281;19.629785537719726562
16060000;19.410600662231445312;-3.9221324920654296875;19.146150588989257812
16073000;18.934648513793945312;-4.91724395751953125;18.637666702270507812
16085000;18.424295425415039062;-5.3366222381591796875;18.114030838012695312
16098000;17.816396713256835938;-8.8744649887084960938;17.57221221923828125
16111000;17.259996414184570312;-8.72895050048828125;16.8382720947265625
16124000;16.6920318603515625;-5.5987548828125;16.283725738525390625
16136000;16.120271682739257812;-4.9874973297119140625;15.727079391479492188
16148000;15.541373252868652344;-4.711261749267578125;15.167363166809082031
16160000;14.905817031860351562;-5.1179494857788085938;14.607363700866699219
16172000;14.354229927062988281;-5.3907527923583984375;14.047376632690429688
16184000;13.823017120361328125;-6.258617401123046875;13.487969398498535156
16196000;13.265444755554199219;-6.2999691963195800781;12.929787635803222656
16209000;12.727229118347167969;-6.9224238395690917969;12.37160491943359375
16222000;12.166996002197265625;-9.5660915374755859375;11.813422203063964844
16234000;11.619907379150390625;-10.290517807006835938;11.255239486694335938
16246000;11.087381362915039062;-10.592560768127441406;10.699481010437011719
16258000;10.446097373962402344;-10.392469406127929688;10.154026031494140625
16270000;10.01169586181640625;-9.7666187286376953125;9.6267538070678710938
16282000;9.488506317138671875;-6.5953927040100097656;9.1758451461791992188
16294000;9.0334310531616210938;-3.3732309341430664062;8.8467531204223632812
16306000;8.6549272537231445312;6.0397405624389648438;8.7370557785034179688
16319000;8.5553607940673828125;10.673730850219726562;8.7734193801879882812
16331000;8.6582040786743164062;8.1465635299682617188;8.8097829818725585938
16343000;8.8970441818237304688;0.98374032974243164062;8.8097829818725585938
16355000;9.1470937728881835938;-6.5306768417358398438;8.8097829818725585938
16367000;9.3225965499877929688;-11.821789741516113281;8.8097829818725585938
16379000;9.3560228347778320312;-12.857072830200195312;8.8097829818725585938
16391000;9.2787113189697265625;-10.568392753601074219;8.8097829818725585938
16403000;9.1745786666870117188;-7.4696459770202636719;8.8097829818725585938
16415000;9.1161651611328125;-5.736907958984375;8.8097829818725585938
16428000;9.1395654678344726562;-6.7368717193603515625;8.8097829818725585938
16440000;9.2078189849853515625;-9.0027933120727539062;8.8097829818725585938
16452000;9.2835788726806640625;-11.054736137390136719;8.8097829818725585938
16464000;9.31320953369140625;-11.670817375183105469;8.8097829818725585938
16476000;9.2889280319213867188;-10.818258285522460938;8.8097829818725585938
16488000;9.2318048477172851562;-9.0611562728881835938;8.8097829818725585938
16501000;9.176944732666015625;-7.740879058837890625;8.8097829818725585938
16513000;9.171482086181640625;-7.5986642837524414062;8.8097829818725585938
16525000;9.1976146697998046875;-8.4050531387329101562;8.8097829818725585938
16538000;9.2343454360961914062;-9.6697320938110351562;8.8097829818725585938
16550000;9.259105682373046875;-10.304904937744140625;8.8097829818725585938
16564000;9.259220123291015625;-10.270965576171875;8.8097829818725585938
16576000;9.235050201416015625;-9.5977087020874023438;8.8097829818725585938
16592000;9.2190637588500976562;-9.099697113037109375;8.8097829818725585938
16604000;9.2122659683227539062;-9.0053110122680664062;8.8097829818725585938
16616000;9.216548919677734375;-9.1991405487060546875;8.8097829818725585938
16629000;9.2250680923461914062;-9.4607572555541992188;8.8097829818725585938
16642000;9.2284946441650390625;-9.0178985595703125;8.8097829818725585938
16654000;9.2268581390380859375;-7.3718662261962890625;8.8643283843994140625
16667000;9.2347726821899414062;-5.7740292549133300781;8.9237222671508789062
16679000;9.25673675537109375;-4.5403261184692382812;8.986751556396484375
16691000;9.2917156219482421875;-3.4038045406341552734;9.0552387237548828125
16703000;9.3439283370971679688;-2.4003825187683105469;9.1334218978881835938
16715000;9.4122791290283203125;-1.0608415603637695312;9.2352399826049804688
16727000;9.492794036865234375;0.60789537429809570312;9.4170589447021484375
16740000;9.6197309494018554688;1.3832044601440429688;9.5934238433837890625
16752000;9.778438568115234375;3.4658074378967285156;9.8279705047607421875
16765000;10.036617279052734375;5.1847906112670898438;10.11342620849609375
16777000;10.341899871826171875;6.087871551513671875;10.448578834533691406
16789000;10.726193428039550781;6.6407098770141601562;10.851003646850585938
16801000;11.183629035949707031;6.127109527587890625;11.291003227233886719
16814000;11.71329498291015625;5.4308428764343261719;11.738275527954101562
16826000;12.321293830871582031;3.3866834640502929688;12.187367439270019531
16839000;12.840991973876953125;1.4288179874420166016;12.791609764099121094
16851000;13.320351600646972656;-1.2915499210357666016;13.252216339111328125
16863000;13.756711959838867188;0.07484912872314453125;13.736458778381347656
16875000;14.21858978271484375;3.4323484897613525391;14.236458778381347656
16888000;14.689192771911621094;2.4211938381195068359;14.7528228759765625
16901000;15.279370307922363281;2.9205195903778076172;15.280095100402832031
16913000;15.8202362060546875;2.6788232326507568359;15.812823295593261719
16925000;16.351291656494140625;2.8041048049926757812;16.347974777221679688
16937000;16.901641845703125;2.5322763919830322266;16.889186859130859375
16949000;17.44249725341796875;2.6903254985809326172;17.435243606567382812
16962000;17.985441207885742188;5.768672943115234375;17.987970352172851562
16976000;18.61313629150390625;4.0346217155456542969;18.733427047729492188
16989000;19.24025726318359375;4.7342486381530761719;19.300685882568359375
17002000;19.781494140625;9.0692348480224609375;19.873424530029296875
17014000;20.324859619140625;9.3111066818237304688;20.447969436645507812
17026000;20.903032302856445312;9.7535037994384765625;21.02251434326171875
17039000;21.543775558471679688;10.305574417114257812;21.597059249877929688
17051000;22.102108001708984375;10.803442955017089844;22.171604156494140625
17063000;22.621847152709960938;12.462407112121582031;22.937664031982421875
17076000;23.192287445068359375;10.025622367858886719;23.512208938598632812
17089000;23.780420303344726562;12.216094970703125;24.08675384521484375
17101000;24.377458572387695312;11.507045745849609375;24.659479141235351562
17114000;24.870119094848632812;9.591930389404296875;25.159368515014648438
17127000;25.455503463745117188;-0.79452610015869140625;25.139736175537109375
17139000;25.620325088500976562;11.079554557800292969;25.700780868530273438
17151000;25.877386093139648438;-33.947750091552734375;24.712383270263671875
17163000;25.592950820922851562;-8.7232418060302734375;25.202777862548828125
17176000;25.022073745727539062;28.31125640869140625;25.760957717895507812
17188000;24.966772079467773438;-120;21.316961288452148438
17201000;24.623289108276367188;-98.25720977783203125;21.257925033569335938
17213000;23.363292694091796875;-44.213832855224609375;21.804590225219726562
17226000;21.588785171508789062;39.04047393798828125;22.330043792724609375
17238000;20.769496917724609375;-22.091907501220703125;19.793066024780273438
17251000;19.564983367919921875;25.9283294677734375;20.22821807861328125
17263000;18.84816741943359375;56.146816253662109375;20.634883880615234375
17275000;19.671953201293945312;4.8906445503234863281;19.747739791870117188
17287000;19.0194244384765625;24.508958816528320312;19.747739791870117188
17299000;19.424732208251953125;12.380197525024414062;19.747739791870117188
17311000;19.2991180419921875;16.16800689697265625;19.747739791870117188
17324000;19.4422454833984375;10.88610076904296875;19.747739791870117188
17336000;19.421854019165039062;10.5083160400390625;19.747739791870117188
17350000;19.842380523681640625;-0.89035558700561523438;19.747739791870117188
17362000;19.782110214233398438;2.6606373786926269531;19.747739791870117188
17374000;19.713544845581054688;4.0504665374755859375;19.747739791870117188
17386000;19.629650115966796875;6.5659489631652832031;19.747739791870117188
17398000;19.712253570556640625;3.1780862808227539062;19.747739791870117188
17410000;19.783369064331054688;1.4376919269561767578;19.747739791870117188
17422000;19.848760604858398438;-0.55929017066955566406;19.747739791870117188
17434000;19.873361587524414062;-0.94551801681518554688;19.747739791870117188
17447000;19.792118072509765625;1.4175827503204345703;19.747739791870117188
17459000;19.667520523071289062;5.1567201614379882812;19.747739791870117188
17472000;19.61157989501953125;6.80466461181640625;19.747739791870117188
17484000;19.658102035522460938;5.0948891639709472656;19.747739791870117188
17497000;19.74721527099609375;2.7832498550415039062;19.747739791870117188
17509000;19.773138046264648438;2.0045206546783447266;19.747739791870117188
17522000;19.777347564697265625;1.8492543697357177734;19.747739791870117188
17535000;19.780347824096679688;1.78440093994140625;19.747739791870117188
17547000;19.7671356201171875;2.1791396141052246094;19.747739791870117188
17559000;19.745828628540039062;2.8178727626800537109;19.747739791870117188
17571000;19.73651885986328125;3.0976157188415527344;19.747739791870117188
17583000;19.749776840209960938;2.7002506256103515625;19.747739791870117188
17596000;19.764524459838867188;2.2437236309051513672;19.747739791870117188
17608000;19.76670074462890625;2.1905586719512939453;19.747739791870117188
17622000;19.753368377685546875;2.6584534645080566406;19.747739791870117188
17634000;19.738277435302734375;3.1054773330688476562;19.747739791870117188
17647000;19.724735260009765625;3.4501047134399414062;19.747739791870117188
17659000;19.731626510620117188;1.1156332492828369141;19.676832199096679688
17672000;19.736825942993164062;-1.3600287437438964844;19.597436904907226562
17684000;19.721485137939453125;-3.4153623580932617188;19.50894927978515625
17696000;19.67060089111328125;-4.8885335922241210938;19.406522750854492188
17708000;19.603448867797851562;-6.5898799896240234375;19.28106689453125
17721000;19.485866546630859375;-8.6374006271362304688;19.108341217041015625
17733000;19.344051361083984375;-11.227800369262695312;18.881067276000976562
17745000;19.124980926513671875;-12.303867340087890625;18.627134323120117188
17757000;18.835819244384765625;-12.260575294494628906;18.34046173095703125
17769000;18.489252090454101562;-10.911608695983886719;18.03985595703125
17781000;18.121898651123046875;-9.1907520294189453125;17.730762481689453125
17793000;17.75566864013671875;-7.7182989120483398438;17.414396286010742188
17805000;17.408906936645507812;-6.882007598876953125;17.096216201782226562
17818000;17.08458709716796875;-8.3820791244506835938;16.778039932250976562
17830000;16.77862548828125;-8.91231536865234375;16.4562225341796875
17842000;16.461666107177734375;-9.8519544601440429688;16.120454788208007812
17854000;16.135690689086914062;-11.0151519775390625;15.760455131530761719
17866000;15.78974151611328125;-12.630145072937011719;15.375000953674316406
17878000;15.344344139099121094;-14.035723686218261719;14.942274093627929688
17890000;14.978566169738769531;-14.584873199462890625;14.491364479064941406
17902000;14.420496940612792969;-14.364634513854980469;14.022879600524902344
17914000;13.984859466552734375;-12.774102210998535156;13.548334121704101562
17927000;13.34889984130859375;-10.580950736999511719;13.070151329040527344
17939000;12.841717720031738281;-8.2233066558837890625;12.624695777893066406
17952000;12.372748374938964844;-3.8190529346466064453;12.101059913635253906
17965000;11.934793472290039062;2.6507496833801269531;11.9501495361328125
17977000;11.730433464050292969;8.7895526885986328125;11.9501495361328125
17989000;11.719495773315429688;9.1322422027587890625;11.9501495361328125
18001000;11.865458488464355469;4.7634634971618652344;11.9501495361328125
18013000;12.083321571350097656;-1.7737562656402587891;11.9501495361328125
18025000;12.270947456359863281;-7.4164876937866210938;11.9501495361328125
18037000;12.351284980773925781;-9.8488664627075195312;11.9501495361328125
18049000;12.317509651184082031;-8.8590993881225585938;11.9501495361328125
18063000;12.20340728759765625;-5.45800018310546875;11.9501495361328125
18076000;12.115476608276367188;-2.8324360847473144531;11.9501495361328125
18088000;12.096358299255371094;-2.4266436100006103516;11.9501495361328125
18101000;12.154480934143066406;-4.0235381126403808594;11.9501495361328125
18114000;12.229875564575195312;-6.6031093597412109375;11.9501495361328125
18126000;12.280194282531738281;-7.8663177490234375;11.9501495361328125
18139000;12.269155502319335938;-7.5198078155517578125;11.9501495361328125
18151000;12.22202301025390625;-6.1236858367919921875;11.9501495361328125
18164000;12.172937393188476562;-4.50060272216796875;11.9501495361328125
18176000;12.153585433959960938;-4.0965013504028320312;11.9501495361328125
18189000;12.16931915283203125;-4.5845665931701660156;11.9501495361328125
18201000;12.197556495666503906;-5.4455971717834472656;11.9501495361328125
18213000;12.2205352783203125;-6.1504902839660644531;11.9501495361328125
18225000;12.229244232177734375;-6.4282770156860351562;11.9501495361328125
18237000;12.218753814697265625;-6.1300311088562011719;11.9501495361328125
18249000;12.203089714050292969;-5.6757750511169433594;11.9501495361328125
18262000;12.187174797058105469;-5.215389251708984375;11.9501495361328125
18275000;12.185566902160644531;-6.7820291519165039062;11.923441886901855469
18288000;12.185900688171386719;-9.4591808319091796875;11.806512832641601562
18300000;12.161580085754394531;-12.668926239013671875;11.670754432678222656
18312000;12.104353904724121094;-16.344530105590820312;11.485303878784179688
18324000;11.967233657836914062;-19.355804443359375;11.26348114013671875
18336000;11.756438255310058594;-21.205389022827148438;10.992570877075195312
18348000;11.400630950927734375;-19.613473892211914062;10.691358566284179688
18360000;11.069944381713867188;-16.918359756469726562;10.370756149291992188
18373000;10.493307113647460938;-12.160229682922363281;10.034997940063476562
18386000;10.100815773010253906;-12.4342193603515625;9.6859073638916015625
18399000;9.6411199569702148438;-11.833548545837402344;9.3222713470458984375
18411000;9.3438739776611328125;-14.343420028686523438;8.9422702789306640625
18423000;9.0169954299926757812;-15.688244819641113281;8.3919658660888671875
18435000;8.6613588333129882812;-17.714311599731445312;7.9440865516662597656
18448000;8.0755300521850585938;-17.010547637939453125;7.462268829345703125
18461000;7.5237383842468261719;-17.739713668823242188;6.9616632461547851562
18474000;6.91522216796875;-15.553042411804199219;6.4380273818969726562
18487000;6.2568783760070800781;-14.867406845092773438;5.8995757102966308594
18499000;5.7109832763671875;-14.828782081604003906;5.356212615966796875
18511000;5.2051215171813964844;-16.101696014404296875;4.8101525306701660156
18523000;4.685016632080078125;-14.346791267395019531;4.0695471763610839844
18535000;4.08989715576171875;-16.420591354370117188;3.5040924549102783203
18547000;3.5034887790679931641;-13.281524658203125;2.9192438125610351562
18561000;2.7955915927886962891;-13.278720855712890625;2.3168194293975830078
18574000;2.1812300682067871094;-16.619512557983398438;1.6950011253356933594
18587000;1.4429296255111694336;-16.696125030517578125;1.0659101009368896484
18599000;0.78720414638519287109;-16.256547927856445312;0.42591002583503723145
18611000;0.11226119101047515869;-15.347637176513671875;-0.21651425957679748535
18623000;-0.56566977500915527344;-10.923617362976074219;-1.0746961832046508789
18635000;-1.2335942983627319336;-10.539015769958496094;-1.7207568883895874023
18648000;-1.9935666322708129883;-10.494410514831542969;-2.3722717761993408203
18660000;-2.6347749233245849609;-11.284818649291992188;-3.0389385223388671875
18673000;-3.3054761886596679688;-11.591848373413085938;-3.7189388275146484375
18685000;-3.9843342304229736328;-12.091229438781738281;-4.4134836196899414062
18698000;-4.6885085105895996094;-15.530063629150390625;-5.1153011322021484375
18711000;-5.5212559700012207031;-15.228281974792480469;-5.8183317184448242188
18723000;-6.2365021705627441406;-11.436797142028808594;-6.7568693161010742188
18735000;-6.9323239326477050781;-11.816831588745117188;-7.4601507186889648438
18748000;-7.7197861671447753906;-12.689459800720214844;-8.163787841796875
18762000;-8.3802804946899414062;-14.015077590942382812;-8.8674249649047851562
18774000;-9.04207611083984375;-19.00673675537109375;-9.5710620880126953125
18787000;-9.8262968063354492188;-19.966098785400390625;-10.274699211120605469
18799000;-10.512612342834472656;-20.469068527221679688;-10.977123260498046875
18811000;-11.1981658935546875;-20.996135711669921875;-11.678940773010253906
18823000;-11.896177291870117188;-21.149759292602539062;-12.614697456359863281
18836000;-12.575435638427734375;-18.296205520629882812;-13.316514968872070312
18848000;-13.280976295471191406;-18.432033538818359375;-14.018332481384277344
18860000;-14.082634925842285156;-18.859869003295898438;-14.720506668090820312
18874000;-14.772348403930664062;-22.945020675659179688;-15.421967506408691406
18886000;-15.450543403625488281;-23.622957229614257812;-16.123785018920898438
18898000;-16.136575698852539062;-24.051164627075195312;-16.824392318725585938
18910000;-16.830018997192382812;-24.23499298095703125;-17.521966934204101562
18922000;-17.621782302856445312;-24.810987472534179688;-18.218328475952148438
18935000;-18.291524887084960938;-25.656965255737304688;-19.14681243896484375
18947000;-18.96941375732421875;-26.223146438598632812;-19.841962814331054688
18959000;-19.628358840942382812;-27.286441802978515625;-20.53469085693359375
18972000;-20.398672103881835938;-24.582712173461914062;-21.212873458862304688
18984000;-21.039022445678710938;-24.787958145141601562;-21.858325958251953125
18996000;-21.664251327514648438;-25.192770004272460938;-22.495296478271484375
19008000;-22.258256912231445312;-26.299375534057617188;-23.124387741088867188
19021000;-22.815877914428710938;-28.245958328247070312;-23.7449951171875
19033000;-23.36959075927734375;-30.240436553955078125;-24.363176345825195312
19045000;-23.906805038452148438;-32.734588623046875;-24.981357574462890625
19057000;-24.44666290283203125;-35.15415191650390625;-25.599538803100585938
19069000;-24.994220733642578125;-40.60526275634765625;-26.21772003173828125
19083000;-25.6551666259765625;-39.5849761962890625;-27.041961669921875
19095000;-26.196741104125976562;-42.516132354736328125;-27.660142898559570312
19107000;-26.709882736206054688;-45.707988739013671875;-28.280748367309570312
19120000;-27.268848419189453125;-43.214935302734375;-28.851367950439453125
19132000;-27.941936492919921875;-31.958570480346679688;-28.971220016479492188
19144000;-28.324811935424804688;-40.371631622314453125;-29.638490676879882812
19156000;-28.481983184814453125;-29.1027984619140625;-29.861255645751953125
19169000;-28.723796844482421875;19.00164794921875;-28.049617767333984375
19182000;-27.99233245849609375;-44.74297332763671875;-28.748403549194335938
19194000;-26.414735794067382812;-53.615447998046875;-29.452396392822265625
19207000;-25.684869766235351562;120;-20.769948959350585938
19219000;-24.432237625122070312;80.844573974609375;-21.471769332885742188
19231000;-22.445117950439453125;0.30354189872741699219;-22.172376632690429688
19243000;-20.760049819946289062;-31.5989990234375;-22.872377395629882812
19255000;-20.338994979858398438;0.90745711326599121094;-20.044855117797851562
19268000;-20.03636932373046875;-43.529544830322265625;-20.976976394653320312
19281000;-19.760211944580078125;-58.489223480224609375;-21.67455291748046875
19293000;-19.946018218994140625;-23.5337066650390625;-20.691396713256835938
19305000;-20.985563278198242188;-13.057360649108886719;-21.38048553466796875
19317000;-21.074708938598632812;-30.321271896362304688;-22.044122695922851562
19329000;-22.161588668823242188;-25.551197052001953125;-22.676242828369140625
19341000;-22.30921173095703125;-24.38524627685546875;-23.078062057495117188
19353000;-23.143499374389648438;-1.0393124818801879883;-23.274427413940429688
19365000;-24.024387359619140625;21.753879547119140625;-23.274427413940429688
19378000;-23.787065505981445312;17.130519866943359375;-23.176242828369140625
19390000;-23.348760604858398438;-0.65139079093933105469;-23.176242828369140625
19402000;-22.747537612915039062;-15.973850250244140625;-23.176242828369140625
19414000;-22.505174636840820312;-21.756986618041992188;-23.176242828369140625
19426000;-22.644710540771484375;-17.29923248291015625;-23.176242828369140625
19438000;-22.834199905395507812;-11.640878677368164062;-23.176242828369140625
19450000;-23.068233489990234375;-4.63173675537109375;-23.176242828369140625
19463000;-23.1009521484375;-3.6541690826416015625;-23.176242828369140625
19475000;-22.881977081298828125;-10.233530998229980469;-23.176242828369140625
19488000;-22.642465591430664062;-18.674991607666015625;-23.176242828369140625
19500000;-22.56884002685546875;-19.082683563232421875;-23.176242828369140625
19512000;-22.733720779418945312;-13.622972488403320312;-23.176242828369140625
19525000;-22.942029953002929688;-8.5487127304077148438;-23.176242828369140625
19538000;-22.982652664184570312;-7.3420758247375488281;-23.176242828369140625
19550000;-22.904478073120117188;-10.159542083740234375;-23.176242828369140625
19562000;-22.847137451171875;-11.988644599914550781;-23.176242828369140625
19575000;-22.78646087646484375;-13.285767555236816406;-23.176242828369140625
19587000;-22.821546554565429688;-12.255779266357421875;-23.176242828369140625
19600000;-22.902164459228515625;-9.5063629150390625;-23.176242828369140625
19612000;-22.956254959106445312;-8.227802276611328125;-23.176242828369140625
19625000;-22.921276092529296875;-9.31359100341796875;-23.176242828369140625
19638000;-22.860780715942382812;-11.336945533752441406;-23.176242828369140625
19651000;-22.836164474487304688;-11.9073638916015625;-23.176242828369140625
19663000;-22.856533050537109375;-11.316162109375;-23.176242828369140625
19675000;-22.88995361328125;-10.260880470275878906;-23.176242828369140625
19688000;-22.910076141357421875;-9.7596254348754882812;-23.176242828369140625
19700000;-22.902301788330078125;-10.1045379638671875;-23.176242828369140625
19712000;-22.880395889282226562;-10.772491455078125;-23.176242828369140625
19726000;-22.865665435791015625;-11.13459014892578125;-23.176242828369140625
19740000;-22.8788299560546875;-10.71373748779296875;-23.176242828369140625
19752000;-22.890493392944335938;-10.428590774536132812;-23.176242828369140625
19765000;-22.889142990112304688;-10.485978126525878906;-23.176242828369140625
19777000;-22.884937286376953125;-10.629467010498046875;-23.176242828369140625
19789000;-22.885040283203125;-10.643839836120605469;-23.176242828369140625
19802000;-22.887968063354492188;-10.576250076293945312;-23.176242828369140625
19814000;-22.886928558349609375;-10.624776840209960938;-23.176242828369140625
19827000;-22.881134033203125;-10.816091537475585938;-23.176242828369140625
19839000;-22.877344131469726562;-10.947625160217285156;-23.176242828369140625
19851000;-22.8776397705078125;-10.956676483154296875;-23.176242828369140625
19863000;-22.881229400634765625;-10.866800308227539062;-23.176242828369140625
19875000;-22.882877349853515625;-10.834944725036621094;-23.176242828369140625
19887000;-22.881311416625976562;-10.899464607238769531;-23.176242828369140625
19899000;-22.879575729370117188;-10.969217300415039062;-23.176242828369140625
19911000;-22.880908966064453125;-10.092198371887207031;-23.14775848388671875
19924000;-22.88089752197265625;-7.5793056488037109375;-23.062305450439453125
19937000;-22.847089767456054688;-4.1472263336181640625;-22.91503143310546875
19950000;-22.784795761108398438;2.0911951065063476562;-22.708362579345703125
19962000;-22.63928985595703125;6.4873247146606445312;-22.445331573486328125
19975000;-22.337223052978515625;4.9002361297607421875;-22.04290771484375
19988000;-21.90369415283203125;4.9632496833801269531;-21.669584274291992188
20001000;-21.432073593139648438;5.0670771598815917969;-21.261098861694335938
20013000;-20.9675750732421875;2.1414575576782226562;-20.828371047973632812
20026000;-20.489599227905273438;5.8722047805786132812;-20.32836151123046875
20038000;-19.925176620483398438;7.5713276863098144531;-19.786540985107421875
20050000;-19.361505508422851562;7.5869126319885253906;-19.230175018310546875
20062000;-18.76666259765625;7.7038021087646484375;-18.643507003784179688
20075000;-18.099254608154296875;5.932483673095703125;-18.040475845336914062
20087000;-17.446109771728515625;4.8041601181030273438;-17.427747726440429688
20100000;-16.778774261474609375;0.16116118431091308594;-16.59865570068359375
20112000;-16.133916854858398438;-0.19517445564270019531;-15.971182823181152344
20124000;-15.405008316040039062;0.44991636276245117188;-15.325931549072265625
20137000;-14.76788330078125;4.961887359619140625;-14.655022621154785156
20150000;-13.999216079711914062;5.9166059494018554688;-13.969567298889160156
20163000;-13.305554389953613281;6.1919751167297363281;-13.036232948303222656
20176000;-12.592234611511230469;2.5405724048614501953;-12.324128150939941406
20188000;-11.860365867614746094;2.1380810737609863281;-11.60532379150390625
20200000;-11.127123832702636719;2.0232439041137695312;-10.872211456298828125
20212000;-10.379694938659667969;1.8924109935760498047;-10.12895965576171875
20224000;-9.6254520416259765625;1.6844846010208129883;-9.3816862106323242188
20236000;-8.7472848892211914062;1.6059160232543945312;-8.63320159912109375
20248000;-7.993747711181640625;1.4466384649276733398;-7.8853235244750976562
20260000;-7.3620629310607910156;1.1228306293487548828;-7.1386566162109375
20273000;-6.4856381416320800781;0.93172407150268554688;-6.39501953125
20285000;-5.7512621879577636719;1.1097532510757446289;-5.6550188064575195312
20298000;-5.0305256843566894531;5.437374114990234375;-4.9150180816650390625
20310000;-4.3025841712951660156;5.7905368804931640625;-4.1762294769287109375
20322000;-3.4593336582183837891;6.1138024330139160156;-3.4416840076446533203
20335000;-2.7500793933868408203;5.8483266830444335938;-2.4974415302276611328
20348000;-1.9168049097061157227;0.097738742828369140625;-1.8562293052673339844
20360000;-1.2779427766799926758;-2.5723552703857421875;-1.3065322637557983398
20373000;-0.69147455692291259766;-7.8992695808410644531;-0.89744138717651367188
20385000;-0.29859715700149536133;-15.94263458251953125;-0.77198678255081176758
20397000;-0.094242073595523834229;-22.10913848876953125;-0.77198678255081176758
20409000;-0.24295572936534881592;-17.68531036376953125;-0.77198678255081176758
20421000;-0.55105340480804443359;-8.4658451080322265625;-0.77198678255081176758
20433000;-0.90629118680953979492;2.1898849010467529297;-0.77198678255081176758
20445000;-1.127801060676574707;8.849925994873046875;-0.77198678255081176758
20457000;-1.1522165536880493164;9.6060838699340820312;-0.77198678255081176758
20469000;-1.0460295677185058594;6.4402027130126953125;-0.77198678255081176758
20481000;-0.91275167465209960938;2.4543933868408203125;-0.77198678255081176758
20493000;-0.83583492040634155273;0.15243506431579589844;-0.77198678255081176758
20505000;-0.86550021171569824219;1.0466798543930053711;-0.77198678255081176758
20518000;-0.97021120786666870117;4.1979594230651855469;-0.77198678255081176758
20531000;-1.0391168594360351562;6.279323577880859375;-0.77198678255081176758
20543000;-1.0551702976226806641;6.7777743339538574219;-0.77198678255081176758
20555000;-1.0162371397018432617;5.6257252693176269531;-0.77198678255081176758
20568000;-0.95656895637512207031;3.5775785446166992188;-0.77198678255081176758
20581000;-0.91535228490829467773;2.6232888698577880859;-0.77198678255081176758
20593000;-0.92598104476928710938;1.9503597021102905273;-0.80532014369964599609
20605000;-0.96197569370269775391;-0.45626759529113769531;-0.92168384790420532227
20617000;-1.0255781412124633789;-3.0258531570434570312;-1.0709042549133300781
20629000;-1.1337671279907226562;-5.7816858291625976562;-1.2707306146621704102
20641000;-1.2874648571014404297;-8.0008325576782226562;-1.4980033636093139648
20653000;-1.5303823947906494141;-8.5280809402465820312;-1.7580034732818603516
20665000;-1.8595060110092163086;-7.7772278785705566406;-2.0616397857666015625
20677000;-2.2452421188354492188;-7.3642950057983398438;-2.4331548213958740234
20689000;-2.6634910106658935547;-6.7749466896057128906;-2.83133697509765625
20701000;-3.1112384796142578125;-7.5378665924072265625;-3.3040645122528076172
20713000;-3.6356389522552490234;-7.0922641754150390625;-3.8131554126739501953
20726000;-4.1940770149230957031;-8.1641569137573242188;-4.33435821533203125
20738000;-4.8007555007934570312;-5.8583760261535644531;-4.8634486198425292969
20751000;-5.5064382553100585938;-3.8115191459655761719;-5.396175384521484375
20763000;-6.0759344100952148438;-2.7084887027740478516;-5.9289021492004394531
20776000;-6.5935268402099609375;-0.72195065021514892578;-6.6410226821899414062
20789000;-7.1707644462585449219;-2.0467443466186523438;-7.1792039871215820312
20801000;-7.6662240028381347656;-3.9336936473846435547;-7.7373852729797363281
20813000;-8.18053436279296875;-5.5129542350769042969;-8.3040513992309570312
20825000;-8.7298412322998046875;-9.3442010879516601562;-8.8834466934204101562
20838000;-9.4071397781372070312;-9.5406017303466796875;-9.468296051025390625
20850000;-10.007642745971679688;-9.1923074722290039062;-10.056174278259277344
20863000;-10.598845481872558594;-9.1587390899658203125;-10.645266532897949219
20876000;-11.181057929992675781;-6.52365875244140625;-11.433144569396972656
20888000;-11.753217697143554688;-7.500812530517578125;-12.031327247619628906
20900000;-12.315435409545898438;-9.1159772872924804688;-12.65314483642578125
20912000;-12.906696319580078125;-10.720713615417480469;-13.300417900085449219
20925000;-13.64006805419921875;-11.806551933288574219;-13.968902587890625
20937000;-14.316271781921386719;-11.816334724426269531;-14.644659996032714844
20949000;-15.013143539428710938;-11.387587547302246094;-15.326478958129882812
20961000;-15.723478317260742188;-10.553487777709960938;-16.008296966552734375
20973000;-16.426265716552734375;-9.944080352783203125;-16.690113067626953125
20985000;-17.098644256591796875;-10.100682258605957031;-17.3670654296875
20997000;-17.756750106811523438;-10.250197410583496094;-18.029506683349609375
21009000;-18.388940811157226562;-10.795657157897949219;-18.679204940795898438
21021000;-19.010540008544921875;-11.259523391723632812;-19.315570831298828125
21033000;-19.59722900390625;-15.601514816284179688;-19.939205169677734375
21045000;-20.177700042724609375;-17.092969894409179688;-20.561025619506835938
21057000;-20.733125686645507812;-15.711711883544921875;-21.184055328369140625
21070000;-21.404781341552734375;-20.490159988403320312;-21.80646514892578125
21083000;-22.0001983642578125;-21.06188201904296875;-22.627084732055664062
21095000;-22.595806121826171875;-21.246675491333007812;-23.033143997192382812
21107000;-23.16606903076171875;-20.409976959228515625;-23.616781234741210938
21120000;-23.685451507568359375;-16.219285964965820312;-24.225267410278320312
21132000;-24.148080825805664062;-12.884623527526855469;-24.497997283935546875
21144000;-24.376180648803710938;-9.332794189453125;-24.607141494750976562
21157000;-24.398929595947265625;-10.095345497131347656;-24.643451690673828125
21169000;-24.2799072265625;-14.194788932800292969;-24.643451690673828125
21182000;-24.092924118041992188;-18.984050750732421875;-24.643451690673828125
21194000;-24.01287841796875;-21.548816680908203125;-24.643451690673828125
21206000;-24.019062042236328125;-20.92751312255859375;-24.643451690673828125
21218000;-24.107522964477539062;-18.65477752685546875;-24.643451690673828125
21231000;-24.165157318115234375;-16.9559173583984375;-24.643451690673828125
21243000;-24.156970977783203125;-17.230119705200195312;-24.643451690673828125
21256000;-24.112833023071289062;-18.889148712158203125;-24.643451690673828125
21268000;-24.074914932250976562;-19.838857650756835938;-24.643451690673828125
21280000;-24.078113555908203125;-19.597101211547851562;-24.643451690673828125
21294000;-24.11534881591796875;-18.62038421630859375;-24.643451690673828125
21306000;-24.130596160888671875;-18.181072235107421875;-24.643451690673828125
21318000;-24.1236114501953125;-18.517816543579101562;-24.643451690673828125
21331000;-24.10614013671875;-18.99048614501953125;-24.643451690673828125
21343000;-24.10305023193359375;-19.11562347412109375;-24.643451690673828125
21356000;-24.111459732055664062;-18.893846511840820312;-24.643451690673828125
21368000;-24.11553955078125;-18.798734664916992188;-24.643451690673828125
21380000;-24.114170074462890625;-18.853197097778320312;-24.643451690673828125
21392000;-24.113084793090820312;-18.891498565673828125;-24.643451690673828125
21404000;-24.113851547241210938;-18.900053024291992188;-24.643451690673828125
21416000;-24.118474960327148438;-18.848905563354492188;-24.643451690673828125
21429000;-24.116708755493164062;-18.9334716796875;-24.643451690673828125
21441000;-24.115907669067382812;-18.989187240600585938;-24.643451690673828125
21453000;-24.114618301391601562;-19.05960845947265625;-24.643451690673828125
21465000;-24.116647720336914062;-19.03038787841796875;-24.643451690673828125
21477000;-24.11785888671875;-19.025604248046875;-24.643451690673828125
21489000;-24.117124557495117188;-19.07918548583984375;-24.643451690673828125
21501000;-24.11803436279296875;-19.083429336547851562;-24.643451690673828125
21514000;-24.119510650634765625;-20.727603912353515625;-24.671331405639648438
21526000;-24.126401901245117188;-23.761455535888671875;-24.754970550537109375
21538000;-24.149234771728515625;-28.512790679931640625;-24.905878067016601562
21550000;-24.22662353515625;-33.663280487060546875;-25.165876388549804688
21562000;-24.424251556396484375;-37.8423309326171875;-25.462240219116210938
21575000;-24.72841644287109375;-40.46006011962890625;-25.82648468017578125
21587000;-25.17345428466796875;-40.30767822265625;-26.239820480346679688
21599000;-25.668741226196289062;-39.62834930419921875;-26.701641082763671875
21611000;-26.172273635864257812;-39.5000152587890625;-27.188913345336914062
21623000;-26.64325714111328125;-40.931610107421875;-27.877397537231445312
21636000;-27.132223129272460938;-39.47802734375;-28.401033401489257812
21648000;-27.7349395751953125;-39.81295013427734375;-28.926488876342773438
21660000;-28.160894393920898438;-37.143886566162109375;-29.342412948608398438
21672000;-28.679704666137695312;-31.633007049560546875;-29.594171524047851562
21685000;-28.941473007202148438;-32.784709930419921875;-29.923076629638671875
21697000;-29.062440872192382812;-21.946935653686523438;-29.650569915771484375
21709000;-28.983915328979492188;-41.94704437255859375;-30.242361068725585938
21721000;-28.850122451782226562;-1.2848968505859375;-29.060449600219726562
21733000;-28.750093460083007812;-11.646283149719238281;-28.991735458374023438
21745000;-27.8350982666015625;-60.087917327880859375;-29.689310073852539062
21757000;-27.261640548706054688;120;-24.652875900268554688
21769000;-27.2639923095703125;120;-22.286794662475585938
21782000;-25.85858154296875;84.17615509033203125;-22.415884017944335938
21794000;-24.423608779907226562;48.419178009033203125;-22.337703704833984375
21808000;-21.37665557861328125;-31.831756591796875;-22.311643600463867188
21821000;-20.800289154052734375;-48.4881439208984375;-22.287874221801757812
21833000;-21.301910400390625;-33.5200347900390625;-22.287874221801757812
21845000;-22.052656173706054688;-11.032024383544921875;-22.287874221801757812
21857000;-22.624406814575195312;6.1307497024536132812;-22.287874221801757812
21870000;-22.764659881591796875;10.367557525634765625;-22.287874221801757812
21883000;-22.405809402465820312;-0.37860918045043945312;-22.287874221801757812
21895000;-22.022779464721679688;-11.874203681945800781;-22.287874221801757812
21908000;-21.843400955200195312;-17.351514816284179688;-22.287874221801757812
21920000;-21.97504425048828125;-11.93573760986328125;-22.287874221801757812
21932000;-22.293504714965820312;-2.0999171733856201172;-22.287874221801757812
21944000;-22.56191253662109375;4.2548160552978515625;-22.287874221801757812
21957000;-22.476350784301757812;1.7024443149566650391;-22.287874221801757812
21969000;-22.259151458740234375;-4.8078289031982421875;-22.287874221801757812
21982000;-22.13745880126953125;-8.8220500946044921875;-22.287874221801757812
21994000;-22.1082916259765625;-8.948375701904296875;-22.287874221801757812
22007000;-22.24929046630859375;-5.128147125244140625;-22.287874221801757812
22021000;-22.37552642822265625;-1.3391473293304443359;-22.287874221801757812
22034000;-22.393260955810546875;-1.1019613742828369141;-22.287874221801757812
22046000;-22.319637298583984375;-3.4882478713989257812;-22.287874221801757812
22058000;-22.233961105346679688;-5.9586238861083984375;-22.287874221801757812
22070000;-22.2122955322265625;-6.1501483917236328125;-22.287874221801757812
22082000;-22.2499542236328125;-4.8269276618957519531;-22.287874221801757812
22094000;-22.300207138061523438;-3.4106850624084472656;-22.287874221801757812
22107000;-22.319576263427734375;-3.0145261287689208984;-22.287874221801757812
22120000;-22.301794052124023438;-3.6941497325897216797;-22.287874221801757812
22132000;-22.266483306884765625;-4.6061840057373046875;-22.287874221801757812
22144000;-22.252132415771484375;-5.038593292236328125;-22.287874221801757812
22157000;-22.264614105224609375;-4.5525369644165039062;-22.287874221801757812
22169000;-22.281324386596679688;-4.1654386520385742188;-22.287874221801757812
22182000;-22.28691864013671875;-4.0050458908081054688;-22.287874221801757812
22194000;-22.280437469482421875;-4.1744852066040039062;-22.287874221801757812
22207000;-22.2785186767578125;-4.2504868507385253906;-22.287874221801757812
22219000;-22.27881622314453125;-4.2422304153442382812;-22.287874221801757812
22231000;-22.277460098266601562;-4.2835597991943359375;-22.287874221801757812
22243000;-22.275285720825195312;-4.3495082855224609375;-22.287874221801757812
22255000;-22.273744583129882812;-4.4834218025207519531;-22.287874221801757812
22267000;-22.274374008178710938;-2.2648105621337890625;-22.216966629028320312
22280000;-22.27199554443359375;0.40978288650512695312;-22.120603561401367188
22292000;-22.238977432250976562;3.9711277484893798828;-21.9630279541015625
22304000;-22.172046661376953125;7.6670527458190917969;-21.76787567138671875
22316000;-21.987447738647460938;9.3375072479248046875;-21.546054840087890625
22328000;-21.713479995727539062;9.4372348785400390625;-21.26969146728515625
22340000;-21.386783599853515625;9.8110570907592773438;-20.931507110595703125
22352000;-21.00384521484375;9.1508684158325195312;-20.571514129638671875
22364000;-20.613092422485351562;10.03874969482421875;-20.152111053466796875
22376000;-20.193784713745117188;11.19951629638671875;-19.695140838623046875
22390000;-19.727626800537109375;14.014102935791015625;-19.2115020751953125
22403000;-19.100416183471679688;13.05106353759765625;-18.711503982543945312
22415000;-18.530778884887695312;11.20952606201171875;-18.035142898559570312
22427000;-17.95165252685546875;6.4100656509399414062;-17.527883529663085938
22439000;-17.415187835693359375;5.9326605796813964844;-17.013338088989257812
22451000;-16.88764190673828125;5.819194793701171875;-16.491506576538085938
22463000;-16.375408172607421875;6.4950895309448242188;-15.959384918212890625
22475000;-15.863597869873046875;7.6422777175903320312;-15.404839515686035156
22488000;-15.325964927673339844;8.612033843994140625;-14.832112312316894531
22500000;-14.75582122802734375;9.30257415771484375;-14.23029327392578125
22512000;-14.145497322082519531;9.7788362503051757812;-13.599362373352050781
22525000;-13.385893821716308594;9.27518463134765625;-12.962414741516113281
22537000;-12.708954811096191406;8.2854776382446289062;-12.319384574890136719
22550000;-12.034839630126953125;10.890822410583496094;-11.666656494140625
22564000;-11.145635604858398438;7.4633207321166992188;-10.785443305969238281
22577000;-10.468466758728027344;7.1182203292846679688;-10.120595932006835938
22589000;-9.805103302001953125;7.2597532272338867188;-9.4533214569091796875
22601000;-9.1271696090698242188;7.1825265884399414062;-8.7787761688232421875
22613000;-8.4585323333740234375;7.4570517539978027344;-8.1018056869506835938
22626000;-7.78534698486328125;11.04638671875;-7.4236245155334472656
22638000;-7.1029262542724609375;10.795428276062011719;-6.747867584228515625
22650000;-6.4152679443359375;10.287491798400878906;-6.0787787437438964844
22662000;-5.7431368827819824219;10.142691612243652344;-5.4133229255676269531
22674000;-5.0890760421752929688;10.562921524047851562;-4.7478690147399902344
22686000;-4.4351091384887695312;10.965342521667480469;-4.0812025070190429688
22698000;-3.6881608963012695312;11.938969612121582031;-3.4115054607391357422
22710000;-3.0304844379425048828;12.399381637573242188;-2.739990234375
22723000;-2.3887867927551269531;13.395211219787597656;-2.0666568279266357422
22736000;-1.7119884490966796875;9.9971790313720703125;-1.1678845882415771484
22748000;-1.0348427295684814453;9.7610683441162109375;-0.4951572418212890625
22760000;-0.33821570873260498047;9.2791347503662109375;0.17758573591709136963
22772000;0.33179751038551330566;9.306331634521484375;0.85031306743621826172
22784000;1.1265124082565307617;8.7370862960815429688;1.5133434534072875977
22796000;1.7831635475158691406;7.899623870849609375;2.1412222385406494141
22808000;2.4332768917083740234;6.5101308822631835938;2.7442526817321777344
22820000;3.0429134368896484375;5.7505764961242675781;3.3278892040252685547
22833000;3.5990955829620361328;4.4647703170776367188;3.8406167030334472656
22846000;4.09255218505859375;3.0720119476318359375;4.2333440780639648438
22858000;4.4752101898193359375;-0.62882733345031738281;4.5218286514282226562
22870000;4.7581877708435058594;-7.490451812744140625;4.600616455078125
22882000;4.7821493148803710938;-8.22027587890625;4.600616455078125
22895000;4.6483640670776367188;-3.2039427757263183594;4.600616455078125
22908000;4.3908624649047851562;3.5163025856018066406;4.600616455078125
22920000;4.2036008834838867188;9.1527423858642578125;4.600616455078125
22933000;4.1265816688537597656;11.490015029907226562;4.600616455078125
22945000;4.1580524444580078125;10.573679924011230469;4.600616455078125
22958000;4.2465453147888183594;7.4107494354248046875;4.600616455078125
22970000;4.331157684326171875;5.4259142875671386719;4.600616455078125
22983000;4.3359422683715820312;5.4706511497497558594;4.600616455078125
22996000;4.2760334014892578125;7.1157031059265136719;4.600616455078125
23008000;4.2121219635009765625;9.0544633865356445312;4.600616455078125
23020000;4.1804242134094238281;10.029825210571289062;4.600616455078125
23033000;4.1970701217651367188;9.555347442626953125;4.600616455078125
23045000;4.2370052337646484375;8.3804025650024414062;4.600616455078125
23057000;4.274311065673828125;7.1644916534423828125;4.600616455078125
23070000;4.28499603271484375;6.9834342002868652344;4.600616455078125
23082000;4.269496917724609375;7.4676876068115234375;4.600616455078125
23094000;4.2444963455200195312;8.238269805908203125;4.600616455078125
23106000;4.2256417274475097656;8.8259124755859375;4.600616455078125
23118000;4.2235836982727050781;8.91025543212890625;4.600616455078125
23131000;4.2365083694458007812;8.5446386337280273438;4.600616455078125
23143000;4.253093719482421875;8.06833648681640625;4.600616455078125
23155000;4.2626628875732421875;7.8017368316650390625;4.600616455078125
23167000;4.260181427001953125;7.8965353965759277344;4.600616455078125
23180000;4.2502794265747070312;8.219417572021484375;4.600616455078125
23194000;4.2448382377624511719;8.4883289337158203125;4.600616455078125
23206000;4.2461867332458496094;8.4312677383422851562;4.600616455078125
23218000;4.2474284172058105469;8.4267635345458984375;4.600616455078125
23230000;4.2494902610778808594;8.3567943572998046875;4.600616455078125
23242000;4.2464799880981445312;8.4415149688720703125;4.600616455078125
23254000;4.2460107803344726562;8.457851409912109375;4.600616455078125
23266000;4.2483124732971191406;8.4289693832397460938;4.600616455078125
23279000;4.249721527099609375;8.4078149795532226562;4.600616455078125
23292000;4.2501149177551269531;8.48546600341796875;4.600616455078125
23304000;4.2486095428466796875;8.5556430816650390625;4.600616455078125
23316000;4.2477054595947265625;8.6070604324340820312;4.600616455078125
23328000;4.2441849708557128906;8.662174224853515625;4.600616455078125
23341000;4.2458996772766113281;8.57772064208984375;4.600616455078125
23354000;4.2479329109191894531;8.5432729721069335938;4.600616455078125
23366000;4.2483606338500976562;8.6039648056030273438;4.600616455078125
23378000;4.2474808692932128906;8.6516084671020507812;4.600616455078125
23391000;4.2450008392333984375;8.785884857177734375;4.600616455078125
23403000;4.2472443580627441406;8.7831363677978515625;4.600616455078125
23416000;4.2460045814514160156;8.7632160186767578125;4.600616455078125
23429000;4.2452692985534667969;8.8065061569213867188;4.600616455078125
23441000;4.247528076171875;8.7599544525146484375;4.600616455078125
23454000;4.2480473518371582031;8.6996240615844726562;4.600616455078125
23466000;4.2512073516845703125;8.6952056884765625;4.600616455078125
23480000;4.2469377517700195312;8.8478364944458007812;4.600616455078125
23493000;4.2449331283569335938;8.9291639328002929688;4.600616455078125
23505000;4.2483057975769042969;8.8491363525390625;4.600616455078125
23517000;4.2480006217956542969;8.8794002532958984375;4.600616455078125
23529000;4.2460465431213378906;8.9592180252075195312;4.600616455078125
23542000;4.2462859153747558594;8.905117034912109375;4.600616455078125
23554000;4.2503709793090820312;8.8753337860107421875;4.600616455078125
23566000;4.2485175132751464844;8.8813333511352539062;4.600616455078125
23578000;4.2501978874206542969;8.9226369857788085938;4.600616455078125
23591000;4.2501316070556640625;8.9456167221069335938;4.600616455078125
23604000;4.2498068809509277344;8.9485960006713867188;4.600616455078125
23616000;4.2505021095275878906;8.975109100341796875;4.600616455078125
23628000;4.2499947547912597656;8.9638338088989257812;4.600616455078125
23640000;4.2516279220581054688;8.9881353378295898438;4.600616455078125
23653000;4.2521014213562011719;8.9949388504028320312;4.600616455078125
23665000;4.2533640861511230469;8.9780139923095703125;4.600616455078125
23677000;4.2526221275329589844;9.0211801528930664062;4.600616455078125
23690000;4.2527461051940917969;9.1068325042724609375;4.600616455078125
23703000;4.2517499923706054688;9.0927371978759765625;4.600616455078125
23715000;4.2505431175231933594;9.1498012542724609375;4.600616455078125
23727000;4.25183868408203125;9.131801605224609375;4.600616455078125
23739000;4.2515420913696289062;9.1615238189697265625;4.600616455078125
23751000;4.2511925697326660156;9.1547193527221679688;4.600616455078125
23764000;4.2516331672668457031;9.20410919189453125;4.600616455078125
23777000;4.2527923583984375;9.19033050537109375;4.600616455078125
23790000;4.2520728111267089844;9.2606945037841796875;4.600616455078125
23803000;4.2529926300048828125;9.22956085205078125;4.600616455078125
23815000;4.252223968505859375;9.2734403610229492188;4.600616455078125
23827000;4.2552018165588378906;9.2048864364624023438;4.600616455078125
23840000;4.2571282386779785156;9.17127227783203125;4.600616455078125
23853000;4.2573180198669433594;9.18625640869140625;4.600616455078125
23866000;4.2552213668823242188;9.2733011245727539062;4.600616455078125
23878000;4.2550458908081054688;9.2992296218872070312;4.600616455078125
23891000;4.2560992240905761719;9.288280487060546875;4.600616455078125
23903000;4.2567043304443359375;9.2907648086547851562;4.600616455078125
23916000;4.2599210739135742188;9.2035846710205078125;4.600616455078125
23928000;4.261260986328125;9.1984643936157226562;4.600616455078125
23940000;4.2607269287109375;9.23497772216796875;4.600616455078125
23953000;4.2621302604675292969;9.2132730484008789062;4.600616455078125
23965000;4.2608509063720703125;9.292415618896484375;4.600616455078125
23977000;4.2615022659301757812;9.2327060699462890625;4.600616455078125
23990000;4.2616128921508789062;9.2932071685791015625;4.600616455078125
24002000;4.2650852203369140625;9.2092485427856445312;4.600616455078125
24014000;4.2660064697265625;9.20174407958984375;4.600616455078125
24026000;4.2677259445190429688;9.17023468017578125;4.600616455078125
24038000;4.2678589820861816406;9.186305999755859375;4.600616455078125
24051000;4.2679743766784667969;9.2338695526123046875;4.600616455078125
24064000;4.2692799568176269531;9.2493886947631835938;4.600616455078125
24077000;4.2674145698547363281;9.2629413604736328125;4.600616455078125
24089000;4.2683596611022949219;9.2203369140625;4.600616455078125
24102000;4.2674961090087890625;9.2680959701538085938;4.600616455078125
24114000;4.2680840492248535156;9.2374286651611328125;4.600616455078125
24126000;4.2690863609313964844;9.2957086563110351562;4.600616455078125
24138000;4.2712121009826660156;9.25183868408203125;4.600616455078125
24150000;4.2713713645935058594;9.2669010162353515625;4.600616455078125
24163000;4.2727217674255371094;9.31632232666015625;4.600616455078125
24175000;4.270938873291015625;9.361614227294921875;4.600616455078125
24188000;4.2707357406616210938;9.33556365966796875;4.600616455078125
24200000;4.2722635269165039062;9.3130092620849609375;4.600616455078125
24212000;4.27236175537109375;9.247631072998046875;4.600616455078125
24225000;4.2760891914367675781;9.2467212677001953125;4.600616455078125
24238000;4.2775487899780273438;9.215229034423828125;4.600616455078125
24250000;4.2763357162475585938;9.2849225997924804688;4.600616455078125
24262000;4.276325225830078125;9.3224506378173828125;4.600616455078125
24274000;4.2792096138000488281;9.2863616943359375;4.600616455078125
24286000;4.2780122756958007812;9.2894926071166992188;4.600616455078125
24299000;4.2787265777587890625;9.2873487472534179688;4.600616455078125
24311000;4.2774119377136230469;9.2564296722412109375;4.600616455078125
24324000;4.2816081047058105469;9.1975879669189453125;4.600616455078125
24336000;4.2819423675537109375;9.1775979995727539062;4.600616455078125
24349000;4.2837314605712890625;9.2170085906982421875;4.600616455078125
24361000;4.2830820083618164062;9.2556285858154296875;4.600616455078125
24373000;4.2824850082397460938;9.2926807403564453125;4.600616455078125
24385000;4.2820196151733398438;9.3257837295532226562;4.600616455078125
24397000;4.2833156585693359375;9.3060255050659179688;4.600616455078125
24409000;4.2842173576354980469;9.2980127334594726562;4.600616455078125
24421000;4.2834019660949707031;9.3414278030395507812;4.600616455078125
24434000;4.2812619209289550781;9.3863201141357421875;4.600616455078125
24447000;4.2840938568115234375;9.3619871139526367188;4.600616455078125
24460000;4.2867608070373535156;9.2631177902221679688;4.600616455078125
24472000;4.2868137359619140625;9.336376190185546875;4.600616455078125
24485000;4.286144256591796875;9.3602123260498046875;4.600616455078125
24496000;4.2877869606018066406;9.3955373764038085938;4.600616455078125
24508000;4.2877964973449707031;9.42406463623046875;4.600616455078125
24520000;4.2911820411682128906;9.35003662109375;4.600616455078125
24533000;4.2896051406860351562;9.331424713134765625;4.600616455078125
24545000;4.2875699996948242188;9.4110622406005859375;4.600616455078125
24557000;4.2903232574462890625;9.3469991683959960938;4.600616455078125
24569000;4.292083740234375;9.3127622604370117188;4.600616455078125
24581000;4.294658660888671875;9.2539033889770507812;4.600616455078125
24593000;4.2950911521911621094;9.1791887283325195312;4.600616455078125
24606000;4.2954211235046386719;9.2609777450561523438;4.600616455078125
24618000;4.2952756881713867188;9.2933912277221679688;4.600616455078125
24631000;4.2941956520080566406;9.3440752029418945312;4.600616455078125
24643000;4.2968091964721679688;9.2839555740356445312;4.600616455078125
24655000;4.2952051162719726562;9.3502950668334960938;4.600616455078125
24667000;4.2954301834106445312;9.361812591552734375;4.600616455078125
24679000;4.2982020378112792969;9.2968606948852539062;4.600616455078125
24691000;4.2981548309326171875;9.3163518905639648438;4.600616455078125
24703000;4.2973704338073730469;9.3579616546630859375;4.600616455078125
24716000;4.3024415969848632812;9.2268991470336914062;4.600616455078125
24729000;4.3017487525939941406;9.2656230926513671875;4.600616455078125
24741000;4.3025794029235839844;9.25865936279296875;4.600616455078125
24754000;4.3026642799377441406;9.3314733505249023438;4.600616455078125
24766000;4.3017020225524902344;9.3238372802734375;4.600616455078125
24778000;4.3028740882873535156;9.3064584732055664062;4.600616455078125
24791000;4.3025145530700683594;9.3350734710693359375;4.600616455078125
24804000;4.3053865432739257812;9.2062358856201171875;4.600616455078125
24817000;4.3088426589965820312;9.1835355758666992188;4.600616455078125
24829000;4.3068943023681640625;9.3258380889892578125;4.600616455078125
24841000;4.3064241409301757812;9.3129749298095703125;4.600616455078125
24853000;4.3072438240051269531;9.3062572479248046875;4.600616455078125
24867000;4.3062353134155273438;9.3351106643676757812;4.600616455078125
24879000;4.3071312904357910156;9.3258266448974609375;4.600616455078125
24892000;4.3074746131896972656;9.330707550048828125;4.600616455078125
24904000;4.3118710517883300781;9.2642507553100585938;4.600616455078125
24916000;4.3122067451477050781;9.24538421630859375;4.600616455078125
24928000;4.3096027374267578125;9.3244428634643554688;4.600616455078125
24941000;4.3108849525451660156;9.303363800048828125;4.600616455078125
24953000;4.3111562728881835938;9.2646741867065429688;4.600616455078125
24965000;4.311832427978515625;9.2780179977416992188;4.600616455078125
24977000;4.3124117851257324219;9.3093767166137695312;4.600616455078125
24990000;4.3137674331665039062;9.2119264602661132812;4.600616455078125
25002000;4.3148279190063476562;9.2032308578491210938;4.600616455078125
25014000;4.3167996406555175781;9.1932811737060546875;4.600616455078125
25026000;4.3195347785949707031;9.1668605804443359375;4.600616455078125
25038000;4.3189172744750976562;9.2023477554321289062;4.600616455078125
25051000;4.3189034461975097656;9.2539777755737304688;4.600616455078125
25064000;4.3196535110473632812;9.2168741226196289062;4.600616455078125
25076000;4.3188657760620117188;9.2572803497314453125;4.600616455078125
25089000;4.3205485343933105469;9.2235660552978515625;4.600616455078125
25102000;4.32161712646484375;9.1294193267822265625;4.600616455078125
25114000;4.3235373497009277344;9.1700572967529296875;4.600616455078125
25126000;4.3236060142517089844;9.1846446990966796875;4.600616455078125
25138000;4.3252806663513183594;9.1509771347045898438;4.600616455078125
25151000;4.3252749443054199219;9.1668519973754882812;4.600616455078125
25164000;4.3270721435546875;9.1328840255737304688;4.600616455078125
25176000;4.3292832374572753906;9.08284759521484375;4.600616455078125
25189000;4.3298969268798828125;9.0173702239990234375;4.600616455078125
25201000;4.3315749168395996094;9.0464830398559570312;4.600616455078125
25213000;4.3313450813293457031;9.0695438385009765625;4.600616455078125
25226000;4.3339900970458984375;9.0650577545166015625;4.600616455078125
25239000;4.3313198089599609375;9.1051959991455078125;4.600616455078125
25251000;4.3326153755187988281;9.0823812484741210938;4.600616455078125
25263000;4.3324127197265625;9.1044826507568359375;4.600616455078125
25275000;4.331256866455078125;9.1551914215087890625;4.600616455078125
25288000;4.3336262702941894531;9.044891357421875;4.600616455078125
25300000;4.3324937820434570312;9.088741302490234375;4.600616455078125
25312000;4.3328623771667480469;9.098926544189453125;4.600616455078125
25324000;4.3336086273193359375;9.1513051986694335938;4.600616455078125
25336000;4.3357987403869628906;9.101589202880859375;4.600616455078125
25348000;4.335391998291015625;9.1297283172607421875;4.600616455078125
25361000;4.3366265296936035156;9.1085643768310546875;4.600616455078125
25373000;4.338207244873046875;9.0769367218017578125;4.600616455078125
25387000;4.3389019966125488281;9.07444000244140625;4.600616455078125
25400000;4.3375644683837890625;9.026092529296875;4.600616455078125
25412000;4.3395471572875976562;9.0353546142578125;4.600616455078125
25424000;4.3417272567749023438;9.039173126220703125;4.600616455078125
25436000;4.3407950401306152344;9.0826864242553710938;4.600616455078125
25449000;4.3393406867980957031;9.1597318649291992188;4.600616455078125
25461000;4.3394994735717773438;9.1528024673461914062;4.600616455078125
25473000;4.339160919189453125;9.1785459518432617188;4.600616455078125
25485000;4.3392186164855957031;9.1183061599731445312;4.600616455078125
25498000;4.3397345542907714844;9.1211347579956054688;4.600616455078125
25510000;4.3433542251586914062;9.058074951171875;4.600616455078125
25522000;4.345218658447265625;9.0614185333251953125;4.600616455078125
25534000;4.3468179702758789062;9.0288028717041015625;4.600616455078125
25546000;4.3454294204711914062;9.0857715606689453125;4.600616455078125
25558000;4.3475317955017089844;9.0380001068115234375;4.600616455078125
25571000;4.3496236801147460938;9.0940799713134765625;4.600616455078125
25583000;4.3487734794616699219;9.0310649871826171875;4.600616455078125
25600000;4.3511881828308105469;9.0340785980224609375;4.600616455078125
25612000;4.3512015342712402344;9.0565338134765625;4.600616455078125
25624000;4.3504495620727539062;9.033451080322265625;4.600616455078125
25637000;4.3525948524475097656;8.952060699462890625;4.600616455078125
25649000;4.3524980545043945312;8.9200687408447265625;4.600616455078125
25661000;4.3558573722839355469;8.807926177978515625;4.600616455078125
25673000;4.3564038276672363281;8.8526744842529296875;4.600616455078125
25685000;4.3573484420776367188;8.8268690109252929688;4.600616455078125
25698000;4.359142303466796875;8.8632354736328125;4.600616455078125
25710000;4.3583154678344726562;8.899658203125;4.600616455078125
25722000;4.35761260986328125;8.9382772445678710938;4.600616455078125
25735000;4.3554358482360839844;9.0181951522827148438;4.600616455078125
25747000;4.3577179908752441406;8.9643421173095703125;4.600616455078125
25761000;4.3575530052185058594;8.9862661361694335938;4.600616455078125
25773000;4.3567399978637695312;9.0252790451049804688;4.600616455078125
25785000;4.3588495254516601562;8.9765405654907226562;4.600616455078125
25797000;4.361660003662109375;8.906658172607421875;4.600616455078125
25809000;4.3612093925476074219;8.9345426559448242188;4.600616455078125
25821000;4.3599934577941894531;9.0171985626220703125;4.600616455078125
25834000;4.3614554405212402344;8.985507965087890625;4.600616455078125
25846000;4.3643336296081542969;8.9489040374755859375;4.600616455078125
25858000;4.3625140190124511719;9.0550909042358398438;4.600616455078125
25870000;4.3613605499267578125;9.0623340606689453125;4.600616455078125
25882000;4.3604602813720703125;9.0688524246215820312;4.600616455078125
25894000;4.3616576194763183594;9.0310297012329101562;4.600616455078125
25907000;4.3619527816772460938;9.0295457839965820312;4.600616455078125
25919000;4.3646111488342285156;8.9640207290649414062;4.600616455078125
25932000;4.3654484748840332031;8.9636564254760742188;4.600616455078125
25945000;4.3645334243774414062;8.9970245361328125;4.600616455078125
25958000;4.3643541336059570312;8.9783239364624023438;4.600616455078125
25970000;4.3643903732299804688;9.0398387908935546875;4.600616455078125
25982000;4.3661975860595703125;8.8984737396240234375;4.600616455078125
25994000;4.3668422698974609375;8.9578027725219726562;4.600616455078125
26006000;4.369930267333984375;8.9075307846069335938;4.600616455078125
26019000;4.3686113357543945312;8.9610118865966796875;4.600616455078125
26031000;4.3712763786315917969;8.9229650497436523438;4.600616455078125
26043000;4.3710856437683105469;8.9145030975341796875;4.600616455078125
26056000;4.3671894073486328125;9.0475826263427734375;4.600616455078125
26068000;4.3696951866149902344;8.98626708984375;4.600616455078125
26080000;4.3694519996643066406;9.0073556900024414062;4.600616455078125
26093000;4.3699450492858886719;9.0063648223876953125;4.600616455078125
26105000;4.3706269264221191406;8.999607086181640625;4.600616455078125
26117000;4.3727216720581054688;8.95046234130859375;4.600616455078125
26129000;4.3734989166259765625;8.8911104202270507812;4.600616455078125
26142000;4.3747148513793945312;8.9201631546020507812;4.600616455078125
26154000;4.3763241767883300781;8.8854265213012695312;4.600616455078125
26166000;4.3750376701354980469;8.93750762939453125;4.600616455078125
26178000;4.3747754096984863281;8.9588918685913085938;4.600616455078125
26192000;4.3746600151062011719;8.97600555419921875;4.600616455078125
26205000;4.3767452239990234375;8.929042816162109375;4.600616455078125
26217000;4.3751626014709472656;8.9900064468383789062;4.600616455078125
26229000;4.3788475990295410156;8.892791748046875;4.600616455078125
26241000;4.3802237510681152344;8.8648252487182617188;4.600616455078125
26253000;4.3793158531188964844;8.9054231643676757812;4.600616455078125
26265000;4.3820219039916992188;8.8375272750854492188;4.600616455078125
26278000;4.3795385360717773438;8.9274320602416992188;4.600616455078125
26291000;4.3763823509216308594;9.0353631973266601562;4.600616455078125
26303000;4.3797268867492675781;8.9482402801513671875;4.600616455078125
26315000;4.3798646926879882812;8.9572849273681640625;4.600616455078125
26327000;4.3809690475463867188;8.937305450439453125;4.600616455078125
26339000;4.3797159194946289062;8.9880847930908203125;4.600616455078125
26352000;4.3821887969970703125;8.9292821884155273438;4.600616455078125
26365000;4.3828029632568359375;8.924022674560546875;4.600616455078125
26377000;4.3815388679504394531;8.975078582763671875;4.600616455078125
26390000;4.3832044601440429688;9.01143646240234375;4.600616455078125
26402000;4.3845424652099609375;8.93441009521484375;4.600616455078125
26414000;4.3826646804809570312;8.9560489654541015625;4.600616455078125
26426000;4.3827376365661621094;8.9934549331665039062;4.600616455078125
26438000;4.3862919807434082031;8.8997983932495117188;4.600616455078125
26450000;4.38539886474609375;8.8777599334716796875;4.600616455078125
26463000;4.3890042304992675781;8.84415435791015625;4.600616455078125
26475000;4.3871774673461914062;8.9117889404296875;4.600616455078125
26487000;4.3862910270690917969;8.9512701034545898438;4.600616455078125
26499000;4.388935089111328125;8.8847751617431640625;4.600616455078125
26511000;4.3887968063354492188;9.0132017135620117188;4.600616455078125
26523000;4.3901057243347167969;8.8896808624267578125;4.600616455078125
26535000;4.3911232948303222656;8.9044704437255859375;4.600616455078125
26547000;4.3919339179992675781;8.857635498046875;4.600616455078125
26559000;4.3919882774353027344;8.78862762451171875;4.600616455078125
26571000;4.3929500579833984375;8.8055477142333984375;4.600616455078125
26584000;4.3947768211364746094;8.7995700836181640625;4.600616455078125
26596000;4.3973665237426757812;8.7341642379760742188;4.600616455078125
26608000;4.39693450927734375;8.75939178466796875;4.600616455078125
26620000;4.3990445137023925781;8.7082881927490234375;4.600616455078125
26633000;4.4035487174987792969;8.5851907730102539062;4.600616455078125
26645000;4.40396881103515625;8.5844783782958984375;4.600616455078125
26657000;4.4030232429504394531;8.6247501373291015625;4.600616455078125
26669000;4.4043164253234863281;8.5977878570556640625;4.600616455078125
26681000;4.405261993408203125;8.5812053680419921875;4.600616455078125
26693000;4.4068884849548339844;8.544025421142578125;4.600616455078125
26706000;4.4056077003479003906;8.5960369110107421875;4.600616455078125
26718000;4.4060606956481933594;8.5941095352172851562;4.600616455078125
26731000;4.4085021018981933594;8.5324411392211914062;4.600616455078125
26744000;4.4118404388427734375;8.4377593994140625;4.600616455078125
26756000;4.4117445945739746094;8.4893779754638671875;4.600616455078125
26769000;4.4115538597106933594;8.4768428802490234375;4.600616455078125
26781000;4.4105677604675292969;8.5177659988403320312;4.600616455078125
26793000;4.4111495018005371094;8.5116281509399414062;4.600616455078125
26804000;4.4099035263061523438;8.5603160858154296875;4.600616455078125
26816000;4.41223907470703125;8.50154876708984375;4.600616455078125
26829000;4.4130840301513671875;8.4874334335327148438;4.600616455078125
26841000;4.4156436920166015625;8.3318510055541992188;4.600616455078125
26853000;4.4185543060302734375;8.3453741073608398438;4.600616455078125
26865000;4.4212388992309570312;8.2756509780883789062;4.600616455078125
26878000;4.421077728271484375;8.2942800521850585938;4.600616455078125
26890000;4.4233660697937011719;8.2196664810180664062;4.600616455078125
26902000;4.4262366294860839844;8.1596632003784179688;4.600616455078125
26914000;4.4264416694641113281;8.163990020751953125;4.600616455078125
26927000;4.4271564483642578125;8.1529607772827148438;4.600616455078125
26939000;4.4273161888122558594;8.1898899078369140625;4.600616455078125
26953000;4.4294667243957519531;8.106128692626953125;4.600616455078125
26966000;4.4347929954528808594;7.9634175300598144531;4.600616455078125
26978000;4.4342222213745117188;8.0061664581298828125;4.600616455078125
26990000;4.4347944259643554688;8.0208463668823242188;4.600616455078125
27002000;4.4352707862854003906;7.9737958908081054688;4.600616455078125
27014000;4.4371819496154785156;7.926212310791015625;4.600616455078125
27027000;4.4391698837280273438;7.8762159347534179688;4.600616455078125
27039000;4.4400949478149414062;7.858043670654296875;4.600616455078125
27051000;4.4429068565368652344;7.7831745147705078125;4.600616455078125
27064000;4.4450020790100097656;7.6463718414306640625;4.600616455078125
27077000;4.4494237899780273438;7.6077980995178222656;4.600616455078125
27089000;4.4489450454711914062;7.6313982009887695312;4.600616455078125
27101000;4.4500870704650878906;7.6062560081481933594;4.600616455078125
27113000;4.4536676406860351562;7.5078072547912597656;4.600616455078125
27126000;4.4536719322204589844;7.6097726821899414062;4.600616455078125
27138000;4.4512891769409179688;7.5984826087951660156;4.600616455078125
27150000;4.45732879638671875;7.4103679656982421875;4.600616455078125
27163000;4.4612827301025390625;7.3157634735107421875;4.600616455078125
27176000;4.4638733863830566406;7.2040681838989257812;4.600616455078125
27188000;4.462879180908203125;7.2466382980346679688;4.600616455078125
27200000;4.4681682586669921875;7.1352586746215820312;4.600616455078125
27212000;4.4726533889770507812;7.001312255859375;4.600616455078125
27224000;4.4745006561279296875;6.9606800079345703125;4.600616455078125
27238000;4.4758162498474121094;6.9277400970458984375;4.600616455078125
27251000;4.4795694351196289062;6.7888078689575195312;4.600616455078125
27264000;4.4854512214660644531;6.6494703292846679688;4.600616455078125
27276000;4.4903049468994140625;6.5120754241943359375;4.600616455078125
27288000;4.4920477867126464844;6.518341064453125;4.600616455078125
27300000;4.4938330650329589844;6.4249453544616699219;4.600616455078125
27312000;4.4958510398864746094;6.3706541061401367188;4.600616455078125
27326000;4.4973626136779785156;6.2944307327270507812;4.600616455078125
27338000;4.5010762214660644531;6.1530346870422363281;4.600616455078125
27350000;4.5042681694030761719;6.0419244766235351562;4.600616455078125
27362000;4.5062270164489746094;6.049785614013671875;4.600616455078125
27374000;4.5109395980834960938;5.9399266242980957031;4.600616455078125
27386000;4.5138998031616210938;5.7933626174926757812;4.600616455078125
27398000;4.5171360969543457031;5.7724637985229492188;4.600616455078125
27410000;4.5190448760986328125;5.7202248573303222656;4.600616455078125
27422000;4.5178270339965820312;5.7617816925048828125;4.600616455078125
27435000;4.5179848670959472656;5.7619490623474121094;4.600616455078125
27447000;4.5184836387634277344;5.7175455093383789062;4.600616455078125
27459000;4.5210132598876953125;5.6808495521545410156;4.600616455078125
27471000;4.5213294029235839844;5.6760764122009277344;4.600616455078125
27484000;4.5233645439147949219;5.5585451126098632812;4.600616455078125
27496000;4.5235729217529296875;5.5040721893310546875;4.600616455078125
27508000;4.5249109268188476562;5.5211153030395507812;4.600616455078125
27520000;4.5284967422485351562;5.47979736328125;4.600616455078125
27532000;4.5280714035034179688;5.4970116615295410156;4.600616455078125
27545000;4.5286893844604492188;5.507488250732421875;4.600616455078125
27558000;4.5286073684692382812;5.4903779029846191406;4.600616455078125
27571000;4.5304889678955078125;5.4381132125854492188;4.600616455078125
27583000;4.5317673683166503906;5.4038848876953125;4.600616455078125
27595000;4.5306911468505859375;5.4236388206481933594;4.600616455078125
27607000;4.5299234390258789062;5.4049553871154785156;4.600616455078125
27619000;4.5321831703186035156;5.4039254188537597656;4.600616455078125
27632000;4.533039093017578125;5.3479166030883789062;4.600616455078125
27644000;4.5336399078369140625;5.3690137863159179688;4.600616455078125
27657000;4.5334868431091308594;5.377613067626953125;4.600616455078125
27669000;4.5345935821533203125;5.3484182357788085938;4.600616455078125
27681000;4.5325269699096679688;5.4143648147583007812;4.600616455078125
27693000;4.5339722633361816406;5.3749561309814453125;4.600616455078125
27706000;4.5333614349365234375;5.3136925697326660156;4.600616455078125
27718000;4.5344476699829101562;5.2707109451293945312;4.600616455078125
27730000;4.5343165397644042969;5.241947174072265625;4.600616455078125
27742000;4.5392017364501953125;5.2342028617858886719;4.600616455078125
27755000;4.5399279594421386719;5.2161464691162109375;4.600616455078125
27768000;4.5390625;5.2463450431823730469;4.600616455078125
27780000;4.53714752197265625;5.3074884414672851562;4.600616455078125
27792000;4.5367522239685058594;5.323131561279296875;4.600616455078125
27805000;4.5371179580688476562;5.3158969879150390625;4.600616455078125
27817000;4.53707122802734375;5.32103729248046875;4.600616455078125
27829000;4.5356464385986328125;5.3675794601440429688;4.600616455078125
27842000;4.5383372306823730469;5.291248321533203125;4.600616455078125
27855000;4.5384612083435058594;5.291255950927734375;4.600616455078125
27867000;4.537639617919921875;5.3327398300170898438;4.600616455078125
27879000;4.5383515357971191406;5.3075160980224609375;4.600616455078125
27891000;4.5375094413757324219;5.3221988677978515625;4.600616455078125
27904000;4.5362443923950195312;5.3138132095336914062;4.600616455078125
27916000;4.5369458198547363281;5.3081345558166503906;4.600616455078125
27928000;4.5390381813049316406;5.2970571517944335938;4.600616455078125
27942000;4.5405087471008300781;5.2571973800659179688;4.600616455078125
27954000;4.5422458648681640625;5.2085657119750976562;4.600616455078125
27966000;4.5398192405700683594;5.284915924072265625;4.600616455078125
27978000;4.5402746200561523438;5.2747950553894042969;4.600616455078125
27990000;4.539608001708984375;5.2983636856079101562;4.600616455078125
28003000;4.5436825752258300781;5.1796126365661621094;4.600616455078125
28015000;4.543529510498046875;5.1875872611999511719;4.600616455078125
28027000;4.5452561378479003906;5.0549464225769042969;4.600616455078125
28040000;4.5504584312438964844;4.9867601394653320312;4.600616455078125
28053000;4.5486688613891601562;5.043605804443359375;4.600616455078125
28065000;4.5505280494689941406;4.9909543991088867188;4.600616455078125
28077000;4.5502896308898925781;5.0011706352233886719;4.600616455078125
28089000;4.5507373809814453125;5.0251359939575195312;4.600616455078125
28102000;4.5485520362854003906;5.0501270294189453125;4.600616455078125
28115000;4.5477361679077148438;5.0874700546264648438;4.600616455078125
28128000;4.5488195419311523438;4.9807910919189453125;4.600616455078125
28140000;4.5506877899169921875;4.956943511962890625;4.600616455078125
28152000;4.5512537956237792969;4.9519591331481933594;4.600616455078125
28165000;4.5520086288452148438;4.9717645645141601562;4.600616455078125
28177000;4.5532021522521972656;4.9388561248779296875;4.600616455078125
28189000;4.5524191856384277344;4.9651770591735839844;4.600616455078125
28201000;4.5533804893493652344;4.9098324775695800781;4.600616455078125
28213000;4.5535430908203125;4.8851022720336914062;4.600616455078125
28225000;4.5530538558959960938;4.895549774169921875;4.600616455078125
28238000;4.5539355278015136719;4.9073071479797363281;4.600616455078125
28251000;4.5555624961853027344;4.8852634429931640625;4.600616455078125
28263000;4.5552110671997070312;4.898616790771484375;4.600616455078125
28275000;4.5552697181701660156;4.8996171951293945312;4.600616455078125
28287000;4.5550560951232910156;4.9088277816772460938;4.600616455078125
28299000;4.5547375679016113281;4.9211368560791015625;4.600616455078125
28311000;4.5549368858337402344;4.9163522720336914062;4.600616455078125
28324000;4.5535955429077148438;4.9613161087036132812;4.600616455078125
28337000;4.5543179512023925781;4.9423732757568359375;4.600616455078125
28349000;4.5553197860717773438;4.9149932861328125;4.600616455078125
28361000;4.5558071136474609375;4.9030590057373046875;4.600616455078125
28373000;4.5561614036560058594;4.8950471878051757812;4.600616455078125
28385000;4.5580344200134277344;4.8414759635925292969;4.600616455078125
28397000;4.5596642494201660156;4.795116424560546875;4.600616455078125
28408000;4.5598025321960449219;4.7935190200805664062;4.600616455078125
28420000;4.5618114471435546875;4.7357177734375;4.600616455078125
28433000;4.5605769157409667969;4.775203704833984375;4.600616455078125
28445000;4.5615687370300292969;4.7478976249694824219;4.600616455078125
28457000;4.5635404586791992188;4.7768230438232421875;4.600616455078125
28469000;4.5615129470825195312;4.779521942138671875;4.600616455078125
28481000;4.5606698989868164062;4.8162856101989746094;4.600616455078125
28493000;4.5601720809936523438;4.7634177207946777344;4.600616455078125
28507000;4.5641779899597167969;4.6817607879638671875;4.600616455078125
28519000;4.5611019134521484375;4.7763414382934570312;4.600616455078125
28532000;4.5620503425598144531;4.7955293655395507812;4.600616455078125
28545000;4.5611357688903808594;4.7805514335632324219;4.600616455078125
28557000;4.5620660781860351562;4.7549991607666015625;4.600616455078125
28569000;4.5633029937744140625;4.7201633453369140625;4.600616455078125
28581000;4.5632214546203613281;4.7248544692993164062;4.600616455078125
28593000;4.5641264915466308594;4.6998119354248046875;4.600616455078125
28605000;4.5626897811889648438;4.6447038650512695312;4.600616455078125
28617000;4.5631146430969238281;4.63004302978515625;4.600616455078125
28630000;4.5651502609252929688;4.6161136627197265625;4.600616455078125
28642000;4.5666203498840332031;4.6031785011291503906;4.600616455078125
28654000;4.5647373199462890625;4.6294808387756347656;4.600616455078125
28667000;4.5681262016296386719;4.5928583145141601562;4.600616455078125
28679000;4.5672097206115722656;4.6223955154418945312;4.600616455078125
28691000;4.5666484832763671875;4.6413011550903320312;4.600616455078125
28704000;4.5656905174255371094;4.6750507354736328125;4.600616455078125
28716000;4.5667061805725097656;4.6136326789855957031;4.600616455078125
28728000;4.5649523735046386719;4.6357975006103515625;4.600616455078125
28740000;4.5660538673400878906;4.6677370071411132812;4.600616455078125
28752000;4.5679416656494140625;4.613162994384765625;4.600616455078125
28764000;4.5655851364135742188;4.6050968170166015625;4.600616455078125
28777000;4.5690798759460449219;4.6579289436340332031;4.600616455078125
28789000;4.5683970451354980469;4.6417498588562011719;4.600616455078125
28802000;4.5686049461364746094;4.6483430862426757812;4.600616455078125
28814000;4.5683441162109375;4.6508607864379882812;4.600616455078125
28826000;4.5698513984680175781;4.6265325546264648438;4.600616455078125
28837000;4.57041168212890625;4.5627837181091308594;4.600616455078125
28849000;4.5691199302673339844;4.5756964683532714844;4.600616455078125
28862000;4.5709710121154785156;4.5276689529418945312;4.600616455078125
28874000;4.5709280967712402344;4.49993896484375;4.600616455078125
28887000;4.573276519775390625;4.4739618301391601562;4.600616455078125
28899000;4.5749230384826660156;4.4261331558227539062;4.600616455078125
28911000;4.5780301094055175781;4.3344445228576660156;4.600616455078125
28923000;4.5784392356872558594;4.3236231803894042969;4.600616455078125
28936000;4.5794711112976074219;4.378749847412109375;4.600616455078125
28948000;4.5799107551574707031;4.3990955352783203125;4.600616455078125
28960000;4.5787234306335449219;4.40259552001953125;4.600616455078125
28972000;4.5773396492004394531;4.3622989654541015625;4.600616455078125
28984000;4.5805659294128417969;4.328472137451171875;4.600616455078125
28996000;4.5804266929626464844;4.2860398292541503906;4.600616455078125
29008000;4.5813851356506347656;4.244586944580078125;4.600616455078125
29020000;4.5824360847473144531;4.2141785621643066406;4.600616455078125
29033000;4.5837693214416503906;4.175289154052734375;4.600616455078125
29045000;4.5854868888854980469;4.1247882843017578125;4.600616455078125
29057000;4.5867762565612792969;4.0870609283447265625;4.600616455078125
29069000;4.5891232490539550781;4.0174732208251953125;4.600616455078125
29081000;4.5859045982360839844;4.1148858070373535156;4.600616455078125
29093000;4.5868525505065917969;4.0873498916625976562;4.600616455078125
29105000;4.5901055335998535156;4.0047273635864257812;4.600616455078125
29117000;4.5910940170288085938;3.9878218173980712891;4.600616455078125
29130000;4.5890088081359863281;4.064788818359375;4.600616455078125
29142000;4.5900063514709472656;3.9954552650451660156;4.600616455078125
29154000;4.5919961929321289062;3.9362883567810058594;4.600616455078125
29166000;4.5939888954162597656;3.8769741058349609375;4.600616455078125
29179000;4.5940461158752441406;3.8756275177001953125;4.600616455078125
29191000;4.5938930511474609375;3.8806583881378173828;4.600616455078125
29203000;4.5969371795654296875;3.7897279262542724609;4.600616455078125
29215000;4.5956568717956542969;3.8468782901763916016;4.600616455078125
29228000;4.59754180908203125;3.8324987888336181641;4.600616455078125
29240000;4.598384857177734375;3.8173272609710693359;4.600616455078125
29252000;4.5979847908020019531;3.8385994434356689453;4.600616455078125
29264000;4.5960073471069335938;3.8938574790954589844;4.600616455078125
29276000;4.5955867767333984375;3.8621962070465087891;4.600616455078125
29288000;4.5966086387634277344;3.8015542030334472656;4.600616455078125
29302000;4.5977663993835449219;3.7289419174194335938;4.600616455078125
29314000;4.5980587005615234375;3.7583940029144287109;4.600616455078125
29328000;4.5953426361083984375;3.8401257991790771484;4.600616455078125
29340000;4.5970501899719238281;3.8291187286376953125;4.600616455078125
29353000;4.5964784622192382812;3.8064377307891845703;4.600616455078125
29365000;4.5966582298278808594;3.8012716770172119141;4.600616455078125
29377000;4.5962376594543457031;3.8140711784362792969;4.600616455078125
29389000;4.5964779853820800781;3.8070521354675292969;4.600616455078125
29401000;4.5976476669311523438;3.7722051143646240234;4.600616455078125
29413000;4.5979542732238769531;3.7891170978546142578;4.600616455078125
29426000;4.5979266166687011719;3.7641992568969726562;4.600616455078125
29439000;4.5989356040954589844;3.7340269088745117188;4.600616455078125
29452000;4.5964198112487792969;3.7917931079864501953;4.600616455078125
29464000;4.5956416130065917969;3.8333415985107421875;4.600616455078125
29477000;4.5992417335510253906;3.725543975830078125;4.600616455078125
29489000;4.6023869514465332031;3.6095364093780517578;4.600616455078125
29501000;4.6015048027038574219;3.6814801692962646484;4.600616455078125
29514000;4.5997366905212402344;3.7106244564056396484;4.600616455078125
29526000;4.6049661636352539062;3.6028614044189453125;4.600616455078125
29538000;4.6037650108337402344;3.5894663333892822266;4.600616455078125
29550000;4.6006712913513183594;3.6821088790893554688;4.600616455078125
29564000;4.6047024726867675781;3.5609979629516601562;4.600616455078125
29576000;4.6073269844055175781;3.4819686412811279297;4.600616455078125
29589000;4.6090159416198730469;3.4806714057922363281;4.600616455078125
29601000;4.6086878776550292969;3.5351614952087402344;4.600616455078125
29614000;4.609477996826171875;3.5186338424682617188;4.600616455078125
29626000;4.6083827018737792969;3.4736411571502685547;4.600616455078125
29637000;4.610477447509765625;3.4094872474670410156;4.600616455078125
29649000;4.6093611717224121094;3.4371054172515869141;4.600616455078125
29661000;4.6116380691528320312;3.34099578857421875;4.600616455078125
29673000;4.6114044189453125;3.3948299884796142578;4.600616455078125
29686000;4.6104936599731445312;3.38213348388671875;4.600616455078125
29698000;4.6114478111267089844;3.3529033660888671875;4.600616455078125
29710000;4.6155152320861816406;3.2301859855651855469;4.600616455078125
29722000;4.6185431480407714844;3.1384730339050292969;4.600616455078125
29735000;4.6157093048095703125;3.2226390838623046875;4.600616455078125
29747000;4.6154150962829589844;3.2307162284851074219;4.600616455078125
29759000;4.6159138679504394531;3.2149469852447509766;4.600616455078125
29771000;4.6193060874938964844;3.1122117042541503906;4.600616455078125
29783000;4.61846160888671875;3.1365091800689697266;4.600616455078125
29795000;4.6176085472106933594;3.1611046791076660156;4.600616455078125
29807000;4.6165490150451660156;3.1717123985290527344;4.600616455078125
29819000;4.618816375732421875;3.089885711669921875;4.600616455078125
29832000;4.619930267333984375;3.0637726783752441406;4.600616455078125
29844000;4.6191582679748535156;3.06595611572265625;4.600616455078125
29856000;4.6236310005187988281;2.9746007919311523438;4.600616455078125
29869000;4.6243600845336914062;2.9513823986053466797;4.600616455078125
29881000;4.6284251213073730469;2.8279440402984619141;4.600616455078125
29893000;4.6293330192565917969;2.7991228103637695312;4.600616455078125
29905000;4.630107879638671875;2.7741422653198242188;4.600616455078125
29917000;4.6297664642333984375;2.8252325057983398438;4.600616455078125
29929000;4.6293659210205078125;2.8430268764495849609;4.600616455078125
29942000;4.6272244453430175781;2.8552174568176269531;4.600616455078125
29954000;4.6317315101623535156;2.7182586193084716797;4.600616455078125
29967000;4.6343445777893066406;2.5458109378814697266;4.600616455078125
29980000;4.6368498802185058594;2.5603203773498535156;4.600616455078125
29992000;4.6351189613342285156;2.610157012939453125;4.600616455078125
30006000;4.6334223747253417969;2.6586561203002929688;4.600616455078125
30018000;4.6372518539428710938;2.5416083335876464844;4.600616455078125
30030000;4.6408634185791015625;2.4309136867523193359;4.600616455078125
30043000;4.6400914192199707031;2.4053432941436767578;4.600616455078125
30056000;4.6425032615661621094;2.3765463829040527344;4.600616455078125
30068000;4.64235687255859375;2.3785123825073242188;4.600616455078125
30080000;4.6426301002502441406;2.3678312301635742188;4.600616455078125
30092000;4.6454935073852539062;2.2793390750885009766;4.600616455078125
30105000;4.6462569236755371094;2.2858307361602783203;4.600616455078125
30118000;4.6446757316589355469;2.3073604106903076172;4.600616455078125
30130000;4.6439547538757324219;2.2524397373199462891;4.600616455078125
30143000;4.6507525444030761719;2.1102030277252197266;4.600616455078125
30155000;4.6520357131958007812;2.0686907768249511719;4.600616455078125
30167000;4.6517429351806640625;2.0744655132293701172;4.600616455078125
30179000;4.6511597633361816406;2.0889990329742431641;4.600616455078125
30191000;4.6525950431823730469;2.0429368019104003906;4.600616455078125
30204000;4.6515569686889648438;2.1345679759979248047;4.600616455078125
30216000;4.6520395278930664062;2.0530126094818115234;4.600616455078125
30229000;4.65381622314453125;1.9965047836303710938;4.600616455078125
30242000;4.6551151275634765625;1.8593466281890869141;4.600616455078125
30254000;4.6565012931823730469;1.8672549724578857422;4.600616455078125
30266000;4.6597275733947753906;1.7891962528228759766;4.600616455078125
30278000;4.6603193283081054688;1.7365927696228027344;4.600616455078125
30290000;4.6599931716918945312;1.7600231170654296875;4.600616455078125
30302000;4.6610255241394042969;1.772396087646484375;4.600616455078125
30314000;4.6628770828247070312;1.6995406150817871094;4.600616455078125
30326000;4.6625108718872070312;1.7067866325378417969;4.600616455078125
30339000;4.6619782447814941406;1.71897125244140625;4.600616455078125
30351000;4.6615061759948730469;1.7293803691864013672;4.600616455078125
30363000;4.6601476669311523438;1.7664580345153808594;4.600616455078125
30375000;4.6629819869995117188;1.6777544021606445312;4.600616455078125
30387000;4.6645178794860839844;1.6277909278869628906;4.600616455078125
30399000;4.6649389266967773438;1.6112649440765380859;4.600616455078125
30411000;4.6672983169555664062;1.4816327095031738281;4.600616455078125
30423000;4.6697773933410644531;1.4148309230804443359;4.600616455078125
30436000;4.6696772575378417969;1.4532763957977294922;4.600616455078125
30448000;4.6697053909301757812;1.4625868797302246094;4.600616455078125
30460000;4.6717824935913085938;1.4522123336791992188;4.600616455078125
30472000;4.6721301078796386719;1.4234197139739990234;4.600616455078125
30484000;4.6730074882507324219;1.4194624423980712891;4.600616455078125
30496000;4.6723575592041015625;1.4607319831848144531;4.600616455078125
30508000;4.6725244522094726562;1.3651363849639892578;4.600616455078125
30520000;4.6746697425842285156;1.2768132686614990234;4.600616455078125
30534000;4.6748523712158203125;1.1775736808776855469;4.600616455078125
30546000;4.6750955581665039062;1.1937406063079833984;4.600616455078125
30559000;4.675079345703125;1.2502226829528808594;4.600616455078125
30571000;4.6764225959777832031;1.2054383754730224609;4.600616455078125
30583000;4.6770739555358886719;1.1813819408416748047;4.600616455078125
30595000;4.6790266036987304688;1.118251800537109375;4.600616455078125
30608000;4.675899505615234375;1.2066330909729003906;4.600616455078125
30620000;4.6744337081909179688;1.246013641357421875;4.600616455078125
30633000;4.6778349876403808594;1.1393587589263916016;4.600616455078125
30645000;4.6772336959838867188;1.1527550220489501953;4.600616455078125
30657000;4.6790986061096191406;1.0921881198883056641;4.600616455078125
30669000;4.68061065673828125;1.0421459674835205078;4.600616455078125
30681000;4.6812992095947265625;1.0167739391326904297;4.600616455078125
30693000;4.6818289756774902344;0.99611711502075195312;4.600616455078125
30705000;4.6832723617553710938;0.94799494743347167969;4.600616455078125
30717000;4.6839780807495117188;1.0223360061645507812;4.600616455078125
30730000;4.6790776252746582031;1.0632462501525878906;4.600616455078125
30742000;4.6803507804870605469;1.0202689170837402344;4.600616455078125
30754000;4.6817350387573242188;0.97389578819274902344;4.600616455078125
30766000;4.680835723876953125;0.99599456787109375;4.600616455078125
30778000;4.680850982666015625;0.99068403244018554688;4.600616455078125
30790000;4.6801352500915527344;1.0073313713073730469;4.600616455078125
30802000;4.6807231903076171875;0.9848995208740234375;4.600616455078125
30815000;4.6811838150024414062;0.9662837982177734375;4.600616455078125
30827000;4.6830687522888183594;0.90488934516906738281;4.600616455078125
30839000;4.6846566200256347656;0.91296100616455078125;4.600616455078125
30851000;4.6832270622253417969;0.99390244483947753906;4.600616455078125
30863000;4.6801509857177734375;1.0473606586456298828;4.600616455078125
30876000;4.6790828704833984375;1.0042927265167236328;4.600616455078125
30889000;4.6767330169677734375;0.9889469146728515625;4.600616455078125
30901000;4.6762299537658691406;0.97739052772521972656;4.600616455078125
30914000;4.6803293228149414062;0.95203924179077148438;4.600616455078125
30926000;4.6794862747192382812;0.87620806694030761719;4.600616455078125
30938000;4.6843733787536621094;0.82102632522583007812;4.600616455078125
30950000;4.6848225593566894531;0.802562713623046875;4.600616455078125
30962000;4.68376922607421875;0.82915234565734863281;4.600616455078125
30974000;4.6818957328796386719;0.88043212890625;4.600616455078125
30986000;4.6826305389404296875;0.853496551513671875;4.600616455078125
30998000;4.6822218894958496094;0.86080336570739746094;4.600616455078125
31011000;4.6833071708679199219;0.82330346107482910156;4.600616455078125
31023000;4.6825189590454101562;0.84199619293212890625;4.600616455078125
31035000;4.6836214065551757812;0.7392749786376953125;4.600616455078125
31048000;4.6839547157287597656;0.78814220428466796875;4.600616455078125
31060000;4.6870465278625488281;0.69036364555358886719;4.600616455078125
31073000;4.6869306564331054688;0.75342416763305664062;4.600616455078125
31085000;4.6858677864074707031;0.798816680908203125;4.600616455078125
31097000;4.6853513717651367188;0.81764698028564453125;4.600616455078125
31110000;4.6872639656066894531;0.73681640625;4.600616455078125
31122000;4.6846818923950195312;0.73503851890563964844;4.600616455078125
31134000;4.6849379539489746094;0.72222399711608886719;4.600616455078125
31146000;4.6858878135681152344;0.688549041748046875;4.600616455078125
31159000;4.6870169639587402344;0.57879614830017089844;4.600616455078125
31171000;4.6886816024780273438;0.61069345474243164062;4.600616455078125
31183000;4.6904506683349609375;0.58688235282897949219;4.600616455078125
31195000;4.6889014244079589844;0.61431264877319335938;4.600616455078125
31207000;4.6845541000366210938;0.73610520362854003906;4.600616455078125
31220000;4.6862273216247558594;0.70538330078125;4.600616455078125
31232000;4.6855669021606445312;0.66120290756225585938;4.600616455078125
31245000;4.6848850250244140625;0.67651510238647460938;4.600616455078125
31257000;4.6871085166931152344;0.540740966796875;4.600616455078125
31270000;4.6911730766296386719;0.47646069526672363281;4.600616455078125
31282000;4.6932902336120605469;0.407520294189453125;4.600616455078125
31294000;4.6928324699401855469;0.41581463813781738281;4.600616455078125
31307000;4.6942677497863769531;0.43521523475646972656;4.600616455078125
31320000;4.6929931640625;0.48665356636047363281;4.600616455078125
31332000;4.6903910636901855469;0.47173976898193359375;4.600616455078125
31344000;4.6895132064819335938;0.49263930320739746094;4.600616455078125
31356000;4.6904621124267578125;0.45875024795532226562;4.600616455078125
31369000;4.6930646896362304688;0.37516093254089355469;4.600616455078125
31382000;4.6916713714599609375;0.36420679092407226562;4.600616455078125
31394000;4.6926813125610351562;0.35729265213012695312;4.600616455078125
31406000;4.6937990188598632812;0.35185885429382324219;4.600616455078125
31418000;4.6922616958618164062;0.37630605697631835938;4.600616455078125
31431000;4.6926240921020507812;0.35994768142700195312;4.600616455078125
31442000;4.6913938522338867188;0.39132428169250488281;4.600616455078125
31455000;4.6918497085571289062;0.37209248542785644531;4.600616455078125
31467000;4.6914930343627929688;0.37724828720092773438;4.600616455078125
31479000;4.6915364265441894531;0.37042331695556640625;4.600616455078125
31491000;4.6902756690979003906;0.40279030799865722656;4.600616455078125
31503000;4.6881122589111328125;0.46230387687683105469;4.600616455078125
31515000;4.6876473426818847656;0.359516143798828125;4.600616455078125
31527000;4.6921200752258300781;0.32239842414855957031;4.600616455078125
31539000;4.689739227294921875;0.39837098121643066406;4.600616455078125
31552000;4.6890506744384765625;0.41182446479797363281;4.600616455078125
31565000;4.6888194084167480469;0.44281506538391113281;4.600616455078125
31577000;4.6860852241516113281;0.51256203651428222656;4.600616455078125
31591000;4.6881375312805175781;0.42263197898864746094;4.600616455078125
31603000;4.6889119148254394531;0.39412808418273925781;4.600616455078125
31615000;4.6867070198059082031;0.39885830879211425781;4.600616455078125
31627000;4.687847137451171875;0.4156494140625;4.600616455078125
31640000;4.6885800361633300781;0.44531369209289550781;4.600616455078125
31653000;4.6876058578491210938;0.41156172752380371094;4.600616455078125
31665000;4.6873250007629394531;0.4147357940673828125;4.600616455078125
31678000;4.6859531402587890625;0.35581088066101074219;4.600616455078125
31690000;4.688934326171875;0.30468511581420898438;4.600616455078125
31702000;4.6892924308776855469;0.26542758941650390625;4.600616455078125
31714000;4.6937274932861328125;0.20039105415344238281;4.600616455078125
31726000;4.6908311843872070312;0.28188776969909667969;4.600616455078125
31739000;4.6864614486694335938;0.40778446197509765625;4.600616455078125
31751000;4.6865358352661132812;0.40050458908081054688;4.600616455078125
31763000;4.6879634857177734375;0.35251545906066894531;4.600616455078125
31776000;4.6900057792663574219;0.29999971389770507812;4.600616455078125
31789000;4.6930861473083496094;0.18713927268981933594;4.600616455078125
31801000;4.6927056312561035156;0.19300341606140136719;4.600616455078125
31813000;4.6905660629272460938;0.25168752670288085938;4.600616455078125
31825000;4.6901507377624511719;0.21499013900756835938;4.600616455078125
31837000;4.6914067268371582031;0.20892834663391113281;4.600616455078125
31849000;4.6922407150268554688;0.21294379234313964844;4.600616455078125
31861000;4.6933426856994628906;0.17918848991394042969;4.600616455078125
31874000;4.690944671630859375;0.21211743354797363281;4.600616455078125
31886000;4.6928243637084960938;0.15015745162963867188;4.600616455078125
31898000;4.6929221153259277344;0.14165401458740234375;4.600616455078125
31912000;4.6936440467834472656;0.074584245681762695312;4.600616455078125
31924000;4.6940445899963378906;0.09587860107421875;4.600616455078125
31936000;4.6972503662109375;-0.0059311389923095703125;4.600616455078125
31949000;4.6989226341247558594;-0.027424097061157226562;4.600616455078125
31961000;4.6985960006713867188;-0.019691705703735351562;4.600616455078125
31973000;4.6967926025390625;0.052020788192749023438;4.600616455078125
31985000;4.6986556053161621094;0.04254245758056640625;4.600616455078125
31997000;4.6966986656188964844;0.036468267440795898438;4.600616455078125
32009000;4.696414947509765625;-0.0001571178436279296875;4.600616455078125
32022000;4.6973614692687988281;-0.050715208053588867188;4.600616455078125
32035000;4.6977748870849609375;-0.069004297256469726562;4.600616455078125
32048000;4.7003374099731445312;-0.23626804351806640625;4.600616455078125
32060000;4.7024741172790527344;-0.20885896682739257812;4.600616455078125
32073000;4.701862335205078125;-0.21070265769958496094;4.600616455078125
32085000;4.7022881507873535156;-0.22954154014587402344;4.600616455078125
32099000;4.7036447525024414062;-0.27741003036499023438;4.600616455078125
32111000;4.7033543586730957031;-0.27489471435546875;4.600616455078125
32123000;4.7042260169982910156;-0.36197662353515625;4.600616455078125
32136000;4.704288482666015625;-0.35435199737548828125;4.600616455078125
32149000;4.7062625885009765625;-0.38191890716552734375;4.600616455078125
32161000;4.7043018341064453125;-0.3293590545654296875;4.600616455078125
32174000;4.7038254737854003906;-0.32644152641296386719;4.600616455078125
32187000;4.70250701904296875;-0.28891777992248535156;4.600616455078125
32199000;4.7031383514404296875;-0.31394505500793457031;4.600616455078125
32211000;4.7024669647216796875;-0.29988622665405273438;4.600616455078125
32223000;4.7010006904602050781;-0.21967864036560058594;4.600616455078125
32236000;4.7018499374389648438;-0.2293148040771484375;4.600616455078125
32248000;4.7014994621276855469;-0.22708988189697265625;4.600616455078125
32260000;4.6995015144348144531;-0.19254446029663085938;4.600616455078125
32272000;4.6971426010131835938;-0.17082452774047851562;4.600616455078125
32284000;4.6994428634643554688;-0.24574327468872070312;4.600616455078125
32296000;4.6990675926208496094;-0.24053168296813964844;4.600616455078125
32308000;4.700138092041015625;-0.27866339683532714844;4.600616455078125
32320000;4.7002692222595214844;-0.2885837554931640625;4.600616455078125
32333000;4.7014355659484863281;-0.32962751388549804688;4.600616455078125
32345000;4.7010068893432617188;-0.32282209396362304688;4.600616455078125
32357000;4.7024774551391601562;-0.37297844886779785156;4.600616455078125
32369000;4.7030091285705566406;-0.39505243301391601562;4.600616455078125
32381000;4.7023754119873046875;-0.38209271430969238281;4.600616455078125
32393000;4.7006688117980957031;-0.33687472343444824219;4.600616455078125
32405000;4.6998963356018066406;-0.31963872909545898438;4.600616455078125
32417000;4.6985683441162109375;-0.23805308341979980469;4.600616455078125
32430000;4.6959071159362792969;-0.21257090568542480469;4.600616455078125
32443000;4.6950020790100097656;-0.19113469123840332031;4.600616455078125
32455000;4.694156646728515625;-0.17148303985595703125;4.600616455078125
32467000;4.6935734748840332031;-0.1596240997314453125;4.600616455078125
32479000;4.6978564262390136719;-0.29384660720825195312;4.600616455078125
32491000;4.6961622238159179688;-0.24879598617553710938;4.600616455078125
32503000;4.6978244781494140625;-0.32029199600219726562;4.600616455078125
32515000;4.6983056068420410156;-0.30202817916870117188;4.600616455078125
32527000;4.6989455223083496094;-0.32370018959045410156;4.600616455078125
32540000;4.7012381553649902344;-0.36191725730895996094;4.600616455078125
32553000;4.6993441581726074219;-0.374507904052734375;4.600616455078125
32565000;4.701831817626953125;-0.4551677703857421875;4.600616455078125
32577000;4.7006921768188476562;-0.42706632614135742188;4.600616455078125
32589000;4.6993002891540527344;-0.39131140708923339844;4.600616455078125
32601000;4.7004523277282714844;-0.43186092376708984375;4.600616455078125
32613000;4.7018251419067382812;-0.47911381721496582031;4.600616455078125
32625000;4.7015161514282226562;-0.50983262062072753906;4.600616455078125
32638000;4.7000384330749511719;-0.50552845001220703125;4.600616455078125
32650000;4.7011842727661132812;-0.55451893806457519531;4.600616455078125
32662000;4.7036304473876953125;-0.55856966972351074219;4.600616455078125
32675000;4.7026190757751464844;-0.5343475341796875;4.600616455078125
32687000;4.70151519775390625;-0.53605604171752929688;4.600616455078125
32699000;4.7031497955322265625;-0.56250357627868652344;4.600616455078125
32711000;4.7022995948791503906;-0.54315614700317382812;4.600616455078125
32723000;4.7009205818176269531;-0.55569958686828613281;4.600616455078125
32735000;4.7026185989379882812;-0.60269975662231445312;4.600616455078125
32747000;4.7020215988159179688;-0.58680748939514160156;4.600616455078125
32759000;4.7027826309204101562;-0.62303829193115234375;4.600616455078125
32771000;4.7033238410949707031;-0.67346501350402832031;4.600616455078125
32783000;4.7036762237548828125;-0.64559864997863769531;4.600616455078125
32795000;4.7031130790710449219;-0.61059260368347167969;4.600616455078125
32807000;4.7048878669738769531;-0.60438323020935058594;4.600616455078125
32819000;4.7014346122741699219;-0.54562067985534667969;4.600616455078125
32832000;4.7011537551879882812;-0.52849674224853515625;4.600616455078125
32845000;4.6999902725219726562;-0.54211711883544921875;4.600616455078125
32857000;4.6996426582336425781;-0.53766131401062011719;4.600616455078125
32869000;4.7004971504211425781;-0.56931519508361816406;4.600616455078125
32882000;4.7006916999816894531;-0.58213543891906738281;4.600616455078125
32894000;4.7025713920593261719;-0.72658467292785644531;4.600616455078125
32906000;4.7024626731872558594;-0.64747023582458496094;4.600616455078125
32918000;4.7040729522705078125;-0.70188212394714355469;4.600616455078125
32930000;4.7059879302978515625;-0.76552987098693847656;4.600616455078125
32943000;4.7050166130065917969;-0.67818903923034667969;4.600616455078125
32955000;4.7051343917846679688;-0.639545440673828125;4.600616455078125
32967000;4.7033209800720214844;-0.67084288597106933594;4.600616455078125
32980000;4.7039012908935546875;-0.72870922088623046875;4.600616455078125
32992000;4.7045292854309082031;-0.75380539894104003906;4.600616455078125
33004000;4.7046990394592285156;-0.76513743400573730469;4.600616455078125
33017000;4.7044835090637207031;-0.76485586166381835938;4.600616455078125
33029000;4.7045264244079589844;-0.77233028411865234375;4.600616455078125
33041000;4.7045440673828125;-0.75909590721130371094;4.600616455078125
33053000;4.7033963203430175781;-0.71623992919921875;4.600616455078125
33066000;4.7021355628967285156;-0.72002100944519042969;4.600616455078125
33078000;4.7011804580688476562;-0.69746828079223632812;4.600616455078125
33090000;4.7035212516784667969;-0.77387404441833496094;4.600616455078125
33102000;4.7031722068786621094;-0.76964044570922851562;4.600616455078125
33114000;4.7039670944213867188;-0.79968547821044921875;4.600616455078125
33127000;4.7042279243469238281;-0.84447479248046875;4.600616455078125
33139000;4.7031812667846679688;-0.89477109909057617188;4.600616455078125
33151000;4.7039480209350585938;-0.84908390045166015625;4.600616455078125
33164000;4.7069635391235351562;-0.91560244560241699219;4.600616455078125
33177000;4.7054576873779296875;-0.80858588218688964844;4.600616455078125
33190000;4.7060384750366210938;-0.90149688720703125;4.600616455078125
33203000;4.7070040702819824219;-0.93683218955993652344;4.600616455078125
33216000;4.7096562385559082031;-1.0239248275756835938;4.600616455078125
33229000;4.7082529067993164062;-0.98827147483825683594;4.600616455078125
33240000;4.7092390060424804688;-1.02429962158203125;4.600616455078125
33253000;4.710296630859375;-1.0221831798553466797;4.600616455078125
33265000;4.7135877609252929688;-1.0842833518981933594;4.600616455078125
33277000;4.7114233970642089844;-1.0732183456420898438;4.600616455078125
33289000;4.7088165283203125;-1.0227799415588378906;4.600616455078125
33301000;4.7091569900512695312;-1.0724401473999023438;4.600616455078125
33313000;4.7095518112182617188;-1.1414468288421630859;4.600616455078125
33325000;4.7077646255493164062;-1.1149783134460449219;4.600616455078125
33338000;4.7078375816345214844;-1.0672597885131835938;4.600616455078125
33350000;4.7081751823425292969;-1.1044158935546875;4.600616455078125
33362000;4.7114200592041015625;-1.1563575267791748047;4.600616455078125
33375000;4.7103571891784667969;-1.1310231685638427734;4.600616455078125
33387000;4.7099390029907226562;-1.1249785423278808594;4.600616455078125
33399000;4.7106804847717285156;-1.1537714004516601562;4.600616455078125
33411000;4.7090768814086914062;-1.1122419834136962891;4.600616455078125
33423000;4.7086896896362304688;-1.1124711036682128906;4.600616455078125
33435000;4.7108149528503417969;-1.178501129150390625;4.600616455078125
33447000;4.7086148262023925781;-1.1334967613220214844;4.600616455078125
33460000;4.71137237548828125;-1.2085599899291992188;4.600616455078125
33472000;4.710727691650390625;-1.1958115100860595703;4.600616455078125
33485000;4.7116231918334960938;-1.155261993408203125;4.600616455078125
33497000;4.7100615501403808594;-1.1004917621612548828;4.600616455078125
33509000;4.7111773490905761719;-1.1846587657928466797;4.600616455078125
33521000;4.71068572998046875;-1.1844370365142822266;4.600616455078125
33534000;4.7102932929992675781;-1.1529262065887451172;4.600616455078125
33547000;4.7079691886901855469;-1.1534323692321777344;4.600616455078125
33559000;4.7072510719299316406;-1.1384072303771972656;4.600616455078125
33571000;4.7059154510498046875;-1.1048159599304199219;4.600616455078125
33584000;4.7078809738159179688;-1.1712272167205810547;4.600616455078125
33596000;4.7068123817443847656;-1.2351315021514892578;4.600616455078125
33608000;4.7079868316650390625;-1.2407832145690917969;4.600616455078125
33620000;4.7112073898315429688;-1.2904844284057617188;4.600616455078125
33633000;4.7120618820190429688;-1.3228144645690917969;4.600616455078125
33646000;4.7139682769775390625;-1.3603076934814453125;4.600616455078125
33658000;4.7124361991882324219;-1.3440864086151123047;4.600616455078125
33670000;4.714069366455078125;-1.4044828414916992188;4.600616455078125
33682000;4.7129988670349121094;-1.384646296501159668;4.600616455078125
33694000;4.711822509765625;-1.4398249387741088867;4.600616455078125
33706000;4.7136569023132324219;-1.4743318557739257812;4.600616455078125
33718000;4.7126131057739257812;-1.4297362565994262695;4.600616455078125
33731000;4.7155270576477050781;-1.4820833206176757812;4.600616455078125
33743000;4.716503143310546875;-1.5182549953460693359;4.600616455078125
33755000;4.7185645103454589844;-1.5870171785354614258;4.600616455078125
33767000;4.7178745269775390625;-1.5732967853546142578;4.600616455078125
33779000;4.7184362411499023438;-1.5971686840057373047;4.600616455078125
33791000;4.7148060798645019531;-1.4951810836791992188;4.600616455078125
33804000;4.7142138481140136719;-1.5065256357192993164;4.600616455078125
33816000;4.7154984474182128906;-1.5308933258056640625;4.600616455078125
33828000;4.715686798095703125;-1.5434272289276123047;4.600616455078125
33841000;4.7160849571228027344;-1.5622777938842773438;4.600616455078125
33854000;4.7154417037963867188;-1.5191253423690795898;4.600616455078125
33867000;4.7161111831665039062;-1.577982783317565918;4.600616455078125
33879000;4.7179765701293945312;-1.6409080028533935547;4.600616455078125
33891000;4.7162141799926757812;-1.6198688745498657227;4.600616455078125
33903000;4.7159662246704101562;-1.594622492790222168;4.600616455078125
33915000;4.7167072296142578125;-1.6734874248504638672;4.600616455078125
33928000;4.7197561264038085938;-1.7235460281372070312;4.600616455078125
33941000;4.7200560569763183594;-1.7159140110015869141;4.600616455078125
33954000;4.7190761566162109375;-1.7185627222061157227;4.600616455078125
33966000;4.7204174995422363281;-1.766011357307434082;4.600616455078125
33979000;4.7207770347595214844;-1.8334101438522338867;4.600616455078125
33993000;4.7196826934814453125;-1.7510321140289306641;4.600616455078125
34006000;4.7206315994262695312;-1.7964376211166381836;4.600616455078125
34018000;4.7208814620971679688;-1.8111665248870849609;4.600616455078125
34031000;4.7195253372192382812;-1.8247723579406738281;4.600616455078125
34043000;4.7176342010498046875;-1.8240492343902587891;4.600616455078125
34056000;4.7202620506286621094;-1.8152889013290405273;4.600616455078125
34068000;4.7193140983581542969;-1.7939307689666748047;4.600616455078125
34080000;4.7192554473876953125;-1.799281001091003418;4.600616455078125
34092000;4.7183098793029785156;-1.777922511100769043;4.600616455078125
34104000;4.7200679779052734375;-1.8377379179000854492;4.600616455078125
34116000;4.7204065322875976562;-1.8550198078155517578;4.600616455078125
34129000;4.7179059982299804688;-1.7870707511901855469;4.600616455078125
34142000;4.716953277587890625;-1.7666757106781005859;4.600616455078125
34155000;4.71642303466796875;-1.7577958106994628906;4.600616455078125
34167000;4.716533660888671875;-1.8643983602523803711;4.600616455078125
34179000;4.7169690132141113281;-1.8824533224105834961;4.600616455078125
34192000;4.7199277877807617188;-1.8852403163909912109;4.600616455078125
34205000;4.7184600830078125;-1.7969510555267333984;4.600616455078125
34218000;4.7163190841674804688;-1.7921820878982543945;4.600616455078125
34231000;4.7153296470642089844;-1.8166859149932861328;4.600616455078125
34243000;4.7168202400207519531;-1.8386402130126953125;4.600616455078125
34255000;4.71666717529296875;-1.8448567390441894531;4.600616455078125
34267000;4.71649169921875;-1.8827799558639526367;4.600616455078125
34279000;4.7158060073852539062;-1.8114892244338989258;4.600616455078125
34291000;4.7147402763366699219;-1.7854024171829223633;4.600616455078125
34303000;4.7175230979919433594;-1.8228296041488647461;4.600616455078125
34316000;4.7152833938598632812;-1.8305177688598632812;4.600616455078125
34328000;4.7167825698852539062;-1.8694422245025634766;4.600616455078125
34340000;4.7136673927307128906;-1.7829079627990722656;4.600616455078125
34352000;4.7142076492309570312;-1.8060131072998046875;4.600616455078125
34364000;4.7140622138977050781;-1.8085197210311889648;4.600616455078125
34376000;4.71514892578125;-1.8480141162872314453;4.600616455078125
34389000;4.7132782936096191406;-1.8775843381881713867;4.600616455078125
34401000;4.713916778564453125;-1.9087518453598022461;4.600616455078125
34413000;4.7151899337768554688;-1.8660682439804077148;4.600616455078125
34426000;4.7143206596374511719;-1.8517539501190185547;4.600616455078125
34438000;4.7142815589904785156;-1.8574112653732299805;4.600616455078125
34450000;4.7119188308715820312;-1.7932658195495605469;4.600616455078125
34463000;4.7090024948120117188;-1.7134915590286254883;4.600616455078125
34476000;4.710445404052734375;-1.7634013891220092773;4.600616455078125
34488000;4.7124958038330078125;-1.8315534591674804688;4.600616455078125
34500000;4.7132792472839355469;-1.8617393970489501953;4.600616455078125
34512000;4.7133855819702148438;-1.8716486692428588867;4.600616455078125
34524000;4.7140588760375976562;-1.8985736370086669922;4.600616455078125
34536000;4.7141823768615722656;-1.9090148210525512695;4.600616455078125
34550000;4.7101840972900390625;-1.7969045639038085938;4.600616455078125
34562000;4.7106547355651855469;-1.8176829814910888672;4.600616455078125
34574000;4.7105998992919921875;-1.8226728439331054688;4.600616455078125
34586000;4.7084522247314453125;-1.7648488283157348633;4.600616455078125
34598000;4.7105360031127929688;-1.8339773416519165039;4.600616455078125
34610000;4.7129101753234863281;-1.9119496345520019531;4.600616455078125
34622000;4.7123684883117675781;-1.902472376823425293;4.600616455078125
34635000;4.7139697074890136719;-2.0080103874206542969;4.600616455078125
34647000;4.7156052589416503906;-1.9833970069885253906;4.600616455078125
34659000;4.7152695655822753906;-2.017578125;4.600616455078125
34672000;4.7137379646301269531;-1.9720151424407958984;4.600616455078125
34684000;4.7145266532897949219;-2.0025041103363037109;4.600616455078125
34696000;4.7150011062622070312;-2.0235676765441894531;4.600616455078125
34708000;4.714916229248046875;-2.0278620719909667969;4.600616455078125
34720000;4.7144875526428222656;-2.0219128131866455078;4.600616455078125
34733000;4.7143597602844238281;-2.0249886512756347656;4.600616455078125
34746000;4.7142777442932128906;-2.1083478927612304688;4.600616455078125
34759000;4.7170176506042480469;-2.1196827888488769531;4.600616455078125
34772000;4.7184977531433105469;-2.12268829345703125;4.600616455078125
34784000;4.7166280746459960938;-2.0587635040283203125;4.600616455078125
34797000;4.7163090705871582031;-2.120426177978515625;4.600616455078125
34809000;4.7169389724731445312;-2.1463842391967773438;4.600616455078125
34821000;4.7185878753662109375;-2.2029731273651123047;4.600616455078125
34832000;4.7177343368530273438;-2.1954998970031738281;4.600616455078125
34845000;4.7202534675598144531;-2.2671463489532470703;4.600616455078125
34857000;4.7216343879699707031;-2.3157515525817871094;4.600616455078125
34869000;4.7199072837829589844;-2.2711038589477539062;4.600616455078125
34882000;4.7198119163513183594;-2.2466657161712646484;4.600616455078125
34894000;4.7193746566772460938;-2.2814702987670898438;4.600616455078125
34906000;4.7194056510925292969;-2.2213807106018066406;4.600616455078125
34918000;4.7183766365051269531;-2.1893754005432128906;4.600616455078125
34930000;4.7171630859375;-2.2253413200378417969;4.600616455078125
34943000;4.7150540351867675781;-2.1690726280212402344;4.600616455078125
34956000;4.7142000198364257812;-2.2348237037658691406;4.600616455078125
34968000;4.714450836181640625;-2.2577390670776367188;4.600616455078125
34980000;4.7165136337280273438;-2.2347135543823242188;4.600616455078125
34994000;4.7149853706359863281;-2.1809420585632324219;4.600616455078125
35007000;4.7129240036010742188;-2.1417756080627441406;4.600616455078125
35019000;4.711574554443359375;-2.1080179214477539062;4.600616455078125
35032000;4.7146344184875488281;-2.2076878547668457031;4.600616455078125
35044000;4.711650848388671875;-2.1938180923461914062;4.600616455078125
35057000;4.7140851020812988281;-2.2046918869018554688;4.600616455078125
35070000;4.712879180908203125;-2.0839512348175048828;4.600616455078125
35082000;4.7109737396240234375;-2.1257824897766113281;4.600616455078125
35094000;4.7131237983703613281;-2.1386256217956542969;4.600616455078125
35107000;4.7082476615905761719;-2.0572817325592041016;4.600616455078125
35119000;4.7075471878051757812;-2.0427603721618652344;4.600616455078125
35132000;4.7103052139282226562;-2.1397716999053955078;4.600616455078125
35144000;4.7086029052734375;-2.0885801315307617188;4.600616455078125
35156000;4.7088823318481445312;-2.1033992767333984375;4.600616455078125
35169000;4.7092294692993164062;-2.0144138336181640625;4.600616455078125
35182000;4.7083039283752441406;-2.1000490188598632812;4.600616455078125
35194000;4.7052183151245117188;-2.0139424800872802734;4.600616455078125
35207000;4.7064642906188964844;-2.0577301979064941406;4.600616455078125
35219000;4.7071805000305175781;-2.1542234420776367188;4.600616455078125
35232000;4.7088499069213867188;-2.1747293472290039062;4.600616455078125
35245000;4.7096700668334960938;-2.0939574241638183594;4.600616455078125
35257000;4.7084264755249023438;-2.1435761451721191406;4.600616455078125
35269000;4.7082600593566894531;-2.1387126445770263672;4.600616455078125
35281000;4.7086625099182128906;-2.1636545658111572266;4.600616455078125
35293000;4.7085638046264648438;-2.1652204990386962891;4.600616455078125
35305000;4.7077431678771972656;-2.2217085361480712891;4.600616455078125
35318000;4.7109398841857910156;-2.2526683807373046875;4.600616455078125
35330000;4.7086582183837890625;-2.1907329559326171875;4.600616455078125
35342000;4.7090282440185546875;-2.3016228675842285156;4.600616455078125
35354000;4.7119050025939941406;-2.3386430740356445312;4.600616455078125
35366000;4.7113962173461914062;-2.2902078628540039062;4.600616455078125
35378000;4.7105727195739746094;-2.2665202617645263672;4.600616455078125
35391000;4.7108221054077148438;-2.2885670661926269531;4.600616455078125
35404000;4.7088632583618164062;-2.2374482154846191406;4.600616455078125
35416000;4.7107191085815429688;-2.2764377593994140625;4.600616455078125
35428000;4.7104310989379882812;-2.2977006435394287109;4.600616455078125
35441000;4.7093219757080078125;-2.2709717750549316406;4.600616455078125
35453000;4.7104406356811523438;-2.3110725879669189453;4.600616455078125
35465000;4.7121644020080566406;-2.36939239501953125;4.600616455078125
35478000;4.7150478363037109375;-2.3935780525207519531;4.600616455078125
35490000;4.7141790390014648438;-2.3899970054626464844;4.600616455078125
35502000;4.7146716117858886719;-2.3705630302429199219;4.600616455078125
35514000;4.7134656906127929688;-2.3612694740295410156;4.600616455078125
35526000;4.7141737937927246094;-2.3952741622924804688;4.600616455078125
35538000;4.7117266654968261719;-2.3977525234222412109;4.600616455078125
35551000;4.7136096954345703125;-2.4610230922698974609;4.600616455078125
35563000;4.7135949134826660156;-2.4674065113067626953;4.600616455078125
35575000;4.7129731178283691406;-2.4679834842681884766;4.600616455078125
35588000;4.7118892669677734375;-2.459224700927734375;4.600616455078125
35600000;4.7136631011962890625;-2.5231363773345947266;4.600616455078125
35612000;4.7142190933227539062;-2.5142712593078613281;4.600616455078125
35625000;4.7123637199401855469;-2.4653263092041015625;4.600616455078125
35637000;4.7134451866149902344;-2.5044980049133300781;4.600616455078125
35649000;4.7126941680908203125;-2.4887397289276123047;4.600616455078125
35661000;4.7130098342895507812;-2.5049622058868408203;4.600616455078125
35673000;4.7102751731872558594;-2.5022165775299072266;4.600616455078125
35686000;4.7122368812561035156;-2.4962410926818847656;4.600616455078125
35699000;4.7135548591613769531;-2.5214810371398925781;4.600616455078125
35711000;4.713321685791015625;-2.5272755622863769531;4.600616455078125
35723000;4.7130756378173828125;-2.5414628982543945312;4.600616455078125
35735000;4.7125558853149414062;-2.4623050689697265625;4.600616455078125
35748000;4.7101454734802246094;-2.4679250717163085938;4.600616455078125
35760000;4.709690093994140625;-2.4608800411224365234;4.600616455078125
35772000;4.7098908424377441406;-2.473583221435546875;4.600616455078125
35785000;4.7116212844848632812;-2.5439639091491699219;4.600616455078125
35798000;4.7113862037658691406;-2.5328495502471923828;4.600616455078125
35811000;4.7088136672973632812;-2.4425592422485351562;4.600616455078125
35823000;4.7105808258056640625;-2.4468123912811279297;4.600616455078125
35836000;4.7094655036926269531;-2.4958794116973876953;4.600616455078125
35848000;4.7073588371276855469;-2.4392435550689697266;4.600616455078125
35861000;4.7071251869201660156;-2.49420166015625;4.600616455078125
35873000;4.7077021598815917969;-2.5141630172729492188;4.600616455078125
35885000;4.7072649002075195312;-2.4542093276977539062;4.600616455078125
35898000;4.7050151824951171875;-2.3956291675567626953;4.600616455078125
35911000;4.7047410011291503906;-2.3947939872741699219;4.600616455078125
35924000;4.7038598060607910156;-2.3746767044067382812;4.600616455078125
35936000;4.7044453620910644531;-2.3985171318054199219;4.600616455078125
35948000;4.7019944190979003906;-2.3312001228332519531;4.600616455078125
35960000;4.7065997123718261719;-2.4756209850311279297;4.600616455078125
35972000;4.7083606719970703125;-2.5348608493804931641;4.600616455078125
35984000;4.7071971893310546875;-2.5063152313232421875;4.600616455078125
35996000;4.709171295166015625;-2.5719273090362548828;4.600616455078125
36008000;4.7090754508972167969;-2.5754094123840332031;4.600616455078125
36020000;4.7071309089660644531;-2.5234498977661132812;4.600616455078125
36032000;4.7074265480041503906;-2.5386209487915039062;4.600616455078125
36045000;4.70516204833984375;-2.4769215583801269531;4.600616455078125
36057000;4.7043180465698242188;-2.4834952354431152344;4.600616455078125
36069000;4.70549774169921875;-2.4498643875122070312;4.600616455078125
36082000;4.7062287330627441406;-2.5288550853729248047;4.600616455078125
36094000;4.7056050300598144531;-2.5165057182312011719;4.600616455078125
36106000;4.707550048828125;-2.5812783241271972656;4.600616455078125
36118000;4.7075467109680175781;-2.5876941680908203125;4.600616455078125
36130000;4.708782196044921875;-2.6312079429626464844;4.600616455078125
36143000;4.7083177566528320312;-2.6237051486968994141;4.600616455078125
36155000;4.7114605903625488281;-2.7244727611541748047;4.600616455078125
36167000;4.7111968994140625;-2.6181187629699707031;4.600616455078125
36180000;4.7059302330017089844;-2.5726230144500732422;4.600616455078125
36193000;4.7056884765625;-2.6050550937652587891;4.600616455078125
36205000;4.70218658447265625;-2.5302579402923583984;4.600616455078125
36217000;4.7022008895874023438;-2.5481932163238525391;4.600616455078125
36231000;4.7052316665649414062;-2.57769775390625;4.600616455078125
36244000;4.7037305831909179688;-2.5398759841918945312;4.600616455078125
36256000;4.7027788162231445312;-2.5175156593322753906;4.600616455078125
36268000;4.6997518539428710938;-2.4327979087829589844;4.600616455078125
36281000;4.6993107795715332031;-2.4713437557220458984;4.600616455078125
36293000;4.7000064849853515625;-2.452404022216796875;4.600616455078125
36306000;4.7025113105773925781;-2.5345101356506347656;4.600616455078125
36318000;4.6996722221374511719;-2.455291748046875;4.600616455078125
36330000;4.6978087425231933594;-2.4052143096923828125;4.600616455078125
36342000;4.6993794441223144531;-2.4581999778747558594;4.600616455078125
36354000;4.6995730400085449219;-2.4698994159698486328;4.600616455078125
36367000;4.6989541053771972656;-2.4388933181762695312;4.600616455078125
36379000;4.6999878883361816406;-2.4574091434478759766;4.600616455078125
36392000;4.69957733154296875;-2.4887912273406982422;4.600616455078125
36404000;4.6994757652282714844;-2.4917137622833251953;4.600616455078125
36416000;4.6998853683471679688;-2.5099558830261230469;4.600616455078125
36428000;4.7011327743530273438;-2.5533578395843505859;4.600616455078125
36440000;4.7015957832336425781;-2.5733058452606201172;4.600616455078125
36453000;4.702861785888671875;-2.5322866439819335938;4.600616455078125
36466000;4.700592041015625;-2.5563428401947021484;4.600616455078125
36478000;4.7015204429626464844;-2.5902698040008544922;4.600616455078125
36490000;4.6994509696960449219;-2.5342683792114257812;4.600616455078125
36503000;4.6999564170837402344;-2.6118695735931396484;4.600616455078125
36516000;4.6999039649963378906;-2.6399915218353271484;4.600616455078125
36528000;4.701190948486328125;-2.6599607467651367188;4.600616455078125
36540000;4.7018070220947265625;-2.6979351043701171875;4.600616455078125
36552000;4.7002844810485839844;-2.6581714153289794922;4.600616455078125
36564000;4.7012176513671875;-2.6027104854583740234;4.600616455078125
36577000;4.698360443115234375;-2.544734954833984375;4.600616455078125
36590000;4.6977033615112304688;-2.5112905502319335938;4.600616455078125
36602000;4.6965889930725097656;-2.5042431354522705078;4.600616455078125
36614000;4.6997804641723632812;-2.5534961223602294922;4.600616455078125
36626000;4.697540283203125;-2.5445590019226074219;4.600616455078125
36638000;4.6988554000854492188;-2.6544148921966552734;4.600616455078125
36650000;4.6983017921447753906;-2.5792214870452880859;4.600616455078125
36663000;4.6979088783264160156;-2.5732910633087158203;4.600616455078125
36675000;4.6985788345336914062;-2.5992000102996826172;4.600616455078125
36688000;4.6977968215942382812;-2.5382502079010009766;4.600616455078125
36701000;4.6951584815979003906;-2.5091381072998046875;4.600616455078125
36713000;4.6951174736022949219;-2.5136957168579101562;4.600616455078125
36725000;4.6955227851867675781;-2.531574249267578125;4.600616455078125
36737000;4.6943440437316894531;-2.5019443035125732422;4.600616455078125
36751000;4.6943049430847167969;-2.5073554515838623047;4.600616455078125
36763000;4.6951208114624023438;-2.5374152660369873047;4.600616455078125
36775000;4.694103240966796875;-2.5124516487121582031;4.600616455078125
36787000;4.6945137977600097656;-2.5303735733032226562;4.600616455078125
36799000;4.6926217079162597656;-2.4791319370269775391;4.600616455078125
36811000;4.6929459571838378906;-2.4943916797637939453;4.600616455078125
36823000;4.6932225227355957031;-2.5082335472106933594;4.600616455078125
36835000;4.6918177604675292969;-2.4716515541076660156;4.600616455078125
36848000;4.6917128562927246094;-2.474971771240234375;4.600616455078125
36860000;4.689289093017578125;-2.4076604843139648438;4.600616455078125
36873000;4.6907162666320800781;-2.4558472633361816406;4.600616455078125
36885000;4.6908144950866699219;-2.4382770061492919922;4.600616455078125
36897000;4.6902189254760742188;-2.4474866390228271484;4.600616455078125
36909000;4.6898136138916015625;-2.4448270797729492188;4.600616455078125
36921000;4.691158294677734375;-2.4700253009796142578;4.600616455078125
36933000;4.6908860206604003906;-2.4109091758728027344;4.600616455078125
36947000;4.685863494873046875;-2.3432364463806152344;4.600616455078125
36959000;4.68621826171875;-2.4324283599853515625;4.600616455078125
36971000;4.6860280036926269531;-2.4071385860443115234;4.600616455078125
36983000;4.6851453781127929688;-2.4141461849212646484;4.600616455078125
36995000;4.6868987083435058594;-2.4115128517150878906;4.600616455078125
37007000;4.6874508857727050781;-2.3958849906921386719;4.600616455078125
37019000;4.6866970062255859375;-2.4127352237701416016;4.600616455078125
37032000;4.6879019737243652344;-2.4413459300994873047;4.600616455078125
37045000;4.6888341903686523438;-2.4191861152648925781;4.600616455078125
37057000;4.689327239990234375;-2.4606058597564697266;4.600616455078125
37070000;4.6888012886047363281;-2.4850575923919677734;4.600616455078125
37083000;4.6867313385009765625;-2.4711809158325195312;4.600616455078125
37095000;4.6893773078918457031;-2.4620919227600097656;4.600616455078125
37107000;4.6897668838500976562;-2.5216450691223144531;4.600616455078125
37119000;4.6903758049011230469;-2.4674711227416992188;4.600616455078125
37133000;4.68672943115234375;-2.4500772953033447266;4.600616455078125
37145000;4.6890802383422851562;-2.5793073177337646484;4.600616455078125
37158000;4.6896314620971679688;-2.5487082004547119141;4.600616455078125
37170000;4.68987274169921875;-2.5612461566925048828;4.600616455078125
37182000;4.69207000732421875;-2.632518768310546875;4.600616455078125
37194000;4.6925983428955078125;-2.6537680625915527344;4.600616455078125
37207000;4.69147491455078125;-2.5914826393127441406;4.600616455078125
37219000;4.6904702186584472656;-2.6016695499420166016;4.600616455078125
37233000;4.6893153190612792969;-2.5724766254425048828;4.600616455078125
37245000;4.6873950958251953125;-2.5913815498352050781;4.600616455078125
37257000;4.68807220458984375;-2.6075177192687988281;4.600616455078125
37271000;4.689922332763671875;-2.6075978279113769531;4.600616455078125
37283000;4.6927876472473144531;-2.6006395816802978516;4.600616455078125
37295000;4.6899394989013671875;-2.5911591053009033203;4.600616455078125
37307000;4.6896643638610839844;-2.5548388957977294922;4.600616455078125
37319000;4.6881999969482421875;-2.5556209087371826172;4.600616455078125
37332000;4.6878247261047363281;-2.5721063613891601562;4.600616455078125
37344000;4.6875481605529785156;-2.5690586566925048828;4.600616455078125
37356000;4.6869359016418457031;-2.5559644699096679688;4.600616455078125
37368000;4.6874089241027832031;-2.5753879547119140625;4.600616455078125
37381000;4.6892552375793457031;-2.6170744895935058594;4.600616455078125
37393000;4.6902279853820800781;-2.6408159732818603516;4.600616455078125
37406000;4.6890840530395507812;-2.6423695087432861328;4.600616455078125
37418000;4.6873912811279296875;-2.5968725681304931641;4.600616455078125
37431000;4.6883482933044433594;-2.6386466026306152344;4.600616455078125
37444000;4.6888637542724609375;-2.6524927616119384766;4.600616455078125
37457000;4.6874566078186035156;-2.6154901981353759766;4.600616455078125
37469000;4.6877942085266113281;-2.6307520866394042969;4.600616455078125
37481000;4.6864647865295410156;-2.5959827899932861328;4.600616455078125
37493000;4.6874432563781738281;-2.6303980350494384766;4.600616455078125
37505000;4.6854219436645507812;-2.5748243331909179688;4.600616455078125
37517000;4.6855316162109375;-2.5831084251403808594;4.600616455078125
37529000;4.6866946220397949219;-2.6230514049530029297;4.600616455078125
37541000;4.6847939491271972656;-2.5127604007720947266;4.600616455078125
37554000;4.6807723045349121094;-2.4562048912048339844;4.600616455078125
37566000;4.6834192276000976562;-2.5406029224395751953;4.600616455078125
37578000;4.6849083900451660156;-2.5903477668762207031;4.600616455078125
37590000;4.6838521957397460938;-2.5636827945709228516;4.600616455078125
37602000;4.683658599853515625;-2.5628030300140380859;4.600616455078125
37615000;4.6835546493530273438;-2.5160889625549316406;4.600616455078125
37627000;4.6830434799194335938;-2.4884171485900878906;4.600616455078125
37640000;4.6800456047058105469;-2.4697873592376708984;4.600616455078125
37652000;4.6786246299743652344;-2.431896209716796875;4.600616455078125
37664000;4.6811008453369140625;-2.5110497474670410156;4.600616455078125
37676000;4.6782217025756835938;-2.4295122623443603516;4.600616455078125
37688000;4.6796483993530273438;-2.4770638942718505859;4.600616455078125
37700000;4.6807165145874023438;-2.5138905048370361328;4.600616455078125
37712000;4.6815524101257324219;-2.5164194107055664062;4.600616455078125
37724000;4.6816682815551757812;-2.5521233081817626953;4.600616455078125
37736000;4.6789584159851074219;-2.4755988121032714844;4.600616455078125
37749000;4.6782093048095703125;-2.5229496955871582031;4.600616455078125
37761000;4.6807665824890136719;-2.510555267333984375;4.600616455078125
37773000;4.6776289939880371094;-2.3948981761932373047;4.600616455078125
37786000;4.6765079498291015625;-2.4421167373657226562;4.600616455078125
37800000;4.6754865646362304688;-2.3961355686187744141;4.600616455078125
37813000;4.6737718582153320312;-2.3832240104675292969;4.600616455078125
37825000;4.6744742393493652344;-2.376598358154296875;4.600616455078125
37837000;4.6736745834350585938;-2.3557863235473632812;4.600616455078125
37849000;4.6728963851928710938;-2.3370914459228515625;4.600616455078125
37861000;4.6721906661987304688;-2.2559306621551513672;4.600616455078125
37874000;4.6703786849975585938;-2.2696406841278076172;4.600616455078125
37887000;4.6699900627136230469;-2.2621507644653320312;4.600616455078125
37900000;4.6710667610168457031;-2.2993295192718505859;4.600616455078125
37912000;4.6689596176147460938;-2.2908527851104736328;4.600616455078125
37924000;4.6679148674011230469;-2.2705702781677246094;4.600616455078125
37936000;4.6710252761840820312;-2.3104307651519775391;4.600616455078125
37949000;4.6694507598876953125;-2.2673032283782958984;4.600616455078125
37961000;4.669933319091796875;-2.2858600616455078125;4.600616455078125
37973000;4.6685876846313476562;-2.2495360374450683594;4.600616455078125
37985000;4.6694192886352539062;-2.2289254665374755859;4.600616455078125
37998000;4.6675744056701660156;-2.2103211879730224609;4.600616455078125
38010000;4.6671686172485351562;-2.2198505401611328125;4.600616455078125
38022000;4.6687188148498535156;-2.2703716754913330078;4.600616455078125
38034000;4.6684870719909667969;-2.2674908638000488281;4.600616455078125
38047000;4.6687402725219726562;-2.2132418155670166016;4.600616455078125
38059000;4.6680169105529785156;-2.2359485626220703125;4.600616455078125
38071000;4.6664371490478515625;-2.1744513511657714844;4.600616455078125
38084000;4.6663517951965332031;-2.2199504375457763672;4.600616455078125
38097000;4.6629686355590820312;-2.1272499561309814453;4.600616455078125
38109000;4.6633400917053222656;-2.1372082233428955078;4.600616455078125
38121000;4.6624188423156738281;-2.2034144401550292969;4.600616455078125
38134000;4.66535186767578125;-2.2058253288269042969;4.600616455078125
38146000;4.6636791229248046875;-2.15941619873046875;4.600616455078125
38158000;4.6631112098693847656;-2.1460552215576171875;4.600616455078125
38170000;4.6632504463195800781;-2.1539244651794433594;4.600616455078125
38182000;4.6629586219787597656;-2.1488442420959472656;4.600616455078125
38194000;4.6630034446716308594;-2.1538751125335693359;4.600616455078125
38206000;4.6615414619445800781;-2.1137092113494873047;4.600616455078125
38219000;4.6608490943908691406;-2.1168303489685058594;4.600616455078125
38232000;4.6618318557739257812;-2.1304366588592529297;4.600616455078125
38245000;4.6645708084106445312;-2.2163736820220947266;4.600616455078125
38257000;4.665576934814453125;-2.2509627342224121094;4.600616455078125
38269000;4.6653409004211425781;-2.2477002143859863281;4.600616455078125
38282000;4.6635532379150390625;-2.1978211402893066406;4.600616455078125
38294000;4.6617956161499023438;-2.1488068103790283203;4.600616455078125
38307000;4.6611227989196777344;-2.1486117839813232422;4.600616455078125
38319000;4.6607098579406738281;-2.1564400196075439453;4.600616455078125
38331000;4.6557941436767578125;-2.0670564174652099609;4.600616455078125
38343000;4.6551389694213867188;-2.0175898075103759766;4.600616455078125
38355000;4.6544780731201171875;-1.9469214677810668945;4.600616455078125
38367000;4.6539063453674316406;-1.9330555200576782227;4.600616455078125
38380000;4.6529192924499511719;-1.9931164979934692383;4.600616455078125
38395000;4.6527757644653320312;-1.8906686305999755859;4.600616455078125
38407000;4.6519627571105957031;-1.9430932998657226562;4.600616455078125
38420000;4.657459259033203125;-2.0541403293609619141;4.600616455078125
38433000;4.6563043594360351562;-2.0096967220306396484;4.600616455078125
38446000;4.6542735099792480469;-1.9657008647918701172;4.600616455078125
38458000;4.656093597412109375;-2.0236177444458007812;4.600616455078125
38470000;4.6544160842895507812;-1.9765893220901489258;4.600616455078125
38483000;4.6541371345520019531;-2.0089926719665527344;4.600616455078125
38495000;4.6534857749938964844;-1.9842573404312133789;4.600616455078125
38508000;4.6547746658325195312;-1.9975966215133666992;4.600616455078125
38520000;4.6531195640563964844;-1.9510760307312011719;4.600616455078125
38532000;4.6537594795227050781;-1.9733669757843017578;4.600616455078125
38545000;4.6526918411254882812;-1.9444741010665893555;4.600616455078125
38558000;4.6518096923828125;-1.9216644763946533203;4.600616455078125
38570000;4.6531095504760742188;-1.9638640880584716797;4.600616455078125
38583000;4.6500544548034667969;-1.9604015350341796875;4.600616455078125
38595000;4.6519370079040527344;-2.0171427726745605469;4.600616455078125
38607000;4.6525783538818359375;-1.957322239875793457;4.600616455078125
38619000;4.6533074378967285156;-1.9824306964874267578;4.600616455078125
38631000;4.6541662216186523438;-1.9974725246429443359;4.600616455078125
38643000;4.6548476219177246094;-2.0291469097137451172;4.600616455078125
38656000;4.6525835990905761719;-1.9708166122436523438;4.600616455078125
38669000;4.6513638496398925781;-1.8885108232498168945;4.600616455078125
38681000;4.6521658897399902344;-1.936749577522277832;4.600616455078125
38694000;4.6509246826171875;-1.9307661056518554688;4.600616455078125
38706000;4.651500701904296875;-1.9511320590972900391;4.600616455078125
38718000;4.6514735221862792969;-1.9533431529998779297;4.600616455078125
38730000;4.6512389183044433594;-1.9492893218994140625;4.600616455078125
38742000;4.6525516510009765625;-1.9917280673980712891;4.600616455078125
38755000;4.6527109146118164062;-1.9267021417617797852;4.600616455078125
38767000;4.6519670486450195312;-1.9096648693084716797;4.600616455078125
38779000;4.6524472236633300781;-1.9427189826965332031;4.600616455078125
38791000;4.6520924568176269531;-1.9091795682907104492;4.600616455078125
38804000;4.6492986679077148438;-1.9097270965576171875;4.600616455078125
38816000;4.6492266654968261719;-1.9105355739593505859;4.600616455078125
38828000;4.64888763427734375;-1.9033105373382568359;4.600616455078125
38841000;4.6502060890197753906;-1.9916048049926757812;4.600616455078125
38853000;4.6524400711059570312;-2.0120720863342285156;4.600616455078125
38866000;4.6505036354064941406;-1.9612807035446166992;4.600616455078125
38879000;4.6512312889099121094;-1.9097464084625244141;4.600616455078125
38891000;4.6510591506958007812;-1.9539245367050170898;4.600616455078125
38903000;4.6514072418212890625;-2.0055353641510009766;4.600616455078125
38916000;4.6505260467529296875;-1.9746081829071044922;4.600616455078125
38928000;4.6518235206604003906;-2.0166110992431640625;4.600616455078125
38941000;4.6521306037902832031;-2.0090906620025634766;4.600616455078125
38953000;4.6541676521301269531;-2.0378010272979736328;4.600616455078125
38965000;4.6522688865661621094;-2.0380854606628417969;4.600616455078125
38977000;4.6526165008544921875;-2.0081129074096679688;4.600616455078125
38990000;4.6507577896118164062;-2.0005509853363037109;4.600616455078125
39003000;4.6488361358642578125;-1.9348767995834350586;4.600616455078125
39020000;4.6509003639221191406;-1.9414576292037963867;4.600616455078125
39032000;4.6477518081665039062;-1.920676112174987793;4.600616455078125
39045000;4.6473803520202636719;-1.933506011962890625;4.600616455078125
39057000;4.648029327392578125;-2.0021996498107910156;4.600616455078125
39069000;4.6514143943786621094;-2.0113129615783691406;4.600616455078125
39081000;4.6516404151916503906;-2.0432221889495849609;4.600616455078125
39094000;4.6501183509826660156;-2.0067026615142822266;4.600616455078125
39106000;4.650730133056640625;-2.0280506610870361328;4.600616455078125
39119000;4.650390625;-2.0316057205200195312;4.600616455078125
39132000;4.6503992080688476562;-2.0322213172912597656;4.600616455078125
39145000;4.651195526123046875;-2.0515766143798828125;4.600616455078125
39157000;4.6526904106140136719;-2.0874698162078857422;4.600616455078125
39169000;4.6524324417114257812;-2.0948112010955810547;4.600616455078125
39181000;4.6490144729614257812;-2.0064842700958251953;4.600616455078125
39193000;4.6506581306457519531;-2.0180768966674804688;4.600616455078125
39205000;4.6508202552795410156;-2.0552034378051757812;4.600616455078125
39217000;4.6508264541625976562;-2.0241503715515136719;4.600616455078125
39230000;4.6486277580261230469;-1.9958486557006835938;4.600616455078125
39242000;4.6494832038879394531;-2.0245046615600585938;4.600616455078125
39255000;4.6495237350463867188;-2.0286931991577148438;4.600616455078125
39267000;4.6505684852600097656;-2.0630457401275634766;4.600616455078125
39279000;4.6491537094116210938;-2.0437474250793457031;4.600616455078125
39291000;4.6485314369201660156;-2.0078275203704833984;4.600616455078125
39303000;4.6503901481628417969;-2.0744721889495849609;4.600616455078125
39315000;4.6504268646240234375;-2.07569122314453125;4.600616455078125
39328000;4.6503500938415527344;-2.0717890262603759766;4.600616455078125
39340000;4.6482524871826171875;-2.0117881298065185547;4.600616455078125
39353000;4.6475119590759277344;-1.9810822010040283203;4.600616455078125
39365000;4.6461567878723144531;-1.9608362913131713867;4.600616455078125
39377000;4.6471037864685058594;-2.0671947002410888672;4.600616455078125
39390000;4.6505656242370605469;-2.0930833816528320312;4.600616455078125
39403000;4.64978790283203125;-2.0139386653900146484;4.600616455078125
39416000;4.6468496322631835938;-1.987773895263671875;4.600616455078125
39428000;4.6460361480712890625;-1.966135859489440918;4.600616455078125
39440000;4.6488637924194335938;-2.0538210868835449219;4.600616455078125
39453000;4.6449446678161621094;-1.9913971424102783203;4.600616455078125
39467000;4.6478772163391113281;-1.9569469690322875977;4.600616455078125
39479000;4.6467905044555664062;-1.971972346305847168;4.600616455078125
39491000;4.6473178863525390625;-1.9876284599304199219;4.600616455078125
39503000;4.6471753120422363281;-1.9338685274124145508;4.600616455078125
39515000;4.6452655792236328125;-1.901398777961730957;4.600616455078125
39527000;4.6437211036682128906;-1.7930748462677001953;4.600616455078125
39539000;4.6426105499267578125;-1.888637542724609375;4.600616455078125
39552000;4.6420879364013671875;-1.8754987716674804688;4.600616455078125
39564000;4.6422591209411621094;-1.8831183910369873047;4.600616455078125
39576000;4.6444454193115234375;-1.9512617588043212891;4.600616455078125
39588000;4.6441526412963867188;-1.9451088905334472656;4.600616455078125
39600000;4.6442780494689941406;-1.9514379501342773438;4.600616455078125
39612000;4.6456460952758789062;-1.9950609207153320312;4.600616455078125
39624000;4.64703369140625;-2.0393803119659423828;4.600616455078125
39637000;4.6461858749389648438;-2.0165994167327880859;4.600616455078125
39649000;4.6456212997436523438;-1.9216811656951904297;4.600616455078125
39662000;4.6421303749084472656;-1.9005594253540039062;4.600616455078125
39674000;4.6431126594543457031;-1.9326338768005371094;4.600616455078125
39686000;4.6415624618530273438;-1.8887250423431396484;4.600616455078125
39699000;4.6392536163330078125;-1.8908585309982299805;4.600616455078125
39712000;4.6392397880554199219;-1.8687775135040283203;4.600616455078125
39724000;4.6410169601440429688;-1.8798940181732177734;4.600616455078125
39736000;4.6395182609558105469;-1.8372642993927001953;4.600616455078125
39748000;4.6378560066223144531;-1.7896136045455932617;4.600616455078125
39761000;4.6385545730590820312;-1.7692748308181762695;4.600616455078125
39773000;4.6377086639404296875;-1.7436122894287109375;4.600616455078125
39786000;4.6375536918640136719;-1.8062222003936767578;4.600616455078125
39798000;4.6407794952392578125;-1.8867204189300537109;4.600616455078125
39810000;4.6384115219116210938;-1.8671975135803222656;4.600616455078125
39822000;4.6389102935791015625;-1.8352949619293212891;4.600616455078125
39834000;4.6374874114990234375;-1.7948133945465087891;4.600616455078125
39848000;4.6343698501586914062;-1.7037146091461181641;4.600616455078125
39861000;4.6329355239868164062;-1.6981499195098876953;4.600616455078125
39874000;4.6346712112426757812;-1.7171535491943359375;4.600616455078125
39886000;4.6356763839721679688;-1.7493975162506103516;4.600616455078125
39899000;4.634830474853515625;-1.7649123668670654297;4.600616455078125
39912000;4.6370759010314941406;-1.7958674430847167969;4.600616455078125
39924000;4.6353397369384765625;-1.7458573579788208008;4.600616455078125
39937000;4.6368398666381835938;-1.780804753303527832;4.600616455078125
39949000;4.6369810104370117188;-1.7997829914093017578;4.600616455078125
39962000;4.6369233131408691406;-1.8002251386642456055;4.600616455078125
39974000;4.6372075080871582031;-1.8109078407287597656;4.600616455078125
39986000;4.6392025947570800781;-1.8729317188262939453;4.600616455078125
39999000;4.6403851509094238281;-1.8403851985931396484;4.600616455078125
40011000;4.6395735740661621094;-1.8139206171035766602;4.600616455078125
40023000;4.6393690109252929688;-1.8012485504150390625;4.600616455078125
40036000;4.6379427909851074219;-1.8445286750793457031;4.600616455078125
40048000;4.6379380226135253906;-1.8466966152191162109;4.600616455078125
40061000;4.6386961936950683594;-1.8717722892761230469;4.600616455078125
40073000;4.6398396492004394531;-1.9084253311157226562;4.600616455078125
40086000;4.6429352760314941406;-2.0041871070861816406;4.600616455078125
40099000;4.64357757568359375;-2.0259199142456054688;4.600616455078125
40112000;4.6441965103149414062;-1.9748890399932861328;4.600616455078125
40124000;4.6421022415161132812;-1.9872342348098754883;4.600616455078125
40136000;4.6454381942749023438;-2.0277888774871826172;4.600616455078125
40148000;4.6424703598022460938;-2.0034892559051513672;4.600616455078125
40159000;4.6418433189392089844;-1.9553902149200439453;4.600616455078125
40171000;4.64141845703125;-2.014789581298828125;4.600616455078125
40183000;4.6411485671997070312;-2.0056562423706054688;4.600616455078125
40195000;4.6393551826477050781;-1.9771058559417724609;4.600616455078125
40207000;4.6383862495422363281;-1.9723231792449951172;4.600616455078125
40219000;4.6390280723571777344;-1.9562765359878540039;4.600616455078125
40231000;4.6402864456176757812;-2.0271632671356201172;4.600616455078125
40244000;4.6423993110656738281;-2.0208506584167480469;4.600616455078125
40256000;4.6413035392761230469;-1.9903379678726196289;4.600616455078125
40268000;4.6406006813049316406;-1.9716200828552246094;4.600616455078125
40281000;4.6386394500732421875;-1.9348938465118408203;4.600616455078125
40293000;4.6381025314331054688;-1.9206342697143554688;4.600616455078125
40305000;4.6386971473693847656;-1.9190053939819335938;4.600616455078125
40317000;4.6389379501342773438;-1.9557183980941772461;4.600616455078125
40329000;4.6385316848754882812;-1.9546751976013183594;4.600616455078125
40342000;4.6388573646545410156;-1.9336287975311279297;4.600616455078125
40355000;4.6378235816955566406;-1.898417353630065918;4.600616455078125
40367000;4.637813568115234375;-1.9261089563369750977;4.600616455078125
40379000;4.640254974365234375;-1.8687832355499267578;4.600616455078125
40391000;4.6379785537719726562;-1.9048248529434204102;4.600616455078125
40403000;4.6386709213256835938;-1.8906536102294921875;4.600616455078125
40415000;4.6385293006896972656;-1.8629789352416992188;4.600616455078125
40427000;4.6397137641906738281;-1.9202131032943725586;4.600616455078125
40440000;4.6367235183715820312;-1.8312857151031494141;4.600616455078125
40452000;4.6339545249938964844;-1.8069274425506591797;4.600616455078125
40464000;4.6350884437561035156;-1.8430349826812744141;4.600616455078125
40477000;4.6339917182922363281;-1.8318319320678710938;4.600616455078125
40490000;4.633098602294921875;-1.7876822948455810547;4.600616455078125
40503000;4.6327142715454101562;-1.7291688919067382812;4.600616455078125
40515000;4.6322321891784667969;-1.7274796962738037109;4.600616455078125
40528000;4.6324772834777832031;-1.7750573158264160156;4.600616455078125
40541000;4.6304750442504882812;-1.7168607711791992188;4.600616455078125
40553000;4.6305103302001953125;-1.7506318092346191406;4.600616455078125
40566000;4.6306772232055664062;-1.7268755435943603516;4.600616455078125
40578000;4.6306357383728027344;-1.7274613380432128906;4.600616455078125
40591000;4.6310567855834960938;-1.7248495817184448242;4.600616455078125
40604000;4.6317844390869140625;-1.7658578157424926758;4.600616455078125
40616000;4.630130767822265625;-1.7181068658828735352;4.600616455078125
40629000;4.6296038627624511719;-1.7397465705871582031;4.600616455078125
40641000;4.6319494247436523438;-1.7128558158874511719;4.600616455078125
40654000;4.6297335624694824219;-1.7117863893508911133;4.600616455078125
40667000;4.62766265869140625;-1.6263599395751953125;4.600616455078125
40679000;4.6242723464965820312;-1.6235644817352294922;4.600616455078125
40691000;4.6260995864868164062;-1.6726028919219970703;4.600616455078125
40703000;4.6258721351623535156;-1.6346929073333740234;4.600616455078125
40715000;4.6257381439208984375;-1.6578953266143798828;4.600616455078125
40727000;4.6255526542663574219;-1.6472790241241455078;4.600616455078125
40739000;4.6259684562683105469;-1.6781172752380371094;4.600616455078125
40752000;4.6288499832153320312;-1.6983752250671386719;4.600616455078125
40765000;4.6291971206665039062;-1.6337637901306152344;4.600616455078125
40777000;4.6266646385192871094;-1.6001948118209838867;4.600616455078125
40789000;4.6253848075866699219;-1.5912101268768310547;4.600616455078125
40801000;4.6253151893615722656;-1.5667023658752441406;4.600616455078125
40813000;4.6235904693603515625;-1.5365009307861328125;4.600616455078125
40825000;4.622653961181640625;-1.5303806066513061523;4.600616455078125
40838000;4.6243791580200195312;-1.6130573749542236328;4.600616455078125
40850000;4.62441253662109375;-1.5788136720657348633;4.600616455078125
40861000;4.6225075721740722656;-1.5900986194610595703;4.600616455078125
40873000;4.6230297088623046875;-1.6219158172607421875;4.600616455078125
40886000;4.6254730224609375;-1.6135640144348144531;4.600616455078125
40898000;4.6238164901733398438;-1.5652463436126708984;4.600616455078125
40910000;4.6242747306823730469;-1.5803880691528320312;4.600616455078125
40922000;4.6274762153625488281;-1.6779294013977050781;4.600616455078125
40934000;4.6277518272399902344;-1.6877954006195068359;4.600616455078125
40946000;4.6272869110107421875;-1.6754152774810791016;4.600616455078125
40959000;4.6262230873107910156;-1.6014951467514038086;4.600616455078125
40972000;4.6255316734313964844;-1.626168370246887207;4.600616455078125
40985000;4.6278285980224609375;-1.6999706029891967773;4.600616455078125
40999000;4.6279921531677246094;-1.6631340980529785156;4.600616455078125
41012000;4.6270508766174316406;-1.6770330667495727539;4.600616455078125
41024000;4.6282758712768554688;-1.7154343128204345703;4.600616455078125
41037000;4.6270260810852050781;-1.6796400547027587891;4.600616455078125
41049000;4.6264696121215820312;-1.6645631790161132812;4.600616455078125
41061000;4.627712249755859375;-1.7479879856109619141;4.600616455078125
41073000;4.6273603439331054688;-1.67284393310546875;4.600616455078125
41086000;4.6240849494934082031;-1.5980522632598876953;4.600616455078125
41098000;4.6250376701354980469;-1.6281423568725585938;4.600616455078125
41110000;4.6243047714233398438;-1.6076223850250244141;4.600616455078125
41123000;4.6255307197570800781;-1.6458857059478759766;4.600616455078125
41135000;4.622966766357421875;-1.5704808235168457031;4.600616455078125
41147000;4.6248803138732910156;-1.6478381156921386719;4.600616455078125
41160000;4.6278200149536132812;-1.71932220458984375;4.600616455078125
41172000;4.6280651092529296875;-1.7282376289367675781;4.600616455078125
41184000;4.6269316673278808594;-1.6957542896270751953;4.600616455078125
41197000;4.62738800048828125;-1.7109434604644775391;4.600616455078125
41209000;4.6283283233642578125;-1.7407364845275878906;4.600616455078125
41221000;4.6263279914855957031;-1.6823102235794067383;4.600616455078125
41233000;4.6256284713745117188;-1.5901281833648681641;4.600616455078125
41245000;4.6236276626586914062;-1.6340193748474121094;4.600616455078125
41258000;4.6256918907165527344;-1.6679085493087768555;4.600616455078125
41271000;4.6222176551818847656;-1.6204025745391845703;4.600616455078125
41283000;4.6249113082885742188;-1.6447391510009765625;4.600616455078125
41296000;4.625308990478515625;-1.6608965396881103516;4.600616455078125
41308000;4.6222095489501953125;-1.5692572593688964844;4.600616455078125
41320000;4.6221475601196289062;-1.5686980485916137695;4.600616455078125
41332000;4.622531890869140625;-1.5814938545227050781;4.600616455078125
41344000;4.6225914955139160156;-1.5846234560012817383;4.600616455078125
41356000;4.6234927177429199219;-1.6130390167236328125;4.600616455078125
41368000;4.6207427978515625;-1.5318777561187744141;4.600616455078125
41381000;4.62143707275390625;-1.6522111892700195312;4.600616455078125
41394000;4.6243033409118652344;-1.6415848731994628906;4.600616455078125
41406000;4.6237745285034179688;-1.6270519495010375977;4.600616455078125
41418000;4.6233811378479003906;-1.6165726184844970703;4.600616455078125
41430000;4.6227850914001464844;-1.5999563932418823242;4.600616455078125
41443000;4.6228098869323730469;-1.5523984432220458984;4.600616455078125
41455000;4.6233282089233398438;-1.5675374269485473633;4.600616455078125
41467000;4.6207671165466308594;-1.5434732437133789062;4.600616455078125
41481000;4.6206731796264648438;-1.6398372650146484375;4.600616455078125
41494000;4.6235241889953613281;-1.6289677619934082031;4.600616455078125
41506000;4.622852325439453125;-1.5922529697418212891;4.600616455078125
41519000;4.623012542724609375;-1.6015720367431640625;4.600616455078125
41531000;4.6242327690124511719;-1.6129069328308105469;4.600616455078125
41544000;4.6207423210144042969;-1.5511155128479003906;4.600616455078125
41556000;4.62221527099609375;-1.5966523885726928711;4.600616455078125
41569000;4.6262602806091308594;-1.7196005582809448242;4.600616455078125
41582000;4.6270251274108886719;-1.7440187931060791016;4.600616455078125
41595000;4.6253170967102050781;-1.6690442562103271484;4.600616455078125
41607000;4.6233735084533691406;-1.6135345697402954102;4.600616455078125
41619000;4.6246051788330078125;-1.6401190757751464844;4.600616455078125
41631000;4.6229758262634277344;-1.6285026073455810547;4.600616455078125
41645000;4.6227841377258300781;-1.6466643810272216797;4.600616455078125
41657000;4.62189483642578125;-1.5578038692474365234;4.600616455078125
41669000;4.6207318305969238281;-1.595577239990234375;4.600616455078125
41681000;4.6214733123779296875;-1.5656995773315429688;4.600616455078125
41693000;4.6203799247741699219;-1.5570609569549560547;4.600616455078125
41705000;4.6209859848022460938;-1.5412050485610961914;4.600616455078125
41717000;4.6182045936584472656;-1.4941413402557373047;4.600616455078125
41729000;4.619480133056640625;-1.4521178007125854492;4.600616455078125
41742000;4.6171245574951171875;-1.4638103246688842773;4.600616455078125
41754000;4.6166715621948242188;-1.4661622047424316406;4.600616455078125
41767000;4.6175222396850585938;-1.4778680801391601562;4.600616455078125
41779000;4.6185283660888671875;-1.5090045928955078125;4.600616455078125
41792000;4.6167044639587402344;-1.4552655220031738281;4.600616455078125
41804000;4.6180973052978515625;-1.4980249404907226562;4.600616455078125
41817000;4.6168308258056640625;-1.4612123966217041016;4.600616455078125
41829000;4.6152691841125488281;-1.3714954853057861328;4.600616455078125
41842000;4.6150412559509277344;-1.4093645811080932617;4.600616455078125
41855000;4.6148056983947753906;-1.4842277765274047852;4.600616455078125
41867000;4.6157026290893554688;-1.5123283863067626953;4.600616455078125
41880000;4.6165957450866699219;-1.4817359447479248047;4.600616455078125
41891000;4.6169037818908691406;-1.4568543434143066406;4.600616455078125
41903000;4.6148777008056640625;-1.4092124700546264648;4.600616455078125
41916000;4.617519378662109375;-1.4894340038299560547;4.600616455078125
41928000;4.6156110763549804688;-1.4331865310668945312;4.600616455078125
41941000;4.6152815818786621094;-1.4741291999816894531;4.600616455078125
41953000;4.6168680191040039062;-1.4727785587310791016;4.600616455078125
41965000;4.6158514022827148438;-1.4607851505279541016;4.600616455078125
41977000;4.6142210960388183594;-1.5179065465927124023;4.600616455078125
41989000;4.6165070533752441406;-1.5228970050811767578;4.600616455078125
42002000;4.6165413856506347656;-1.4669933319091796875;4.600616455078125
42015000;4.6156854629516601562;-1.3987362384796142578;4.600616455078125
42027000;4.6150088310241699219;-1.4213809967041015625;4.600616455078125
42039000;4.6166577339172363281;-1.3942569494247436523;4.600616455078125
42051000;4.6167073249816894531;-1.3700017929077148438;4.600616455078125
42064000;4.6157536506652832031;-1.4479343891143798828;4.600616455078125
42076000;4.6148371696472167969;-1.4214074611663818359;4.600616455078125
42089000;4.6146669387817382812;-1.4171671867370605469;4.600616455078125
42101000;4.6169371604919433594;-1.4740799665451049805;4.600616455078125
42113000;4.615680694580078125;-1.4682359695434570312;4.600616455078125
42125000;4.6155276298522949219;-1.4456691741943359375;4.600616455078125
42137000;4.6145815849304199219;-1.3646254539489746094;4.600616455078125
42149000;4.6142897605895996094;-1.3337292671203613281;4.600616455078125
42162000;4.6125912666320800781;-1.3599767684936523438;4.600616455078125
42175000;4.6122612953186035156;-1.3751143217086791992;4.600616455078125
42188000;4.6116223335266113281;-1.3324756622314453125;4.600616455078125
42200000;4.6114621162414550781;-1.3282529115676879883;4.600616455078125
42212000;4.6111645698547363281;-1.3199335336685180664;4.600616455078125
42224000;4.6132564544677734375;-1.3833327293395996094;4.600616455078125
42237000;4.6121349334716796875;-1.3193491697311401367;4.600616455078125
42249000;4.6121921539306640625;-1.3072063922882080078;4.600616455078125
42262000;4.6121873855590820312;-1.3533637523651123047;4.600616455078125
42274000;4.6091737747192382812;-1.2636169195175170898;4.600616455078125
42286000;4.6110048294067382812;-1.3192183971405029297;4.600616455078125
42299000;4.61048126220703125;-1.3283163309097290039;4.600616455078125
42312000;4.611560821533203125;-1.3371829986572265625;4.600616455078125
42324000;4.6129221916198730469;-1.3786599636077880859;4.600616455078125
42336000;4.6133337020874023438;-1.3917484283447265625;4.600616455078125
42349000;4.6140089035034179688;-1.2892893552780151367;4.600616455078125
42361000;4.6120505332946777344;-1.287524104118347168;4.600616455078125
42373000;4.6115202903747558594;-1.3395833969116210938;4.600616455078125
42386000;4.6130146980285644531;-1.3851615190505981445;4.600616455078125
42398000;4.6118421554565429688;-1.3506817817687988281;4.600616455078125
42410000;4.6130547523498535156;-1.3877098560333251953;4.600616455078125
42422000;4.6143655776977539062;-1.4278099536895751953;4.600616455078125
42436000;4.6145157814025878906;-1.4332578182220458984;4.600616455078125
42448000;4.614284515380859375;-1.4271349906921386719;4.600616455078125
42460000;4.6156158447265625;-1.4679760932922363281;4.600616455078125
42473000;4.6159815788269042969;-1.4800398349761962891;4.600616455078125
42487000;4.6153445243835449219;-1.5029610395431518555;4.600616455078125
42499000;4.616474151611328125;-1.496776580810546875;4.600616455078125
42513000;4.6145038604736328125;-1.4386847019195556641;4.600616455078125
42525000;4.6162905693054199219;-1.4931511878967285156;4.600616455078125
42537000;4.6146879196166992188;-1.4740314483642578125;4.600616455078125
42550000;4.6169633865356445312;-1.5151588916778564453;4.600616455078125
42562000;4.6168837547302246094;-1.5137166976928710938;4.600616455078125
42574000;4.6171011924743652344;-1.5211845636367797852;4.600616455078125
42587000;4.6131649017333984375;-1.4040855169296264648;4.600616455078125
42600000;4.6126103401184082031;-1.388240814208984375;4.600616455078125
42613000;4.6112651824951171875;-1.4441599845886230469;4.600616455078125
42625000;4.6134314537048339844;-1.4739308357238769531;4.600616455078125
42637000;4.6139941215515136719;-1.4697455167770385742;4.600616455078125
42650000;4.6182665824890136719;-1.5613881349563598633;4.600616455078125
42662000;4.6183013916015625;-1.5633791685104370117;4.600616455078125
42675000;4.61908721923828125;-1.5278362035751342773;4.600616455078125
42688000;4.6154937744140625;-1.4814121723175048828;4.600616455078125
42700000;4.6131343841552734375;-1.4115469455718994141;4.600616455078125
42712000;4.6151027679443359375;-1.4714975357055664062;4.600616455078125
42724000;4.614101409912109375;-1.4423933029174804688;4.600616455078125
42736000;4.6143512725830078125;-1.4507505893707275391;4.600616455078125
42749000;4.6125416755676269531;-1.462214350700378418;4.600616455078125
42761000;4.6124701499938964844;-1.4422872066497802734;4.600616455078125
42773000;4.6130533218383789062;-1.428984522819519043;4.600616455078125
42786000;4.6107807159423828125;-1.3467681407928466797;4.600616455078125
42799000;4.6120176315307617188;-1.3694328069686889648;4.600616455078125
42812000;4.6123781204223632812;-1.3961635828018188477;4.600616455078125
42824000;4.6126379966735839844;-1.4046889543533325195;4.600616455078125
42836000;4.6163091659545898438;-1.5155938863754272461;4.600616455078125
42848000;4.6166920661926269531;-1.525427699089050293;4.600616455078125
42862000;4.614501953125;-1.4633326530456542969;4.600616455078125
42875000;4.6125655174255371094;-1.3974879980087280273;4.600616455078125
42888000;4.6134877204895019531;-1.4345129728317260742;4.600616455078125
42900000;4.6131229400634765625;-1.4243320226669311523;4.600616455078125
42912000;4.6140890121459960938;-1.454105377197265625;4.600616455078125
42924000;4.6142525672912597656;-1.4597842693328857422;4.600616455078125
42937000;4.6145563125610351562;-1.3437460660934448242;4.600616455078125
42949000;4.6114687919616699219;-1.3007436990737915039;4.600616455078125
42962000;4.6071314811706542969;-1.2481056451797485352;4.600616455078125
42974000;4.60611724853515625;-1.2181234359741210938;4.600616455078125
42987000;4.6069369316101074219;-1.2431650161743164062;4.600616455078125
42999000;4.6066145896911621094;-1.2768229246139526367;4.600616455078125
43012000;4.6103010177612304688;-1.3450253009796142578;4.600616455078125
43024000;4.6084485054016113281;-1.3240842819213867188;4.600616455078125
43037000;4.6111483573913574219;-1.3714965581893920898;4.600616455078125
43049000;4.6107563972473144531;-1.317582249641418457;4.600616455078125
43062000;4.6108446121215820312;-1.3636835813522338867;4.600616455078125
43075000;4.6092486381530761719;-1.3164453506469726562;4.600616455078125
43088000;4.6086063385009765625;-1.3628537654876708984;4.600616455078125
43101000;4.6111240386962890625;-1.3739546537399291992;4.600616455078125
43113000;4.6100444793701171875;-1.3420746326446533203;4.600616455078125
43125000;4.6099553108215332031;-1.2562466859817504883;4.600616455078125
43137000;4.6100068092346191406;-1.3419164419174194336;4.600616455078125
43148000;4.6105527877807617188;-1.3588204383850097656;4.600616455078125
43161000;4.6128764152526855469;-1.4291729927062988281;4.600616455078125
43174000;4.6102004051208496094;-1.3496708869934082031;4.600616455078125
43186000;4.6084117889404296875;-1.2966135740280151367;4.600616455078125
43199000;4.6090898513793945312;-1.3175033330917358398;4.600616455078125
43212000;4.6106901168823242188;-1.3662116527557373047;4.600616455078125
43224000;4.6108913421630859375;-1.3727943897247314453;4.600616455078125
43236000;4.6074047088623046875;-1.2687060832977294922;4.600616455078125
43248000;4.6066260337829589844;-1.2457931041717529297;4.600616455078125
43260000;4.60436248779296875;-1.1782268285751342773;4.600616455078125
43272000;4.6035370826721191406;-1.1537952423095703125;4.600616455078125
43285000;4.6060996055603027344;-1.2512979507446289062;4.600616455078125
43297000;4.6059179306030273438;-1.2259857654571533203;4.600616455078125
43310000;4.6080241203308105469;-1.2895269393920898438;4.600616455078125
43323000;4.6048536300659179688;-1.1947667598724365234;4.600616455078125
43336000;4.6025905609130859375;-1.1270687580108642578;4.600616455078125
43348000;4.601806640625;-1.1037189960479736328;4.600616455078125
43360000;4.6018910408020019531;-1.1063687801361083984;4.600616455078125
43373000;4.6014304161071777344;-1.1696655750274658203;4.600616455078125
43385000;4.6001996994018554688;-1.0902426242828369141;4.600616455078125
43397000;4.5993318557739257812;-1.1399357318878173828;4.600616455078125
43409000;4.6013917922973632812;-1.1194632053375244141;4.600616455078125
43422000;4.6021132469177246094;-1.113516688346862793;4.600616455078125
43435000;4.6008467674255371094;-1.035264134407043457;4.600616455078125
43448000;4.6009507179260253906;-1.0786241292953491211;4.600616455078125
43460000;4.5997843742370605469;-1.0436525344848632812;4.600616455078125
43473000;4.6008133888244628906;-1.1215202808380126953;4.600616455078125
43486000;4.6018819808959960938;-1.1066401004791259766;4.600616455078125
43498000;4.6028409004211425781;-1.135425567626953125;4.600616455078125
43510000;4.6007699966430664062;-1.0733345746994018555;4.600616455078125
43522000;4.5997738838195800781;-0.976100921630859375;4.600616455078125
43534000;4.5971980094909667969;-0.96604502201080322266;4.600616455078125
43547000;4.5973196029663085938;-0.91571402549743652344;4.600616455078125
43559000;4.5963010787963867188;-0.97197079658508300781;4.600616455078125
43571000;4.5952076911926269531;-0.91769695281982421875;4.600616455078125
43583000;4.5977396965026855469;-0.98137652873992919922;4.600616455078125
43596000;4.5979967117309570312;-0.98890268802642822266;4.600616455078125
43608000;4.5975313186645507812;-0.97470927238464355469;4.600616455078125
43620000;4.5976819992065429688;-0.97895133495330810547;4.600616455078125
43632000;4.5962572097778320312;-0.93594193458557128906;4.600616455078125
43646000;4.5947461128234863281;-0.89022326469421386719;4.600616455078125
43659000;4.5953645706176757812;-0.98219501972198486328;4.600616455078125
43671000;4.5950083732604980469;-0.97133839130401611328;4.600616455078125
43683000;4.5975089073181152344;-1.0352969169616699219;4.600616455078125
43696000;4.6009087562561035156;-1.0564571619033813477;4.600616455078125
43709000;4.6009950637817382812;-0.99048149585723876953;4.600616455078125
43722000;4.5986294746398925781;-1.0057089328765869141;4.600616455078125
43734000;4.5982275009155273438;-0.99356377124786376953;4.600616455078125
43747000;4.5980424880981445312;-1.0553669929504394531;4.600616455078125
43759000;4.5975360870361328125;-1.0277179479598999023;4.600616455078125
43771000;4.5999021530151367188;-1.0510339736938476562;4.600616455078125
43784000;4.6001057624816894531;-1.0495123863220214844;4.600616455078125
43797000;4.5999174118041992188;-0.94873571395874023438;4.600616455078125
43809000;4.5985727310180664062;-0.93514263629913330078;4.600616455078125
43821000;4.5971202850341796875;-0.92034125328063964844;4.600616455078125
43833000;4.5959801673889160156;-0.89735043048858642578;4.600616455078125
43846000;4.5956630706787109375;-0.89752924442291259766;4.600616455078125
43857000;4.5946335792541503906;-0.88078367710113525391;4.600616455078125
43870000;4.5947551727294921875;-0.88731205463409423828;4.600616455078125
43882000;4.5937299728393554688;-0.85619604587554931641;4.600616455078125
43895000;4.5959172248840332031;-0.92138314247131347656;4.600616455078125
43907000;4.5959501266479492188;-0.92205536365509033203;4.600616455078125
43920000;4.5945329666137695312;-0.87921798229217529297;4.600616455078125
43932000;4.5934476852416992188;-0.84633588790893554688;4.600616455078125
43944000;4.5920023918151855469;-0.80255675315856933594;4.600616455078125
43956000;4.5898671150207519531;-0.73793852329254150391;4.600616455078125
43969000;4.5888428688049316406;-0.70659005641937255859;4.600616455078125
43981000;4.5892133712768554688;-0.77287447452545166016;4.600616455078125
43994000;4.5909495353698730469;-0.76849305629730224609;4.600616455078125
44006000;4.58971405029296875;-0.77407693862915039062;4.600616455078125
44018000;4.59234619140625;-0.80917322635650634766;4.600616455078125
44030000;4.5919051170349121094;-0.79538190364837646484;4.600616455078125
44042000;4.5892586708068847656;-0.71534168720245361328;4.600616455078125
44054000;4.59064483642578125;-0.75626230239868164062;4.600616455078125
44067000;4.5914807319641113281;-0.74688768386840820312;4.600616455078125
44079000;4.5907564163208007812;-0.71510767936706542969;4.600616455078125
44091000;4.5889120101928710938;-0.73060405254364013672;4.600616455078125
44104000;4.5897779464721679688;-0.72762668132781982422;4.600616455078125
44116000;4.5895104408264160156;-0.71884059906005859375;4.600616455078125
44128000;4.5873117446899414062;-0.65208375453948974609;4.600616455078125
44140000;4.5899972915649414062;-0.73185276985168457031;4.600616455078125
44152000;4.5916781425476074219;-0.78163158893585205078;4.600616455078125
44164000;4.5892949104309082031;-0.70946598052978515625;4.600616455078125
44176000;4.5927033424377441406;-0.81106674671173095703;4.600616455078125
44188000;4.5912933349609375;-0.76822102069854736328;4.600616455078125
44200000;4.5908627510070800781;-0.75468456745147705078;4.600616455078125
44213000;4.5900869369506835938;-0.68889617919921875;4.600616455078125
44225000;4.587703704833984375;-0.61727571487426757812;4.600616455078125
44238000;4.5891652107238769531;-0.74273645877838134766;4.600616455078125
44251000;4.5898075103759765625;-0.70405507087707519531;4.600616455078125
44264000;4.5871872901916503906;-0.64072370529174804688;4.600616455078125
44276000;4.588603973388671875;-0.68247640132904052734;4.600616455078125
44288000;4.5870637893676757812;-0.63554441928863525391;4.600616455078125
44300000;4.5860505104064941406;-0.60436713695526123047;4.600616455078125
44313000;4.5839552879333496094;-0.57250189781188964844;4.600616455078125
44325000;4.5825672149658203125;-0.58462357521057128906;4.600616455078125
44337000;4.5840320587158203125;-0.62505793571472167969;4.600616455078125
44349000;4.5827193260192871094;-0.55569899082183837891;4.600616455078125
44361000;4.5863642692565917969;-0.60887789726257324219;4.600616455078125
44375000;4.5834918022155761719;-0.46573114395141601562;4.600616455078125
44387000;4.5834331512451171875;-0.45197200775146484375;4.600616455078125
44400000;4.5793905258178710938;-0.39623296260833740234;4.600616455078125
44413000;4.5799436569213867188;-0.49802923202514648438;4.600616455078125
44425000;4.5810112953186035156;-0.54588520526885986328;4.600616455078125
44437000;4.5817942619323730469;-0.54920017719268798828;4.600616455078125
44450000;4.5845708847045898438;-0.547031402587890625;4.600616455078125
44462000;4.5847020149230957031;-0.44602096080780029297;4.600616455078125
44475000;4.5839610099792480469;-0.52163493633270263672;4.600616455078125
44488000;4.5822062492370605469;-0.47289824485778808594;4.600616455078125
44502000;4.58487701416015625;-0.55183804035186767578;4.600616455078125
44515000;4.5867977142333984375;-0.55341732501983642578;4.600616455078125
44527000;4.5849156379699707031;-0.47091567516326904297;4.600616455078125
44540000;4.5851421356201171875;-0.48784279823303222656;4.600616455078125
44552000;4.5822472572326660156;-0.468898773193359375;4.600616455078125
44564000;4.5837678909301757812;-0.51354098320007324219;4.600616455078125
44577000;4.5835437774658203125;-0.54172050952911376953;4.600616455078125
44589000;4.5828962326049804688;-0.48523545265197753906;4.600616455078125
44602000;4.582366943359375;-0.46825063228607177734;4.600616455078125
44614000;4.5805835723876953125;-0.34931766986846923828;4.600616455078125
44627000;4.5808272361755371094;-0.41953599452972412109;4.600616455078125
44639000;4.5776519775390625;-0.32310605049133300781;4.600616455078125
44652000;4.5781612396240234375;-0.33707797527313232422;4.600616455078125
44664000;4.5792026519775390625;-0.36521863937377929688;4.600616455078125
44676000;4.5786461830139160156;-0.34896230697631835938;4.600616455078125
44689000;4.5775899887084960938;-0.35345196723937988281;4.600616455078125
44701000;4.5803437232971191406;-0.42575800418853759766;4.600616455078125
44713000;4.5813746452331542969;-0.4092235565185546875;4.600616455078125
44725000;4.58010101318359375;-0.33096337318420410156;4.600616455078125
44737000;4.5811572074890136719;-0.34126913547515869141;4.600616455078125
44749000;4.5793147087097167969;-0.3612041473388671875;4.600616455078125
44761000;4.5757117271423339844;-0.25179398059844970703;4.600616455078125
44774000;4.5761504173278808594;-0.26355481147766113281;4.600616455078125
44786000;4.5770063400268554688;-0.28784143924713134766;4.600616455078125
44799000;4.5782108306884765625;-0.36185562610626220703;4.600616455078125
44811000;4.5746951103210449219;-0.30783283710479736328;4.600616455078125
44823000;4.5740599632263183594;-0.27242422103881835938;4.600616455078125
44835000;4.5776028633117675781;-0.32029134035110473633;4.600616455078125
44848000;4.5769953727722167969;-0.28018528223037719727;4.600616455078125
44860000;4.5779862403869628906;-0.30850315093994140625;4.600616455078125
44872000;4.576946258544921875;-0.27592235803604125977;4.600616455078125
44884000;4.5750966072082519531;-0.21898108720779418945;4.600616455078125
44896000;4.5764293670654296875;-0.25752425193786621094;4.600616455078125
44908000;4.5752806663513183594;-0.22165036201477050781;4.600616455078125
44921000;4.5756473541259765625;-0.23121476173400878906;4.600616455078125
44933000;4.5740213394165039062;-0.18098032474517822266;4.600616455078125
44945000;4.5754365921020507812;-0.33101093769073486328;4.600616455078125
44958000;4.5801744461059570312;-0.36254215240478515625;4.600616455078125
44971000;4.5796494483947753906;-0.25795263051986694336;4.600616455078125
44984000;4.57845306396484375;-0.30809032917022705078;4.600616455078125
44996000;4.5785593986511230469;-0.30999135971069335938;4.600616455078125
45008000;4.5781488418579101562;-0.29635632038116455078;4.600616455078125
45022000;4.5793223381042480469;-0.32997345924377441406;4.600616455078125
45034000;4.58081817626953125;-0.37351506948471069336;4.600616455078125
45046000;4.57946014404296875;-0.33150053024291992188;4.600616455078125
45058000;4.5789022445678710938;-0.3133919835090637207;4.600616455078125
45070000;4.5767130851745605469;-0.24631285667419433594;4.600616455078125
45082000;4.5772118568420410156;-0.25988256931304931641;4.600616455078125
45094000;4.5765523910522460938;-0.23868596553802490234;4.600616455078125
45106000;4.5771536827087402344;-0.25529581308364868164;4.600616455078125
45118000;4.5738005638122558594;-0.15322709083557128906;4.600616455078125
45130000;4.5737156867980957031;-0.14916521310806274414;4.600616455078125
45143000;4.5743780136108398438;-0.21477687358856201172;4.600616455078125
45155000;4.5746946334838867188;-0.25016862154006958008;4.600616455078125
45167000;4.5754542350769042969;-0.26920497417449951172;4.600616455078125
45179000;4.5765237808227539062;-0.27642077207565307617;4.600616455078125
45192000;4.5773420333862304688;-0.25033146142959594727;4.600616455078125
45204000;4.5764751434326171875;-0.22288733720779418945;4.600616455078125
45217000;4.577503204345703125;-0.16081243753433227539;4.600616455078125
45229000;4.5761356353759765625;-0.15214103460311889648;4.600616455078125
45241000;4.5759854316711425781;-0.16464674472808837891;4.600616455078125
45253000;4.5741453170776367188;-0.15315914154052734375;4.600616455078125
45265000;4.5723280906677246094;-0.11392790079116821289;4.600616455078125
45278000;4.5709805488586425781;-0.092563271522521972656;4.600616455078125
45290000;4.5692658424377441406;-0.11363643407821655273;4.600616455078125
45302000;4.5738024711608886719;-0.12985807657241821289;4.600616455078125
45314000;4.5744280815124511719;-0.14694011211395263672;4.600616455078125
45326000;4.5760107040405273438;-0.19282186031341552734;4.600616455078125
45338000;4.5782809257507324219;-0.25940799713134765625;4.600616455078125
45350000;4.5761408805847167969;-0.19370180368423461914;4.600616455078125
45362000;4.5742197036743164062;-0.13452810049057006836;4.600616455078125
45374000;4.5741152763366699219;-0.12977391481399536133;4.600616455078125
45386000;4.5751295089721679688;-0.15864390134811401367;4.600616455078125
45398000;4.5739665031433105469;-0.14182925224304199219;4.600616455078125
45411000;4.5742602348327636719;-0.12981474399566650391;4.600616455078125
45423000;4.57568359375;-0.17036110162734985352;4.600616455078125
45436000;4.5743327140808105469;-0.12828642129898071289;4.600616455078125
45449000;4.574947357177734375;-0.10073542594909667969;4.600616455078125
45461000;4.5748095512390136719;-0.10199773311614990234;4.600616455078125
45474000;4.5733590126037597656;-0.093982040882110595703;4.600616455078125
45487000;4.5743408203125;-0.17362588644027709961;4.600616455078125
45500000;4.5762476921081542969;-0.17730098962783813477;4.600616455078125
45512000;4.5783205032348632812;-0.23801404237747192383;4.600616455078125
45525000;4.5775685310363769531;-0.15483915805816650391;4.600616455078125
45538000;4.5741877555847167969;-0.11087757349014282227;4.600616455078125
45550000;4.5753874778747558594;-0.14532947540283203125;4.600616455078125
45562000;4.5769166946411132812;-0.18977487087249755859;4.600616455078125
45575000;4.5758390426635742188;-0.15609526634216308594;4.600616455078125
45587000;4.5751481056213378906;-0.17598676681518554688;4.600616455078125
45600000;4.5770306587219238281;-0.18872410058975219727;4.600616455078125
45612000;4.5783495903015136719;-0.22687178850173950195;4.600616455078125
45624000;4.5786156654357910156;-0.23346698284149169922;4.600616455078125
45637000;4.5777602195739746094;-0.12987816333770751953;4.600616455078125
45649000;4.5774602890014648438;-0.13427221775054931641;4.600616455078125
45661000;4.5759043693542480469;-0.068994641304016113281;4.600616455078125
45674000;4.5720577239990234375;-0.030460059642791748047;4.600616455078125
45686000;4.572895050048828125;-0.053899943828582763672;4.600616455078125
45699000;4.57457733154296875;-0.10242038965225219727;4.600616455078125
45711000;4.5742321014404296875;-0.075018942356109619141;4.600616455078125
45723000;4.57489013671875;-0.17530548572540283203;4.600616455078125
45735000;4.5764861106872558594;-0.14430803060531616211;4.600616455078125
45747000;4.5770664215087890625;-0.13226556777954101562;4.600616455078125
45759000;4.575023651123046875;-0.06480503082275390625;4.600616455078125
45772000;4.5739359855651855469;-0.074009299278259277344;4.600616455078125
45784000;4.5746679306030273438;-0.094411313533782958984;4.600616455078125
45796000;4.576694488525390625;-0.15375697612762451172;4.600616455078125
45808000;4.5766124725341796875;-0.14988702535629272461;4.600616455078125
45820000;4.5808415412902832031;-0.27551865577697753906;4.600616455078125
45832000;4.5796456336975097656;-0.23848539590835571289;4.600616455078125
45844000;4.579593658447265625;-0.23572772741317749023;4.600616455078125
45856000;4.5842671394348144531;-0.37482994794845581055;4.600616455078125
45869000;4.5838799476623535156;-0.36229062080383300781;4.600616455078125
45882000;4.5833773612976074219;-0.34597003459930419922;4.600616455078125
45895000;4.5833868980407714844;-0.31688821315765380859;4.600616455078125
45907000;4.5843920707702636719;-0.36773419380187988281;4.600616455078125
45919000;4.5832700729370117188;-0.37930881977081298828;4.600616455078125
45931000;4.5839395523071289062;-0.38273662328720092773;4.600616455078125
45943000;4.5838022232055664062;-0.36836445331573486328;4.600616455078125
45955000;4.5829534530639648438;-0.40648764371871948242;4.600616455078125
45967000;4.5822434425354003906;-0.37092840671539306641;4.600616455078125
45979000;4.5822801589965820312;-0.35261231660842895508;4.600616455078125
45991000;4.5819468498229980469;-0.35008507966995239258;4.600616455078125
46003000;4.5832428932189941406;-0.38919740915298461914;4.600616455078125
46016000;4.5857286453247070312;-0.40533328056335449219;4.600616455078125
46027000;4.5871267318725585938;-0.4464041590690612793;4.600616455078125
46039000;4.5863752365112304688;-0.42301517724990844727;4.600616455078125
46052000;4.5875377655029296875;-0.45708417892456054688;4.600616455078125
46064000;4.5867199897766113281;-0.43177723884582519531;4.600616455078125
46076000;4.5863275527954101562;-0.41917967796325683594;4.600616455078125
46088000;4.5879316329956054688;-0.46660125255584716797;4.600616455078125
46102000;4.5878481864929199219;-0.46319687366485595703;4.600616455078125
46114000;4.587291717529296875;-0.44563388824462890625;4.600616455078125
46127000;4.5854320526123046875;-0.38892614841461181641;4.600616455078125
46139000;4.5839853286743164062;-0.34448790550231933594;4.600616455078125
46151000;4.5856790542602539062;-0.39422959089279174805;4.600616455078125
46163000;4.587444305419921875;-0.44625753164291381836;4.600616455078125
46175000;4.5864243507385253906;-0.31463658809661865234;4.600616455078125
46187000;4.5845589637756347656;-0.31423592567443847656;4.600616455078125
46199000;4.5829801559448242188;-0.29655134677886962891;4.600616455078125
46211000;4.5834951400756835938;-0.34722614288330078125;4.600616455078125
46223000;4.5837240219116210938;-0.29789698123931884766;4.600616455078125
46235000;4.5827684402465820312;-0.30322527885437011719;4.600616455078125
46248000;4.5845637321472167969;-0.35274207592010498047;4.600616455078125
46260000;4.5859670639038085938;-0.39388459920883178711;4.600616455078125
46272000;4.5856966972351074219;-0.38483887910842895508;4.600616455078125
46284000;4.5878720283508300781;-0.44917696714401245117;4.600616455078125
46297000;4.585285186767578125;-0.37065756320953369141;4.600616455078125
46309000;4.5854597091674804688;-0.32619845867156982422;4.600616455078125
46322000;4.582607269287109375;-0.28822338581085205078;4.600616455078125
46335000;4.5821771621704101562;-0.32158762216567993164;4.600616455078125
46347000;4.5830593109130859375;-0.35952019691467285156;4.600616455078125
46360000;4.5837006568908691406;-0.31775176525115966797;4.600616455078125
46373000;4.5859317779541015625;-0.30872106552124023438;4.600616455078125
46385000;4.5843353271484375;-0.25608414411544799805;4.600616455078125
46397000;4.5816211700439453125;-0.25207298994064331055;4.600616455078125
46409000;4.5829420089721679688;-0.2700926661491394043;4.600616455078125
46422000;4.5796213150024414062;-0.18985599279403686523;4.600616455078125
46435000;4.5795583724975585938;-0.21618837118148803711;4.600616455078125
46447000;4.5811171531677246094;-0.27063810825347900391;4.600616455078125
46460000;4.5821676254272460938;-0.26240527629852294922;4.600616455078125
46472000;4.5801129341125488281;-0.19953149557113647461;4.600616455078125
46485000;4.5799803733825683594;-0.17250978946685791016;4.600616455078125
46498000;4.5814485549926757812;-0.23698121309280395508;4.600616455078125
46510000;4.5814347267150878906;-0.23549669981002807617;4.600616455078125
46522000;4.5822396278381347656;-0.25855410099029541016;4.600616455078125
46535000;4.5837192535400390625;-0.32274550199508666992;4.600616455078125
46547000;4.5835442543029785156;-0.29550975561141967773;4.600616455078125
46561000;4.5833449363708496094;-0.29846227169036865234;4.600616455078125
46573000;4.5838046073913574219;-0.30115377902984619141;4.600616455078125
46586000;4.5847678184509277344;-0.32913458347320556641;4.600616455078125
46599000;4.5851302146911621094;-0.37315410375595092773;4.600616455078125
46612000;4.5852770805358886719;-0.34240174293518066406;4.600616455078125
46625000;4.5869693756103515625;-0.34558355808258056641;4.600616455078125
46637000;4.5885772705078125;-0.40258634090423583984;4.600616455078125
46650000;4.5882749557495117188;-0.4298419952392578125;4.600616455078125
46662000;4.58834075927734375;-0.43110603094100952148;4.600616455078125
46675000;4.5893692970275878906;-0.52125793695449829102;4.600616455078125
46687000;4.5926594734191894531;-0.55932706594467163086;4.600616455078125
46700000;4.5940008163452148438;-0.59907752275466918945;4.600616455078125
46713000;4.5913443565368652344;-0.49462389945983886719;4.600616455078125
46726000;4.5913219451904296875;-0.51757329702377319336;4.600616455078125
46739000;4.5886297225952148438;-0.47890704870223999023;4.600616455078125
46751000;4.5882859230041503906;-0.46555060148239135742;4.600616455078125
46763000;4.5888667106628417969;-0.44169485569000244141;4.600616455078125
46776000;4.5862832069396972656;-0.36339628696441650391;4.600616455078125
46788000;4.5849967002868652344;-0.32387536764144897461;4.600616455078125
46801000;4.5838227272033691406;-0.26762616634368896484;4.600616455078125
46814000;4.5846204757690429688;-0.31040930747985839844;4.600616455078125
46827000;4.5857248306274414062;-0.34264326095581054688;4.600616455078125
46839000;4.5880484580993652344;-0.41070419549942016602;4.600616455078125
46852000;4.5862174034118652344;-0.35558581352233886719;4.600616455078125
46864000;4.5854821205139160156;-0.33267545700073242188;4.600616455078125
46876000;4.5838990211486816406;-0.28422468900680541992;4.600616455078125
46889000;4.5851931571960449219;-0.35094606876373291016;4.600616455078125
46901000;4.5858812332153320312;-0.41327202320098876953;4.600616455078125
46914000;4.589427947998046875;-0.44748628139495849609;4.600616455078125
46926000;4.5897536277770996094;-0.45655220746994018555;4.600616455078125
46939000;4.5895514488220214844;-0.39629685878753662109;4.600616455078125
46952000;4.5871171951293945312;-0.37581646442413330078;4.600616455078125
46965000;4.5847992897033691406;-0.33469587564468383789;4.600616455078125
46977000;4.5845656394958496094;-0.34044128656387329102;4.600616455078125
46990000;4.5881032943725585938;-0.4026845097541809082;4.600616455078125
47002000;4.5877909660339355469;-0.39246535301208496094;4.600616455078125
47015000;4.5900568962097167969;-0.35197085142135620117;4.600616455078125
47028000;4.5865321159362792969;-0.35290861129760742188;4.600616455078125
47040000;4.5857348442077636719;-0.32810837030410766602;4.600616455078125
47053000;4.5859293937683105469;-0.37473666667938232422;4.600616455078125
47066000;4.5880846977233886719;-0.39683490991592407227;4.600616455078125
47079000;4.5884313583374023438;-0.37146902084350585938;4.600616455078125
47092000;4.5854091644287109375;-0.31477260589599609375;4.600616455078125
47104000;4.5866498947143554688;-0.35114073753356933594;4.600616455078125
47117000;4.5878591537475585938;-0.42632949352264404297;4.600616455078125
47129000;4.5858068466186523438;-0.3959674835205078125;4.600616455078125
47142000;4.5893526077270507812;-0.42982542514801025391;4.600616455078125
47155000;4.5897588729858398438;-0.45358198881149291992;4.600616455078125
47167000;4.5901713371276855469;-0.45290100574493408203;4.600616455078125
47180000;4.5907492637634277344;-0.46966505050659179688;4.600616455078125
47193000;4.5897517204284667969;-0.45588773488998413086;4.600616455078125
47205000;4.588466644287109375;-0.42429596185684204102;4.600616455078125
47218000;4.5897665023803710938;-0.43819016218185424805;4.600616455078125
47230000;4.5899953842163085938;-0.44434487819671630859;4.600616455078125
47243000;4.5903620719909667969;-0.39572107791900634766;4.600616455078125
47255000;4.5900936126708984375;-0.32732540369033813477;4.600616455078125
47268000;4.5871281623840332031;-0.35609209537506103516;4.600616455078125
47280000;4.5887036323547363281;-0.40265434980392456055;4.600616455078125
47292000;4.5848627090454101562;-0.28666085004806518555;4.600616455078125
47306000;4.588253021240234375;-0.38732755184173583984;4.600616455078125
47318000;4.5881047248840332031;-0.38206219673156738281;4.600616455078125
47330000;4.5887217521667480469;-0.3997452855110168457;4.600616455078125
47343000;4.5871663093566894531;-0.31056845188140869141;4.600616455078125
47355000;4.58602142333984375;-0.26698344945907592773;4.600616455078125
47367000;4.58472442626953125;-0.22067016363143920898;4.600616455078125
47379000;4.5846657752990722656;-0.29987007379531860352;4.600616455078125
47392000;4.5850677490234375;-0.28550732135772705078;4.600616455078125
47405000;4.5857324600219726562;-0.3046010136604309082;4.600616455078125
47417000;4.5869798660278320312;-0.39619350433349609375;4.600616455078125
47430000;4.5882411003112792969;-0.37813675403594970703;4.600616455078125
47442000;4.5876703262329101562;-0.36026459932327270508;4.600616455078125
47455000;4.5860743522644042969;-0.25140845775604248047;4.600616455078125
47467000;4.5847811698913574219;-0.25028157234191894531;4.600616455078125
47480000;4.584697723388671875;-0.26818299293518066406;4.600616455078125
47492000;4.5822186470031738281;-0.19280457496643066406;4.600616455078125
47503000;4.5842814445495605469;-0.25364142656326293945;4.600616455078125
47516000;4.5882391929626464844;-0.33034485578536987305;4.600616455078125
47529000;4.5871939659118652344;-0.23930460214614868164;4.600616455078125
47541000;4.5845184326171875;-0.2578818202018737793;4.600616455078125
47554000;4.5838074684143066406;-0.23560637235641479492;4.600616455078125
47566000;4.5855436325073242188;-0.28678888082504272461;4.600616455078125
47578000;4.585826873779296875;-0.29447305202484130859;4.600616455078125
47592000;4.5884976387023925781;-0.37360304594039916992;4.600616455078125
47605000;4.5890216827392578125;-0.34852552413940429688;4.600616455078125
47617000;4.5860953330993652344;-0.2998536229133605957;4.600616455078125
47630000;4.584224700927734375;-0.242828369140625;4.600616455078125
47642000;4.5869555473327636719;-0.32389545440673828125;4.600616455078125
47655000;4.5865411758422851562;-0.37986904382705688477;4.600616455078125
47667000;4.5883531570434570312;-0.40769410133361816406;4.600616455078125
47680000;4.5935368537902832031;-0.51911652088165283203;4.600616455078125
47692000;4.5937161445617675781;-0.52400839328765869141;4.600616455078125
47704000;4.5939130783081054688;-0.52946686744689941406;4.600616455078125
47717000;4.5944623947143554688;-0.50952064990997314453;4.600616455078125
47730000;4.592861175537109375;-0.49709451198577880859;4.600616455078125
47742000;4.5944666862487792969;-0.54491257667541503906;4.600616455078125
47754000;4.5956573486328125;-0.58031594753265380859;4.600616455078125
47766000;4.5956435203552246094;-0.57961773872375488281;4.600616455078125
47779000;4.5953521728515625;-0.63217592239379882812;4.600616455078125
47791000;4.5961155891418457031;-0.6152127385139465332;4.600616455078125
47803000;4.5974164009094238281;-0.63285285234451293945;4.600616455078125
47816000;4.5931763648986816406;-0.50445044040679931641;4.600616455078125
47828000;4.5928325653076171875;-0.49371808767318725586;4.600616455078125
47841000;4.5923886299133300781;-0.49714893102645874023;4.600616455078125
47854000;4.5953297615051269531;-0.56778830289840698242;4.600616455078125
47866000;4.5940785408020019531;-0.52987992763519287109;4.600616455078125
47879000;4.5950007438659667969;-0.56564444303512573242;4.600616455078125
47891000;4.5967683792114257812;-0.57279145717620849609;4.600616455078125
47903000;4.5975155830383300781;-0.57850396633148193359;4.600616455078125
47915000;4.593860626220703125;-0.52197849750518798828;4.600616455078125
47928000;4.5919270515441894531;-0.46356368064880371094;4.600616455078125
47940000;4.5917706489562988281;-0.47919040918350219727;4.600616455078125
47953000;4.5900835990905761719;-0.44957274198532104492;4.600616455078125
47965000;4.5907373428344726562;-0.50556981563568115234;4.600616455078125
47978000;4.59283447265625;-0.48860758543014526367;4.600616455078125
47990000;4.5914969444274902344;-0.44789564609527587891;4.600616455078125
48002000;4.5941095352172851562;-0.52573984861373901367;4.600616455078125
48015000;4.5917973518371582031;-0.38677918910980224609;4.600616455078125
48027000;4.5919828414916992188;-0.44988781213760375977;4.600616455078125
48039000;4.5921025276184082031;-0.42213201522827148438;4.600616455078125
48051000;4.590946197509765625;-0.40614497661590576172;4.600616455078125
48063000;4.5915164947509765625;-0.43923765420913696289;4.600616455078125
48075000;4.5907106399536132812;-0.43605226278305053711;4.600616455078125
48088000;4.5893163681030273438;-0.37801468372344970703;4.600616455078125
48100000;4.5915026664733886719;-0.44292646646499633789;4.600616455078125
48112000;4.5918478965759277344;-0.45265215635299682617;4.600616455078125
48124000;4.5933747291564941406;-0.4978961944580078125;4.600616455078125
48136000;4.5945606231689453125;-0.53298920392990112305;4.600616455078125
48148000;4.5918378829956054688;-0.45079553127288818359;4.600616455078125
48160000;4.5911202430725097656;-0.42869806289672851562;4.600616455078125
48172000;4.5944275856018066406;-0.52744597196578979492;4.600616455078125
48185000;4.5930523872375488281;-0.45745414495468139648;4.600616455078125
48197000;4.5934453010559082031;-0.385387420654296875;4.600616455078125
48209000;4.5922017097473144531;-0.46734619140625;4.600616455078125
48221000;4.5929179191589355469;-0.56204754114151000977;4.600616455078125
48233000;4.5946798324584960938;-0.53275978565216064453;4.600616455078125
48246000;4.5960488319396972656;-0.57348638772964477539;4.600616455078125
48259000;4.5966362953186035156;-0.54541891813278198242;4.600616455078125
48271000;4.5962190628051757812;-0.54339230060577392578;4.600616455078125
48284000;4.5965819358825683594;-0.58855348825454711914;4.600616455078125
48296000;4.5959224700927734375;-0.56853717565536499023;4.600616455078125
48308000;4.5966010093688964844;-0.58873498439788818359;4.600616455078125
48320000;4.5966048240661621094;-0.58869791030883789062;4.600616455078125
48332000;4.598125457763671875;-0.63421463966369628906;4.600616455078125
48344000;4.6004948616027832031;-0.70526045560836791992;4.600616455078125
48356000;4.6004786491394042969;-0.70480006933212280273;4.600616455078125
48368000;4.6016383171081542969;-0.7396106719970703125;4.600616455078125
48381000;4.6017889976501464844;-0.71725946664810180664;4.600616455078125
48393000;4.6017851829528808594;-0.72101044654846191406;4.600616455078125
48406000;4.6004118919372558594;-0.70289856195449829102;4.600616455078125
48419000;4.6023263931274414062;-0.74221324920654296875;4.600616455078125
48431000;4.6005182266235351562;-0.70616871118545532227;4.600616455078125
48443000;4.5984473228454589844;-0.64395964145660400391;4.600616455078125
48455000;4.5990142822265625;-0.66082262992858886719;4.600616455078125
48467000;4.5971426963806152344;-0.65171134471893310547;4.600616455078125
48479000;4.5994715690612792969;-0.67428499460220336914;4.600616455078125
48491000;4.5977811813354492188;-0.69199723005294799805;4.600616455078125
48503000;4.601100921630859375;-0.72295743227005004883;4.600616455078125
48515000;4.5979561805725097656;-0.62853020429611206055;4.600616455078125
48528000;4.5996432304382324219;-0.60479295253753662109;4.600616455078125
48540000;4.5987229347229003906;-0.65126788616180419922;4.600616455078125
48552000;4.5977339744567871094;-0.62142598628997802734;4.600616455078125
48565000;4.5943975448608398438;-0.52106678485870361328;4.600616455078125
48578000;4.5953269004821777344;-0.54864543676376342773;4.600616455078125
48591000;4.5963578224182128906;-0.55609023571014404297;4.600616455078125
48603000;4.5975713729858398438;-0.61537182331085205078;4.600616455078125
48616000;4.5968675613403320312;-0.59401088953018188477;4.600616455078125
48628000;4.59765625;-0.61740827560424804688;4.600616455078125
48641000;4.5968580245971679688;-0.59328758716583251953;4.600616455078125
48653000;4.5961856842041015625;-0.57288753986358642578;4.600616455078125
48665000;4.5976529121398925781;-0.61668580770492553711;4.600616455078125
48678000;4.5973896980285644531;-0.58157622814178466797;4.600616455078125
48691000;4.598323822021484375;-0.63164246082305908203;4.600616455078125
48704000;4.5973453521728515625;-0.60675847530364990234;4.600616455078125
48716000;4.5965595245361328125;-0.582927703857421875;4.600616455078125
48728000;4.5968346595764160156;-0.59096038341522216797;4.600616455078125
48740000;4.5958943367004394531;-0.56256347894668579102;4.600616455078125
48753000;4.5930080413818359375;-0.47569823265075683594;4.600616455078125
48767000;4.5974307060241699219;-0.59799367189407348633;4.600616455078125
48780000;4.5968503952026367188;-0.59035587310791015625;4.600616455078125
48792000;4.5953745841979980469;-0.54579275846481323242;4.600616455078125
48805000;4.5937108993530273438;-0.52597445249557495117;4.600616455078125
48818000;4.5954685211181640625;-0.54791784286499023438;4.600616455078125
48830000;4.5973062515258789062;-0.60281032323837280273;4.600616455078125
48843000;4.5992040634155273438;-0.59630835056304931641;4.600616455078125
48855000;4.5977849960327148438;-0.57703411579132080078;4.600616455078125
48867000;4.5968794822692871094;-0.5528386235237121582;4.600616455078125
48879000;4.597034454345703125;-0.57202869653701782227;4.600616455078125
48891000;4.5965371131896972656;-0.54246181249618530273;4.600616455078125
48904000;4.5946531295776367188;-0.52171093225479125977;4.600616455078125
48916000;4.5937185287475585938;-0.49337524175643920898;4.600616455078125
48928000;4.5971269607543945312;-0.59537941217422485352;4.600616455078125
48941000;4.5961451530456542969;-0.61439871788024902344;4.600616455078125
48953000;4.5961809158325195312;-0.59816712141036987305;4.600616455078125
48965000;4.5972652435302734375;-0.59887301921844482422;4.600616455078125
48977000;4.5969800949096679688;-0.61111241579055786133;4.600616455078125
48989000;4.5965280532836914062;-0.58002912998199462891;4.600616455078125
49001000;4.5951266288757324219;-0.51576334238052368164;4.600616455078125
49014000;4.5941605567932128906;-0.50451940298080444336;4.600616455078125
49026000;4.5945239067077636719;-0.51509225368499755859;4.600616455078125
49038000;4.5938076972961425781;-0.49327176809310913086;4.600616455078125
49050000;4.5943498611450195312;-0.50924777984619140625;4.600616455078125
49063000;4.5940957069396972656;-0.57669222354888916016;4.600616455078125
49075000;4.5953807830810546875;-0.53960210084915161133;4.600616455078125
49087000;4.5944495201110839844;-0.55227494239807128906;4.600616455078125
49099000;4.5940451622009277344;-0.52097380161285400391;4.600616455078125
49112000;4.5957169532775878906;-0.54862749576568603516;4.600616455078125
49124000;4.5943193435668945312;-0.50632572174072265625;4.600616455078125
49136000;4.596282958984375;-0.56486010551452636719;4.600616455078125
49149000;4.5973973274230957031;-0.58019584417343139648;4.600616455078125
49162000;4.5945262908935546875;-0.5115916132926940918;4.600616455078125
49174000;4.5937643051147460938;-0.48837220668792724609;4.600616455078125
49186000;4.5952658653259277344;-0.55342096090316772461;4.600616455078125
49199000;4.5958404541015625;-0.5256831049919128418;4.600616455078125
49212000;4.5937514305114746094;-0.48686850070953369141;4.600616455078125
49224000;4.5938367843627929688;-0.4890397191047668457;4.600616455078125
49237000;4.5948848724365234375;-0.48019158840179443359;4.600616455078125
49249000;4.58989715576171875;-0.46565186977386474609;4.600616455078125
49261000;4.5926833152770996094;-0.50105518102645874023;4.600616455078125
49273000;4.5926604270935058594;-0.51227200031280517578;4.600616455078125
49285000;4.5930986404418945312;-0.46466553211212158203;4.600616455078125
49297000;4.5920844078063964844;-0.41733390092849731445;4.600616455078125
49310000;4.5931634902954101562;-0.46555638313293457031;4.600616455078125
49323000;4.5918898582458496094;-0.37947350740432739258;4.600616455078125
49336000;4.5879616737365722656;-0.30818194150924682617;4.600616455078125
49349000;4.5875682830810546875;-0.3851159214973449707;4.600616455078125
49362000;4.5897731781005859375;-0.36102789640426635742;4.600616455078125
49374000;4.5887975692749023438;-0.33101201057434082031;4.600616455078125
49386000;4.5901846885681152344;-0.37191545963287353516;4.600616455078125
49398000;4.5919189453125;-0.4232845306396484375;4.600616455078125
49411000;4.5921902656555175781;-0.43085962533950805664;4.600616455078125
49423000;4.5927176475524902344;-0.42963647842407226562;4.600616455078125
49435000;4.5939812660217285156;-0.41086202859878540039;4.600616455078125
49447000;4.5942478179931640625;-0.44826829433441162109;4.600616455078125
49459000;4.5929150581359863281;-0.43941348791122436523;4.600616455078125
49471000;4.5923910140991210938;-0.46891242265701293945;4.600616455078125
49483000;4.5950751304626464844;-0.5146668553352355957;4.600616455078125
49495000;4.5941100120544433594;-0.55325669050216674805;4.600616455078125
49508000;4.59661865234375;-0.56038421392440795898;4.600616455078125
49520000;4.5973224639892578125;-0.58123093843460083008;4.600616455078125
49534000;4.5980820655822753906;-0.60380148887634277344;4.600616455078125
49546000;4.59673309326171875;-0.5631853938102722168;4.600616455078125
49559000;4.5972104072570800781;-0.65625250339508056641;4.600616455078125
49571000;4.5982961654663085938;-0.67520695924758911133;4.600616455078125
49584000;4.6017780303955078125;-0.71427625417709350586;4.600616455078125
49596000;4.6004533767700195312;-0.67453807592391967773;4.600616455078125
49609000;4.6013274192810058594;-0.65623480081558227539;4.600616455078125
49622000;4.5982804298400878906;-0.6092408299446105957;4.600616455078125
49634000;4.5957884788513183594;-0.53432297706604003906;4.600616455078125
49646000;4.5959453582763671875;-0.53883886337280273438;4.600616455078125
49658000;4.5957150459289550781;-0.5317065119743347168;4.600616455078125
49670000;4.5948233604431152344;-0.50471198558807373047;4.600616455078125
49682000;4.5960235595703125;-0.54047828912734985352;4.600616455078125
49694000;4.5952401161193847656;-0.51668488979339599609;4.600616455078125
49707000;4.5961885452270507812;-0.54013812541961669922;4.600616455078125
49719000;4.5954031944274902344;-0.52938354015350341797;4.600616455078125
49732000;4.5947999954223632812;-0.50233638286590576172;4.600616455078125
49748000;4.5939412117004394531;-0.47609770298004150391;4.600616455078125
49760000;4.5944504737854003906;-0.49087578058242797852;4.600616455078125
49772000;4.5929932594299316406;-0.44663435220718383789;4.600616455078125
49785000;4.5919475555419921875;-0.36989122629165649414;4.600616455078125
49797000;4.5925893783569335938;-0.37865483760833740234;4.600616455078125
49809000;4.5921225547790527344;-0.41953450441360473633;4.600616455078125
49822000;4.5915379524230957031;-0.40087336301803588867;4.600616455078125
49835000;4.5937914848327636719;-0.46790117025375366211;4.600616455078125
49848000;4.5974698066711425781;-0.57785212993621826172;4.600616455078125
49860000;4.5956597328186035156;-0.52323460578918457031;4.600616455078125
49872000;4.5940299034118652344;-0.47393459081649780273;4.600616455078125
49884000;4.5939440727233886719;-0.4709288477897644043;4.600616455078125
49896000;4.593231201171875;-0.44912368059158325195;4.600616455078125
49909000;4.5948529243469238281;-0.50451254844665527344;4.600616455078125
49922000;4.5946526527404785156;-0.49097019433975219727;4.600616455078125
49934000;4.5957665443420410156;-0.52403366565704345703;4.600616455078125
49946000;4.5980114936828613281;-0.59112030267715454102;4.600616455078125
49958000;4.5987439155578613281;-0.6128947138786315918;4.600616455078125
49970000;4.5980029106140136719;-0.59045988321304321289;4.600616455078125
49983000;4.5990605354309082031;-0.57134664058685302734;4.600616455078125
49995000;4.5989847183227539062;-0.60479396581649780273;4.600616455078125
50008000;4.5974054336547851562;-0.57207524776458740234;4.600616455078125
50020000;4.5968575477600097656;-0.5555095672607421875;4.600616455078125
50033000;4.6010980606079101562;-0.7623538970947265625;4.600616455078125
50045000;4.599697113037109375;-0.67430883646011352539;4.600616455078125
50057000;4.5992450714111328125;-0.71936380863189697266;4.600616455078125
50070000;4.6052165031433105469;-0.80639106035232543945;4.600616455078125
50082000;4.6041769981384277344;-0.77540457248687744141;4.600616455078125
50095000;4.6042261123657226562;-0.75292456150054931641;4.600616455078125
50107000;4.6010346412658691406;-0.68152582645416259766;4.600616455078125
50120000;4.6022830009460449219;-0.71906417608261108398;4.600616455078125
50133000;4.6043381690979003906;-0.78087472915649414062;4.600616455078125
50146000;4.6034517288208007812;-0.7543856501579284668;4.600616455078125
50158000;4.6035127639770507812;-0.75635099411010742188;4.600616455078125
50171000;4.60265350341796875;-0.69494700431823730469;4.600616455078125
50183000;4.6000194549560546875;-0.65177309513092041016;4.600616455078125
50196000;4.6001992225646972656;-0.65722268819808959961;4.600616455078125
50208000;4.599803924560546875;-0.64533323049545288086;4.600616455078125
50220000;4.5992679595947265625;-0.65764445066452026367;4.600616455078125
50234000;4.6014909744262695312;-0.64975845813751220703;4.600616455078125
50248000;4.5992684364318847656;-0.72055894136428833008;4.600616455078125
50261000;4.6025090217590332031;-0.72641253471374511719;4.600616455078125
50273000;4.6018857955932617188;-0.70770084857940673828;4.600616455078125
50285000;4.5996050834655761719;-0.63921707868576049805;4.600616455078125
50298000;4.598175048828125;-0.59619420766830444336;4.600616455078125
50310000;4.5965790748596191406;-0.54812532663345336914;4.600616455078125
50323000;4.5959143638610839844;-0.49998492002487182617;4.600616455078125
50335000;4.5958104133605957031;-0.54281282424926757812;4.600616455078125
50348000;4.5945720672607421875;-0.4870535731315612793;4.600616455078125
50360000;4.5944886207580566406;-0.48426228761672973633;4.600616455078125
50372000;4.5971665382385253906;-0.56432157754898071289;4.600616455078125
50385000;4.5987696647644042969;-0.57370364665985107422;4.600616455078125
50398000;4.5984630584716796875;-0.60283243656158447266;4.600616455078125
50410000;4.5967888832092285156;-0.55238193273544311523;4.600616455078125
50422000;4.5973954200744628906;-0.57038199901580810547;4.600616455078125
50435000;4.5987324714660644531;-0.61032885313034057617;4.600616455078125
50447000;4.5979757308959960938;-0.63675546646118164062;4.600616455078125
50459000;4.5972900390625;-0.60556501150131225586;4.600616455078125
50471000;4.5967378616333007812;-0.62391614913940429688;4.600616455078125
50483000;4.5961141586303710938;-0.53107607364654541016;4.600616455078125
50496000;4.5965757369995117188;-0.54459631443023681641;4.600616455078125
50508000;4.5964384078979492188;-0.54019838571548461914;4.600616455078125
50521000;4.5957698822021484375;-0.43032854795455932617;4.600616455078125
50533000;4.5942959785461425781;-0.38340228796005249023;4.600616455078125
50546000;4.5914721488952636719;-0.38994598388671875;4.600616455078125
50559000;4.5930218696594238281;-0.43585300445556640625;4.600616455078125
50572000;4.5923223495483398438;-0.41431850194931030273;4.600616455078125
50585000;4.5897850990295410156;-0.33749979734420776367;4.600616455078125
50598000;4.5909733772277832031;-0.37259304523468017578;4.600616455078125
50610000;4.5916771888732910156;-0.43257242441177368164;4.600616455078125
50622000;4.59128570556640625;-0.38093733787536621094;4.600616455078125
50634000;4.5913438796997070312;-0.44170653820037841797;4.600616455078125
50648000;4.5955338478088378906;-0.50741380453109741211;4.600616455078125
50661000;4.5939388275146484375;-0.40890210866928100586;4.600616455078125
50674000;4.5934233665466308594;-0.44317841529846191406;4.600616455078125
50686000;4.594165802001953125;-0.46510982513427734375;4.600616455078125
50697000;4.5920085906982421875;-0.40003103017807006836;4.600616455078125
50710000;4.5943088531494140625;-0.46865451335906982422;4.600616455078125
50722000;4.5955672264099121094;-0.50601369142532348633;4.600616455078125
50734000;4.5969595909118652344;-0.54748046398162841797;4.600616455078125
50746000;4.5966486930847167969;-0.53788709640502929688;4.600616455078125
50760000;4.5985579490661621094;-0.59487766027450561523;4.600616455078125
50773000;4.5989394187927246094;-0.53267472982406616211;4.600616455078125
50786000;4.596752166748046875;-0.54033607244491577148;4.600616455078125
50798000;4.5945372581481933594;-0.52156990766525268555;4.600616455078125
50811000;4.5961632728576660156;-0.56985551118850708008;4.600616455078125
50823000;4.5972690582275390625;-0.54888743162155151367;4.600616455078125
50836000;4.5978040695190429688;-0.57092690467834472656;4.600616455078125
50849000;4.5962977409362792969;-0.500110626220703125;4.600616455078125
50861000;4.5970892906188964844;-0.49315047264099121094;4.600616455078125
50873000;4.5969834327697753906;-0.56908184289932250977;4.600616455078125
50886000;4.5974850654602050781;-0.56048083305358886719;4.600616455078125
50898000;4.59925079345703125;-0.61329549551010131836;4.600616455078125
50911000;4.5989241600036621094;-0.51979547739028930664;4.600616455078125
50923000;4.5990591049194335938;-0.54087674617767333984;4.600616455078125
50935000;4.5979185104370117188;-0.52834534645080566406;4.600616455078125
50948000;4.5953516960144042969;-0.49545067548751831055;4.600616455078125
50961000;4.5953969955444335938;-0.5687687993049621582;4.600616455078125
50973000;4.5932564735412597656;-0.51756572723388671875;4.600616455078125
50985000;4.591854095458984375;-0.49621015787124633789;4.600616455078125
50997000;4.5912485122680664062;-0.46426141262054443359;4.600616455078125
51010000;4.5934615135192871094;-0.43679571151733398438;4.600616455078125
51023000;4.5944647789001464844;-0.38966631889343261719;4.600616455078125
51036000;4.5908174514770507812;-0.35649192333221435547;4.600616455078125
51049000;4.5900564193725585938;-0.413761138916015625;4.600616455078125
51061000;4.5921850204467773438;-0.48711466789245605469;4.600616455078125
51073000;4.5929150581359863281;-0.49543052911758422852;4.600616455078125
51085000;4.5920095443725585938;-0.39929962158203125;4.600616455078125
51097000;4.5918250083923339844;-0.43490964174270629883;4.600616455078125
51110000;4.593929290771484375;-0.44695502519607543945;4.600616455078125
51122000;4.591083526611328125;-0.36104166507720947266;4.600616455078125
51135000;4.5919923782348632812;-0.35412794351577758789;4.600616455078125
51148000;4.5924463272094726562;-0.40080755949020385742;4.600616455078125
51161000;4.5930895805358886719;-0.46323323249816894531;4.600616455078125
51173000;4.59420013427734375;-0.49462348222732543945;4.600616455078125
51186000;4.5957546234130859375;-0.49881464242935180664;4.600616455078125
51198000;4.5942168235778808594;-0.45230525732040405273;4.600616455078125
51211000;4.5922160148620605469;-0.39183789491653442383;4.600616455078125
51224000;4.5922942161560058594;-0.39361619949340820312;4.600616455078125
51236000;4.594165802001953125;-0.4493262171745300293;4.600616455078125
51248000;4.5949993133544921875;-0.47393506765365600586;4.600616455078125
51261000;4.5956878662109375;-0.47326576709747314453;4.600616455078125
51274000;4.598712921142578125;-0.58466511964797973633;4.600616455078125
51287000;4.599315643310546875;-0.51214635372161865234;4.600616455078125
51299000;4.5968647003173828125;-0.50160437822341918945;4.600616455078125
51312000;4.593791961669921875;-0.43637043237686157227;4.600616455078125
51324000;4.5975060462951660156;-0.54749381542205810547;4.600616455078125
51337000;4.5932106971740722656;-0.41455692052841186523;4.600616455078125
51350000;4.5930967330932617188;-0.41426819562911987305;4.600616455078125
51363000;4.59197998046875;-0.32816600799560546875;4.600616455078125
51375000;4.5916571617126464844;-0.30100286006927490234;4.600616455078125
51388000;4.5911536216735839844;-0.3542874455451965332;4.600616455078125
51400000;4.5899057388305664062;-0.31627953052520751953;4.600616455078125
51413000;4.5923376083374023438;-0.37576305866241455078;4.600616455078125
51425000;4.5927829742431640625;-0.38496541976928710938;4.600616455078125
51437000;4.5942525863647460938;-0.42208468914031982422;4.600616455078125
51450000;4.5923857688903808594;-0.38855576515197753906;4.600616455078125
51463000;4.5919313430786132812;-0.38076096773147583008;4.600616455078125
51475000;4.5911664962768554688;-0.43119192123413085938;4.600616455078125
51487000;4.5909695625305175781;-0.43298768997192382812;4.600616455078125
51499000;4.5920085906982421875;-0.4171193242073059082;4.600616455078125
51511000;4.5921502113342285156;-0.46829980611801147461;4.600616455078125
51524000;4.5949506759643554688;-0.40009087324142456055;4.600616455078125
51537000;4.5941710472106933594;-0.43880790472030639648;4.600616455078125
51549000;4.5928740501403808594;-0.39961504936218261719;4.600616455078125
51562000;4.5945110321044921875;-0.48079037666320800781;4.600616455078125
51574000;4.5941853523254394531;-0.43827104568481445312;4.600616455078125
51586000;4.5949769020080566406;-0.52644509077072143555;4.600616455078125
51599000;4.5963301658630371094;-0.50201439857482910156;4.600616455078125
51611000;4.596435546875;-0.50487935543060302734;4.600616455078125
51623000;4.5974431037902832031;-0.53486627340316772461;4.600616455078125
51636000;4.5932941436767578125;-0.41004341840744018555;4.600616455078125
51648000;4.5944237709045410156;-0.3851674199104309082;4.600616455078125
51661000;4.5925860404968261719;-0.38783574104309082031;4.600616455078125
51674000;4.5929675102233886719;-0.39888584613800048828;4.600616455078125
51687000;4.5952749252319335938;-0.46765488386154174805;4.600616455078125
51700000;4.5972857475280761719;-0.52763485908508300781;4.600616455078125
51712000;4.59752655029296875;-0.53461474180221557617;4.600616455078125
51725000;4.5938439369201660156;-0.42385321855545043945;4.600616455078125
51738000;4.5936331748962402344;-0.41726225614547729492;4.600616455078125
51750000;4.5955524444580078125;-0.47446477413177490234;4.600616455078125
51762000;4.596332550048828125;-0.53845864534378051758;4.600616455078125
51775000;4.5950551033020019531;-0.45895898342132568359;4.600616455078125
51787000;4.5944957733154296875;-0.44178044795989990234;4.600616455078125
51800000;4.5941009521484375;-0.42952656745910644531;4.600616455078125
51813000;4.5943326950073242188;-0.43604695796966552734;4.600616455078125
51825000;4.5936794281005859375;-0.42823821306228637695;4.600616455078125
51837000;4.5943784713745117188;-0.43663686513900756836;4.600616455078125
51849000;4.5929403305053710938;-0.45190918445587158203;4.600616455078125
51862000;4.595760345458984375;-0.47731900215148925781;4.600616455078125
51875000;4.5938305854797363281;-0.39441281557083129883;4.600616455078125
51888000;4.5931839942932128906;-0.39905375242233276367;4.600616455078125
51901000;4.5910630226135253906;-0.36434668302536010742;4.600616455078125
51914000;4.5938639640808105469;-0.41838109493255615234;4.600616455078125
51926000;4.593425750732421875;-0.40480345487594604492;4.600616455078125
51939000;4.5941925048828125;-0.39177805185317993164;4.600616455078125
51951000;4.5932822227478027344;-0.42240488529205322266;4.600616455078125
51963000;4.5949153900146484375;-0.35132551193237304688;4.600616455078125
51976000;4.5909590721130371094;-0.32884097099304199219;4.600616455078125
51989000;4.5919141769409179688;-0.36117208003997802734;4.600616455078125
52001000;4.5902237892150878906;-0.3398024439811706543;4.600616455078125
52014000;4.5922818183898925781;-0.36684125661849975586;4.600616455078125
52026000;4.5932545661926269531;-0.36225581169128417969;4.600616455078125
52038000;4.5949797630310058594;-0.44675934314727783203;4.600616455078125
52050000;4.5927462577819824219;-0.37927031517028808594;4.600616455078125
52063000;4.5928683280944824219;-0.38233280181884765625;4.600616455078125
52076000;4.5939922332763671875;-0.41564482450485229492;4.600616455078125
52088000;4.5921487808227539062;-0.35997986793518066406;4.600616455078125
52101000;4.5922160148620605469;-0.43628835678100585938;4.600616455078125
52113000;4.5944466590881347656;-0.42797398567199707031;4.600616455078125
52126000;4.5957751274108886719;-0.46743744611740112305;4.600616455078125
52138000;4.5949215888977050781;-0.44139695167541503906;4.600616455078125
52151000;4.5966463088989257812;-0.41551864147186279297;4.600616455078125
52164000;4.5966176986694335938;-0.49169391393661499023;4.600616455078125
52177000;4.5958333015441894531;-0.56262618303298950195;4.600616455078125
52189000;4.5992908477783203125;-0.57143312692642211914;4.600616455078125
52202000;4.596889495849609375;-0.49913293123245239258;4.600616455078125
52214000;4.5958180427551269531;-0.46667432785034179688;4.600616455078125
52227000;4.5953359603881835938;-0.41837006807327270508;4.600616455078125
52239000;4.5965285301208496094;-0.44900840520858764648;4.600616455078125
52252000;4.5962204933166503906;-0.47778034210205078125;4.600616455078125
52264000;4.597385406494140625;-0.51257181167602539062;4.600616455078125
52276000;4.5988340377807617188;-0.55588960647583007812;4.600616455078125
52289000;4.6022043228149414062;-0.65693926811218261719;4.600616455078125
52302000;4.6027951240539550781;-0.67468506097793579102;4.600616455078125
52315000;4.6016945838928222656;-0.58258491754531860352;4.600616455078125
52327000;4.6026816368103027344;-0.65789276361465454102;4.600616455078125
52340000;4.6049962043762207031;-0.74110108613967895508;4.600616455078125
52352000;4.6058359146118164062;-0.76656568050384521484;4.600616455078125
52365000;4.6056928634643554688;-0.78501975536346435547;4.600616455078125
52378000;4.607173919677734375;-0.80738842487335205078;4.600616455078125
52390000;4.608272552490234375;-0.84076327085494995117;4.600616455078125
52402000;4.6061348915100097656;-0.77699822187423706055;4.600616455078125
52415000;4.6060914993286132812;-0.86604332923889160156;4.600616455078125
52428000;4.6086325645446777344;-0.85289680957794189453;4.600616455078125
52441000;4.6049237251281738281;-0.76737767457962036133;4.600616455078125
52453000;4.6066064834594726562;-0.82518810033798217773;4.600616455078125
52466000;4.6053366661071777344;-0.75510001182556152344;4.600616455078125
52479000;4.6054210662841796875;-0.74784457683563232422;4.600616455078125
52492000;4.6033940315246582031;-0.69747984409332275391;4.600616455078125
52504000;4.6044740676879882812;-0.73014646768569946289;4.600616455078125
52516000;4.6046285629272460938;-0.73499822616577148438;4.600616455078125
52529000;4.6039700508117675781;-0.69739145040512084961;4.600616455078125
52541000;4.6038937568664550781;-0.67523998022079467773;4.600616455078125
52553000;4.6031284332275390625;-0.67437565326690673828;4.600616455078125
52566000;4.6032114028930664062;-0.69311630725860595703;4.600616455078125
52578000;4.6023554801940917969;-0.66762822866439819336;4.600616455078125
52591000;4.60242462158203125;-0.74678879976272583008;4.600616455078125
52603000;4.6018376350402832031;-0.75397318601608276367;4.600616455078125
52615000;4.6014032363891601562;-0.7514241337776184082;4.600616455078125
52627000;4.6016583442687988281;-0.75907027721405029297;4.600616455078125
52640000;4.6043834686279296875;-0.7293529510498046875;4.600616455078125
52653000;4.6045885086059570312;-0.73570036888122558594;4.600616455078125
52666000;4.603336334228515625;-0.698383331298828125;4.600616455078125
52678000;4.6038556098937988281;-0.71420311927795410156;4.600616455078125
52690000;4.6046156883239746094;-0.73726916313171386719;4.600616455078125
52702000;4.6010122299194335938;-0.75837540626525878906;4.600616455078125
52715000;4.6013970375061035156;-0.70796692371368408203;4.600616455078125
52727000;4.6005215644836425781;-0.65009045600891113281;4.600616455078125
52739000;4.6022982597351074219;-0.63896590471267700195;4.600616455078125
52751000;4.6020159721374511719;-0.66432929039001464844;4.600616455078125
52763000;4.5997996330261230469;-0.61083090305328369141;4.600616455078125
52775000;4.6037387847900390625;-0.70622080564498901367;4.600616455078125
52787000;4.6053862571716308594;-0.68874353170394897461;4.600616455078125
52799000;4.603038787841796875;-0.69095385074615478516;4.600616455078125
52812000;4.6031503677368164062;-0.69448071718215942383;4.600616455078125
52825000;4.6033558845520019531;-0.75081110000610351562;4.600616455078125
52837000;4.6030926704406738281;-0.81165039539337158203;4.600616455078125
52849000;4.6045355796813964844;-0.81670939922332763672;4.600616455078125
52861000;4.6053328514099121094;-0.76107311248779296875;4.600616455078125
52873000;4.6076879501342773438;-0.83201539516448974609;4.600616455078125
52885000;4.6071624755859375;-0.81657314300537109375;4.600616455078125
52898000;4.6065640449523925781;-0.79893004894256591797;4.600616455078125
52910000;4.6054997444152832031;-0.76705861091613769531;4.600616455078125
52922000;4.6053857803344726562;-0.76426219940185546875;4.600616455078125
52934000;4.6050009727478027344;-0.75303494930267333984;4.600616455078125
52946000;4.6035685539245605469;-0.75170564651489257812;4.600616455078125
52959000;4.6057562828063964844;-0.77632367610931396484;4.600616455078125
52971000;4.6066765785217285156;-0.80422472953796386719;4.600616455078125
52984000;4.6066598892211914062;-0.80402153730392456055;4.600616455078125
52996000;4.6092844009399414062;-0.88308763504028320312;4.600616455078125
53009000;4.6082277297973632812;-0.78338783979415893555;4.600616455078125
53022000;4.6046662330627441406;-0.74533325433731079102;4.600616455078125
53034000;4.6047372817993164062;-0.7478224635124206543;4.600616455078125
53047000;4.6055140495300292969;-0.85368317365646362305;4.600616455078125
53059000;4.6058773994445800781;-0.87449228763580322266;4.600616455078125
53071000;4.6057567596435546875;-0.86152577400207519531;4.600616455078125
53083000;4.6058325767517089844;-0.8214632868766784668;4.600616455078125
53096000;4.6065564155578613281;-0.80429899692535400391;4.600616455078125
53108000;4.6056671142578125;-0.77788978815078735352;4.600616455078125
53121000;4.6030759811401367188;-0.70049840211868286133;4.600616455078125
53133000;4.6037440299987792969;-0.72079962491989135742;4.600616455078125
53145000;4.6023526191711425781;-0.6792812347412109375;4.600616455078125
53158000;4.6063199043273925781;-0.80035483837127685547;4.600616455078125
53170000;4.6065435409545898438;-0.84341567754745483398;4.600616455078125
53183000;4.6073136329650878906;-0.82918882369995117188;4.600616455078125
53197000;4.6068282127380371094;-0.75199753046035766602;4.600616455078125
53209000;4.6021285057067871094;-0.67431306838989257812;4.600616455078125
53222000;4.6024765968322753906;-0.72864192724227905273;4.600616455078125
53236000;4.6039295196533203125;-0.72870463132858276367;4.600616455078125
53248000;4.6040439605712890625;-0.65747934579849243164;4.600616455078125
53261000;4.6017222404479980469;-0.66275811195373535156;4.600616455078125
53273000;4.6022448539733886719;-0.67855417728424072266;4.600616455078125
53285000;4.6034731864929199219;-0.71558284759521484375;4.600616455078125
53299000;4.6064705848693847656;-0.82858836650848388672;4.600616455078125
53311000;4.6072597503662109375;-0.82980799674987792969;4.600616455078125
53324000;4.6074132919311523438;-0.83474218845367431641;4.600616455078125
53336000;4.6077051162719726562;-0.80478340387344360352;4.600616455078125
53348000;4.6067962646484375;-0.81701546907424926758;4.600616455078125
53362000;4.6043100357055664062;-0.7428264617919921875;4.600616455078125
53374000;4.6046285629272460938;-0.75267446041107177734;4.600616455078125
53386000;4.6039452552795410156;-0.75587028264999389648;4.600616455078125
53398000;4.6041445732116699219;-0.77891957759857177734;4.600616455078125
53411000;4.6046710014343261719;-0.73278415203094482422;4.600616455078125
53424000;4.6041398048400878906;-0.73890709877014160156;4.600616455078125
53437000;4.6032395362854003906;-0.65934187173843383789;4.600616455078125
53450000;4.6026530265808105469;-0.6946519017219543457;4.600616455078125
53463000;4.6014857292175292969;-0.69907212257385253906;4.600616455078125
53475000;4.6023440361022949219;-0.70237588882446289062;4.600616455078125
53487000;4.6038651466369628906;-0.73128467798233032227;4.600616455078125
53500000;4.6040396690368652344;-0.73677110671997070312;4.600616455078125
53512000;4.6052598953247070312;-0.77363884449005126953;4.600616455078125
53525000;4.603801727294921875;-0.73598891496658325195;4.600616455078125
53538000;4.6058316230773925781;-0.79138642549514770508;4.600616455078125
53550000;4.6069197654724121094;-0.82435512542724609375;4.600616455078125
53562000;4.6091527938842773438;-0.89175826311111450195;4.600616455078125
53574000;4.6090803146362304688;-0.89000672101974487305;4.600616455078125
53586000;4.6068863868713378906;-0.82453185319900512695;4.600616455078125
53599000;4.6046051979064941406;-0.71161115169525146484;4.600616455078125
53611000;4.6058125495910644531;-0.7068309783935546875;4.600616455078125
53623000;4.6036887168884277344;-0.61414116621017456055;4.600616455078125
53635000;4.6036553382873535156;-0.6546408534049987793;4.600616455078125
53647000;4.6027054786682128906;-0.65458005666732788086;4.600616455078125
53659000;4.6023392677307128906;-0.69483035802841186523;4.600616455078125
53672000;4.6046032905578613281;-0.7572262883186340332;4.600616455078125
53684000;4.6042218208312988281;-0.74598324298858642578;4.600616455078125
53697000;4.6036038398742675781;-0.72291803359985351562;4.600616455078125
53710000;4.6032891273498535156;-0.71835350990295410156;4.600616455078125
53723000;4.6013460159301757812;-0.60530638694763183594;4.600616455078125
53735000;4.6009135246276855469;-0.59243816137313842773;4.600616455078125
53748000;4.5981283187866210938;-0.63605493307113647461;4.600616455078125
53761000;4.6005949974060058594;-0.64528542757034301758;4.600616455078125
53773000;4.6006131172180175781;-0.65635335445404052734;4.600616455078125
53785000;4.6000280380249023438;-0.58944529294967651367;4.600616455078125
53797000;4.6005969047546386719;-0.61804866790771484375;4.600616455078125
53814000;4.6031465530395507812;-0.71382427215576171875;4.600616455078125
53826000;4.6030859947204589844;-0.71207344532012939453;4.600616455078125
53838000;4.6012253761291503906;-0.65624403953552246094;4.600616455078125
53851000;4.6003942489624023438;-0.57417887449264526367;4.600616455078125
53864000;4.5975470542907714844;-0.54577851295471191406;4.600616455078125
53876000;4.5961108207702636719;-0.50260561704635620117;4.600616455078125
53888000;4.5985493659973144531;-0.57560718059539794922;4.600616455078125
53901000;4.5980277061462402344;-0.62250256538391113281;4.600616455078125
53913000;4.5968866348266601562;-0.5253054499626159668;4.600616455078125
53926000;4.5981664657592773438;-0.5100523829460144043;4.600616455078125
53938000;4.5988101959228515625;-0.58257144689559936523;4.600616455078125
53950000;4.5972719192504882812;-0.53165376186370849609;4.600616455078125
53962000;4.5976800918579101562;-0.5295168757438659668;4.600616455078125
53974000;4.5970540046691894531;-0.52938675880432128906;4.600616455078125
53986000;4.5978856086730957031;-0.55416911840438842773;4.600616455078125
53999000;4.5971131324768066406;-0.53076517581939697266;4.600616455078125
54011000;4.5988211631774902344;-0.58181726932525634766;4.600616455078125
54023000;4.5992274284362792969;-0.59379839897155761719;4.600616455078125
54035000;4.5979547500610351562;-0.55544614791870117188;4.600616455078125
54047000;4.5977025032043457031;-0.54759812355041503906;4.600616455078125
54059000;4.596775054931640625;-0.51950109004974365234;4.600616455078125
54072000;4.5964903831481933594;-0.45318627357482910156;4.600616455078125
54084000;4.5960307121276855469;-0.49664360284805297852;4.600616455078125
54097000;4.5940089225769042969;-0.43561530113220214844;4.600616455078125
54109000;4.59442901611328125;-0.44789552688598632812;4.600616455078125
54122000;4.5945382118225097656;-0.45083254575729370117;4.600616455078125
54134000;4.5948939323425292969;-0.46118277311325073242;4.600616455078125
54146000;4.5934848785400390625;-0.45204520225524902344;4.600616455078125
54158000;4.5946021080017089844;-0.4028937220573425293;4.600616455078125
54170000;4.5967235565185546875;-0.44691246747970581055;4.600616455078125
54183000;4.5945839881896972656;-0.4502169489860534668;4.600616455078125
54195000;4.5925750732421875;-0.38959354162216186523;4.600616455078125
54207000;4.5925579071044921875;-0.38872474431991577148;4.600616455078125
54220000;4.5940413475036621094;-0.48821419477462768555;4.600616455078125
54232000;4.5926527976989746094;-0.47257286310195922852;4.600616455078125
54244000;4.5930047035217285156;-0.40103632211685180664;4.600616455078125
54256000;4.5941023826599121094;-0.43357485532760620117;4.600616455078125
54269000;4.5976057052612304688;-0.53833156824111938477;4.600616455078125
54281000;4.5962858200073242188;-0.49845546483993530273;4.600616455078125
54293000;4.597080230712890625;-0.52200651168823242188;4.600616455078125
54306000;4.5974459648132324219;-0.53274399042129516602;4.600616455078125
54317000;4.5959534645080566406;-0.48775970935821533203;4.600616455078125
54330000;4.5959119796752929688;-0.46566051244735717773;4.600616455078125
54342000;4.5954914093017578125;-0.48019272089004516602;4.600616455078125
54354000;4.5947179794311523438;-0.4499066472053527832;4.600616455078125
54366000;4.5948553085327148438;-0.54965806007385253906;4.600616455078125
54379000;4.5986280441284179688;-0.56665664911270141602;4.600616455078125
54391000;4.5972418785095214844;-0.52480626106262207031;4.600616455078125
54404000;4.5973062515258789062;-0.52648532390594482422;4.600616455078125
54416000;4.5976581573486328125;-0.51366245746612548828;4.600616455078125
54428000;4.6001033782958984375;-0.56590163707733154297;4.600616455078125
54441000;4.5994510650634765625;-0.51203864812850952148;4.600616455078125
54452000;4.5999865531921386719;-0.53772020339965820312;4.600616455078125
54464000;4.6002435684204101562;-0.61398798227310180664;4.600616455078125
54476000;4.5996413230895996094;-0.59592062234878540039;4.600616455078125
54489000;4.5989322662353515625;-0.62924808263778686523;4.600616455078125
54501000;4.5997934341430664062;-0.64448159933090209961;4.600616455078125
54513000;4.5987114906311035156;-0.65179204940795898438;4.600616455078125
54526000;4.6021723747253417969;-0.6717516779899597168;4.600616455078125
54538000;4.6025142669677734375;-0.6820386052131652832;4.600616455078125
54550000;4.60517120361328125;-0.76185530424118041992;4.600616455078125
54562000;4.6042962074279785156;-0.73578733205795288086;4.600616455078125
54574000;4.6037034988403320312;-0.71813625097274780273;4.600616455078125
54586000;4.6029934883117675781;-0.69694173336029052734;4.600616455078125
54598000;4.6031980514526367188;-0.70320618152618408203;4.600616455078125
54610000;4.6026124954223632812;-0.6857624053955078125;4.600616455078125
54622000;4.6020402908325195312;-0.66868597269058227539;4.600616455078125
54634000;4.6019601821899414062;-0.6664091944694519043;4.600616455078125
54646000;4.6014380455017089844;-0.65084546804428100586;4.600616455078125
54658000;4.6025056838989257812;-0.68305021524429321289;4.600616455078125
54671000;4.6019902229309082031;-0.74736440181732177734;4.600616455078125
54683000;4.6022419929504394531;-0.74017584323883056641;4.600616455078125
54695000;4.6005601882934570312;-0.68488597869873046875;4.600616455078125
54708000;4.600101470947265625;-0.61136114597320556641;4.600616455078125
54720000;4.5999913215637207031;-0.60798019170761108398;4.600616455078125
54733000;4.5988259315490722656;-0.54494142532348632812;4.600616455078125
54746000;4.59767913818359375;-0.53838384151458740234;4.600616455078125
54762000;4.6018691062927246094;-0.64645868539810180664;4.600616455078125
54776000;4.6019186973571777344;-0.71593964099884033203;4.600616455078125
54788000;4.6025528907775878906;-0.67291158437728881836;4.600616455078125
54802000;4.6024961471557617188;-0.68318676948547363281;4.600616455078125
54814000;4.6022810935974121094;-0.6768099665641784668;4.600616455078125
54827000;4.6026997566223144531;-0.63335871696472167969;4.600616455078125
54840000;4.5993885993957519531;-0.59011727571487426758;4.600616455078125
54852000;4.598659515380859375;-0.56815928220748901367;4.600616455078125
54865000;4.5981659889221191406;-0.62889575958251953125;4.600616455078125
54878000;4.5984554290771484375;-0.5617573857307434082;4.600616455078125
54890000;4.59627532958984375;-0.49613422155380249023;4.600616455078125
54903000;4.5951199531555175781;-0.46117544174194335938;4.600616455078125
54916000;4.5968408584594726562;-0.51256406307220458984;4.600616455078125
54928000;4.5967149734497070312;-0.50856149196624755859;4.600616455078125
54941000;4.5962619781494140625;-0.51062601804733276367;4.600616455078125
54953000;4.597087860107421875;-0.55036312341690063477;4.600616455078125
54965000;4.5985703468322753906;-0.56351476907730102539;4.600616455078125
54977000;4.5978436470031738281;-0.52033782005310058594;4.600616455078125
54989000;4.6004638671875;-0.54544919729232788086;4.600616455078125
55002000;4.595401763916015625;-0.46787977218627929688;4.600616455078125
55015000;4.5985469818115234375;-0.56200557947158813477;4.600616455078125
55027000;4.5968685150146484375;-0.59806597232818603516;4.600616455078125
55039000;4.5972409248352050781;-0.61546218395233154297;4.600616455078125
55051000;4.5962390899658203125;-0.59373420476913452148;4.600616455078125
55064000;4.60211944580078125;-0.668712615966796875;4.600616455078125
55077000;4.602264404296875;-0.61576253175735473633;4.600616455078125
55089000;4.6011819839477539062;-0.59205031394958496094;4.600616455078125
55101000;4.5993165969848632812;-0.58462405204772949219;4.600616455078125
55113000;4.5975031852722167969;-0.53013277053833007812;4.600616455078125
55125000;4.5992345809936523438;-0.53770530223846435547;4.600616455078125
55137000;4.5998883247375488281;-0.57417905330657958984;4.600616455078125
55149000;4.5991239547729492188;-0.52015286684036254883;4.600616455078125
55161000;4.5987935066223144531;-0.58116430044174194336;4.600616455078125
55173000;4.5999851226806640625;-0.6042321324348449707;4.600616455078125
55186000;4.6007928848266601562;-0.62841403484344482422;4.600616455078125
55198000;4.5998992919921875;-0.60148668289184570312;4.600616455078125
55210000;4.5995388031005859375;-0.59056431055068969727;4.600616455078125
55222000;4.6008439064025878906;-0.62962949275970458984;4.600616455078125
55234000;4.6009869575500488281;-0.63388496637344360352;4.600616455078125
55246000;4.6011366844177246094;-0.58736079931259155273;4.600616455078125
55259000;4.6001696586608886719;-0.60941797494888305664;4.600616455078125
55272000;4.5994734764099121094;-0.58854323625564575195;4.600616455078125
55284000;4.6008963584899902344;-0.74293625354766845703;4.600616455078125
55296000;4.6012177467346191406;-0.64104062318801879883;4.600616455078125
55308000;4.6037564277648925781;-0.71731132268905639648;4.600616455078125
55321000;4.6031928062438964844;-0.70140939950942993164;4.600616455078125
55334000;4.6041059494018554688;-0.72803014516830444336;4.600616455078125
55346000;4.6024694442749023438;-0.67908269166946411133;4.600616455078125
55358000;4.6063899993896484375;-0.79692184925079345703;4.600616455078125
55371000;4.6037888526916503906;-0.73089760541915893555;4.600616455078125
55383000;4.6016998291015625;-0.69065153598785400391;4.600616455078125
55395000;4.5990447998046875;-0.64928805828094482422;4.600616455078125
55407000;4.6018433570861816406;-0.66107660531997680664;4.600616455078125
55420000;4.6039004325866699219;-0.67198240756988525391;4.600616455078125
55432000;4.6053586006164550781;-0.69982236623764038086;4.600616455078125
55445000;4.6031346321105957031;-0.70027005672454833984;4.600616455078125
55457000;4.6033864021301269531;-0.7080141901969909668;4.600616455078125
55469000;4.6028523445129394531;-0.69220119714736938477;4.600616455078125
55482000;4.6021394729614257812;-0.75773280858993530273;4.600616455078125
55494000;4.6015071868896484375;-0.72082209587097167969;4.600616455078125
55508000;4.6047868728637695312;-0.75078296661376953125;4.600616455078125
55520000;4.6036367416381835938;-0.67410790920257568359;4.600616455078125
55532000;4.6042985916137695312;-0.7364298701286315918;4.600616455078125
55544000;4.6029992103576660156;-0.66995644569396972656;4.600616455078125
55556000;4.6039323806762695312;-0.65426343679428100586;4.600616455078125
55568000;4.6025404930114746094;-0.68413996696472167969;4.600616455078125
55580000;4.6043534278869628906;-0.73869842290878295898;4.600616455078125
55597000;4.6057329177856445312;-0.67642331123352050781;4.600616455078125
55610000;4.6037588119506835938;-0.72141212224960327148;4.600616455078125
55622000;4.604480743408203125;-0.74331247806549072266;4.600616455078125
55634000;4.6021819114685058594;-0.6745732426643371582;4.600616455078125
55647000;4.6007552146911621094;-0.66448724269866943359;4.600616455078125
55659000;4.5986957550048828125;-0.63898831605911254883;4.600616455078125
55671000;4.5995802879333496094;-0.70143538713455200195;4.600616455078125
55683000;4.6010727882385253906;-0.66121405363082885742;4.600616455078125
55695000;4.6007361412048339844;-0.62241363525390625;4.600616455078125
55707000;4.6028666496276855469;-0.69523221254348754883;4.600616455078125
55721000;4.6033763885498046875;-0.61467152833938598633;4.600616455078125
55734000;4.6011180877685546875;-0.64292812347412109375;4.600616455078125
55747000;4.5991973876953125;-0.62476772069931030273;4.600616455078125
55760000;4.5987758636474609375;-0.57254397869110107422;4.600616455078125
55772000;4.5982069969177246094;-0.55531972646713256836;4.600616455078125
55784000;4.5971555709838867188;-0.52354693412780761719;4.600616455078125
55796000;4.5961298942565917969;-0.49255567789077758789;4.600616455078125
55808000;4.597080230712890625;-0.52082288265228271484;4.600616455078125
55820000;4.5950160026550292969;-0.45862799882888793945;4.600616455078125
55833000;4.5948619842529296875;-0.51770287752151489258;4.600616455078125
55846000;4.5964388847351074219;-0.50068682432174682617;4.600616455078125
55858000;4.5969533920288085938;-0.51579058170318603516;4.600616455078125
55870000;4.5959448814392089844;-0.48520922660827636719;4.600616455078125
55883000;4.5986876487731933594;-0.51198720932006835938;4.600616455078125
55895000;4.5985121726989746094;-0.47301834821701049805;4.600616455078125
55907000;4.5974397659301757812;-0.50366240739822387695;4.600616455078125
55919000;4.5946092605590820312;-0.44420999288558959961;4.600616455078125
55931000;4.5973062515258789062;-0.44985306262969970703;4.600616455078125
55943000;4.59471893310546875;-0.3972867131233215332;4.600616455078125
55956000;4.5904803276062011719;-0.31926769018173217773;4.600616455078125
55968000;4.5914020538330078125;-0.3464463353157043457;4.600616455078125
55981000;4.5916490554809570312;-0.39587008953094482422;4.600616455078125
55993000;4.5931243896484375;-0.40220934152603149414;4.600616455078125
56006000;4.5921111106872558594;-0.36609649658203125;4.600616455078125
56018000;4.59075927734375;-0.3250179290771484375;4.600616455078125
56030000;4.590465545654296875;-0.31566309928894042969;4.600616455078125
56043000;4.5924296379089355469;-0.37394481897354125977;4.600616455078125
56056000;4.5937447547912597656;-0.41295385360717773438;4.600616455078125
56068000;4.5948247909545898438;-0.44992375373840332031;4.600616455078125
56080000;4.5948710441589355469;-0.40740537643432617188;4.600616455078125
56093000;4.5961027145385742188;-0.48256522417068481445;4.600616455078125
56105000;4.5970325469970703125;-0.44858604669570922852;4.600616455078125
56118000;4.5933651924133300781;-0.39981168508529663086;4.600616455078125
56131000;4.5925350189208984375;-0.45335996150970458984;4.600616455078125
56144000;4.5953545570373535156;-0.45870631933212280273;4.600616455078125
56156000;4.5967197418212890625;-0.49929261207580566406;4.600616455078125
56168000;4.5970349311828613281;-0.50842010974884033203;4.600616455078125
56181000;4.5958170890808105469;-0.37455612421035766602;4.600616455078125
56193000;4.5962314605712890625;-0.35016351938247680664;4.600616455078125
56206000;4.5919628143310546875;-0.35504007339477539062;4.600616455078125
56218000;4.5931735038757324219;-0.39098781347274780273;4.600616455078125
56230000;4.5941624641418457031;-0.49802285432815551758;4.600616455078125
56242000;4.595306396484375;-0.45434910058975219727;4.600616455078125
56255000;4.5965771675109863281;-0.49208360910415649414;4.600616455078125
56270000;4.5937609672546386719;-0.40723568201065063477;4.600616455078125
56283000;4.5941600799560546875;-0.50008320808410644531;4.600616455078125
56295000;4.5948901176452636719;-0.50391775369644165039;4.600616455078125
56307000;4.5942053794860839844;-0.55302894115447998047;4.600616455078125
56319000;4.5989422798156738281;-0.56150794029235839844;4.600616455078125
56334000;4.5960688591003417969;-0.47504442930221557617;4.600616455078125
56347000;4.5971903800964355469;-0.50837886333465576172;4.600616455078125
56361000;4.5975503921508789062;-0.51893770694732666016;4.600616455078125
56373000;4.5980434417724609375;-0.53351867198944091797;4.600616455078125
56386000;4.598423004150390625;-0.5137837529182434082;4.600616455078125
56399000;4.5957660675048828125;-0.46480774879455566406;4.600616455078125
56411000;4.5973024368286132812;-0.51069432497024536133;4.600616455078125
56424000;4.598724365234375;-0.53922873735427856445;4.600616455078125
56437000;4.5995607376098632812;-0.57811486721038818359;4.600616455078125
56449000;4.6018629074096679688;-0.64717972278594970703;4.600616455078125
56464000;4.5999360084533691406;-0.65560537576675415039;4.600616455078125
56476000;4.60079193115234375;-0.67667102813720703125;4.600616455078125
56489000;4.6007304191589355469;-0.61320215463638305664;4.600616455078125
56501000;4.6012125015258789062;-0.62762200832366943359;4.600616455078125
56513000;4.6024761199951171875;-0.66557127237319946289;4.600616455078125
56526000;4.6021227836608886719;-0.65504878759384155273;4.600616455078125
56538000;4.6028842926025390625;-0.67801254987716674805;4.600616455078125
56550000;4.6001534461975097656;-0.61596733331680297852;4.600616455078125
56562000;4.6020975112915039062;-0.69506722688674926758;4.600616455078125
56575000;4.6022295951843261719;-0.658672332763671875;4.600616455078125
56588000;4.6012387275695800781;-0.66830438375473022461;4.600616455078125
56600000;4.6028728485107421875;-0.65615475177764892578;4.600616455078125
56612000;4.6025333404541015625;-0.6018002629280090332;4.600616455078125
56624000;4.6004347801208496094;-0.57777053117752075195;4.600616455078125
56637000;4.5991845130920410156;-0.56738454103469848633;4.600616455078125
56650000;4.6008181571960449219;-0.66162717342376708984;4.600616455078125
56662000;4.59918212890625;-0.64472186565399169922;4.600616455078125
56675000;4.6038188934326171875;-0.70660257339477539062;4.600616455078125
56687000;4.6048502922058105469;-0.73769372701644897461;4.600616455078125
56699000;4.6061124801635742188;-0.77579909563064575195;4.600616455078125
56712000;4.6054310798645019531;-0.75558143854141235352;4.600616455078125
56724000;4.6055440902709960938;-0.7591775059700012207;4.600616455078125
56736000;4.6057362556457519531;-0.76521348953247070312;4.600616455078125
56748000;4.6057491302490234375;-0.76584738492965698242;4.600616455078125
56760000;4.6058111190795898438;-0.76801657676696777344;4.600616455078125
56773000;4.6050367355346679688;-0.70481592416763305664;4.600616455078125
56785000;4.6027426719665527344;-0.7512633204460144043;4.600616455078125
56797000;4.6036596298217773438;-0.77194362878799438477;4.600616455078125
56809000;4.6051816940307617188;-0.8064848780632019043;4.600616455078125
56822000;4.6094555854797363281;-0.87889260053634643555;4.600616455078125
56834000;4.6093840599060058594;-0.8771839141845703125;4.600616455078125
56846000;4.6104264259338378906;-0.90892320871353149414;4.600616455078125
56859000;4.6103835105895996094;-0.82766699790954589844;4.600616455078125
56872000;4.6088643074035644531;-0.86313188076019287109;4.600616455078125
56884000;4.6094961166381835938;-0.88264358043670654297;4.600616455078125
56896000;4.6069073677062988281;-0.80555588006973266602;4.600616455078125
56909000;4.6109457015991210938;-0.92731797695159912109;4.600616455078125
56922000;4.6104640960693359375;-0.83642929792404174805;4.600616455078125
56936000;4.6088471412658691406;-0.86553084850311279297;4.600616455078125
56948000;4.6070170402526855469;-0.84612071514129638672;4.600616455078125
56961000;4.6065216064453125;-0.86449104547500610352;4.600616455078125
56973000;4.6110391616821289062;-0.93276119232177734375;4.600616455078125
56985000;4.6081690788269042969;-0.90625858306884765625;4.600616455078125
56997000;4.60778045654296875;-0.86914521455764770508;4.600616455078125
57009000;4.6101770401000976562;-0.90831834077835083008;4.600616455078125
57022000;4.6085963249206542969;-0.86137765645980834961;4.600616455078125
57034000;4.6070127487182617188;-0.81423175334930419922;4.600616455078125
57046000;4.6060843467712402344;-0.78671628236770629883;4.600616455078125
57059000;4.6050968170166015625;-0.75746917724609375;4.600616455078125
57071000;4.6032052040100097656;-0.69521093368530273438;4.600616455078125
57084000;4.6050457954406738281;-0.75634074211120605469;4.600616455078125
57096000;4.6019968986511230469;-0.66505074501037597656;4.600616455078125
57108000;4.6011686325073242188;-0.64020979404449462891;4.600616455078125
57121000;4.6009960174560546875;-0.6350504755973815918;4.600616455078125
57134000;4.6024136543273925781;-0.67765665054321289062;4.600616455078125
57146000;4.6010012626647949219;-0.68088650703430175781;4.600616455078125
57159000;4.6001596450805664062;-0.66982507705688476562;4.600616455078125
57171000;4.6030168533325195312;-0.69599419832229614258;4.600616455078125
57184000;4.6013431549072265625;-0.64582133293151855469;4.600616455078125
57196000;4.6023669242858886719;-0.67655414342880249023;4.600616455078125
57208000;4.6007704734802246094;-0.62862670421600341797;4.600616455078125
57221000;4.5982508659362792969;-0.55292028188705444336;4.600616455078125
57233000;4.5961079597473144531;-0.48847782611846923828;4.600616455078125
57246000;4.5958490371704101562;-0.5887597203254699707;4.600616455078125
57258000;4.5979876518249511719;-0.54453396797180175781;4.600616455078125
57270000;4.5970754623413085938;-0.54973334074020385742;4.600616455078125
57283000;4.5955743789672851562;-0.47170591354370117188;4.600616455078125
57295000;4.5975670814514160156;-0.53123366832733154297;4.600616455078125
57308000;4.5984506607055664062;-0.5575154423713684082;4.600616455078125
57321000;4.5963120460510253906;-0.49315851926803588867;4.600616455078125
57334000;4.5956315994262695312;-0.47252053022384643555;4.600616455078125
57346000;4.5967993736267089844;-0.50734448432922363281;4.600616455078125
57359000;4.5981206893920898438;-0.58127164840698242188;4.600616455078125
57372000;4.5995430946350097656;-0.58934706449508666992;4.600616455078125
57384000;4.5991954803466796875;-0.57879585027694702148;4.600616455078125
57396000;4.5982069969177246094;-0.54900175333023071289;4.600616455078125
57408000;4.5977792739868164062;-0.53595274686813354492;4.600616455078125
57421000;4.5960688591003417969;-0.48441773653030395508;4.600616455078125
57433000;4.596538543701171875;-0.49832415580749511719;4.600616455078125
57445000;4.5987010002136230469;-0.56307995319366455078;4.600616455078125
57457000;4.5972509384155273438;-0.56012332439422607422;4.600616455078125
57469000;4.5976366996765136719;-0.60632532835006713867;4.600616455078125
57482000;4.6012930870056152344;-0.64058035612106323242;4.600616455078125
57495000;4.6000428199768066406;-0.52450144290924072266;4.600616455078125
57508000;4.5979142189025878906;-0.53892225027084350586;4.600616455078125
57520000;4.5965409278869628906;-0.48772603273391723633;4.600616455078125
57533000;4.5951900482177734375;-0.45667880773544311523;4.600616455078125
57546000;4.595981597900390625;-0.45934426784515380859;4.600616455078125
57559000;4.5946078300476074219;-0.43853259086608886719;4.600616455078125
57572000;4.5928778648376464844;-0.38560986518859863281;4.600616455078125
57584000;4.5922207832336425781;-0.39762055873870849609;4.600616455078125
57596000;4.5932421684265136719;-0.39507704973220825195;4.600616455078125
57608000;4.5912351608276367188;-0.36734402179718017578;4.600616455078125
57621000;4.5949349403381347656;-0.44601750373840332031;4.600616455078125
57633000;4.5969376564025878906;-0.50574690103530883789;4.600616455078125
57645000;4.5952486991882324219;-0.45470905303955078125;4.600616455078125
57657000;4.5960016250610351562;-0.47691053152084350586;4.600616455078125
57670000;4.5974340438842773438;-0.51962751150131225586;4.600616455078125
57682000;4.5981998443603515625;-0.54237931966781616211;4.600616455078125
57694000;4.5968585014343261719;-0.50192481279373168945;4.600616455078125
57706000;4.5972971916198730469;-0.51483988761901855469;4.600616455078125
57718000;4.5960240364074707031;-0.39519965648651123047;4.600616455078125
57730000;4.5935316085815429688;-0.38902175426483154297;4.600616455078125
57742000;4.5933842658996582031;-0.43432557582855224609;4.600616455078125
57755000;4.594455718994140625;-0.42808753252029418945;4.600616455078125
57767000;4.5940794944763183594;-0.41634005308151245117;4.600616455078125
57779000;4.5950360298156738281;-0.44462001323699951172;4.600616455078125
57792000;4.5943737030029296875;-0.37186235189437866211;4.600616455078125
57805000;4.594512939453125;-0.34116148948669433594;4.600616455078125
57817000;4.5931792259216308594;-0.32918959856033325195;4.600616455078125
57830000;4.5914559364318847656;-0.33522307872772216797;4.600616455078125
57842000;4.5891146659851074219;-0.26440000534057617188;4.600616455078125
57854000;4.589496612548828125;-0.27528911828994750977;4.600616455078125
57867000;4.5896368026733398438;-0.36316442489624023438;4.600616455078125
57880000;4.5889520645141601562;-0.2576891779899597168;4.600616455078125
57892000;4.5902152061462402344;-0.29490780830383300781;4.600616455078125
57904000;4.5890102386474609375;-0.25805109739303588867;4.600616455078125
57916000;4.5864410400390625;-0.078052282333374023438;4.600616455078125
57928000;4.5851287841796875;-0.071016907691955566406;4.600616455078125
57940000;4.5835890769958496094;-0.094726622104644775391;4.600616455078125
57952000;4.5840911865234375;-0.085676014423370361328;4.600616455078125
57965000;4.5818848609924316406;-0.039323151111602783203;4.600616455078125
57977000;4.581897735595703125;-0.038641214370727539062;4.600616455078125
57989000;4.5827617645263671875;-0.063433170318603515625;4.600616455078125
58001000;4.5828471183776855469;-0.064839184284210205078;4.600616455078125
58014000;4.58396148681640625;-0.097170591354370117188;4.600616455078125
58026000;4.5815577507019042969;0.0048634409904479980469;4.600616455078125
58038000;4.5836000442504882812;-0.021565556526184082031;4.600616455078125
58051000;4.5801253318786621094;0.021487593650817871094;4.600616455078125
58063000;4.5797624588012695312;0.033532381057739257812;4.600616455078125
58075000;4.5803580284118652344;0.016811490058898925781;4.600616455078125
58087000;4.5810379981994628906;-0.0024373531341552734375;4.600616455078125
58099000;4.5809721946716308594;0.00071543455123901367188;4.600616455078125
58112000;4.5813527107238769531;-0.009541034698486328125;4.600616455078125
58124000;4.580417633056640625;-0.012885630130767822266;4.600616455078125
58137000;4.5822114944458007812;-0.032722353935241699219;4.600616455078125
58150000;4.5809149742126464844;0.0072858333587646484375;4.600616455078125
58162000;4.5820817947387695312;-0.016507208347320556641;4.600616455078125
58174000;4.5806074142456054688;9.7692012786865234375e-05;4.600616455078125
58186000;4.5796284675598144531;-0.0032648444175720214844;4.600616455078125
58198000;4.5820589065551757812;-0.032032668590545654297;4.600616455078125
58211000;4.5786952972412109375;-0.014230608940124511719;4.600616455078125
58223000;4.5826439857482910156;-0.037455499172210693359;4.600616455078125
58235000;4.5836172103881835938;-0.065506458282470703125;4.600616455078125
58247000;4.5841960906982421875;-0.081764459609985351562;4.600616455078125
58259000;4.5833201408386230469;-0.054353296756744384766;4.600616455078125
58271000;4.5844941139221191406;-0.088446199893951416016;4.600616455078125
58283000;4.5822978019714355469;-0.021449029445648193359;4.600616455078125
58295000;4.5804638862609863281;0.034765303134918212891;4.600616455078125
58307000;4.5807299613952636719;0.027992606163024902344;4.600616455078125
58320000;4.5800328254699707031;0.050111949443817138672;4.600616455078125
58332000;4.5789804458618164062;0.082925736904144287109;4.600616455078125
58344000;4.5790371894836425781;0.08245086669921875;4.600616455078125
58356000;4.5791902542114257812;0.079060673713684082031;4.600616455078125
58368000;4.5785923004150390625;0.098197042942047119141;4.600616455078125
58381000;4.5789723396301269531;0.045069217681884765625;4.600616455078125
58393000;4.57973480224609375;0.056481897830963134766;4.600616455078125
58405000;4.5800580978393554688;0.037751436233520507812;4.600616455078125
58417000;4.5808548927307128906;0.035529255867004394531;4.600616455078125
58429000;4.5817899703979492188;0.0086694955825805664062;4.600616455078125
58441000;4.5799188613891601562;0.066009104251861572266;4.600616455078125
58453000;4.5799617767333984375;0.065948426723480224609;4.600616455078125
58465000;4.5803842544555664062;0.054521024227142333984;4.600616455078125
58478000;4.5775618553161621094;0.10257261991500854492;4.600616455078125
58491000;4.5759253501892089844;0.14864873886108398438;4.600616455078125
58503000;4.5782809257507324219;0.10303705930709838867;4.600616455078125
58515000;4.5777382850646972656;0.13939362764358520508;4.600616455078125
58527000;4.5796413421630859375;0.083642363548278808594;4.600616455078125
58539000;4.5806894302368164062;0.053512394428253173828;4.600616455078125
58551000;4.5816245079040527344;0.026727616786956787109;4.600616455078125
58564000;4.5795130729675292969;0.15436071157455444336;4.600616455078125
58578000;4.5800509452819824219;0.076670408248901367188;4.600616455078125
58591000;4.5805349349975585938;0.063524484634399414062;4.600616455078125
58603000;4.5799822807312011719;0.081363976001739501953;4.600616455078125
58616000;4.5799031257629394531;0.12892746925354003906;4.600616455078125
58628000;4.5811429023742675781;0.055998682975769042969;4.600616455078125
58640000;4.5816140174865722656;0.14039915800094604492;4.600616455078125
58653000;4.5792469978332519531;0.14172613620758056641;4.600616455078125
58665000;4.5827136039733886719;0.0061357617378234863281;4.600616455078125
58679000;4.5825815200805664062;0.011233210563659667969;4.600616455078125
58691000;4.5827174186706542969;0.0083144903182983398438;4.600616455078125
58703000;4.5830659866333007812;-0.0010520219802856445312;4.600616455078125
58716000;4.5822224617004394531;0.025366365909576416016;4.600616455078125
58728000;4.5822424888610839844;0.080237805843353271484;4.600616455078125
58740000;4.5824866294860839844;0.048962652683258056641;4.600616455078125
58753000;4.5802679061889648438;0.087535560131072998047;4.600616455078125
58766000;4.5799460411071777344;0.025324046611785888672;4.600616455078125
58778000;4.5801177024841308594;0.10579645633697509766;4.600616455078125
58792000;4.5816721916198730469;0.11958092451095581055;4.600616455078125
58804000;4.5809240341186523438;0.15878808498382568359;4.600616455078125
58817000;4.5796613693237304688;0.14957189559936523438;4.600616455078125
58829000;4.5764455795288085938;0.21005880832672119141;4.600616455078125
58841000;4.5777950286865234375;0.17089730501174926758;4.600616455078125
58853000;4.5787482261657714844;0.14359545707702636719;4.600616455078125
58865000;4.5817675590515136719;0.054195940494537353516;4.600616455078125
58877000;4.5822691917419433594;0.04030895233154296875;4.600616455078125
58889000;4.5838880538940429688;-0.0071442723274230957031;4.600616455078125
58902000;4.5832309722900390625;0.04368495941162109375;4.600616455078125
58915000;4.5836191177368164062;0.053886950016021728516;4.600616455078125
58927000;4.5809292793273925781;0.085040390491485595703;4.600616455078125
58939000;4.5797419548034667969;0.12180310487747192383;4.600616455078125
58952000;4.5810074806213378906;-0.049051105976104736328;4.600616455078125
58965000;4.5863413810729980469;-0.0739288330078125;4.600616455078125
58978000;4.5869393348693847656;-0.090930342674255371094;4.600616455078125
58990000;4.5871133804321289062;-0.095271170139312744141;4.600616455078125
59003000;4.5826182365417480469;0.040643602609634399414;4.600616455078125
59016000;4.5839724540710449219;0.00096303224563598632812;4.600616455078125
59028000;4.5841321945190429688;0.0013888180255889892578;4.600616455078125
59040000;4.5805554389953613281;0.042363792657852172852;4.600616455078125
59052000;4.5800738334655761719;0.017073720693588256836;4.600616455078125
59065000;4.58275604248046875;0.041907638311386108398;4.600616455078125
59078000;4.5836224555969238281;0.073298931121826171875;4.600616455078125
59091000;4.5814833641052246094;0.08241513371467590332;4.600616455078125
59103000;4.5819783210754394531;0.068583607673645019531;4.600616455078125
59116000;4.5806422233581542969;0.10975876450538635254;4.600616455078125
59128000;4.5818529129028320312;0.074555069208145141602;4.600616455078125
59140000;4.5811061859130859375;0.02484035491943359375;4.600616455078125
59152000;4.5793070793151855469;0.15318250656127929688;4.600616455078125
59164000;4.5778450965881347656;0.15760532021522521973;4.600616455078125
59176000;4.5805487632751464844;0.11850833892822265625;4.600616455078125
59188000;4.5821747779846191406;0.12532973289489746094;4.600616455078125
59200000;4.5806775093078613281;0.15220701694488525391;4.600616455078125
59213000;4.5797171592712402344;0.14737173914909362793;4.600616455078125
59226000;4.5820937156677246094;0.077195107936859130859;4.600616455078125
59238000;4.5821375846862792969;0.076939851045608520508;4.600616455078125
59251000;4.5799884796142578125;0.041536718606948852539;4.600616455078125
59263000;4.5797038078308105469;0.085144221782684326172;4.600616455078125
59275000;4.5797395706176757812;0.045207351446151733398;4.600616455078125
59287000;4.5802016258239746094;0.074926137924194335938;4.600616455078125
59299000;4.5812368392944335938;0.085185915231704711914;4.600616455078125
59311000;4.5824875831604003906;0.084536224603652954102;4.600616455078125
59323000;4.5808124542236328125;0.12491387128829956055;4.600616455078125
59336000;4.5790495872497558594;0.17906597256660461426;4.600616455078125
59348000;4.5788402557373046875;0.1866512298583984375;4.600616455078125
59361000;4.577587127685546875;0.23627942800521850586;4.600616455078125
59373000;4.5736532211303710938;0.26903715729713439941;4.600616455078125
59385000;4.5749478340148925781;0.18948504328727722168;4.600616455078125
59398000;4.5786828994750976562;0.19721594452857971191;4.600616455078125
59411000;4.5777416229248046875;0.22699758410453796387;4.600616455078125
59424000;4.5809445381164550781;0.13222768902778625488;4.600616455078125
59436000;4.5829520225524902344;0.07525730133056640625;4.600616455078125
59448000;4.5803375244140625;0.08945032954216003418;4.600616455078125
59461000;4.582977294921875;0.074714243412017822266;4.600616455078125
59474000;4.582790374755859375;0.12121713161468505859;4.600616455078125
59486000;4.582073211669921875;0.13597565889358520508;4.600616455078125
59498000;4.5818991661071777344;0.15599659085273742676;4.600616455078125
59511000;4.5786633491516113281;0.20905601978302001953;4.600616455078125
59524000;4.579212188720703125;0.16242769360542297363;4.600616455078125
59536000;4.5794844627380371094;0.11809104681015014648;4.600616455078125
59549000;4.5815978050231933594;0.12487548589706420898;4.600616455078125
59561000;4.582427978515625;0.10117414593696594238;4.600616455078125
59574000;4.5837063789367675781;0.063974708318710327148;4.600616455078125
59586000;4.5856108665466308594;0.0078959763050079345703;4.600616455078125
59599000;4.5807929039001464844;0.15369144082069396973;4.600616455078125
59613000;4.5831017494201660156;0.08570435643196105957;4.600616455078125
59625000;4.5816249847412109375;0.1311124265193939209;4.600616455078125
59637000;4.5816798210144042969;0.13069900870323181152;4.600616455078125
59650000;4.5822973251342773438;0.14944368600845336914;4.600616455078125
59663000;4.5803585052490234375;0.17282912135124206543;4.600616455078125
59676000;4.5751910209655761719;0.26722228527069091797;4.600616455078125
59689000;4.5796198844909667969;0.1978442072868347168;4.600616455078125
59701000;4.580425262451171875;0.17492190003395080566;4.600616455078125
59714000;4.5813937187194824219;0.14710095524787902832;4.600616455078125
59726000;4.5816130638122558594;0.15253472328186035156;4.600616455078125
59739000;4.5813746452331542969;0.15022537112236022949;4.600616455078125
59751000;4.5796008110046386719;0.2046032249927520752;4.600616455078125
59763000;4.5799317359924316406;0.19588074088096618652;4.600616455078125
59775000;4.5807414054870605469;0.17277029156684875488;4.600616455078125
59787000;4.5800642967224121094;0.19424235820770263672;4.600616455078125
59799000;4.5766448974609375;0.29810765385627746582;4.600616455078125
59813000;4.5773992538452148438;0.27714234590530395508;4.600616455078125
59825000;4.5765204429626464844;0.27275967597961425781;4.600616455078125
59838000;4.5755343437194824219;0.33604732155799865723;4.600616455078125
59850000;4.5756673812866210938;0.3492304384708404541;4.600616455078125
59862000;4.5759081840515136719;0.32779073715209960938;4.600616455078125
59875000;4.5751414299011230469;0.32786551117897033691;4.600616455078125
59888000;4.5765523910522460938;0.31161317229270935059;4.600616455078125
59900000;4.5778050422668457031;0.27549532055854797363;4.600616455078125
59912000;4.5796909332275390625;0.22029227018356323242;4.600616455078125
59925000;4.5770163536071777344;0.30213636159896850586;4.600616455078125
59938000;4.5755352973937988281;0.34803766012191772461;4.600616455078125
59950000;4.5758652687072753906;0.33252751827239990234;4.600616455078125
59962000;4.5743517875671386719;0.33259972929954528809;4.600616455078125
59974000;4.5739283561706542969;0.34337851405143737793;4.600616455078125
59986000;4.5710611343383789062;0.40737035870552062988;4.600616455078125
59998000;4.573368072509765625;0.35379970073699951172;4.600616455078125
60010000;4.5737557411193847656;0.37051019072532653809;4.600616455078125
60023000;4.5743231773376464844;0.38787433505058288574;4.600616455078125
60035000;4.5752902030944824219;0.36809486150741577148;4.600616455078125
60047000;4.574153900146484375;0.40376561880111694336;4.600616455078125
60060000;4.5738053321838378906;0.41589024662971496582;4.600616455078125
60073000;4.5733118057250976562;0.49942976236343383789;4.600616455078125
60085000;4.5733904838562011719;0.4740956425666809082;4.600616455078125
60097000;4.5720686912536621094;0.43912154436111450195;4.600616455078125
60109000;4.5718164443969726562;0.42538115382194519043;4.600616455078125
60121000;4.5743060111999511719;0.40946713089942932129;4.600616455078125
60134000;4.5746893882751464844;0.3995628654956817627;4.600616455078125
60147000;4.5741186141967773438;0.43674951791763305664;4.600616455078125
60159000;4.5735564231872558594;0.5004546046257019043;4.600616455078125
60171000;4.5738883018493652344;0.48134714365005493164;4.600616455078125
60184000;4.5727925300598144531;0.46336421370506286621;4.600616455078125
60197000;4.5730090141296386719;0.40539982914924621582;4.600616455078125
60209000;4.571193695068359375;0.42178019881248474121;4.600616455078125
60221000;4.5730156898498535156;0.46184372901916503906;4.600616455078125
60233000;4.5731978416442871094;0.45809525251388549805;4.600616455078125
60245000;4.5707468986511230469;0.53338402509689331055;4.600616455078125
60257000;4.5703101158142089844;0.54832243919372558594;4.600616455078125
60269000;4.5693597793579101562;0.57873034477233886719;4.600616455078125
60282000;4.568599700927734375;0.66993725299835205078;4.600616455078125
60295000;4.5666699409484863281;0.69629460573196411133;4.600616455078125
60306000;4.5675730705261230469;0.66965734958648681641;4.600616455078125
60319000;4.5664591789245605469;0.6740589141845703125;4.600616455078125
60332000;4.5650663375854492188;0.71794480085372924805;4.600616455078125
60345000;4.5684208869934082031;0.62839788198471069336;4.600616455078125
60358000;4.5685019493103027344;0.61919033527374267578;4.600616455078125
60371000;4.565792083740234375;0.75502419471740722656;4.600616455078125
60383000;4.5651421546936035156;0.77144026756286621094;4.600616455078125
60396000;4.5662097930908203125;0.69452488422393798828;4.600616455078125
60408000;4.5640845298767089844;0.76038718223571777344;4.600616455078125
60420000;4.5660986900329589844;0.71383869647979736328;4.600616455078125
60433000;4.5661320686340332031;0.72138500213623046875;4.600616455078125
60445000;4.5664653778076171875;0.71083116531372070312;4.600616455078125
60458000;4.5665211677551269531;0.69609659910202026367;4.600616455078125
60471000;4.5638370513916015625;0.72151392698287963867;4.600616455078125
60484000;4.5653829574584960938;0.73479866981506347656;4.600616455078125
60496000;4.5653491020202636719;0.73793160915374755859;4.600616455078125
60508000;4.5667667388916015625;0.69754505157470703125;4.600616455078125
60520000;4.5663990974426269531;0.72570812702178955078;4.600616455078125
60533000;4.5687351226806640625;0.68627840280532836914;4.600616455078125
60545000;4.5671191215515136719;0.72234678268432617188;4.600616455078125
60557000;4.5669336318969726562;0.70530951023101806641;4.600616455078125
60569000;4.5669178962707519531;0.76070290803909301758;4.600616455078125
60582000;4.566253662109375;0.72558373212814331055;4.600616455078125
60595000;4.5652227401733398438;0.66250634193420410156;4.600616455078125
60607000;4.5670218467712402344;0.64012253284454345703;4.600616455078125
60619000;4.5681843757629394531;0.63540041446685791016;4.600616455078125
60631000;4.5664477348327636719;0.72807371616363525391;4.600616455078125
60643000;4.567089080810546875;0.71086180210113525391;4.600616455078125
60655000;4.5672540664672851562;0.7079219818115234375;4.600616455078125
60667000;4.5647416114807128906;0.78535854816436767578;4.600616455078125
60679000;4.5678191184997558594;0.69505870342254638672;4.600616455078125
60692000;4.5665831565856933594;0.72611409425735473633;4.600616455078125
60704000;4.5640115737915039062;0.74772620201110839844;4.600616455078125
60717000;4.5649333000183105469;0.69087469577789306641;4.600616455078125
60729000;4.5686440467834472656;0.67874884605407714844;4.600616455078125
60741000;4.5685296058654785156;0.68418020009994506836;4.600616455078125
60754000;4.5697984695434570312;0.70414906740188598633;4.600616455078125
60766000;4.5686058998107910156;0.75338339805603027344;4.600616455078125
60778000;4.5691857337951660156;0.74468863010406494141;4.600616455078125
60791000;4.567859649658203125;0.71243262290954589844;4.600616455078125
60803000;4.5692853927612304688;0.67150211334228515625;4.600616455078125
60816000;4.5693521499633789062;0.67127436399459838867;4.600616455078125
60828000;4.5716309547424316406;0.57588595151901245117;4.600616455078125
60841000;4.5706505775451660156;0.63618898391723632812;4.600616455078125
60853000;4.5714769363403320312;0.61324530839920043945;4.600616455078125
60865000;4.5719847679138183594;0.59978127479553222656;4.600616455078125
60877000;4.5687680244445800781;0.69813340902328491211;4.600616455078125
60889000;4.5702605247497558594;0.65528190135955810547;4.600616455078125
60901000;4.5691728591918945312;0.68974190950393676758;4.600616455078125
60915000;4.5675048828125;0.72058445215225219727;4.600616455078125
60928000;4.570529937744140625;0.65309113264083862305;4.600616455078125
60941000;4.5697140693664550781;0.67973053455352783203;4.600616455078125
60954000;4.5697236061096191406;0.73363637924194335938;4.600616455078125
60968000;4.5658841133117675781;0.72560667991638183594;4.600616455078125
60981000;4.5708575248718261719;0.65173739194869995117;4.600616455078125
60993000;4.5695605278015136719;0.69252657890319824219;4.600616455078125
61005000;4.5721316337585449219;0.61729478836059570312;4.600616455078125
61018000;4.5706834793090820312;0.66248774528503417969;4.600616455078125
61030000;4.5696582794189453125;0.73439645767211914062;4.600616455078125
61043000;4.56905364990234375;0.7153453826904296875;4.600616455078125
61056000;4.5690698623657226562;0.71674501895904541016;4.600616455078125
61068000;4.5694708824157714844;0.70663022994995117188;4.600616455078125
61081000;4.570827484130859375;0.66814494132995605469;4.600616455078125
61093000;4.5693383216857910156;0.67986130714416503906;4.600616455078125
61105000;4.5721530914306640625;0.6527627110481262207;4.600616455078125
61117000;4.5716309547424316406;0.64943146705627441406;4.600616455078125
61130000;4.5714163780212402344;0.65760624408721923828;4.600616455078125
61142000;4.5721058845520019531;0.63859379291534423828;4.600616455078125
61155000;4.5713825225830078125;0.63311946392059326172;4.600616455078125
61167000;4.5691781044006347656;0.69229024648666381836;4.600616455078125
61180000;4.5719618797302246094;0.64852619171142578125;4.600616455078125
61192000;4.5715088844299316406;0.66392564773559570312;4.600616455078125
61204000;4.5727128982543945312;0.62962687015533447266;4.600616455078125
61216000;4.5736918449401855469;0.6020030975341796875;4.600616455078125
61229000;4.5727133750915527344;0.63329637050628662109;4.600616455078125
61242000;4.57321929931640625;0.61968111991882324219;4.600616455078125
61254000;4.5736680030822753906;0.60778558254241943359;4.600616455078125
61266000;4.5734114646911621094;0.61704784631729125977;4.600616455078125
61279000;4.5745058059692382812;0.54910689592361450195;4.600616455078125
61291000;4.5744576454162597656;0.56302732229232788086;4.600616455078125
61304000;4.5757784843444824219;0.55094105005264282227;4.600616455078125
61316000;4.576961517333984375;0.5881938934326171875;4.600616455078125
61328000;4.5736670494079589844;0.5766016840934753418;4.600616455078125
61340000;4.5753798484802246094;0.56739938259124755859;4.600616455078125
61353000;4.5748081207275390625;0.54863137006759643555;4.600616455078125
61366000;4.5796632766723632812;0.44198402762413024902;4.600616455078125
61378000;4.57994842529296875;0.43468943238258361816;4.600616455078125
61391000;4.5805454254150390625;0.39479097723960876465;4.600616455078125
61403000;4.5823345184326171875;0.45139834284782409668;4.600616455078125
61415000;4.5810456275939941406;0.4056313633918762207;4.600616455078125
61427000;4.5824036598205566406;0.36594852805137634277;4.600616455078125
61440000;4.5821943283081054688;0.3732738196849822998;4.600616455078125
61452000;4.5822548866271972656;0.37246739864349365234;4.600616455078125
61464000;4.5825986862182617188;0.36315307021141052246;4.600616455078125
61477000;4.5826315879821777344;0.29179245233535766602;4.600616455078125
61490000;4.5849986076354980469;0.34351107478141784668;4.600616455078125
61504000;4.5831689834594726562;0.34940475225448608398;4.600616455078125
61516000;4.5828881263732910156;0.3588473200798034668;4.600616455078125
61528000;4.5818047523498535156;0.31268829107284545898;4.600616455078125
61542000;4.5856814384460449219;0.27721285820007324219;4.600616455078125
61554000;4.5837731361389160156;0.33548897504806518555;4.600616455078125
61567000;4.5838704109191894531;0.36375296115875244141;4.600616455078125
61581000;4.5832157135009765625;0.33340722322463989258;4.600616455078125
61593000;4.5846242904663085938;0.31998965144157409668;4.600616455078125
61605000;4.5876412391662597656;0.22368505597114562988;4.600616455078125
61618000;4.589282989501953125;0.23607552051544189453;4.600616455078125
61631000;4.5914964675903320312;0.1516268998384475708;4.600616455078125
61644000;4.5886139869689941406;0.19676743447780609131;4.600616455078125
61657000;4.5902848243713378906;0.12883234024047851562;4.600616455078125
61669000;4.589832305908203125;0.13771821558475494385;4.600616455078125
61682000;4.589534759521484375;0.17115533351898193359;4.600616455078125
61694000;4.5888218879699707031;0.19326443970203399658;4.600616455078125
61706000;4.5898938179016113281;0.16186977922916412354;4.600616455078125
61718000;4.590198516845703125;0.15349455177783966064;4.600616455078125
61730000;4.5906491279602050781;0.1968078315258026123;4.600616455078125
61743000;4.5874781608581542969;0.23659217357635498047;4.600616455078125
61757000;4.58910369873046875;0.14717763662338256836;4.600616455078125
61770000;4.59041595458984375;0.14989267289638519287;4.600616455078125
61783000;4.5914006233215332031;0.14720429480075836182;4.600616455078125
61796000;4.5903911590576171875;0.15201188623905181885;4.600616455078125
61808000;4.5890016555786132812;0.1942793428897857666;4.600616455078125
61820000;4.5882959365844726562;0.21611391007900238037;4.600616455078125
61833000;4.5879497528076171875;0.1232951730489730835;4.600616455078125
61846000;4.5929651260375976562;0.077308222651481628418;4.600616455078125
61859000;4.591350555419921875;0.17710934579372406006;4.600616455078125
61871000;4.5911197662353515625;0.20111607015132904053;4.600616455078125
61883000;4.5906701087951660156;0.20808911323547363281;4.600616455078125
61896000;4.5862178802490234375;0.17271958291530609131;4.600616455078125
61909000;4.5856084823608398438;0.2584609687328338623;4.600616455078125
61921000;4.5904870033264160156;0.15595766901969909668;4.600616455078125
61934000;4.5895900726318359375;0.18356089293956756592;4.600616455078125
61947000;4.59100341796875;0.27237838506698608398;4.600616455078125
61959000;4.5914888381958007812;0.20378342270851135254;4.600616455078125
61971000;4.5902523994445800781;0.22854311764240264893;4.600616455078125
61983000;4.5896244049072265625;0.23476217687129974365;4.600616455078125
61995000;4.5895066261291503906;0.26937764883041381836;4.600616455078125
62007000;4.5904531478881835938;0.20335799455642700195;4.600616455078125
62019000;4.5863981246948242188;0.28416094183921813965;4.600616455078125
